Pixel,MeanSmoothedNormalizedIntensity,StdSmoothedNormalizedIntensity,CVSmoothedNormalizedIntensity
21,0.7183665789033533,0.00390786440007683,0.005439930691155638
22,0.7183139431878285,0.0038394507455881462,0.005345087314536767
23,0.7182615499457331,0.0037723681392499435,0.005252081417326262
24,0.7182215675518242,0.0037133327314770913,0.005170177142040713
25,0.7181810489192232,0.0036549097727977347,0.005089120324600514
26,0.7181400260922323,0.003597156101048341,0.005008989849267015
27,0.7181106784626116,0.003546469942236565,0.004938611900089175
28,0.7180800699604853,0.003495919394111721,0.004868425598142691
29,0.7180482401010393,0.0034397960714466517,0.004790480471009336
30,0.7180152357313005,0.0033846974447919193,0.004713963264783087
31,0.7179892162583583,0.003322793502814679,0.0046279156115055335
32,0.7179725963036734,0.0032685885758073708,0.004552525531803013
33,0.7179597051468709,0.003217658302306271,0.004481669763971008
34,0.7179400728788966,0.003169817813767958,0.004415156547895674
35,0.7179180996935257,0.0031235367049817033,0.004350825959555999
36,0.7178766520940703,0.003080483090588527,0.004291103606173365
37,0.7178341499380927,0.003038817820705543,0.004233314646520532
38,0.7177865834718004,0.0030044511546797356,0.004185716512208634
39,0.7177342882745595,0.0029727061016644888,0.004141791955921326
40,0.7176816219437401,0.0029415520868998467,0.004098686655697083
41,0.7176367111824729,0.0029170633821110382,0.004064819060474903
42,0.7175909614481526,0.0028925379143600067,0.004030900707727209
43,0.71753641568237,0.002853732017779133,0.0039771250007782
44,0.7174857065608927,0.00281394648176504,0.003921954759563174
45,0.7174426787293231,0.002768634859755367,0.0038590328423992715
46,0.7174078114895465,0.0027152812735058637,0.0037848504435268877
47,0.7173754952153327,0.0026607735744967054,0.0037090388398310537
48,0.7173414543048453,0.002608617254216701,0.003636507047741492
49,0.7173057511067467,0.0025588261028793627,0.0035672739259810676
50,0.7172765310714996,0.0025083755315714685,0.0034970829560314006
51,0.717237144188638,0.0024636190456806717,0.0034348737591770955
52,0.717188173046099,0.00242993044094489,0.0033881351258544805
53,0.717138344743504,0.0023980299242858075,0.003343887468663388
54,0.7170877142684153,0.0023678907604445703,0.0033020936118816806
55,0.7170322802069549,0.0023436196893932685,0.0032684995558593774
56,0.7169764280293035,0.0023205506973837673,0.0032365787865049926
57,0.7169202090440813,0.0022986621796262166,0.0032063012740165047
58,0.7168596146123489,0.0022829035324272587,0.0031845894034102733
59,0.7167990303110673,0.0022681558364328613,0.0031642841863898114
60,0.7167274093530509,0.0022525387538445854,0.003142810954973557
61,0.7166505590742254,0.002240412407442213,0.003126227111768942
62,0.7165750124688901,0.0022291097037812676,0.003110783469969299
63,0.7164967578833474,0.002216724283306598,0.003093837144295218
64,0.7164201442867674,0.0022053472680773935,0.0030782876300511183
65,0.7163532853088282,0.0021954785319609356,0.003064798580513858
66,0.7162835213753362,0.0021889564552062557,0.003055991642810991
67,0.7162192750820748,0.00217989634751127,0.0030436158636773154
68,0.7161481478778187,0.0021725286539815178,0.003033630206849562
69,0.7160828665797789,0.0021667449656576614,0.003025829923855976
70,0.7160231841812974,0.002160103112456297,0.0030168061037383364
71,0.7159688744879333,0.0021512080159460626,0.003004611083805317
72,0.715919686415273,0.002143703574793103,0.002994335280158278
73,0.7158763943562211,0.0021353761145216405,0.0029828838209450363
74,0.7158336480695686,0.0021272818763480627,0.002971754515989617
75,0.7157994988782638,0.0021348301937407148,0.0029824415874644054
76,0.7157654499219791,0.002141438487650828,0.0029918159473669094
77,0.7157396391879075,0.0021461433963978205,0.0029984973290467436
78,0.7157216121992327,0.002138182230997649,0.002987449581727108
79,0.7157027626356124,0.00213031317103419,0.0029765333910256285
80,0.7156831600777018,0.002122480454199143,0.0029656705265619287
81,0.7156628741061561,0.002114636725772783,0.0029547945021095416
82,0.7156338911998299,0.002106936639450502,0.002944154357918988
83,0.7156049031044678,0.0021061852836880743,0.002943223662318315
84,0.7155759867334606,0.0020975021404783904,0.002931208116769398
85,0.715547196758641,0.002088722279724051,0.0029190559185833715
86,0.715517599892532,0.002077896703318539,0.0029040469495518082
87,0.7154883211880538,0.0020672437566038493,0.0028892767294527366
88,0.7154513169474357,0.002065824092157334,0.0028874418751109942
89,0.7154234062447926,0.002054822893227165,0.0028721773362333594
90,0.7153959903933593,0.002044095640396497,0.0028572925594292945
91,0.7153741826785701,0.0020327982045173143,0.0028415873171518764
92,0.7153526511614039,0.0020218275353663805,0.002826336817349963
93,0.7153355181719518,0.0020086769915694256,0.002808020768635427
94,0.7153185191562454,0.0019960627158479892,0.002790453011341642
95,0.7153017237218775,0.0019841017936889594,0.0027737970256316827
96,0.7152872222518908,0.0019724661481698657,0.00275758616512131
97,0.7152729270395459,0.001961773345751433,0.002742692015299736
98,0.7152589095251719,0.0019522134831864314,0.0027293801687593346
99,0.7152762249044226,0.0019227781089541844,0.0026881616388285687
100,0.7152992259217064,0.0018898519222472962,0.00264204385208457
101,0.7153065035955338,0.0018625391894702516,0.0026038337133915033
102,0.7153218532029728,0.0018194070857042914,0.0025434803614031824
103,0.7153384809304997,0.0018011737610968601,0.0025179321525579403
104,0.7153463579769924,0.0017895533526716284,0.0025016599759206232
105,0.7153450373830248,0.001782299273687787,0.002491523922788426
106,0.7153426879638681,0.0017769674555802631,0.0024840785898548497
107,0.7153307351330779,0.0017774486862325832,0.002484792836284201
108,0.7153173473678329,0.0017798412599439111,0.002488184113657005
109,0.7152992990988368,0.0017829994554278339,0.0024926621033658624
110,0.7152993703182957,0.0017861407595852418,0.0024970534488104475
111,0.715297661341497,0.0017911600736537385,0.0025040765131183673
112,0.7152856310308768,0.001798460949473532,0.0025143255665314736
113,0.7152757823517475,0.0018026329307017034,0.002520192875501595
114,0.715255742544502,0.0018149227688869932,0.0025374459244891304
115,0.7152340695748335,0.001810631006722861,0.002531522313805856
116,0.7152118335675708,0.0018065269619880044,0.002525862796448445
117,0.715188099306064,0.001803164998019998,0.002521245808997075
118,0.7151599439228428,0.0018074365386654655,0.002527317915417906
119,0.715132894012675,0.00181979480694025,0.002544694590580525
120,0.7151050484375424,0.0018333640933794718,0.00256376891393125
121,0.7150764813794526,0.0018481717391316559,0.002584579114623308
122,0.7150386107757777,0.0018715503546039615,0.002617411600435719
123,0.714993191150064,0.001883152794406418,0.002633805213413814
124,0.7149489672723562,0.0018984485946429619,0.002655362384655012
125,0.7148857285780903,0.0019122217173977172,0.002674863465523548
126,0.714823118639431,0.0019270209066899334,0.0026958010400639485
127,0.7147458128699629,0.0019406261340796569,0.0027151276707552035
128,0.7146709296168597,0.0019591633372297024,0.0027413502579152395
129,0.7145950965387269,0.0019739320294742757,0.002762308388394182
130,0.7145168297342209,0.0019936959850514794,0.0027902715542656637
131,0.7144326906514187,0.0020183410749030762,0.0028250961935444973
132,0.7143414032883768,0.002043418309733,0.002860562610995796
133,0.7142505249868136,0.0020650147322811966,0.0028911630583951207
134,0.7141410158891228,0.0021025474068762013,0.002944162791516013
135,0.7140317310324347,0.002121335904771796,0.0029709266585457037
136,0.7139288789438181,0.0021523552122168317,0.003014803400866782
137,0.7138249075436256,0.0021857764898399437,0.0030620625124465266
138,0.7137113985722514,0.0022023362492026117,0.0030857518229473278
139,0.7136042430064513,0.002236741444847169,0.003134428454942564
140,0.713496162259178,0.0022724731085969137,0.003184982945670612
141,0.7133825263423921,0.002295211127767076,0.0032173638167659244
142,0.7132697600887412,0.00231889789394801,0.0032510811809258605
143,0.7131662515133642,0.0023408033014215776,0.003282268750735624
144,0.7130676975259129,0.0023618424255078788,0.0033122274837334774
145,0.7129714717416342,0.0023976152511614823,0.0033628487901551374
146,0.7128735396126757,0.002416512816074136,0.0033898197671737053
147,0.7127765596362593,0.002437048747095769,0.003419092160296955
148,0.7126765237220661,0.002459377033639703,0.0034509022702126015
149,0.7125941561783613,0.0024966520785732415,0.0035036100940860552
150,0.7125222071203816,0.002527144466513989,0.0035467588817018085
151,0.712452945501781,0.00253557333733227,0.0035589344578349164
152,0.7123837806221622,0.00254343490341417,0.003570315569499427
153,0.7123063750591376,0.0025542079967756956,0.003585827792940416
154,0.7122345463929622,0.0025618395113879825,0.0035969043124377386
155,0.7121632808856851,0.002568627666827303,0.0036067959915496027
156,0.7120926188870289,0.0025745296258995773,0.0036154420894341805
157,0.7120290145560066,0.002593769683856823,0.003642786502842438
158,0.7119584278123731,0.0026190986064917685,0.0036787240717684098
159,0.711884481768751,0.0026474702905558097,0.0037189605313180793
160,0.7118255835161871,0.002668557504078729,0.003748892377395207
161,0.7117731536304586,0.0026879740509033836,0.0037764476465474246
162,0.7117423135516414,0.002701623555815044,0.0037957888752373917
163,0.7117072619057738,0.0027191655308230443,0.0038206235574185375
164,0.71167429869396,0.0027306826538694468,0.0038369836579467613
165,0.711645197386646,0.0027406667433805027,0.003851170152549295
166,0.7116243462407752,0.00274672714770195,0.003859799291876119
167,0.7116037063380343,0.0027546926925989543,0.0038711050379076975
168,0.7115913990216517,0.0027562769673371997,0.003873398373176984
169,0.7115669638603892,0.0027645635823482107,0.00388517697245234
170,0.7115502339736859,0.0027694653025313,0.003892157110349174
171,0.7115326007975153,0.002777026569163633,0.00390288029817752
172,0.711525969847316,0.0027775876342203405,0.0039037052081407147
173,0.7115227355641266,0.0027755873503081062,0.003900911680787682
174,0.7115299696060886,0.002766033840357711,0.003887445305907522
175,0.7115261158471443,0.0027602150168173057,0.003879288413090767
176,0.711523370211147,0.002754847976354197,0.003871760354880103
177,0.7115217812744916,0.002749903041011759,0.0038648191993308754
178,0.7115205495822402,0.002746740909724737,0.0038603817013260536
179,0.7115209438239521,0.0027415763548625342,0.003853121090334156
180,0.7115167843815058,0.0027405208786253398,0.0038516601980198815
181,0.711514474237204,0.002740092188710554,0.003851070200150369
182,0.7115032295454757,0.0027463421000407406,0.003859915157089541
183,0.71147941583528,0.0027448587231451035,0.0038579594322101745
184,0.7114496628228091,0.0027396122359912606,0.003850746411378338
185,0.7114171772942306,0.002729924239830449,0.003837304365089004
186,0.7113772507945016,0.002724871454175943,0.0038304169146998594
187,0.7113557501286165,0.002710799609582169,0.003810750962640062
188,0.7113303941289828,0.0026983198108669194,0.003793342493358499
189,0.7113139452789339,0.0026775444208240367,0.003764223151528496
190,0.7113064290387638,0.0026494637578232034,0.003724785338160941
191,0.7112975174440225,0.002616448627135765,0.0036784166441880964
192,0.7112807541078575,0.002583865628379106,0.003632694422640448
193,0.7112561828509225,0.0025559946094356975,0.003593634292485901
194,0.7112430251229421,0.0025502653691644077,0.0035856455235164955
195,0.7112349453639346,0.0025423744064744843,0.0035745915228807645
196,0.7112227775138324,0.0025376284234289947,0.0035679796874610653
197,0.711200616525549,0.0025428216195976182,0.0035753928786228357
198,0.7111732622335508,0.0025519396812832907,0.0035883515548215707
199,0.7111448038942586,0.0025628234911796058,0.0036037997847210264
200,0.711107158013653,0.0025832358086237055,0.003632695550188947
201,0.7110603782775576,0.0026096881836262555,0.003670135846899321
202,0.7110211989960781,0.0026331838237962893,0.0037033830039303987
203,0.7109902311304502,0.002651460552748148,0.0037292503281408187
204,0.7109674623421588,0.0026735393935184907,0.0037604244007327418
205,0.7109321705572957,0.00269770509908295,0.0037946026510071056
206,0.7109016773415802,0.002717902621683277,0.003823176549318163
207,0.7108678956580896,0.0027403647705162484,0.0038549564374114006
208,0.7108392490348012,0.002760810320673073,0.0038838743420847735
209,0.7108157667837924,0.002779268808328827,0.003909970681860511
210,0.7107934219517389,0.002797799929907067,0.003936164634479454
211,0.7107800416835551,0.002818298539096382,0.003965078327777682
212,0.7107754098382655,0.0028319310190719703,0.003984283895972662
213,0.7107734869814298,0.002845266337082981,0.004003056373369366
214,0.7107786385956776,0.002857968725000988,0.004020898448281487
215,0.7107868695407698,0.00287038418132644,0.004038319085974335
216,0.710789589491938,0.002884334736683174,0.004057930475240717
217,0.7108133746636531,0.00289602648650612,0.004074243099148885
218,0.7108398773947685,0.0029070239082363944,0.0040895622216506064
219,0.7108723967527337,0.0029171093899342856,0.004103562613008532
220,0.7109069649009354,0.0029218408756655125,0.004110018638054376
221,0.7109390353872607,0.0029275095982253994,0.004117806805517064
222,0.7109673633142244,0.0029375417389867877,0.004131753285120192
223,0.7109928186828759,0.002947537334599091,0.0041456640027102455
224,0.7110181576479949,0.002956797186285623,0.004158539630079954
225,0.7110441436729671,0.002966111870066011,0.004171487658620285
226,0.7110703525883435,0.0029563015260328468,0.004157537317189096
227,0.7110931603745763,0.0029493097658760217,0.004147571556337906
228,0.7111194081081429,0.0029355271795602684,0.004128036931757951
229,0.711127423524647,0.0029311581238360813,0.004121846559239731
230,0.7111583328789667,0.0029206240997536686,0.004106854922068016
231,0.7111821793051509,0.0029149210996815378,0.0040986981739749365
232,0.7112033510836695,0.0029095924812858128,0.004091083762263536
233,0.7112365416940714,0.0029125373783254432,0.004095033378611516
234,0.7112744014112709,0.0029137839801636075,0.004096568039538947
235,0.7113053881655281,0.00291003347175243,0.0040911168679003945
236,0.7113268265665569,0.0029091341930562796,0.004089729340165804
237,0.7113564742000364,0.002907838091350816,0.004087736875693522
238,0.7113837129364535,0.002904964075492112,0.004083540321018857
239,0.7114152742441023,0.002892894784990482,0.004066393975114268
240,0.711436608876216,0.0028826468752957165,0.00405186750208025
241,0.7114478093196825,0.0028757973070683697,0.004042176066039661
242,0.7114421147883426,0.0028604715905844592,0.004020666658784268
243,0.7114353784855758,0.0028447057814996054,0.003998544165114613
244,0.7114233157547863,0.0028328157459770625,0.003981898938709339
245,0.7114160315958027,0.0028332595803056567,0.0039825635837166485
246,0.7114071634695556,0.00283254178678639,0.003981604251736787
247,0.7113946034991969,0.0028320825054277644,0.003981028941599163
248,0.7113804218976612,0.0028306131595938135,0.003979042819372142
249,0.7113646681024324,0.0028281449693389957,0.0039756612833795665
250,0.7113409141097886,0.0028292256654483404,0.003977313281619672
251,0.7113160023590788,0.002830372514506217,0.003979064867259122
252,0.7113069693366516,0.002818043277382141,0.003961782182466429
253,0.7112772191730914,0.0028444524507744784,0.003999077116628801
254,0.711234662866544,0.0028388473155654555,0.003991435546917567
255,0.7111894185805768,0.002835023018981073,0.003986312148230969
256,0.7111465752222139,0.0028339754564017197,0.003985079244059046
257,0.7110967283307724,0.002833016993443678,0.003984010726773977
258,0.7110442342323122,0.0028339426561224336,0.00398560668898769
259,0.7109962013766279,0.0028309465496945616,0.00398166198949206
260,0.7109440347516911,0.0028295866589020165,0.0039800413542963285
261,0.7108769048924926,0.0028236999128435246,0.003972136235415552
262,0.7108139668184095,0.0028347549191872594,0.003988040544385433
263,0.7107507508906309,0.0028483699064025506,0.0040075510336546275
264,0.7106829748042603,0.0028602397497213073,0.004024635246832933
265,0.7106039057130575,0.002873085869599101,0.004043160819269765
266,0.7105254406458172,0.0028879571737346187,0.004064537324813691
267,0.7104432983509447,0.0029024503982475387,0.004085407526518445
268,0.710357518167186,0.002916579277556262,0.00410579067999648
269,0.7102805934899674,0.0029214422719556488,0.0041130819266807315
270,0.7101998423988557,0.0029263088792087734,0.004120402039691425
271,0.7101223879899311,0.00292451882031948,0.0041183306846550895
272,0.7100366700974764,0.002924836619599341,0.0041192754441792545
273,0.7099440670198993,0.0029300868824196306,0.004127208069671075
274,0.7098357845593996,0.0029216158960881458,0.00411590393107839
275,0.7097323652859115,0.0029236575592211994,0.004119380349863882
276,0.7096355000536132,0.00291827617416773,0.004112359336514666
277,0.7095257992742967,0.0029089278065019394,0.00409981963936645
278,0.7094301109940443,0.0029036410307882996,0.004092920480524509
279,0.70933223914548,0.0028936939775049382,0.004079462088161847
280,0.709235023893791,0.0028907887472932074,0.004075924975366286
281,0.7091361057446133,0.0028829210949648867,0.004065398830507631
282,0.7090324001929467,0.0028766754302076733,0.0040571847343292815
283,0.708934489936974,0.0028698484354844137,0.004048115130834655
284,0.7088504964649249,0.002870782357992998,0.004049912319042933
285,0.708765676781453,0.002871175105591761,0.004050951110711142
286,0.7086734639344079,0.0028834550964875866,0.004068806358967137
287,0.7085842042354471,0.002893740154029658,0.004083833843222578
288,0.7084960441056646,0.0028990416370332926,0.004091824733746759
289,0.7084070536492056,0.0029063523215328486,0.004102658643164835
290,0.7083237913257947,0.0029064664810387257,0.004103302072627816
291,0.7082456520351057,0.002900072834229696,0.004094727339160492
292,0.7081740764385381,0.0029044236977965685,0.004101284972761412
293,0.7081031459986592,0.002908375332771728,0.004107276389331612
294,0.7080245543874003,0.002920803823129895,0.004125286058273846
295,0.7079464912846904,0.002933331577567069,0.004143436846821622
296,0.7078623382092293,0.002931355627162124,0.004141137999484409
297,0.7077845867184258,0.002940917043437221,0.004155101846838027
298,0.707711645075308,0.0029460566573139353,0.004162792399721561
299,0.7076385270434846,0.0029521811982350316,0.004171877428111852
300,0.7075578400871758,0.0029419680719111573,0.004157918837488519
301,0.7074642587161855,0.0029203409697645595,0.004127898948653627
302,0.707358750615729,0.0029087642406575506,0.0041121485217021515
303,0.7072537863617048,0.0028977565239243753,0.004097194783263275
304,0.7071537534282105,0.002885198681640687,0.004080016075222019
305,0.7070546450734438,0.0028730335005092227,0.004063382541261422
306,0.7069524581017215,0.0028655894434817517,0.004053440101440923
307,0.7068566429905845,0.0028529296516869532,0.004036079564332474
308,0.7067618401270632,0.002840727560270731,0.004019356166371431
309,0.7066676297324431,0.002823436315649788,0.003995423303482559
310,0.7065892141897598,0.002798842806486266,0.0039610607553579435
311,0.706504851825642,0.0027757334278569346,0.003928824297079217
312,0.7064356898073098,0.002741793574849416,0.0038811651427142347
313,0.7063563706244811,0.0027180964750462364,0.003848052609256147
314,0.7062839840064343,0.0026903195038114115,0.00380911866151973
315,0.7062104898923638,0.0026643160509090815,0.003772693961704194
316,0.7061400059853251,0.0026381684127240405,0.0037360415645093284
317,0.706076633740764,0.0026141140674901223,0.0037023092715030904
318,0.7060284556382432,0.0026029387148377658,0.003686733436947287
319,0.7059622287074181,0.0025783085427165055,0.0036521904967030047
320,0.705915346563406,0.00256848848970211,0.003638521959051085
321,0.7058709640010943,0.002557752164883555,0.003623540696992871
322,0.7058248117518324,0.0025490172652174064,0.0036114021819250515
323,0.7057764222547329,0.0025448634318676645,0.0036057643066874194
324,0.7057305887689502,0.0025344361284959736,0.0035912232923288024
325,0.705681617457202,0.0025252785679078424,0.0035784956068534613
326,0.7056353328781906,0.0025149693534876707,0.003564120497239633
327,0.7055906467372602,0.0025041690426222583,0.0035490394525520574
328,0.7055455304542066,0.0024939556715475437,0.0035347905470282243
329,0.7054891726839532,0.0024784465908827694,0.00351308948010329
330,0.7054305014652119,0.0024690900943038943,0.0035001181394559485
331,0.7053809897721297,0.0024549916225381037,0.0034803767866372157
332,0.7053290762918629,0.0024412285550220927,0.0034611199751701715
333,0.7052768378382319,0.0024285526828317174,0.0034434034304537168
334,0.7052202729736429,0.0024216136557210616,0.0034338401043266203
335,0.7051615894892325,0.0024191697293454166,0.003430660100329183
336,0.705102199759399,0.0024251576027623793,0.0034394412662305013
337,0.7050500652541152,0.0024299611870390934,0.003446508704546085
338,0.704996113600064,0.0024279333412896694,0.003443896064747681
339,0.7049478669761682,0.002422847709653351,0.0034369175695871126
340,0.7048989871716584,0.002426914121149807,0.003442924681857714
341,0.7048511680014433,0.0024314849542283728,0.0034496430801451037
342,0.7048063227518527,0.002441314540478854,0.003463809080127093
343,0.7047625054235163,0.0024522552884491448,0.003479548457214675
344,0.7047284075294611,0.0024632447876373276,0.0034953107627272027
345,0.7046989370763199,0.002466633112149331,0.003500265123689538
346,0.7046691824151976,0.0024717159382010435,0.0035076259894457618
347,0.704631335855004,0.002485504068182498,0.0035273822518360927
348,0.7045938520493895,0.0025010383479640895,0.003549617046316174
349,0.704556787753946,0.002518243566346585,0.0035742236965376267
350,0.7045201997242656,0.0025370483013611627,0.0036011008660278444
351,0.7044847299372604,0.0025468729516847,0.003615228043213255
352,0.7044570411385326,0.0025543333460612628,0.003625960416170997
353,0.704424694202616,0.0025509011057066587,0.003621254516913535
354,0.7044001625657114,0.0025616311425356053,0.0036366135027639753
355,0.7043573379922933,0.0025735676915374078,0.0036537813304722984
356,0.7043311939341127,0.002588266009897463,0.0036747854307579977
357,0.7043075190537896,0.002603045310632102,0.0036958931151682074
358,0.7042846481290388,0.002613592021507188,0.0037109882040596838
359,0.7042627159570172,0.0026326718100427465,0.0037381956340898
360,0.704243698565594,0.002651705056157986,0.0037653230856860885
361,0.7042276499715088,0.0026706904647973966,0.0037923680856686696
362,0.7042189621419992,0.002684586877560546,0.003812147956645371
363,0.7042136328284035,0.00269794285894911,0.0038311426152218787
364,0.7042187924436947,0.0027124856593344327,0.0038517655144105056
365,0.7042269480866084,0.002726434003990827,0.0038715275116900532
366,0.7042381638706207,0.00273974865417342,0.0038903723125643525
367,0.7042525039092072,0.002752396791868945,0.003908252759615017
368,0.7042549501834321,0.002758608586262496,0.003917059561376149
369,0.7042542552707898,0.002767336096653814,0.003929455982612072
370,0.7042598673748647,0.0027715431856991084,0.003935398443233833
371,0.7042634463271945,0.0027779925756957254,0.003944536082602667
372,0.7042731516462564,0.0027800834107436197,0.00394745050871967
373,0.7042857797126135,0.0027810872791194595,0.003948805100472556
374,0.7042963145112324,0.002784527645116428,0.003953630862102174
375,0.7043027791101772,0.0027917299519110038,0.003963820724146654
376,0.704318555533448,0.0027844850721054125,0.003953445568385536
377,0.7043193399029142,0.0027829756778761975,0.003951298111819296
378,0.7043302190608237,0.0027790832176443634,0.003945710609080611
379,0.7043297802991094,0.0027895426733563727,0.00396056329205863
380,0.7043429659555078,0.0027842803770238944,0.003953017935299112
381,0.7043314011611328,0.00279207649767393,0.0039641516664897
382,0.7043237339775492,0.002796816477588046,0.003970924651074155
383,0.7043159308873468,0.0028021250982975146,0.003978505916751308
384,0.7043016009652655,0.0027956424151300494,0.003969382451067187
385,0.7042751474612038,0.002791218038030333,0.003963249375037889
386,0.7042583896961823,0.002781038766343606,0.003948889792485609
387,0.7042422796898284,0.0027773942589616944,0.003943805049854364
388,0.7042185850750106,0.0027669577044160086,0.003929117695922898
389,0.7041942313713798,0.00275537434978157,0.003912804489204107
390,0.7041713675438893,0.0027467639191728734,0.0039007037857182883
391,0.7041530723008373,0.0027340497934874265,0.0038827492217762428
392,0.7041466423354092,0.0027201483240740947,0.003863042384257219
393,0.7041504405924864,0.0027127936448346165,0.0038525767910505275
394,0.7041544419269545,0.002705631314708176,0.0038423833659333
395,0.7041626312086697,0.0027174952641203713,0.003859186988460164
396,0.7041644181989806,0.0027158709144974452,0.003856870418763481
397,0.704173928780751,0.00271140172723558,0.0038504716184682717
398,0.7041947411153033,0.0026911690682351764,0.0038216261938748704
399,0.7042219844796329,0.002670983786233997,0.0037928151138417717
400,0.7042511413584197,0.0026446751678917617,0.0037553012165383024
401,0.7042779573015818,0.002611492292538678,0.0037080420670050876
402,0.7043030630215321,0.0025952307893389323,0.0036848211027297353
403,0.7043191782380129,0.002566840681756653,0.003644428209633718
404,0.7043379005557144,0.00253888619702548,0.0036046423102069733
405,0.704360085300906,0.002528705080454092,0.0035900743571717544
406,0.7043936539202074,0.002523938632519212,0.003583136529513822
407,0.7044212981730091,0.002509978726021028,0.003563178360067934
408,0.7044460812254915,0.002507266888068924,0.0035592034009290685
409,0.7044784385660199,0.0025111346769854923,0.0035645302106008495
410,0.704499051565812,0.002513945944526834,0.003568416364705339
411,0.70451307808444,0.002513302476747209,0.0035674319681628036
412,0.7045227403132192,0.0025134267932889727,0.0035675594973294186
413,0.7045023609227891,0.0025052085091203974,0.0035559973224773326
414,0.7044669866796747,0.002498761946041311,0.0035470249043444715
415,0.7044172069685406,0.0024854243519891106,0.003528341340049222
416,0.7043767759420451,0.002472588568387967,0.003510320971444702
417,0.7043303079252203,0.002458687595359901,0.003490816123762408
418,0.7042818942799913,0.002444148065657745,0.0034704116143103063
419,0.7042315826683341,0.002428965580544158,0.003449100608837799
420,0.7041576237522447,0.002417554133144727,0.0034332570600632095
421,0.7040841863083478,0.002410397171556272,0.0034234502328399957
422,0.704004625671192,0.0024079021023441904,0.0034202930130587095
423,0.7039271521705321,0.0024001421049763285,0.003409645582750407
424,0.7038489542178038,0.002393264683039011,0.0034002532343017774
425,0.7037800371889233,0.002401860796987228,0.003412800406474829
426,0.7037156939994365,0.002406920494086529,0.003420302424132744
427,0.7036506249222783,0.002412807758318939,0.003428985455083545
428,0.7035935468917285,0.0024101920789154226,0.0034255460266270914
429,0.7035363957421081,0.0024078859796690544,0.0034225464300665707
430,0.703470209572526,0.0023900582031028106,0.0033975258235244454
431,0.7033932492848487,0.002377170418999722,0.0033795752538379204
432,0.7033160901940734,0.002366140216541837,0.0033642628819837224
433,0.70325516280287,0.0023640570713224247,0.003361592202039895
434,0.7031833211656047,0.002351019173928736,0.0033433943939848573
435,0.7031064301343536,0.0023314051115673933,0.003315863732211772
436,0.7030362631654311,0.0023141033010581342,0.0032915845487668733
437,0.7029712472363487,0.002295060687640324,0.003264800227126064
438,0.7029006609034854,0.0022922452499290883,0.003261122627175669
439,0.7028329832202627,0.00229456805302255,0.0032647415642180376
440,0.7027639511493258,0.0022966408459593863,0.0032680117444888516
441,0.7026936086724413,0.002298418889890942,0.0032708692117368377
442,0.7026260597189358,0.0022952144361559346,0.003266622984456434
443,0.7025529703022864,0.0022908862872782826,0.003260802222916496
444,0.7024746613093872,0.0022853676888699406,0.0032533097843132144
445,0.7023998278212205,0.002275593398070112,0.0032397408255762147
446,0.7023201232828072,0.002269598181301867,0.0032315721934510983
447,0.702239629574128,0.0022667062937265312,0.0032278245178233122
448,0.7021725036029236,0.002270857286940809,0.003234044733009044
449,0.7021037322084301,0.0022742288756799193,0.0032391636325966432
450,0.7020304065175061,0.0022772289127046953,0.003243775328765492
451,0.7019518248441237,0.002283800498715902,0.0032535003370395763
452,0.7018768671560229,0.0023102859494645565,0.00329158297925638
453,0.7018062521217259,0.0023317247545812225,0.0033224622145098712
454,0.7017440611286795,0.0023543975520520983,0.0033550658743948672
455,0.7016817291166934,0.002372765668716478,0.0033815411891990055
456,0.7016193015017655,0.002390715961856444,0.0034074261593706003
457,0.7015611737288782,0.002403822612406451,0.0034263906020195758
458,0.7014919378514936,0.0024088426383099856,0.0034338849933011487
459,0.7014331737141882,0.0024256348717226145,0.0034581125652762236
460,0.7013739032482317,0.0024272010037985573,0.0034606377462258063
461,0.7013111980525231,0.002431671850550558,0.003467322149287061
462,0.7012454252401145,0.002431874205828681,0.0034679359298436484
463,0.7011768694740199,0.002440808512066396,0.003481016870817974
464,0.7011137151257796,0.0024463181963810406,0.003489188905600245
465,0.7010562995785096,0.002448037860481887,0.0034919276268592135
466,0.7010187689745708,0.00245989383416727,0.003509027066087729
467,0.7009818101366314,0.0024715610814375366,0.003525856228645639
468,0.7009452199994509,0.002481473901450687,0.0035401823575494686
469,0.7009184521164151,0.0024683257879400994,0.0035215591492662496
470,0.7009070737191272,0.0024683957728886953,0.0035217161667251908
471,0.7008859906897007,0.0024469011786685015,0.003491154354876818
472,0.7008630050584895,0.002425301244140184,0.0034604497978000482
473,0.7008382094099116,0.002403577556859906,0.0034295755062836238
474,0.700807358377885,0.0023861483442805037,0.0034048562928956287
475,0.700776485745296,0.002369021856651288,0.0033805669922439886
476,0.7007380315876239,0.002357106070384961,0.0033637478831348637
477,0.7006889816955699,0.0023503547163411615,0.0033543480456245077
478,0.7006368531606711,0.002344167479572821,0.0033457667392144054
479,0.7005838138198728,0.002338519161924676,0.0033379577372393207
480,0.7005156762074096,0.0023460238506521464,0.003348995504788008
481,0.7004506038587615,0.0023452417698611775,0.0033481900892672668
482,0.7003748541158711,0.0023490459211210953,0.003353983809265182
483,0.7002978791332366,0.0023530556417653095,0.003360078206545052
484,0.700219741176232,0.0023572381800232014,0.0033664263393424227
485,0.7001448366717912,0.0023574185766810415,0.003367044150303625
486,0.7000550849905262,0.0023456037553704952,0.0033505988395216616
487,0.6999841411257017,0.002347213469865948,0.0033532380692099712
488,0.6999151372933028,0.0023492602155798905,0.0033564929380794657
489,0.6998501628973258,0.002350340614474725,0.003358348313794049
490,0.6997739608039353,0.002359750373677762,0.003372160877445001
491,0.6996943733203954,0.002361172956983782,0.0033745775970426203
492,0.6996132674322934,0.0023701398802767914,0.003387785781958698
493,0.6995326211029038,0.002379056154416599,0.00340092239110409
494,0.6994443810276111,0.0023940033149074565,0.0034227214912931746
495,0.6993572676699167,0.002408309926589758,0.0034436046323128144
496,0.6992659194351065,0.0024251004071511035,0.0034680660672125867
497,0.6991678936426761,0.0024403278536809193,0.003490331686952574
498,0.6990746420876914,0.00244924267464606,0.003503549588541403
499,0.6989821496352431,0.002457342813942441,0.003515601671980867
500,0.6988904610979814,0.0024646426751077657,0.0035265078181718574
501,0.6987996212885562,0.0024711572882675113,0.0035362888201210018
502,0.6987082232838719,0.0024738342680423768,0.003540582729104799
503,0.6986225957654353,0.00248326064503904,0.00355450948779905
504,0.6985526185794857,0.002496408013306856,0.003573686429496648
505,0.6984732060635482,0.002501045579016106,0.0035807323134290085
506,0.6984147692340013,0.002489279630266184,0.003564185266294333
507,0.6983563929399843,0.0024855396423601795,0.0035591277855944008
508,0.6983072246446896,0.002474780334325663,0.0035439706865196367
509,0.6982711958095993,0.002463836726504737,0.003528481113484971
510,0.6982337207307076,0.0024489020450001826,0.003507281261691838
511,0.698196883719501,0.0024339133484872263,0.0034859985846987045
512,0.6981567464637717,0.002414487293089944,0.003458374219427865
513,0.6981176857869136,0.0023952051583612253,0.0034309475424066445
514,0.6980757377288723,0.002376598730632044,0.003404499830296492
515,0.6980186173500458,0.0023627603629174754,0.0033849532149836437
516,0.6979672829343737,0.002339004632384382,0.003351166579829941
517,0.6979133857943757,0.002320835155707553,0.0033253913779944812
518,0.6978613252763947,0.002302398043590802,0.0032992200028836897
519,0.6978071063748338,0.0022863688508613644,0.0032765055413941564
520,0.6977551209681552,0.0022697982101313047,0.0032530011488584917
521,0.6977054267732608,0.0022526963677699267,0.003228721293151135
522,0.6976662014021711,0.0022244678376414743,0.003188441454051714
523,0.6976163799784265,0.0022100422074783515,0.003167990705073032
524,0.6975768687375439,0.0021850763732931227,0.0031323807758241984
525,0.6975403301907421,0.0021632176655675644,0.003101208019005917
526,0.6975041543298858,0.0021415286873591875,0.003070273738249805
527,0.697456073870794,0.002120726199081313,0.00304065915909449
528,0.6974113030566367,0.002104460501864929,0.0030175313945177426
529,0.6973691331093181,0.0020784154168577594,0.002980366233863625
530,0.6973413635484705,0.002065453023185242,0.0029618966135538543
531,0.697307853873476,0.00205834728774373,0.002951848708299806
532,0.697277034066303,0.0020516801649460535,0.002942417525185495
533,0.6972479394706586,0.002046293084946892,0.002934814101423392
534,0.6972176422037053,0.0020454264022899764,0.0029336985734109786
535,0.6971905250581159,0.002044457020503545,0.0029324222676909224
536,0.6971790836294429,0.0020317965162104886,0.0029143107759819244
537,0.6971641462826057,0.00202487079672796,0.0029044390873008965
538,0.697162387199706,0.002012935204210192,0.0028873261684348095
539,0.6971623045513183,0.002004198265147788,0.002874794365764878
540,0.6971608502913526,0.001999545249597449,0.0028681261272227396
541,0.6971624137630983,0.001994901626253436,0.0028614589468262995
542,0.6971697563050925,0.0019859361531699648,0.0028485689965886698
543,0.697170936186805,0.0019851020509039185,0.0028473677657325862
544,0.6971825017480672,0.0019794066900977753,0.0028391514203737873
545,0.6971877357890038,0.0019821880358981206,0.002843119484388073
546,0.6971951995678188,0.001959488219075786,0.002810530279454655
547,0.6972005002443762,0.0019397867202382811,0.0027822509013667738
548,0.69720343394987,0.001917241056921345,0.002749901913218628
549,0.697194786953053,0.0019062310475959996,0.002734144149193645
550,0.6971781287157213,0.0018958375956291164,0.002719301592437298
551,0.6971572312550445,0.0018894709187152183,0.0027102507641120397
552,0.6971320994954413,0.0018919950953604637,0.002713969270285819
553,0.6971006895248758,0.0018817244870872895,0.002699358235278493
554,0.6970754298198396,0.0018843123170050207,0.0027031684612553687
555,0.6970460143566608,0.0018885806792324053,0.00270940603681017
556,0.6970212707015001,0.0018933083240009355,0.0027162848589906896
557,0.6969774345399956,0.0018931433770600214,0.0027162190384391626
558,0.6969285605132085,0.0019038837298138286,0.0027318205016764346
559,0.6968851015329919,0.0019005761539123798,0.0027272446343472342
560,0.6968237375133872,0.001892385931253508,0.0027157311517636866
561,0.696754840417788,0.0018807075050917884,0.0026992385212050753
562,0.6966859316239914,0.0018694562205733558,0.002683355778715969
563,0.6966149842519671,0.0018597797172136246,0.0026697383192391083
564,0.696560376487098,0.0018449137945274181,0.00264860571574816
565,0.6965124752222999,0.0018258172092921348,0.0026213704337591432
566,0.6964971825892434,0.0018319521615427724,0.0026302362842767725
567,0.6964688143381638,0.0018245559496533473,0.002619723829827435
568,0.6964402866047879,0.0018176625351195902,0.0026099330697551496
569,0.6964116296175608,0.0018112602245302018,0.0026008471821828533
570,0.6963828736049281,0.0018053381347931871,0.002592450508507754
571,0.6963721120551529,0.0017957775394829784,0.0025787614242380116
572,0.696359811138494,0.001782358410967199,0.0025595365821775126
573,0.6963447888888162,0.001768549333675386,0.0025397609946898967
574,0.6963301066218229,0.0017547760907496701,0.0025200347853158236
575,0.6963007463791415,0.0017501684621853723,0.002513523748590657
576,0.6962752897570759,0.0017411839029709832,0.0025007119002865468
577,0.696247375030486,0.0017370301479911292,0.0024948462432839644
578,0.6962211015781026,0.0017329406168942467,0.0024890664947762203
579,0.6961964950170577,0.0017288885385187169,0.0024833341605323034
580,0.6961816824629439,0.0017218180598608027,0.0024732309154836905
581,0.6961776719551434,0.0017331607267976087,0.002489537939259392
582,0.696183051582604,0.001743082161810797,0.0025037698890375466
583,0.6961907924284659,0.0017544634403247215,0.002520089980226209
584,0.6961982481772706,0.0017502222890250492,0.002513971119012922
585,0.696216270358407,0.001765487322145856,0.0025358317484263848
586,0.6962313740864692,0.0017835657957469978,0.0025617429235894875
587,0.6962470969051716,0.001804292340640597,0.0025914540235222557
588,0.6962665198893354,0.0018185055636645547,0.0026117952130652326
589,0.6962892032558179,0.0018160954559137718,0.002608248767066599
590,0.6963027287739454,0.0018115221066373444,0.0026016300551156605
591,0.6963154984519019,0.0018081254301566447,0.002596704272957586
592,0.6963396895108215,0.0018045221003748738,0.00259143939022426
593,0.6963580682393432,0.0018051135674129833,0.002592220367284598
594,0.6963750497567217,0.0018050601541487429,0.0025920804525942447
595,0.6963881776316895,0.0018117184106811897,0.002601592716353355
596,0.6963919405466971,0.001820137829418029,0.002613668716483341
597,0.6963971163841282,0.001829602702367463,0.0026272404915563524
598,0.6964178492086567,0.0018338702931435505,0.002633290193850412
599,0.6964158484149591,0.0018321860960597886,0.002630879380803639
600,0.6964077436237075,0.0018336417090142232,0.0026330001723889524
601,0.6964033082710571,0.0018352709809073247,0.00263535649401739
602,0.696403806724378,0.0018499108812389201,0.002656376750638694
603,0.6964126252666087,0.0018519820267074714,0.002659317134002954
604,0.6964264784373281,0.0018525497298999055,0.002660079401427609
605,0.6964233812374905,0.001835642874809602,0.0026358145407866787
606,0.6964139377709616,0.0018245182986856296,0.0026198761967996136
607,0.6964087379173881,0.001810996420807518,0.0026004791758117607
608,0.6964034850487716,0.0017979685254383752,0.002581791395418501
609,0.6964187003197392,0.0018146855983485549,0.002605739331117039
610,0.6964166168650597,0.0018185127268376003,0.002611242584968305
611,0.6964245334685888,0.0018348697716134422,0.0026347000765104454
612,0.6964240815909919,0.0018538330367977897,0.002661931265447741
613,0.6964285340836038,0.0018819729803914974,0.002702320321880397
614,0.6964301623450403,0.001909000257873021,0.002741122313607123
615,0.6964330545811588,0.0019350736489636285,0.0027785494043320496
616,0.6964372574469169,0.001960208421823755,0.002814623142089959
617,0.6964234284457382,0.001978454048534448,0.0028408780746361677
618,0.6964097443482997,0.0019955181399006106,0.002865436843891403
619,0.6963757934658305,0.0019995969437454114,0.0028714337323437235
620,0.6963234064784998,0.002003345091540292,0.00287703252957094
621,0.6962745613469264,0.002001693045896581,0.0028748616666740686
622,0.6962354403313394,0.0020106898580749912,0.00288794528632168
623,0.6961959441395213,0.0020241881494877825,0.002907497761983693
624,0.6961620656648178,0.0020327165291409268,0.002919889820770013
625,0.6961251473052033,0.0020417770838305556,0.00293306037245538
626,0.6960889568090498,0.002053401780748183,0.002949912882056351
627,0.6960591101070028,0.0020656466311369734,0.002967631054810027
628,0.6960334273436334,0.0020759960923114953,0.0029826097580318814
629,0.6960037071137861,0.0020872275599104874,0.0029988741993428165
630,0.695972010806883,0.002099696852061533,0.0030169271457155668
631,0.6959512481172686,0.00210131418034766,0.0030193410616508962
632,0.69591873770477,0.00211273867563603,0.0030358985340790154
633,0.6958872601742312,0.0021217869616653798,0.003049038376035426
634,0.6958588078438502,0.0021433526752831517,0.0030801545530830116
635,0.6958270218419286,0.002164638782787989,0.0031108863479575115
636,0.6957838740042561,0.0021872865111960153,0.0031436292114793043
637,0.695749059815775,0.0022238911643579023,0.003196398375222755
638,0.6956818204500997,0.0022353632613035302,0.0032131977516061446
639,0.695607428460645,0.002250427458294402,0.003235197564342462
640,0.6955219747629121,0.0022782515613155767,0.003275599684815396
641,0.6954380731446298,0.0022801452265283624,0.003278717853651596
642,0.6953533755861251,0.002288647564183477,0.003291344580378771
643,0.6952721548691101,0.0022906119925723317,0.0032945544798979555
644,0.6951839696837199,0.0022971066320306988,0.003304314731359223
645,0.6951121752737539,0.0023035237618633667,0.003313887806606433
646,0.6950422660764375,0.002307957450558936,0.0033206001465026264
647,0.6949844038117368,0.0023050279832119943,0.0033166614539401947
648,0.6949338410035975,0.002299064996897071,0.0033083221182276103
649,0.6948821403700313,0.002287548203239465,0.0032919945273328284
650,0.6948425724846048,0.00228007446275101,0.003281425970487046
651,0.6948013217238873,0.0022669131659659833,0.0032626782579248605
652,0.6947545654285483,0.002240313556114102,0.003224611492451583
653,0.6947225665696216,0.0022209371176427233,0.0031968691165585625
654,0.6946853252697658,0.002192694415993048,0.003156385108813927
655,0.6946469761161522,0.0021837269713513205,0.0031436500070305905
656,0.694621625286999,0.0021646437348486567,0.0031162918861823287
657,0.6945868505371848,0.002156665850760487,0.0031049621067438127
658,0.6945608604916949,0.002153428900530808,0.0031004178654788416
659,0.6945342821476863,0.0021593077824207055,0.0031090010067516705
660,0.6945051010665237,0.002163568023562911,0.0031152658493658375
661,0.6944810064436704,0.002163006089034118,0.0031145647886189677
662,0.6944573616257017,0.0021606624653366063,0.0031112960776721655
663,0.6944351580682181,0.0021612104783731564,0.0031121847061793624
664,0.6944123518166683,0.00216074028128199,0.0031116098030647453
665,0.6943849461900224,0.0021650998160179977,0.0031180108784004453
666,0.6943610446647217,0.002159422523888633,0.0031099419249985844
667,0.6943274141128487,0.0021558026462714926,0.0031048790562676976
668,0.6942967075392578,0.0021503192786664826,0.00309711864584191
669,0.6942587365071498,0.0021517391543748594,0.003099333204217733
670,0.6942242883459644,0.0021430464816867487,0.0030869655782178114
671,0.6941872205452444,0.0021349023962936916,0.003075398585725689
672,0.69414662647328,0.002123635705419267,0.0030593474410568395
673,0.6940939715500347,0.002116538745654321,0.0030493547450465754
674,0.6940401211533864,0.002111312844240893,0.003042061661697915
675,0.6939699325494322,0.002097870838103993,0.0030229996138262942
676,0.6939002633911469,0.002076817564321528,0.0029929626401522785
677,0.693825404203467,0.0020573018098087735,0.002965157801004158
678,0.6937656725864506,0.0020462420464980105,0.002949471453191606
679,0.6937141314007829,0.002033393615591756,0.0029311693730179954
680,0.6936481603165763,0.0020495217631333732,0.0029546993423841643
681,0.6935650237975776,0.002044272890076159,0.002947485556412366
682,0.6934925760866852,0.0020516584350397473,0.0029584432563316927
683,0.6934204274335576,0.002058221606811451,0.002968215999100584
684,0.6933618360879032,0.0020655898998476643,0.002979093731928148
685,0.6933072695908814,0.0020699831405465723,0.002985664843479953
686,0.6932487076361395,0.002072445432137178,0.0029894688721510427
687,0.6931899949675109,0.0020747210223626754,0.0029930048578671645
688,0.6931407824576514,0.0020771033188027588,0.0029966543180997476
689,0.6930860185372621,0.0020791050021113718,0.0029997791709884185
690,0.6930328210032607,0.0020673444610684426,0.0029830397614873075
691,0.6929873474804588,0.002047738707972578,0.00295494386068906
692,0.6929392139282864,0.002031818006439452,0.002932173509016808
693,0.6928819299775442,0.0020251098068661917,0.002922734335028515
694,0.692831019184744,0.0020133977050428046,0.0029060444023016967
695,0.6927695213582916,0.0020050141426681233,0.002894200857360114
696,0.6927143011554792,0.0019890991304964065,0.002871456713364367
697,0.6926489479231294,0.001984423708031575,0.0028649775820518645
698,0.6925862752867438,0.001974801262239479,0.0028513433383037714
699,0.6925139288617629,0.0019759228690213316,0.002853260832268051
700,0.6924444443807451,0.001974436919088997,0.0028514011992034124
701,0.692377629198788,0.0019683187836634698,0.0028428399483980834
702,0.6923092417374284,0.001963055926957972,0.002835518881752122
703,0.6922447196663126,0.001953214228052126,0.0028215660915313977
704,0.6921790236153107,0.001943884798878901,0.0028083555446766118
705,0.692112250763318,0.0019350852089884672,0.0027959123781645203
706,0.692056558387157,0.0019384815266927215,0.0028010449481330937
707,0.6919894578777209,0.00194367537459742,0.0028088222334463372
708,0.691927436265898,0.0019457786695829652,0.0028121137674257937
709,0.691874363619617,0.0019429472081864524,0.002808237030234377
710,0.6918141231959036,0.0019428014724364323,0.0028082709029724185
711,0.6917552082526834,0.001942960024246221,0.0028087392780951773
712,0.6916990571344277,0.0019462756758377058,0.0028137607761108433
713,0.6916569552939846,0.0019434875778114155,0.00280990101080578
714,0.6916117436984349,0.0019420635486420697,0.002808025696985377
715,0.6915595015666823,0.0019468354566075468,0.0028151380354071048
716,0.6915006386002497,0.001957690793431804,0.0028310759009487012
717,0.6914170287252874,0.0019551237953585906,0.0028277055874124223
718,0.6913306788730326,0.001964620090354225,0.002841795034406451
719,0.6912426811501358,0.0019596890479368955,0.00283502321453333
720,0.6911409219749995,0.0019506073266207043,0.0028223004377264512
721,0.691034421961996,0.0019446084201133601,0.0028140543485405496
722,0.690923273247493,0.0019388394579494227,0.002806157402740895
723,0.6908155540455162,0.0019530994394856057,0.002827237209770353
724,0.6907122157753123,0.0019650283492609073,0.002844930644603118
725,0.6906038793321725,0.0019795931205541096,0.002866466841264221
726,0.6905173941789222,0.0019859867889922417,0.002876085100439405
727,0.6904313594055351,0.0019921764914231387,0.0028854084686107144
728,0.6903449143649865,0.001993124524716506,0.002887143054497448
729,0.6902602278615877,0.0019937769925498453,0.0028884425207671696
730,0.6901914960260808,0.001994272729410797,0.0028894484224932233
731,0.6901271408906714,0.001990634579934958,0.0028844461577990747
732,0.6900775629629164,0.001975697021646536,0.0028630071859802033
733,0.6900296429159558,0.0019591018556371137,0.0028391560793798076
734,0.6899872226195936,0.001954561582516619,0.0028327504023856623
735,0.689932146509255,0.0019554375157582087,0.0028342461293503125
736,0.6898755740146665,0.001952688415662571,0.0028304936269870854
737,0.689814263737507,0.0019508826256916215,0.0028281274079800488
738,0.6897539349854293,0.0019483229036681487,0.0028246637022945093
739,0.6896768940510449,0.0019568690513032377,0.002837370757499097
740,0.6896014231995435,0.00197227638375702,0.0028600236562828564
741,0.6895365150782714,0.0020025166727281043,0.0029041488433731353
742,0.6894654029854693,0.0020330107207357194,0.0029486769197301778
743,0.6893793528383699,0.0020594921099300846,0.002987458358667942
744,0.6892863166521447,0.0020868485617254553,0.0030275496717550605
745,0.6891866960381107,0.002121566208000089,0.003078362104486664
746,0.6890774163519227,0.0021509112600798072,0.0031214362987936075
747,0.6889690895455434,0.00218661153095222,0.003173744024415593
748,0.6888712128034798,0.0022208094707490554,0.003223838403278734
749,0.6887667453828729,0.0022423782939927236,0.0032556425074590765
750,0.6886634112279888,0.0022636985995244685,0.003287089981284121
751,0.6885597337996044,0.002282588515820928,0.0033150188774838277
752,0.6884366741364828,0.002302033655514079,0.0033438568019368764
753,0.6883004206296051,0.0023153089079554793,0.0033638057431922097
754,0.6881563963408497,0.002332973631526875,0.0033901793893540057
755,0.688003418341047,0.0023515073582713692,0.003417871620378657
756,0.6878593006712035,0.0023827134592539463,0.003463954702551711
757,0.6877183478075704,0.0024134758254598884,0.0035093957186891865
758,0.6875703298646005,0.0024480157514642203,0.0035603859636385046
759,0.6874154170975582,0.0024884522136236335,0.003620012225112012
760,0.6872430775112801,0.0025134641220279992,0.003657314572203522
761,0.6870740048428716,0.0025365691548093617,0.0036918427082530286
762,0.6869063489386951,0.0025543622823716882,0.0037186470707663523
763,0.6867402730379026,0.0025693457924878984,0.0037413646663271936
764,0.6865967361497164,0.002569113032763726,0.0037418078145415416
765,0.6864505147101372,0.002568604045712166,0.003741863383694589
766,0.6863017938906306,0.002567797324442328,0.003741498779837859
767,0.6861507588626621,0.0025666725633925382,0.003740683122827058
768,0.6859975947976971,0.0025652106833803897,0.0037393872847861494
769,0.6858465305671508,0.0025641489564557484,0.0037386628672384805
770,0.685710662066288,0.002574253408123981,0.00375413939221369
771,0.6855861292635634,0.0025961244568552663,0.003786722551758664
772,0.6854515923285823,0.0026277554445582685,0.003833611992396702
773,0.6852992018225257,0.0026527950355803315,0.0038710026635451053
774,0.6851441669568633,0.002672334963314457,0.003900398036202952
775,0.6849788573306205,0.002696993761312926,0.0039373386965886464
776,0.6848105001526791,0.002721743890868811,0.0039744482455540565
777,0.6846306411296528,0.0027434098569585224,0.004007138582684303
778,0.684435827831758,0.0027613983764462817,0.004034561406865837
779,0.6842353041753857,0.002780157004927545,0.0040631592494019065
780,0.6840252558193395,0.002786840683696376,0.00407417805115725
781,0.6838100973411578,0.0027915285255179006,0.0040823154504037494
782,0.6835857964936659,0.002802237342987687,0.004099320608124502
783,0.6833662296830874,0.0028106668553475535,0.0041129730051937255
784,0.6831442599165992,0.0028196995374565603,0.004127531625312639
785,0.6829146450677887,0.002816088388449424,0.004123631567704758
786,0.6826915769889949,0.0028064892852415536,0.004110918282629983
787,0.6824821450294604,0.002803933908418319,0.004108435552255045
788,0.6822761942846922,0.0028063802767140512,0.004113261315904916
789,0.6821184452827582,0.0028268210539277986,0.0041441791722198595
790,0.6819760042678082,0.0028397969561388885,0.004164071665817315
791,0.6818446020519408,0.0028541378373455146,0.004185906625580495
792,0.6817247237828207,0.002880223336005042,0.004224906674974288
793,0.6816106782690585,0.0028997106726437725,0.004254203704683076
794,0.681490028739377,0.0029217057526817244,0.004287231844149367
795,0.6813757867810925,0.0029353485307158046,0.004307973056369924
796,0.6812537017928715,0.0029351775099048082,0.004308494034131825
797,0.6811300542059573,0.0029328317746647845,0.004305832280567621
798,0.6809942866311618,0.0029365910227631426,0.00431221095450049
799,0.6808422346044289,0.0029449350547621224,0.00432542945352551
800,0.680693103979001,0.0029387025205638967,0.004317220937579168
801,0.6805270104925486,0.002925320895194076,0.004298611003076573
802,0.6803576947470914,0.002918203191811185,0.00428921905982994
803,0.6801941513181373,0.002922018574993105,0.004295859600278203
804,0.6800233291991131,0.0029270710417557202,0.00430436856512413
805,0.67983232586755,0.0029261765021989313,0.0043042620817784275
806,0.6796311731008424,0.0029158248443730563,0.004290304741422465
807,0.6794216862544179,0.0029090487257372984,0.004281654213562987
808,0.679219181102729,0.002913822789487069,0.0042899595160967125
809,0.67900156790543,0.0029138270142762316,0.004291340627186981
810,0.6787726489377153,0.002911325441778101,0.004289102465065952
811,0.6785443518946476,0.0029017298599325184,0.004276404116886744
812,0.6783055106119902,0.002898850569566801,0.004273665073060309
813,0.6780559779849509,0.0029007522730692893,0.004278042473262687
814,0.6777951532226929,0.0028863931948134216,0.004258503739794497
815,0.6775193712478911,0.002867713392446993,0.00423266627368172
816,0.6772519919293662,0.0028423525211521907,0.004196890603532744
817,0.6769828741962988,0.00282097618431934,0.004166983083092536
818,0.6767227280581454,0.0027974918036324362,0.004133881850931524
819,0.6764549442408576,0.002783275195387874,0.004114501962154134
820,0.6761824092855078,0.0027741944814539785,0.004102730924907301
821,0.6759098732839174,0.0027686215687768565,0.004096140148575535
822,0.675635463863057,0.0027671647523836397,0.004095647579779072
823,0.6753647236140765,0.002768166274710765,0.004098772378719291
824,0.6750978821997033,0.0027690806555625055,0.0041017469148916285
825,0.6748416509533264,0.002767347589801904,0.004100736203659872
826,0.6745995633447545,0.002774492673154837,0.0041127993907949375
827,0.6743625241094781,0.002782496325705475,0.004126113516435198
828,0.6741363608488989,0.002778339805987147,0.00412133207366022
829,0.6739065842651646,0.0027841699255764687,0.004131388519689801
830,0.6736895535519245,0.0027911346433699942,0.004143057627440067
831,0.6734877364028773,0.0027688687516709116,0.00411123856012515
832,0.6733015544511696,0.0027543802441046226,0.004090856802417171
833,0.6731144400929355,0.0027275939282235787,0.004052199396950964
834,0.6729325775846299,0.002700513137578004,0.004013051570888437
835,0.6727401664286505,0.0026724222513060266,0.0039724434256586914
836,0.6725608233044947,0.0026449476697257192,0.0039326520042162
837,0.6724024479452052,0.002632703764713347,0.0039153690959315025
838,0.6722537359788906,0.00263835324067615,0.003924639015704922
839,0.6720930833628852,0.0026465527215005615,0.0039377770535269745
840,0.6719371159776484,0.0026565088242483715,0.003953508090386153
841,0.6717876494266718,0.0026639385910286724,0.0039654474048491
842,0.6716429683629537,0.002666203816989846,0.003969674280203344
843,0.6715007413132577,0.0026671669527489118,0.003971949379434368
844,0.6713570687957573,0.0026631628495672834,0.003966835195977478
845,0.6712109498565619,0.0026633534239319944,0.003967982680409422
846,0.6710706858349667,0.0026593509343814953,0.003962847715621268
847,0.6709361911862077,0.002650400333157141,0.003950301635199113
848,0.6708035980713017,0.0026412999818402837,0.0039375161216108024
849,0.6706693456033063,0.002626163030287383,0.003915734404000523
850,0.6705382362060572,0.0026009306738847527,0.003878870038196425
851,0.6704063674795468,0.002581440279248883,0.003850560502511395
852,0.6702655339003638,0.002574631166516363,0.003841210738577357
853,0.6701326979291148,0.0025635734795964806,0.0038254714141222968
854,0.670006660700322,0.002552194522791888,0.00380920768776271
855,0.6698802537242582,0.0025423775780445412,0.003795271712981491
856,0.6697539305090106,0.002534043217657419,0.0037835436303174145
857,0.6696051738733273,0.002508535394568637,0.0037462903401089755
858,0.6694653104307532,0.00248792652886909,0.003716288940002413
859,0.6693217956048423,0.0024751057487947046,0.0036979308981833466
860,0.6691712739546345,0.0024645760047614608,0.0036830272019843804
861,0.6690250139041268,0.002453798654672548,0.003667723334219286
862,0.6688821406132404,0.0024429659989268562,0.0036523115966096975
863,0.66874388415421,0.002429172265297715,0.0036324403450358226
864,0.6685940652051637,0.0024202761065978706,0.003619948534624202
865,0.6684519852112913,0.0024063154587802204,0.003599832915478001
866,0.6683177649341985,0.0023891602936351457,0.003574886706580931
867,0.6681918103634917,0.0023686243045377008,0.0035448269011995005
868,0.6680621096062596,0.00234739720878253,0.003513740975619815
869,0.6679503878915873,0.0023265623856754754,0.003483136514104535
870,0.6678567097550734,0.0023182903787353063,0.003471239181808183
871,0.6677791767745299,0.0023324034195660614,0.0034927765055986137
872,0.6677204880016605,0.002343242845551416,0.003509316978672053
873,0.6676721574477525,0.0023546381579339763,0.003526638233552871
874,0.6676177173612988,0.0023486204177782756,0.0035179120576083484
875,0.6675645275368034,0.00234115964372057,0.003507016246592731
876,0.6675261906095272,0.0023242925950446728,0.0034819496639110587
877,0.6674982437081448,0.0023075979738557324,0.0034570847123677234
878,0.6674762530042782,0.0022902288571469026,0.003431176535253043
879,0.6674614447905557,0.0022780574116875833,0.003413017230384626
880,0.6674559546435397,0.002265611547489925,0.0033943985842479953
881,0.6674283157758989,0.002248997726244537,0.0033696468565766976
882,0.6673947446879559,0.0022389608548796227,0.003354777472703147
883,0.6673531026086511,0.002240023298767652,0.0033565788336212253
884,0.6673050308141902,0.00224326410489418,0.003361677196045016
885,0.6672525815662362,0.002235620391009764,0.0033504859370676564
886,0.6672019292935687,0.002216468126749289,0.003322034948394227
887,0.6671509406726963,0.002201288778047177,0.003299536347543168
888,0.6671017728249113,0.0021832560450701557,0.0032727480783403297
889,0.6670437155309659,0.002167371612556307,0.003249219746911313
890,0.6669878956791944,0.0021527273354416997,0.003227535835938335
891,0.6669278684434653,0.002131425639766484,0.0031958863028785883
892,0.6668599016480893,0.0021015500343335627,0.0031514116070553277
893,0.6668020754912799,0.0020693007142164018,0.0031033207458027222
894,0.6667555895257476,0.002046833303862374,0.003069840487303981
895,0.6667246908802701,0.0020193296450638594,0.0030287308580064106
896,0.6667057031855625,0.0019871777024191013,0.0029805920257232523
897,0.6667029808994537,0.001950451050061992,0.0029255172182230606
898,0.6667044488209964,0.0019115698069749633,0.0028671922174141676
899,0.666691963914263,0.0018828120453532136,0.0028241109046806276
900,0.6666715267035326,0.001882114114414336,0.0028231505906975807
901,0.6666448370161765,0.0018845679048560317,0.0028269444240971472
902,0.6666143388593342,0.0018834246908978449,0.0028253588035934466
903,0.666590386882405,0.0018709240972262448,0.002806707288379032
904,0.6665729892226885,0.0018770278279969092,0.002815937426726171
905,0.6665564160361823,0.0018827842561538024,0.002824643512322894
906,0.6665256175236411,0.00188915105932413,0.0028343262579207966
907,0.6664865733297545,0.0018867651417648246,0.002830912455353123
908,0.66644985165029,0.0018853252463433207,0.002828907894082056
909,0.6664114940688453,0.0018875552957532643,0.0028324170764651695
910,0.6663802632146372,0.0018878242478049378,0.0028329534231671576
911,0.6663522006712626,0.001888868282671467,0.0028346395206148936
912,0.6663274044237594,0.0018907613380880546,0.0028375860358365226
913,0.6663056946970444,0.0018937603793042696,0.0028421794896490026
914,0.6662909516635948,0.0018917624120532864,0.002839243737784425
915,0.6662747929984889,0.0018861706652013703,0.0028309200423340163
916,0.6662614755673392,0.001881719249291807,0.0028242954430007733
917,0.6662540077572221,0.0018758626696157498,0.0028155367889348593
918,0.6662571438932583,0.001875352558583087,0.0028147578990665788
919,0.6662743949538842,0.0018760494944473434,0.002815731039127195
920,0.6662945485318708,0.0018734868447481748,0.0028117997496396453
921,0.6663141418337328,0.0018702081403706029,0.002806796408708493
922,0.6663263532332048,0.0018655960118268626,0.0027998232439321374
923,0.6663358728005085,0.0018605961703829976,0.002792279759099858
924,0.666342827857619,0.0018552297963954443,0.0027841971412227175
925,0.6663552909939561,0.0018509978497393497,0.0027777941809066214
926,0.6663564491900464,0.0018482189980940688,0.002773619134834774
927,0.6663550183634521,0.0018447440464728513,0.0027684102252332208
928,0.6663511258186318,0.0018405885655366641,0.0027621902240736033
929,0.6663460218095836,0.0018410842725676087,0.002762955299962338
930,0.6663469974876275,0.001843642070743733,0.0027667897922477925
931,0.6663519695668663,0.0018568183251031734,0.0027865428630909866
932,0.6663459827558373,0.0018679992221686459,0.002803347315823946
933,0.6663523135905495,0.0018784467286718292,0.0028189993346763855
934,0.6663540795690979,0.0018925448578168706,0.0028401489776136686
935,0.6663544685919947,0.0019070409108304452,0.002861901586493474
936,0.6663525429725021,0.001921596385045351,0.0028837533604559955
937,0.6663478097124049,0.0019421700963351903,0.0029146491787425985
938,0.6663323022657647,0.001951540534649817,0.0029287797214901505
939,0.6663130531123503,0.0019561839748330986,0.0029358331878623074
940,0.6662566275166846,0.0019659377142532395,0.002950721438345479
941,0.6661804097622954,0.0019775753688676444,0.002968528254340708
942,0.6660922331699843,0.001978360740643253,0.0029701002986149256
943,0.665994881463811,0.0019752809595780445,0.002965910121165665
944,0.6658870749269226,0.0019697316623854206,0.0029580566083244487
945,0.6657739438837416,0.001963577837300653,0.0029493161385173343
946,0.6656534760270862,0.0019561109105767777,0.0029386324582149122
947,0.6655268293530769,0.0019477196766076493,0.002926583258109855
948,0.6654052465660378,0.0019208660980849141,0.0028867612751747045
949,0.6652758721762069,0.0018952730498457476,0.00284885282799458
950,0.6651485330233451,0.0018650846371099333,0.00280401225367278
951,0.6650139936763723,0.0018500690278904146,0.0027820001465875123
952,0.6648574106158482,0.0018557055980263472,0.0027911332090100834
953,0.664701831466657,0.0018544628272968882,0.0027899168311377107
954,0.6645401951185623,0.001849976803591826,0.002783844855707738
955,0.6643790551566583,0.0018425627288803333,0.002773360650940243
956,0.6642327964094598,0.001826886960693131,0.0027503715121693036
957,0.6640874422544808,0.0018234621934250723,0.00274581640519309
958,0.6639432376281758,0.0018192803589939033,0.00274011429876592
959,0.6637906313410451,0.001803790837415144,0.0027174093038507875
960,0.6636380399008919,0.0017815419017873195,0.002684508413733149
961,0.6634928366774184,0.001759486555289362,0.0026518546365931627
962,0.6633347881217739,0.0017455851236216058,0.0026315295909087075
963,0.6631661840433584,0.0017300639405671387,0.0026087939677787095
964,0.6629910044622123,0.0017031415625693308,0.002568875823512629
965,0.6628255480756546,0.0016939493058530718,0.0025556487838632996
966,0.6626705238974486,0.0016896573145278092,0.002549769838245124
967,0.6625197266703159,0.001694845358668388,0.002558180972491676
968,0.6623710238534442,0.0016914510321478272,0.0025536307767624763
969,0.6622150752282443,0.0017046460677897265,0.0025741577495833807
970,0.6620656844482405,0.001709170571287228,0.002581572510757199
971,0.6619276998086147,0.001705417190588889,0.002576440283556621
972,0.6618012144647724,0.0017021274651012875,0.0025719618337023942
973,0.6616829079246174,0.0016982723371560943,0.0025665954444595855
974,0.6615676604700441,0.0016944917637079452,0.002561327986473837
975,0.6614514512473036,0.0016868592995278352,0.0025502390180668784
976,0.6613315632108947,0.0016685014568676613,0.002522942423565509
977,0.6612151320822572,0.0016651050203721975,0.002518250021182294
978,0.6611019360177982,0.0016655893811408575,0.002519413861005569
979,0.6609921114723855,0.0016700483074133297,0.0025265782729134733
980,0.660894950895458,0.0016664629632647575,0.002521524730983098
981,0.6607941088857963,0.0016605296007905848,0.002512930394598253
982,0.6606894177206325,0.0016590082752527399,0.002511025953732225
983,0.6606002633808763,0.0016548695148486893,0.0025050996897567936
984,0.6605062374927163,0.001656150720206391,0.0025073960338257277
985,0.6604047204662263,0.001670101562362712,0.0025289061549767077
986,0.660313807924002,0.0016728654165906022,0.002533440004609352
987,0.6602305789264871,0.0016695532329229286,0.002528742663869896
988,0.6601330988213977,0.0016543675642270023,0.0025061121267524866
989,0.6600144668184166,0.0016271328477536393,0.0024652987617031987
990,0.65990553473173,0.0016191539508048146,0.0024536147457272744
991,0.6597917424253789,0.0016030660074057488,0.002429654547528764
992,0.6596625053311538,0.0015928943473529408,0.0024147110597915523
993,0.6595217249276486,0.0015867236207208263,0.00240587013398974
994,0.6593776386525059,0.0015805404270990738,0.0023970185436209854
995,0.6592365654783576,0.0015768805851401673,0.002391979856268964
996,0.6590811802730977,0.0015705395404253645,0.0023829227528156605
997,0.6589150941401878,0.0015694442234709207,0.0023818610886716354
998,0.6587465287787113,0.0015730359196355877,0.0023879228973728802
999,0.658582705840725,0.0015727835952549195,0.0023881337625578183
1000,0.658416677319606,0.0015805071198000122,0.002400466413205401
1001,0.6582562220573271,0.0015903151657725805,0.0024159515891884436
1002,0.6580860598478561,0.0016082654961519546,0.0024438528549347665
1003,0.6579277203520029,0.0016148528707219964,0.0024544533096401864
1004,0.6577726241312786,0.0016259646412137324,0.0024719250719215423
1005,0.6576120045116591,0.0016421254570873952,0.0024971038329916636
1006,0.6574594173151087,0.0016526190403082213,0.002513644183632022
1007,0.6573098629983148,0.0016592188735477934,0.002524256772870069
1008,0.6571745308346837,0.0016720159756132805,0.0025442495062759614
1009,0.6570573518242245,0.0016917543961286403,0.002574743881080897
1010,0.6569532335509776,0.0017082316556467155,0.002600233271420776
1011,0.6568556323613567,0.0017180455380937977,0.0026155603354081425
1012,0.6567560629635427,0.0017281813303879246,0.002631389990660593
1013,0.6566568016298759,0.0017252265581353223,0.002627288035170227
1014,0.656550918341437,0.0017336313845391256,0.0026405132276999675
1015,0.6564429033945836,0.0017439702165026614,0.002656697494152621
1016,0.6563387096693436,0.001746060907126951,0.0026603046283931626
1017,0.6562197225789348,0.0017611653415693829,0.0026838043432282506
1018,0.6560961156374622,0.0017768549798087869,0.002708223593249591
1019,0.6559810401004024,0.0017917186667191322,0.002731357397837135
1020,0.6558706333668359,0.0018010778806383783,0.002746087092499863
1021,0.655747768677386,0.0018155394934853033,0.0027686552363680402
1022,0.6556311070208594,0.001816086727113135,0.002769982552178317
1023,0.6555016465067401,0.0018141727039193995,0.00276760968273288
1024,0.6553597034559541,0.0017929633747836584,0.0027358462312050916
1025,0.6552266740240676,0.0017693979829680653,0.002700436433854755
1026,0.6551077561222247,0.0017404358896091036,0.0026567169650245862
1027,0.6549867787846176,0.0017104364821451965,0.0026114061192487785
1028,0.654857175030996,0.0016822257789355596,0.0025688437770509816
1029,0.6547453242967516,0.0016639080065983555,0.0025413056723780727
1030,0.654632049280695,0.0016467138852261495,0.002515480088448995
1031,0.6545132177359871,0.0016354557002817,0.00249873593987738
1032,0.6544060130701723,0.0016187291298851996,0.002473585354588761
1033,0.6542963617781643,0.001598004799823091,0.0024423256694875006
1034,0.6541861980049172,0.001579447255277647,0.0024143695787140025
1035,0.6540818696193751,0.0015628031882637863,0.002389308220962028
1036,0.6539775349965391,0.0015466668760573377,0.002365015299899442
1037,0.6538754867126466,0.0015490425368987388,0.002369017601021468
1038,0.6537658792842407,0.0015602675202366122,0.0023865845093427518
1039,0.6536596787448887,0.0015768527422522066,0.0024123451293186207
1040,0.6535469611450635,0.0015985932714004528,0.002446026630740654
1041,0.6534406409607596,0.0016197071073334604,0.0024787364081793116
1042,0.6533234237808873,0.0016513302499302645,0.0025275846385144924
1043,0.6532124209282271,0.0016701005237203873,0.0025567494894649175
1044,0.6530957941768467,0.001695723146727107,0.0025964386263800303
1045,0.6529576487503668,0.0017201341269128608,0.002634373194348609
1046,0.6528057460409366,0.0017571783331896715,0.002691732332085633
1047,0.6526467438168231,0.001797969737289379,0.0027548896157428946
1048,0.6524875155642113,0.0018407953591848564,0.0028211962915383995
1049,0.6523289237127871,0.0018850023911710725,0.002889650178996229
1050,0.6521780538605468,0.0019185369673547182,0.0029417380054388535
1051,0.6520228354491258,0.0019327378922380399,0.0029642181027398117
1052,0.6518714012867829,0.0019445962770254844,0.002983098005506738
1053,0.6517219694881611,0.0019614503112930794,0.0030096427665827065
1054,0.651588254008149,0.001986061115420644,0.003048030874104439
1055,0.6514570192759874,0.0019936105180844684,0.0030602333831633525
1056,0.6513303585763792,0.001998569779862475,0.0030684425400203568
1057,0.6512121885541599,0.0019989218053110274,0.0030695399140932716
1058,0.6511187760484033,0.0020097511849521106,0.0030866122417005965
1059,0.6510270065624189,0.002022001185621556,0.0031058637587067467
1060,0.6509434192414767,0.002030206516828432,0.00311886787210195
1061,0.6508619882570051,0.0020393758144435464,0.003133346010734092
1062,0.650786963276502,0.0020465125735161373,0.003144673585980592
1063,0.6507030795767036,0.0020537041403988297,0.0031561309679597775
1064,0.6506150362357339,0.0020672394690187884,0.003177361963503371
1065,0.6505279886627889,0.0020845179215749233,0.00320434778810949
1066,0.650427941598268,0.0021114009095490184,0.0032461719039326106
1067,0.6503200934099915,0.002149367155647434,0.0033050911042546774
1068,0.6502098715505504,0.0021935425359541007,0.0033735915616340565
1069,0.6500998513460051,0.0022191007685698487,0.003413476812793129
1070,0.6499764558508796,0.0022441308899505226,0.0034526341219740745
1071,0.6498493701760928,0.002271134844134367,0.003494863499704473
1072,0.6497173464514828,0.002305246938849742,0.0035480766389263774
1073,0.6495824210520207,0.0023257403954481284,0.0035803622759395387
1074,0.649448405771787,0.0023469498321138683,0.0036137587085533244
1075,0.6493214487509309,0.0023608482756598136,0.0036358698456693
1076,0.6491843019485384,0.002376640873940447,0.0036609647935215263
1077,0.6490536889175673,0.0023882477805520844,0.003679584326120982
1078,0.6489297083592679,0.0024061847807358744,0.0037079282235661414
1079,0.6488210505093427,0.002435981051627558,0.003754472900833357
1080,0.6487117418627927,0.0024648853476725453,0.003799661989460161
1081,0.6485922842368472,0.002492706565048125,0.003843256581414805
1082,0.6484769762955209,0.002514670719115283,0.003877810332574258
1083,0.6483712241276203,0.0025305183612462055,0.003902885055781128
1084,0.6482562215459264,0.002547183495772711,0.003929285074500828
1085,0.6481450569538406,0.002575907722186043,0.003974276582918526
1086,0.6480254705024844,0.0025922321791970846,0.004000201068002846
1087,0.6479040272897268,0.002608763107489118,0.00402646533685234
1088,0.6477782358557904,0.0026359478280419237,0.004069213323537383
1089,0.6476519241715557,0.002666129906768584,0.004116609257633204
1090,0.6475220255153024,0.002698599617665445,0.004167579651854903
1091,0.6473907849785381,0.0027289144782757,0.004215250728918187
1092,0.647258349175099,0.0027576594098477326,0.004260523504041691
1093,0.6471237906608195,0.002785004828068843,0.004303666266426237
1094,0.6469912290160698,0.002810751235892572,0.004344342102082437
1095,0.646856437150739,0.0028351558220126413,0.004382975354625645
1096,0.6467184907079137,0.0028579203360121815,0.004419110288440699
1097,0.6465857128108718,0.0028739361640333924,0.004444787608343006
1098,0.6464487397528969,0.002889371182988449,0.004469606026446742
1099,0.6462979607867985,0.0029128540701315146,0.004506983228889392
1100,0.6461477944278848,0.002934426009109723,0.004541416119369309
1101,0.6459992794724367,0.0029525727863457985,0.004570551206739818
1102,0.6458512066093147,0.0029670086750286312,0.0045939508119916235
1103,0.6457220727398164,0.0029716358120475835,0.004602035360877245
1104,0.6455866408797565,0.002980563715013257,0.0046168299129479675
1105,0.6454525733362445,0.0029932227728202087,0.00463740156360165
1106,0.6453180433197117,0.0030056245546911347,0.004657586419293797
1107,0.6451820777409045,0.0030284978280932504,0.004694020389868068
1108,0.6450470706869375,0.0030410112853066517,0.004714402132030694
1109,0.644906858179674,0.003055236250952224,0.004737484509896499
1110,0.6447688254525133,0.0030688595735387713,0.004759627718329862
1111,0.6446341588153646,0.0030812201383661054,0.0047797965655875605
1112,0.6444912866228998,0.0030908376850753783,0.004795778855709911
1113,0.6443506222214779,0.003099478135537031,0.004810235341825541
1114,0.644218954648459,0.003110320437726596,0.0048280486242815585
1115,0.6440940322312864,0.0031222550766070007,0.004847514369587943
1116,0.6439661070777356,0.003130021049792446,0.004860536937256248
1117,0.6438436259672151,0.0031356703291619764,0.004870235881346827
1118,0.6437228914155398,0.0031532042349393685,0.0048983876089997444
1119,0.6436057556580173,0.0031725707457784208,0.004929369754524352
1120,0.6434985922249756,0.003181248132261777,0.004943675356401666
1121,0.6433849739334941,0.00317211296377401,0.004930349778578925
1122,0.6432898333010607,0.003156208862411938,0.004906355889717329
1123,0.643177142633275,0.0031526982775951762,0.004901757336536403
1124,0.6430585760412735,0.0031494085071339063,0.004897545300650446
1125,0.6429516724227609,0.003133663656491528,0.004873871226873559
1126,0.6428396493936556,0.0031303584023380546,0.004869578914882889
1127,0.6427387447593823,0.003136142864263497,0.004879343107653411
1128,0.6426293424039526,0.0031341465700060246,0.00487706732823899
1129,0.6425137540873205,0.0031249104685153063,0.004863569765839779
1130,0.6424046898850829,0.003111604586483255,0.0048436828614060665
1131,0.6422820079275195,0.0031128081361726082,0.004846481915657029
1132,0.6421681411239304,0.003122178732951348,0.004861933398762002
1133,0.6420596914489053,0.00313596645702401,0.0048842288322869555
1134,0.6419352365565381,0.0031735891766657962,0.004943784039164961
1135,0.641823450351026,0.0032005938452546023,0.004986720013898112
1136,0.6417304994628644,0.0032230955483855506,0.00502250641208937
1137,0.6416300047722603,0.0032495088782361716,0.005064459040361665
1138,0.6415048990797464,0.0032682733624421556,0.005094697432756272
1139,0.6413759829021962,0.003290296717152058,0.005130059130470742
1140,0.641246941686162,0.0033123022772137693,0.005165408303553158
1141,0.6411137242742908,0.0033082826641964947,0.005160211892112134
1142,0.6409800983571436,0.0033091244936407065,0.005162600995135603
1143,0.6408505770398729,0.0033055350522238664,0.005158043342166172
1144,0.6407253141332789,0.0032971758306858637,0.005146005250543308
1145,0.6405960840828012,0.0032904464530775493,0.005136538506614158
1146,0.6404670812499419,0.0032825161471608582,0.005125191041442235
1147,0.6403540975445627,0.003273397338016348,0.00511185506670167
1148,0.6402521954670587,0.003273182979516984,0.005112333862641773
1149,0.6401548312036435,0.003275949793795952,0.005117433524068523
1150,0.6400543389866711,0.0032812868054502707,0.005126575363343646
1151,0.6399542382875189,0.003284272634315111,0.005132042945920067
1152,0.6398517031416913,0.0032888594422489535,0.005140033895511341
1153,0.6397586303101226,0.0032845783280677707,0.005134089908995168
1154,0.6396627368226744,0.003282691272494478,0.0051319094946818775
1155,0.639559619971387,0.003277518303427053,0.00512464858799823
1156,0.6394575348003578,0.0032706915017705995,0.00511479077776717
1157,0.639351235218691,0.0032661688317989148,0.005108567328694872
1158,0.6392500110120001,0.0032566421632872,0.005094473378469861
1159,0.6391496909608326,0.0032459413370306877,0.005078530715005228
1160,0.639026718483142,0.0032254336204134604,0.00504741590159121
1161,0.6388966943069645,0.0032022937409836075,0.0050122246202216735
1162,0.638771034342516,0.003180503201383543,0.004979097407973766
1163,0.6386469210529324,0.0031554036794499514,0.004940763942379399
1164,0.6385281890516816,0.003131663082410204,0.00490450247319736
1165,0.6384116678683056,0.003105737992535845,0.004864788895394234
1166,0.6382945033600167,0.003079432407323786,0.0048244695686920185
1167,0.6381670432439598,0.0030513936953045512,0.004781496831603161
1168,0.6380463289940967,0.0030202586191352674,0.004733603943614589
1169,0.6379239922968747,0.0029900704223039063,0.004687189161106827
1170,0.6377964168316483,0.0029647868590751774,0.004648484658793179
1171,0.6376678443869743,0.002937892196614426,0.004607245327602783
1172,0.6375381581247326,0.002906664380608868,0.004559200643234577
1173,0.6374031637666663,0.0028783006524464665,0.004515667345354006
1174,0.6372673793578147,0.0028474168901058278,0.004468166710455536
1175,0.6371367408832005,0.002838577536966367,0.004455209305668864
1176,0.6370066468043184,0.00283090295801068,0.00444407130163008
1177,0.6368632075587873,0.0028288955044519417,0.004441920134302645
1178,0.636713525617639,0.0028300103424326946,0.004444715289639033
1179,0.6365751999462128,0.0028292714953900636,0.00444452045198921
1180,0.636421207545532,0.0028124949672562833,0.004419235144760739
1181,0.6362654758462788,0.0027966416651714837,0.004395400617095795
1182,0.6361081478053567,0.0027816843407374786,0.0043729739201338585
1183,0.635961486031582,0.002767449425039268,0.004351599091807009
1184,0.6358086385331057,0.0027571697737344024,0.0043364773717066134
1185,0.6356497517908359,0.0027526368845862312,0.0043304302044186145
1186,0.635489036128958,0.0027473910462018965,0.004323270568029715
1187,0.6353306909936974,0.0027399866235837777,0.004312693629357438
1188,0.6351826635931872,0.0027336714551605646,0.004303756402443924
1189,0.6350528501147186,0.0027407194586282096,0.004315734443413827
1190,0.6349224818655922,0.0027477534670528065,0.004327699121598411
1191,0.6347941967830281,0.0027497771560881703,0.004331761648142541
1192,0.6346600635738529,0.002754963379126745,0.00434084880591539
1193,0.6345424302873209,0.002751091395555018,0.004335551515931446
1194,0.6344186240670198,0.002743866966354699,0.004325010115189869
1195,0.6342938744179618,0.0027361299473474855,0.004313662889868205
1196,0.6341821498664427,0.002723225228781046,0.004294074233017361
1197,0.6340702233188382,0.0027105676372907116,0.004274869781935368
1198,0.6339542391739891,0.0027028076528727036,0.004263411277751416
1199,0.633842501743646,0.002695510331797663,0.00425265002643803
1200,0.6337325758386093,0.00270052447482583,0.004261299762367847
1201,0.6336169018865102,0.002703940454117599,0.004267468948613864
1202,0.6334901135922166,0.002699706669719863,0.004261639782207696
1203,0.6333588171672104,0.0027005362989035698,0.004263833115929627
1204,0.6332315956834637,0.002697241833503062,0.004259487132179274
1205,0.6330966811778419,0.0026927360338789503,0.004253277759834819
1206,0.6329602527752831,0.002688125123619185,0.0042469098364910085
1207,0.6328151845543496,0.002692467924621097,0.004254746078062628
1208,0.6326787296017371,0.0026824914986990855,0.004239895184065503
1209,0.6325236263719566,0.0026751628078583423,0.004229348432725908
1210,0.6323683900821827,0.002668045437875923,0.004219131569067175
1211,0.6322110301541656,0.0026607332079933194,0.004208615606318187
1212,0.6320496776979969,0.00265801709805928,0.0042053926959350835
1213,0.6318844919818781,0.0026601841150363137,0.004209921510643128
1214,0.6317315739517889,0.002662549854507338,0.004214685420663385
1215,0.6315892149602812,0.002677253225379656,0.004238915361384093
1216,0.6314581260533136,0.002686501385999985,0.004254441070844918
1217,0.6313297047878629,0.0026958524931935905,0.004270118248434772
1218,0.6312168497007031,0.0026966380637794382,0.004272126235315284
1219,0.631103171142473,0.002692484717043067,0.004266314669547481
1220,0.6309763356582302,0.002684790958425797,0.004254978842629718
1221,0.6308570595345427,0.0026897164742351693,0.004263590988772779
1222,0.6307337916096046,0.0026940624648832375,0.004271314619132914
1223,0.6306202176168655,0.0026943229727808713,0.004272496976013244
1224,0.6305078776723572,0.0026952891979206968,0.004274790678065566
1225,0.6303956087363082,0.002697288717458764,0.004278723836394978
1226,0.6302871376901309,0.0027049133648515407,0.004291557296828992
1227,0.6301778804729706,0.002714577820717001,0.0043076374224363684
1228,0.6300690440152281,0.002726271750308931,0.004326941271285563
1229,0.6299532768604393,0.00273560680467833,0.0043425550833103765
1230,0.6298206258833468,0.0027336228485965158,0.004340319666035879
1231,0.6296873698754752,0.0027325379637927463,0.004339515280945088
1232,0.6295536838304745,0.002732341286041785,0.004340124370994145
1233,0.6294132494333645,0.0027370615164740196,0.004348592151401462
1234,0.6292792502146997,0.0027423130641934784,0.004357863481527234
1235,0.6291440235104458,0.002749163310547477,0.0043696883508611
1236,0.6290011930394599,0.0027442735610329525,0.004362906766157425
1237,0.6288633458389645,0.0027534426951777947,0.004378443605270769
1238,0.6287246550363598,0.0027642028837856812,0.004396523759078327
1239,0.6285798931098456,0.002763185916900408,0.004395918398264031
1240,0.6284360766413184,0.0027544595389838392,0.004383038532264205
1241,0.6282869781072644,0.0027505132969988426,0.004377797714803602
1242,0.628137112104408,0.0027468418160069923,0.0043729971738247116
1243,0.6279896212289208,0.0027395763870752578,0.004362454878974188
1244,0.6278372976253033,0.002736781756650595,0.0043590620802587635
1245,0.62768328777918,0.0027341667887628334,0.004355965567343124
1246,0.6275385522333112,0.0027402911021903844,0.004366729490065779
1247,0.6273925198644521,0.002745982911483037,0.00437681805973126
1248,0.6272388742115801,0.0027552038715079226,0.0043925910602577506
1249,0.6270840476145549,0.0027534584629378338,0.004390892215185614
1250,0.6269231860007403,0.0027662315316322283,0.004412393086429829
1251,0.6267688398779325,0.0027807114905814825,0.004436582219248559
1252,0.6266071653153081,0.002794575000803588,0.004459851651069711
1253,0.6264401936762787,0.0028126566041062014,0.004489904435409965
1254,0.6262741462484469,0.0028352279200940297,0.004527135499809179
1255,0.626103385126168,0.0028369916125268327,0.004531187148836676
1256,0.6259325643076041,0.002839671438417139,0.004536705070710509
1257,0.6257618459927562,0.002843261547718624,0.004543679941380666
1258,0.6255993960781123,0.0028643987457059187,0.004578646916321942
1259,0.6254368322768841,0.0028852968181266978,0.004613250562207635
1260,0.6252805431426307,0.0029021428546882476,0.004641345211386578
1261,0.6251181258286017,0.002922848627353549,0.004675674095162858
1262,0.6249590726460921,0.002943000655324394,0.004709109418739465
1263,0.6248023046259096,0.00295524440629298,0.004729887172971273
1264,0.624647796755518,0.002972220079311617,0.004758233511347707
1265,0.6244976285415316,0.002989185856733204,0.004786544768335195
1266,0.6243519954089904,0.0030016926676249005,0.0048076929195342765
1267,0.6242102629136165,0.003013738015046318,0.004828081488085666
1268,0.6240623056063954,0.003026253860768881,0.004849281607913009
1269,0.6239071007700046,0.0030209892097248204,0.004842049731436652
1270,0.623752824413087,0.003014500189551328,0.00483284415166823
1271,0.623592052520334,0.0030141586441944407,0.004833542428920156
1272,0.6234406122090681,0.003030643759495149,0.004861158705648832
1273,0.623269319702187,0.0030558565787322375,0.004902947220621093
1274,0.623111562578868,0.0030725803890641877,0.004931027722142914
1275,0.6229594111846815,0.0030855882366791587,0.004953112805232845
1276,0.622791925068949,0.0031113294954804604,0.004995776872245103
1277,0.6226384681474474,0.0031295731234674525,0.0050263086583438275
1278,0.6224824167141247,0.003155447619976466,0.0050691353446303145
1279,0.622336390573113,0.0031781125200904437,0.005106743825736597
1280,0.6221946001439776,0.003205232553059209,0.005151495291533402
1281,0.6220511506044581,0.0032361586140706032,0.005202399530852038
1282,0.6219146036464418,0.003262567541413168,0.00524600567712016
1283,0.6217691925067602,0.0032872863702861953,0.005286988178093842
1284,0.6216303343478733,0.003297105417902974,0.005303964809506652
1285,0.6214906253448981,0.0032883378496875383,0.005291049801214082
1286,0.6213445325787882,0.0032835693281756924,0.005284619331158799
1287,0.6211924872223303,0.003271583075528621,0.005266617260871174
1288,0.6210414003365949,0.0032611375453241746,0.005251079144734454
1289,0.6209192064263522,0.003245021634172355,0.0052261576072816325
1290,0.6208086651113325,0.003242386532197652,0.005222843549737148
1291,0.6207077308642934,0.0032390073290606215,0.00521824873125154
1292,0.6206028156657251,0.0032388466473258636,0.00521887198312423
1293,0.6204981869360005,0.0032356095257519623,0.005214535020205772
1294,0.6204020972133973,0.003230504539529591,0.005207114150709273
1295,0.6203058270707851,0.0032253784375900455,0.0051996584536710905
1296,0.6202095520158851,0.003223000177973405,0.005196630989473789
1297,0.6201094256451959,0.003224032874735394,0.005199135412884481
1298,0.6200053810773793,0.0032257035421831295,0.0052027024936103705
1299,0.6198992938013723,0.003211052934181991,0.0051799590131665395
1300,0.6197843734960861,0.003195071213022873,0.005155133542654653
1301,0.6196688862643015,0.003178553611017986,0.005129438772019074
1302,0.6195573291030384,0.0031611385505318865,0.005102253499459706
1303,0.619445842829752,0.0031432405462966826,0.005074278216054746
1304,0.6193174332214716,0.003125741427748971,0.0050470748279924284
1305,0.6191906198183746,0.0031075094796503356,0.0050186636880284975
1306,0.6190695131594823,0.003108158173322592,0.005020693326440516
1307,0.6189460261164903,0.00310691274553679,0.005019682838955728
1308,0.6188286896791327,0.0031035460126634996,0.005015194131145909
1309,0.6187090156734361,0.0031015654935593186,0.005012963145822933
1310,0.6185912307316676,0.003097839110443356,0.005007893672820487
1311,0.618479557939976,0.003087956993627672,0.004992819817542557
1312,0.6183655152063132,0.00307723872281132,0.004976407395203177
1313,0.6182381703586446,0.0030746141506127534,0.0049731871922905485
1314,0.6181156260133507,0.003067063957555302,0.004961958294659026
1315,0.6179988872797063,0.0030548866499844115,0.004943191181834231
1316,0.6178809958753588,0.0030433361560243694,0.004925440620993435
1317,0.6177680755901329,0.003025358436309595,0.00489723984752623
1318,0.6176514398577666,0.0030164813254265643,0.00488379226659166
1319,0.6175376523581246,0.003005248303223457,0.004866502134319484
1320,0.617419044890414,0.0029991360870504457,0.004857537375742538
1321,0.6172946748621537,0.0029814820519404248,0.004829917012658842
1322,0.6171791137122262,0.0029804565556308636,0.004829159784270615
1323,0.6170596476033471,0.002983807238843196,0.004835524815846038
1324,0.6169407755420121,0.0029868525323349143,0.00484139264374416
1325,0.6168229365871569,0.002988040538606286,0.004844243560621997
1326,0.6167097999827387,0.002993816714016875,0.004854498362277801
1327,0.6165985169934777,0.00299927561280057,0.004864227743240414
1328,0.6164812515002419,0.002988059264953887,0.004846958861574908
1329,0.6163832030656347,0.00296447201471268,0.004809462684850308
1330,0.6162715674183611,0.0029441190845425707,0.004777307992442122
1331,0.6161576200819116,0.0029288666353142127,0.004753437334630141
1332,0.616045578580202,0.0029152822619298953,0.004732250929628836
1333,0.6159396604371487,0.0028996204404854926,0.004707637170867606
1334,0.6158287421939354,0.002896970254296811,0.004704181626820698
1335,0.6157209605421352,0.002898166230059611,0.004706947490479793
1336,0.615612615692599,0.002895486978091088,0.004703423718556354
1337,0.6154978884864877,0.0029021218432099035,0.004715080096125489
1338,0.6153812614350892,0.0029133600414987778,0.004734235869816261
1339,0.6152721658111351,0.0029250041701479245,0.004754000477645187
1340,0.6151546192644756,0.0029208264612190344,0.004748117578490089
1341,0.6150343277074323,0.002916368833148384,0.00474179846841928
1342,0.6149177871562415,0.0029069055004898405,0.00472730755428813
1343,0.6148010859676304,0.0028970047947125955,0.004712100971898941
1344,0.6146881472982677,0.0028821113309908516,0.004688737441349024
1345,0.614578563822203,0.002862721147828492,0.004658023101268912
1346,0.6144721971938762,0.0028440074151440853,0.00462837444579572
1347,0.6143605446559215,0.0028299972115025875,0.0046064110661395985
1348,0.614247818257214,0.002816933304699174,0.00458598829490607
1349,0.6141385080495683,0.0028007197564097947,0.00456040407774551
1350,0.6140200513280583,0.002788765866540417,0.0045418156304645445
1351,0.6138986069551374,0.002765180263520334,0.004504294735632798
1352,0.6137599126735626,0.0027245637136653934,0.0044391359836407135
1353,0.613627430391977,0.0026976596695977547,0.004396250128314058
1354,0.613483441748648,0.002670726809350934,0.004353380429858716
1355,0.6133410388088105,0.0026461801412348707,0.0043143699407006955
1356,0.6131989869583615,0.002623645483808028,0.004278620055819145
1357,0.6130554418031215,0.002606846962622868,0.004252220573975491
1358,0.6129141314923165,0.002591374983533021,0.004227957637758441
1359,0.6127633248439353,0.002581731173398456,0.004213259946743708
1360,0.612634444563111,0.002569767079797302,0.004194617365384809
1361,0.6125163602900827,0.002563647419850645,0.004185435012113836
1362,0.6123965339069638,0.0025624139109376495,0.004184239735306757
1363,0.6122837694966875,0.002557132200971973,0.004176384102217832
1364,0.6121720327309945,0.0025727754809609406,0.004202700129052596
1365,0.6120677720470076,0.0025829508557806227,0.004220040612728501
1366,0.6119503177119258,0.002571736321064616,0.004202524692985379
1367,0.6118255169427302,0.002580358198494307,0.004217473980798092
1368,0.6117217756031917,0.0025741941509242767,0.0042081126642679635
1369,0.6116051643646896,0.002571718875733692,0.00420486782253562
1370,0.6114926593147586,0.0025731095712112515,0.004207915715774397
1371,0.6113908132126639,0.0025870229460073315,0.004231373599503974
1372,0.6112952394251877,0.0025966248688274584,0.004247742664034343
1373,0.6112145463238249,0.0026006483600953937,0.0042548862355078106
1374,0.6111194425699652,0.0026017129616095883,0.0042572904417318164
1375,0.6110216443496046,0.0026070640624826316,0.0042667294793749784
1376,0.6109263470921882,0.002612633902486331,0.004276512078619008
1377,0.6108207789393456,0.002621573029776038,0.004291885803767589
1378,0.6107172600749337,0.0026306165583297333,0.004307421339306772
1379,0.6106078129551518,0.0026269781244999237,0.004302234705753546
1380,0.6104919215818402,0.0026318122941246,0.00431096989343501
1381,0.610377354044039,0.0026371233314442036,0.004320480296282312
1382,0.6102652915746819,0.0026426121060577645,0.004330267741819251
1383,0.6101568467581557,0.002648282349909186,0.004340330464174681
1384,0.6100621621979903,0.0026543395352241162,0.004350932904379462
1385,0.6099657358866087,0.0026789748970830027,0.004392008828477897
1386,0.6098622138233368,0.0026915841242596823,0.0044134298916236395
1387,0.6097682530529643,0.002697212499912183,0.004423340320536339
1388,0.6096752876037398,0.0027043339188940947,0.004435695482300382
1389,0.6095814066294595,0.0027135996324510474,0.004451578743937211
1390,0.6094817057727372,0.0027318299544769075,0.004482218134854977
1391,0.6093896202768357,0.0027443507755162844,0.004503441942889626
1392,0.6093028080934036,0.002754936689480304,0.0045214573983351535
1393,0.609213256400683,0.002770885133411086,0.004548300786791578
1394,0.6091089105063356,0.002804553237465237,0.00460435431019042
1395,0.6090234251235225,0.0028229243268768764,0.0046351654311233255
1396,0.6089274174460291,0.002852705609709632,0.004684804014367566
1397,0.6088188855830341,0.002878802678472273,0.004728504234416765
1398,0.6087123100071123,0.002905483603882717,0.004773163867589221
1399,0.6086199468169738,0.0029208608574275365,0.004799154008512815
1400,0.6085269347588577,0.0029464136965822135,0.0048418788524945
1401,0.6084411944788457,0.002961367739305026,0.004867138790366678
1402,0.6083439489433345,0.002972871581859903,0.004886826912676035
1403,0.6082387055604886,0.0029824428993725687,0.004903408599464685
1404,0.6081324412641653,0.0029958933591556665,0.004926383063741681
1405,0.60803148836835,0.0030009828175159856,0.004935571388858677
1406,0.6079380758646097,0.003026664820156167,0.0049785742007549755
1407,0.6078486158035107,0.0030529210350864486,0.005022502241040418
1408,0.6077470694822409,0.003071399610993124,0.005053746476490207
1409,0.6076381120022218,0.0030778254201314476,0.005065227738908177
1410,0.6075341334633694,0.0030840844427182275,0.005076396983881037
1411,0.6074227650552528,0.003098365375976832,0.0051008384180250416
1412,0.6073210824929685,0.0031082568731719464,0.005117979537962003
1413,0.6072207501495375,0.0031155922157071947,0.005130905383157496
1414,0.6071236529543393,0.003130536534105488,0.00515634091815054
1415,0.6070297513704563,0.0031410627688359762,0.005174479112011526
1416,0.6069367655892137,0.003153350908932133,0.005195518030401178
1417,0.6068528274588202,0.003161299647878307,0.005209334957070504
1418,0.606773640392525,0.003169211751177649,0.005223054431183711
1419,0.6067035602592752,0.003174729054225903,0.005232751647063321
1420,0.6066466698502544,0.0031756786790757686,0.005234807733898314
1421,0.6065984410959778,0.0031729082617059532,0.005230656801513155
1422,0.606562701102215,0.0031624598846078738,0.005213739451603621
1423,0.6065227283542365,0.003160874361514863,0.005211468942131333
1424,0.6064956239664521,0.0031577964582898527,0.005206626945859916
1425,0.6064687453010412,0.003153361981288628,0.00519954574035526
1426,0.6064461955396189,0.00314980559236324,0.005193874766681531
1427,0.6064323474223501,0.0031489009885842063,0.005192501689543208
1428,0.6064309563630566,0.0031582335886287285,0.005207902986301321
1429,0.6064171466419159,0.003157504978437163,0.005206820084033083
1430,0.60639179175895,0.0031427957061083292,0.005182780751355616
1431,0.6063761213202902,0.0031445235484175538,0.00518576414514945
1432,0.6063702578972913,0.0031412539287201287,0.0051804221724413855
1433,0.6063659104340109,0.0031296307740776687,0.00516129076556697
1434,0.6063582877876407,0.0031249903045606473,0.005153702633409183
1435,0.6063619254405925,0.0031167802865911228,0.005140131917627281
1436,0.606367129005873,0.003112158412847773,0.005132465570734508
1437,0.6063742104465015,0.0031108493780767255,0.005130246841774591
1438,0.606383200040401,0.003112869131342051,0.005133501606137261
1439,0.6063931507889286,0.0031162901380560686,0.0051390589323143205
1440,0.6063878004157458,0.0031379761805725823,0.005174866938980555
1441,0.6063748186655258,0.003147383582730709,0.005190491896839131
1442,0.6063571363854626,0.0031511437957294215,0.005196844576636156
1443,0.6063409866198824,0.0031616911653414618,0.005214378105901554
1444,0.606337724283425,0.0031678330628258367,0.005224535660501098
1445,0.6063300652315156,0.003178744528904853,0.005242597573800188
1446,0.6063298491193643,0.003185158988609175,0.005253178601111774
1447,0.6063115015044545,0.003206510321765674,0.005288552689185819
1448,0.6063151262265237,0.0032185671344999176,0.005308406462710346
1449,0.60630517564519,0.0032402919426416524,0.00534432505741609
1450,0.6062996870842436,0.0032614918954053467,0.005379339565702549
1451,0.6062942925016742,0.0032866283283566142,0.0054208465575280645
1452,0.6062973486868122,0.0033083019606762578,0.005456566761906109
1453,0.6063044875944309,0.0033308834428623047,0.005493746972050121
1454,0.6063035315395249,0.0033551351750274704,0.005533754960173359
1455,0.6063257637169674,0.0033678568543774384,0.005554533644969031
1456,0.6063499182686811,0.0033837594131893686,0.005580539076926177
1457,0.606367988396253,0.0033842029787926153,0.005581104285770913
1458,0.606396846972112,0.00338359814792638,0.005579841262073697
1459,0.6064280894508536,0.0033792307711569855,0.005572351990187365
1460,0.6064697593098388,0.0033736928762781193,0.005562837758171774
1461,0.6065214975518556,0.0033738427434141373,0.0055626103230177505
1462,0.6065706556685899,0.0033664704216709133,0.005550005411917323
1463,0.6066255220002857,0.0033568529663221777,0.005533649417276902
1464,0.6066860526128866,0.003345028448802608,0.005513606970847901
1465,0.6067475768001145,0.0033366754114366316,0.005499280984414806
1466,0.6067935829306436,0.003339979916806484,0.005504309885208927
1467,0.6068435022046006,0.003342692807101959,0.005508327591806284
1468,0.6068926536111289,0.0033489590891966196,0.0055182066701082375
1469,0.6069366629553736,0.003353046530598025,0.005524541085178381
1470,0.6069840953435954,0.003357538162274942,0.0055315092899993375
1471,0.6070354415260338,0.003359783754484123,0.005534740683407087
1472,0.6070999159270043,0.0033665471692577837,0.0055452934203050796
1473,0.6071465834722829,0.0033513085558730957,0.005519768449831173
1474,0.6072055435891495,0.0033288093692948415,0.005482178818095899
1475,0.6072542138498037,0.0033172578870742566,0.005462716950194332
1476,0.6073171215820473,0.0032974257357603625,0.005429495758609017
1477,0.6073817274854829,0.003280482845808706,0.005401023273106472
1478,0.6074482168514523,0.0032660411404318254,0.00537665771308127
1479,0.6075293794395156,0.0032679667194335333,0.005379108945230665
1480,0.6076041201797135,0.0032808514770977723,0.005399653109869271
1481,0.6076918973157532,0.003283429252244173,0.005403115076484428
1482,0.6077873182679345,0.0032858219879987414,0.005406203599908337
1483,0.6078861114701258,0.003290302028785066,0.005412694856323865
1484,0.6079819446949883,0.0033033272258422095,0.005433265337343889
1485,0.6080666420168195,0.00329562713301007,0.005419845301954438
1486,0.6081650415572664,0.0032928199637205207,0.005414352583122718
1487,0.6082707003236514,0.0032939280132168545,0.005415233729759146
1488,0.6083780937889032,0.003275311643017954,0.005383677809008079
1489,0.6084848397543225,0.0032599906462128215,0.0053575544257257945
1490,0.6085789412773146,0.0032389988237954436,0.005322232834736736
1491,0.6086690527912031,0.0032254893427537674,0.005299249777793836
1492,0.6087685633040736,0.0032069969384679498,0.005268006812083179
1493,0.608858920383921,0.0031765937479895034,0.005217290314128068
1494,0.6089550189174183,0.0031462287389606627,0.005166602854434031
1495,0.6090480366248302,0.0031240812253425904,0.005129449628727733
1496,0.6091254106635314,0.003106582032724223,0.0051000696709404495
1497,0.6092059382584141,0.003107852980585687,0.005101481757499534
1498,0.6092834073127966,0.003092603214848863,0.005075804096633094
1499,0.6093660683192065,0.0031017630759546987,0.005090147346914451
1500,0.6094538602729754,0.0031102489257283537,0.005103337805318467
1501,0.6095465980141573,0.003118088257743509,0.005115422295689833
1502,0.6096481527842464,0.0031213520564813482,0.005119923749832126
1503,0.6097668812767395,0.0031429062686101853,0.005154275125650509
1504,0.609886509139109,0.0031692088858905738,0.005196391194755398
1505,0.6100245487257979,0.0031735299336474146,0.005202298727610544
1506,0.6101645254939034,0.0031834157882345477,0.0052173072265348465
1507,0.6103103361257902,0.0031953578782231516,0.005235627989699589
1508,0.6104661479749208,0.0032052158369873986,0.005250439926308699
1509,0.6106320721293561,0.003212514788069978,0.005260966357151053
1510,0.6108087279226966,0.0032297860395522435,0.005287720839445835
1511,0.6109752099449814,0.003249705439347923,0.00531888264278441
1512,0.6111348649739574,0.0032695066494270023,0.005349893839825891
1513,0.6113042492139008,0.003285973022062909,0.00537534791601476
1514,0.6114558343453516,0.003317755177944204,0.0054259931651422086
1515,0.6116165651088392,0.003327308539762454,0.005440187087101456
1516,0.6117797967493954,0.0033389864959411123,0.005457824062975502
1517,0.6119581320194746,0.003354037239187276,0.005480827958146227
1518,0.6121413804356022,0.0033509328282886395,0.005474115842167218
1519,0.6123077549001854,0.0033613266566818807,0.005489603275120733
1520,0.6124882628296207,0.0033667742831308034,0.005496879675010781
1521,0.6126685897916087,0.003358039069205595,0.005481004127121629
1522,0.6128487354408476,0.00335074720548525,0.005467494687861138
1523,0.6130281245337429,0.0033289859733366027,0.005430396812329881
1524,0.6131992647350728,0.0033130644441054734,0.005402916530790123
1525,0.6133839654792876,0.0032936530403528752,0.005369643201838952
1526,0.6135730168278755,0.003274047736755064,0.00533603604943652
1527,0.6137610677704827,0.0032535899099217142,0.005301069228357119
1528,0.6139542982229255,0.0032329887438363055,0.005265845932171346
1529,0.6141422826348806,0.0032149721282347123,0.005234897871615974
1530,0.6143419453323732,0.0032099911638682975,0.0052250887120065
1531,0.6145446671620606,0.0031823518493424305,0.0051783898215867485
1532,0.6147458120609747,0.0031606141768129813,0.005141335027914741
1533,0.6149487247827237,0.0031434154798371835,0.005111670864831582
1534,0.6151523548018569,0.0031299096017608137,0.005088023442207208
1535,0.6153458602319823,0.003118155369233523,0.005067321600340326
1536,0.6155339660292787,0.0030969516594529533,0.0050313253701188
1537,0.6157321404676471,0.0030880158120183297,0.005015193473046557
1538,0.615916379769049,0.003094311427458154,0.005023914818791525
1539,0.6161013476729055,0.0030939199605897814,0.005021771129499907
1540,0.6162750301894102,0.0030874412116020673,0.005009843106337039
1541,0.6164549426712848,0.0030772212009035405,0.0049918023003741605
1542,0.6166303369039637,0.0030784810684953245,0.004992425581835716
1543,0.6168069933383595,0.003083300770602018,0.004998809682611078
1544,0.6169770851155054,0.003087529433067969,0.00500428542251281
1545,0.617158520750894,0.0030609757492140103,0.004959788524818122
1546,0.6173282954950597,0.00304915728345188,0.004939279967730365
1547,0.6175113645263337,0.0030289878429128813,0.004905153195417363
1548,0.6177098350511222,0.0030007317405099047,0.004857833840805791
1549,0.6179058749454999,0.002976982956478335,0.004817858313357045
1550,0.618095879361397,0.002965634167320934,0.004798016402220578
1551,0.6182960135670903,0.0029508876988992134,0.004772613172572262
1552,0.6184978343136158,0.0029369980993918625,0.004748598841338265
1553,0.6187015325345131,0.0029266250821245103,0.004730269650594819
1554,0.6189243368561084,0.0029143412980257373,0.004708719829679735
1555,0.6191541538875976,0.0028797485618048463,0.004651101092875234
1556,0.6193783832229984,0.0028537937159333823,0.004607512617865958
1557,0.6196056260809366,0.002828303662097785,0.004564683635923498
1558,0.6198401245678081,0.0028024394249420975,0.004521229449119862
1559,0.6200987460545075,0.0027855937632581887,0.004492177707150743
1560,0.6203693701220956,0.0027646252339796023,0.004456418010185598
1561,0.6206415634919196,0.002740164213282542,0.004415051093042397
1562,0.6209300791004249,0.0027141696718961774,0.004371135757875255
1563,0.6212183976468523,0.0026920578899200438,0.0043335128195131365
1564,0.6214936137414167,0.0026708167665734704,0.004297416268680615
1565,0.6217658800770505,0.002660272110305061,0.004278575257258238
1566,0.6220397375881175,0.0026494646934381396,0.0042593174251392895
1567,0.6223234499368917,0.0026377483269700228,0.004238548824148456
1568,0.6226183082157692,0.0026419504105629475,0.0042432905934519614
1569,0.622914562391022,0.002632976659880839,0.004226866441802722
1570,0.6232304925510335,0.002613211479060395,0.004193009665435154
1571,0.6235329892216275,0.002603426369049668,0.004175282485533914
1572,0.6238313356887109,0.0025977873970697927,0.004164246405163073
1573,0.6241169647472349,0.002602085752985568,0.004169227724869494
1574,0.6244181204164452,0.0025979355327821908,0.0041605703739820065
1575,0.6247219413970708,0.0025971604950224556,0.004157306351709697
1576,0.6250128694857822,0.002598474906663694,0.004157474243372847
1577,0.6253049853784205,0.0025867503172910147,0.004136781854898489
1578,0.6256042693379877,0.002576047734887617,0.004117695260637498
1579,0.6258963879770704,0.0025518782931527972,0.004077157724780295
1580,0.6261960852118452,0.00254408762468125,0.004062765138208382
1581,0.6265038319799441,0.0025375260919492143,0.00405029620318499
1582,0.6268200873047602,0.002512456871489706,0.004008258386059265
1583,0.6271359296614806,0.00249506692303504,0.003978510566890727
1584,0.6274635739034256,0.0024874403112907662,0.003964278429449698
1585,0.62779206577157,0.002489630794938085,0.003965693309421289
1586,0.6281154072173554,0.0024972836438255366,0.003975835674671434
1587,0.6284529377658783,0.0024960115593012913,0.003971676173834909
1588,0.6288022881693782,0.002490825767482459,0.003961222492898299
1589,0.6291508501657669,0.0024865978790765807,0.003952307905840736
1590,0.6294959859992026,0.0024895763607163594,0.003954872494960616
1591,0.6298454247848029,0.0024954083984056767,0.003961937802847856
1592,0.6302013500275873,0.0024846441001374186,0.00394261945016248
1593,0.6305658512497138,0.0024874213732741677,0.003944744816650578
1594,0.6309380144001232,0.002485435026195038,0.003939269737231025
1595,0.6312968990095161,0.0024724016519191566,0.003916384914607172
1596,0.6316529370971178,0.002463260077786553,0.00389970493782066
1597,0.6320078135368586,0.0024614701620037215,0.0038946831182810507
1598,0.6323972194838017,0.002449782596740877,0.003873803554576865
1599,0.6327770134352455,0.002444607634389445,0.003863300313514962
1600,0.6331822097959272,0.00243456085668111,0.0038449609275436874
1601,0.6335887975304265,0.002423239136163568,0.0038246243393329537
1602,0.6340068040750275,0.002408431451349078,0.003798747010077935
1603,0.634425313375232,0.0023972595312491242,0.0037786315909990507
1604,0.6348278440242897,0.0023796313235981805,0.003748467156880301
1605,0.6352464943517451,0.0023624939644666058,0.003719019286958015
1606,0.6356688826299342,0.0023481090950394686,0.003693918578057032
1607,0.6360950414675898,0.0023360419672648985,0.003672473160418315
1608,0.6365377086516415,0.0023202452351090905,0.003645102565917101
1609,0.6369882667408957,0.0023040603152702475,0.0036171157862275945
1610,0.6374341361485724,0.0022723443161313775,0.0035648299757855178
1611,0.6378833517648859,0.0022430583195248172,0.003516408310890632
1612,0.6383149460237337,0.002204577570020973,0.003453745809578776
1613,0.6387531732356632,0.0021763160542282926,0.0034071314952596834
1614,0.639194830871701,0.00214928490475597,0.0033624879316137236
1615,0.6396355566678905,0.0021308495680047662,0.0033313494626614998
1616,0.6400751383555577,0.0021044055565205126,0.0032877476883839355
1617,0.640517551226677,0.0020799979410198364,0.003247370719250958
1618,0.6409475793975178,0.0020658297462675308,0.0032230868992584125
1619,0.64137882060188,0.0020547429774462533,0.0032036339701988444
1620,0.6418204791371198,0.0020412110906632523,0.003180345839708184
1621,0.6422632646146841,0.002014309316086617,0.0031362673642794606
1622,0.6427165745490362,0.0019854239400343408,0.0030891127110381725
1623,0.6431792578001418,0.0019613264699833662,0.0030494243186443342
1624,0.6436554049408714,0.0019513175312859444,0.0030316183415956864
1625,0.6441161927320989,0.0019571879273693237,0.0030385634602161887
1626,0.6445957817538412,0.001957972122579899,0.0030375192919391628
1627,0.6450794568482952,0.00196174530200724,0.003041090955820948
1628,0.6455568711118111,0.0019518097465471944,0.0030234512773223026
1629,0.646041997690003,0.0019401056359147216,0.0030030642633943165
1630,0.6465314950891331,0.0019335477599021697,0.0029906474388159605
1631,0.6470290745651326,0.001927221781450029,0.0029785706040262754
1632,0.6475267930907517,0.001928754762913231,0.0029786485802494257
1633,0.6480262322425208,0.001926656406608162,0.002973114838176983
1634,0.6485199998731688,0.0019255377985548784,0.002969126316738815
1635,0.6490067063001883,0.001919788627231845,0.002958041278457723
1636,0.6495067499680722,0.001924130340890316,0.0029624485672934122
1637,0.6500083987906731,0.001915761026368058,0.0029472865734231912
1638,0.6505129494254857,0.0019070767837759566,0.0029316507618491407
1639,0.651010683205819,0.0019085932740350268,0.0029317387921138295
1640,0.6515244788650426,0.0019097465637773494,0.002931196947663629
1641,0.6520465911420003,0.001911176210054937,0.0029310424071195373
1642,0.6525726493385209,0.0019145062213069262,0.0029337825041358414
1643,0.6530902286109039,0.0019128577681011114,0.002928933375974222
1644,0.6536306504679921,0.0019257423246703447,0.0029462240231414106
1645,0.6541711522567254,0.0019229406472199828,0.0029395069479696907
1646,0.6547003747675111,0.0019295075572844293,0.002947161223131439
1647,0.6552554532319125,0.00193344962892147,0.0029506807144986406
1648,0.655811434974229,0.001907875261423632,0.0029091826700133774
1649,0.6563845316171566,0.0019019175628697746,0.0028975660931313484
1650,0.6569621191745245,0.0018746726998960584,0.002853547632626965
1651,0.6575406328814493,0.0018536329329439292,0.0028190393722453476
1652,0.6581188314655737,0.0018426082310870216,0.002799810828970951
1653,0.6586983574217953,0.0018301838897591277,0.0027784855831774536
1654,0.6592746401378957,0.0018069269072478256,0.0027407802412510265
1655,0.659841768765188,0.0017961651717196057,0.002722114992933694
1656,0.6604046253830353,0.001808168285227571,0.0027379703529163374
1657,0.660975816606695,0.0018217346274323261,0.0027561290166177523
1658,0.6615454844959449,0.0018417667220654217,0.0027840364196102547
1659,0.662114525300068,0.0018618942782004672,0.002812042640745063
1660,0.6626827163940392,0.0018862085887677194,0.002846322292863538
1661,0.6632586084019169,0.001885747093726109,0.0028431550979333797
1662,0.6638337701125554,0.0018910676480825047,0.002848706608827489
1663,0.6644163633164932,0.0018979016450557144,0.0028564944360824737
1664,0.6649857387299656,0.0018909496217694058,0.0028435942481727025
1665,0.6655823586619998,0.0018933587373791624,0.002844664845362375
1666,0.666173574014542,0.001880253467491363,0.002822467808442847
1667,0.6667686127995706,0.0018650272371894218,0.002797113123484782
1668,0.6673591021442975,0.0018439152112733764,0.002763003014941545
1669,0.6679461882669271,0.0018319508163368182,0.0027426622810589755
1670,0.6685332574111668,0.001810709351811886,0.002708480590514959
1671,0.669117336643533,0.0017916351769714889,0.0026776098583229033
1672,0.6697027850200145,0.0017922885405612225,0.0026762447172855326
1673,0.6702962185460904,0.001780171683424192,0.002655798487548509
1674,0.6708907723955104,0.0017793420294268784,0.0026522082321589935
1675,0.6714899233041915,0.001781756686757538,0.00265343771354017
1676,0.6720912021974821,0.0017849737547504607,0.0026558504990309008
1677,0.6727044299500978,0.0017903916609297054,0.002661483381434725
1678,0.6733105297731558,0.0018065522134641564,0.002683089204134086
1679,0.6739321541454599,0.0018210094583222093,0.0027020664426246786
1680,0.6745603344999359,0.001835536883625276,0.0027210862983605365
1681,0.6751816815630722,0.0018362949458814106,0.0027197049268728904
1682,0.6758139672277259,0.0018533754255037676,0.002742434331605408
1683,0.6764422673646046,0.0018568454786368916,0.0027450169337748464
1684,0.6770783215285929,0.0018619837732311477,0.0027500271593801375
1685,0.6777126720249897,0.0018742340473410595,0.002765528998802533
1686,0.6783567979020424,0.0018799392783757118,0.002771313391698601
1687,0.6789960980728023,0.0018730982253180926,0.002758628850201814
1688,0.6796317917852435,0.0018617444271327333,0.002739342758293192
1689,0.6802776382604816,0.0018533407351729546,0.0027243887362108196
1690,0.6809275336453599,0.0018359973201311853,0.002696318226848803
1691,0.6815984581574022,0.0018241927917113732,0.0026763452438592675
1692,0.6822640220973367,0.0018240579698680212,0.0026735367992301784
1693,0.6829328427429294,0.001829534712054945,0.0026789379534110664
1694,0.6835815327237572,0.00182389301744229,0.0026681426137638875
1695,0.6842579584180921,0.0018144307239981593,0.002651676464520584
1696,0.6849373368365989,0.001833010191953403,0.002676172101259962
1697,0.6856223871470409,0.001853280112711364,0.002703062425401671
1698,0.6863212368644902,0.0018729089886827237,0.002728910148896526
1699,0.687026588236783,0.0018979318297241714,0.002762530391429409
1700,0.6877462166541509,0.0019222885882750798,0.0027950551260418595
1701,0.6884674812293339,0.001931181839359902,0.002805044380471778
1702,0.6891939399205509,0.0019389451839999263,0.0028133520504017265
1703,0.6899191374299442,0.0019489801048587694,0.002824939908347843
1704,0.690657797478314,0.0019564535139522405,0.0028327393408074442
1705,0.6913819714331191,0.0019515506702231717,0.0028226808780939627
1706,0.6921146376765586,0.0019676567131872882,0.0028429635873512913
1707,0.6928558076661128,0.0019826768451707676,0.0028616009611717357
1708,0.6936056650876117,0.002002939883023567,0.0028877213434676443
1709,0.694351744813221,0.002022216711110207,0.0029123808303443935
1710,0.6950929691316148,0.0020405492645487722,0.0029356494097444934
1711,0.695835308687864,0.0020607451744622716,0.002961541544001578
1712,0.6965888215130633,0.002084249451626748,0.002992079957728207
1713,0.6973447254275774,0.0021023160159548103,0.0030147442710859737
1714,0.6981090312422846,0.0021150604695405876,0.0030296993376189942
1715,0.6988858685665706,0.002100520272356861,0.0030055268919159453
1716,0.6996812394683063,0.002076044109878642,0.0029671284476002896
1717,0.7004908961046568,0.0020603611407484126,0.0029413103756320406
1718,0.7012979185805546,0.0020529744503499678,0.00292739276127504
1719,0.7020977834725203,0.002027874250850084,0.0028883074389159553
1720,0.7029026779829228,0.0019998419115825465,0.0028451192095630814
1721,0.7036983548769252,0.0019874685250403806,0.0028243188452358723
1722,0.7045103747877677,0.001970896878480393,0.0027975413123960333
1723,0.7053222422736964,0.0019581661990647767,0.0027762717261721075
1724,0.7061458076711021,0.0019520361096991338,0.0027643527561779756
1725,0.7069705070730392,0.0019446939603878655,0.002750742698502631
1726,0.7077927272249093,0.001941324732255615,0.002742787058390806
1727,0.7086427343312395,0.0019373524072526,0.002733891583720136
1728,0.7094814560168631,0.0019414866342276447,0.002736486792942336
1729,0.7103247353536157,0.0019507421501779195,0.002746268084282319
1730,0.7111688322242276,0.0019570057595899117,0.0027518159836522177
1731,0.7120243943210377,0.0019544397575087624,0.0027449056143258265
1732,0.7128959423238115,0.0019685349585331765,0.0027613215922037454
1733,0.7137757738576122,0.0019829523822614053,0.0027781166787778588
1734,0.7146560930062469,0.0019855549260507977,0.002778336245197929
1735,0.7155375553398339,0.001984525302031009,0.002773474693565858
1736,0.7164398198420742,0.0019728830903136293,0.0027537317659821234
1737,0.7173471256679731,0.0019617125691082067,0.0027346768376349403
1738,0.7182404358785826,0.001958937798853708,0.002727412299555999
1739,0.7191220184094391,0.0019508497807832691,0.0027128216503482638
1740,0.7200137606520108,0.0019441967241497565,0.002700221621305102
1741,0.7209090451732668,0.001916016391091774,0.0026577782647064295
1742,0.7218164272872496,0.0018829883415702744,0.002608680365791858
1743,0.7227331069634924,0.0018666227844778953,0.0025827276576831626
1744,0.7236546042763481,0.001845529473442912,0.00255029051502883
1745,0.7245765088237687,0.001812396298056523,0.0025013180471426706
1746,0.7255243812328516,0.0018013930506857684,0.0024828842383280638
1747,0.7264915265089608,0.001795617200713853,0.0024716285533878217
1748,0.7274636857014063,0.0017894051802241561,0.002459786262043921
1749,0.7284318505134667,0.0017678647869836315,0.002426946028976459
1750,0.7294045020336126,0.0017472374607860482,0.002395430047270988
1751,0.73037036652447,0.001730834031900767,0.0023698032001723854
1752,0.7313402316422885,0.0017188713602200485,0.0023503033005037514
1753,0.7323069499355641,0.0017129016906223841,0.0023390487974654654
1754,0.7332799881874438,0.0017024869195332952,0.0023217419634505273
1755,0.7342735990411542,0.001708400334823087,0.0023266536302734963
1756,0.7352669552857003,0.0017163951392692772,0.0023343836234314967
1757,0.7362656035617727,0.001724800176354054,0.002342633104154435
1758,0.7372598315737882,0.0017270714478518647,0.0023425546515469043
1759,0.7382503643887895,0.0017217442510420369,0.0023321955993445384
1760,0.7392382585878428,0.0017178634768879675,0.0023238292349337815
1761,0.7402312746427291,0.0017304683230020038,0.0023377400851338124
1762,0.7412125320724038,0.0017452877565831545,0.00235463875887715
1763,0.7422071630724718,0.001757303742366465,0.0023676728409516516
1764,0.7431976288107811,0.0017597039801952924,0.0023677470325235857
1765,0.7441765102707889,0.0017462846560015843,0.0023466000765949343
1766,0.745139994942528,0.001727639588011592,0.002318543629032882
1767,0.7461007562541239,0.0017218551452935986,0.002307805119965768
1768,0.7470636900676164,0.0017213187370913256,0.0023041124337545168
1769,0.7480434124270579,0.0017184131154672226,0.002297210411748377
1770,0.7490066256742188,0.0017140434320466436,0.002288422255949667
1771,0.7499799608078024,0.0017117705581681983,0.002282421728074511
1772,0.7509500216860074,0.0017145732668109813,0.0022832055626837585
1773,0.7519105106251708,0.001713547209312003,0.002278924400042348
1774,0.7528670707141638,0.0017140282257308475,0.002276667810832706
1775,0.7538259494251149,0.001717188666383781,0.002277964386465269
1776,0.7547972829863342,0.0017035987996131352,0.002257028261777645
1777,0.7557682991555261,0.0016860957022280505,0.0022309690736063495
1778,0.7567267633644906,0.0016716516335964439,0.002209055784103758
1779,0.7576974431580306,0.0016657030653906806,0.002198374932411208
1780,0.7586614601092475,0.0016640212768294148,0.0021933647144667073
1781,0.759625490373727,0.001648534663601755,0.002170193976495832
1782,0.7605791252756552,0.0016324220491004426,0.0021462882622617432
1783,0.761528720068534,0.0016264096580489594,0.0021357167696874125
1784,0.762478480485679,0.0016118076685568315,0.0021139057820099417
1785,0.7634268145481109,0.0016060349204777076,0.0021037182476074737
1786,0.7643823382370868,0.0015928665352300812,0.0020838609888655293
1787,0.7653313102331751,0.0015772167388027568,0.0020608287126293355
1788,0.7662717667613629,0.001565812598278731,0.002043416795710243
1789,0.7672027559527355,0.0015586566049180716,0.00203160975742649
1790,0.7681473722305637,0.0015619646928972828,0.002033417999415417
1791,0.7690794152436874,0.001565247530144464,0.002035222239888589
1792,0.7700009419213654,0.0015630865784641607,0.002029980086211099
1793,0.7709164303686606,0.0015528243193533213,0.0020142576525587134
1794,0.7718227653352716,0.0015361437022448753,0.001990280374248343
1795,0.7727193739237653,0.0015280335769144709,0.0019774754308997345
1796,0.7736074935310551,0.0015309377515125163,0.001978959309875221
1797,0.7744987692577902,0.0015222368761165306,0.001965447766399042
1798,0.7753751005709353,0.0015160842247518515,0.0019552913469048807
1799,0.7762398893141134,0.0015181163321613782,0.001955730893323181
1800,0.77708626412992,0.0015208801890798686,0.001957157473093096
1801,0.7779176905948765,0.0015210042404470879,0.0019552251592118573
1802,0.7787428268449119,0.0015225399944134332,0.0019551255458519295
1803,0.7795559908303625,0.0015134262358419848,0.001941395170640563
1804,0.7803503473483424,0.0015106315593255237,0.0019358376201903443
1805,0.7811348630502903,0.0015089199876790903,0.0019317022694222577
1806,0.7819201715209807,0.0014886125949175853,0.0019037910123509872
1807,0.7827014190245951,0.001477760984339886,0.0018880264535376416
1808,0.783453531610905,0.0014726375875555228,0.0018796744518178963
1809,0.7841940707654499,0.001460547624068316,0.001862482360575207
1810,0.7849217681614585,0.001449765129634821,0.0018470186309530456
1811,0.7856364017616955,0.0014391368747496691,0.001831810327936151
1812,0.7863447117326436,0.0014375994367495347,0.0018282051310320466
1813,0.787039023089297,0.0014295926500966709,0.0018164190188247758
1814,0.7877148053239729,0.0014183043306819044,0.0018005302440628642
1815,0.7883968824342334,0.0014185868343913374,0.0017993308522623098
1816,0.7890612136618309,0.0013984413732015667,0.0017722850255327577
1817,0.7897259824440523,0.0014097825864666195,0.0017851541139669855
1818,0.7903761817701538,0.00142130869601736,0.001798268633088295
1819,0.7910238902909301,0.0014505524790395653,0.001833765701445588
1820,0.7916720739312264,0.0014686360179870617,0.0018551065098131073
1821,0.7923048980767833,0.0014945745833704802,0.0018863629229080433
1822,0.7929218431151719,0.0015012339647983346,0.0018932937436814694
1823,0.7935376752029337,0.0015038471272123587,0.0018951174899512811
1824,0.7941334238953621,0.001501281089441384,0.001890464554529565
1825,0.7947129334962157,0.001492737701648497,0.0018783357344914849
1826,0.7952715415542558,0.0014838709516193465,0.0018658670329373434
1827,0.7958172786502826,0.001475575355959885,0.0018541635065557785
1828,0.7963409016582725,0.0014642896792788783,0.001838772410445944
1829,0.7968607122698318,0.001445691648136605,0.001814233812605216
1830,0.7973490028029688,0.0014246619550146696,0.0017867482746030533
1831,0.7978276831279734,0.0014083493782347904,0.0017652300214918565
1832,0.798295368469827,0.001405445964629013,0.0017605588359142965
1833,0.7987405783645292,0.0014022474149526123,0.0017555730270068421
1834,0.799179154222888,0.0014124131387318701,0.0017673298049237574
1835,0.799597680604392,0.0014184776076161688,0.0017739891473221683
1836,0.799997303230811,0.001415793438501572,0.0017697477638785174
1837,0.8003799148654153,0.0014115380673495458,0.0017635850689567808
1838,0.8007484726013574,0.0014224666171654796,0.0017764212681472536
1839,0.801095434260166,0.0014467126561868604,0.0018059179896873835
1840,0.801427410338943,0.001459353126190299,0.0018209423677848792
1841,0.8017359838181118,0.0014935659847398084,0.0018629149930716477
1842,0.8020305918952604,0.0015233210978849582,0.001899330416169329
1843,0.8023147716989787,0.0015358174449075115,0.0019142330405499956
1844,0.8025826830797383,0.0015393986205732072,0.0019180561118838201
1845,0.8028712181972975,0.0015416436691741964,0.0019201630775053553
1846,0.8031255963947561,0.0015571247799353804,0.0019388309710527704
1847,0.8033714200998456,0.0015597612857859923,0.0019415195098577691
1848,0.8036131822159239,0.0015512011502984786,0.0019302833560060793
1849,0.8038256516483371,0.0015475821477831263,0.001925270914917471
1850,0.8040178144240899,0.0015504125359347193,0.0019283310744119078
1851,0.8041853160672598,0.0015525271178311896,0.0019305588983190792
1852,0.8043477660423293,0.001567257377718037,0.0019484822907254265
1853,0.8044932150826195,0.0015834819697174974,0.0019682974822290795
1854,0.8046239485735581,0.0016029407497579263,0.001992161372526419
1855,0.8047351585428217,0.0016089348245007604,0.001999334572897433
1856,0.8048450659903633,0.0016254499521223152,0.0020195811850100566
1857,0.8049274675896454,0.0016464017403182076,0.00204540384893108
1858,0.8049944335393183,0.0016525560257509575,0.0020528788236275942
1859,0.8050463150364932,0.001659544238120738,0.0020614270348476905
1860,0.8050909681066519,0.0016455616523118085,0.0020439449919326604
1861,0.8051126145361829,0.0016406413463182841,0.0020377787115699844
1862,0.8051247850194934,0.001638540655903165,0.0020351387590974404
1863,0.8051202081415504,0.0016361853832008977,0.0020322249605157537
1864,0.8051010453535735,0.0016382006838623789,0.0020347764958408864
1865,0.8050676364927888,0.0016360888809449808,0.002032237798146337
1866,0.8050502824078428,0.0016620868397849388,0.002064575190028834
1867,0.8050166765955463,0.0016844409491581606,0.00209242988143021
1868,0.8049628569402462,0.0016947547748938172,0.0021053825779437448
1869,0.8048897080212672,0.0016985826359070008,0.0021103296749597896
1870,0.8048086167498887,0.0017083263842157523,0.0021226492220157863
1871,0.8047291170708138,0.001747646492580181,0.002171720216787425
1872,0.8046359141396211,0.0017800756768654215,0.002212274701619323
1873,0.804531221543467,0.0018120567649910853,0.0022523137902774157
1874,0.8044329749111071,0.001841501060031822,0.002289191414903541
1875,0.8043218528151448,0.0018563981030494997,0.002308028927166487
1876,0.8042055077195517,0.0018679118048394233,0.002322679696805577
1877,0.8040832001607612,0.0018739452669889259,0.0023305365248450236
1878,0.8039446837312646,0.0018795878914294054,0.002337956739393897
1879,0.8038248817157392,0.0018915111155147425,0.0023531382998214375
1880,0.8036941512516265,0.0018981979434155893,0.0023618411810754705
1881,0.803556981886134,0.0019046819702613273,0.002370313510052017
1882,0.8034191620132315,0.0019096166056760712,0.002376862161080273
1883,0.803272833897779,0.0019089920690757627,0.0023765176519323105
1884,0.8031118380078646,0.0019091097847780411,0.0023771406352490424
1885,0.8029490136989468,0.001915138175028242,0.002385130490671844
1886,0.8027796848394282,0.001925606168565907,0.002398673266066849
1887,0.8026010279697846,0.0019260745468548945,0.0023997907798934508
1888,0.8024082933127552,0.0019294365311302052,0.0024045570655364195
1889,0.8022194520764468,0.0019202914024830974,0.0023937233103892685
1890,0.8020359052684267,0.0019219314262551273,0.0023963159425037114
1891,0.8018492000064356,0.0019218904887287616,0.0023968228548626558
1892,0.8016637052549476,0.0019287530445073996,0.0024059378413470913
1893,0.8014721559749857,0.0019362331242099243,0.002415845778016467
1894,0.8012788718180763,0.0019409017027510968,0.00242225493647081
1895,0.8010862503178364,0.0019435016672362424,0.0024260829173701893
1896,0.8008949130488553,0.0019544551371963995,0.002440339057412862
1897,0.8006927212963785,0.0019536714495459085,0.0024399765322991513
1898,0.8004835307699848,0.0019482976523253735,0.0024339009828863146
1899,0.8002704110262423,0.0019423171035362799,0.0024270759942823725
1900,0.8000528102966248,0.001948094145194586,0.0024349569429951974
1901,0.7998262302517494,0.0019526570275927345,0.002441351575801816
1902,0.7996057230092741,0.001955669958349731,0.002445792847742097
1903,0.799382168121336,0.0019591847959785024,0.002450873779912893
1904,0.799155837178245,0.001962979662715529,0.002456316492220907
1905,0.7989226638198119,0.001970354107682424,0.0024662638787360967
1906,0.7986868484823374,0.001970022959887206,0.002466577437240438
1907,0.7984487833963094,0.0019695750233862967,0.0024667518622903326
1908,0.7982106584925294,0.0019615466055722436,0.002457429733244538
1909,0.7979779633036383,0.0019529508108445388,0.002447374364524177
1910,0.7977500795448641,0.0019471939960963097,0.002440857163194808
1911,0.7975166307124466,0.0019443376532223798,0.0024379901037116206
1912,0.7972862927041673,0.0019370019784007801,0.0024294936412753605
1913,0.7970636640033103,0.0019244835051397114,0.002414466487499697
1914,0.7968449738279297,0.0019109135847062287,0.002398099564494298
1915,0.7966285654272462,0.0019053067541935109,0.0023917128218615418
1916,0.7964256454228519,0.0019165846285338474,0.002406482814244714
1917,0.7962377284636403,0.0019281871654402338,0.0024216224583589086
1918,0.7960515963114387,0.0019244168430210863,0.002417452401248873
1919,0.7958688132868638,0.0019219402025087546,0.0024148957346014368
1920,0.7956907243809592,0.0019194318087778098,0.002412283755439165
1921,0.7955254755744571,0.0019168609954826037,0.0024095532504454604
1922,0.7953498213214868,0.001927218431298401,0.002423107894959096
1923,0.7951829448904177,0.0019315141651606975,0.0024290186020361326
1924,0.7950288091331839,0.001936637321317272,0.002435933514697132
1925,0.794882561510636,0.00195224919777273,0.0024560221752287213
1926,0.7947319312052337,0.001951668458448029,0.0024557569437134207
1927,0.7945986198004997,0.00196598656804303,0.0024741882493284862
1928,0.7944599529885396,0.0019700736094077414,0.002479764526829662
1929,0.7943393237216263,0.001964936792242571,0.002473674327284314
1930,0.7942252642247174,0.001959715978159735,0.002467456106514958
1931,0.7941282885611003,0.0019472948346880292,0.0024521161917256196
1932,0.7940356938764532,0.0019395579475440532,0.0024426583874022113
1933,0.7939556950176626,0.0019269121218756906,0.0024269768879645404
1934,0.7938718668680831,0.0019061412570299248,0.0024010691606315185
1935,0.7937923721896567,0.0018917212961186288,0.002383143706584585
1936,0.7937253283454309,0.0018798230902991402,0.002368354672790582
1937,0.7936606365001928,0.0018744311465558534,0.002361753954210879
1938,0.7936027474690831,0.0018765432829780748,0.0023645876844084145
1939,0.793549555338352,0.0018768201546008037,0.002365095086973578
1940,0.7935051148030499,0.0018769347625396864,0.002365371977476852
1941,0.7934673976861675,0.0018805949544077253,0.0023700973220723794
1942,0.7934375123632804,0.0018836232443906616,0.002374003264327932
1943,0.7934080830994852,0.0018959164229457937,0.002389585464694674
1944,0.7933875048721131,0.0019075903523382482,0.0024043614761058464
1945,0.7933801715832146,0.001929437533998403,0.002431920538356978
1946,0.7933758302778753,0.0019401340601640296,0.0024454161396428083
1947,0.7933713871253594,0.0019476753712754037,0.0024549352332108427
1948,0.7933604277782835,0.0019474434585307252,0.002454676828266216
1949,0.7933458489055785,0.001961923258786975,0.0024729734976157627
1950,0.793333525192596,0.001974268297234472,0.0024885728820740085
1951,0.7933472999868393,0.0019731243795167363,0.0024870877855757098
1952,0.793380113347442,0.0019619220313056144,0.0024728651478644224
1953,0.7934006671330505,0.001941626762761428,0.0024472209858071923
1954,0.7934160192998098,0.001930865271056091,0.00243361014157501
1955,0.7934434152261626,0.001918908044723861,0.0024184560712207774
1956,0.793481652173705,0.0019150949544515592,0.002413534010780524
1957,0.7935306600072798,0.0019106558515260836,0.0024077908363472123
1958,0.7935913876949089,0.0019058503164313787,0.002401551158420674
1959,0.7936673584665391,0.0019012774904258593,0.0023955596386115163
1960,0.793755828417444,0.0018962843493559973,0.002389002110556753
1961,0.793860750081754,0.0018995632032954579,0.0023928166282308773
1962,0.7939657770120669,0.001879816824620471,0.002367629536495628
1963,0.7940852222312469,0.0018542768370992818,0.002335110621866345
1964,0.7942163623493004,0.0018296311481222224,0.002303693596427747
1965,0.794333906853774,0.0017934631191327763,0.00225782017317678
1966,0.7944600561215986,0.001778894112828813,0.002239123413596188
1967,0.7946076498900176,0.001766373897094392,0.0022229510341850818
1968,0.7947572001436637,0.0017501375028458825,0.002202103362548361
1969,0.7949133740872708,0.001733575007701697,0.002180835125201169
1970,0.7950777650815561,0.0017017978592909421,0.002140416867419727
1971,0.7952470458285135,0.0016695482967459094,0.0020994083605887794
1972,0.7954208821594756,0.0016329500284093842,0.002052938343755967
1973,0.7955908406814783,0.0016112233429192767,0.0020251909153945927
1974,0.7957635154963204,0.0015864419197296944,0.001993609770787525
1975,0.7959428568815805,0.0015725634148122778,0.0019757240123661817
1976,0.7961278832926151,0.0015589570342653119,0.0019581741413424664
1977,0.796323456541547,0.0015547080856161018,0.001952357516088046
1978,0.7965149721239169,0.0015539862451833689,0.0019509818390979464
1979,0.7967165055824481,0.0015573044479568897,0.0019546531759354045
1980,0.7969139015947272,0.0015615874102553344,0.0019595434426860885
1981,0.7971193919270283,0.001569172025852162,0.0019685533205492643
1982,0.7973268689956743,0.0015687277686561379,0.0019674838885489114
1983,0.7975355139937224,0.0015686535285572365,0.0019668760839276983
1984,0.7977522938740798,0.001575742152843677,0.0019752273543351268
1985,0.7979667451013983,0.0015698566326621632,0.0019673208718274096
1986,0.7981777731722423,0.0015638508399554991,0.001959276357371115
1987,0.7983989832047058,0.001555125895101598,0.001947805455437148
1988,0.7986083129118997,0.0015548710544234106,0.0019469757943716018
1989,0.7988174338620054,0.0015478015711310922,0.0019376161629923473
1990,0.7990311643096696,0.0015325592935587524,0.0019180219270706685
1991,0.7992475426113004,0.0015242259162818518,0.001907076137265187
1992,0.7994687068395715,0.001512738913103275,0.0018921802694233968
1993,0.7996873526695092,0.0014876933656387333,0.0018603437464310628
1994,0.7999227864064253,0.001471662289807969,0.0018397554299200145
1995,0.8001600002933108,0.0014600875223464802,0.001824744453373404
1996,0.8003858115272073,0.001465807700635763,0.0018313764181287415
1997,0.8006373063137987,0.0014566413423514994,0.001819352322037051
1998,0.8008992450695848,0.0014530296805315116,0.0018142477839459914
1999,0.80116035406433,0.0014622359691857025,0.0018251476895576524
2000,0.8014285691903185,0.001469143741692084,0.0018331561890492084
2001,0.8016942860192774,0.0014687033311476918,0.0018319992505377238
2002,0.8019706997007955,0.0014646625932240415,0.0018263293082533907
2003,0.8022362650765158,0.0014617909606726724,0.0018221452012434885
2004,0.8024944869765445,0.001461520066298569,0.0018212213168029986
2005,0.8027567255341111,0.0014567269668106647,0.0018146555743166612
2006,0.8030205686420869,0.0014560338168441427,0.0018131961667013155
2007,0.8032846257610027,0.0014567399842919009,0.0018134792296215533
2008,0.8035573665182785,0.001448924568534649,0.0018031376836387827
2009,0.8038396329805202,0.0014422166944448756,0.001794159724492989
2010,0.8041308273563551,0.001416763347154815,0.0017618567762319704
2011,0.8044227915157265,0.0014210932280443568,0.0017665999062093636
2012,0.8047294267865837,0.001421010779679227,0.0017658243036464511
2013,0.8050371987922509,0.001414529831979716,0.001757098720533474
2014,0.8053435685075871,0.0014093764315657356,0.0017500312744503626
2015,0.8056483747016528,0.0014056145144174653,0.0017446997456402635
2016,0.8059616620224261,0.0014132754728857088,0.001753526922532928
2017,0.8062462341395911,0.0014157377398609052,0.001755961987682027
2018,0.806535780651721,0.001426150669568355,0.0017682422823398537
2019,0.806829859139165,0.0014419340207066306,0.00178715996238052
2020,0.8071429913891489,0.0014679809061953753,0.0018187371034082557
2021,0.8074521554172085,0.0014944830431462353,0.0018508626586971456
2022,0.8077345733660832,0.0014918500454899244,0.0018469557880541345
2023,0.8080193001490473,0.0014955588965130545,0.0018508950172813738
2024,0.8082977434598446,0.0014946720503523265,0.0018491602413171653
2025,0.8085591045710109,0.001486189998837709,0.0018380721835124494
2026,0.8088279406482014,0.0014841317287732749,0.0018349164935918007
2027,0.8090831177800378,0.0014769699993516852,0.0018254861174265944
2028,0.8093328078494398,0.00147075063007077,0.0018172383669690228
2029,0.8095768469189075,0.0014654691455475684,0.0018101668187829973
2030,0.809828694548437,0.0014521862100609927,0.0017932017225824979
2031,0.8100764996654997,0.0014494237873856658,0.0017892430998605296
2032,0.810315838947244,0.0014480432964900226,0.0017870109738584267
2033,0.8105454814032882,0.0014489643447879491,0.0017876410121729057
2034,0.8107742964607514,0.0014680602414921555,0.0018106891744109732
2035,0.811006856100855,0.0014730498732398783,0.0018163223432191222
2036,0.8112259506596938,0.00148376910201075,0.0018290454105963202
2037,0.8114347081581327,0.0014948275223368446,0.0018422030846202502
2038,0.81163804862442,0.001505195400238713,0.0018545155722920427
2039,0.8118381157083269,0.0015087655011455463,0.001858456103442682
2040,0.812032060947917,0.001512000974369738,0.0018619966465421571
2041,0.8122260625149995,0.0015248749393241524,0.0018774021294053122
2042,0.8124095421107679,0.0015371297284181341,0.0018920626220421156
2043,0.8126074376033763,0.001556418005252728,0.0019153381242030874
2044,0.8128006673963777,0.0015781865366543925,0.0019416649123945168
2045,0.8129826787637742,0.0016014090379896232,0.001969794781390342
2046,0.8131533910775589,0.0016260027631493034,0.0019996261234237595
2047,0.8133170616602243,0.001648158902014835,0.0020264654213086935
2048,0.8134786619584278,0.0016655393769194032,0.0020474284757631654
2049,0.813636414805687,0.0016958069124213978,0.002084231828323946
2050,0.813791774161533,0.0017302627831565253,0.00212617384212227
2051,0.8139425452385746,0.0017583912608648891,0.002160338307846394
2052,0.8140859286892669,0.0017817855911209663,0.00218869474133985
2053,0.8142208229909695,0.00180058910234115,0.002211426005695657
2054,0.8143650579017917,0.0018227135806683837,0.002238202097428637
2055,0.8145012309651127,0.001844232880810879,0.0022642481198286517
2056,0.8146231332684204,0.0018640564047867788,0.0022882438868484325
2057,0.8147328917196222,0.0018868187686303945,0.0023158740586107507
2058,0.8148368905327453,0.001902322185041201,0.0023346048849082557
2059,0.8149223830939901,0.0019220939943308945,0.002358622163540705
2060,0.8150098167847156,0.0019524670954103,0.002395636291981061
2061,0.8150779400590418,0.0019828827284129836,0.002432752293933203
2062,0.815131205351897,0.001987751404135595,0.002438566197790785
2063,0.8151818394241335,0.002005647903787274,0.0024603687260797147
2064,0.8152291417512665,0.0020135698995370033,0.0024699434752926937
2065,0.8152672062350884,0.002015270107283068,0.002471913615401758
2066,0.8152948516398271,0.0020147022808900844,0.00247113332905004
2067,0.8153059139209746,0.0020131727534025375,0.002469223783402691
2068,0.8153191634981385,0.002015400647053478,0.002471916198322106
2069,0.8153373834521112,0.002022871053242132,0.002481023309243302
2070,0.8153346441344592,0.002031185544170518,0.002491229286996358
2071,0.8153196934427853,0.002035861589791439,0.002497010198778309
2072,0.8153029870667352,0.0020307709284755056,0.0024908174760670666
2073,0.8152857825686122,0.0020176576161448885,0.0024747857245690265
2074,0.81525067540438,0.002007365337191366,0.0024622676162711233
2075,0.8152044650378338,0.0020145267840207307,0.0024711920388306953
2076,0.8151433670032828,0.0020001322431156374,0.0024537183568931406
2077,0.8150758842247245,0.0020033566941659374,0.0024578775215162566
2078,0.815001772251897,0.0019791052640123407,0.0024283447366549383
2079,0.8149247331966667,0.0019704112784207704,0.0024179058484229965
2080,0.8148315105395533,0.0019684513197735947,0.002415777119947355
2081,0.8147241501688139,0.001966528403392543,0.0024137352538096124
2082,0.8146045372512141,0.0019633483749046596,0.0024101859063168796
2083,0.8144855049145818,0.0019496708327392462,0.0023937452796581266
2084,0.8143466009646125,0.001940740116024477,0.0023831868564633597
2085,0.8142128800297701,0.0019421488420672747,0.0023853084244949106
2086,0.814068326590632,0.0019498299369706113,0.0023951674242586227
2087,0.8138983026023059,0.00195933848426242,0.0024073504982105964
2088,0.8137322556191157,0.0019613346322064767,0.0024102948097027635
2089,0.8135523774842695,0.001956855379193873,0.0024053219354419624
2090,0.8133557119209854,0.0019527873661312,0.002400902013116871
2091,0.8131524855727198,0.0019589979781059145,0.0024091397528301873
2092,0.8129383802692864,0.00196463495776123,0.0024167083329371696
2093,0.8127072331949401,0.0019701119755485795,0.0024241349099399716
2094,0.812467635405507,0.0019693141645864614,0.0024238678302595596
2095,0.8122154568044133,0.0019666913279829923,0.0024213911610605856
2096,0.8119527829796326,0.0019578115884899376,0.0024112382265694485
2097,0.8116673535247992,0.0019553533022986383,0.002409057471397851
2098,0.8113837527096714,0.0019457440879094103,0.0023980565070615047
2099,0.8111057166084745,0.00194601807858775,0.0023992163274656145
2100,0.8108260318205511,0.0019323596894812406,0.002383198878238412
2101,0.8105424966537658,0.001918973315493243,0.00236751721645134
2102,0.8102311360138612,0.0019113008251125444,0.0023589575124398163
2103,0.8098976997592144,0.0019090830809483494,0.002357190397646427
2104,0.8095678411061838,0.0019041970684850606,0.002352115501380574
2105,0.8092549931787882,0.0018934061672852647,0.0023396904353322357
2106,0.8089303589538714,0.0018845321188361698,0.002329659281515028
2107,0.8085982758359579,0.0018727606317558863,0.0023160581560970547
2108,0.8082506308550498,0.0018595144236064778,0.002300665601261943
2109,0.8079001560104295,0.0018349030990270677,0.002271200327634768
2110,0.8075519857994339,0.0017983814904984612,0.0022269544526203576
2111,0.8072058169079925,0.0017489809925470016,0.0021667100953837097
2112,0.8068477137250458,0.001689234202710395,0.002093622097423511
2113,0.8064904933993808,0.0016554375434440396,0.0020526435921970044
2114,0.806115776979027,0.001635652039712688,0.0020290535012754667
2115,0.8057408804642684,0.0016144757001182685,0.0020037157593245196
2116,0.8053811904305306,0.001599353711294291,0.001985834447461243
2117,0.8050075554107743,0.0015788415168702466,0.0019612754020235314
2118,0.8046146083054072,0.0015666182216210324,0.001947041733334267
2119,0.8042178464206164,0.0015590019372983923,0.0019385318844106002
2120,0.8038091215358945,0.0015532374826540797,0.001932346176522854
2121,0.8033795210037116,0.0015480282225163885,0.0019268952992258768
2122,0.8029394382220254,0.001548693741238148,0.0019287802635121153
2123,0.8024923606931562,0.0015347432485069837,0.0019124708516618683
2124,0.8020462635038852,0.001505935726392408,0.001877617033976885
2125,0.8015918756241858,0.0014860277328537551,0.0018538458011399016
2126,0.8011370190113736,0.0014666427841555742,0.0018307015521083448
2127,0.8006668998334405,0.001452164285372797,0.0018136934169189268
2128,0.8001956382143531,0.0014297635007155516,0.0017867674259086032
2129,0.7997481302454073,0.0014136844663057738,0.001767662108659106
2130,0.79928444154717,0.0014040992457176962,0.0017566953298875552
2131,0.7988248534788452,0.0013936565869069933,0.0017446334835949126
2132,0.7983573243536022,0.0013834668541637528,0.0017328917916346422
2133,0.7978848970609909,0.0013747558393897871,0.0017230002027281133
2134,0.7974097212473588,0.0013738044654560664,0.0017228338567368787
2135,0.7969290141647785,0.0013651726735314153,0.0017130417506033265
2136,0.7964434537907176,0.0013726027843973354,0.0017234152379109339
2137,0.7959573958012558,0.0013785920635367808,0.001731992278492509
2138,0.7954704615397014,0.0013848666523473526,0.0017409403859784112
2139,0.7949754651059374,0.0013807037684549198,0.0017367878998264794
2140,0.7944825911049234,0.0013697056023213138,0.0017240221719854194
2141,0.7940092941871467,0.0013772651477035047,0.001734570562065594
2142,0.7935191223274536,0.0013956480662974421,0.0017588083601613748
2143,0.7930404435797525,0.0014103901205951793,0.0017784592601970404
2144,0.7925635651590508,0.0014387877622022156,0.0018153594556336704
2145,0.7920748318732975,0.0014582277178799292,0.0018410226650317192
2146,0.7915965614217999,0.0014729727806321018,0.001860761974491742
2147,0.7911180057116558,0.0014854355583861871,0.0018776409431484915
2148,0.7906283636551672,0.001501891922945979,0.0018996180658161026
2149,0.7901320974086674,0.001508600725360564,0.0019093019133233548
2150,0.7896409447174328,0.001511569630975112,0.0019142493067099199
2151,0.7891511495007697,0.0015081517537062026,0.0019111063256516635
2152,0.7886665628884864,0.001508019261936711,0.001912112587116157
2153,0.7881844998488031,0.0015091628928262232,0.0019147330264877385
2154,0.7877115874459214,0.0015088351126703032,0.0019154664431972558
2155,0.7872475029701699,0.0014973494737414521,0.0019020059995010098
2156,0.7867858735867712,0.0014716227010439214,0.001870423390210529
2157,0.7863303367053432,0.0014582607059874012,0.0018545141118392922
2158,0.7858663226938403,0.0014272948871420137,0.0018162056903640376
2159,0.7854268246699869,0.0014053443486029703,0.0017892747032079714
2160,0.7849674477697809,0.0014173102893862129,0.0018055656873581447
2161,0.7845027869403545,0.0014309076061989512,0.001823967524423521
2162,0.7840438235955054,0.0014441592813411086,0.001841936940104208
2163,0.7835943046194421,0.001447454665894996,0.0018471990638037653
2164,0.783148422198727,0.0014553628665713591,0.001858348718222987
2165,0.7827170830739089,0.0014702334561330216,0.0018783714932591976
2166,0.7823007135088786,0.0014897400400820863,0.0019043061246871516
2167,0.7818931652230576,0.0015068281069519679,0.001927153444962141
2168,0.7814892047606627,0.001521685088715175,0.0019471607278071144
2169,0.7810900587212155,0.0015334746271900796,0.0019632494487263766
2170,0.7806869726274936,0.0015369935583771463,0.0019687705985463213
2171,0.7802839849480345,0.00152686516966746,0.001956807007603964
2172,0.7798990246738955,0.0015209813930709146,0.0019502286128731767
2173,0.7795485656734541,0.0015368235802657461,0.0019714276286790164
2174,0.7792166082653017,0.001536881031613739,0.001972341214640119
2175,0.7788982879033386,0.0015349421091426093,0.001970657957503555
2176,0.7785905957328249,0.001531853248670286,0.0019674694981750653
2177,0.778274249806811,0.001517232755909764,0.0019494834324614782
2178,0.7779624204374386,0.0015189808592234791,0.001952511868593055
2179,0.7776722396970543,0.001522726266383109,0.001958056606181923
2180,0.7774053225560794,0.0015286436986342395,0.001966340664620248
2181,0.7771424186225768,0.0015338935554269283,0.001973761203442778
2182,0.7768704472367503,0.001529631605596609,0.0019689661397693193
2183,0.7766229618373759,0.0015382366454686949,0.0019806736615531595
2184,0.776397396423644,0.0015567819710538085,0.0020051354863178145
2185,0.7761757244921548,0.0015814112232002745,0.002037439684467043
2186,0.7759735406527594,0.001613190131625067,0.002078924147681672
2187,0.7757820504728539,0.001630775378611756,0.0021021050662589674
2188,0.7756108887692872,0.001647211058077624,0.0021237595834831076
2189,0.7754495358968285,0.0016520680920044737,0.0021304649954994323
2190,0.7753123447220845,0.0016717523645574173,0.0021562308093477697
2191,0.775165809517026,0.0016804190739410044,0.0021678188760518276
2192,0.7750377127187706,0.0017000681372107062,0.0021935295654801137
2193,0.7749410321203037,0.0017139947735489896,0.002211774447998135
2194,0.774843078184894,0.001722374142270245,0.002222868333940579
2195,0.7747470701781275,0.0017304409036453087,0.0022335559181236413
2196,0.7746701276089064,0.0017582674507241561,0.002269698272929688
2197,0.7746268368076001,0.0017742981148783925,0.0022905198097585254
2198,0.7746094773023452,0.0017941931645725818,0.0023162551158308034
2199,0.7746021540678656,0.0018476929123353912,0.002385344402455029
2200,0.7746211509006982,0.0018757056146555867,0.0024214490044257016
2201,0.774648946511044,0.00188517133888813,0.002433581491821281
2202,0.7747131535480882,0.0019037468147256344,0.0024573570308012906
2203,0.7747837831275554,0.0019104350909406528,0.0024657654594018924
2204,0.7748707778564182,0.0019418094407942124,0.0025059784112210063
2205,0.7749612542586919,0.0019454217749041028,0.0025103471486004076
2206,0.7750863148081583,0.0019449445150832663,0.0025093263523362037
2207,0.7752473087870213,0.0019632620689934146,0.0025324332593494613
2208,0.7754326831258134,0.0019609432127279864,0.0025288374547527614
2209,0.7756372963281376,0.0019684576589455573,0.0025378584401036723
2210,0.7758574764330495,0.0019770887850665054,0.0025482628512597865
2211,0.7761055094430465,0.0019687459696213707,0.002536698871051945
2212,0.7763604485549521,0.0019495334714522015,0.002511118997729584
2213,0.7766523849418707,0.0019368639297756174,0.0024938620769452526
2214,0.7769491035022643,0.0019490148746979616,0.002508548971756786
2215,0.7772791183476879,0.00196740128657682,0.002531138737856552
2216,0.777641059711296,0.001978444817370403,0.0025441619789275433
2217,0.7780342937954966,0.001995930741640384,0.0025653505990122934
2218,0.7784768867761822,0.0020151757021070185,0.002588613401808545
2219,0.7789207242767653,0.0020042960875211197,0.002573170831193542
2220,0.7793557872572281,0.0019964873100774645,0.0025617148710778987
2221,0.7798399290667579,0.001982588015548695,0.0025423012360001594
2222,0.7803380604465142,0.001971732689357631,0.002526767293946156
2223,0.7808741330852682,0.0019570674701615723,0.0025062521439007234
2224,0.7814450342727709,0.0019280951983441528,0.002467345896104489
2225,0.7820514872010923,0.0019259307019254461,0.002462664841695037
2226,0.7826920808012598,0.0018978520543803884,0.0024247748264394266
2227,0.7833819048983093,0.0018856726765591452,0.0024070924599719013
2228,0.7841222050077449,0.0018646344051221132,0.0023779895445043492
2229,0.7848642649060228,0.0018650041239098932,0.0023762123048540157
2230,0.7856296382512716,0.0018581207562366644,0.0023651357659731937
2231,0.7864532720135614,0.001854563244388724,0.0023581353277868293
2232,0.7873083629344834,0.0018410935311549451,0.0023384656099584115
2233,0.7881816217464351,0.0018251921969262583,0.0023157000195995923
2234,0.7890917862456549,0.0018377370593890897,0.002328926864303942
2235,0.7900379083631032,0.0018367540345368366,0.00232489354636469
2236,0.7910263103290627,0.001845209666834075,0.0023326779940688416
2237,0.7920621687024194,0.001852390367633566,0.002338693149135261
2238,0.7931505831900415,0.0018746774332038976,0.00236358325006075
2239,0.7942758123129363,0.001879197978797296,0.002365926230744783
2240,0.7954587599010126,0.00188923294685105,0.0023750231213572246
2241,0.7966775722024156,0.0018836570770685089,0.0023643907432477833
2242,0.797931316406818,0.0018615843953788925,0.00233301332721447
2243,0.7992329093319197,0.001831223307852825,0.0022912261075229597
2244,0.8005970452462201,0.0017936898770574672,0.002240440291040327
2245,0.8020141713207227,0.0017599757111496418,0.0021944446545768496
2246,0.8034577841972398,0.001741190255776302,0.002167121023683877
2247,0.8049546951944555,0.0017186536739137736,0.0021350936694624696
2248,0.8065064315315726,0.0016831829744118876,0.0020870050238973145
2249,0.8080844763052039,0.0016634622535674263,0.002058525194263423
2250,0.8097182399182227,0.0016579786093914414,0.0020475994335497354
2251,0.8114043703369352,0.0016458415018658795,0.002028386291760352
2252,0.8131519795740433,0.0016360773366157848,0.002012019127682402
2253,0.814949337669173,0.0016230495304411848,0.0019915956187942303
2254,0.8168014873017372,0.0016087813676172633,0.0019696112123054428
2255,0.818709091808935,0.0015824507923354323,0.0019328609003706218
2256,0.8206637047241456,0.0015463432168001297,0.0018842592987829416
2257,0.8226753970498548,0.0015068342180571811,0.001831626694393373
2258,0.8247298453754773,0.0014558913468868204,0.0017652948478225523
2259,0.8268369511553594,0.001402513023372718,0.0016962389276543005
2260,0.8289742128532067,0.0013671741706210373,0.001649236067205789
2261,0.8311470535913414,0.0013494570760704833,0.0016236080850428962
2262,0.8333459314621008,0.0013264785966130273,0.0015917502522460607
2263,0.835586242456489,0.001310232050190093,0.0015680392802282402
2264,0.8378619033189457,0.0012896562755893132,0.0015392229560512488
2265,0.8401721961531727,0.001273034476138599,0.0015152066230795748
2266,0.8425106128523433,0.001250184199407662,0.0014838794673162968
2267,0.8448961463595939,0.0012430151161041834,0.0014712046225562347
2268,0.8473302193746136,0.0012244830577027913,0.001445107267160307
2269,0.8497996600802878,0.0012011257318808664,0.0014134222315026412
2270,0.8523016945847575,0.0011818962507812603,0.00138671113561153
2271,0.8548448976058648,0.0011558685131080387,0.00135213828420248
2272,0.857418704157473,0.0011363857624094602,0.0013253568611220222
2273,0.8600064501817142,0.0011118408782135453,0.0012928285339936928
2274,0.8626317367962795,0.0010985819984870595,0.001273523743245378
2275,0.8653095305169488,0.0010922510588386091,0.001262266299304576
2276,0.8680119122177471,0.0010831534635736514,0.0012478555286254348
2277,0.8707362360568126,0.001067662154756044,0.001226160242958331
2278,0.8734863842940719,0.001064396779524303,0.0012185613864886054
2279,0.8762405359409666,0.0010604536333299278,0.0012102311977511297
2280,0.8789923683727968,0.001050619447192761,0.0011952543446283642
2281,0.8817583386617484,0.0010366254279531152,0.0011756343915345444
2282,0.8845255947083921,0.001016036256887156,0.0011486793180044948
2283,0.8873060683436179,0.0009965419960994324,0.001123109636745448
2284,0.8900993010558116,0.000975013580410863,0.0010953986586152
2285,0.8928926153283753,0.0009541481360691918,0.0010686034576714344
2286,0.8956944315557822,0.0009208417698523593,0.0010280758006420752
2287,0.8985199577837066,0.0009005242701929102,0.0010022306821254672
2288,0.9013441734566048,0.0008762575414614628,0.0009721675329647539
2289,0.9041449449449901,0.0008527898521313341,0.0009432003761113983
2290,0.9069992864602376,0.0008334474046017777,0.0009189063509128963
2291,0.9098511054234899,0.0008316996495307083,0.0009141052251000936
2292,0.9126686403726186,0.0008137835340039678,0.0008916527839410822
2293,0.9154943342440948,0.000787804240313105,0.0008605233378790696
2294,0.9183117646358872,0.0007784895512970635,0.0008477399302466047
2295,0.9211177568210116,0.0007574466739933693,0.0008223125310356531
2296,0.9239128218973847,0.0007295053106207396,0.000789582407918745
2297,0.9266805044173336,0.0007128364319748943,0.0007692364613013009
2298,0.9294378441103625,0.0006637121914731421,0.0007141006745947955
2299,0.9321777651563832,0.0006143655797676864,0.0006590648294047431
2300,0.9349064799566509,0.0005773027090166581,0.0006174978154429158
2301,0.9376231017070646,0.0005347534082978218,0.0005703287465125739
2302,0.9403044336883315,0.0005056666334400455,0.0005377690621499836
2303,0.9429591154655015,0.0004754894308296358,0.000504252435796122
2304,0.9455686461383424,0.0004407462214231795,0.0004661176353754603
2305,0.9481312637302397,0.0004190492209964526,0.0004419738458447032
2306,0.9506536572969108,0.00039559875501486496,0.00041613341723179264
2307,0.953135233755224,0.00039906222684215107,0.00041868374256809267
2308,0.9555915206254856,0.00037300897813585565,0.0003903435412358006
2309,0.9580052030190277,0.0003552277331668838,0.0003707993777564362
2310,0.9603409821459795,0.0003236734352287065,0.00033704011517390973
2311,0.9626618436357189,0.00031860224195344846,0.0003309596657016883
2312,0.9649241332185685,0.0003371896145678617,0.0003494467626622037
2313,0.967143310266889,0.00032614486013486877,0.00033722495588049624
2314,0.9693018355726,0.000303983519338932,0.00031361079509290154
2315,0.9713993756205592,0.0002932247476102092,0.00030185807708893
2316,0.9734578342438504,0.00028601064379080653,0.0002938089701779123
2317,0.9754656474862088,0.0002507768501691031,0.000257084245678317
2318,0.9773933621663359,0.00023551194730858454,0.00024095922524641043
2319,0.9792724381201692,0.00022140651771162279,0.0002260928717003811
2320,0.9810707330522701,0.00023280932984797738,0.00023730126891429105
2321,0.9828379609501579,0.00025800075442827027,0.0002625058907765917
2322,0.9845256783285775,0.00026035323817400407,0.00026444535059360155
2323,0.9861380513379114,0.0002708308246117087,0.0002746378402539762
2324,0.987652800379264,0.0002822071131155094,0.00028573514195184824
2325,0.9890670408849049,0.0002803879107251034,0.0002834872654074532
2326,0.9903957333260486,0.0002861105507688269,0.00028888508011639053
2327,0.9916671030546323,0.0002654904231892777,0.00026772131733672266
2328,0.9928660089036839,0.0002284525266344357,0.00023009401529083614
2329,0.9939909696643376,0.0002016672243039517,0.00020288637468412115
2330,0.9950202639931875,0.00018205718033492894,0.0001829683142374429
2331,0.9959503608791624,0.0001831726713319248,0.0001839174707163432
2332,0.9967644699108694,0.00017057939979057174,0.0001711331061046196
2333,0.9975124137306202,0.0001541009026375959,0.0001544851978947012
2334,0.9981489526514183,0.00015356091296057084,0.00015384568861457156
2335,0.9986907875828235,0.00015836872174520596,0.00015857633184793157
2336,0.9991423404127439,0.00014095397940968956,0.00014107497371341677
2337,0.9994898063297345,0.00011702388446354947,0.00011708361978525569
2338,0.9997490986921284,8.77895397033748e-05,8.781157174157103e-05
2339,0.9999076407775916,6.626437263375218e-05,6.62704933249843e-05
2340,0.9999863811071904,2.9332746721131214e-05,2.9333146206105164e-05
2341,0.999968894407193,2.8553032849657553e-05,2.855392103629835e-05
2342,0.9998716403063396,7.872882934213254e-05,7.873893624786846e-05
2343,0.9996669048621589,0.00011072444550269275,0.00011076133956636307
2344,0.999343520309562,0.00015744553736740332,0.00015754896506321684
2345,0.9989606865952997,0.00019033682820274476,0.00019053485363018522
2346,0.9985007996689712,0.00022687359456015647,0.00022721423421530652
2347,0.9979470463033342,0.0002708319177857157,0.0002713890669739947
2348,0.9972923104002949,0.0003106065717051601,0.00031144988130961154
2349,0.9965632729231692,0.0003251793225328009,0.0003263007290836323
2350,0.9957613917771271,0.0003195421316019124,0.00032090231077510267
2351,0.9948702963016981,0.00033801365289704184,0.00033975650308745167
2352,0.9939064023321773,0.0003493697299492966,0.0003515117008296848
2353,0.9928303517136239,0.0003519796623536244,0.0003545214565067516
2354,0.9916849084487774,0.0003696790258570361,0.00037277871500061334
2355,0.9904804912530274,0.00036645773580306484,0.00036997976137770274
2356,0.9892029391609519,0.0004113822921632388,0.00041587249276895175
2357,0.9878094324246934,0.0004437623773795001,0.0004492388539864755
2358,0.9863198545021221,0.0004705374813450867,0.00047706378331257074
2359,0.9847303174898359,0.0004810455437044156,0.0004885048577875036
2360,0.9830496096619085,0.0004946321165457887,0.000503160890034739
2361,0.981301934218483,0.0005185670551113229,0.0005284480107789801
2362,0.9794648133494753,0.0005117773231602575,0.0005225071040685299
2363,0.9775705230685705,0.0004593738861418658,0.00046991380703655236
2364,0.975604455081618,0.00043277100547032074,0.0004435926908863035
2365,0.9735955235153695,0.00039343089183461517,0.0004041009662966105
2366,0.9715019494545458,0.0003860781575652992,0.00039740337915128687
2367,0.9693231839134094,0.0003869471983457943,0.0003991931739253238
2368,0.967066557463081,0.00039065868541290005,0.00040396256327767174
2369,0.964711266737447,0.0004040838955788817,0.00041886511489126825
2370,0.9623090925676934,0.00043731547589640954,0.000454443878036668
2371,0.959867454502229,0.0004615643641328398,0.0004808626044855321
2372,0.9573604573877663,0.00046376609404417333,0.0004844216099227618
2373,0.9548250530612099,0.0004921612099454387,0.0005154464772028644
2374,0.9522274475766977,0.0005116948914896258,0.0005373662487799806
2375,0.9495729374081108,0.0005603521108532989,0.0005901096048322498
2376,0.9468680084911398,0.0005826591016120324,0.000615354089891067
2377,0.9441273788574467,0.000600979989703664,0.0006365454526177932
2378,0.9413369393026862,0.0006021853043083468,0.0006397128160660809
2379,0.9385024485403708,0.0006286974626067396,0.0006698943232215717
2380,0.9356602584963948,0.0006498257391608302,0.0006945103559331457
2381,0.9328017716104593,0.0006833525511207159,0.0007325806746067008
2382,0.9298854695825337,0.000702328414833474,0.0007552848579823276
2383,0.9269650631346297,0.0007344056479580543,0.000792268961544877
2384,0.9240319179047077,0.00076394846084792,0.0008267554897672955
2385,0.9210699653935066,0.000771563136664069,0.0008376813550037275
2386,0.918097806683507,0.0008041397098645672,0.0008758758642169111
2387,0.9151141426594563,0.000833232919533964,0.0009105234862969842
2388,0.9121154334533159,0.0008585138726708234,0.0009412337969334054
2389,0.9091040294761445,0.0008641812028002153,0.0009505856038259832
2390,0.9060797006116147,0.0008605430131444526,0.0009497431766362007
2391,0.9030323203378728,0.0008539000714011781,0.0009455919264126541
2392,0.8999878923809106,0.0008690825501388612,0.0009656602688728516
2393,0.8969285662072564,0.0008925831165820397,0.000995155188730813
2394,0.893865037959307,0.0009231836979585683,0.001032799873307715
2395,0.890774046477979,0.0009548670825463312,0.0010719520694633716
2396,0.8876618229461724,0.000989326400182557,0.0011145307532760137
2397,0.8845617015387252,0.0010115998282928746,0.0011436170326311463
2398,0.8814494290755576,0.0010336111154904512,0.0011726266776013199
2399,0.8783508797923474,0.001057716145541922,0.0012042068493083068
2400,0.875269753175673,0.001076908864278709,0.0012303736766539053
2401,0.8721886906228903,0.0010884633719364782,0.0012479677661941834
2402,0.8691408740022851,0.0011037516139875351,0.001269934077435453
2403,0.8660905879493516,0.0011167043472637911,0.0012893620630467992
2404,0.8630611469443303,0.0011206409407425475,0.0012984490666856907
2405,0.860037404666192,0.0011188524721041956,0.0013009346640434295
2406,0.8570279523714772,0.0011357931934094815,0.0013252697187607879
2407,0.8540164435887837,0.0011524078504618893,0.0013493977301176927
2408,0.8510267094891812,0.001149897757636926,0.0013511887991472544
2409,0.8480602594946859,0.0011618858199115094,0.0013700510157188778
2410,0.8451141742164374,0.00117472472388433,0.0013900189580579414
2411,0.8422022808262607,0.0011894237827203172,0.0014122780355728878
2412,0.8393297520804086,0.0011866485873223078,0.001413804984728607
2413,0.8364838625842177,0.0011961703341598234,0.0014299980999805508
2414,0.8336677534290395,0.0012097220191317985,0.0014510840969390669
2415,0.8308916432380944,0.0012324290731912792,0.0014832608839202431
2416,0.8281523227460384,0.0012412285056303271,0.0014987925186451029
2417,0.8254400760959127,0.0012666423584401694,0.0015345055263502746
2418,0.8227413949964972,0.001275386337928536,0.0015501667300135856
2419,0.8200495381515334,0.001294570216215321,0.0015786487961854116
2420,0.8173933022604014,0.001308940146234018,0.001601359030731355
2421,0.8147574905858944,0.0013104549178650628,0.0016083987358283885
2422,0.8121454138537059,0.0013122111084992781,0.001615734185178383
2423,0.8095651454259982,0.0013106259810645247,0.0016189258992552911
2424,0.8070494208973938,0.0012970442097389062,0.001607143473687975
2425,0.8045634453658603,0.0012936646644107455,0.0016079088254158445
2426,0.8021022874985899,0.0013016486698108436,0.0016227963566468845
2427,0.799671650905956,0.0012933262741646689,0.0016173216503291652
2428,0.7972666997227029,0.0012933723748941935,0.001622258116818426
2429,0.7948984612391751,0.0012973832953337445,0.001632137132724148
2430,0.7925679054755128,0.0012935771592400718,0.0016321341683195854
2431,0.7902654526386647,0.0012947640109094534,0.0016383912602863863
2432,0.787998844703838,0.0012975591425936118,0.0016466510722884212
2433,0.785772884915785,0.001302713810582021,0.0016578757495833406
2434,0.7835746532009813,0.0013013889590499153,0.0016608359570254225
2435,0.781401867821066,0.0013094814565291592,0.0016758105021947793
2436,0.7792649144484975,0.0013168006455710369,0.001689798451278876
2437,0.7771575337313563,0.001329990051801763,0.001711351938410864
2438,0.7750736252006799,0.0013100567214035705,0.0016902351967716283
2439,0.7730441629590524,0.0012986843448146996,0.0016799613877732493
2440,0.7710920928323926,0.0013002031365614889,0.0016861839832717697
2441,0.7691259033554659,0.0012978758154585234,0.0016874686053301286
2442,0.7671868397083708,0.0013033029848569314,0.0016988077967452536
2443,0.7652968388095388,0.0013173988908577589,0.0017214220993086095
2444,0.7634309066751628,0.0013341794988918853,0.0017476100158197736
2445,0.7615804379809421,0.0013287343687171675,0.0017447065371582167
2446,0.7597563534300915,0.0013343243542791538,0.0017562529727524426
2447,0.7579625786720492,0.001337395734681853,0.0017644614289863373
2448,0.7561897388913754,0.0013372242263078105,0.001768371292988279
2449,0.754446669856964,0.0013678614931262561,0.001813065850480313
2450,0.7527114205626946,0.0013991701588071137,0.0018588400821142775
2451,0.751004041621455,0.0014264186398135791,0.001899348819393662
2452,0.7492896997308066,0.0014232592531963082,0.0018994779371818871
2453,0.7476172020738593,0.001427926250459795,0.0019099697632676007
2454,0.7459637042770995,0.001422666047903549,0.0019071518356006745
2455,0.7443358328127204,0.0014296281051913308,0.0019206761815953502
2456,0.7427317737572192,0.0014232276347076313,0.001916206745145724
2457,0.741159171024772,0.001421052025353519,0.0019173371671144346
2458,0.7396139409018696,0.0014144015489406857,0.001912351120932083
2459,0.7380775813003981,0.0014275718415357895,0.0019341758613242131
2460,0.7365717026997372,0.001448602201828466,0.0019666818539443506
2461,0.7351005224351875,0.0014798905389085007,0.002013181182358607
2462,0.7336349729828168,0.0014756225051148156,0.0020113851703596167
2463,0.7322092481657192,0.001457820864277603,0.001990989417205036
2464,0.7308029062929078,0.0014800792405942462,0.0020252782629206273
2465,0.7294206842118758,0.0015300498102711858,0.0020976232829541617
2466,0.728076258069799,0.0015444181131073855,0.0021212312528934647
2467,0.7267232475532147,0.0015583625385993246,0.0021443686353039264
2468,0.7253673797717342,0.0015871880460775268,0.002188116105492639
2469,0.7240443486213498,0.001585988717509744,0.0021904579747492256
2470,0.7227304014092044,0.0016074395766163755,0.002224120603591789
2471,0.7214392191065925,0.0016175947953173994,0.002242177514719227
2472,0.7201462440849162,0.0016138659261218185,0.0022410252631013083
2473,0.7188870237396561,0.001605853905776432,0.0022338056645156384
2474,0.7176262246991909,0.0016254779261766447,0.00226507598277641
2475,0.7163950873731391,0.0016349495983112945,0.0022821898518404
2476,0.7151853678566977,0.001637255411255248,0.00228927420056405
2477,0.713994764494877,0.0016474332150759152,0.002307346351820113
2478,0.7128071451340228,0.0016586995151784052,0.0023269961959577925
2479,0.7116315125176909,0.0016864480154171605,0.0023698332434024076
2480,0.7104748424369617,0.0017068082724066365,0.002402348641300521
2481,0.7093356085125657,0.0017262154172427453,0.0024335665607744064
2482,0.7082094729940938,0.001738848879144504,0.002455274809857006
2483,0.7071093355334772,0.0017516087384522542,0.002477139885489924
2484,0.7060346641135332,0.001780025114311489,0.0025211582444700674
2485,0.7050062006040445,0.0018038936448637993,0.002558691885714247
2486,0.7039898119518774,0.0018132539612232836,0.002575682105676882
2487,0.7029933214735972,0.0018051355368827993,0.0025677847594610414
2488,0.7020085955127658,0.0017928061402498106,0.0025538236308065387
2489,0.7010432367557545,0.0017800726627612707,0.002539176714690214
2490,0.7000856673139211,0.0017808052385705267,0.002543696181358912
2491,0.6991162013444511,0.0017705049769472017,0.0025324902692033064
2492,0.6981530364040752,0.0017698814502286409,0.002535090958487608
2493,0.6972211649116165,0.0017735394294421361,0.00254372574829532
2494,0.6962995543952947,0.0017556431114146977,0.0025213905428094034
2495,0.6954169170902789,0.0017576210072313947,0.0025274349300927644
2496,0.6945133391482956,0.0017586467014335779,0.0025322000346174253
2497,0.6936184521953814,0.0017560200859269904,0.002531680177147806
2498,0.6927466920035934,0.001757012825401375,0.0025362991201295566
2499,0.6918874750717576,0.0017562263230784057,0.002538312061359779
2500,0.6910230309441152,0.0017712310520919395,0.0025632011854539527
2501,0.6901572225530899,0.0017758269086626225,0.002573075888553812
2502,0.6892897741815603,0.0017665405485108763,0.0025628416591678116
2503,0.6884100691230949,0.001773697414780245,0.0025765128872092214
2504,0.6875450449242315,0.0017952242409213592,0.0026110641828844764
2505,0.6866954752290579,0.0017947889058911768,0.0026136605972137752
2506,0.6858302703143522,0.0018120646355160427,0.002642147356204441
2507,0.6849581179585345,0.001817932612690933,0.002654078497688505
2508,0.684105729173822,0.0018232237443948714,0.002665119829644951
2509,0.6832576313107526,0.0018394981623905428,0.0026922467867086584
2510,0.6824378796877969,0.0018518525124197143,0.002713584001619171
2511,0.6816384251112947,0.001868393729377499,0.002741033457837176
2512,0.6808578377360694,0.0018747612567160214,0.0027535282004681303
2513,0.6800937840736128,0.0018824204704489835,0.002767883657418095
2514,0.6793351931726237,0.0019046187343394693,0.0028036509126585065
2515,0.6785746516526976,0.001919155239193451,0.002828215340079778
2516,0.6778028491457064,0.0019416538916954356,0.002864629285850111
2517,0.677032674508663,0.0019462213952280121,0.0028746343692206975
2518,0.6762865149959817,0.0019455042128589293,0.0028767455356854023
2519,0.6755496114638601,0.0019381612906940128,0.0028690139966096313
2520,0.6748298811347434,0.0019269523757224096,0.0028554639170426045
2521,0.6741234278798591,0.001917690324089814,0.002844716923903705
2522,0.673427103006477,0.001921972454106704,0.00285401707998708
2523,0.6727400597301137,0.0019423542717207174,0.002887228497289043
2524,0.6720496232282589,0.0019482867254783274,0.002899022122978856
2525,0.6713649777054893,0.0019645930986438463,0.0029262668799885823
2526,0.6706814981621937,0.001950858731144785,0.0029087707600262457
2527,0.6700253675881476,0.0019500863575785485,0.0029104664568121714
2528,0.6693856784859591,0.0019675854826576244,0.0029393898702882036
2529,0.6687494070821587,0.0019896677810833175,0.0029752067964658076
2530,0.6681121872119886,0.002002483529448136,0.0029972264655198665
2531,0.6674745262644265,0.002008337675985445,0.0030088604088387674
2532,0.6668515299334198,0.002005914004055099,0.0030080368927928747
2533,0.6662462475224566,0.002004221648767573,0.0030082295490902835
2534,0.6656343939424987,0.0020025341561286675,0.0030084595603118098
2535,0.6650566784110736,0.002026334717316583,0.0030468601896575485
2536,0.6644823310440565,0.0020584574094271897,0.003097836185038771
2537,0.6639236012237255,0.0020735757359131844,0.003123214376008365
2538,0.6633566575972105,0.0020837131159264824,0.0031411656038458136
2539,0.6627824987511536,0.0020919845826083243,0.003156366661084355
2540,0.6622271895679381,0.002101680207574605,0.00317365436013858
2541,0.6616700678101204,0.0021270666058014467,0.0032146937110835903
2542,0.6611172313544007,0.0021378992702597603,0.003233767278883268
2543,0.660564365625237,0.0021406264788805256,0.0032406024155638203
2544,0.6600325154787813,0.002134255285745452,0.0032335608257076298
2545,0.6595048173125512,0.002132560191536258,0.0032335778838224914
2546,0.6589958712621853,0.002127982068315197,0.0032291280736546028
2547,0.6585162532708363,0.002118974007208219,0.003217800618714147
2548,0.6580606399905984,0.0021096686953572395,0.0032058879792406063
2549,0.657616815004023,0.002099524310407819,0.003192625648410427
2550,0.6571745049462423,0.0020863666861096653,0.0031747529315373133
2551,0.656747317637253,0.002071490160076724,0.003154166152561111
2552,0.6563383267349671,0.0020689136000703132,0.0031522059824882842
2553,0.655915209629288,0.0020623176344853047,0.0031441832788888847
2554,0.6555023084851164,0.002047543079617587,0.003123624513770996
2555,0.6550890125280903,0.0020376280184534207,0.003110459768802865
2556,0.6546927530855841,0.002038092238946912,0.003113051472375905
2557,0.6542988545594358,0.002024741573741387,0.0030945210428416875
2558,0.6539148631977468,0.002016549412698314,0.003083810334019737
2559,0.6535199728496769,0.002025236703352468,0.003098966806663022
2560,0.6531303723516821,0.002016710639797369,0.0030877612268067336
2561,0.6527414437904814,0.0020177907624369345,0.003091255782258266
2562,0.6523408349125998,0.0020162765607923865,0.003090832970869478
2563,0.6519280842386965,0.0020309964982156304,0.003115368929975415
2564,0.6515326608699761,0.0020252333098247973,0.0031084141002548533
2565,0.6511358468456923,0.0020077432385804104,0.0030834475606074416
2566,0.6507285067206405,0.0019932614981884676,0.003063123065306527
2567,0.6503112669793746,0.0019921891953423487,0.003063439458147253
2568,0.6498954724482588,0.001980342942185399,0.00304717147009062
2569,0.649494318945743,0.0019753257476583905,0.003041328753829183
2570,0.6491047744771813,0.0019626896964554546,0.0030236870434920075
2571,0.6487119360948904,0.0019563150344089272,0.003015691442623259
2572,0.6483358746062564,0.0019588291943124633,0.0030213185341657796
2573,0.6479572277421422,0.0019535512133180737,0.0030149385324790283
2574,0.6475892424909804,0.0019598834812481545,0.003026429953822854
2575,0.6471912717407854,0.0019739966284731372,0.003050097729475819
2576,0.6467954166795652,0.0019884720956667296,0.00307434475320634
2577,0.6463789196233057,0.0019998787521834237,0.003093972732509447
2578,0.6459569234531972,0.002012153141994721,0.0031149958595350696
2579,0.6455345630757063,0.0020181096574419756,0.0031262611994414585
2580,0.6451025341904432,0.0020093149177165784,0.0031147217864182205
2581,0.6446753196343318,0.0019979610004336955,0.00309917401765429
2582,0.6442446602696433,0.001993328104469012,0.0030940545221356136
2583,0.6438086099590692,0.0019886581951808315,0.0030888965515811643
2584,0.6433693874795574,0.0019835341705954127,0.0030830409546932914
2585,0.6429314182589889,0.0019850164329832643,0.0030874466181144843
2586,0.6424824275549033,0.0019844069259152865,0.0030886555659854356
2587,0.6420411952041605,0.002002371204474169,0.0031187581411149827
2588,0.6415930433968962,0.002031192382454861,0.003165857864824672
2589,0.6411337556801421,0.002071122592791253,0.0032304064080889293
2590,0.6406491121125402,0.002118793922002924,0.00330726115426306
2591,0.6401387438997761,0.0021358700066953598,0.0033365735585436838
2592,0.6396202982771151,0.0021584005819826725,0.003374502947759089
2593,0.6390961318887887,0.002181805622109842,0.0034138927044695456
2594,0.6385691063848162,0.0021932028472007492,0.003434558335615872
2595,0.6380409018626434,0.0022020177160812456,0.0034512171706435413
2596,0.6375027641838649,0.0022195401729206213,0.0034816165475958223
2597,0.6369596128241766,0.0022424155285098225,0.003520498762185741
2598,0.6364198717933724,0.0022616732973361263,0.0035537439944528125
2599,0.6358838559773087,0.002276880976612733,0.0035806554219140027
2600,0.6353496089418259,0.0022833463295012847,0.0035938423465848913
2601,0.6348390152104747,0.002311647792511974,0.003641313367839514
2602,0.6343189624588685,0.0023186564587199788,0.0036553478548583176
2603,0.6338133341566048,0.0023534934268929063,0.0037132280121948288
2604,0.6333035669668319,0.002367026027512531,0.003737585181857186
2605,0.6327852390391955,0.0023937445323524973,0.0037828703716083776
2606,0.632273720008636,0.0024195195089460374,0.003826696306329148
2607,0.6317657599474893,0.002436015865917119,0.003855884602102517
2608,0.6312513848617808,0.0024609551002275154,0.0038985341802717276
2609,0.6307371422047272,0.002489507328157811,0.003946980701748109
2610,0.6302159813479615,0.0025116342246031182,0.003985354702099133
2611,0.6296997167663119,0.0025369530987444473,0.0040288299822849325
2612,0.6291991028435348,0.002552799425803886,0.004057220384242506
2613,0.628709852339725,0.0025699334323852027,0.0040876302841784205
2614,0.628227608503171,0.002577305594910665,0.004102502914590796
2615,0.6277465973009709,0.0025668009529753234,0.004088912570791171
2616,0.6272697723278617,0.0025561804333413926,0.004075089452908192
2617,0.6267845632671692,0.0025369709969768365,0.00404759648794261
2618,0.6263033756853245,0.0025219437332294975,0.0040267126621661474
2619,0.6258287482751264,0.0025021028959007537,0.003998063212655071
2620,0.6253439533873454,0.002496030755394083,0.003991452610797073
2621,0.6248617766391098,0.0024908361007596335,0.0039862193430311565
2622,0.6243767427488288,0.002491336738407155,0.003990117773187714
2623,0.623879848000539,0.0024759990419326505,0.003968711363041993
2624,0.6233856491803906,0.002460358837193761,0.003946768489824187
2625,0.622910095837336,0.0024408734764339588,0.003918500426859926
2626,0.6224361821506428,0.0024295060568756705,0.0039032211277969676
2627,0.6219629081371206,0.0024199164543178267,0.0038907729426596632
2628,0.621485474786873,0.0023990895597256973,0.0038602504114008795
2629,0.6209964501713856,0.002376883141705225,0.0038275309642257075
2630,0.6205073948885569,0.002355404781238147,0.003795933458071322
2631,0.6200174046525533,0.002329894248202571,0.00375778846000009
2632,0.6195303908436242,0.002323983811347915,0.0037512022746508207
2633,0.6190455992965107,0.0023177175430103606,0.003744017477297693
2634,0.6185625283057204,0.0023122764013868862,0.003738144966072143
2635,0.6180592547759688,0.0023194144589373977,0.0037527380117916495
2636,0.617521957333867,0.002324276474421711,0.003763876647328795
2637,0.6169939684790238,0.00234888229960395,0.003806977733338744
2638,0.6164613524192758,0.0023831518547249484,0.003865857681706035
2639,0.6159220535392906,0.0024013105463740795,0.0038987247372867387
2640,0.6153779585735326,0.002425746821693453,0.003941881225834637
2641,0.6148458542487738,0.0024645538211620368,0.004008409268975651
2642,0.614318475360117,0.002483344440664156,0.004042438149379123
2643,0.6137985437745022,0.002507042901750675,0.004084471895833814
2644,0.613275532917392,0.0025279046551539668,0.004121972130746124
2645,0.6127686505433777,0.002561348082428653,0.004179959402553241
2646,0.6122523708825854,0.002571225727353739,0.004199617428426154
2647,0.6117529373218488,0.002593898944071972,0.004240108687385506
2648,0.6112544851419333,0.002620397785351507,0.004286917886161687
2649,0.6107635753247085,0.0026298156367989766,0.004305783355533034
2650,0.610280005665245,0.002629998084330716,0.004309494100931337
2651,0.6097996602226292,0.0026331451755115813,0.004318049594436077
2652,0.6093206615762974,0.002636543777199294,0.0043270217858337855
2653,0.6088483004987967,0.0026412188933428765,0.00433805742937784
2654,0.6083860884617177,0.0026452515130243035,0.004347981591283139
2655,0.607930517780015,0.002648499734727397,0.004356582960169438
2656,0.6074691144060335,0.002662533490571785,0.004382994011432394
2657,0.6070233493546178,0.0026845594680170383,0.0044224978674564
2658,0.6065793999255623,0.002696834928144593,0.004445971835633621
2659,0.6061457204493642,0.002704050999526784,0.004461057643898145
2660,0.6057285156157131,0.0027014071112062867,0.004459765458557537
2661,0.6053086971932828,0.0027025089106888825,0.004464678804748673
2662,0.6048865292724723,0.0027025230938424057,0.004467818281707922
2663,0.6044627686309546,0.0027114614557519337,0.004485737743439703
2664,0.6040293275741373,0.0027288111234185686,0.004517679852363858
2665,0.6036008967723011,0.0027467504695065812,0.004550607005712832
2666,0.6031779846742568,0.002765324924060954,0.004584591935254988
2667,0.6027589405817465,0.002784934262193718,0.004620311827321661
2668,0.6023492538636609,0.002804815882007794,0.004656461121212996
2669,0.6019379290364724,0.0028418514760671144,0.0047211703050779544
2670,0.6015320793430655,0.0028781931386940287,0.004784770816940153
2671,0.601136251356127,0.002914022731196869,0.004847524541438002
2672,0.6007401514352203,0.002949416022464684,0.004909636912762154
2673,0.6003463673239163,0.002970600711529313,0.004948144726470091
2674,0.5999575172544758,0.0029858894032009564,0.004976834721339899
2675,0.5995801393157281,0.0029988555884552736,0.005001592600911903
2676,0.599220668778246,0.0030066958346573764,0.005017677111818829
2677,0.5988712984688114,0.003031500498437879,0.005062023353246001
2678,0.5985363363274783,0.003034745857282831,0.005070278399309119
2679,0.5982001231348535,0.0030380895825728293,0.005078717748588538
2680,0.5978719782123703,0.0030410555308231476,0.005086466069066936
2681,0.5975503218873879,0.003043519134156852,0.005093326909345088
2682,0.5972396364895821,0.0030459279510082443,0.005100009719568195
2683,0.5969364671374275,0.003056724487934874,0.005120686465333924
2684,0.5966364668319525,0.0030726032090450774,0.0051498749738850625
2685,0.5963431234558259,0.0030899862324700903,0.005181557581419787
2686,0.596044398698264,0.003091414601244314,0.005186550881101868
2687,0.5957591735470537,0.0030828360382046316,0.005174634609232997
2688,0.5954704120168601,0.003077919758903154,0.005168887818419441
2689,0.595199604126419,0.0030679460666688863,0.005154482706976501
2690,0.5949419939958055,0.0030449793228830707,0.005118111267339012
2691,0.5946707316514263,0.0030292482586358345,0.0050939925195636945
2692,0.5944054243614272,0.0030088541819536436,0.005061956130676417
2693,0.5941428798121214,0.00301011169387963,0.005066309462181018
2694,0.5938885490631423,0.0030063549416178,0.005062153406325678
2695,0.5936299307867658,0.0030117530684703273,0.005073452183380829
2696,0.5933883670554376,0.003012918367625981,0.005077481351002787
2697,0.5931383521677125,0.0030190706723068994,0.005089994031364277
2698,0.5928807388813455,0.0030222103085971934,0.005097501251768671
2699,0.5926137541717512,0.003021913486741567,0.005099296912143144
2700,0.5923508682526164,0.003017322935608118,0.005093810269087574
2701,0.5920840145928252,0.0030227592214551262,0.005105287673631707
2702,0.5918196293762504,0.0030235201153331484,0.005108854058321442
2703,0.5915409472434273,0.003015791742044915,0.005098196086168612
2704,0.5912583572750971,0.0030082496777528544,0.005087876798252501
2705,0.5909709854684506,0.0030091461278837772,0.0050918677936421675
2706,0.5906943184865505,0.003026168924992159,0.005123070986607198
2707,0.5904142996291744,0.0030297198200330113,0.0051315149750538035
2708,0.5901316885221201,0.0030369950661917272,0.0051463006058822935
2709,0.5898470149251149,0.0030430740808515145,0.005159090414720253
2710,0.5895651094868365,0.0030478311451965145,0.005169626044949264
2711,0.5892918643405058,0.003064539848646266,0.005200376984800026
2712,0.5890085560398101,0.0030686448734437923,0.00520984770420956
2713,0.5887419490105266,0.003080347434664771,0.005232084175149706
2714,0.5884757475748261,0.003090494584288997,0.005251694053706152
2715,0.5882042157879541,0.0031027280653652405,0.005274916401625664
2716,0.5879266828399086,0.0031169842255971787,0.005301654639216176
2717,0.587659780845072,0.0031250725548364025,0.005317826158432106
2718,0.5873993389066436,0.0031324251793283676,0.005332701233812946
2719,0.5871371745170555,0.003133323383182843,0.005336612156707894
2720,0.5868648615379314,0.003120331669505802,0.005316950926877265
2721,0.5865935268542167,0.003107123808489645,0.005296894128976373
2722,0.5863248628912789,0.0030923118562613174,0.005274058891196498
2723,0.5860393742097619,0.0030767924196954777,0.005250146244600617
2724,0.5857503145924982,0.0030668938703777827,0.005235838195855509
2725,0.5854483798279128,0.003044442107725769,0.0052001887999427975
2726,0.5851521900689469,0.0030188341079099832,0.005159058035063121
2727,0.5848395639032369,0.002995483497595217,0.005121889288069483
2728,0.5845293570360198,0.0029757842965434413,0.00509090648865403
2729,0.5842114211783088,0.002963134792960743,0.005072024759434404
2730,0.5838820836559686,0.0029633640228378857,0.005075278221045639
2731,0.5835524409567016,0.0029585881135264546,0.005069960993867175
2732,0.5832183309443485,0.00296704664627193,0.0050873686385468735
2733,0.5828881492920575,0.0029672428100474693,0.005090586956779465
2734,0.5825608483681803,0.0029726460806870723,0.005102722040133309
2735,0.5822355206599753,0.0029781261105142637,0.005114985267711767
2736,0.5819244428293677,0.00296565567348897,0.005096289922227174
2737,0.5816190105515732,0.0029549755164759825,0.0050806033896203945
2738,0.581304825003478,0.0029318358481956208,0.005043542943546149
2739,0.5810094779589005,0.002908199667278175,0.005005425518176996
2740,0.5807231203128232,0.002876109147454977,0.00495263413295079
2741,0.580434427042361,0.0028493762262790357,0.004909040700425379
2742,0.5801463784492209,0.0028489710414366723,0.004910779670903414
2743,0.5798589258319253,0.002848681654756526,0.004912715020588006
2744,0.5795835885473517,0.002843725427248757,0.004906497498274877
2745,0.5792929455980407,0.0028440276422589815,0.004909480883325642
2746,0.5789955318649052,0.002848217224329327,0.004919238694563692
2747,0.5787077649306849,0.00284168524757402,0.004910397647618197
2748,0.5784107868346927,0.002837923778492928,0.004906415722333329
2749,0.5781001979296517,0.002827745886476233,0.004891445975288073
2750,0.5778041587252354,0.002815067117538622,0.004872009096904541
2751,0.5775003943378235,0.0027955761806717884,0.004840821249788524
2752,0.5771936189207343,0.0027657188347488437,0.0047916656457850735
2753,0.5768965795048422,0.0027578961390662903,0.004780572873968898
2754,0.5765944128007195,0.002737475670713515,0.004747662498872724
2755,0.5762918794040963,0.0027260537532575587,0.004730335183755119
2756,0.5759983003967774,0.0027050216420080866,0.0046962319856581666
2757,0.5757075675595172,0.0026748554769269596,0.004646205170215051
2758,0.5754198510946595,0.0026482525278989093,0.004602296084955988
2759,0.5751335211851053,0.0026214713593111093,0.004558022203104025
2760,0.5748489685942391,0.002588630943238834,0.004503149670024086
2761,0.5745665460491096,0.0025549935623117056,0.004446819223779388
2762,0.5742886475979236,0.002522229174880056,0.0043919189164365
2763,0.5739954461999179,0.002497162390822952,0.004350491641275514
2764,0.573696210249057,0.002467464989320649,0.0043009957974961275
2765,0.5733885417596878,0.00244867896178588,0.004270540451106787
2766,0.5730772431396751,0.002430808536762165,0.004241676956922382
2767,0.572762233741239,0.0024091114342786797,0.004206128289120162
2768,0.572454817824853,0.002406553821420539,0.004203919237791868
2769,0.5721455245444889,0.0023959853587711844,0.004187720179544771
2770,0.571832464108168,0.0023805850425329188,0.004163081307819219
2771,0.5715229885935058,0.002381690884672066,0.004167270489912065
2772,0.5712214072611033,0.002382243230131166,0.004170437591885017
2773,0.5709321462793132,0.0023710902203785,0.0041530157932611975
2774,0.5706491893200498,0.0023553633902218657,0.004127515528460438
2775,0.5703512022733987,0.0023608330991960746,0.004139262071835531
2776,0.5700417930747592,0.0023604046310999427,0.004140757151099591
2777,0.5697267933105401,0.002364329406071419,0.00414993543191622
2778,0.5694134634766204,0.0023700575569207687,0.004162278746361397
2779,0.5691050873439358,0.002379930189372277,0.004181881768935898
2780,0.5687936239341391,0.002389300359002717,0.004200645468697053
2781,0.5684837134820919,0.0024006585080990715,0.004222915188536348
2782,0.5681784202240723,0.0024160648928591524,0.004252299641908839
2783,0.5678722113811508,0.002419539754825878,0.004260711664233741
2784,0.5675670699105353,0.002423933257849652,0.004270743294236103
2785,0.567268383227903,0.0024248257666755146,0.004274565335155174
2786,0.5669753610515821,0.0024319530402303535,0.004289345194330411
2787,0.5666961903405131,0.0024522833194332073,0.004327333342332324
2788,0.5664073435470535,0.0024595022904355963,0.004342285315429136
2789,0.5661321361423309,0.002474800734450617,0.004371418925825523
2790,0.5658629979734738,0.0024864149862724822,0.004394022926356883
2791,0.5655937694794652,0.0025011821904372326,0.004422223732660906
2792,0.5653204048935875,0.002504733664202307,0.004430644361180954
2793,0.5650546448074261,0.002520691303487106,0.004460969087947542
2794,0.5647824456618913,0.0025297399861658105,0.0044791406064349365
2795,0.5645102284365876,0.002537544427390987,0.004495125685177967
2796,0.5642433367034466,0.002536959177235433,0.004496214686481624
2797,0.5639808254249588,0.0025403697785806876,0.004504354871757426
2798,0.5637096931531395,0.002533475711501235,0.004494291551614284
2799,0.5634472093260772,0.0025228841649471323,0.004477587470820347
2800,0.5631850353332801,0.00251302464382109,0.004462165160929639
2801,0.5629229263049647,0.002509190590067127,0.004457431866450164
2802,0.5626631168330284,0.002503086765001393,0.004448641985083572
2803,0.5624089325414723,0.002498546301175407,0.004442579334372793
2804,0.5621602139899787,0.0025073985427577824,0.004460291711078792
2805,0.5619260037227819,0.0025230693138769762,0.0044900383629900426
2806,0.5616958478632256,0.0025391250636948395,0.004520462583716879
2807,0.5614781844546467,0.0025477036709981834,0.0045374936044447044
2808,0.5612547326317106,0.002548890244551746,0.00454141425694543
2809,0.5610445798431983,0.002548396523825451,0.004542235350598487
2810,0.5608327631650678,0.002553428727986429,0.004552923608770852
2811,0.5606106933086937,0.0025615257100462035,0.004569170264891343
2812,0.5603867949486274,0.002570512082552128,0.004587031860355981
2813,0.5601740501615475,0.0025867823564918006,0.004617818972060208
2814,0.5599608429466987,0.002600626370923315,0.004644300407217692
2815,0.5597420698143202,0.00262274014216208,0.004685622688736092
2816,0.5595267115105422,0.0026451863983486907,0.004727542660488072
2817,0.559315080458374,0.002667915710776569,0.004769969206963165
2818,0.5591074890808245,0.002690884611551033,0.004812821620355794
2819,0.5589080146085663,0.0027142271053376254,0.004856303782364879
2820,0.558695740948983,0.0027201502643796442,0.0048687506723414115
2821,0.5584916138807843,0.002732516970390528,0.004892673233539029
2822,0.5582792965186981,0.0027329755714531625,0.004895355404535637
2823,0.5580878703814941,0.0027366048004792034,0.004903537499585026
2824,0.5579087699565175,0.00273462792058326,0.004901568263206173
2825,0.5577419774445239,0.0027409213088254287,0.004914317766404907
2826,0.5575628165889801,0.002736206995975631,0.0049074416631923416
2827,0.5573879909177066,0.00273247503262241,0.004902285440566364
2828,0.5572215914398913,0.0027246623062254244,0.004889728517491124
2829,0.5570385478387831,0.0027230080804962298,0.004888365609635182
2830,0.556859383811511,0.0027159601432145005,0.004877281809681804
2831,0.5566789620630809,0.002715968507199851,0.004878877579878952
2832,0.5564949037942297,0.0027133997212296966,0.004875875237543966
2833,0.5563188618585456,0.002713178612020666,0.004877020712467847
2834,0.5561308212665815,0.0027175499935288743,0.004886530092577292
2835,0.555947791668217,0.0027234436585045637,0.004898739952419638
2836,0.5557791368564209,0.002731664509279422,0.004915018085655698
2837,0.5556086693085964,0.0027416016268171956,0.004934411175097151
2838,0.5554337806025543,0.002759771910852033,0.004968678548607782
2839,0.5552647550006776,0.002775064987177396,0.004997732995269994
2840,0.5551005395128141,0.0027945611606203817,0.005034333353509326
2841,0.5549212612372448,0.0028333072658896035,0.005105782502498644
2842,0.5547436887864925,0.002872331210929335,0.005177762756008255
2843,0.5545840020056396,0.0029025066808869727,0.005233664639423654
2844,0.5544338518274239,0.0029186383249648973,0.005264177710911795
2845,0.5542791767021,0.002939057436413174,0.005302485750773178
2846,0.5541243069763555,0.0029597601173222392,0.005341328795830161
2847,0.5539489880889357,0.0029852066588612145,0.0053889558841146296
2848,0.5537821437407988,0.003006709892791191,0.0054294092483388205
2849,0.5536092547450215,0.0030292899175947733,0.005471891756921563
2850,0.5534172792559079,0.0030556514645512017,0.005521424030452482
2851,0.5532236099807717,0.0030870136833086536,0.005580046888121692
2852,0.5530286394450444,0.003119474430595924,0.005640710458912702
2853,0.5528265194067903,0.003160629466742788,0.005717217528085116
2854,0.5526362881950715,0.0031934287943958164,0.00577853619570597
2855,0.5524607758737812,0.0032272008610135287,0.005841502242234906
2856,0.5522904945271253,0.003249262706060683,0.0058832493737606744
2857,0.552112712991631,0.00325430117888924,0.00589426959806044
2858,0.5519299893114256,0.0032633870349864104,0.005912682945635429
2859,0.5517476364229841,0.0032727121122468708,0.005931538073210566
2860,0.5515753579454494,0.003278622012397531,0.005944105307042715
2861,0.5514060207594422,0.0032886672507638254,0.005964148244581006
2862,0.5512226691538551,0.003289394056335652,0.0059674506155288935
2863,0.5510524186794672,0.00330008397359514,0.005988693383296286
2864,0.5508728361462396,0.0033018385151698903,0.005993830696515511
2865,0.5506985758628404,0.0032941272995023084,0.0059817247472286166
2866,0.5505128371447979,0.003288360488431127,0.005973267590790458
2867,0.5503383254314678,0.003294820580585294,0.0059869001091322135
2868,0.5501498976123581,0.003292365979216213,0.0059844889429317896
2869,0.5499610097505238,0.003287698966302544,0.0059780582768838965
2870,0.5497716733804342,0.003285202811812447,0.005975576718262698
2871,0.5496033962543146,0.003284887253960905,0.0059768321599688755
2872,0.5494325304633795,0.003294458204055975,0.0059961105711696765
2873,0.5492525758650542,0.0033109941349292018,0.006028181351201673
2874,0.5490718862228018,0.0033273668836437736,0.006059984069724521
2875,0.5488907024972051,0.003343577649576036,0.006091518100715254
2876,0.5487145095068945,0.0033646183333604397,0.00613181950735014
2877,0.548526759672063,0.0033884216303642547,0.006177313267979896
2878,0.5483454726378904,0.003404672382720045,0.0062089915073820275
2879,0.5481645372419276,0.0034157910643886954,0.006231324415065483
2880,0.5479843177888726,0.0034259850935995616,0.006251976529955234
2881,0.5478119770222005,0.00342776681371935,0.006257195821734356
2882,0.5476459665049295,0.003431859758817191,0.006266566301436094
2883,0.5474782176084083,0.00343094565020831,0.006266816724135577
2884,0.5473109368967086,0.0034371983518938763,0.006280156525617836
2885,0.5471461812040495,0.003432648129785231,0.00627373131295799
2886,0.5469778261606383,0.0034288635861421967,0.006268743305757328
2887,0.5467952441511315,0.0034406664202688655,0.006292421993556847
2888,0.5466148923188987,0.00345229489744701,0.006315771754408986
2889,0.5464380054970344,0.00346344995673595,0.0063382303607993585
2890,0.5462604546884983,0.003492288847507537,0.006393083770815871
2891,0.5460748576157317,0.00352856490556025,0.006461687177773842
2892,0.5458968577144053,0.003557022683711141,0.0065159244524760655
2893,0.545707808694921,0.0035469899406658837,0.00649979693189407
2894,0.5455219982417626,0.003558218780932334,0.006522594491882278
2895,0.5453256266212401,0.003574141910004338,0.006554142581101886
2896,0.5451252799398304,0.003569032483349683,0.006547178446289675
2897,0.5449379977082319,0.0035761445337718053,0.006562479674406055
2898,0.5447513816936862,0.003582029049448635,0.00657552999372255
2899,0.5445695366254666,0.0035627455385227203,0.006542315166213632
2900,0.5444107132757524,0.003572452859736228,0.0065620546631798655
2901,0.544242353192537,0.003584432670482373,0.006586096523829901
2902,0.5440768286582524,0.003596331516262753,0.006609970002088978
2903,0.5439149475796962,0.003612768579547834,0.006642157189508897
2904,0.5437456304616812,0.003606102603093136,0.006631966127307142
2905,0.5435727502417561,0.003601378937276484,0.006625385352144228
2906,0.5433932967347312,0.003599680290927405,0.0066244473617138935
2907,0.5432142820259346,0.0035957303351382922,0.006619358978795447
2908,0.543033253338707,0.0036054239251853506,0.006639416468546418
2909,0.5428645349375202,0.0036109869325255113,0.006651727457092238
2910,0.5426953666003955,0.003615796616297228,0.006662663510373507
2911,0.5425219072889754,0.0036240913171692282,0.006680082902604057
2912,0.5423446686299023,0.0036331922143815086,0.006699046611004506
2913,0.5421579316357132,0.003638821635833204,0.00671173734349828
2914,0.5419941679663192,0.003633464985898207,0.006703882072258754
2915,0.5418352718253576,0.003625530553719977,0.006691204397798128
2916,0.5416811939571573,0.0036173073683012594,0.006677926811295871
2917,0.5415235086157546,0.003611584793182788,0.006669303798859519
2918,0.5413656992916973,0.003610339672282012,0.006668947953307063
2919,0.5411985388327446,0.0035948774159299734,0.0066424374014079825
2920,0.5410373942711283,0.0035767613832951638,0.006610931926643786
2921,0.5408781875884244,0.0035739370756009184,0.006607656137023718
2922,0.5407181090367993,0.0035541031096985014,0.006572931533640613
2923,0.5405488103066659,0.003533887330079305,0.006537591541593531
2924,0.5403765388764568,0.003516293030666735,0.006507116385877451
2925,0.5401971629227471,0.0035051052290396957,0.006488566526479437
2926,0.5400142087710676,0.00349691572316908,0.006475599468256869
2927,0.5398333043572933,0.003483448233555228,0.006452822020128047
2928,0.5396425172857524,0.003436677657679159,0.006368433819789933
2929,0.5394535745247534,0.0033990429680885443,0.006300899889453927
2930,0.5392633791824781,0.003361999873849635,0.0062344301572015105
2931,0.5390804742612145,0.0033261039682513484,0.006169958154781295
2932,0.5389020088281594,0.0032906441171268305,0.006106201244790913
2933,0.53872544865978,0.003287950740130382,0.006103202936319449
2934,0.5385495046301206,0.0032675816526633694,0.006067374725202961
2935,0.5383821589673994,0.0032598641673551665,0.006054926065171786
2936,0.5382158137588323,0.003255785910225202,0.006049220084202279
2937,0.538047356507058,0.003250700364193392,0.006041662178765392
2938,0.5378823687122937,0.0032446099087428057,0.006032192348134589
2939,0.537715974750636,0.0032378762129031667,0.006021536210458915
2940,0.5375387118598021,0.003216713473800434,0.005984152216072207
2941,0.5373575218702485,0.003183534921069328,0.005924426087847768
2942,0.5371827616686826,0.00315075799269886,0.005865337120855244
2943,0.5370081931238653,0.0031318054571911965,0.005831950978201966
2944,0.5368353227119428,0.0030972657021115175,0.005769489396608614
2945,0.5366686517608509,0.0030587045087821087,0.0056994283134411995
2946,0.5365083189262084,0.0030363950139224607,0.005659548802523019
2947,0.5363470744330932,0.0030168172125342205,0.005624748146007748
2948,0.5361972422758103,0.0029927855923166996,0.005581501276683672
2949,0.5360588869541768,0.0029857751226582438,0.005569864049121664
2950,0.5359201396256231,0.002978606588972378,0.005557929939063568
2951,0.5357740851304633,0.00297513790354205,0.0055529708996985006
2952,0.5356406255878667,0.0029644890862014096,0.005534473945003474
2953,0.5355183337255764,0.002955906430915681,0.005519710987953626
2954,0.5353987312611694,0.0029532690310693794,0.005516017985535278
2955,0.5352917677388781,0.0029373576231665997,0.005487395473265487
2956,0.5351685694588288,0.0029161472512578357,0.005449025629824807
2957,0.5350328611727577,0.0029007483071210424,0.005421626441341917
2958,0.5348944281418115,0.002883305985146665,0.005390420676399794
2959,0.5347549877334639,0.002867776472037654,0.005362785832428795
2960,0.5346158277622496,0.0028598630505038965,0.005349379689102122
2961,0.5344744174941465,0.00285690442083829,0.005345259431186112
2962,0.5343372330233657,0.0028581622369530007,0.005348985734684931
2963,0.5341985101309764,0.002858401837063894,0.005350823304174065
2964,0.5340647811852717,0.00284548396649891,0.005327975307010157
2965,0.533928300514357,0.0028331856634154066,0.005306303600476079
2966,0.5338069847772641,0.0028077155266676397,0.005259795406834523
2967,0.5336885307103817,0.0027828571042995917,0.0052143843162516315
2968,0.5335791466751589,0.0027585967021591,0.005169985969932449
2969,0.5334623797967131,0.0027444736520028244,0.005144643288714498
2970,0.5333446046057342,0.0027294978170635136,0.00511770025138109
2971,0.5332383603377384,0.0027151005350179325,0.0050917202080102844
2972,0.5331314354847938,0.002691997216837013,0.005049406277063914
2973,0.5330365721956083,0.0026767850647631173,0.005021766243425448
2974,0.5329286256445076,0.0026560609638012636,0.004983896221729701
2975,0.5328134365467904,0.0026464059260689287,0.004966852831678782
2976,0.5326931162658001,0.0026273070524045912,0.004932121276171388
2977,0.5325887427885517,0.0026160356114411595,0.004911924344746763
2978,0.5324796937799791,0.002614136459209456,0.004909363661649075
2979,0.532374205623178,0.0026121643267038013,0.004906632025205083
2980,0.5322766777712242,0.0026187074549711316,0.004919823776492173
2981,0.5321788976350561,0.0026298296439976154,0.004941627065042011
2982,0.5320934465878138,0.002633922236916215,0.004950112153808545
2983,0.5320258360288502,0.002635605078576394,0.004953904303311828
2984,0.5319541613689936,0.0026339290110217474,0.004951421010117269
2985,0.5318952761603206,0.0026297962967056364,0.004944199383927183
2986,0.5318493218650303,0.002621574386845674,0.004929167489868423
2987,0.5318021341764853,0.0026080454538778193,0.004904165076201643
2988,0.5317543421870513,0.0025872601081481316,0.00486551759503645
2989,0.5317060460528179,0.002567279509271886,0.004828381261282218
2990,0.531657384114158,0.0025481368577859854,0.0047928175812542596
2991,0.5315872072386828,0.0025259731034986996,0.004751756756186454
2992,0.5315287845775686,0.0024986747537350394,0.004700920864936517
2993,0.531473859188738,0.00247125834344517,0.004649821060282049
2994,0.5313968445235024,0.002459535235226975,0.00462843402360135
2995,0.5313135341005981,0.002444722968128752,0.004601281185632045
2996,0.5312318117426061,0.002430754441140394,0.004575694428326423
2997,0.531155811822707,0.0024174070331013033,0.004551220149141854
2998,0.5310772665403137,0.0024038049638162506,0.004526281042824075
2999,0.5310002922540843,0.0023968063003631827,0.004513757026740595
3000,0.5309206613315934,0.0023951094218514018,0.004511237923655612
3001,0.5308641545862545,0.0023836945654033713,0.004490215707370896
3002,0.5308103483695148,0.0023729793965829443,0.004470484427954359
3003,0.530763685981227,0.0023579463218485973,0.004442553972940789
3004,0.5307285922178046,0.002339982258960749,0.004408999803802635
3005,0.5306953673895933,0.002327707833555913,0.004386146886877005
3006,0.5306548213087849,0.002310516961366866,0.004354086439219196
3007,0.5306167726316421,0.002303542532866824,0.004341254652472057
3008,0.5305758774414828,0.002302639148457235,0.0043398866144478895
3009,0.5305363000950015,0.0023029450858433826,0.004340787021417764
3010,0.5304981450013316,0.002304413393261506,0.004343867014380836
3011,0.5304571959792665,0.0023071444394447103,0.004349350818373831
3012,0.5304154595340368,0.0023071659915476356,0.004349733685316132
3013,0.5303750181565857,0.0023131057203653518,0.004361264466047004
3014,0.530333829352433,0.0023211316592530043,0.004376736935841402
3015,0.5302983437422928,0.0023258364520521877,0.004385901784340602
3016,0.5302582532386002,0.0023374817881497353,0.004408195014171593
3017,0.5302261987638242,0.0023498290229128456,0.00443174823950847
3018,0.5301853523254433,0.0023525168129554836,0.004437159198452242
3019,0.5301582686107869,0.002377864349937656,0.004485197139655203
3020,0.5301293948393525,0.0024015968844073267,0.004530208865582889
3021,0.5301009207450494,0.0024250774114716526,0.004574746650247731
3022,0.5300545315050698,0.0024467146480229985,0.004615967796889963
3023,0.5300082358372256,0.002465714390193458,0.004652219009952744
3024,0.5299599371286312,0.002482852019220793,0.004684980590557657
3025,0.5299078151315693,0.002504642661144301,0.004726562978737029
3026,0.5298562846671553,0.002525748582428548,0.004766855948524175
3027,0.5298032634589362,0.0025447668491237214,0.004803229848962529
3028,0.5297551814818025,0.002558851435874449,0.004830252775851986
3029,0.5297019422877159,0.002557999166914604,0.004829129294612227
3030,0.5296477094446637,0.00255639149344617,0.004826588405577266
3031,0.5296029657522039,0.0025474343928403994,0.004810083321988645
3032,0.5295615586133957,0.0025406264413699382,0.00479760360253927
3033,0.5295173531314581,0.0025382345767231544,0.004793487053280786
3034,0.5294767812161879,0.0025374965117843907,0.004792460409606363
3035,0.5294460172466575,0.0025281768909581406,0.004775136290769975
3036,0.5294040212207504,0.0025346182256729766,0.004787682231480622
3037,0.5293781979005937,0.002534551709945821,0.004787790128111315
3038,0.5293538970447303,0.0025359297381321506,0.004790613146119646
3039,0.5293230867439319,0.002549923458599815,0.0048173290046450955
3040,0.5292934439472361,0.0025640594447082915,0.004844306072613845
3041,0.5292580698822329,0.0025474621013862604,0.004813270210415696
3042,0.5292214176790511,0.002529719722703229,0.004780078126462731
3043,0.5291813838864755,0.0025155405712819707,0.0047536452488314025
3044,0.5291401788622817,0.002516940616340479,0.004756661309961795
3045,0.5291042680253216,0.0025034025111013826,0.004731397311241451
3046,0.5290659970933608,0.0024882694777145203,0.004703136265390028
3047,0.5290391750935463,0.0024901650648538162,0.004706957787036278
3048,0.528999086322562,0.0024799538299438107,0.00468801155628393
3049,0.5289643474792053,0.0024665724331561062,0.00466302208251015
3050,0.5289412638942688,0.002470458384493048,0.00467057224143298
3051,0.5289068590908281,0.002465676453344219,0.004661834897703214
3052,0.5288732618346911,0.002461580740155489,0.004654386821553669
3053,0.5288394571000341,0.0024583191241589943,0.004648516844109051
3054,0.5287989589836533,0.0024564506730280224,0.004645339464641341
3055,0.5287555741846027,0.0024612928057279196,0.004654878219531765
3056,0.5287166722595955,0.0024630173854449785,0.004658482538329446
3057,0.5286903193941253,0.002475175002220195,0.004681710467210228
3058,0.5286634177730101,0.0024876399647134183,0.004705526959275108
3059,0.5286336681117229,0.002486226430734804,0.004703117831324656
3060,0.528586056121221,0.0024957870104268245,0.004721628543781458
3061,0.5285371202666316,0.0025050414583291493,0.004739575258338391
3062,0.528491251665623,0.0025085813635348665,0.004746684747625772
3063,0.5284487655141014,0.0025126730763118583,0.004754809246015372
3064,0.5284153328816371,0.0025159549190864224,0.00476132080680934
3065,0.5283685978531285,0.0025244899165429682,0.004777895444204095
3066,0.5283090974317871,0.0025335488385143227,0.00479558056227007
3067,0.5282400998815253,0.0025466074121519625,0.00482092785595626
3068,0.5281700233877682,0.002559610150070497,0.0048461859566598315
3069,0.5281052274926896,0.0025772388152186586,0.004880161530410782
3070,0.5280426280729141,0.002589301329815088,0.0049035839005360515
3071,0.527968639701689,0.00260070674308777,0.004925873522634247
3072,0.5278938154386675,0.002612219439229147,0.004948380456131036
3073,0.5278181946946129,0.0026238170906415343,0.004971062227514973
3074,0.5277401324020599,0.00262441102329431,0.004972922963711423
3075,0.5276720976252419,0.0026333740140102166,0.004990550051559606
3076,0.5276056716216665,0.002645221152948268,0.005013632899013059
3077,0.527540509471018,0.002631787958330322,0.00498878836995722
3078,0.5274727446399634,0.0026290466977529946,0.004984232312415499
3079,0.5274203825733849,0.00265587479870608,0.005035593781468132
3080,0.5273692294911708,0.002674033695732237,0.005070515203005423
3081,0.5273193159879588,0.002694312166042758,0.005109450923478559
3082,0.5272747431583878,0.002717090440677446,0.00515308285847718
3083,0.5272301763439985,0.0027418718226792636,0.0052005214149394435
3084,0.5271803638510317,0.0027412450376086625,0.005199823865942152
3085,0.5271290369414519,0.002757449755641541,0.005231071639765901
3086,0.5270770050267178,0.002758339854890048,0.005233276786093573
3087,0.527027582921985,0.0027743752224936684,0.005264193587576144
3088,0.5269817201648388,0.002790839968342511,0.005295895211449729
3089,0.5269354335681824,0.0028069353194199857,0.00532690561424692
3090,0.5268931042352094,0.0028234745602047306,0.005358723690838642
3091,0.5268466926986857,0.0028444132165934026,0.005398939114571191
3092,0.5267986513714794,0.002876552692396814,0.005460440502093033
3093,0.5267430153997299,0.002912852538990908,0.005529931017273061
3094,0.5266904427708606,0.0029378093619389215,0.005577867231619828
3095,0.5266440492318597,0.0029693967811463685,0.005638337289631208
3096,0.5265986728792973,0.0030013665457421725,0.005699533060597214
3097,0.5265533064743688,0.0030164145176369405,0.005728602366650928
3098,0.5265088695441096,0.00303070675417685,0.005756231147256951
3099,0.5264658958958441,0.003041500909727433,0.005777204057163017
3100,0.5264187207525011,0.003053878027280659,0.005801233707865147
3101,0.5263760623263155,0.0030672577160866603,0.00582712234772025
3102,0.5263414957166189,0.0030829975995680567,0.005857409352402524
3103,0.5263044082824649,0.0031079726341304947,0.005905275702084679
3104,0.5262549216615326,0.003132318914907172,0.005952094291142348
3105,0.5262025913383164,0.003145983283045297,0.005978654105529899
3106,0.5261344709350175,0.0031598071676396332,0.006005702614436564
3107,0.5260844818588046,0.003185335019076881,0.006054797525717154
3108,0.5260540628249067,0.0032032279990211786,0.0060891612200842365
3109,0.5260215618049051,0.0032288026422615714,0.006138156449676286
3110,0.52598308691031,0.0032514438002199516,0.006181650857481628
3111,0.5259323514023126,0.0032742193270008067,0.006225552237413493
3112,0.5258900358837542,0.003290885299805005,0.006257744158005766
3113,0.5258456845584869,0.0033023627016999187,0.0062800985130697885
3114,0.5258059530015408,0.003318029987468127,0.006310369763840243
3115,0.5257686878108607,0.003350114686555863,0.006371841389993594
3116,0.5257273743177165,0.003376341292673811,0.006422228435518678
3117,0.5256780127200746,0.003408596918042669,0.006484191530867316
3118,0.5256270298006994,0.0034373690308640487,0.006539559109369597
3119,0.5255721361836694,0.003471268800873591,0.0066047428352642
3120,0.5255281223922434,0.0034923443023932577,0.0066453994631074055
3121,0.525479580629393,0.0035100412817217676,0.006679691107155137
3122,0.5254316827404611,0.003526663951738678,0.006711936237542581
3123,0.525388533698748,0.003537949003343478,0.006733966914801568
3124,0.5253458515934946,0.003548465283250979,0.006754531843142321
3125,0.5253036886755023,0.0035581974413229425,0.006773600715225437
3126,0.5252615118387081,0.003569665526170913,0.006795977709608103
3127,0.5252249221867278,0.003574685931935721,0.0068060097320836
3128,0.5251896367921379,0.0035782122195432697,0.006813181313704161
3129,0.5251597522289154,0.00357886476793,0.006814811593501523
3130,0.5251350652929124,0.0035738977280710396,0.006805673367246145
3131,0.5251113041900596,0.003567755362714048,0.0067942840579617945
3132,0.5250774132620368,0.0035568130601806693,0.0067738831843556415
3133,0.5250480626445194,0.0035548975230045416,0.006770613541738489
3134,0.5250154683213312,0.0035571176031039377,0.006775262478412988
3135,0.5249897443500983,0.0035696365015025554,0.006799440446063424
3136,0.5249645337034302,0.0035808774231304037,0.006821179704976717
3137,0.5249352799622246,0.0035906131434199776,0.006840106353069593
3138,0.5248944073982705,0.0035985396431934035,0.0068557401116734785
3139,0.5248606529250933,0.0036108915839970354,0.006879714765954025
3140,0.5248308255220038,0.003625359252975996,0.006907672104377949
3141,0.5248029355026629,0.003642809563945726,0.0069412903730361126
3142,0.5247875999266025,0.0036558359688909905,0.006966315456772036
3143,0.5247641006302098,0.0036661227091834125,0.006986230012267648
3144,0.5247409418973626,0.003666435942891302,0.006987135270280555
3145,0.5247304346023783,0.003675151584400042,0.007003884932241329
3146,0.5247156987048609,0.0036874032294452064,0.007027430737343492
3147,0.5247008600735941,0.003698150278873595,0.007048111715225502
3148,0.524681664039461,0.003704289060864928,0.007060069590284616
3149,0.5246665348503499,0.0037078208683252647,0.0070670047011533585
3150,0.5246310874841132,0.003690772840501915,0.007034986924242605
3151,0.5246009382396413,0.0036691531935662135,0.006994179625142263
3152,0.524573746876329,0.003663137389059832,0.006983074183320569
3153,0.5245472126334539,0.003656376836044947,0.006970539062991782
3154,0.5245213886120247,0.003648912183530462,0.0069566508873663314
3155,0.5244970652701727,0.0036398022737755996,0.006939604651363888
3156,0.5244695394014648,0.003634168821930585,0.006929227626980914
3157,0.5244425144755873,0.003634675938339336,0.006930551658219024
3158,0.5244125202181191,0.003634451797156252,0.006930520643642476
3159,0.5243826418472033,0.0036323151120930793,0.006926840864331047
3160,0.5243478055336178,0.003629604291897253,0.006922131176278082
3161,0.5243143780922164,0.0036295128267088794,0.006922398046598144
3162,0.5242721835979982,0.0036231145163344285,0.0069107509985930566
3163,0.5242288912077683,0.003617095991188269,0.006899840989028399
3164,0.5241856256186639,0.0036104081368102323,0.006887651931601693
3165,0.5241333505883995,0.003595277451819312,0.0068594708727906795
3166,0.5240768102250526,0.0035681565902031987,0.006808461127426983
3167,0.5240395944588437,0.003562953792783844,0.006799016392002162
3168,0.5239963713708684,0.0035539126485459997,0.006782323013513104
3169,0.5239524854105742,0.003545352010511804,0.006766552519993549
3170,0.5239017134373964,0.003516068734494209,0.006711313676423701
3171,0.5238510853993537,0.0034860491353465215,0.006654656700174555
3172,0.5238027925665052,0.0034551358158663222,0.006596253141257617
3173,0.5237456368831597,0.0034140607079216536,0.006518547301394098
3174,0.5236870434925482,0.0033724348529714085,0.006439790510149209
3175,0.5236302021099785,0.003330932565715376,0.006361230792825387
3176,0.5235825798079394,0.0032824575536715616,0.00626922605957523
3177,0.5235358304985162,0.003232858087511538,0.006175046480454217
3178,0.5234899863354897,0.0031821144100677365,0.006078653829355985
3179,0.5234491210235424,0.0031301992607364825,0.005979949406765171
3180,0.523413165883013,0.003098530198286176,0.005919855288811597
3181,0.5233792306613616,0.0030662625201232216,0.005858586547747753
3182,0.5233419379723998,0.00303827552750709,0.005805526572700015
3183,0.5233053808543884,0.0030109010936703526,0.005753621506345922
3184,0.523277773731005,0.0029907829988314386,0.0057154787552067396
3185,0.5232527120183146,0.0029739005513934854,0.005683488079636355
3186,0.5232104136129365,0.002952959023547551,0.005643922496030645
3187,0.5231853399496562,0.002935015667738751,0.00560989661526291
3188,0.523152188312073,0.00292857914240568,0.0055979487572337385
3189,0.5231111123599398,0.0029075644269692426,0.005558215756213222
3190,0.5230873736386514,0.002889822430595265,0.005524550154008407
3191,0.5230643453328052,0.0028714222032854586,0.005489615625508724
3192,0.5230344104672002,0.002863462554650739,0.005474711600892478
3193,0.5230027613735898,0.0028553497297036877,0.005459530886996718
3194,0.5229798195186787,0.0028497166327522317,0.005448999227876424
3195,0.5229664270233205,0.0028450755274592775,0.0054402641937326655
3196,0.5229538286654107,0.002828197351409309,0.005408120557462842
3197,0.5229345460852148,0.0028101633533919794,0.00537383382763557
3198,0.5229181400574303,0.0027936781010134376,0.0053424769328266515
3199,0.5229138578484889,0.00276956502242726,0.005296407775121012
3200,0.5229048523759595,0.0027507682271754623,0.005260552115124967
3201,0.5228930785688591,0.00273315031640398,0.005226977423156032
3202,0.5228998555484056,0.0027076372944737654,0.005178118268237149
3203,0.5229006365359092,0.002689173683514126,0.005142800554478674
3204,0.5229038890411146,0.0026667955625436046,0.0050999727070951675
3205,0.5228972320583664,0.0026550964963844457,0.005077664086942577
3206,0.5228812253564135,0.002650643129864007,0.0050693025515636736
3207,0.522862501908489,0.002646440959936193,0.005061447226137801
3208,0.5228243256608855,0.002630304782341718,0.005030953330292797
3209,0.522778886619,0.0026299233198166616,0.005030660929758136
3210,0.5227395797792314,0.002619607559538047,0.0050113051715815855
3211,0.5227031919371949,0.0026039644257568073,0.004981726658500461
3212,0.5226667221335743,0.002587225247423798,0.004950047779706546
3213,0.5226230660111487,0.0025703581289682376,0.004918187305788387
3214,0.5225939320114612,0.0025470283569103288,0.004873819233045494
3215,0.5225661245034562,0.0025200142280340718,0.004822383445594749
3216,0.5225249342324219,0.002507800749632328,0.004799389627819837
3217,0.5224967202166891,0.0024857513133821657,0.004757448644560445
3218,0.5224631255800569,0.0024603227995555893,0.004709084103924181
3219,0.5224287910180415,0.0024356910045084763,0.00466224497268253
3220,0.5223916345104884,0.002407613563408287,0.004608828710789678
3221,0.5223544837045553,0.002388820167809708,0.004573178257929589
3222,0.5223226082306012,0.0023706518426366745,0.0045386736191018
3223,0.5222900112483941,0.0023528812305809482,0.004504932470289862
3224,0.5222486658433658,0.002335922615048327,0.004472816816632947
3225,0.5222136801559738,0.0023320981077250514,0.004465792828384934
3226,0.5221764494375836,0.0023199308373218572,0.004442810164687754
3227,0.5221264411020871,0.0023156463015824628,0.004435029753893854
3228,0.5220810392411014,0.0023308435859659402,0.004464524490975695
3229,0.5220375797408167,0.0023422936947609012,0.004486829656830094
3230,0.5219908918715235,0.002357579292601516,0.004516514232937578
3231,0.5219450786542172,0.002373423082243647,0.004547265946760681
3232,0.5219001867084538,0.002389859985971618,0.004579151429402826
3233,0.5218630994636116,0.0023976490729521655,0.004594402392919809
3234,0.5218259925974725,0.0024072130963988672,0.004613057092876072
3235,0.5217960240894381,0.002408901531148126,0.004616557850075204
3236,0.5217656620410848,0.002412976516425879,0.00462463648333354
3237,0.5217295516582162,0.00242237270514066,0.0046429662598977154
3238,0.5216782386800471,0.002426817319268748,0.004651942786436891
3239,0.5216375107344204,0.0024196805742358095,0.004638624570593301
3240,0.5215954945024212,0.0024141643506256174,0.004628422553627735
3241,0.5215522422400689,0.0024102618958650067,0.004621324002966457
3242,0.521508087752441,0.002404488855228247,0.004610645379616153
3243,0.5214605708986818,0.0024087385410569814,0.004619215095986599
3244,0.5214135725712543,0.0024096340596927446,0.004621348937677401
3245,0.5213785777779771,0.0023981499319384522,0.004599632654949003
3246,0.5213384265478288,0.0023948757789600283,0.004593706615524756
3247,0.5213024548514478,0.0023896931348766186,0.0045840818753819105
3248,0.5212612506520615,0.002387723507774182,0.004580665654290063
3249,0.5212131144117136,0.002391193912833585,0.004587747020779579
3250,0.5211659802257613,0.0024106411904601097,0.004625476876706066
3251,0.5211317234633485,0.0024270751817180823,0.004657316130340663
3252,0.5211006730642677,0.0024409301071938935,0.004684181451619142
3253,0.5210695693542032,0.002454951548887057,0.004711370022873614
3254,0.5210299737547202,0.0024680349512349944,0.004736838714766236
3255,0.5209945814476045,0.002479284800092031,0.004758753523315421
3256,0.520954585007147,0.002484067212894888,0.004768298973433181
3257,0.5209145255392416,0.002490814864015774,0.004781619136915651
3258,0.5208677434465127,0.0024880602829050703,0.004776760154971214
3259,0.5208116649655439,0.0024934042583969972,0.004787535353229766
3260,0.520743583693226,0.002507900919643301,0.004815999655447938
3261,0.5206818874857561,0.002525974264216598,0.00485128122357761
3262,0.5206268321813987,0.0025330494496941663,0.00486538398161467
3263,0.5205636937976036,0.0025477650019918455,0.004894242591920793
3264,0.5205008921751028,0.002563392459129948,0.004924856993842754
3265,0.520446845894926,0.002573076130602069,0.004943974876392185
3266,0.5203805220143954,0.0025850533671215844,0.004967621303569992
3267,0.5203187054404155,0.002602689241938557,0.005002105853057026
3268,0.5202617089574575,0.0026184235232396603,0.005032896863554823
3269,0.5202188056174923,0.0026302313371147734,0.005056009718819615
3270,0.5201699611095641,0.0026417099341984663,0.005078551496060033
3271,0.5201215573958364,0.002655252415162098,0.005105061263863995
3272,0.5200787882057254,0.0026643766523938126,0.0051230250354680415
3273,0.5200282438699183,0.0026814757733328617,0.005156404108703787
3274,0.5199783663971648,0.0026990772043652806,0.005190749036477602
3275,0.5199299360718801,0.0027167858618732817,0.005225292243025774
3276,0.5198707667897481,0.002743554255217654,0.005277377437780095
3277,0.5198204084896745,0.0027635393613845488,0.005316334865370032
3278,0.5197664517729808,0.002788471353800866,0.005364854434696742
3279,0.5197069715548254,0.002820846106019133,0.005427762682459136
3280,0.5196462852006861,0.002854487128893081,0.005493134869213363
3281,0.5195820412480555,0.0028917642410273016,0.005565558490207198
3282,0.5195265070942393,0.002921417818612817,0.005623231497758568
3283,0.5194920910108756,0.0029552902558403014,0.0056888070232014995
3284,0.5194444182263301,0.0029940630409601996,0.005763971920583116
3285,0.5194052928458275,0.003026379147018412,0.0058266236187868746
3286,0.5193607602299145,0.0030459003134402055,0.005864710133456797
3287,0.519312830660869,0.0030574995306872008,0.005887587115450772
3288,0.5192686326243727,0.003063055561954814,0.005898787967365169
3289,0.5192362748693811,0.0030677059341903358,0.005908111745393842
3290,0.5191968296683056,0.003069595921368637,0.005912200818579114
3291,0.5191574148089868,0.0030718606849996694,0.005917012061033351
3292,0.5191199936154839,0.003065958147450015,0.005906068317840582
3293,0.5190779539476373,0.0030627696299652856,0.005900403988789411
3294,0.5190396951653666,0.0030577990934462676,0.005891262502518328
3295,0.5189899743592035,0.003075992656376704,0.00592688261497658
3296,0.518931261318121,0.0030788688948766066,0.005933095815149137
3297,0.5188736821880402,0.0030803912478298673,0.0059366881643334755
3298,0.5188111051090711,0.003086292777974383,0.005948779329473957
3299,0.518748972698629,0.003091275791872625,0.005959097664890267
3300,0.5186873060832398,0.0030953094112482274,0.005967582732305169
3301,0.5186392593682723,0.003122742572216686,0.006021030062437498
3302,0.518586006537754,0.0031568193566137727,0.006087359313240456
3303,0.5185297648904938,0.003176567482986723,0.0061261044168941185
3304,0.5184754747283711,0.003195082558958791,0.006162456499283196
3305,0.5184373607320394,0.0031987374126690605,0.006169959294894193
3306,0.5183948788226969,0.003205169794485329,0.00618287318301532
3307,0.5183509760817939,0.0032071510821591593,0.006187219143295454
3308,0.5183043004535879,0.0032056745245893446,0.006184927506455062
3309,0.518253710363438,0.003207967846776288,0.006189956352703432
3310,0.5182065412877871,0.003206997693103181,0.006188647648355654
3311,0.5181678714993906,0.0031998766842457394,0.006175366826558452
3312,0.5181272147892475,0.003188477496797254,0.006153850648617624
3313,0.5180911827286987,0.0031833339812777253,0.006144350815838331
3314,0.5180530825279572,0.003180389417600406,0.0061391187985620635
3315,0.5180264054659727,0.003168054532903061,0.006115623642878489
3316,0.5180059988037808,0.00316604023795277,0.006111976010440097
3317,0.5179924964632738,0.0031780708515838584,0.00613536078858854
3318,0.5179597065107473,0.003175438906133188,0.006130667822647127
3319,0.5179253072679586,0.003176060686201124,0.006132275526281492
3320,0.517893953031275,0.003174532349840614,0.00612969572488696
3321,0.5178656531968813,0.0031851832370050847,0.006150597587120046
3322,0.5178395057698062,0.0031955987649739974,0.006171021579791419
3323,0.5178155400385565,0.003205819838242419,0.0061910460199856385
3324,0.5178013429319317,0.003219283746938805,0.006217217840166939
3325,0.5177898768540097,0.003232626584785781,0.006243124343076365
3326,0.5177822610487969,0.0032448512621584113,0.006266825857621665
3327,0.5177711789696977,0.0032595305537543554,0.006295310913675088
3328,0.5177699611423435,0.0032673938909016926,0.006310512652555045
3329,0.5177710603472933,0.0032755337165148073,0.006326220152817644
3330,0.5177742522551405,0.0032820827616827208,0.006338829610371256
3331,0.5177792818319839,0.0032893697989732286,0.006352841672874444
3332,0.5177739480102315,0.003308129524184459,0.006389138613283588
3333,0.5177864254259885,0.0033130283759578282,0.006398445794001192
3334,0.5178034492815072,0.003337793346795566,0.0064460624034602615
3335,0.5178154949057192,0.003349104705397699,0.006467756832976742
3336,0.5178264647066317,0.0033548922037907286,0.006478796339023348
3337,0.5178368755478566,0.003385522396608206,0.006537816359691303
3338,0.5178411106500331,0.003397258955951046,0.006560427293396136
3339,0.5178472002696333,0.003406785448108288,0.0065787464841645165
3340,0.5178506449679559,0.0034199027571038257,0.006604033016731004
3341,0.5178488844974943,0.003414850838574355,0.0065942998832333646
3342,0.5178499372538966,0.003408373639816855,0.006581778609245565
3343,0.5178567943434933,0.0033975691675357093,0.006560827635452648
3344,0.5178714817722264,0.0033826287388609684,0.006531791878720864
3345,0.5178812473059817,0.0033661709275190454,0.006499889588645788
3346,0.5178847882926403,0.003345434958544552,0.006459805412655126
3347,0.5178817819057592,0.003332291929005137,0.006434464477090886
3348,0.5178889901502954,0.0033201967934722476,0.006411020231398818
3349,0.517900034725199,0.0033044521148271324,0.00638048251257696
3350,0.5179058958091034,0.00329438845394414,0.006360978858519173
3351,0.517908598782871,0.0032893466652399606,0.006351210759910539
3352,0.5179053776120246,0.00329251753903849,0.006357372758359335
3353,0.5178761593619196,0.003309317420992883,0.006390171397482994
3354,0.5178672721671659,0.0033151299391561938,0.006401505013597539
3355,0.5178469686775935,0.0033333696184722605,0.0064369781423739185
3356,0.5178355502904323,0.003343976911990616,0.006457603982799404
3357,0.5178324707247517,0.0033488315433714603,0.006467017293613277
3358,0.5178327821485865,0.0033523373176424158,0.006473783493839327
3359,0.5178409387507715,0.003352545499450152,0.006474083542984766
3360,0.5178530680430575,0.0033446847324553612,0.006458752373708566
3361,0.5178595247292427,0.0033450089528084172,0.0064592979236160995
3362,0.5178674090800452,0.003344849958797924,0.006458892566226194
3363,0.5178756320310336,0.0033448815837813736,0.006458851077165439
3364,0.5178825897828789,0.0033497813340184167,0.006468225424266154
3365,0.5178847902100709,0.0033537972778305614,0.0064759524535759234
3366,0.5178732783958017,0.003353070464808763,0.006474692950359314
3367,0.5178825695028149,0.003342469011227496,0.00645410602337202
3368,0.5178809560958958,0.0033425288772986777,0.006454241728633372
3369,0.5178884823609515,0.0033439278436210767,0.006456849220466863
3370,0.5178970480357863,0.0033456369978256658,0.00646004260984798
3371,0.5179066402581025,0.003347671150783246,0.006463850606578263
3372,0.5179129391464816,0.0033461053643690105,0.006460748731019114
3373,0.5179199591811809,0.0033445228924175747,0.006457605722909743
3374,0.5179205789357717,0.003352005578709392,0.006472045551071027
3375,0.5179310080423317,0.003360766798539923,0.0064888310341620625
3376,0.5179380869360407,0.0033725823525535595,0.006511555024857699
3377,0.5179425985557332,0.003379963372262528,0.006525748956906519
3378,0.5179634643207585,0.0033734995584707526,0.006513006786867984
3379,0.5179935683222956,0.0033629866010176897,0.006492332736697687
3380,0.5180274803622396,0.003350637830138489,0.00646806966262774
3381,0.5180631769354339,0.0033374434538740714,0.0064421553247935555
3382,0.5181006553121729,0.0033233861310782696,0.006414556895466227
3383,0.5181399127627503,0.003308452617845106,0.0063852494979671735
3384,0.5181781211026939,0.0032903570162136574,0.0063498570900903896
3385,0.5182167146746746,0.003271360616791427,0.00631272694252079
3386,0.5182359468246914,0.003266428273332838,0.006302975108822013
3387,0.5182558830481284,0.0032608921440848587,0.006292050415146049
3388,0.518276501281737,0.0032547622305004876,0.006279972606227013
3389,0.5183053708756418,0.0032373303108153254,0.006245990284349312
3390,0.5183284976658333,0.0032277567048667336,0.006227241449008019
3391,0.5183516239339614,0.0032180022673842157,0.006208145434100526
3392,0.5183747285196769,0.0032080804368015653,0.0061887284628301285
3393,0.5184021244241921,0.0031968443589041867,0.0061667269640436695
3394,0.5184373291780325,0.0031744977766559558,0.006123204480065181
3395,0.5184846596994201,0.0031480521219156054,0.006071639850908256
3396,0.5185083976675645,0.0031367788876576165,0.006049620221712832
3397,0.5185419386963022,0.0031229603129913986,0.006022580007401182
3398,0.5185642157339356,0.003111724563634905,0.0060006542472870236
3399,0.5185911802302123,0.0030989511568068565,0.005975711263410176
3400,0.5186222987984797,0.0030856822899418693,0.00594976786977852
3401,0.5186420209020757,0.0030614051556079025,0.005902732582838527
3402,0.5186527960927374,0.0030338944385087455,0.005849567304687338
3403,0.5186593531972095,0.0030063336221707398,0.0057963547820714684
3404,0.5186666296502398,0.0029823085565159856,0.00574995264015171
3405,0.5186695355489571,0.002963255398563005,0.005713185748275558
3406,0.5186725027550956,0.0029432255610584842,0.005674535560347997
3407,0.5186789540980673,0.0029271082286843894,0.005643391168192564
3408,0.518682079307212,0.002917226347016726,0.005624305260195565
3409,0.5186818527038369,0.002909608345459911,0.0056096204837173536
3410,0.5186865863921544,0.002900304708984748,0.005591632375069682
3411,0.5187040909708533,0.00288125236012098,0.005554713005498315
3412,0.5187161829269573,0.0028500500470564506,0.005494430559259761
3413,0.5187259813170993,0.002825513611428781,0.0054470254299861885
3414,0.518745885863629,0.002797763946760845,0.0053933226710858925
3415,0.5187634312102662,0.002767852910975579,0.005335481925775349
3416,0.5187785619505085,0.0027448202013899865,0.00529092835114463
3417,0.518803691905267,0.002710445604403653,0.005224414642173706
3418,0.5188303865160925,0.002677114617682765,0.005159903288740259
3419,0.518854567571694,0.002646061366040883,0.005099813187392355
3420,0.518868618075106,0.0026243423707384772,0.005057816717600379
3421,0.518883894479364,0.002608510455540614,0.005027156331683666
3422,0.5189036812564831,0.002582786794298253,0.004977391542191885
3423,0.5189202471726578,0.0025803372603418117,0.004972512200864787
3424,0.5189463623075865,0.0025709162508121093,0.004954107856889249
3425,0.5189615284004383,0.002546752810116459,0.00490740193780096
3426,0.5189852227296705,0.0025404324531038995,0.0048949995912063995
3427,0.5190217742324867,0.0025300060281788364,0.00487456625865096
3428,0.5190599892729229,0.0025193458448028744,0.004853669897253816
3429,0.5191019192802353,0.00250792329445989,0.004831273399908191
3430,0.5191450253107841,0.0024696010012168665,0.004757054157917529
3431,0.5191896371141062,0.002431782941050341,0.004683804851281902
3432,0.5192337462731129,0.0023991733309795416,0.004620603626401422
3433,0.5192689913391868,0.0023774382166161343,0.004578432866720498
3434,0.5192991298071261,0.0023578633712717104,0.004540472409702379
3435,0.5193376916803436,0.002329770911988157,0.004486042413848423
3436,0.5193750716065393,0.0023033795500004882,0.004434905862685396
3437,0.51941197823298,0.0022735603943009742,0.004377181292652397
3438,0.5194547997309137,0.002243037606695916,0.004318061182335493
3439,0.5194918605601079,0.0022219795618212304,0.004277217278102351
3440,0.5195197562273567,0.0022149158663625846,0.004263391025678866
3441,0.5195490082694235,0.002209158047190122,0.004252068644204811
3442,0.5195795443427016,0.0022069609956481342,0.004247590228826403
3443,0.5196049605608051,0.0022060299522398312,0.004245590630733938
3444,0.5196313805101294,0.0022065238663730832,0.004246325278136413
3445,0.5196627898406397,0.0022040688108934735,0.004241344298615984
3446,0.5197036330656497,0.002202696622242336,0.0042383706445324925
3447,0.5197450502172083,0.0021969091668436087,0.004226897718266853
3448,0.51978101464471,0.0021798690871442637,0.0041938220629976
3449,0.5198243052108402,0.0021590952035645417,0.004153509526048065
3450,0.519867761156269,0.002139522283782487,0.004115512527693288
3451,0.5199134738593685,0.002121189241662964,0.004079888959055377
3452,0.5199616535543811,0.0021037748290209345,0.004046019191299667
3453,0.520016045487482,0.002081570398234019,0.0040028964804012515
3454,0.5200666730421885,0.002058993615674104,0.003959095482180755
3455,0.5201118575100537,0.002036313480077085,0.003915145272452711
3456,0.5201460591921953,0.002027828374906681,0.0038985749080863333
3457,0.5201793476019502,0.0020207282818379716,0.003884676104796583
3458,0.5202199863723708,0.0020152184190740914,0.0038737812307572676
3459,0.5202735586098177,0.002004218082101976,0.0038522389787735718
3460,0.5203313111806087,0.0019954395815660977,0.003834940428702116
3461,0.5203788322170377,0.0019996547515037212,0.0038426904164881796
3462,0.5204203595272112,0.002012915716819314,0.003867865044034782
3463,0.5204763454341357,0.0020196344072969173,0.0038803577242541454
3464,0.5205380523655763,0.0020240271832298764,0.003888336643270784
3465,0.5206066537878002,0.0020335586822106126,0.0039061327153907125
3466,0.5206641290795827,0.002048414905978061,0.003934234742845063
3467,0.5207229396444458,0.002065150106305714,0.00396592880604764
3468,0.5207761792596274,0.0020870585601768777,0.004007592211963284
3469,0.5208356622191869,0.0021052071082353734,0.004041979574258539
3470,0.5209028215663556,0.002111306480216682,0.004053167678892543
3471,0.5209766631459618,0.002112986473698811,0.004055817895833112
3472,0.5210487102834247,0.002119546201884595,0.004067846556479656
3473,0.5211333246229045,0.0021221382819926362,0.00407216000536567
3474,0.5212196155012226,0.0021250585923894665,0.004077088676614631
3475,0.5213075023036898,0.002128304394104623,0.0040826275944610725
3476,0.5213969044156171,0.0021318753310845587,0.004088776348747159
3477,0.5214857402981936,0.002131645133809249,0.0040876383936986295
3478,0.5215620046089874,0.002143752975659955,0.004110255265367953
3479,0.5216333271353508,0.002163890843713913,0.004148298682519641
3480,0.5217067048342903,0.002184333827840527,0.004186900048628543
3481,0.5217736602478305,0.002209955283204823,0.004235467313844752
3482,0.5218383990340599,0.002239930458386269,0.004292383355714056
3483,0.5219211252632411,0.00225339121546274,0.004317493786683186
3484,0.5219859300657249,0.0022875719453748383,0.004382439858267449
3485,0.5220490961112365,0.002305065574785923,0.00441541914727263
3486,0.5221094123263532,0.0023223368698396924,0.004447988898518606
3487,0.5221629891027612,0.002339233846751726,0.004479892094174004
3488,0.5222343163793924,0.002338817196443001,0.004478482403565182
3489,0.5223077847674348,0.002337813256911309,0.004475930332825222
3490,0.5223792179849751,0.002340366255562486,0.0044802055192590005
3491,0.5224668072026107,0.0023536770883815852,0.004504931329482215
3492,0.5225573665202476,0.0023668791399601326,0.004529414934328406
3493,0.5226507877821985,0.002379970698890679,0.004553653710137469
3494,0.5227436358072648,0.0023975820192117967,0.004586535071841188
3495,0.5228316931616758,0.002404735472288603,0.004599444723304071
3496,0.5229091504550585,0.002395259916396251,0.0045806425730201715
3497,0.5229930487684776,0.002391654446419255,0.004573013832690556
3498,0.5230803144105317,0.0023900699210267643,0.004569221695372298
3499,0.5231698106068482,0.002390272756681018,0.004568827765326201
3500,0.523254904845214,0.0024000672418647627,0.0045868031424850875
3501,0.5233385021394256,0.0024175796957139005,0.004619533410652479
3502,0.5234250810195984,0.0024372495564992974,0.004656348434338859
3503,0.5235244126508314,0.0024429538085121035,0.004666360821919207
3504,0.5236306090265123,0.002447560042021282,0.0046742111706792105
3505,0.523724553972549,0.0024598452038353054,0.004696830013366603
3506,0.5238288872719651,0.0024627356141326,0.0047014123771566265
3507,0.5239272584245832,0.0024694320350125572,0.0047133108562398265
3508,0.5240292612788111,0.002475885242299176,0.004724707998666271
3509,0.5241357621035625,0.002482624539264211,0.0047366058925276625
3510,0.5242364342260981,0.002491405220898851,0.004752445763478416
3511,0.5243408603595232,0.002499578386940286,0.004767086786306159
3512,0.5244478807999856,0.0025068861687186214,0.004780048238339054
3513,0.5245584248885244,0.0025136387695043547,0.004791913827403565
3514,0.5246723423926445,0.002519842787069078,0.004802697957315472
3515,0.5247991992416591,0.002527661521057825,0.004816435552322346
3516,0.5249200437990534,0.0025327674702866733,0.004825053834782219
3517,0.5250505253034168,0.0025577993454959516,0.004871529923749429
3518,0.525173824397462,0.0025803986278293534,0.0049134182016589934
3519,0.5253040856424411,0.002598736393282807,0.004947108663936205
3520,0.5254330472498837,0.0026211728709463525,0.0049885953779755
3521,0.5255648894374991,0.002643622960649877,0.005030060062572464
3522,0.5256994582614353,0.002666102907821623,0.005071534440303237
3523,0.5258264789585996,0.002697094967251402,0.005129249049216776
3524,0.5259546594187136,0.002711334082714186,0.00515507189481078
3525,0.5260975457289503,0.0027164944145052386,0.005163480492465172
3526,0.526243573864609,0.0027137003857746556,0.005156738287264733
3527,0.5263859108442419,0.002703212671632811,0.005135419881009494
3528,0.5265279104180597,0.002692446059184028,0.005113586584700218
3529,0.5266613182575612,0.0026774548501012035,0.005083826659150629
3530,0.5267913355692173,0.0026697426956498057,0.005067932054662689
3531,0.5269328825320653,0.00267675111992219,0.005079871096788693
3532,0.5270772324393452,0.0026841219141474867,0.005092464156960847
3533,0.5272201503824581,0.002698231732695302,0.005117846369752637
3534,0.5273657956687048,0.0027122300160816876,0.005142976731440374
3535,0.5275042734930789,0.002721963098108065,0.005160077813367285
3536,0.5276444904545932,0.0027311437325006366,0.005176105847608897
3537,0.5277870731088171,0.0027459538066426656,0.005202768211938596
3538,0.5279326863919379,0.0027593587020242065,0.005226724491871403
3539,0.5280831988739255,0.002764408589737551,0.005234797463036739
3540,0.5282423576139927,0.002761856151233498,0.005228388279403549
3541,0.528393980896225,0.0027600601559249864,0.0052234890171223465
3542,0.5285351359751074,0.0027533945867678974,0.005209482585652688
3543,0.528674525925983,0.002752111150928563,0.0052056814088180066
3544,0.5288123425201452,0.00272997626363908,0.005162466992787864
3545,0.5289605972422511,0.0027213500556195606,0.005144712233401477
3546,0.5291029548157291,0.002719073396259717,0.005139025158547243
3547,0.5292512877107465,0.0026981500950469255,0.005098051072710011
3548,0.5293860980210566,0.0026927460848827772,0.005086544763734374
3549,0.5295264623862316,0.0026862721626226306,0.0050729705754786044
3550,0.5296653476414387,0.002684948335203776,0.0050691410098086575
3551,0.5297940172925781,0.0026767469385839174,0.0050524295315054245
3552,0.529937785904591,0.0026756469256967283,0.005048983101156797
3553,0.5300756249038707,0.0026702351286305927,0.005037460700281851
3554,0.5302170242067612,0.0026647623696749497,0.0050257955667523235
3555,0.5303677324342478,0.0026470926348433933,0.004991051440278874
3556,0.530527337371946,0.002627419064634121,0.004952466875033192
3557,0.5306895629427515,0.002607971477532382,0.004914307082036431
3558,0.5308584971714246,0.0025972135117094536,0.004892477987162674
3559,0.5310342390033894,0.002581245614334462,0.004860789427022213
3560,0.5312206208592656,0.0025615698331315226,0.0048220451777419805
3561,0.5314088043681295,0.002536716307565156,0.004773568459373633
3562,0.5315985706270601,0.002513184849979254,0.004727598960649509
3563,0.5317901177769553,0.002509266733061972,0.004718528323827211
3564,0.5319797694473947,0.0025060245771305555,0.004710751650826388
3565,0.5321834815852413,0.0025059215446943898,0.0047087548400222366
3566,0.5323709401663242,0.002506098326815167,0.004707428857841503
3567,0.5325605475994022,0.002513720531654352,0.004720065245135657
3568,0.5327477744443405,0.002527321633304349,0.004743936539088056
3569,0.5329364518691371,0.0025472976236807997,0.004779739900970952
3570,0.5331307029813999,0.002568040481770409,0.00481690599961564
3571,0.5333262773490145,0.002589384671110988,0.004855160491963659
3572,0.533527304041266,0.002607018472747944,0.004886382483147109
3573,0.5337262595345746,0.0026293173496100605,0.00492634061494914
3574,0.533926074858892,0.0026363340790765953,0.004937638754154001
3575,0.534126458421875,0.002642795760481544,0.00494788400539064
3576,0.5343357540803131,0.002665791433107593,0.004988981951424707
3577,0.534537205761999,0.002672174232945541,0.004999042543982089
3578,0.5347386092744882,0.002677943718908591,0.005007949066071584
3579,0.5349397567288502,0.002683079976148251,0.005015667544613343
3580,0.5351393606626196,0.0026876982950657154,0.005022426852956129
3581,0.5353467744039424,0.0027087529108550056,0.00505980990334899
3582,0.5355537927099633,0.0027302479669469586,0.005097990162914527
3583,0.5357645519848117,0.0027483999988340436,0.005129865327320046
3584,0.5359791285782778,0.0027616624235167796,0.005152555904261203
3585,0.5361921917560676,0.002774600477972468,0.005174637976143319
3586,0.5364056374886289,0.0027876687725922468,0.005196941601217496
3587,0.5366139265041449,0.00280583230188911,0.0052287727979185
3588,0.5368230552762754,0.002828557593979508,0.005269068767033104
3589,0.5370308268314201,0.0028518243390085784,0.00531035500482321
3590,0.537237045120101,0.0028756339950617967,0.005352635342596191
3591,0.5374480444795309,0.002885096141234942,0.005368139619949483
3592,0.5376575225246241,0.0028941113690110877,0.005382815728907691
3593,0.5378652925379921,0.0029047379607123986,0.00540049339678712
3594,0.5380732984068348,0.0029194823731782827,0.005425807936990166
3595,0.5382793505186523,0.002934306094835886,0.0054512700366613955
3596,0.5384789222345678,0.002952146462551317,0.0054823807221656235
3597,0.5386791569302695,0.002960100461770936,0.00549510858864382
3598,0.5388789370871852,0.0029718731221087366,0.00551491794831075
3599,0.5390824878152574,0.0029964854550856867,0.005558491553360526
3600,0.5392836240110929,0.003021747913234984,0.0056032628818946445
3601,0.5394843224907319,0.0030467541549895226,0.005647530480446658
3602,0.5396823819804327,0.0030723136612588776,0.0056928181534936055
3603,0.5398819599324025,0.00309571734793347,0.005734063328067265
3604,0.5400831537445088,0.0031145276072638037,0.00576675570358034
3605,0.5402882059761107,0.0031330107223658185,0.005798776815247281
3606,0.5405006078199379,0.003147078968564238,0.005822526234073458
3607,0.540711106390263,0.0031610285944715234,0.0058460581946878365
3608,0.5409238605850211,0.003172781489093371,0.00586548629166023
3609,0.541130354828446,0.00318642715507393,0.0058884650004232715
3610,0.541321465001616,0.00321208805163165,0.005933790287850604
3611,0.5415113737764345,0.003231801092570654,0.005968113042635588
3612,0.5417065402637409,0.0032424891184243063,0.005985693133491861
3613,0.5419030283835343,0.0032503018330130007,0.005997939968537295
3614,0.5420836340255353,0.00326877260125014,0.006030015289294201
3615,0.5422603429747062,0.0032874426099193874,0.006062480232069508
3616,0.5424319388235411,0.0033015234422110323,0.006086521102300086
3617,0.5426013707368661,0.0033203385933633202,0.006119296360888691
3618,0.5427708080975412,0.003336885489828615,0.006147872066894476
3619,0.5429436052220268,0.003344705480377683,0.006160318398095742
3620,0.5431125120161424,0.0033522445135330515,0.0061722837153739074
3621,0.5432795088875417,0.003364189381352734,0.0061923730350910726
3622,0.5434381050364986,0.0033802377673232426,0.006220097074525567
3623,0.5435965316330283,0.003392619813073057,0.006241062287283596
3624,0.5437397665131573,0.003407128995960255,0.006266102289720629
3625,0.5438777620601305,0.0034218464298416203,0.00629157260793337
3626,0.5440103533840714,0.0034368036512248917,0.006317533535613627
3627,0.5441373755951039,0.003452033429212655,0.006344047632157758
3628,0.5442608017397813,0.0034722852710228694,0.006379818755867371
3629,0.5443957984717376,0.0034823262139451064,0.006396680914365823
3630,0.5445259974300007,0.0034922190247579643,0.00641331918262891
3631,0.5446512502501074,0.003501976030276543,0.006429758544882459
3632,0.5447757268617318,0.0035100883857989654,0.006443180583722763
3633,0.5448995789654824,0.0035151936680391915,0.006451085307705602
3634,0.5450142676464689,0.003522898850880628,0.006463865370155421
3635,0.54512804610376,0.0035276612570148995,0.006471252547412397
3636,0.5452367133729641,0.0035322119081355138,0.006478309001395761
3637,0.5453444490275909,0.0035340790531946057,0.006480452967837587
3638,0.5454557131989641,0.0035302231798188,0.006472061973858347
3639,0.5455579505221217,0.003527964354208223,0.006466708716886654
3640,0.545655087247901,0.0035246422756010825,0.0064594692837524545
3641,0.5457513276300778,0.00351731509453026,0.006444904329970541
3642,0.5458424817065282,0.003508645578246969,0.006427945232986446
3643,0.5459284194626874,0.00349860380073831,0.006408539427534656
3644,0.5460090108839912,0.003487160550770736,0.006386635533953929
3645,0.5460830458082897,0.003475017372643403,0.006363532798385683
3646,0.54615781803844,0.0034756251585708795,0.006363774432551025
3647,0.5462400852221357,0.0034917929250464176,0.006392414287256919
