Pixel,MeanSmoothedNormalizedIntensity,StdSmoothedNormalizedIntensity,CVSmoothedNormalizedIntensity
21,0.9042544243835794,0.002140419029081655,0.002367053974373148
22,0.9041741032793806,0.00213993896553034,0.0023667333069692224
23,0.904093266345504,0.00213810917062389,0.0023649210211093424
24,0.904017258789574,0.0021298998509448807,0.002356038925403583
25,0.9039417896594009,0.0021215197411600063,0.0023469649986636643
26,0.9038760958633668,0.0021055070570476387,0.0023294200020153146
27,0.9038141383655015,0.0020968385226045236,0.0023199886277465646
28,0.9037543904285776,0.0020997680603986836,0.0023233835239272623
29,0.9036979546903927,0.002079950213873128,0.0023015988949379885
30,0.9036339597838564,0.0020648955841892085,0.002285101795734988
31,0.9035840299678457,0.0020373148899861114,0.0022547044020450537
32,0.9035312696943512,0.002009869037578602,0.0022244598554497243
33,0.9034810159135589,0.0019759079679294964,0.002186994450493847
34,0.9034185132980438,0.001934848248302646,0.0021416964782349185
35,0.9033378596828483,0.0019110903619950967,0.0021155875860954824
36,0.9032666537142484,0.0018771411032295826,0.0020781693816668036
37,0.9031936491307715,0.0018436542146201098,0.0020412612692687023
38,0.903117597866261,0.0018118189414051047,0.0020061827448449405
39,0.9030452426510627,0.001773502475495917,0.0019639132036059015
40,0.9029710520131614,0.001735943509287916,0.0019224796912566068
41,0.9028805815514209,0.001714204873771469,0.001898595350036157
42,0.9027894173487155,0.0016922325120425463,0.0018744487690299286
43,0.9026976298999806,0.0016671148958894478,0.0018468143048898501
44,0.9025894890787756,0.0016152823536007468,0.0017896090893429065
45,0.9024871219751599,0.0015988607816751585,0.0017716161735094162
46,0.9023942617930771,0.0015695841010318105,0.0017393551438514387
47,0.9022971741650221,0.0015510827911784848,0.0017190376248422182
48,0.9021790388361897,0.0015083657546637488,0.001671913987948046
49,0.902057179303753,0.0014743319539133627,0.0016344107532643513
50,0.9019359264067989,0.0014404111208263844,0.0015970215606831454
51,0.9018232976673785,0.0014024314735970067,0.0015551067234839486
52,0.9017123151283533,0.00136621633498863,0.0015151354950654714
53,0.9016135507289362,0.0013477060452171362,0.0014947712843574094
54,0.9015158072086404,0.0013293613737018443,0.0014745846529501687
55,0.9014033811883906,0.0013318128469564725,0.0014774881864772235
56,0.901308901802313,0.001312312144008748,0.0014560070819056236
57,0.9012155867886943,0.0012929802122207768,0.001434706890532219
58,0.9011234887419262,0.001273805314873874,0.0014135746440837485
59,0.9010326602563999,0.0012547774771118653,0.001392599327925364
60,0.9009273979530408,0.0012569666018718646,0.0013951918930734768
61,0.900823255930932,0.0012568864459471724,0.001395264207126043
62,0.9007163820781775,0.001259184344500485,0.0013979809511127492
63,0.9006137891821696,0.001261834876870317,0.00140108323015592
64,0.9005127822966562,0.0012615682187284236,0.0014009442659002978
65,0.9004148031079966,0.0012600796150249757,0.0013994434683609266
66,0.9003198839188725,0.0012573770602107325,0.0013965892375248643
67,0.9002451320670085,0.0012309518861986315,0.0013673518937806456
68,0.9001565951279937,0.0012285958781650557,0.0013648690514680515
69,0.9000869098862309,0.0012160143625015887,0.0013509966083778404
70,0.9000245404239982,0.0012100057148060623,0.0013444141359034868
71,0.8999640076138743,0.001214752371675734,0.0013497788371520279
72,0.8999105040415785,0.0011944056775436362,0.001327249401112059
73,0.8998479848260781,0.0011910681802253854,0.001323632658304607
74,0.8997930161720223,0.0011839756949110314,0.0013158311674255972
75,0.8997557615349827,0.0011663802189743272,0.001296329813975832
76,0.8997128562297331,0.0011398022781312338,0.0012668511628338855
77,0.8996713955846729,0.0011137114020848523,0.001237909093865411
78,0.8996433568862809,0.0010894737576078348,0.0012110062829548012
79,0.8996253077414622,0.0010534148620551958,0.0011709484526394962
80,0.8996034870085762,0.0010033335434160105,0.001115306418778305
81,0.8995769391897589,0.0009737012996891322,0.0010823991337151622
82,0.8995513841882239,0.00094734022877317,0.0010531251970981868
83,0.8995163342632415,0.0009190587332622591,0.001021725452061995
84,0.8994884292974639,0.0008910603447846408,0.0009906301357101327
85,0.8994713120753948,0.0008685645899803787,0.0009656390129622885
86,0.8994565113613447,0.0008478930186339356,0.000942672611653712
87,0.8994373992738703,0.0008310152804471148,0.0009239278699306992
88,0.8994197052561776,0.0008152207368961702,0.0009063852305348087
89,0.8994035010907023,0.0008004818364180565,0.0008900141432041525
90,0.899388858559879,0.0007867715308693836,0.0008747846088833914
91,0.8993863658842851,0.0007718711190754587,0.0008582197244190464
92,0.8993848678380691,0.0007582898615415489,0.0008431205467847344
93,0.8993844457415212,0.0007460000741899711,0.0008294562772596225
94,0.8993944143459623,0.0007321753604534824,0.0008140759479654083
95,0.899394439578191,0.0007203487721766011,0.0008009264239107805
96,0.899381314959405,0.0007021117276160101,0.00078066078974267
97,0.8993852045825232,0.0006871874215192138,0.0007640635158526901
98,0.899390661425279,0.000673018240634428,0.0007483046794903174
99,0.8994047460589929,0.000665379912452948,0.0007398003127829893
100,0.8994089935979238,0.0006620843695894844,0.0007361326985856957
101,0.8994280104626584,0.0006571522062845517,0.0007306334677597131
102,0.899428403130466,0.0006466284270064072,0.0007189326296076631
103,0.8994462517771344,0.0006386428585351078,0.0007100400466100906
104,0.8994720339474235,0.0006269925818932466,0.0006970673442081647
105,0.8995047879998135,0.0006121510779002363,0.0006805423229168661
106,0.8995429231789809,0.0005947841553790793,0.000661207086457992
107,0.899570881323843,0.000572758790908182,0.000636702235253867
108,0.8996137780113054,0.0005556633349468739,0.000617668769119153
109,0.8996603190782413,0.000540667913166893,0.0006009689453913466
110,0.8997079863007915,0.0005246714713725526,0.0005831575126167034
111,0.8997555493522491,0.0005098791910034099,0.0005666863531661255
112,0.8997971803788196,0.000497183825602868,0.0005525509930955228
113,0.8998330111023323,0.00047878235822812156,0.0005320791217045856
114,0.8998642859376602,0.00046653423723025937,0.0005184495534725326
115,0.8999085630902602,0.0004613328174974862,0.0005126441023222209
116,0.8999471124015068,0.0004720678770527885,0.0005245506880877437
117,0.8999904432159817,0.0004810949436013924,0.0005345556135932637
118,0.9000142252828601,0.00048400537063297437,0.0005377752451422189
119,0.9000162567058467,0.00047412642210908006,0.000526797620127921
120,0.9000199861141922,0.0004677056275287843,0.000519661379463459
121,0.9000347501411611,0.00047874431787179396,0.0005319175929559474
122,0.900070400107748,0.00047983224488373045,0.0005331052380194809
123,0.9000960698569032,0.0004999620158447473,0.0005554540593919392
124,0.9001074534839099,0.0005047631098809928,0.0005607809466828461
125,0.9001014501312026,0.0005151077731959227,0.0005722774617470491
126,0.9000847253179598,0.0005184407450098983,0.0005759910488723785
127,0.9000530736566834,0.0005089547518762241,0.000565471933569953
128,0.9000330193788526,0.0005103013062999331,0.0005669806499456117
129,0.9000054439163548,0.00051391789399567,0.0005710164282555527
130,0.899970349365541,0.0005250921052717694,0.0005834548945328562
131,0.899908264070762,0.0005187742195316547,0.0005764745588455472
132,0.8998244503440784,0.000523956736507896,0.0005822877299094766
133,0.8997390399516538,0.000533939529350555,0.0005934382144618794
134,0.8996569139403032,0.0005372174157766989,0.000597135871966795
135,0.8995615008238923,0.0005383303135785281,0.0005984363638122363
136,0.8994524613091401,0.0005368840653462863,0.0005969009908148555
137,0.8993554964274425,0.0005420531599907198,0.0006027129006760355
138,0.8992623686936521,0.0005393010892477143,0.0005997149530799901
139,0.8991650805275642,0.0005362992950971461,0.0005964414173896577
140,0.8990597018178853,0.0005456181898573686,0.0006068764830123481
141,0.8989514749510501,0.0005561795599521926,0.0006186980893295468
142,0.8988297931147191,0.0005569098702907521,0.0006195943598630501
143,0.8987115715580334,0.0005482805336358671,0.0006100739669851491
144,0.8986190812938872,0.0005561888030858909,0.0006189372278686269
145,0.8985396829153505,0.000567598330052826,0.0006316897749148139
146,0.8984631708729216,0.0005806855958176357,0.0006463098484643037
147,0.8983952303441809,0.0005976672313356822,0.0006652609131803963
148,0.8983253082855358,0.000618802096503787,0.0006888396561873314
149,0.8982534418185162,0.0006439486721467062,0.0007168897353101488
150,0.898179668064653,0.0006729301678099771,0.0007492155430994884
151,0.8981074785588484,0.0007051002460273206,0.0007850956181310977
152,0.8980345434301726,0.0007389427170757104,0.0008228444245064471
153,0.897944287700053,0.0007670200216445721,0.000854195557732403
154,0.897853727337497,0.0008110812098118505,0.0009033556192020693
155,0.8977619108587707,0.0008556344582194567,0.000953075027877919
156,0.8976996885965385,0.0008660594806538266,0.0009647541284188501
157,0.8976306249106338,0.0009073512825601782,0.0010108292402016834
158,0.8975675521267183,0.0009515372189202049,0.0010601288077600505
159,0.8975037323024029,0.0009906848597437791,0.0011038225514698808
160,0.8974487140546181,0.0010261332347460592,0.0011433892752601453
161,0.897396971851801,0.0010568910870628145,0.0011777297229807824
162,0.8973539042124049,0.0010868571422921812,0.0012111800452309846
163,0.8973195976606281,0.0011174139529850386,0.001245279782028846
164,0.897282101135158,0.0011440659841383495,0.0012750348889061572
165,0.897218439474812,0.0011512084522347784,0.001283086037452195
166,0.8971839392416688,0.00112155586953381,0.0012500846487307699
167,0.8971465168217824,0.001086471843455434,0.0012110305541890222
168,0.8971224201885635,0.0010389696826527692,0.0011581136077664755
169,0.8971162529529881,0.0010054824728364265,0.0011207939545479588
170,0.8970968569906173,0.000975491559813384,0.0010873871112264822
171,0.8970744653043289,0.0009394863770335521,0.0010472780280451246
172,0.8970544160574094,0.000902833418170015,0.0010064421979415748
173,0.8970307810843371,0.0008783959071749397,0.0009792260485343976
174,0.8970098157171197,0.0008561338723615472,0.0009544308851036441
175,0.8969937161267063,0.0008376234681068017,0.0009338119688549545
176,0.8969765489350031,0.000819762625759221,0.0009139175675579707
177,0.8969431040197217,0.0008053951013038813,0.0008979333222970769
178,0.8969001007344615,0.0008064775577101503,0.0008991832613796507
179,0.8968685345710773,0.0007868799967805186,0.0008773638124754147
180,0.896829882105634,0.0007775365577784331,0.000866983330163892
181,0.8967951160536926,0.0007714939551156635,0.0008602789436572632
182,0.8967525844620257,0.000758479029014786,0.0008458063485479756
183,0.8966962847145681,0.0007394017530492498,0.000824584383423215
184,0.8966319435754204,0.0007307232752333115,0.0008149645799138836
185,0.8965786608066567,0.0007292155004944587,0.0008133313142188545
186,0.896539916945897,0.0007230257270670169,0.000806462393252981
187,0.8964885770717445,0.0007101934457854741,0.0007921946402320289
188,0.8964365896749976,0.0006986400889540493,0.0007793524907404111
189,0.8963839844093762,0.0006869995185429626,0.0007664120851017032
190,0.8963238549197434,0.0006848189588218288,0.0007640307184317294
191,0.8962614783484939,0.0006823789749411676,0.0007613614903973791
192,0.89620187006208,0.0006810257056191629,0.0007599021251450727
193,0.8961510175736753,0.0006854826587554191,0.0007649186859279145
194,0.8960885313828235,0.0006891866142038876,0.0007691054957933123
195,0.8960623597903297,0.0006746367355284066,0.0007528903855377492
196,0.896030098034618,0.0006845306762487066,0.0007639594671542605
197,0.8959871372147189,0.0007022365651370334,0.0007837574179022458
198,0.8959429902795769,0.0007025282702558624,0.0007841216214400428
199,0.8959245144774229,0.000700436811928629,0.0007818033780861343
200,0.895908087872268,0.0006843972333474865,0.0007639145606698249
201,0.8958888866074876,0.0006650089436719362,0.000742289533460073
202,0.8958603569132235,0.0006536566821423952,0.0007296412628354654
203,0.8958372736659719,0.0006492981868685614,0.0007247947880215835
204,0.8957989743677229,0.0006467959011088233,0.0007220324197907772
205,0.8957629845830061,0.0006470302112673124,0.0007223230055308846
206,0.8957341824855881,0.000606613184995023,0.000677224557079782
207,0.8956860465467253,0.0005970057973306065,0.0006665346631582951
208,0.895640027650723,0.0005909433002185666,0.0006598000111368621
209,0.8956001388275189,0.0005928926310747885,0.0006620059615566585
210,0.8955674602171564,0.0006007305520019312,0.0006707820222233918
211,0.8955479158317077,0.000574077366161116,0.0006410347855345768
212,0.8955328681289295,0.0005504452685956963,0.0006146566900953199
213,0.8955267120534749,0.0005370122115044533,0.0005996607407422444
214,0.8955294146718913,0.0005362820753773273,0.0005988436187479259
215,0.895531400734261,0.0005437643443161457,0.0006071974068919352
216,0.8955370674279403,0.0005588314835527095,0.0006240182610840685
217,0.8955517684236524,0.0005770843351674186,0.0006443896997525903
218,0.8955463701288047,0.0006280173794812797,0.0007012672938319801
219,0.8955697166283525,0.0006586626392525096,0.0007354677441888585
220,0.8955794038643227,0.0007034171109803337,0.0007854324339585852
221,0.8955909442435841,0.0007537934656847312,0.0008416716030122267
222,0.8956038725680673,0.0007726576542822352,0.0008627225472649037
223,0.8956180302641329,0.0007980049444088033,0.000891010360938645
224,0.8956403137880145,0.0008164725888714815,0.0009116076803402232
225,0.8956588502132374,0.0008425549973399933,0.000940709732438192
226,0.8956621202326621,0.0008785349549364407,0.0009808776491610784
227,0.895694082674626,0.0009142507323734077,0.0010207176200643972
228,0.8957203800252455,0.0009573676728979645,0.0010688242606146593
229,0.8957498627229599,0.000962146189491167,0.0010741237364707723
230,0.895769015525252,0.0009731869470078515,0.0010864262216495667
231,0.8957885887504851,0.0009954582034459466,0.0011112646621615134
232,0.8958117781392023,0.0010268354468926948,0.00114626249838516
233,0.8958439067788986,0.0010498414054755322,0.0011719021556448911
234,0.895879807714552,0.001066368796606441,0.0011903034172930157
235,0.895923439665661,0.0010860211938846145,0.0012121808022903093
236,0.8959548371156444,0.001109709007632768,0.001238576947924367
237,0.8959884888335656,0.0011342000479253223,0.0012658645306948867
238,0.8960138628871039,0.0011409052695155516,0.0012733120733638733
239,0.8960331213712773,0.001157421690373086,0.0012917175300415046
240,0.8960439528940002,0.001176634392492646,0.00131314361164138
241,0.8960679691886769,0.001184515359036299,0.0013219034713502704
242,0.8960652237344233,0.0011995938375129148,0.001338734955602352
243,0.8960736035852817,0.001218178115213179,0.0013594621137584283
244,0.89606463505073,0.0012305566402857542,0.0013732900419801606
245,0.8960597783286548,0.0012317151863205933,0.0013745904191994963
246,0.8960574353795628,0.0012417193060565985,0.0013857586099161334
247,0.8960683391754444,0.00125738929266416,0.001403229237873978
248,0.8960571813396608,0.001273693844198106,0.0014214425939802803
249,0.8960336178320848,0.0012697843431618225,0.001417116855764867
250,0.8960076159760776,0.0012653619224050946,0.0014122222845468295
251,0.8960077746557789,0.0012626486943852508,0.0014091939044505782
252,0.8959887673546418,0.0012490606904720176,0.0013940584257097345
253,0.8959791537113734,0.001253802288103579,0.0013993654683928875
254,0.8959697149549519,0.0012423217804275488,0.0013865667105612057
255,0.8959518168240619,0.0012083140237773707,0.001348637282817908
256,0.8959258177189436,0.0011838293622027025,0.001321347525419873
257,0.8958928255136474,0.0011684112542324364,0.0013041864171225441
258,0.8958554643080225,0.0011545094644799143,0.0012887229139933655
259,0.895799582320991,0.001135193333330491,0.0012672403021100297
260,0.8957343771300458,0.001122229000931231,0.0012528591394771287
261,0.8956654463835314,0.0011100050727246653,0.0012393076870460759
262,0.8955836155902406,0.0010931416462246287,0.001220591385544929
263,0.8954984299410169,0.001082234733987898,0.0012085277849780047
264,0.895419572996705,0.0010646501102480397,0.0011889957985673353
265,0.8953188535782527,0.0010492446297258645,0.0011719228580213948
266,0.8952141524534494,0.00103298398014831,0.0011538959446935515
267,0.8951015095148461,0.0010196533302756362,0.001139148263562083
268,0.8949808505234399,0.0010136018047602238,0.001132540214874326
269,0.8948848751969674,0.0010292342921797335,0.0011501303918598415
270,0.8947767644706367,0.0010282416678798064,0.0011491600013642839
271,0.894677805947941,0.0010430435198165648,0.001165831445557572
272,0.8945575781023705,0.0010505991082712413,0.0011744343058385158
273,0.8944365565268051,0.001059300429020977,0.0011843214829393336
274,0.894314756831033,0.0010693512256190435,0.0011957213245683712
275,0.8942020603105829,0.0010707100058909174,0.0011973915666432574
276,0.8941050814949794,0.0010770374222249467,0.0012045982564198128
277,0.8940076973795532,0.0010618223050432255,0.0011877104729137765
278,0.8939106436835113,0.0010467698642991278,0.001171000559950527
279,0.8938079822981804,0.0010524971329375504,0.001177542776281036
280,0.893716938981945,0.0010689587934109845,0.0011960820554980886
281,0.8936148230811103,0.0010750925040579461,0.0012030826663675025
282,0.8935280835283613,0.001080091046013782,0.0012087936192768797
283,0.8934728565317552,0.001080561730538945,0.0012093951401427273
284,0.8934172135082598,0.0010902022780032922,0.001220261107039005
285,0.8933500239325974,0.0010970937928973775,0.0012280671220759405
286,0.8932971583884136,0.0011054882201786689,0.0012375369268755613
287,0.8932342300281851,0.0011205881612615484,0.0012545289058461064
288,0.893160250384305,0.0011190084239616337,0.001252864111989032
289,0.8930963816885829,0.0011080808729880087,0.0012407181304362172
290,0.8930420305604845,0.0010998857140328165,0.0012316169635851453
291,0.892975853153071,0.0010999690359475211,0.0012318015454321227
292,0.8929051637803284,0.0010908519508591168,0.0012216884783606058
293,0.8928364257121597,0.0010830455194552316,0.001213039128182247
294,0.8927728911172865,0.0010820755658564154,0.0012120390041214406
295,0.8927240441939382,0.0010754422024760175,0.001204674848258467
296,0.8926478537028217,0.0010586400600441474,0.001185954859637838
297,0.8925749987601748,0.0010597887666267403,0.0011873386192743833
298,0.8925035629002892,0.0010602817435965296,0.0011879860066339976
299,0.8924188445800729,0.0010471571143792512,0.001173391979269544
300,0.8923281833897887,0.0010366968187560301,0.001161788720846866
301,0.8922358800205513,0.0010275711795353448,0.0011516810773308918
302,0.8921505327521155,0.0010166565175938065,0.001139557149013422
303,0.8920627472677743,0.0010127016935745558,0.001135235942400102
304,0.8919611742867517,0.0010311589791067014,0.0011560581433729534
305,0.8918662499645146,0.0010453892106664004,0.0011721367533618346
306,0.8917636890393519,0.0010733503529028515,0.0012036264383663267
307,0.8916567221672537,0.0010905803702488484,0.0012230944298811457
308,0.8915678119759283,0.001090229839830587,0.0012228232392266114
309,0.8914797302090687,0.0010870365438544684,0.0012193620415794962
310,0.8914205174014711,0.0011073879199524211,0.0012422733135877377
311,0.8913474914892922,0.00111966987959366,0.0012561541826105098
312,0.8912734466974191,0.001131247420143224,0.0012692484268829274
313,0.8912037634978152,0.0011345865608612426,0.001273094445212163
314,0.8911366928507419,0.0011351752169640541,0.0012738508312710524
315,0.8910779594733654,0.0011385235261104846,0.0012776923881984037
316,0.8910483592435856,0.001118872051912694,0.0012556805029779851
317,0.8909984952811423,0.001126813291124717,0.0012646635174946806
318,0.8909547798158547,0.0011365069830504447,0.0012756056859421546
319,0.8909192510758718,0.0011394208065050354,0.0012789271363584005
320,0.8908845979145106,0.0011410117372949104,0.0012807626711315106
321,0.8908575517119669,0.0011332139287843657,0.0012720484061752196
322,0.8908181009167941,0.0011323902931427352,0.0012711801567315759
323,0.8907856430293272,0.0011386807134464271,0.0012782881295370615
324,0.8907542802000294,0.0011583994819802691,0.0013004702954895
325,0.8907196607490075,0.0011773491616470268,0.0013217954127755437
326,0.8906814168789596,0.0012065506852578245,0.0013546377665380105
327,0.8906523939408597,0.0012229189331261834,0.001373059727280525
328,0.8906284586420933,0.0012318450820361963,0.0013831189314502063
329,0.8906086472011658,0.0012253467510635275,0.0013758531931104784
330,0.8905682443851942,0.0012366885116961907,0.001388651032072159
331,0.8905273665638589,0.0012473887680952982,0.0014007304154036338
332,0.8904807809519169,0.001258809938398777,0.0014136295418449337
333,0.8904281857430554,0.0012723539639246987,0.0014289237293886078
334,0.8903805971716772,0.0012842930148683138,0.0014424090315398967
335,0.8903291260629823,0.0012857830804183133,0.0014441660311664973
336,0.8902791278223562,0.0012815089729509305,0.0014394462735361794
337,0.8902290206766876,0.001279168233280869,0.0014368979257815455
338,0.8901788631596459,0.0012785020856688181,0.001436230558351878
339,0.8901273300252821,0.0012696697922771358,0.0014263912020778798
340,0.890074488992535,0.0012666025527942072,0.0014230298345342533
341,0.8900270632376929,0.001258623814975929,0.0014141410603823376
342,0.8899768384745267,0.001251557736329141,0.0014062812448854124
343,0.8899431680346861,0.0012648572888271255,0.0014212787223485117
344,0.889889602228313,0.001278861772979605,0.0014371016020159049
345,0.8898519201209808,0.0012844890712321974,0.0014434863174285933
346,0.889806124661572,0.0012960340384596885,0.001456535308691678
347,0.8897633013453854,0.0013060888859946472,0.0014679059970440992
348,0.8897153445592906,0.0013204630193898296,0.0014841409979771728
349,0.8896629353210681,0.00130975021910801,0.0014721870127536985
350,0.8896050009054832,0.0013003682283625631,0.0014617366438351685
351,0.8895512229460826,0.00129230285279537,0.0014527582217417727
352,0.8894940776598578,0.001285854818936476,0.0014456024511364835
353,0.8894622268448769,0.00129595206138611,0.001457006292423619
354,0.8894316995436379,0.0013103317725535841,0.001473223602471002
355,0.8894012720746959,0.0013139475651747679,0.0014773394264545382
356,0.8893699389351652,0.0013056817445586742,0.001468097455735861
357,0.8893504267038732,0.0012947891029492795,0.0014558818032482995
358,0.8893378904214588,0.0012774128062634739,0.0014363638612744877
359,0.8893231487603733,0.001260929509051997,0.00141785301643121
360,0.8892997452427609,0.0012473608046159738,0.0014026325896174291
361,0.8892704070120816,0.0012393312923897784,0.0013936495385626173
362,0.8892437696786153,0.001224831208445123,0.0013773852010093852
363,0.8892109423425764,0.0012029703212144702,0.0013528514595707879
364,0.8891910469217776,0.0011799579876328743,0.0013270016513522943
365,0.8891672605509193,0.0011632596179038817,0.0013082573656424748
366,0.8891519208285231,0.0011438118469090958,0.0012864076656813352
367,0.8891397997467537,0.0011244582261919433,0.0012646585233415638
368,0.8891345451194097,0.0011156270987961502,0.0012547337238441487
369,0.8891491038225805,0.0011170967646914056,0.0012563660694127061
370,0.8891505688507435,0.001092807946858737,0.001229047121086845
371,0.8891485364954681,0.001075128364130388,0.0012091662078958702
372,0.8891483534615519,0.0010595101746854504,0.0011916011209610424
373,0.8891602964685008,0.0010412349848888103,0.0011710318027292807
374,0.889159596197189,0.0010319378321330178,0.001160576612507441
375,0.8891708917341511,0.0010192158932099112,0.001146254227038554
376,0.8891885208741463,0.0010210906264366453,0.0011483398654683803
377,0.8892069589595746,0.0010208356047421254,0.0011480292573694702
378,0.8892024671555483,0.00100805448830055,0.0011336613713243452
379,0.8892032046451582,0.0009923831467693182,0.001116036403810909
380,0.8891909288538946,0.0010025811178003506,0.0011275206316967358
381,0.8891825283868316,0.001024598445117447,0.001152292597309901
382,0.8891579516576223,0.0010155183065233067,0.0011421123824289212
383,0.8891327874570705,0.0010223989502183646,0.0011498833072419213
384,0.8890984944045635,0.0010264816291456387,0.0011545195899055952
385,0.8890658205240827,0.0010295907763054482,0.0011580591138893738
386,0.889014229484206,0.0010250496899920347,0.0011530183162385991
387,0.8889649812138609,0.001020260558112791,0.0011476948807585751
388,0.8889095060437411,0.0010046177739522755,0.0011301687822234186
389,0.8888641954077509,0.0009796251060763042,0.0011021088611032628
390,0.8888291935153602,0.0009586420003018009,0.0010785446824831753
391,0.8887991896688897,0.0009638098861989136,0.0010843955500881679
392,0.888752143285107,0.0009861990234786772,0.0011096446078131255
393,0.8887260604613022,0.000982015538922071,0.001104969891861105
394,0.8886943896674211,0.0009722329776606807,0.0010940014801089522
395,0.8886837341377621,0.0009649451848813103,0.0010858139378656909
396,0.8886542729759637,0.0009662574869750522,0.001087326665002361
397,0.8886234649745328,0.0009665975276141299,0.001087747021897325
398,0.8885915614880989,0.0009659016280929536,0.0010870029268288187
399,0.8885614610530569,0.0009604678320773758,0.0010809244764443202
400,0.8885392668820742,0.0009439470684287328,0.0010623583038047236
401,0.8885157858891773,0.0009300101120310263,0.0010467007191102674
402,0.8884938967069059,0.0009520498938593819,0.0010715322833257926
403,0.8884674995336157,0.0009733122320809102,0.0010954955950463379
404,0.8884537603765494,0.0009872411518824136,0.0011111902452458477
405,0.8884384306744126,0.000992944455706212,0.001117628888422205
406,0.888413035128775,0.0010032246799399653,0.0011292322830388777
407,0.8883759903353597,0.001019119907427328,0.001147171826472497
408,0.8883330593775673,0.0010349711483403625,0.0011650710703770733
409,0.8882935773466952,0.0010639458532634648,0.0011977412427560687
410,0.8882530871953129,0.001087822657311728,0.0012246764722727418
411,0.8882102855859182,0.0011063414163708513,0.0012455850087809335
412,0.8881613196484153,0.001124659878366114,0.0012662788318808101
413,0.8881016194128059,0.0011428427324142692,0.0012868377981000562
414,0.8880334268610366,0.0011429620126938466,0.001287070934631273
415,0.8879607697571681,0.001142256989123505,0.0012863822682570535
416,0.8878739277802883,0.001140304237612672,0.0012843087311545087
417,0.8877917021506958,0.0011366169151953039,0.0012802743170969308
418,0.8877008678650735,0.001135313698233683,0.0012789372403838243
419,0.8876022627978992,0.001139021065550394,0.0012832561534486995
420,0.8874850704983697,0.0011225325351775805,0.001264846668966746
421,0.8873763638130534,0.001130682779588773,0.0012741862705585628
422,0.8872580569896567,0.0011416779220709784,0.0012867484415351866
423,0.8871508159660442,0.0011440448664730202,0.0012895720162611095
424,0.8870256671786647,0.0011101861708566387,0.0012515829157320483
425,0.886909116958455,0.0010733465559005179,0.001210210308336244
426,0.8868153615834407,0.0010707126384057973,0.0012073681679284417
427,0.8866892947046336,0.0010355261939507033,0.0011678568807979677
428,0.8865935197603874,0.0010393435150075924,0.0011722886439419133
429,0.8864821229883842,0.0010139924504249426,0.0011438385773722244
430,0.8863704948017522,0.0009866384836864004,0.0011131219839476654
431,0.8862529127325276,0.000959748208841749,0.0010829281292657398
432,0.8861566700104646,0.0009574752781273892,0.0010804808117238257
433,0.8860571965653004,0.0009582867935523697,0.00108151798469338
434,0.8859308846661378,0.0009433795733686414,0.0010648455649270576
435,0.885795027584549,0.0009247194288598575,0.0010439428988232758
436,0.8856833966288876,0.0009127672888978439,0.0010305796545041306
437,0.8855506355582559,0.000907658447252388,0.0010249650452570623
438,0.8854286523216255,0.0008876080032129804,0.0010024613512174476
439,0.8853138886305029,0.0008671704738228168,0.0009795062349741827
440,0.8851842127089509,0.0008557133196618314,0.0009667064859223721
441,0.8850419061662349,0.0008453396447132386,0.0009551408117780819
442,0.8849119583015931,0.0008273904525810566,0.0009349974817484248
443,0.8847934469680141,0.0007989938960211056,0.0009030287224199907
444,0.8846865852146928,0.0007894420053557834,0.0008923408793004409
445,0.8845779997982817,0.0007822591641899654,0.0008843303409855898
446,0.8844450207290157,0.0007681566124441916,0.0008685182170068957
447,0.8843185729247545,0.0007870621475556479,0.000890021053105958
448,0.8842076841272174,0.0008170462448070265,0.0009240433661391617
449,0.8840958548649643,0.0008548232005298011,0.0009668897278795246
450,0.8840098966864,0.0009293692857400172,0.0010513109516348644
451,0.8839016502440632,0.000979195826189678,0.0011078108361029784
452,0.8838032469047015,0.001031187622181827,0.0011667615227634682
453,0.8836969722637601,0.0010878200142463786,0.001230987599131089
454,0.8835872205500888,0.0011513317394012694,0.0013030199086452301
455,0.8835033787304601,0.0011911832280876106,0.0013482497710413598
456,0.8834270645363874,0.001227429827068663,0.0013893957705640413
457,0.8833639153254655,0.001248792783462636,0.0014136787362460151
458,0.8833091698460377,0.0012688755037604542,0.0014365021298053788
459,0.8832576156073693,0.0012888742341027378,0.0014592279888993062
460,0.8832093387225338,0.001308813623194054,0.0014818838137367414
461,0.8831418601281863,0.001320075298932461,0.0014947488716488364
462,0.8830876811641662,0.0013218765761799794,0.001496880326127256
463,0.8830512193270224,0.0013151789381675332,0.0014893574793655088
464,0.883001027440988,0.0013163425171544149,0.0014907598929633041
465,0.8829536959305401,0.0013160393976179058,0.0014904965047243379
466,0.8829185665641534,0.0013070079339173504,0.0014803267066899792
467,0.8828930351493722,0.001338775193327103,0.0015163503845067737
468,0.8828903648624662,0.001327421130778761,0.0015034948659628225
469,0.8828879466562128,0.001314957215190001,0.0014893817728174642
470,0.8828914151600096,0.0013352678047537118,0.0015123805507970835
471,0.8829021190283031,0.0013644440453085417,0.0015454080536245738
472,0.8829032596978635,0.0013956703478791264,0.0015807738079444127
473,0.882919614061658,0.0014085611990999366,0.0015953447818654654
474,0.882932169635648,0.0014064419314139074,0.0015929218345213218
475,0.8829297507830027,0.0013959622821201332,0.0015810570216737642
476,0.8829315282449353,0.0013770939420944353,0.0015596837331562745
477,0.8829236992843208,0.0013619824428645578,0.0015425822683982227
478,0.8828965667256312,0.001360599095142857,0.0015410628452083182
479,0.8828505714925186,0.0013554962448933813,0.0015353631618562848
480,0.8827907920542449,0.0013423052513834596,0.0015205247533902448
481,0.8827328475923839,0.0013265800897546292,0.001502810384107513
482,0.8826728658030477,0.001311033860901548,0.0014852998338277697
483,0.8826166097583403,0.001291575450962526,0.0014633482269455118
484,0.8825479738946859,0.001279956177266039,0.001450296431612199
485,0.8824836267434198,0.0012638231470820437,0.001432120788173555
486,0.8824226606796255,0.0012414320731151068,0.001406845187043337
487,0.8823555550133699,0.0012223194617944722,0.0013852912863181906
488,0.8822876623046264,0.0012025434300123948,0.0013629833912345859
489,0.882219083122213,0.0011822530531661758,0.0013400900930210318
490,0.8821498853016155,0.0011782960766925318,0.0013357096070920659
491,0.8820855373766117,0.0011623201931549088,0.001317695556614312
492,0.8820109928046851,0.001159221524563016,0.0013142937378556202
493,0.8819386682404513,0.0011345443782367034,0.0012864209486360585
494,0.8818604507622736,0.0011161741321585828,0.0012657038097056855
495,0.8817929234005003,0.0011060975822638239,0.0012543733941505527
496,0.8817201030295937,0.0010988888656620417,0.0012463012489862205
497,0.8816348129728846,0.0010692871600878353,0.0012128458907857602
498,0.8815553891523162,0.0010345793638779528,0.0011735840726613683
499,0.8814801088224966,0.0010005103044939928,0.0011350344658718388
500,0.8813909493775837,0.0010046284983261926,0.0011398216637414263
501,0.8813041315891988,0.0010081329947492978,0.0011439104375142288
502,0.8812185529694361,0.0010173431206122188,0.0011544731067952266
503,0.8811480324557005,0.0010208361507816248,0.0011585296830733684
504,0.8810540389483897,0.0010116358984575853,0.0011482109538536998
505,0.8809537216872998,0.001008533062164626,0.0011448195714900576
506,0.8808594669828782,0.000999677577592869,0.0011348888387576362
507,0.8807871344012286,0.0009993891017383897,0.0011346545183335227
508,0.8807143486067547,0.000999133019386006,0.001134457524129797
509,0.8806412065032342,0.0009989628134262649,0.0011343584720420372
510,0.8805720482400231,0.0009968190017008588,0.0011320129950674399
511,0.8805099830025724,0.0009815498255503709,0.0011147515014006415
512,0.8804461175991773,0.0009656713241144918,0.0010967977537883961
513,0.880374609529647,0.000937229167856682,0.0010645799614296127
514,0.8803157354461227,0.0009212001905692492,0.0010464429448173015
515,0.8802558391787251,0.0009187999885213624,0.0010437874395455291
516,0.8802038493213484,0.0009190156655143726,0.0010440941223137672
517,0.880148945238124,0.0009095971585252379,0.0010334582157331866
518,0.880086258629796,0.0009030141332879328,0.0010260518493878466
519,0.8800279221236125,0.0008833654979227064,0.0010037925794343435
520,0.8799593450189551,0.0008674886861628797,0.0009858281420310313
521,0.8798926965254139,0.0008739029418936277,0.0009931926305838893
522,0.8798433801929673,0.0008794668029410692,0.0009995719951296155
523,0.8797906648139222,0.0008827551330592306,0.0010033695154584702
524,0.8797286636221084,0.0008949186409096654,0.0010172666617738874
525,0.8796764655410829,0.0009034210433442301,0.0010269923986070742
526,0.8796034082803599,0.0008914571701926869,0.001013476257368649
527,0.8795116433259154,0.0008917725412053473,0.0010139405748320362
528,0.879414084491145,0.0009017916405125221,0.0010254459832017876
529,0.879321980996934,0.0009038072836423522,0.0010278456619697575
530,0.8792498716864612,0.000887614318745612,0.001009513162672526
531,0.8791767661891068,0.0008634926893835025,0.0009821604967183235
532,0.8790996172623305,0.0008341043441694283,0.0009488166389686013
533,0.879042006346047,0.0008286828155327686,0.0009427112806330966
534,0.8789881605908828,0.0007992308770089054,0.0009092623915112098
535,0.8789352776103124,0.0007891114687709464,0.0008978038416166627
536,0.8789046544871297,0.0007906955093065541,0.0008996374126246394
537,0.878879695485062,0.0007898077851396227,0.0008986528977708609
538,0.8788536418167803,0.0007928929317436129,0.0009021899597577271
539,0.8788276759120883,0.0007966449139270908,0.0009064859195521984
540,0.8788030920629499,0.0008011625849616396,0.0009116519868870137
541,0.8787728271213562,0.0008089961136044112,0.0009205975522189093
542,0.8787448576622621,0.0008166831665670901,0.0009293746181795299
543,0.8787192458911675,0.0008242635880858159,0.0009380283770271534
544,0.8786861531072223,0.0008402043490418309,0.0009562052913553816
545,0.878648872683162,0.0008353515044072303,0.000950722786289234
546,0.8786077910401875,0.0008397835896330239,0.000955811680930806
547,0.8785651467198677,0.0008422366557642765,0.0009586502024451756
548,0.8785251383365036,0.0008462983022945487,0.0009633171156570695
549,0.8784915677229087,0.0008429098806875538,0.000959496837143714
550,0.8784572701815401,0.00083982318114768,0.0009560205255904183
551,0.8784222982790052,0.0008371010884224726,0.0009529597439210176
552,0.8783852951982325,0.0008358726341533418,0.0009516013516195117
553,0.8783172711182796,0.0008129670680678138,0.000925596131148302
554,0.8782680831291468,0.000797996954648238,0.0009086029311290534
555,0.8781930429036666,0.0007911578875654171,0.000900892911824403
556,0.8781145468374156,0.0007838922119579861,0.000892699266606188
557,0.8780269600263466,0.0007804563019698685,0.0008888751000839993
558,0.8779372754906442,0.0007870363057096246,0.0008964607468908087
559,0.8778444678425007,0.000793996812047747,0.0009044846110372739
560,0.8777439856276985,0.000806629942652274,0.0009189808826493194
561,0.8776337587704527,0.000811964137298754,0.0009251742303490007
562,0.8775230349945767,0.000811966315765184,0.0009252934491573798
563,0.8774076206185081,0.0008127011801470768,0.0009262527029047025
564,0.8772938236634993,0.000823914682651593,0.0009391547739513316
565,0.877191525443006,0.0008238741077099832,0.0009392180428258286
566,0.8770852349360734,0.0008256594989624326,0.0009413674590276407
567,0.8769975169113466,0.0008367060360063225,0.000954057474362157
568,0.8769069715776252,0.0008491111767285152,0.0009683024588125886
569,0.8768193118096873,0.0008732340654027005,0.0009959110772781827
570,0.8767367251246947,0.0008979914636882385,0.0010242430115614477
571,0.8766530224537126,0.0009265381243897064,0.0010569040437416934
572,0.8765840543443705,0.0009376286675985559,0.0010696392011144246
573,0.876511604170864,0.0009467442989223719,0.001080127512764585
574,0.8764453481740044,0.0009678003055735241,0.001104233489960155
575,0.8763915781959026,0.0009794869269691162,0.001117636170107249
576,0.876334827907072,0.0009717604397297133,0.0011088917258378784
577,0.8762540451466767,0.0009851491006003653,0.0011242733840223934
578,0.876187755446689,0.0009698519312059263,0.0011068996629740465
579,0.87611151835592,0.0009843462126481223,0.0011235398599659
580,0.876055200803094,0.0009781982815943696,0.0011165943432533013
581,0.8759988864476588,0.0009585377806123544,0.0010942226016969112
582,0.8759481463664873,0.0009424051272623634,0.001075868624383242
583,0.8758866428068176,0.0009267743738873452,0.0010580985353509395
584,0.8758439024592249,0.0009253859824350378,0.0010565649653285327
585,0.8758207148514561,0.0009054095997113237,0.0010337841802073454
586,0.8758050534429248,0.0008958033375328011,0.0010228341729831998
587,0.8757733564966668,0.0008870790135973181,0.0010129093412317052
588,0.8757675008976783,0.000888690710709888,0.0010147564391222135
589,0.8757827411789438,0.0008867865451546083,0.0010125645362237346
590,0.8757941652918998,0.0008894449210930829,0.0010155867169960346
591,0.8757994579932099,0.0008881800431385791,0.0010141363242833442
592,0.8758155907508793,0.0008953584254020861,0.0010223138693323005
593,0.875833343789116,0.0009072611566985195,0.0010358833254434426
594,0.87584717910893,0.0009176983839912782,0.0010477836840496841
595,0.8758664891443665,0.0009359223739552043,0.0010685673964641648
596,0.8758765434891111,0.0009475147932541582,0.0010817903508177893
597,0.8758887700904859,0.0009633498913236194,0.0010998541415528115
598,0.8759089392350411,0.0009868682259230321,0.0011266790207494575
599,0.8759050638096435,0.0009970875739070818,0.0011383511925029518
600,0.8759033717968286,0.0010069604671358071,0.0011496250608901389
601,0.8758814582367964,0.0010123198945659543,0.0011557727190661359
602,0.8758861772335245,0.0010220823197693068,0.0011669122613597364
603,0.8758813332983824,0.0010235956337944058,0.0011686464762752312
604,0.8758875949869038,0.0010310038613994524,0.0011770960877860908
605,0.875895794293573,0.0010371846202134635,0.0011841415690892465
606,0.8759007366021644,0.0010376197659522609,0.0011846316855234585
607,0.875907798213842,0.0010362582587133593,0.001183067739351682
608,0.8759312445716653,0.0010418781396584727,0.0011894519645408428
609,0.8759477430410669,0.0010423411787937877,0.001189958176243534
610,0.8759697766808733,0.0010414187359409743,0.0011888751914329759
611,0.8760037492617725,0.0010162250650527001,0.0011600693101018063
612,0.8760385403222373,0.0009909620228200863,0.001131185418458389
613,0.8760677345317831,0.0009921296548911422,0.0011324805329366327
614,0.8760792703924631,0.0009779959631988858,0.0011163327295265946
615,0.8761115087143263,0.0009731433682618185,0.0011107528648834715
616,0.876136188114429,0.0009624868725817254,0.0010985585182289245
617,0.8761533691262418,0.0009438302515957108,0.0010772431914939287
618,0.8761527069130078,0.0009177707117368812,0.0010475008574367226
619,0.8761302157603387,0.0009220745607036448,0.00105244008723456
620,0.8761013866426758,0.0009384106105494693,0.001071121019618026
621,0.8760543234734239,0.000946437122458127,0.001080340678767095
622,0.8759893582529628,0.0009447468768866733,0.0010784912715958532
623,0.8759371324098518,0.0009251875758762913,0.0010562260025795951
624,0.8758856623023321,0.0009060465871887403,0.0010344347740630071
625,0.8758233773101016,0.0008860633864765941,0.0010116918655425052
626,0.8757625864896088,0.0008743432400676319,0.000998379302285947
627,0.8756962587662078,0.0008656890935592218,0.0009885723330357887
628,0.8756293230438956,0.0008492058435489909,0.0009698234414957114
629,0.8755711421757362,0.0008492283729620728,0.0009699136164444579
630,0.8755220944016043,0.0008523096174738055,0.0009734872745345576
631,0.8754789969203289,0.000853633239388031,0.0009750470798167121
632,0.8754221048961931,0.0008454153426815077,0.0009657230928407462
633,0.8753561456323646,0.0008492959578215006,0.0009702290456965514
634,0.8752867977881038,0.0008540812216250605,0.0009757729966719126
635,0.8752105490381498,0.0008669012103914256,0.0009905058975170533
636,0.8751307181943858,0.0008812636936102286,0.00100700806781014
637,0.8750421562946297,0.0008937332273350543,0.0010213601949414324
638,0.8749322243369269,0.0008950230444059826,0.0010229627158655423
639,0.8748273712996738,0.0008962259828795172,0.0010244603818786017
640,0.8747113889933044,0.0008904252526925983,0.0010179646268438083
641,0.8745956300513846,0.0008840481350508091,0.0010108078575682673
642,0.8744851206963056,0.0008834462984621001,0.0010102473759172246
643,0.8743782433089106,0.0008749267280490635,0.0010006272854389392
644,0.8742499414800559,0.0008843276442003081,0.001011527255813356
645,0.8741333683973973,0.000894045681370947,0.0010227794907429928
646,0.8740278714871114,0.0009058119120870669,0.0010363650195111933
647,0.8739235927186328,0.0009201149664470764,0.0010528551627548466
648,0.8738192505775897,0.0009357443496033339,0.001070867171883444
649,0.8737141665653931,0.0009568543512875459,0.0010951571897351512
650,0.8736062395472523,0.0009780580712939553,0.001119563971750975
651,0.873520743537459,0.0009923196130639648,0.001136000055414152
652,0.8734497556987991,0.0010101150456272748,0.0011564661150075396
653,0.8733881762251337,0.0010018412545333812,0.0011470744415884285
654,0.8733260283619382,0.0009963945884831483,0.0011409193773281266
655,0.8732659513940177,0.000988439366343537,0.0011318881318636833
656,0.8732055133974613,0.0009732077678258318,0.0011145231596617873
657,0.8731434486208738,0.0009558762809846712,0.0010947528524602385
658,0.8730837091853122,0.000948214264779434,0.0010860519498917547
659,0.8730192880669403,0.0009399182020424525,0.0010766293653415623
660,0.872950281055729,0.0009310305585076704,0.001066533316630244
661,0.8728886116946015,0.0009024873667153267,0.0010339089714588704
662,0.8728217488480803,0.0008756109908584232,0.0010031956605275063
663,0.8727699583344373,0.0008625319714347517,0.0009882695470875013
664,0.8727281025170411,0.0008547896379522298,0.0009794455288960275
665,0.8726712289303379,0.0008481334541245275,0.000971881994051887
666,0.872605085268367,0.0008384956187273041,0.0009609107635092768
667,0.8725386654129299,0.0008251941748780394,0.0009457393781942205
668,0.8724560062478208,0.000822807511752977,0.0009430934120009471
669,0.8723749883829566,0.000817908704918277,0.0009375655146124273
670,0.8722808835550774,0.000817279413250466,0.000936945230210197
671,0.8721870336381035,0.00081838388077836,0.000938312367892793
672,0.8720911379913303,0.0008193503647284641,0.0009395237825895777
673,0.871979798067481,0.0008258243815019019,0.0009470682501270433
674,0.871871832999944,0.0008293011062373036,0.0009511731826268976
675,0.8717564720149646,0.0008248919887389218,0.0009462413130495941
676,0.8716249097158693,0.0008241976108137086,0.000945587490245522
677,0.8715096340574148,0.000858219397125337,0.0009847503270041852
678,0.8714117882171243,0.000890918124782719,0.0010223847517664454
679,0.8713255978594867,0.0009227799532002213,0.0010590529596136487
680,0.8712512202744016,0.0009479392279559636,0.0010880205455062767
681,0.8711725813239666,0.0009972136526352952,0.0011446797959593464
682,0.8710943151166637,0.001048134426930924,0.0012032387409055124
683,0.8710165496423865,0.0011005052540732946,0.0012634722664283812
684,0.8709407366616693,0.0011526572709188744,0.0013234623464014664
685,0.8708761881574221,0.0012062337557061113,0.0013850806487868618
686,0.870811720084968,0.0012604729961584698,0.0014474690304300008
687,0.8707305964635814,0.0012815581868488898,0.0014718194032159423
688,0.8706487351120862,0.0013010612887009864,0.001494358443573101
689,0.8705715591121566,0.0013190691092915543,0.001515175973169619
690,0.8704935363240777,0.0013354861964068436,0.0015341712955691067
691,0.870420049920067,0.0013385652911168478,0.00153783830144971
692,0.8703548537332908,0.0013313196528109785,0.0015296285728751099
693,0.8702869007300205,0.0013259874055868382,0.0015236210087438565
694,0.8702177465475123,0.0013209759135285781,0.0015179831930219724
695,0.8701528310116393,0.0013158254094575257,0.0015121773584621308
696,0.8700809810661134,0.0013172195472354459,0.0015139045398066878
697,0.8700020080913143,0.001307688597186114,0.0015030868722418632
698,0.869917338151741,0.001296701719019207,0.0014906033736196453
699,0.8698313511010524,0.0012855514987342924,0.0014779318969211812
700,0.8697290621080688,0.0012806947378427023,0.0014725214939219412
701,0.8696254359307284,0.0012754221698387989,0.001466633928978585
702,0.8695152936734258,0.0012704602777123572,0.0014611132052031726
703,0.8694149622569107,0.0012639509347608852,0.0014537947811247695
704,0.8693231587965713,0.0012507513717738596,0.001438764582672927
705,0.8692100036070629,0.001243970933872747,0.0014311511932795235
706,0.8690957552445779,0.0012368097336701305,0.0014230994987682016
707,0.8689857806029228,0.0012291809571859755,0.0014145006565390989
708,0.8688745877293244,0.0012213533087952408,0.0014056727242847183
709,0.8687718454393139,0.001201280796879221,0.0013827344925890946
710,0.8686693617730654,0.0011807914121967974,0.0013593105318997908
711,0.8685654940442568,0.0011611921448474534,0.0013369079854193312
712,0.8684653075540527,0.0011401039310877693,0.0013127800513975166
713,0.8683643655392764,0.0011158463664380587,0.0012849978772966916
714,0.8682663105302245,0.0011185575078832143,0.0012882654714544254
715,0.868165030945318,0.0010932918306438184,0.0012593133697787467
716,0.8680471587453695,0.00107898850623841,0.0012430067829470512
717,0.867922053068295,0.0010703373788767461,0.00123321832311193
718,0.8678007875619501,0.0010578183202579524,0.0012189644621432628
719,0.8676708497877381,0.0010513464438368625,0.0012116881004980836
720,0.8675394337787289,0.0010460874004405618,0.0012058096262946045
721,0.867407018300088,0.00104132512375099,0.0012005034566030376
722,0.8672793844831543,0.0010325592597733879,0.0011905728168423262
723,0.8671513582378767,0.0010239220980977138,0.0011807882076992973
724,0.8670286890054524,0.0010278108735943768,0.0011854404434683168
725,0.866905878807904,0.0010329569180742306,0.0011915444840386433
726,0.8668031214272863,0.0010409132452077103,0.0012008646709690345
727,0.8667000539439813,0.0010461965782379379,0.001207103395779364
728,0.8666037968017859,0.0010462113135445636,0.0012072544770812474
729,0.8665134601989728,0.0010404790968395158,0.0012007650713245657
730,0.86641824215553,0.0010374687983203358,0.001197422616286628
731,0.866323594516644,0.0010331819310327515,0.0011926050930301678
732,0.866237614908159,0.0010237651475856649,0.0011818525655852609
733,0.8661598300846578,0.001010210446401272,0.0011663095092998422
734,0.8660876765137347,0.0009913506972225488,0.0011446308775723904
735,0.866000364220542,0.000977774795584947,0.0011290697278921
736,0.8659172010535843,0.0009623157649319089,0.0011113253827976092
737,0.8658412520406568,0.0009416557505250292,0.00108756166133883
738,0.8657733980374973,0.000944372272037617,0.0010907845796351385
739,0.8656832822367848,0.0009264036937221195,0.0010701416011274273
740,0.8655569910120701,0.0009025620059879551,0.0010427528347181577
741,0.8654405380526932,0.0008997422239978216,0.0010396349424794797
742,0.8653365722421871,0.0009156527758420022,0.0010581463966898336
743,0.8652195352342629,0.0009301060258116041,0.0010749942505167466
744,0.8650992918938385,0.0009435397997319967,0.0010906722599049175
745,0.8649839391909113,0.0009552853694624399,0.0011043966554523483
746,0.8648450606482523,0.0009546198280397741,0.0011038044517757092
747,0.8647242555784157,0.0009412059395660307,0.0010884463266691371
748,0.8646012261664928,0.0009288939270625133,0.0010743611030730135
749,0.8644998190977073,0.0009305196436167769,0.0010763676556786045
750,0.8643949104547588,0.0009325276127719573,0.001078821267331796
751,0.8642889644767212,0.0009408301052599518,0.0010885596645672459
752,0.8641752403513656,0.0009454360562389,0.0010940327980867566
753,0.8640466094599875,0.0009348449774334906,0.0010819381352792424
754,0.8639160075024825,0.000926600867339392,0.0010725589748222478
755,0.8637929174202654,0.0009329428080547704,0.0010800537828453405
756,0.8636584539839592,0.0009205297012675997,0.0010658492335961047
757,0.8635454399025795,0.0009274645043297103,0.0010740193410486215
758,0.8634168508431666,0.0009335388145077907,0.0010812144951724612
759,0.863261903185452,0.0009372437331244823,0.0010857003299532112
760,0.8630938443153863,0.0009409753481364964,0.0010902352673861167
761,0.8629310091590778,0.0009659999024382413,0.0011194404792332165
762,0.8627656472825596,0.0009883151801986147,0.0011455198561874788
763,0.8626091522486771,0.0009932019821399158,0.0011513928174200392
764,0.8624600148134564,0.0010193825641629298,0.001181947622677226
765,0.8623055984921711,0.0010334476515242678,0.0011984703025602012
766,0.8621516601216894,0.00105840007290333,0.001227626323602904
767,0.8620221376192015,0.0010574287859844596,0.0012266840256619708
768,0.8619015311955328,0.0010791892206039584,0.001252102684058385
769,0.8617920272686485,0.001102208671254255,0.0012789729266207994
770,0.8616810113205373,0.0011232382718868,0.0013035430247736604
771,0.8615791276279428,0.0011648546961791951,0.0013519996699388665
772,0.8614775897118548,0.001212346348144903,0.0014072871571161893
773,0.8613830546664311,0.0012560879833479089,0.0014582223048656634
774,0.861267809037907,0.0013030952363009157,0.0015129965646301805
775,0.8611405946990983,0.0013328244867520285,0.0015477431849763709
776,0.8610185136687074,0.0013543221282525469,0.001572930322348036
777,0.8608679326266309,0.0013650747827291915,0.001585695936616147
778,0.8606755646434436,0.0013643969128654802,0.0015852627504659269
779,0.8604725271758589,0.0013632862987833637,0.0015843461071997043
780,0.8602571442658146,0.0013691560033278955,0.0015915659782127123
781,0.8600296530014662,0.0013742657495728265,0.0015979283327925947
782,0.8597828208897165,0.0013758934382346745,0.0016002802158932169
783,0.8595450647699956,0.001370770726150319,0.0015947630698305755
784,0.8593128636948333,0.0013663744856156125,0.0015900780069095432
785,0.8590811104268481,0.0013619378721891572,0.0015853425894936238
786,0.8588624193544454,0.0013573612523479727,0.0015804175636980583
787,0.858663513056016,0.0013601603769191912,0.0015840435237294863
788,0.8585103102790488,0.001361918164034641,0.0015863736844254851
789,0.8583950014032992,0.0013733903572641238,0.0015999514850609721
790,0.8582990471201123,0.001364401220202149,0.0015896571536228347
791,0.8582283182513617,0.0013758570522951782,0.0016031363951011124
792,0.8581634236483758,0.001369821852001746,0.0015962249313517904
793,0.8581112819518445,0.0013885010656506528,0.001618089745297828
794,0.8580598595813722,0.0014092722770632196,0.0016423938974965818
795,0.8580263638727367,0.001418270597193494,0.0016529452437709167
796,0.857997085383069,0.001472725326344325,0.0017164689151441571
797,0.857945190555902,0.0015179081621414718,0.0017692367517765902
798,0.857866255411684,0.0015554261652939146,0.001813133638818182
799,0.8577987995047478,0.0015988801487670503,0.0018639337682568075
800,0.8577136765203406,0.0016389148853882894,0.001910794861097709
801,0.8576034878620306,0.0016713622681893006,0.0019488753157428692
802,0.8574829063397997,0.0017073322652544978,0.0019910977264168614
803,0.8573278505120001,0.0017233525005625069,0.002010144076776828
804,0.8571495491829749,0.0017454058130022924,0.0020362908837390082
805,0.8569511181393896,0.001786947739064437,0.002085238820790915
806,0.8567467904589587,0.0018278445280944442,0.0021334711124103177
807,0.8565516058783432,0.0018445319382890373,0.002153439355703009
808,0.8563545309514564,0.0018607664107765823,0.002172892585398211
809,0.8561276840673706,0.0018875681036769744,0.0022047740527550066
810,0.8558962842666415,0.0019144362098873144,0.002236761912721309
811,0.855661958098301,0.0019413756341061061,0.002268858181355627
812,0.8554122844645613,0.0019612910451397804,0.0022928020566918036
813,0.8551632541307631,0.0019721979540511664,0.0023062239221864384
814,0.8548901057581556,0.0019944055166608247,0.002332937886668012
815,0.854603931172105,0.0020233198089064197,0.0023675526581435208
816,0.8542996272314454,0.00204410645980404,0.0023927277908670492
817,0.8539950199506583,0.002063678539780021,0.0024164995012491467
818,0.8536685846691171,0.00209730305502325,0.0024568118034192002
819,0.8533500730895034,0.002088523602909685,0.0024474405859582445
820,0.8530474041609357,0.002077231395516058,0.0024350714689287864
821,0.8527300686889904,0.002055741696008739,0.0024107766003482094
822,0.8524294259291875,0.0020494183471900813,0.00240420882345318
823,0.8521370414120912,0.0020437427536229573,0.0023983733299942404
824,0.8518560389987823,0.0020318142416565358,0.002385161516310434
825,0.8515780394706278,0.0020209479791692972,0.0023731800087583195
826,0.8513111144568339,0.002011387647581242,0.002362693982756912
827,0.8510549755430331,0.0020043243790353635,0.002355105647266163
828,0.8507892563795021,0.0019749640356431317,0.0023213316586148587
829,0.850530922992655,0.0019460919210470987,0.0022880907306693007
830,0.8503090364756837,0.0019345613015613063,0.0022751272991047757
831,0.8500710225993473,0.001915028493932986,0.002252786464920556
832,0.8498434000679518,0.0018921573312869811,0.002226477644158545
833,0.8496225685517136,0.001871753178571083,0.002203040794645694
834,0.849404513792304,0.001848090119276919,0.002175747937841561
835,0.8491946400028988,0.0018244447947292004,0.0021484412510222304
836,0.848995859252655,0.001748247582996734,0.002059194475383735
837,0.8488031359909927,0.0016746802134722256,0.0019729901345345606
838,0.848616318076046,0.0016003483711412537,0.00188583266318695
839,0.8484312859096874,0.0015221497701787456,0.0017940754843177402
840,0.8482411888824914,0.0014389193476919153,0.0016963563742850168
841,0.8480528539878884,0.0013547389364381994,0.001597469933704801
842,0.8478950126567686,0.0013182811200827388,0.0015547692820507065
843,0.8477200376578651,0.0013017716518651037,0.0015356150545429142
844,0.8475300223886568,0.0012814986713059388,0.0015120392640418753
845,0.8473392939976667,0.001262105955313237,0.0014894930097703134
846,0.8471463582680233,0.0012254810924490264,0.0014465990209230222
847,0.8469420459996225,0.001188161439436723,0.0014028839931241913
848,0.8467362998023458,0.001147727314568943,0.0013554719631564843
849,0.8465404172579041,0.0011119861678321296,0.0013135653598608462
850,0.8463489551681356,0.0010803995370988917,0.0012765414673245028
851,0.8461424469754502,0.0010477878712409616,0.0012383114391510512
852,0.8459383378237366,0.0010165774707544396,0.0012017158051610354
853,0.8457385198014409,0.0009879389292747455,0.0011681375580559934
854,0.8455308731498261,0.0009559718872238,0.0011306173642868318
855,0.845326144714582,0.0009257981752458102,0.001095196429253231
856,0.845130142365135,0.0008980905346348112,0.0010626653690536515
857,0.8449325200417709,0.0008725331388544447,0.0010326660628606286
858,0.8447335199982025,0.0008479411258984765,0.0010037971807964727
859,0.8445385856739496,0.0008250681157124277,0.0009769454347121579
860,0.8443475494604151,0.0008085394973327808,0.0009575908615468622
861,0.8441588270849067,0.0007965968067060296,0.0009436574980289896
862,0.8439629939571647,0.0007980026964882481,0.0009455422834911061
863,0.843776073267793,0.0007850021372208484,0.0009303441542027571
864,0.8435865924516708,0.0007695562776106679,0.0009122433719271752
865,0.8433944423249949,0.000742561289294564,0.0008804436596090637
866,0.8432162789333397,0.0007333527799653832,0.0008697089919718667
867,0.8430325254013855,0.0007419684926610296,0.0008801184655452798
868,0.8428588821510955,0.0007485566757960852,0.0008881162572382963
869,0.8426845783169472,0.0007579032396692383,0.0008993913727280515
870,0.8425059429480226,0.0007834083458031585,0.0009298549789001191
871,0.8423664172455056,0.0008147924241484493,0.0009672660346702545
872,0.8422194864687027,0.0008637779388781734,0.0010255971902287156
873,0.8420780164190106,0.0009110567353632576,0.001081914879143364
874,0.8419368998411698,0.000958797409810282,0.0011387996059932257
875,0.8418125568131659,0.0010006442075510187,0.0011886781676661356
876,0.841708000644372,0.001010152011296699,0.0012001216698942795
877,0.8416068167514424,0.0010007198842833219,0.0011890586724880002
878,0.841488812971481,0.0009960893982797427,0.0011837226864161547
879,0.8413988598440815,0.0010023872171683551,0.0011913341757488311
880,0.8413117711766589,0.0010103485505619523,0.001200920497224089
881,0.8412238108692817,0.0010074811874703218,0.0011976375067524983
882,0.8411380811113576,0.0010087726681612184,0.0011992949681084145
883,0.8410477074251294,0.0010176383551414013,0.0012099650782675633
884,0.8409366830015264,0.0010179121650547625,0.001210450424664035
885,0.84081407992825,0.0009875518603956487,0.0011745187003527825
886,0.8406810031377706,0.0009710656910389349,0.001155094128943695
887,0.8405336142250753,0.0009725302521867283,0.0011570390948413723
888,0.840382412013023,0.0009730585576815448,0.0011578759190720258
889,0.8402346919454103,0.0009464365933258606,0.0011263955206783467
890,0.8400982498501233,0.0009459157515588759,0.0011259584836983423
891,0.839989937991455,0.0009328142454272325,0.001110506451610283
892,0.8398979268574512,0.0009533363254745705,0.0011350621248007583
893,0.839807153993506,0.0009531060520776616,0.0011349106131632594
894,0.8397413552503152,0.0009515165937033465,0.0011331067450164017
895,0.8396879651684295,0.0009480090148032053,0.0011290015507284877
896,0.8396326778491376,0.000958575647925337,0.0011416607204723047
897,0.8396055048804307,0.000980947541400023,0.001168343389482327
898,0.8395801883665566,0.001004150769241367,0.0011960153218896106
899,0.8395548948288634,0.001028075682086311,0.0012245484939920172
900,0.8395045254714202,0.0010379556845959944,0.0012363908151812937
901,0.8394529521008185,0.0010477970608288574,0.001248190334201144
902,0.8393918749044762,0.0010574995741638865,0.0012598401363894918
903,0.8393326073898641,0.0010659998495568027,0.0012700565189190287
904,0.8392751737309929,0.0010839727244391006,0.0012915581901705804
905,0.8392205735757402,0.0011014582093379526,0.0013124776060301688
906,0.8391525640577037,0.0010924617170714331,0.0013018630507292484
907,0.8390946785830857,0.0010993734152484707,0.0013101899503222896
908,0.8390156668508852,0.0010884499532034901,0.001297293955533414
909,0.8389312303785061,0.00107766726031176,0.0012845716326778558
910,0.8388510224367762,0.0010848186952344316,0.0012932197329665815
911,0.838796935680208,0.0010914961123549354,0.001301263829093278
912,0.8387237644601255,0.001051611553822739,0.0012538234856140583
913,0.8386636326782078,0.0010091598595555011,0.0012032951236156822
914,0.8386030631106867,0.0009902277441128766,0.001180806257062499
915,0.8385600717506406,0.00099873853750773,0.0011910160895482287
916,0.8385400747136466,0.001000973138782131,0.0011937093634123018
917,0.838532949105589,0.0009925595948654259,0.001183685859839053
918,0.8385230838475362,0.0010040145786550357,0.0011973606904751473
919,0.838529040803186,0.0010113388319961502,0.0012060868291781978
920,0.8385204861928492,0.001013531740757224,0.0012087143456196066
921,0.838531706106236,0.0010129150918975038,0.001207962781277557
922,0.838540792135718,0.0010006993074425136,0.001193381785152976
923,0.8385371887298516,0.000986785652639633,0.0011767941433036932
924,0.8385310175412872,0.0009992849987414025,0.0011917090457446318
925,0.8385178509540301,0.0010106350734036388,0.0012052636354178757
926,0.8384936540583645,0.0010027357474563052,0.0011958775628211355
927,0.8384460083266306,0.0010077024093781708,0.0012018691715037701
928,0.838413907640103,0.001007143538801912,0.0012012486071906118
929,0.8383997999983084,0.0009865737827545217,0.0011767342773179481
930,0.8383769704786715,0.0009586604868469646,0.0011434718755449797
931,0.8383529037965145,0.0009298093158264004,0.001109090588958089
932,0.8383376392668598,0.0009029334325278595,0.0010770522403330117
933,0.8383405909913879,0.0008797559398408453,0.001049401578898239
934,0.838334332056044,0.0008370319055099561,0.000998446411537395
935,0.8383355777070489,0.000801883279537648,0.0009565182498050453
936,0.8383533838021762,0.0007752018098822911,0.0009246718923785166
937,0.8383750031033264,0.0007488993583613669,0.0008932749134805347
938,0.8383858903343431,0.000713758242651128,0.0008513481093610553
939,0.8383554680211921,0.0007114690421649453,0.0008486484186048879
940,0.8382920504805499,0.0006864632088181111,0.0008188831188660287
941,0.8381921172233076,0.0006791168039439731,0.0008102161664245832
942,0.8380694655875324,0.0006571683231972313,0.0007841454082049398
943,0.8379525933221412,0.000668519175242185,0.0007978007116032405
944,0.8377949152812821,0.0006713422436821821,0.0008013205039049264
945,0.8376215386631121,0.0006782601627262497,0.0008097453699779359
946,0.837437743208832,0.0006870288621563078,0.0008203939549270868
947,0.8372291276282067,0.0006809725211959167,0.0008133645841073989
948,0.8370208168207682,0.0006829386291227781,0.0008159159430667017
949,0.8368191656397389,0.0006698970091203807,0.0008005278041262977
950,0.8365921133381604,0.0006626490151623153,0.0007920813555344439
951,0.8363503646660556,0.0006584935913586814,0.0007873417878183264
952,0.8361049623116517,0.0006434632118620106,0.0007695962120389434
953,0.835857639588391,0.0006466248206925339,0.0007736064014572593
954,0.8356121381668039,0.000666921089753077,0.0007981227884221412
955,0.8353725534148289,0.0006745965097402206,0.0008075397102557544
956,0.8351436976472749,0.0006467677250177971,0.0007744388502719219
957,0.8349260464200332,0.0006082161655295255,0.0007284671117129638
958,0.8347038518406084,0.0005988352796289126,0.0007174224466658671
959,0.8344779150938242,0.0005894268386459937,0.0007063420469069234
960,0.8342391193837632,0.0005649015887239133,0.0006771458873100982
961,0.8340081831999147,0.0005465018259956459,0.0006552715393017283
962,0.8337660449209061,0.0005210405106697716,0.0006249241185148039
963,0.8335213872112902,0.000496427787452548,0.0005955789438270382
964,0.8332648303846654,0.00047124594712458787,0.0005655416260722819
965,0.833011736061105,0.0004440900904419134,0.0005331138460807201
966,0.8327773608323122,0.00043027666030479803,0.0005166767020116417
967,0.8325696188064647,0.0004290481879647814,0.0005153301036612963
968,0.8323622846492352,0.00043375800243149296,0.0005211168387023715
969,0.8321734763874182,0.0004324247786814204,0.0005196329743152077
970,0.8320024704013083,0.00043022761432709325,0.0005170989626023312
971,0.8318210465374498,0.000437792557963771,0.0005263061806215802
972,0.8316585144846076,0.0004381707731429843,0.000526863809498212
973,0.8314865347079122,0.00041478232997030335,0.0004988443139563404
974,0.8313181280700743,0.0003912206867341925,0.0004706028577079403
975,0.8311465161601832,0.0003703839656277909,0.00044563017281108166
976,0.8309729872270074,0.0003368929263807241,0.0004054198289946227
977,0.8307987640264114,0.0003044561395178797,0.0003664619552902957
978,0.8306351358839598,0.0002853533378279871,0.00034353631998039046
979,0.8304911851077339,0.00030166065451962246,0.000363231615132062
980,0.8303603531082505,0.0003430450219205626,0.00041312789156714623
981,0.8302005655976196,0.00038227708993371205,0.0004604635382999649
982,0.8300640931138018,0.0004101107654037976,0.0004940712034240125
983,0.8299164111866422,0.00043959060695552974,0.0005296805811165831
984,0.829759647310936,0.00045987146771523746,0.0005542225019083264
985,0.8296036010406717,0.00048293700550455543,0.0005821298327282445
986,0.8294413939920304,0.0005101477203090291,0.0006150497479438924
987,0.8292639872782879,0.0005242514665481435,0.0006321888742193902
988,0.8290905930870716,0.0005378598938019996,0.0006487347682951135
989,0.8289190227598772,0.0005546128734400405,0.0006690796787284031
990,0.8287434440027764,0.0005708397681506607,0.0006888015492388597
991,0.8285600653940529,0.0005935719503030332,0.0007163897647187928
992,0.8283733233068148,0.0006176239287335087,0.0007455864540253329
993,0.8281533655634501,0.0006313784010727651,0.0007623930872311249
994,0.8279239089790128,0.000629227466050464,0.0007600063957887395
995,0.8277222699613095,0.0005965893336069585,0.000720760278245075
996,0.8275120514809045,0.0005753204538006336,0.0006952411783865236
997,0.827293539037916,0.0005892643492405149,0.0007122796461408217
998,0.8270676902278407,0.0006169455143507442,0.0007459431938162015
999,0.8268425830111541,0.0006509298884961102,0.0007872476597970876
1000,0.8266072992776309,0.0006962060811344336,0.000842245261737763
1001,0.8263870744448519,0.000760378865979719,0.0009201243454715506
1002,0.8261874029793912,0.0008016941695318784,0.0009703539011134938
1003,0.8259913956222762,0.0008435670769319644,0.0010212782861938256
1004,0.8258005684728241,0.0008853981814434853,0.0010721694986004632
1005,0.8256150235588743,0.000918489512412211,0.001112491277657466
1006,0.8254293042759343,0.0009512572865685206,0.0011524394416829707
1007,0.825243611680283,0.0009835934641268535,0.0011918825546848567
1008,0.8250848929124901,0.001021009321027505,0.0012374597205669538
1009,0.8249505739617646,0.0010410441814582374,0.001261947338806856
1010,0.8248141601657991,0.0010610620220970414,0.0012864255651039661
1011,0.8246755328683026,0.0010736393972248478,0.0013018931136354007
1012,0.8245411517461333,0.0010831792563961622,0.0013136751926842102
1013,0.82441121162326,0.0010988288823760791,0.0013328650397809276
1014,0.8242719557610769,0.001111755327600204,0.0013487724771294497
1015,0.8241339482640239,0.0011392596343384508,0.0013823719272069977
1016,0.8239892183638462,0.001168875224604521,0.0014185564550534986
1017,0.8238422657753712,0.0011997298386250473,0.0014562615787815935
1018,0.8236979147492549,0.0012465682270293755,0.0015133803360529911
1019,0.8235528467345876,0.0012943834133675217,0.0015717065620012023
1020,0.8233967287855963,0.0013568105650639019,0.0016478211749335243
1021,0.8232669630258517,0.001412988514679947,0.001716318737589835
1022,0.823093589093532,0.0014493809914037086,0.0017608945211198925
1023,0.8229367112359196,0.0014921384108013502,0.0018131873210035757
1024,0.8227711899065797,0.0015234578971175614,0.0018516179416667958
1025,0.8226168042913911,0.0015451421291927526,0.0018783255108965964
1026,0.8224529558901246,0.0015817522941790857,0.001923213094258001
1027,0.8222851748177588,0.001588704593421148,0.0019320603630890573
1028,0.8221040275727267,0.0015982783726065073,0.0019441315441860148
1029,0.8219440362192468,0.001589374799455087,0.001933677634265521
1030,0.8217681279412524,0.0015969997075214986,0.0019433702199212902
1031,0.8215915834244993,0.0016017665297072654,0.0019495897499715083
1032,0.8214174326573523,0.0016114374059364833,0.001961776487654215
1033,0.8212433730167203,0.0016212665204755874,0.001974160856263712
1034,0.8210683200159895,0.001629797761402441,0.001984972165739755
1035,0.8209106621478014,0.0016285691203844434,0.001983856703875076
1036,0.8207703588984467,0.0016494437234274,0.002009628765884179
1037,0.8206460855967471,0.0016729854022661586,0.00203861985285608
1038,0.82053066090104,0.0016914005234426124,0.0020613495680773877
1039,0.8204283408151678,0.001701273406419062,0.002073640465331435
1040,0.8203103673665255,0.001706478356562939,0.0020802837858081855
1041,0.8201961552136602,0.0017104162565368553,0.0020853746334513036
1042,0.8200799566729146,0.001720141088176931,0.002097528508263496
1043,0.8199391371923426,0.001715073770743273,0.002091708631711464
1044,0.8197975193325288,0.0017082591826591824,0.0020837574429964493
1045,0.8196329523855204,0.0016979682086075646,0.0020716202339909253
1046,0.8194666018333392,0.0017096758538815667,0.0020863276795620718
1047,0.8193017752149695,0.001705919224618293,0.002082162246225686
1048,0.8191268876798958,0.0017162967430446364,0.0020952757977532573
1049,0.8189347604876096,0.0017187837673488275,0.0020988042641216383
1050,0.8187418000486014,0.0017205053069156327,0.0021014015735040053
1051,0.8185429040161738,0.0017265966138741392,0.0021093538352145104
1052,0.8183492238688282,0.001726374241821598,0.002109581327223591
1053,0.8181499958367333,0.0017303812408150875,0.0021149926659174553
1054,0.8179567304553516,0.0017268073469498965,0.002111123098147983
1055,0.8177755981755123,0.0017115234985225544,0.0020929011605885853
1056,0.8175962577430557,0.0016939345025597172,0.0020718471819278638
1057,0.8174245399049787,0.001682066844542144,0.0020577640655829533
1058,0.817271332226946,0.0016771961777314961,0.0020521901498262267
1059,0.8171256711695183,0.0016642447935101765,0.002036706044405889
1060,0.8170006423905851,0.0016383667019870967,0.002005343223712962
1061,0.816889194626644,0.0016221041006117486,0.0019857088467832226
1062,0.8167770906669322,0.001583992617779446,0.0019393205758085732
1063,0.8166804603702296,0.001572476857225291,0.0019254493446707818
1064,0.8165898441971183,0.0015809219852818482,0.0019360049558738157
1065,0.8164986650030268,0.0015957917599431534,0.00195443278518678
1066,0.8163955955587617,0.0015869812092908163,0.0019438875196339665
1067,0.8162910424246782,0.0015694912070648166,0.0019227103146971488
1068,0.8161600852193438,0.0015372684389195548,0.0018835378827750594
1069,0.816034473371108,0.001519199069137397,0.0018616849149294588
1070,0.8158878273411563,0.0014958776057771613,0.001833435376345765
1071,0.815739694500396,0.0014736745641301759,0.0018065500233291154
1072,0.8155662792920731,0.001450846432306905,0.0017789436237680976
1073,0.8153759132072235,0.0014409609294882776,0.0017672350950623005
1074,0.8151911260842588,0.0014236883899989934,0.0017464473599432188
1075,0.8149935669348831,0.0013948023283784621,0.0017114274087146322
1076,0.8148030374603105,0.0013816389565561957,0.0016956723196107331
1077,0.8146137492555704,0.0013633411413354053,0.001673604383158627
1078,0.8144100059788384,0.0013441968410656886,0.0016505161174316615
1079,0.8142153657057261,0.001318154243862251,0.001618925777358344
1080,0.8140274363962481,0.0012995272490032136,0.0015964170136037485
1081,0.8138537243713475,0.0012693818382293535,0.0015597174285955056
1082,0.8136780789557202,0.0012389893950684623,0.0015227021928114243
1083,0.8134755901557134,0.001204259426657708,0.0014803879074320985
1084,0.8132837511130566,0.001153520503956655,0.0014183493797557763
1085,0.8131027036503367,0.0010986282848317254,0.0013511556165039823
1086,0.8129270982602789,0.0010415950275717994,0.001281289588944551
1087,0.8127409394409527,0.000996368681582028,0.0012259363755779112
1088,0.8125515378866262,0.0009536471091666984,0.0011736450732061246
1089,0.8123544278428749,0.0009194248179722154,0.0011318025561990904
1090,0.8121549480452893,0.0008874152995053975,0.0010926674788367002
1091,0.8119776676810673,0.0008799313318954042,0.0010836890802777943
1092,0.8118090928923222,0.0008785343598668413,0.001082193298348987
1093,0.8116385560952386,0.0008832362799959094,0.0010882138032539074
1094,0.811443747490246,0.0008836416838782392,0.0010889746659719763
1095,0.811276675453243,0.0008957441019249242,0.001104116670708536
1096,0.8111014915120197,0.0009106282213791866,0.0011227056427693574
1097,0.8109318374162893,0.0009326729507020825,0.0011501249644774987
1098,0.8107432286979332,0.0009526859562792573,0.0011750772902652377
1099,0.8105454238349502,0.0009807885053184705,0.0012100352139156442
1100,0.8103706879324291,0.0010030590713886705,0.0012377780765341654
1101,0.8101821218421549,0.001020519000651488,0.0012596167863233995
1102,0.8100060708907785,0.0010392016717950929,0.0012829554112505155
1103,0.8098485546294933,0.0010402066263324632,0.0012844458638422327
1104,0.8096936159299883,0.0010370910404893451,0.0012808437908926518
1105,0.8095459398619782,0.0010276635726800614,0.001269432063182567
1106,0.8093872542966694,0.0010294332443315677,0.0012718673772866749
1107,0.8092263962275812,0.0010303864548849022,0.00127329812730815
1108,0.8090549530478549,0.001038871110718736,0.0012840550654873598
1109,0.8088527593702466,0.0010540123116012914,0.0013030954019640363
1110,0.8086583489525744,0.0010777291054227965,0.0013327372515460202
1111,0.8084641783865116,0.0010909862508539478,0.0013494552758432391
1112,0.8082611707653546,0.001118831131337116,0.0013842445632736235
1113,0.8080673529367186,0.001140673612711793,0.001411607100034793
1114,0.8078749616071533,0.0011652562698353701,0.0014423720565831834
1115,0.8077017516257661,0.001184246915306463,0.0014661933231205398
1116,0.8075286746475097,0.0012006137550903575,0.001486775383690779
1117,0.807346130006262,0.001193273165109562,0.0014780193039388282
1118,0.8071648800037409,0.001184763947462285,0.0014678090893359905
1119,0.8069957161296746,0.0011691325101517438,0.0014487468604652148
1120,0.8068219389027724,0.0011537557415052854,0.0014300004571942122
1121,0.8066434734859564,0.0011372232389813498,0.0014098214097819125
1122,0.8064727359651949,0.001117824946842402,0.0013860666294001588
1123,0.8063046831998767,0.001109860179394379,0.0013764774067661632
1124,0.8061339892615065,0.001124159178564471,0.0013945066124730766
1125,0.8059687736799382,0.00113471959548589,0.0014078952343338593
1126,0.8058063574969928,0.0011448687354894747,0.0014207740170301985
1127,0.8056482155561072,0.0011532986769104431,0.0014315164542558646
1128,0.8054903534392963,0.0011642356892927678,0.0014453750865192794
1129,0.805331770261511,0.0011789414323489953,0.0014639201828162871
1130,0.8051794219482934,0.0011907428359251547,0.001478854033606464
1131,0.8050126737898037,0.0011859142676157617,0.0014731622323817166
1132,0.8048689966842792,0.0011802269929150908,0.0014663591190331943
1133,0.804709571568446,0.001179173107561,0.0014653399800659676
1134,0.8045451835244911,0.0011816011167340898,0.001468657249997844
1135,0.804397615947398,0.0011742592322560585,0.0014597994934048225
1136,0.8042399015582177,0.00117612122763895,0.0014624009892573236
1137,0.8040731330371736,0.001166682774558733,0.00145096599627934
1138,0.8039030624373661,0.0011784531050654684,0.0014659144368631936
1139,0.8037239154199753,0.0011862129389814324,0.0014758960337289359
1140,0.8035365574726689,0.0012027803736606281,0.0014968583102723846
1141,0.8033504607306863,0.0012211323003626935,0.0015200492936196417
1142,0.8031807194459286,0.0012287650369251675,0.0015298736724816138
1143,0.8030281433401493,0.0012450946070998964,0.0015504993410579574
1144,0.8028637591448653,0.0012743395515407588,0.001587242588827356
1145,0.8027231931968973,0.00133105834554927,0.0016581785064017443
1146,0.802566634114469,0.0013773198339963304,0.0017161439006444978
1147,0.8024157166858462,0.001417108005172801,0.0017660521543941953
1148,0.8022773379767205,0.0014517279791377102,0.0018095088947655588
1149,0.8021559793985519,0.001492107146924413,0.0018601209555817054
1150,0.802041434836052,0.0015268359903488418,0.0019036871713005046
1151,0.8019325522737774,0.0015563432074949626,0.0019407407806082322
1152,0.8018044801858529,0.0015989973195623922,0.0019942484222484702
1153,0.8016772497332723,0.0016417927147444559,0.002047947244718121
1154,0.8015560935170702,0.0016816923622806823,0.0020980345304366004
1155,0.8014445481423733,0.0017143769708076557,0.002139108656714081
1156,0.8013166262430351,0.0017609720863698717,0.0021975983384073428
1157,0.8011997490399926,0.0018125735744119688,0.0022623241914189523
1158,0.8010829268578821,0.0018578676397380666,0.002319195151275101
1159,0.8009491334382407,0.0018693259030081765,0.0023338884143412533
1160,0.8007872927372167,0.0018803655965506805,0.0023481461476783623
1161,0.800623968949316,0.0018896237443763646,0.002360188824793963
1162,0.8004668448640471,0.0018882101087193772,0.0023588860935771483
1163,0.8003094407029782,0.0018852587073823078,0.002355662212014304
1164,0.8001458726661698,0.001884346150962413,0.0023550032754447317
1165,0.7999734516807837,0.0018858333074428426,0.0023573698645631474
1166,0.7997921190916137,0.0018979528972919773,0.0023730577633693495
1167,0.7995997265675371,0.0019179975096712259,0.0023986970554688214
1168,0.7994038383642917,0.001937950233072781,0.0024242443431822113
1169,0.799206396199,0.00195301193318047,0.002443689067641265
1170,0.7990012199634869,0.001976337001879797,0.002473509367069693
1171,0.7988002068726824,0.0019956727836958773,0.002498337840333033
1172,0.798583079626154,0.0020247457750595054,0.0025354228341619295
1173,0.7983748720321391,0.0020454132980124913,0.0025619710359949203
1174,0.79816264335653,0.0020692723482761788,0.002592544721930639
1175,0.7979604852565383,0.002075179449953811,0.002600604275895512
1176,0.7977696614474593,0.0020710269901328517,0.002596021245499881
1177,0.7975788069365359,0.00206611798013298,0.0025904875633153365
1178,0.7973712076804291,0.002054212738129102,0.0025762313942898104
1179,0.7971749026147703,0.0020308577005146017,0.0025475685371595305
1180,0.7969813901973216,0.002005123133712037,0.0025158970565367857
1181,0.7967752876728624,0.001988234963630813,0.0024953521957713333
1182,0.796565948811992,0.0019728529815306976,0.002476697609875283
1183,0.796365510905668,0.0019461958810743699,0.00244384752280527
1184,0.7961641019873842,0.0019333889810546942,0.002428379998832615
1185,0.795971235645211,0.0019090498609548555,0.0023983905139579416
1186,0.7957744154155737,0.0018864994695124368,0.0023706460436118174
1187,0.7955804900126616,0.001862547329193901,0.002341117401162337
1188,0.7953946547748136,0.0018609969618535492,0.002339715197583797
1189,0.7952060050578535,0.0018586369475346377,0.0023373024546003225
1190,0.7949903137079708,0.0018776283184352427,0.0023618254034790225
1191,0.7947878501209342,0.00188295456641709,0.0023691285242100533
1192,0.7945891881527551,0.0018976064607359009,0.0023881604343842355
1193,0.794392553128693,0.0019140719673064975,0.002409478739154815
1194,0.7942005768199103,0.0019233635446393288,0.002421760447896858
1195,0.794015667980527,0.0019226208029732505,0.002421388998359667
1196,0.7938284552073382,0.001927037646259567,0.002427524024389184
1197,0.7936155858722479,0.0019390572445614148,0.0024433205182459133
1198,0.7934109153750877,0.0019382904460933232,0.002442984345856888
1199,0.7932122351627177,0.0019370698100619201,0.002442057401780438
1200,0.7930155536558173,0.001936372497282689,0.002441783756139427
1201,0.7928132780313574,0.0019396005624759919,0.0024464784032026225
1202,0.7926208250234186,0.001935621894429103,0.002442052786553916
1203,0.792429792377767,0.0019447189201124435,0.002454121410903942
1204,0.7922377136183307,0.0019453261768806332,0.0024554829231694664
1205,0.792062311298678,0.0019318599897721915,0.00243902526633881
1206,0.7918868808522127,0.0019155282390409159,0.0024189417521091688
1207,0.791710292895108,0.001898037548426858,0.0023973890013304715
1208,0.791542066830352,0.0018711745049279954,0.0023639609104048245
1209,0.7913571042095183,0.0018595633878579756,0.0023498410236873807
1210,0.7911702182338507,0.0018484952551861512,0.0023364065185777516
1211,0.7909710504068599,0.0018431759384264185,0.0023302697835506435
1212,0.7907710541245583,0.0018378326604118025,0.002324102091023575
1213,0.7905655659015098,0.0018299295718621075,0.002314709431817175
1214,0.7903679340858816,0.0018251772234494578,0.002309275395339019
1215,0.7901693724334493,0.0018535363313675877,0.002345745603451238
1216,0.789993018024633,0.0018858029819126968,0.0023871134793420354
1217,0.7898019667044943,0.0018920177955154022,0.0023955597419059145
1218,0.7895959993359201,0.0018904895771171533,0.0023942491840221155
1219,0.7894153684636591,0.0018876021244067813,0.0023911393162770397
1220,0.7892200433762522,0.0019011210194766974,0.0024088605395065446
1221,0.7890296966578629,0.001937002663410051,0.002454917313777569
1222,0.7888267364431367,0.001956113784693306,0.0024797762224864884
1223,0.7886162384694926,0.001971887211275942,0.002500439523161333
1224,0.7883937799959586,0.001961980803075717,0.0024885797590713794
1225,0.7881769335641786,0.001968096197496215,0.0024970233378898542
1226,0.7879796171748834,0.0019534270973902115,0.0024790325216707603
1227,0.7877510703024773,0.0019383011461923004,0.002460550317561663
1228,0.7875176335533194,0.0019253059331118118,0.002444778187917817
1229,0.7872885936849798,0.0019000469825584273,0.0024134059578649236
1230,0.7870524918669737,0.0018591284674641581,0.0023621403739591804
1231,0.7868198302773406,0.0018078688813299372,0.002297691049160129
1232,0.7866023853044989,0.0017711894544834908,0.002251696012589451
1233,0.7863858083526821,0.0017326507197864094,0.002203308733935521
1234,0.7862170348115445,0.001692697877725617,0.002152965151831587
1235,0.786051925577943,0.001653768935492992,0.0021038927349195944
1236,0.7858951583828138,0.0016059813669518598,0.0020435058669359784
1237,0.7857496517548866,0.0015629021704023115,0.001989058686709869
1238,0.7855993449650955,0.0015300496068084844,0.0019476207771996872
1239,0.7854427819777039,0.0015015807770527643,0.0019117634174087926
1240,0.7852880861241308,0.001485597777298641,0.0018917869805346976
1241,0.7851312609884362,0.0014710421674925735,0.0018736257751864496
1242,0.7849559311532305,0.0014303109836574857,0.0018221545017898287
1243,0.7847779858083043,0.0013895692229611355,0.0017706526534761412
1244,0.7845894635800551,0.001339002848696828,0.001706628639374028
1245,0.7844017035940499,0.001287349316417415,0.0016411862831491946
1246,0.7841906470844682,0.0012725369939718286,0.0016227393156281278
1247,0.7839723645382153,0.0012203123798372897,0.0015565757608765874
1248,0.783741771717963,0.001176324361468043,0.0015009080846737804
1249,0.7835181760327392,0.0011234629823594399,0.0014338697132056017
1250,0.783295239554148,0.0010766701231866842,0.0013745393420232265
1251,0.7830478163000616,0.0010421260921733995,0.0013308588191938203
1252,0.782807169327956,0.001000160426593008,0.0012776587463444553
1253,0.7825544543789846,0.0009676175753088344,0.0012364859338468799
1254,0.7822987543917226,0.0009514997848101223,0.0012162869740857023
1255,0.7820370653112513,0.000936057536451184,0.0011969477892695948
1256,0.7817721931130771,0.0009226130246444432,0.0011801558468977095
1257,0.781514282750811,0.0009076337820888339,0.0011613783677684067
1258,0.7812543202813629,0.0008930994553137556,0.0011431609811669427
1259,0.7810031162381097,0.0008737099171080439,0.0011187022163451521
1260,0.7807760443528585,0.0008459652145961115,0.0010834927899168378
1261,0.7805395465199085,0.0008255332255100312,0.001057644329734131
1262,0.7803116650310087,0.0008116224062440054,0.0010401259427689736
1263,0.7800847808713036,0.0008060987259536746,0.0010333475869806292
1264,0.7798525147715069,0.000814618361085209,0.0010445800271912803
1265,0.7796260127152581,0.000828944654318433,0.0010632593587166356
1266,0.7793872689196389,0.0008395011600457756,0.0010771296806136755
1267,0.7791498345937274,0.0008574377820432336,0.0011004786807024454
1268,0.7789179662748469,0.0008737833930657672,0.001121791293689901
1269,0.7786862886710939,0.0008946182142633405,0.0011488814266783817
1270,0.7784385080272509,0.0009124025041975822,0.001172093228673679
1271,0.7781858560858017,0.0009345607992392659,0.0012009480664940569
1272,0.7779236496110696,0.0009432732212482081,0.0012125524422863434
1273,0.7776712473439171,0.0009647137035232057,0.0012405161008821135
1274,0.7774269832235915,0.0009781535298529903,0.001258193439333799
1275,0.7771840079757789,0.0009946212593894997,0.001279775766333701
1276,0.776942275380153,0.001013454970830418,0.0013044147589144134
1277,0.7766964214469141,0.001029015426475201,0.0013248618096607678
1278,0.7764428378899515,0.0010538913442734814,0.0013573328168465298
1279,0.7761887911394664,0.0010886003875374437,0.0014024943415368682
1280,0.7759402992804594,0.001115352132832128,0.0014374200358795773
1281,0.7756945580436401,0.0011476255109648939,0.0014794811940659885
1282,0.7754558431036521,0.0011702182501279737,0.001509071419778515
1283,0.7752033407596418,0.0012002751390715483,0.0015483358700381343
1284,0.7749530366154286,0.0012297749980254417,0.0015869026120555988
1285,0.774706855491003,0.0012610308529853672,0.001627752283392582
1286,0.7744523130541923,0.0013024127976302077,0.0016817211023541375
1287,0.7742313371075166,0.0013411918141267663,0.0017322882061805728
1288,0.7740289368738169,0.0013756289368726143,0.001777231924207597
1289,0.7738305825191139,0.0014092823048855896,0.0018211768011259493
1290,0.7736351453735046,0.0014416128677456742,0.0018634273227719968
1291,0.7734429029989458,0.0014726475297824895,0.0019040158285407354
1292,0.7732448960051148,0.00148033945377119,0.0019144509862518352
1293,0.7730559293737451,0.001483870742022475,0.0019194869163277268
1294,0.7728531279121645,0.00147495069499564,0.0019084488911627587
1295,0.7726581869988527,0.0014582180590385547,0.0018872744553481576
1296,0.7724442000168021,0.0014602776405109473,0.0018904635965668244
1297,0.7722528687113402,0.0014812853155129321,0.00191813507664239
1298,0.7720528123198855,0.0014964023105772442,0.0019382123692818544
1299,0.7718547940652457,0.0015238359433645374,0.001974252093892839
1300,0.7716688688855127,0.0015463360701273895,0.002003885516802945
1301,0.771488982196807,0.0015750269359763815,0.002041541710020937
1302,0.7712989067900743,0.001607209248026262,0.0020837696434901063
1303,0.7711153297959299,0.0016369570955518831,0.0021228434091500837
1304,0.7709066553125498,0.001665218285842527,0.0021600777141655304
1305,0.7707123879356265,0.0016729747386243549,0.0021706861921675633
1306,0.7705082190069094,0.0016892391849801691,0.002192370104964476
1307,0.7703149827140887,0.0016916288002207034,0.002196022196349478
1308,0.7701032238634503,0.0016748895169742765,0.0021748896317713077
1309,0.7698935985321926,0.0016853111097818393,0.0021890182136790025
1310,0.7696806739712097,0.0016957559606345048,0.002203194153083199
1311,0.7694804570989998,0.001695759924409952,0.002203772569875389
1312,0.7692661743373728,0.0016913592066325049,0.0021986657714274265
1313,0.7690484377112304,0.0016706101670466427,0.0021723081214735387
1314,0.7688208829092573,0.0016581776394232555,0.0021567801763508645
1315,0.7685942639958663,0.0016443871335488879,0.002139473595600151
1316,0.768378054356236,0.001615005850168298,0.002101837553808568
1317,0.7681612554810544,0.0015857176022763735,0.0020643030235667527
1318,0.7679594440937015,0.0015496477965118523,0.002017877126754592
1319,0.7677699419193127,0.0015126834530998098,0.0019702301047607074
1320,0.7675767644957859,0.0014918581749571477,0.0019435947568542354
1321,0.7674114168821966,0.0014761571018534136,0.0019235537410306925
1322,0.7672534380886196,0.0014523647951471589,0.0018929400939085884
1323,0.7670859388322073,0.0014268975906772637,0.0018601534957732864
1324,0.7669182223639055,0.001406956218369519,0.001834558336653935
1325,0.7667604030673029,0.0013871189379252343,0.0018090643861841144
1326,0.7666071049023516,0.001365545171002759,0.0017812842618732296
1327,0.7664377471582016,0.001353250209391685,0.0017656361712471327
1328,0.7662714912410354,0.0013489696124942242,0.0017604329900221976
1329,0.7661270266472107,0.0013295914960026864,0.0017354713379860206
1330,0.7659684580229971,0.001294181284484196,0.0016896012765650202
1331,0.765803934389245,0.0012726708818148942,0.0016618756115818248
1332,0.7656420232632462,0.0012479603226717088,0.0016299527517478361
1333,0.7655013536526573,0.0012247297632794322,0.0015999054181100086
1334,0.7653420118228007,0.0012058294283052464,0.0015755432338456698
1335,0.7651900866526402,0.001178146747549317,0.0015396785296881918
1336,0.7650300398946002,0.001155522264909599,0.0015104273095848599
1337,0.7648779437777371,0.0011383038548385192,0.0014882163410496962
1338,0.7647333212279912,0.00111448435507616,0.0014573503261065526
1339,0.7645752732116888,0.0010781395209734116,0.001410115601103027
1340,0.76440304258738,0.0010282386514202043,0.0013451524838778554
1341,0.764238671828837,0.0009828819211706913,0.0012860928887812456
1342,0.7640734472702839,0.0009476217868395966,0.0012402234238410644
1343,0.7639164969716479,0.0008910119592245537,0.0011663735012357283
1344,0.7637758353540167,0.000865748440816845,0.001133511170087704
1345,0.7636461627952238,0.0008567299735412588,0.0011218939022823269
1346,0.7634917205684776,0.0008447786871994645,0.0011064673845715871
1347,0.7633589120993917,0.0008392296747981372,0.0010993906817568758
1348,0.7632430287433507,0.0008221990776111333,0.001077244136726478
1349,0.7631129320590345,0.0008116804608444026,0.001063643959819057
1350,0.762976103499858,0.0008186209789344121,0.0010729313476258362
1351,0.7628473111915135,0.0008221393697261626,0.0010777246739482362
1352,0.7627187247172065,0.0008290818272815309,0.0010870086185296288
1353,0.7625866269208756,0.0008319418563482257,0.0010909473454935713
1354,0.7624480283279664,0.0008276126743024244,0.0010854676562248612
1355,0.7623166381891883,0.0008293768885758325,0.0010879690236670417
1356,0.7621690903504185,0.0008301886012719239,0.0010892446463424965
1357,0.7620212940491307,0.0008344042613927213,0.001094988116354297
1358,0.761874757014678,0.0008406624211226256,0.001103412881687626
1359,0.7617197966397196,0.0008532947704249283,0.0011202213388560808
1360,0.7615658210594531,0.0008709789253726925,0.0011436686118095863
1361,0.7614130049780452,0.0008937430335608745,0.0011737953354062358
1362,0.761271388785403,0.0009124181116492627,0.0011985451247616332
1363,0.7611266576819092,0.0009248452318229819,0.001215100302280431
1364,0.7609958899682475,0.0009276128259159567,0.0012189459077823156
1365,0.7608687210261883,0.0009304306216619586,0.001222853030950045
1366,0.7607298619963203,0.0009127039522739101,0.001199774056297431
1367,0.7605699375088539,0.0009083437813642191,0.0011942935640335442
1368,0.760430953983567,0.0009204226285667533,0.0012103960573212592
1369,0.7603098222840023,0.0009238486594326656,0.0012150949946396665
1370,0.7601766066471459,0.0009353563749959367,0.0012304461447734403
1371,0.7600460089891263,0.0009581685106464766,0.0012606717215986128
1372,0.7599069895389065,0.0009572261097103464,0.0012596621993056921
1373,0.7597935250862465,0.0009351339879443664,0.0012307738314013882
1374,0.7597056040370347,0.0008904722729315995,0.0011721280825094324
1375,0.7596393330205264,0.0008607904714195555,0.0011331567942866063
1376,0.7595620461785914,0.0008114633822267462,0.001068330607498458
1377,0.7594605862740077,0.0007889594938247899,0.0010388419202838515
1378,0.7593818953100258,0.0007454491439456527,0.0009816525104819824
1379,0.7593010071808186,0.0007086413114299429,0.0009332811424299722
1380,0.7592378430848321,0.0006905693625564899,0.0009095560354982599
1381,0.7591819276129605,0.0006708224019393401,0.000883612185090545
1382,0.7591304530304599,0.000652010155995739,0.000858890791948742
1383,0.7590426289886745,0.0006572211008461706,0.000865855323200796
1384,0.758954333569044,0.0006679628192652951,0.0008801093685362413
1385,0.7588699510661001,0.0007019318127809927,0.0009249698341525874
1386,0.758774352413049,0.0007279893607604049,0.0009594280018101008
1387,0.7586723703483538,0.00076166589633288,0.0010039457427231094
1388,0.7585481431218545,0.0007783783955009938,0.0010261423781192404
1389,0.7584213843923784,0.0007925475181323451,0.0010449962704668558
1390,0.7582948555701803,0.0008077979667964458,0.0010652821404004422
1391,0.7581630609145834,0.000816223468320272,0.0010765803695786094
1392,0.7580366878885696,0.0008172802744764033,0.001078153983223227
1393,0.7579130234048336,0.0008246561255132429,0.0010880616905203368
1394,0.7577786370913948,0.0008337748470279078,0.0011002881398560027
1395,0.757663601272082,0.0008380216179105217,0.0011060602838826128
1396,0.7575460394057516,0.0008418622903539537,0.0011113018173975842
1397,0.7574230889735791,0.0008400613190211742,0.0011091044506704728
1398,0.7572835024459701,0.0008388499908092022,0.001107709316391785
1399,0.7571462976215517,0.000840017057523111,0.0011094514496892925
1400,0.7570115905535006,0.0008434365727231687,0.0011141659959347215
1401,0.7568766848312729,0.0008449345712225612,0.0011163437692771824
1402,0.7567390277404409,0.0008552536894031296,0.001130183138507928
1403,0.7566043895644727,0.0008664081934640097,0.001145127103958178
1404,0.7564715553930624,0.0008799644493146827,0.0011632485624095321
1405,0.7563377461443483,0.0008839935080313187,0.0011687814240896118
1406,0.7562002079483955,0.000894522615570353,0.0011829177064063925
1407,0.7560660193738002,0.000904711156735223,0.0011966033832396484
1408,0.7559339547338071,0.0009161180275123628,0.0012119022062383248
1409,0.7558055253269048,0.0009271177538622446,0.0012266617837455515
1410,0.7556695469948632,0.0009326262040638945,0.001234172010467737
1411,0.755535027461495,0.000929648672243279,0.0012304507910993676
1412,0.755404382569804,0.0009248554630521556,0.0012243183709179676
1413,0.7552762852537469,0.0009198788028645902,0.0012179368276544556
1414,0.7551428326854844,0.0009165877882607005,0.001213793932203628
1415,0.7550180664729427,0.0009145955895646778,0.0012113559001802427
1416,0.7548912079542338,0.0009118806577320297,0.001207963012581958
1417,0.7547689130758443,0.0009081960766499258,0.0012032770042804666
1418,0.7546485250372209,0.0009064756279062044,0.0012011891600284981
1419,0.7545272045481164,0.000909748592318538,0.0012057200679243675
1420,0.7544062492584743,0.0009225013800665408,0.0012228177868002705
1421,0.7542915821360743,0.0009175120723476874,0.0012163891180508603
1422,0.7541903902561687,0.0009125269059140449,0.0012099423669454281
1423,0.7541019162891633,0.0009124442579127354,0.0012099747238446946
1424,0.7540165840703686,0.0009000557968947625,0.001193681698665085
1425,0.7539255266332984,0.0008935896199208817,0.0011852491902101553
1426,0.7538383110571812,0.0008836934082613225,0.0011722585537235865
1427,0.7537493154028491,0.0008817431053629074,0.0011698094941441515
1428,0.753668217200728,0.0008913833147271861,0.0011827264230909976
1429,0.753591607390374,0.0009027560183095336,0.0011979379938103394
1430,0.7535241789825935,0.0009076739247998282,0.001204571731228807
1431,0.7534567853970361,0.0009165859580226654,0.001216507669434111
1432,0.7533895068234613,0.0009305785058936153,0.0012351890986871338
1433,0.7533198136686996,0.0009582950754500665,0.001272095938620184
1434,0.7532506812643216,0.0009797918009152883,0.0013007512973910896
1435,0.7532076763363891,0.0009946054869708306,0.0013204930303002266
1436,0.7531593800552232,0.0010174968272003721,0.0013509714598864415
1437,0.7531170841743777,0.0010395322755862165,0.0013803063261084141
1438,0.7530597255142678,0.001060283737526697,0.0014079676572832582
1439,0.7529908797946441,0.0010914142789424067,0.001449438908529752
1440,0.7529311002666276,0.0011150819695310164,0.001480988060044464
1441,0.7528813366509894,0.0011324449782127216,0.0015041480284929485
1442,0.7528360251333103,0.001148665786760218,0.0015257848301784113
1443,0.7528050829659773,0.0011772132474173445,0.0015637689941986593
1444,0.7527427476922689,0.0012160599898320206,0.0016155054214207613
1445,0.7526808291485343,0.0012395294467204096,0.0016468194734315473
1446,0.7526249849209125,0.001251458624569951,0.0016627917616918568
1447,0.752585037556025,0.0012747592233118032,0.0016938407750591317
1448,0.7525319778345173,0.0012458633918314926,0.0016555620605207817
1449,0.7524849480683705,0.001243977477428107,0.001653159283280547
1450,0.7524320797770546,0.0012277886691844989,0.0016317601311580073
1451,0.7523754168547893,0.0012218250644190254,0.001623956653882594
1452,0.7523061395284129,0.0012121036890168527,0.0016111840982404669
1453,0.7522583764914498,0.0011873262620168972,0.001578349007630349
1454,0.7522050923990106,0.0011753726265150144,0.0015625693556080484
1455,0.7521852330245278,0.0011688699589225255,0.001553965576035724
1456,0.7521487136932347,0.001160756837963218,0.0015432544347029687
1457,0.7521179611954251,0.0011527204291764597,0.001532632497360271
1458,0.7520943694451085,0.001146883233254985,0.0015249193184375914
1459,0.7520811721892933,0.00115895121522457,0.001540992193503377
1460,0.7520747413623997,0.0011428929214210449,0.0015196533782675238
1461,0.7520751086677738,0.0011256183868583983,0.001496683474676245
1462,0.7520710634151391,0.0011465352615055125,0.001524503889697763
1463,0.752083158365948,0.0011450261988488752,0.0015224728623582998
1464,0.7520927956813037,0.0011326403572080018,0.0015059848514862699
1465,0.7521197614819182,0.0011122305544390557,0.001478794483803488
1466,0.7521474273401061,0.0010933670094857568,0.0014536605055638354
1467,0.7521820422094387,0.001064468776626516,0.0014151744084447628
1468,0.7522230377285738,0.001034813273009047,0.001375673465324577
1469,0.7522662703475762,0.0010092469800397907,0.0013416087093383563
1470,0.7523031314947819,0.0009942066710427664,0.0013215506215790121
1471,0.7523381273283993,0.0009857787459321297,0.0013102868379576786
1472,0.7523631415081106,0.0009718894415010362,0.001291782369286307
1473,0.752372399059606,0.0009419404807856085,0.0012519604413491839
1474,0.7523890566579131,0.0009310909238821282,0.0012375125816130325
1475,0.7524211015262996,0.0009087463783876423,0.0012077630153437139
1476,0.7524536741228945,0.0008824296339935323,0.0011727361621592792
1477,0.7524841600706937,0.0008409343749776388,0.0011175442881065235
1478,0.7525358905805708,0.0008219286281984602,0.0010922118645588503
1479,0.7525964431208674,0.0007856096698476873,0.001043865775647199
1480,0.7526369841637701,0.0007630197706842675,0.0010137952116876549
1481,0.7527006720769462,0.0007515742616582814,0.0009985035081534381
1482,0.7527660490198762,0.0007145570694782594,0.0009492418931600781
1483,0.7528402189317649,0.0006793965682481166,0.0009024445707910499
1484,0.7529036185994056,0.0006462282030383068,0.0008583146462231878
1485,0.752993777115195,0.000628794975268682,0.0008350599890448859
1486,0.7530792865132123,0.0006174809119763142,0.000819941436492399
1487,0.7531617482010101,0.0005963071545435461,0.0007917385023441188
1488,0.7532453191787292,0.000568633012743672,0.000754910781740613
1489,0.7533291120302329,0.0005584797747961158,0.0007413489879489784
1490,0.7534065244526694,0.0005363994327056438,0.0007119654732155715
1491,0.7535020948365594,0.0005442604963894882,0.0007223078742834055
1492,0.7535970056623806,0.0005722800416516469,0.0007593979771040045
1493,0.7537017800295682,0.0006040167655194563,0.0008014002109637585
1494,0.7538037880728636,0.0006530032198584978,0.0008662774453919005
1495,0.7538581009973505,0.0006927037490685628,0.0009188781657345318
1496,0.7539109210241568,0.0007155812796847096,0.000949158925450532
1497,0.7539746199675254,0.0007522562284414448,0.0009977208894297335
1498,0.7540266084533763,0.0007666246611452728,0.0010167077030845595
1499,0.7541135267236863,0.0008063232431083801,0.0010692332315155831
1500,0.7542033447198768,0.0008426212676073223,0.001117233533245978
1501,0.7542711205401676,0.0008518030910011019,0.0011293062505045761
1502,0.7543538170564691,0.0008694512076601122,0.0011525774616648187
1503,0.7544509230163836,0.0008816495255222305,0.001168597583521128
1504,0.7545768181760195,0.0008734870124186561,0.0011575852734650252
1505,0.7546796765581893,0.0008842065813814429,0.0011716316323953193
1506,0.7547918025941434,0.000895002254396869,0.0011857604326396187
1507,0.754901142644347,0.000886720461254318,0.0011746179879238497
1508,0.7550161779422875,0.0008839514356943595,0.0011707715165832216
1509,0.7551461702185197,0.0009084480962305349,0.0012030096053690553
1510,0.7552747878053214,0.0009110423766401474,0.0012062396247694903
1511,0.755418312419933,0.0009142787678642662,0.0012102946841934957
1512,0.755565621995576,0.0009245587669260265,0.0012236644177697116
1513,0.7557063048263712,0.0009440032296899167,0.0012491668041684633
1514,0.7558587898605063,0.0009648540076371291,0.001276500347128586
1515,0.7560217420218873,0.000986599468282461,0.001304988221164013
1516,0.7561949280094503,0.0010091863061818872,0.0013345584171509746
1517,0.7563728194395701,0.0010389050593594571,0.001373535685919052
1518,0.7565542829966063,0.0010423226402579175,0.001377723533768684
1519,0.7567404185510387,0.0010546284220925716,0.0013936462176976235
1520,0.7569309737327252,0.0010754765714273517,0.0014208383706690619
1521,0.757131356310351,0.0010986110532857302,0.0014510177713936937
1522,0.7573413453627995,0.001107642464037393,0.001462540597868434
1523,0.7575606566278313,0.0011182705725687183,0.0014761465801913917
1524,0.7577672149805433,0.001115120584559671,0.0014715872665305308
1525,0.7579696745047112,0.0011142046138709755,0.0014699857413148394
1526,0.7581724934881097,0.0011193335288841835,0.001476357344137463
1527,0.7583754756112084,0.001133265989611626,0.0014943336461378535
1528,0.7585910473126134,0.001143287469028791,0.0015071196438173166
1529,0.7588136227621485,0.001154954347239299,0.0015220527315194519
1530,0.7590472488646933,0.0011613240860459944,0.0015299760163586475
1531,0.7592917114737087,0.0011694638222610892,0.0015402035931503556
1532,0.7595275748292162,0.001189938606358561,0.0015666825613620742
1533,0.759779004554425,0.0012024550898396813,0.0015826379547627342
1534,0.7600437285628834,0.001226025601885501,0.0016130987676244788
1535,0.7603161701621882,0.0012491603739805581,0.0016429485824483929
1536,0.7605594518314412,0.0012557565959384687,0.001651095904356436
1537,0.7608138796240919,0.0012717594579190294,0.0016715776249342205
1538,0.7610604527297553,0.0012858984185777967,0.0016896140299572312
1539,0.7612985308488124,0.0012706851279142332,0.0016691022988018622
1540,0.7615340529691318,0.0012718684679710673,0.0016701399799683304
1541,0.7617779937390438,0.001274899245392916,0.0016735837158216047
1542,0.762024709878049,0.0012840989009704259,0.0016851145170553947
1543,0.7622580886500188,0.001293646130140956,0.0016971235194526318
1544,0.7624932737537928,0.0013123081994670608,0.0017210751158584015
1545,0.7627426193217554,0.0013253176652191225,0.001737568652447426
1546,0.7629825146406699,0.0013557583885017998,0.0017769193428243903
1547,0.7632302375097908,0.001387253296433785,0.0018176078832515977
1548,0.763480103942885,0.0014235019232669425,0.0018644911844008353
1549,0.7637417307866381,0.0014600780869462255,0.0019117432347743725
1550,0.7640057256192712,0.001486648096830451,0.0019458598894994353
1551,0.7642748692055898,0.0015022233232213004,0.0019655537343295825
1552,0.7645451168209727,0.001523594332405817,0.0019928115409866445
1553,0.7648263205293848,0.0015438878544178857,0.0020186123476363406
1554,0.7651131794972871,0.0015594898890024641,0.0020382473218238345
1555,0.7654123033335866,0.0015726429182015616,0.0020546350135113556
1556,0.7657205386280528,0.0015852197282931937,0.002070232739392682
1557,0.7660392021583181,0.0015873499734076206,0.002072152402821235
1558,0.7663629136537455,0.0015705261616325477,0.002049324326179666
1559,0.7667075097204521,0.001573881406377266,0.002052779432082407
1560,0.7670574482167571,0.00157860644702244,0.0020580028923418434
1561,0.7674047092114873,0.001561876422726005,0.002035270834252297
1562,0.7677572799091731,0.0015484665453897291,0.0020168698961381586
1563,0.7681014410778656,0.0015423908297599136,0.0020080561593472587
1564,0.7684445018250485,0.001530186597785403,0.001991277957160503
1565,0.7687950233186128,0.0015259749634062658,0.0019848918334814114
1566,0.7691558383997652,0.0015208927980463547,0.001977353251599291
1567,0.7695199064772043,0.0015052040197287635,0.00195602999618224
1568,0.7698923843932196,0.0014903161388791063,0.0019357460459278073
1569,0.7702649879974357,0.0014823347127473198,0.0019244477366174336
1570,0.7706418170846785,0.0014780425120613592,0.001917937074389192
1571,0.7710387107950242,0.0014641910548325457,0.001898985140866412
1572,0.7714363662267338,0.0014663231145648386,0.0019007700165043421
1573,0.7718201657513166,0.0014857610447931336,0.0019250093619241498
1574,0.7722109510117741,0.001500570226260251,0.0019432128284300537
1575,0.7726027175187022,0.001520237009558498,0.0019676827107739207
1576,0.7729886033712261,0.0015046765568460685,0.0019465701697072122
1577,0.773382411841172,0.0014910727389473803,0.0019279889432675629
1578,0.7737757699274518,0.0014857242260662752,0.0019200966013779093
1579,0.7741794680454014,0.0014800103161150527,0.0019117147602114631
1580,0.7745511319322163,0.001496925009695783,0.00193263549426558
1581,0.7749342406852625,0.0015134637849349686,0.001953022212048129
1582,0.7753325185459521,0.0015302995417439326,0.0019737332114146784
1583,0.7757415678943625,0.0015461661071084895,0.0019931458762811076
1584,0.7761601385474475,0.001560797560213696,0.002010922079990691
1585,0.77657393824238,0.0015513289477273417,0.0019976577519952125
1586,0.7769849833984794,0.001564170528505783,0.002013128389771714
1587,0.7774052469081454,0.0015415674975371477,0.0019829651313368253
1588,0.7778347997190593,0.0015184827647527687,0.0019521918604068868
1589,0.7782692143125952,0.0014951618000344981,0.001921137021146464
1590,0.7787287633773605,0.0014663588671233862,0.0018830161875153574
1591,0.7791620835479444,0.001454074696871013,0.0018662031014777159
1592,0.7795821989488353,0.0014276409273596934,0.0018312897976437642
1593,0.7800121194422319,0.0013983579566951949,0.0017927387560274415
1594,0.7804473196578188,0.0013746824805284464,0.0017614032951399788
1595,0.780915312213631,0.0013385134051807383,0.00171403145033295
1596,0.7814000452332475,0.0013122566109483819,0.001679365926523173
1597,0.7818850031143597,0.0012948149068011006,0.001656017063434735
1598,0.7823809157659646,0.0012757774644878784,0.0016306346931262631
1599,0.7828752258846177,0.0012894739574752013,0.0016471002208789368
1600,0.7833844689715275,0.0012999908300583602,0.001659454433357689
1601,0.7838914903199057,0.0012992895059608179,0.0016574864276566882
1602,0.7844083961027796,0.0012993907739260438,0.0016565232860610369
1603,0.7849271369499151,0.0012683452597063447,0.0016158764297981912
1604,0.7854516557255005,0.0012393247678695804,0.0015778498381607581
1605,0.7859922518714866,0.001212118843968587,0.0015421511358190514
1606,0.7865270822356921,0.001196890166701909,0.0015217405652450842
1607,0.7870567877217144,0.0011975621483766984,0.0015215701929758715
1608,0.787597609028209,0.001198878277168276,0.0015221964407021661
1609,0.7881277519813462,0.001205541551125803,0.0015296270789793688
1610,0.7886747295496852,0.0012135443401011148,0.0015387133562578075
1611,0.7892325443100416,0.0012225736344750734,0.001549066423184392
1612,0.7898216071373214,0.00122434827295378,0.0015501579874364086
1613,0.7904133845833659,0.0012254959130522866,0.0015504493432866864
1614,0.7910132592613746,0.0012279419554002253,0.0015523658308165937
1615,0.7916208632670193,0.0012305555304637835,0.0015544758704126125
1616,0.792197784777837,0.0012412826111283075,0.0015668847287630466
1617,0.7927825255063496,0.001259780636329054,0.0015890620640565114
1618,0.7933490018414985,0.001292453543409005,0.0016291109466439102
1619,0.7939158108302523,0.001327003165049179,0.001671465849334126
1620,0.794480003815653,0.0013684715192980024,0.0017224744647135707
1621,0.7950058901263221,0.0014028542088971377,0.001764583415443918
1622,0.7955389642997106,0.001416247192018603,0.0017802361110813517
1623,0.7960767355563569,0.0014318867039848134,0.001798679247904545
1624,0.7966421968030121,0.0014519372348977641,0.0018225713384559627
1625,0.797199889863849,0.0014567038461156217,0.0018272755235382774
1626,0.7977708396573904,0.0014615825077388006,0.001832083143533411
1627,0.7983530195965773,0.0014668860030305308,0.0018373901858250322
1628,0.798944984418988,0.001467997321145679,0.0018374197845590608
1629,0.7995395653390294,0.001473994341112466,0.0018435539715754366
1630,0.8001333309614532,0.0014614236568099325,0.001826475163900324
1631,0.8007320439615331,0.0014470387250404369,0.0018071447695303575
1632,0.8013313066953114,0.0014386055269492235,0.0017952693410694632
1633,0.8019414698998111,0.0014311553580486833,0.0017846132314712217
1634,0.8025517326475672,0.0014389038104229298,0.00179291097618851
1635,0.8031697611238059,0.0014491588298391935,0.0018042995391304461
1636,0.803786250206928,0.0014651075254327702,0.001822757636194437
1637,0.804396757043875,0.001492690938295393,0.0018556650374635657
1638,0.8050286130492663,0.0014910089385468687,0.0018521191848066916
1639,0.8056425807252492,0.0014851307148860766,0.0018434113965887255
1640,0.8062483841075869,0.0015046880416798884,0.001866283482038087
1641,0.8068785775447891,0.0015504845168487517,0.0019215834451407105
1642,0.8075050607376959,0.0015698209773377517,0.0019440385623139531
1643,0.8081519944575026,0.0015935919721056409,0.0019718963549367834
1644,0.808797922202331,0.0016197907905334222,0.00200271383749699
1645,0.8094521079027102,0.001640580587095427,0.0020267790658377183
1646,0.8101386363765968,0.0016515023690819295,0.0020385429047902128
1647,0.8108310712218352,0.001662192870161036,0.002049986648459697
1648,0.8115150895927081,0.0016438585524659298,0.0020256660332600433
1649,0.8122161367540105,0.0016014570640226168,0.0019717129364392786
1650,0.8128940116737556,0.0015559445068905587,0.001914080414600245
1651,0.8135778430261522,0.0015072489479774594,0.0018526179896580705
1652,0.8142864716993273,0.0014562566566008331,0.0017883837042776652
1653,0.8149878990448682,0.0014154540111219823,0.0017367791752255896
1654,0.8157016146212517,0.0013752299283669644,0.0016859472921425
1655,0.8163844048945734,0.0013415647487138077,0.0016433003137621856
1656,0.8170982993151901,0.0013229180290942133,0.0016190439145485319
1657,0.8178193175911567,0.0012979484456479026,0.0015870846013651778
1658,0.8185648316942699,0.0012877562752433352,0.0015731878836987541
1659,0.8193105083487005,0.0012722414935112793,0.0015528196947887922
1660,0.8200732207336451,0.0012570399526913793,0.0015328386794130648
1661,0.82084147289542,0.0012514447854265252,0.0015245876661326623
1662,0.8216057622359557,0.0012528911257575811,0.0015249298183448781
1663,0.8223714283972553,0.0012432749508972177,0.0015118168116811574
1664,0.8231475187497127,0.001249589976806485,0.0015180632248087199
1665,0.8239251322145623,0.001234364882276395,0.0014981517543452576
1666,0.8247029969535674,0.0012108137855000984,0.0014681816241396172
1667,0.825482292784074,0.001188737385144194,0.0014400519496729394
1668,0.8262683524111711,0.0011637064967244548,0.0014083880779514188
1669,0.8270679382785493,0.0011608778485560816,0.0014036063965583297
1670,0.8278632534899453,0.001164101825574379,0.0014061523091730237
1671,0.8286548329591719,0.0011722949509082186,0.001414696329860153
1672,0.8294574935073253,0.0011792213543057389,0.0014216778599701982
1673,0.8302399661277123,0.001173587052662829,0.0014135516242809985
1674,0.8310349873489162,0.0011677915151843078,0.00140522545134914
1675,0.8318381887451652,0.0011510294908375518,0.0013837180192146376
1676,0.832645494385394,0.0011338309925304363,0.0013617211648606327
1677,0.8334495700589937,0.0011080924588209187,0.0013295255029557279
1678,0.8342706955350117,0.0010793986853620474,0.0012938230854073532
1679,0.8350960093306373,0.0010600135927059755,0.0012693314072421667
1680,0.835931444801389,0.0010397220579598972,0.0012437886676304266
1681,0.8367469607484583,0.00103404343338646,0.001235789888572195
1682,0.8375577974190115,0.0010120315293887501,0.0012083124681155028
1683,0.838387929665793,0.000994376639333377,0.0011860579144188847
1684,0.8391906124857901,0.0009715043368249525,0.0011576682607867027
1685,0.8400070822220226,0.0009490688582112234,0.0011298343529446274
1686,0.8408266542313667,0.0009377614088243987,0.0011152850639370418
1687,0.8416632192048986,0.0009358412121579638,0.0011118951034144431
1688,0.8425001695379054,0.000934042224760337,0.0011086552365593477
1689,0.8433469739508318,0.0009498160456196584,0.0011262458690876073
1690,0.8442097324055078,0.0009804639723054486,0.0011613985656285853
1691,0.8450914678626986,0.0010092629790131446,0.001194264783628272
1692,0.8459832455537164,0.0010382888364705585,0.0012273160750257807
1693,0.8468592514353588,0.0010384022280242374,0.0012261804145898255
1694,0.8477490378893503,0.0010109242108309118,0.0011924805168140567
1695,0.848651602786233,0.0009728757687737212,0.0011463782847751
1696,0.8495594857705331,0.0009380197342363669,0.0011041248434600223
1697,0.8504723326465919,0.0009039266367330543,0.001062852490356879
1698,0.8513686913488054,0.0008457704424611183,0.000993424413013335
1699,0.8522640928563799,0.0008044025313569305,0.0009438418655665282
1700,0.8531665866032361,0.0007854473335173701,0.0009206259901064799
1701,0.8540800464431374,0.0007964378718207593,0.0009325096343575383
1702,0.8549937637913999,0.0007999461613457011,0.0009356163696427507
1703,0.8559189503775386,0.0008050390057459414,0.0009405551838650674
1704,0.8568476319983507,0.0008055782923896748,0.0009401651615829235
1705,0.8577958138282697,0.0007983067996161564,0.0009306489804996612
1706,0.8587570043064074,0.0007914381309865547,0.0009216089382883995
1707,0.8597154742747002,0.0008013406378510968,0.0009320998188698984
1708,0.8606910643966861,0.0008020738163993312,0.0009318951358714948
1709,0.8616829129696415,0.0008299840935671768,0.0009632128954568448
1710,0.8626615035358529,0.0008209126417500386,0.0009516045846317527
1711,0.8636491010759645,0.0008111423944071684,0.0009392036573610957
1712,0.8646560718184222,0.0008240514085092139,0.0009530395209926481
1713,0.8656707168105093,0.00083842678401968,0.0009685285267691539
1714,0.8667034215327899,0.0008407297941664577,0.0009700317009013335
1715,0.8677539733548454,0.0008264802750184966,0.0009524361747641678
1716,0.868815200573037,0.0008226709534301182,0.0009468883059222678
1717,0.8698770048623252,0.0008225991085744741,0.0009456499067987965
1718,0.870950842157658,0.0008348908531457575,0.0009585969870325094
1719,0.8720091129607876,0.0008332282821019139,0.0009555270348870566
1720,0.873067163559784,0.0008262758348125751,0.000946405808510281
1721,0.8741290380619384,0.0008231207073459177,0.0009416466808732117
1722,0.8751762191520085,0.0008258777092098093,0.0009436701902275562
1723,0.8762325496507003,0.0008398418784043731,0.0009584691629398681
1724,0.8773103524810386,0.0008403239127486829,0.0009578410996430648
1725,0.878396864414398,0.0008353274409959959,0.0009509681498611505
1726,0.8794855879115306,0.0008299720158631215,0.000943701667509997
1727,0.8805777672345316,0.0008686219654713725,0.0009864227758092207
1728,0.8816667792685638,0.0008841865078626864,0.0010028579148646305
1729,0.8827682231009012,0.0009216660102794403,0.001044063420228135
1730,0.883859712306484,0.0009397084093781424,0.0010631872867311917
1731,0.8850005423390701,0.0009477696460212083,0.00107092549741974
1732,0.8861433703614313,0.000957378319595871,0.0010803876117759421
1733,0.8872884035350094,0.0009672210902645608,0.0010900864774193992
1734,0.8884317873850499,0.0009793592358790832,0.0011023460098851968
1735,0.8895850462749199,0.0009821590298847412,0.0011040642308427608
1736,0.8907439839483142,0.0010068100965181872,0.0011303024378064256
1737,0.8919001891407075,0.001005742031209977,0.0011276396658004405
1738,0.8930557417306929,0.0010129935683301971,0.0011343004932335705
1739,0.8941996040099729,0.0010268268377010975,0.0011483194949945934
1740,0.8953514851585267,0.0010316599139943926,0.0011522401326130953
1741,0.8964937599161378,0.0010413025107638208,0.0011615278960349139
1742,0.8976576773864835,0.0010279714112445852,0.001145170856486749
1743,0.898837110951891,0.0010393115763129887,0.0011562846745528025
1744,0.9000085661414501,0.001057521271046693,0.0011750124508042598
1745,0.901175591347144,0.0010755073278074033,0.0011934492435593548
1746,0.9023373896495688,0.0010927209415650275,0.0012109893196262165
1747,0.9035033952374827,0.0010981545075758698,0.001215440377274093
1748,0.9046724619835496,0.001092736390627242,0.0012078806822873227
1749,0.9058381510053696,0.0010814884388125874,0.0011939091300275525
1750,0.9070048972548437,0.0010803828875887364,0.0011911544147761952
1751,0.908184027544557,0.0010560625096336781,0.0011628287633387892
1752,0.909372940387447,0.0010399849392415865,0.0011436286401907791
1753,0.9105384445238018,0.001017650908781054,0.0011176363995407908
1754,0.9117168208049066,0.0010327512491972604,0.0011327544097360176
1755,0.9128866355533516,0.001046868120784131,0.001146766838304699
1756,0.9140464539795975,0.001056716414584196,0.0011560861157367207
1757,0.9152012329171351,0.0010552745950363188,0.001153051981445338
1758,0.9163579352180626,0.0010436757587927374,0.001138938965530295
1759,0.9175089761855814,0.0010533568118752004,0.0011480615876417776
1760,0.9186646321285877,0.0010704425016303822,0.0011652157535989149
1761,0.9198041025531779,0.0010875346157502661,0.0011823546043461912
1762,0.9209249694107944,0.0011040351374727892,0.0011988328844847677
1763,0.9220023498046274,0.0011110314709715122,0.0012050202162792103
1764,0.9230633952291907,0.0011157754764144138,0.0012087744809091622
1765,0.92409816106732,0.0011138236059908282,0.0012053087571393692
1766,0.9251194666326539,0.001115190802898423,0.0012054559904112823
1767,0.9261195824663788,0.0010938130739346992,0.0011810710999347735
1768,0.9271034706371086,0.0010678062998183018,0.0011517660473048404
1769,0.9281093396808673,0.0010589698408008505,0.0011409968583712129
1770,0.9290978080323441,0.0010466109677400924,0.0011264809352597863
1771,0.9300817009603298,0.0010168877503195497,0.0010933316387900017
1772,0.931088804553531,0.000998803372894792,0.0010727262190352842
1773,0.9320811997764407,0.0009576435661557673,0.0010274250423519516
1774,0.9330771627410541,0.0009355691639371149,0.0010026707343139126
1775,0.9340675033194359,0.0009215947702435635,0.0009866468611406053
1776,0.9350614655558314,0.0009224635725003787,0.0009865272032700395
1777,0.9360278671023222,0.0009271390432929195,0.0009905036760957556
1778,0.9370003669747838,0.0009210172143656632,0.0009829422130743406
1779,0.9379543233487947,0.0009078257389774408,0.0009678784098315307
1780,0.9388783480577091,0.0008945775729658791,0.0009528152127658748
1781,0.9397828964761322,0.0009052011746867229,0.0009632024354570836
1782,0.940672181887844,0.0009060305783718306,0.0009631735644116841
1783,0.9415322195682452,0.0009061803495189463,0.0009624528302754099
1784,0.9423745844845166,0.0008975724575561181,0.0009524582605833906
1785,0.9431947626052505,0.0008893573638954707,0.0009429201678759618
1786,0.9439987184616211,0.0009027564631955111,0.0009563111109585827
1787,0.944770231892891,0.0009148586597320309,0.0009683398448097471
1788,0.9455479501872045,0.0009114490965512548,0.000963937467550748
1789,0.9462913436250503,0.0008998190026026778,0.00095089002838772
1790,0.9470246568813288,0.0009112675367763073,0.0009622426725162847
1791,0.9477334379716693,0.0009247950809677268,0.0009757966152876964
1792,0.9484092420373343,0.0009421384121032683,0.0009933880548015377
1793,0.9490775367419875,0.0009740273624736273,0.0010262885009556628
1794,0.949709907419586,0.0010089076695229521,0.0010623324676734284
1795,0.9503282619598247,0.001033372762811806,0.0010873850691136154
1796,0.9509143139202125,0.0010597141137748437,0.0011144159870788949
1797,0.9514814976429472,0.0010726817372926855,0.0011273805533265555
1798,0.9520608266982997,0.0010770251932744172,0.0011312567044791536
1799,0.9526625670717064,0.0011046850189505271,0.0011595763884647082
1800,0.9532502616504732,0.001130616276261432,0.001186064480385103
1801,0.9538188499707723,0.0011697428197641631,0.0012263783839038275
1802,0.9543611949138393,0.0012138185465592395,0.0012718649427786344
1803,0.9548790291248345,0.0012463680877150163,0.0013052628130888343
1804,0.9553750885827998,0.0012694601716120766,0.0013287557806172124
1805,0.9558285086615923,0.0012911280914024163,0.0013507947081535896
1806,0.9562613776827413,0.0013169793959005686,0.0013772169687454455
1807,0.9566662654619048,0.0013229410823596816,0.0013828658228279109
1808,0.9570338420825509,0.00132911238572517,0.0013887830579041578
1809,0.9573519842112834,0.001326410318844994,0.0013854991066193487
1810,0.9576455773721898,0.0013433273962800646,0.0014027396231142194
1811,0.957909577897144,0.0013152958317123094,0.001373089759264877
1812,0.958153755821718,0.0013023857675725796,0.0013592659420884347
1813,0.9583648277858053,0.0012887622331950364,0.0013447511801665105
1814,0.9585592273910342,0.001308289119553424,0.0013648495389421787
1815,0.9587291832462054,0.0013238188893169539,0.001380805875580604
1816,0.9588728121432355,0.0013221996202488144,0.0013789103241893831
1817,0.9590039316852877,0.001321278662875291,0.0013777614660592334
1818,0.959109844303722,0.0013157090768603835,0.0013718022859159986
1819,0.9591855430426783,0.0012944826498981839,0.0013495643875030617
1820,0.9592311315708981,0.001272906325233445,0.0013270068947291696
1821,0.9592589940779579,0.0012544422280203321,0.0013077200586751913
1822,0.9592738260060898,0.0012581401060105348,0.0013115547113891
1823,0.9592607331063968,0.001269671351973609,0.0013235935842614993
1824,0.9592460484670188,0.0012664182092027706,0.0013202224926822967
1825,0.9592015811593504,0.0012498760331601155,0.0013030379199849087
1826,0.9591328652404634,0.0012306861205847255,0.001283123710161033
1827,0.9590322124643471,0.001214778463585127,0.0012666711793377717
1828,0.958915048496595,0.0012106023754021112,0.00126247093243569
1829,0.9587810566261353,0.0011842648962693797,0.0012351776123286184
1830,0.9586424405469387,0.0011782010821621521,0.0012290307963936456
1831,0.9584682440487329,0.0011669691160151746,0.0012175355034045765
1832,0.9582957281305642,0.0011471775703639532,0.0011971018305610714
1833,0.9580998201289036,0.0011508895327362514,0.0012012209047084568
1834,0.9578644045663844,0.0011557749961507609,0.0012066165008751614
1835,0.95761777084865,0.0011476023397362918,0.0011983929023364674
1836,0.9573434158957419,0.0011286498569080875,0.0011789393838908498
1837,0.957044809407251,0.0011032428733481006,0.001152759894316127
1838,0.9567200191265073,0.0010665088233231424,0.0011147554164246225
1839,0.9563655496127306,0.0010282191372386806,0.0010751319280112573
1840,0.9560035201038456,0.000980482765034089,0.0010256058104551585
1841,0.9556234544109474,0.0009373417273632194,0.0009808693194339846
1842,0.9552213019204958,0.000904222346696015,0.0009466103246211677
1843,0.9547860146461149,0.0008719754683581464,0.0009132679521718155
1844,0.9543566213485214,0.0008391969606229443,0.0008793326748623019
1845,0.9539152036545453,0.0007991648708019075,0.0008377734915433011
1846,0.9534513438037073,0.0007401780234502049,0.0007763144163155007
1847,0.9529665966200461,0.0006897119860237187,0.0007237525307497334
1848,0.9524629847843145,0.0006277431454561163,0.0006590735340736301
1849,0.9519569975584187,0.0005861344141973799,0.0006157152221168589
1850,0.9514460390928903,0.0005545953338675326,0.0005828973069206157
1851,0.9509425345116697,0.0005146940042528424,0.0005412461695355223
1852,0.9504246334644515,0.0004769704399756104,0.0005018498292042117
1853,0.9499018263587855,0.0004485809770101685,0.0004722393036443493
1854,0.9493739615194265,0.00043962511388070187,0.0004630684342522976
1855,0.9488553463975908,0.00042674832726432313,0.00044975066946137686
1856,0.9483149204267652,0.0004183123870902952,0.00044111125753673076
1857,0.9477543639993401,0.00041270229993587847,0.0004354528088843132
1858,0.9471643321033882,0.00042210943730752975,0.0004456559680305341
1859,0.9465560823820487,0.00043417640576764,0.0004586906300100218
1860,0.9459246656368506,0.0004412347285348495,0.00046645863519986027
1861,0.94530332652251,0.00044140151073328895,0.0004669416666045955
1862,0.9446523007855238,0.0004622162973225468,0.0004892978050635051
1863,0.9439929863832545,0.0004892284623769793,0.0005182543402693842
1864,0.9433161333138452,0.0005199177344932932,0.0005511595912886972
1865,0.9426279176743442,0.0005369614744763412,0.0005696430844114345
1866,0.9419262495769942,0.0005547648179560247,0.0005889684231702447
1867,0.9412395993882514,0.0005565739855388277,0.0005913201972171241
1868,0.9405447304564198,0.0005581530984978841,0.0005934359955714473
1869,0.939836740203581,0.0005615865831209308,0.000597536315721477
1870,0.9391371618895379,0.000533377510803091,0.0005679442071378998
1871,0.938448829921905,0.0005354601188619013,0.000570579984533052
1872,0.9377510478087812,0.0005417777694882075,0.00057774157731326
1873,0.9370518516743512,0.000531182354796894,0.0005668654875904274
1874,0.9363510865259089,0.0005297511596135343,0.0005657612483572165
1875,0.9356453085074046,0.0005305702414554239,0.0005670634337939664
1876,0.9349336353813549,0.0005339204183405176,0.0005710784146970326
1877,0.9342271058885361,0.0005526001901160211,0.0005915051989317388
1878,0.9335383353879114,0.0005527629586735464,0.0005921159718029768
1879,0.9328466390376622,0.000561451676142193,0.0006018692169180076
1880,0.932150250810588,0.0005502951833060208,0.0005903503033201889
1881,0.93146215451728,0.0005538966173227757,0.0005946528419180128
1882,0.9307815150513662,0.0005719538487547469,0.000614487760560203
1883,0.9301042425976955,0.0005997848983297766,0.0006448577168669101
1884,0.92941333383695,0.0006248802613855805,0.0006723383866313298
1885,0.9287233729854993,0.0006519933732014739,0.0007020318344154064
1886,0.928029602261818,0.0006597946407399486,0.0007109629252470825
1887,0.9273452762604709,0.0006660664032742489,0.0007182507101995153
1888,0.926663020406725,0.0006735449520561697,0.0007268499305826855
1889,0.9259931886151467,0.000674748282209944,0.0007286752111201295
1890,0.9253383669040328,0.000684350966608551,0.0007395683471963131
1891,0.924682802856798,0.0006909468653376579,0.0007472258197113482
1892,0.9240337058695427,0.0006972700975626282,0.0007545937914748215
1893,0.9233959171463946,0.0007012886607640106,0.0007594669282610969
1894,0.9227593539295238,0.0007085241435618351,0.0007678319819188189
1895,0.9221358379077685,0.0007201931849356687,0.0007810055257907696
1896,0.9215209369447678,0.0007255845919788081,0.0007873772183456064
1897,0.9209062913573554,0.0007376991048281516,0.0008010577316621777
1898,0.9203001802114589,0.0007424456814620872,0.0008067429491228549
1899,0.9196985342245249,0.0007501774622830043,0.0008156775664707806
1900,0.9190926092001768,0.0007601267178381725,0.0008270403985727386
1901,0.9184980932596819,0.0007791938654650982,0.0008483347664879703
1902,0.9178984445568281,0.0007949912477504804,0.0008660993516927804
1903,0.917302960257472,0.000816255887304324,0.0008898432935125536
1904,0.9167299764803236,0.0008287428520101105,0.0009040206748687009
1905,0.9161542515200075,0.0008483974662299946,0.0009260421646490245
1906,0.9155907732445729,0.0008704897776374401,0.0009507410986162424
1907,0.9150273546326824,0.000895652329353358,0.0009788257420051644
1908,0.9144719205604547,0.0009356101280243354,0.0010231152066986658
1909,0.9139308877532029,0.000977918303655744,0.0010700134077532351
1910,0.9133881946245971,0.0010025833350883273,0.0010976530471804374
1911,0.9128551556434292,0.0010300275050423736,0.0011283580956678225
1912,0.9123310956249094,0.0010575597932246268,0.001159184202200454
1913,0.911828708839679,0.0010837623113283549,0.0011885591019693434
1914,0.9113335660283385,0.0011075425450734603,0.0012152987515868811
1915,0.9108560825484675,0.0011305249087216452,0.0012411674361975718
1916,0.9104065356586947,0.001139820050809569,0.0012519901891794854
1917,0.9099662461893683,0.001159871716165003,0.001274631582239621
1918,0.9095716361081617,0.0011874468613273673,0.001305501198793057
1919,0.9091835479466189,0.0012036198546627678,0.0013238469364971793
1920,0.9087869122146801,0.001209710369847025,0.001331126530969736
1921,0.9084058573448743,0.0012169361068789912,0.0013396392119662257
1922,0.9080194114630263,0.0011982322257788152,0.0013196108041877539
1923,0.9076381141773157,0.0011870100347198226,0.001307801001499072
1924,0.907291765917418,0.0012016075468215162,0.0013243893441560086
1925,0.9069406477175317,0.0011968660255404825,0.001319674036611543
1926,0.9065999580221853,0.0011821134816145742,0.0013038975693242276
1927,0.9062867507584862,0.0011656375111358047,0.0012861685445144857
1928,0.9059918167060335,0.0011525251631602429,0.0012721143192557134
1929,0.9056767440713319,0.0011643418314220874,0.001285604205964223
1930,0.9053833561733704,0.0011777030605190566,0.0013007783415598156
1931,0.905096052652636,0.0011992927687061127,0.0013250447454623753
1932,0.90483208425295,0.0012218915510819948,0.0013504069675986526
1933,0.9045917249734577,0.0012454635323744156,0.0013768239283981508
1934,0.9043685408258174,0.0012719792830715197,0.001406483336881689
1935,0.9041641188688769,0.001299647942410828,0.0014374026963563955
1936,0.9039840208981638,0.0013281153326036227,0.0014691800982102078
1937,0.9037971630867496,0.0013488312900866001,0.001492404872659613
1938,0.9036377865204038,0.0013566988925626188,0.0015013746799885344
1939,0.9034859526161527,0.0013643884753142587,0.0015101380064222439
1940,0.9033477291124162,0.001384399875958405,0.0015325215654426298
1941,0.9032328344822421,0.0014039362683442975,0.0015543459169628973
1942,0.9031361890085833,0.001425487791314023,0.0015783752314020886
1943,0.9030569596009439,0.0014457149820475506,0.0016009122865144679
1944,0.9029857574047648,0.0014790746170735844,0.0016379822216958698
1945,0.902948846154285,0.001498134111757001,0.0016591572359139135
1946,0.9029153210692635,0.0015207581237608474,0.0016842754666737884
1947,0.9029072155749903,0.0015326267031021796,0.001697435435961347
1948,0.9028927337836237,0.0015367393306231429,0.001702017607543865
1949,0.9028484312672613,0.0015185500708596623,0.0016819545986563728
1950,0.9027966545225814,0.001498202804840044,0.0016595130224893516
1951,0.9027452886313183,0.0014829881925926538,0.0016427537327179638
1952,0.9027029143167425,0.0014482770739849575,0.0016043784184314514
1953,0.9026757623929915,0.0014169583553762682,0.0015697312528032375
1954,0.9026691709400447,0.0013866696042341223,0.001536188061889869
1955,0.9026719561966681,0.0013545366473314254,0.0015005857200202065
1956,0.9026893534909757,0.001326845926958901,0.0014698809970756632
1957,0.9027376430765305,0.0012936345908883121,0.0014330127925978632
1958,0.9028041262062076,0.0012626654649275175,0.0013986040031003521
1959,0.9028862760134129,0.0012371412718968256,0.0013702071952619282
1960,0.9029902469017212,0.0012249118843631408,0.0013565062176097418
1961,0.9031046847321266,0.0012210163568812512,0.001352020842681623
1962,0.9032170424978394,0.0012235714757196296,0.001354681563952616
1963,0.903342602502476,0.0012298642026167027,0.001361459316996324
1964,0.903487978796878,0.0012365342862622356,0.0013686228431161373
1965,0.9036472118063681,0.0012182659547561282,0.001348165455322819
1966,0.9038146161412796,0.0011997952823031583,0.0013274793977392512
1967,0.9040066939574501,0.001182704005620629,0.0013082912035121464
1968,0.9041902917039103,0.00118113134679806,0.001306286251506047
1969,0.9043896539620896,0.001149209234514928,0.0012707014387883533
1970,0.9045991870919551,0.0011294283184479252,0.0012485400546055493
1971,0.9048097444392331,0.0011234743522499314,0.0012416691565874088
1972,0.9050322400205555,0.0010764934995832866,0.0011894532061739998
1973,0.9052384099542523,0.0010587195440512442,0.001169547748316102
1974,0.905442702387338,0.001034148256324821,0.0011421465473167227
1975,0.9056664674273447,0.0010074066990277792,0.0011123374169846876
1976,0.9058889285934452,0.0009728954682507088,0.001073967721143588
1977,0.9061303743079604,0.0009317672826591363,0.0010282927369814256
1978,0.9063891613354755,0.0009023572241693152,0.0009955516489625496
1979,0.9066424258815658,0.000856273524529284,0.0009444445793463657
1980,0.906899121867119,0.0008194995496732106,0.0009036281212689118
1981,0.9071435945876344,0.0007813364778218871,0.000861315102133377
1982,0.9073977316176227,0.0007455438436931271,0.0008216285072302772
1983,0.9076580593092981,0.0007044417208650472,0.0007761091455532355
1984,0.9079172069584616,0.0006492292120572648,0.0007150753472689365
1985,0.9081900466104103,0.0006007546590087017,0.0006614856232468816
1986,0.9084723807434095,0.0005611482979164614,0.0006176833878617968
1987,0.9087682282517676,0.0005285103415010719,0.0005815678025163661
1988,0.9090760458506949,0.0005014218899882074,0.0005515730969668076
1989,0.9093970114053651,0.00048291871759421326,0.0005310317842895918
1990,0.9097202993414724,0.00047081984714180997,0.0005175435213247705
1991,0.9100442748537871,0.00045869049659550494,0.0005040309678001115
1992,0.9103749322622463,0.0004479520009550029,0.000492052213961845
1993,0.910716636580274,0.0004258144828472108,0.0004675597938411855
1994,0.9110671368960812,0.0004063326713376799,0.00044599640891670897
1995,0.9114203628457936,0.00040573279107668323,0.00044516537880482987
1996,0.9117847235948965,0.0004038491420143196,0.0004429215927440222
1997,0.9121590473750907,0.0004201296623015853,0.00046058816552945175
1998,0.9125383250872703,0.0004444192244689283,0.00048701431189361437
1999,0.9129194550516857,0.0004714844765067913,0.0005164579130150072
2000,0.9132997409602783,0.0005031328144074233,0.0005508956061658467
2001,0.913675066765428,0.0005307312798219237,0.0005808753014359981
2002,0.9140358882167972,0.0005758460086063903,0.0006300037187049785
2003,0.9144027328611923,0.0006243778959707046,0.000682825929464371
2004,0.9147753062950976,0.0006754007037312055,0.0007383241535745258
2005,0.9151265879976282,0.0007125208552257499,0.0007786035992952666
2006,0.9154593131073172,0.0007375556245056408,0.000805667290665466
2007,0.9157975306120589,0.0007650923060381891,0.000835438271521492
2008,0.9161447813148499,0.0007968656005867861,0.0008698031324733691
2009,0.9165217928890902,0.0007922306498760449,0.0008643882295245259
2010,0.9169044804555337,0.0007870286117523869,0.0008583539818252144
2011,0.9172981907330063,0.0007817860633547708,0.0008522703644820789
2012,0.9176832364767169,0.0008166709399547714,0.0008899268369445601
2013,0.9180907943139032,0.0008136705748649009,0.0008862637332868189
2014,0.9185030473277683,0.0008098260093902104,0.0008816802641496556
2015,0.9189221451693586,0.0007993255348063681,0.000869851204488114
2016,0.9193414149451626,0.0008156525092377342,0.0008872139294261932
2017,0.919768887194933,0.0008290589945790393,0.0009013775157229591
2018,0.9201733759725572,0.0008773475361143624,0.0009534589448288145
2019,0.92058910071723,0.0009281550980211405,0.0010082186474921504
2020,0.921001871003871,0.0009776243603088195,0.0010614792337427408
2021,0.9214195795814006,0.0010274697161812578,0.0011150942946621945
2022,0.9218425401271627,0.0010878071562892431,0.0011800357533285311
2023,0.9222701411736232,0.0011482275365648834,0.001245001312851483
2024,0.9227115799983251,0.0011902116875531228,0.0012899065248051652
2025,0.9231604975032148,0.0012350036670392753,0.0013377995163132233
2026,0.9236080992181673,0.0012805392005065038,0.001386452978910079
2027,0.9240566311213636,0.0013069678858478604,0.0014143807228154679
2028,0.9244810709460163,0.0013196003359078928,0.0014273957330003017
2029,0.9248984808938518,0.0013337745180206318,0.0014420766663295079
2030,0.9253178918170739,0.0013488435144030488,0.0014577082387916278
2031,0.9257414904062349,0.0013699772570147414,0.0014798702134583668
2032,0.9261591679426477,0.0013942084357074194,0.0015053659068176017
2033,0.9265529204943878,0.001399138608711454,0.0015100471627296852
2034,0.9269423149073528,0.001403914396368958,0.001514565009915723
2035,0.9273260846740102,0.0014119616682755993,0.0015226161450769033
2036,0.9277480567295602,0.0014632724488397712,0.0015772304110212943
2037,0.9281591094437387,0.0015254213723966687,0.0016434912472182482
2038,0.9285672967772169,0.0015996148135663886,0.0017226697721513342
2039,0.928960130384624,0.0016781841099494713,0.0018065189829563953
2040,0.9293522718349155,0.001753152714486739,0.001886424306065675
2041,0.9297440729436597,0.0018324329147759958,0.001970900345698721
2042,0.9301240687396166,0.0019111999862100651,0.0020547796261200673
2043,0.9304920174889496,0.0019894441256347647,0.0021380560910168054
2044,0.9308503211703503,0.002064954361759768,0.0022183527413553645
2045,0.9312055007092026,0.002139231347871578,0.002297270952805098
2046,0.9315438598352914,0.002213395108525142,0.0023760503439059734
2047,0.9318856220580228,0.0022871925617843026,0.0024543704802882913
2048,0.9322251849864764,0.0023444322946041007,0.002514877662995246
2049,0.9325444625850059,0.002410468558771532,0.0025848296306320152
2050,0.9328724583701179,0.002447089457325468,0.0026231768720034214
2051,0.9331952247032682,0.0024708659738861168,0.002647748197245424
2052,0.933508638877551,0.002493693324487799,0.002671312530633044
2053,0.9338121549995113,0.0025152906310031637,0.002693572382343299
2054,0.9340880806595131,0.0025556056790194993,0.002735936505275941
2055,0.9343713340492753,0.002567258671116112,0.002747578588472326
2056,0.9346434282795008,0.002577561955327931,0.0027578024702668994
2057,0.9348932394649442,0.002589712605832905,0.00277006239484098
2058,0.9351329733838879,0.002599227478844557,0.00277952713980232
2059,0.9353618214697796,0.002596323706467749,0.0027757426558078016
2060,0.935576047758224,0.0025935804734377507,0.0027721749393353388
2061,0.9357797042613558,0.002592923548105698,0.002770869614181668
2062,0.9359927185466024,0.0026194270126219544,0.0027985549040267827
2063,0.9362048511628567,0.002642343643912793,0.0028223990087540645
2064,0.9364043171760764,0.0026735375429097967,0.0028551102273560738
2065,0.9365976606058595,0.002695961479675501,0.0028784627520119545
2066,0.9367832919649952,0.0027287223084336435,0.0029128639802166833
2067,0.9369446329199864,0.0027550183414364188,0.0029404281156405246
2068,0.9371083448113906,0.0027712015239251125,0.0029571837016165565
2069,0.9372662921655748,0.002773360282321775,0.002958988609217839
2070,0.9374131129006973,0.0027752147625256665,0.0029605034582225356
2071,0.9375465014340169,0.0027714605581418746,0.0029560779693623826
2072,0.9376649967915732,0.0027588484542930554,0.002942253857969596
2073,0.9377801387993809,0.0027709929581331873,0.0029548428714654034
2074,0.9378916643040934,0.0027827005144599073,0.002966974353615398
2075,0.9379864871195334,0.0027916428206969618,0.0029762079294658383
2076,0.9380645897236443,0.0028017847234878043,0.002986771651100502
2077,0.938129575332437,0.0028047200860819806,0.0029896937052518524
2078,0.9381591639855553,0.0028226627682764135,0.0030087248269099393
2079,0.9381861984120986,0.0028256514766646364,0.003011823752520678
2080,0.9382131551881387,0.002811918781671253,0.002997100143098486
2081,0.9382222626327131,0.0027978865852173354,0.0029821148960655465
2082,0.9382304106751629,0.002769354685525054,0.002951678664446818
2083,0.9382453477745841,0.002758977517426531,0.0029405714869469115
2084,0.9382496664981643,0.0027427138064008106,0.002923223854304644
2085,0.9382536954328076,0.0027137311316515343,0.002892321282464777
2086,0.9382380214618753,0.0026818908033906883,0.002858433299486217
2087,0.9382026302632976,0.002648234712192142,0.0028226681814449185
2088,0.9381683716085583,0.0026042255285960133,0.0027758615696358195
2089,0.9381109379706437,0.0025670766698855396,0.0027364318717344187
2090,0.9380286677312804,0.002534145376118974,0.0027015649556298396
2091,0.9379350334870461,0.0024929747384419445,0.0026579396753883757
2092,0.9378205373652028,0.0024513203412190395,0.0026138480056173636
2093,0.9376988495324786,0.002397110250161928,0.002556375377187557
2094,0.9375672849856069,0.0023330287938316723,0.0024883854537090504
2095,0.9374259021781282,0.0022921134436893137,0.0024451142627524387
2096,0.9372639395891632,0.0022489698666999574,0.0023995053812544656
2097,0.9371020292062526,0.0021940205937980763,0.0023412825129153366
2098,0.9369106853645546,0.002150749562129695,0.002295575870492749
2099,0.9367425535390108,0.002110160747763488,0.002252658150087563
2100,0.9365632279427626,0.0020945314489455263,0.0022364015439153375
2101,0.9363691696395019,0.0020978868672155634,0.0022404484633162802
2102,0.9361748772884291,0.0021065060254164747,0.0022501202248855845
2103,0.9359781307610742,0.0021094531161992185,0.0022537418844219724
2104,0.9357675152527489,0.0021119599511731603,0.002256928047563955
2105,0.9355376380103596,0.002112641364164504,0.002258210977655086
2106,0.9352940129820759,0.002105107305790509,0.002250743912150811
2107,0.9350434386509612,0.0020927897378414904,0.0022381738123962176
2108,0.9347625107600421,0.0020900452514088486,0.002235910434308563
2109,0.9344712862207392,0.002093652743027968,0.002240467710351251
2110,0.9341763467473282,0.0020878773603798385,0.002234992748049698
2111,0.9338684310864098,0.002075622762534886,0.0022226072682639286
2112,0.9335511667104976,0.002049693386912997,0.0021955876228352727
2113,0.9332209384645977,0.002016512150385512,0.0021608089438104796
2114,0.9328855847195981,0.0019668141522274233,0.0021083122994323016
2115,0.9325206549882754,0.0019283180037930599,0.0020678555412987657
2116,0.9321320761249913,0.001894289366139235,0.002032211329980266
2117,0.9317472670481342,0.001840019186205799,0.0019748050262976984
2118,0.9313284471402115,0.0017966172620046126,0.0019290909319063588
2119,0.9309143123521066,0.001733202987955337,0.0018618287042725956
2120,0.9304804607627174,0.0016721404846761065,0.001797072109720013
2121,0.9300382762671312,0.0016110636962600071,0.0017322552602096
2122,0.9295822416616586,0.0015584890837450796,0.0016765478232019897
2123,0.9291120650936889,0.0015282568849893862,0.00164485743152553
2124,0.9286684190138921,0.0014710702090050738,0.0015840639983936697
2125,0.9282146332916117,0.001418222678005638,0.00152790381355697
2126,0.9277486965472288,0.0013714998890276952,0.0014783096911178213
2127,0.9272937375600524,0.0013119206859960935,0.0014147843696735117
2128,0.9268283605179508,0.0012514919438529875,0.001350295261955084
2129,0.9263529135026841,0.001190206587420004,0.001284830619163973
2130,0.9258874891253797,0.0011402146066291149,0.0012314828961628964
2131,0.9254096495254256,0.001090557203631035,0.0011784588632615853
2132,0.9249236285673874,0.001040406772185038,0.0011248569504019722
2133,0.924433718568564,0.001001451257793727,0.0010833132085926293
2134,0.9239385353345396,0.0009695614246205651,0.0010493787059866558
2135,0.9234413550544096,0.0009476512863326608,0.0010262170750159059
2136,0.9229375412083412,0.0009298978252393428,0.0010075414464362227
2137,0.9224475629598888,0.0009092444620226698,0.0009856868818701697
2138,0.921945601239892,0.0008990590231845355,0.0009751757825791704
2139,0.9214179597490417,0.0008968063235722098,0.0009732893895583116
2140,0.9208849742772406,0.000886186008573145,0.0009623199784193143
2141,0.9203650312193702,0.0008617932737395106,0.0009363602967376333
2142,0.9198422561170647,0.0008389843686065812,0.0009120959197375762
2143,0.9193117342977862,0.0008160583038220287,0.0008876839850688652
2144,0.9187643800934323,0.0008109376661399742,0.0008826394271592322
2145,0.9182154048567828,0.0008177158432765841,0.0008905490356090531
2146,0.9176637685815197,0.0008236177755519835,0.0008975158481249534
2147,0.9170920982123484,0.0008428216382600943,0.0009190152656455916
2148,0.9165074597659807,0.0008631473611974404,0.0009417788715193162
2149,0.9159182444741404,0.0008644893150384916,0.0009438498689747403
2150,0.915332878953787,0.0008926408331844716,0.0009752089690089008
2151,0.9147640870529603,0.0009144882056095816,0.0009996984124679977
2152,0.9142013912460248,0.0009458184625678101,0.0010345843614159155
2153,0.9136659358148073,0.0009864616146706285,0.0010796742835672232
2154,0.9131322816189458,0.0010317296764207422,0.001129879752571586
2155,0.9126008043822456,0.0010814422346688344,0.001185011266126245
2156,0.9120931021415434,0.0011075597145340941,0.0012143055483410698
2157,0.9115957308037885,0.0011170318125192321,0.0012253587580256687
2158,0.9111041410248854,0.0011279966573697353,0.0012380545829819972
2159,0.9106078215477555,0.0011399448320725562,0.0012518504729456393
2160,0.9101180212902173,0.0011480026834755205,0.001261377817624212
2161,0.9096246624054958,0.0011583341746319612,0.0012734199307753542
2162,0.9091340656062489,0.0011611528974452806,0.0012772075553796071
2163,0.9086522629999667,0.0011649066388899453,0.001282015889163078
2164,0.9081756906848982,0.001182748519935517,0.0013023344844691343
2165,0.9076979710551628,0.001195299658071156,0.0013168473392990707
2166,0.9072304216422713,0.0012087184056480817,0.001332316880930928
2167,0.906764671380196,0.0012331463316644512,0.0013599408651281772
2168,0.9062965350416301,0.0012657586376742147,0.0013966274709591303
2169,0.9058391710969446,0.001304091477476935,0.001439650126741283
2170,0.9053754568668534,0.0013244394200793777,0.0014628620756550427
2171,0.9049357736497647,0.0013483623211343102,0.0014900088607350866
2172,0.904495979623294,0.0013557045618251514,0.001498850843305879
2173,0.9040696552110236,0.00134508968834671,0.001487816431614161
2174,0.9036577847331506,0.001332996726559242,0.001475112314727499
2175,0.9032494065733292,0.0013247515484552928,0.001466650892670965
2176,0.9028402616913969,0.0013228119578507294,0.0014651672216883086
2177,0.9024282373736172,0.0013324166741543403,0.001476479368633389
2178,0.9020224000082007,0.0013539634754768375,0.0015010308784621403
2179,0.9016173255051442,0.0013793497529965247,0.0015298616319553576
2180,0.9012265934353065,0.001402001918661878,0.0015556597296110738
2181,0.9008438443563908,0.0014429736652365088,0.0016018022149748312
2182,0.9004693068098668,0.0014980161334024276,0.0016635948855486444
2183,0.9000992851319737,0.001535576021375012,0.001706007378008154
2184,0.8997394389908676,0.0015551649838998298,0.0017284615039706121
2185,0.8993921278915442,0.00159148193398073,0.0017695084097652269
2186,0.8990675320812402,0.0015987042242386282,0.0017781803559714893
2187,0.8987147795330612,0.0015867693792703747,0.0017655984027488687
2188,0.8983687818995975,0.0015506312612514634,0.0017260520317420862
2189,0.8980347827806494,0.0015160966788322224,0.001688238259700614
2190,0.897718850983928,0.0014833528520800574,0.0016523579185780226
2191,0.8974053604356863,0.0014237432461828836,0.0015865107441431624
2192,0.8970959204379207,0.0013873600356829438,0.001546501331770296
2193,0.8967951970209944,0.001335555996025418,0.0014892541802876671
2194,0.8965201403467665,0.0012841723259761145,0.001432396516468004
2195,0.8962574038476998,0.0012325346769911747,0.0013752016682928492
2196,0.8960102070462621,0.0011836720694309172,0.0013210475283902683
2197,0.8957727931485842,0.001155113586758025,0.0012895162652773527
2198,0.8955471473951645,0.0011350311243373283,0.0012674163807441512
2199,0.895333562823055,0.0011102786101782889,0.0012400725900160558
2200,0.8951354801449882,0.0010856934669477823,0.0012128817268777334
2201,0.8949406250611791,0.0010674701502658898,0.0011927832085988012
2202,0.8947587270742247,0.0010523252451403707,0.0011760994481510936
2203,0.894581277862484,0.001042140520093131,0.0011649478318875907
2204,0.8943973943615999,0.001056388513380999,0.0011811176106288018
2205,0.894238855991083,0.0010384260130087554,0.0011612400937978367
2206,0.8940908787211865,0.0010227184366706182,0.0011438640758011165
2207,0.8939704871382371,0.0009983388143561059,0.0011167469493897622
2208,0.8938686823728903,0.0009717734968672884,0.001087154652613614
2209,0.8937783807665685,0.0009468183624174619,0.0010593435495781433
2210,0.8937079886528488,0.0009351425217884808,0.0010463624960968395
2211,0.893671851885639,0.0009278477920920823,0.0010382421580520103
2212,0.8936605997458503,0.0009099054547412255,0.0010181778798349116
2213,0.8936471976449157,0.0009040575832132716,0.001011649323800031
2214,0.8936425146846074,0.000904106320919629,0.0010117091634105106
2215,0.8936440697815359,0.0008970696737310946,0.0010038332979151266
2216,0.8936753155040712,0.0009005059065748491,0.0010076432580740189
2217,0.8937238052283831,0.0008990333733846772,0.001005940949681806
2218,0.8937968076359549,0.000892453671745325,0.0009984972693131648
2219,0.8938766305628831,0.000875935519259738,0.0009799288730796692
2220,0.8939534032141137,0.0008668499024866445,0.0009696813048308543
2221,0.8940670910654196,0.0008601548727344585,0.0009620697163894608
2222,0.8941869499520447,0.0008444272893544913,0.0009443520612773179
2223,0.894345967619184,0.0008298511634169984,0.0009278860681019499
2224,0.8945318585917693,0.0008083137296782117,0.0009036164804132434
2225,0.8947372612360518,0.0007716708017899204,0.0008624551979917335
2226,0.8949604469038832,0.0007544737570449801,0.000843024694169539
2227,0.8952141776509424,0.0007297477135109284,0.000815165500870193
2228,0.8954834597604352,0.0007077102645012821,0.0007903108167856196
2229,0.8957814898522756,0.0007092669701168136,0.0007917856956764977
2230,0.8960980356202082,0.0007021426144920049,0.0007835555782755816
2231,0.8964157776944341,0.0007000347032469069,0.0007809263521079292
2232,0.896769159357094,0.0006999493530851889,0.0007805234443911877
2233,0.8971592992134658,0.0006983798123048345,0.000778434568885481
2234,0.8975408144398955,0.0006873880576979038,0.0007658571584032797
2235,0.8979536492451388,0.0006720036088981696,0.0007483722678370836
2236,0.8983870940456642,0.000661603682986191,0.000736434981503154
2237,0.8988130768718452,0.0006645003290764121,0.0007393087018594391
2238,0.8992774766521032,0.0006674259510352707,0.0007421802150766785
2239,0.8997372419848191,0.0006726290757031144,0.0007475838992940824
2240,0.9002352318012319,0.0006847800513931603,0.0007606679090119824
2241,0.9007748309972448,0.0006949368199483414,0.0007714878302927039
2242,0.9013351249856439,0.0007071236383627873,0.0007845291043928306
2243,0.9019322785939494,0.0007159644107283545,0.000793811717044315
2244,0.9025561111717508,0.0007359010471194198,0.0008153521293695859
2245,0.9032059085281249,0.0007581837230679213,0.0008394361860447377
2246,0.9038839115462407,0.0007642990410354523,0.0008455721263231628
2247,0.9045817554604876,0.0007810365955212962,0.0008634228921892203
2248,0.9052941702332257,0.0008062685041489914,0.0008906149301074999
2249,0.9060456989374025,0.0008049789695405126,0.0008884529450165488
2250,0.9068220341438389,0.0008143881545611435,0.0008980683352384955
2251,0.9076305609857378,0.0008060847839877959,0.0008881199230580584
2252,0.9084734698796956,0.0007657006256302895,0.0008428431330324783
2253,0.9093369430945633,0.0007298305340589426,0.0008025963748654677
2254,0.9102190428447037,0.000697751243543426,0.0007665750887420978
2255,0.9111290628309359,0.0006653725876608785,0.0007302725978178367
2256,0.912066061453223,0.0006351808076358882,0.0006964197380876502
2257,0.9130132862018003,0.0006069377686616404,0.0006647633477345596
2258,0.9139850732679837,0.0005829611906578984,0.0006378235353160654
2259,0.914992263726997,0.0005604953099019556,0.000612568359451385
2260,0.9160184513267602,0.000527611564080277,0.0005759835550431162
2261,0.9170500642006431,0.0005064834201396941,0.0005522963684443729
2262,0.9181120116150712,0.0004866588670073415,0.0005300648078345573
2263,0.9192005083509548,0.0004651538640731282,0.0005060417828832732
2264,0.9203076228202832,0.0004437205836034776,0.0004821437664980929
2265,0.9214209157653839,0.00043599723810816115,0.0004731792285678662
2266,0.922564151191643,0.00042171337834940995,0.0004571100858457354
2267,0.9237338613564183,0.0004071738168731665,0.00044079126456972046
2268,0.9249134847452625,0.00040289799069643856,0.0004356061375917811
2269,0.9261172568131715,0.00039081234067667934,0.00042199012900535893
2270,0.9273279762515989,0.0003921177883474177,0.0004228469305244274
2271,0.9285579139172133,0.00039225912985034857,0.00042243905735029995
2272,0.9298032765310733,0.0003939196389932841,0.0004236591211669274
2273,0.9310823575900068,0.0003732242475308045,0.0004008498759409962
2274,0.9323949599148429,0.00034164771423633977,0.0003664195206155372
2275,0.933709063139925,0.0003252847003001975,0.0003483790756044644
2276,0.9350587337378993,0.00031284206851566935,0.00033456943101860834
2277,0.9364126458727331,0.0003021093620715666,0.00032262418005899715
2278,0.9377691401805996,0.0002895285717008609,0.0003087418419901323
2279,0.939130813524565,0.00027709739979090564,0.00029505729745034885
2280,0.9405165137861771,0.00026263904636274335,0.00027924979786421206
2281,0.9419108346315763,0.00023963873030891756,0.00025441763858959223
2282,0.9433096707580928,0.00020935124753960287,0.00022193268449305443
2283,0.9447341332895356,0.0002098850580464877,0.00022216309398674343
2284,0.9461615609287911,0.00019976442558562052,0.00021113141120373093
2285,0.9475820677852467,0.00019163251301084383,0.00020223315692195442
2286,0.9489921292989333,0.00019580741000055127,0.00020633196414937996
2287,0.950415232393069,0.00017803022987344076,0.00018731836759936494
2288,0.95181239510185,0.00017850313798560707,0.00018754025363002978
2289,0.9532412006363931,0.0001714839159461015,0.00017989561910628407
2290,0.9546839485811986,0.00015101263651613704,0.0001581807641581951
2291,0.9561302781944672,0.00013789367585058694,0.00014422059315073878
2292,0.9575752396407043,0.00012164569659532909,0.00012703513161114343
2293,0.9590127757347384,0.00011750187787894079,0.0001225237878493515
2294,0.9604365417977423,0.00011854218451507416,0.00012342531688057937
2295,0.9618580559271385,0.00010587046633408134,0.00011006870055481566
2296,0.963274373409123,0.00010034807462141926,0.00010417392737883965
2297,0.9646836081536614,0.00010644221282256801,0.0001103389877498708
2298,0.9660965802413207,7.636004854332781e-05,7.903976693950607e-05
2299,0.9675168688530136,5.475720140553278e-05,5.659560382698771e-05
2300,0.9689195929358119,4.775712079020067e-05,4.9289044352480586e-05
2301,0.9703046543078626,6.957793118638107e-05,7.170730437855354e-05
2302,0.9716488629242764,9.178822938629853e-05,9.446646097032676e-05
2303,0.9729858391503619,0.00010672182984773264,0.00010968487469553009
2304,0.9742783267001098,0.00014210193476576832,0.00014585353165667654
2305,0.9755347487593117,0.0001825354088018649,0.0001871131797550154
2306,0.9768005574171414,0.0002295818978233297,0.00023503456880736304
2307,0.9780537751146963,0.0002445558294326444,0.00025004333673162845
2308,0.9792936156501627,0.00025217165300095423,0.00025750362196891785
2309,0.9804900522117419,0.0002656531545573022,0.0002709391634908021
2310,0.9816533579713866,0.00028252062884554847,0.00028780080723136834
2311,0.9827760250269264,0.0003126717139598248,0.000318151548264782
2312,0.9838710057692927,0.00033981193316006027,0.0003453826072396147
2313,0.9849454765816963,0.0003462350523112931,0.0003515271256566603
2314,0.9859738331861839,0.00036106162667545337,0.00036619798063877544
2315,0.9869781214142513,0.0004075667792553105,0.00041294408701917707
2316,0.9879672660793901,0.0004336564535532978,0.00043893807866145484
2317,0.9889151227112472,0.0004713092054128155,0.0004765921711467576
2318,0.9898358853648096,0.00046625396333984856,0.0004710416850243897
2319,0.9907187524817374,0.0004782446511872044,0.00048272494084643887
2320,0.9915632896035256,0.0004706092160864374,0.00047461339182354104
2321,0.9923797610116729,0.0004620066192446068,0.0004655542539215211
2322,0.9931650806079798,0.00047456738248972935,0.000477833334816017
2323,0.9939359646900978,0.00047753873062100923,0.00048045220978587127
2324,0.9946456896016869,0.0004567544970524483,0.00045921326742526676
2325,0.9953000084830412,0.00044222225838736,0.0004443105140342164
2326,0.9959126353807457,0.0004203124719034415,0.00042203749302041193
2327,0.9965021623750987,0.00042367644321089913,0.0004251635964352487
2328,0.9970524011482473,0.0004098224952792581,0.0004110340587990053
2329,0.9975469381199629,0.0003741963057030046,0.00037511648966437366
2330,0.9980213853782486,0.00037352752991458906,0.00037426806217486284
2331,0.9984398056893328,0.0003528511981258595,0.0003534025748124571
2332,0.9987966905620228,0.0003149972877514551,0.00031537678361169395
2333,0.9990936345834076,0.0002768754455855968,0.00027712662357322056
2334,0.9993483724663802,0.00025513846452590583,0.0002553048281814149
2335,0.9995798739239241,0.0002146924872442504,0.0002147827230669014
2336,0.9997456345088395,0.00017687748632699176,0.00017692248930288064
2337,0.9998660360114062,0.00011230440574087218,0.0001123194525027261
2338,0.999928813376641,6.382124256393024e-05,6.382578610612638e-05
2339,0.9999732518180885,2.8238825887202895e-05,2.8239581244659132e-05
2340,0.9999699924571528,3.4358412898989575e-05,3.435944394147585e-05
2341,0.9999399515798599,7.484526324716854e-05,7.484975785687571e-05
2342,0.9998542159283785,0.0001126551235578026,0.00011267154927501182
2343,0.9997146995038155,0.00014342146454151666,0.00014346239443383245
2344,0.9995446198186272,0.00020337358282478363,0.0002034662373168362
2345,0.9993097236473231,0.0002630098207248157,0.0002631914955904475
2346,0.9990264325109036,0.00032795765277872905,0.0003282772528395035
2347,0.9986986652484152,0.0003688772513427881,0.0003693579096263576
2348,0.9983241457985965,0.00040300962227339385,0.0004036861413894898
2349,0.9978876711745583,0.000441799228040798,0.00044273442873663383
2350,0.99740097056835,0.00046595064049121776,0.0004671648155963841
2351,0.9968794223765892,0.00048023647025339795,0.0004817397766206272
2352,0.9963382487873291,0.0005144793476283448,0.0005163701667124913
2353,0.9957617009853716,0.0005373825733262442,0.0005396698555432177
2354,0.9951528816331198,0.0005649263844735243,0.0005676779868701563
2355,0.9945225309790612,0.0006023361598396171,0.0006056536087187941
2356,0.9938637011576013,0.000660918411250308,0.0006649990441149066
2357,0.9931493519801606,0.000714547252041555,0.000719476129765253
2358,0.9923915145092067,0.000779102180925081,0.000785075415835645
2359,0.9915905272663803,0.0008376595884529298,0.0008447636049551544
2360,0.9907545369779402,0.0008903576835730672,0.0008986662693353798
2361,0.9898837515323569,0.0009502919368479331,0.000960003571507124
2362,0.9889586121682408,0.0010096904549934305,0.0010209633068260927
2363,0.9879907259059445,0.0010562664482306116,0.0010691056307862215
2364,0.9869775617224891,0.0010870943006493058,0.001101437705181556
2365,0.9859290351786518,0.0011232410135802045,0.001139271665101811
2366,0.9848533702985881,0.0011449687690915486,0.0011625779061348155
2367,0.9837392139736544,0.0011561455550343405,0.0011752561437134124
2368,0.9825832407367681,0.0011458538832772264,0.001166164692996426
2369,0.981409526792427,0.001134933645901601,0.001156432269015099
2370,0.9801932122177238,0.001117002443726065,0.0011395737389354138
2371,0.9789524382693304,0.0010990555297832483,0.0011226853183248062
2372,0.9776672579806887,0.0010839075318199887,0.0011086671083357469
2373,0.9763652789588798,0.0010719535792653421,0.0010979021912868412
2374,0.9750218622419764,0.0010547356900745086,0.0010817559389378587
2375,0.9736528002837408,0.001041013077601446,0.0010691830571411855
2376,0.9722676381446439,0.0010562707177520262,0.0010863991315885856
2377,0.9708682023269443,0.001063684121046168,0.0010956009461395126
2378,0.9694569440230545,0.0010675758340186162,0.0011012101575015676
2379,0.968022659411778,0.0010657520786563387,0.001100957780579172
2380,0.9665953656781842,0.001075281221330722,0.0011124419374556813
2381,0.9651451307650836,0.0010803716931859519,0.0011193878088878993
2382,0.9636934062935179,0.0011022745914462068,0.0011438021514391067
2383,0.9622270811804882,0.0011291389633509945,0.0011734641286189264
2384,0.9607348173176383,0.0011551860046096006,0.0012023983973380584
2385,0.9592389950713247,0.001185567025713173,0.001235945402349932
2386,0.9577221935159891,0.001213426913560757,0.0012669925807044578
2387,0.956205120939748,0.001219695877105621,0.0012755588214241284
2388,0.9547246810315807,0.001203012954361962,0.0012600626947887276
2389,0.9532613020986869,0.0012117142480317902,0.0012711249741955296
2390,0.9518268130385552,0.001222952360828295,0.0012848475626823484
2391,0.9503888837422295,0.001228432776121865,0.0012925580224432088
2392,0.9489397585454628,0.0012309958165778105,0.0012972328385362248
2393,0.9474914294884076,0.0012387275287163214,0.0013073759721342968
2394,0.946030557322888,0.0012427555392839071,0.001313652640143784
2395,0.9445533890691532,0.0012316835664655723,0.0013039851221955624
2396,0.9430633945574588,0.0012072536173360743,0.0012801404701988134
2397,0.9415665209916388,0.0011816641270044543,0.0012549980279247285
2398,0.9400785325668719,0.0011370297321969347,0.0012095050496390874
2399,0.9385976286563817,0.0011000158192924299,0.001171978050772535
2400,0.9371205130311691,0.0010691025946668788,0.0011408378963008784
2401,0.9356483567005732,0.0010586212370943624,0.0011314306592996486
2402,0.9341731642250612,0.001046928483847503,0.0011207006622974203
2403,0.9327046581580667,0.0010576111488614507,0.0011339185878518642
2404,0.931234222292854,0.001067635094781651,0.0011464732171815543
2405,0.9297749521256208,0.0010637631425813765,0.0011441081953750597
2406,0.928325917069821,0.0010839486607600929,0.0011676380469711342
2407,0.9268880630884018,0.001100824121835861,0.0011876559486243704
2408,0.9254726204426651,0.0010758734943413048,0.0011625125050449372
2409,0.9240765002557596,0.0010744375227900956,0.0011627149077946687
2410,0.9226838136032718,0.0010737147596298813,0.0011636865671641103
2411,0.9212954325677238,0.0010735034259629031,0.0011652108411858327
2412,0.9199410796363336,0.0010591471056884758,0.0011513205890394333
2413,0.9185942170135825,0.0010441850378885963,0.0011367206744271904
2414,0.9172663553972171,0.0010218046948782403,0.001113967266831403
2415,0.9159540615143396,0.0009994370818770108,0.0010911432394596836
2416,0.9146661426827395,0.0009717134274793084,0.0010623695161922663
2417,0.9134019435633398,0.000964413733962558,0.0010558481299045765
2418,0.9121564124752582,0.0009582798589762628,0.0010505652823026726
2419,0.910919230392869,0.0009566396446993451,0.0010501915129036824
2420,0.9097080047124543,0.0009565340709657618,0.0010514737322423677
2421,0.908520757606178,0.0009812154709813161,0.001080014367053845
2422,0.9073513333830574,0.0010001939636106899,0.001102322691125023
2423,0.9062111042268484,0.0010363893990721392,0.0011436511804347785
2424,0.9050773890002711,0.001065661371909688,0.001177425692941898
2425,0.903959366589518,0.0010761507915093606,0.0011904858019995866
2426,0.9028688388882611,0.0010828401898939325,0.00119933277487711
2427,0.9018011738110046,0.001061356313249697,0.0011769293987103763
2428,0.9007506648746466,0.0010344058317828778,0.0011483819797422313
2429,0.8997073793774865,0.0010091798719802994,0.0011216756637903288
2430,0.8986779483060973,0.0009837491558110035,0.0010946626181996071
2431,0.8976571474508039,0.000999279044024624,0.0011132079178140667
2432,0.8966489157864374,0.0010164400742248044,0.001133598732267802
2433,0.8956499733040179,0.0010332609532777075,0.0011536437046562376
2434,0.8946441925630877,0.0010392827188573633,0.0011616715645131471
2435,0.8936423316887762,0.000997589461404161,0.0011163184934614154
2436,0.8926520710407437,0.0009484937713409007,0.0010625570724717539
2437,0.8916978612976975,0.0009048978393404866,0.001014803195808476
2438,0.8907564651434562,0.0008884092315082124,0.0009973648985698174
2439,0.8898375002842638,0.0008822096380592249,0.0009914278031409082
2440,0.8889078702497335,0.0008499909307646188,0.0009562193779720038
2441,0.8880139660186916,0.0008367038536239942,0.0009422192506445136
2442,0.8871346497336757,0.0008180567947884845,0.0009221337426444465
2443,0.8862702768170581,0.0008246304995983301,0.0009304503616660817
2444,0.8854081120132784,0.0008324419731899748,0.0009401788417062648
2445,0.8845692885010447,0.000841654811857434,0.0009514854548971152
2446,0.8837233374163184,0.0008492349845259915,0.0009609738122440467
2447,0.8828871228292094,0.0008405169952196438,0.0009520095757271998
2448,0.8820482851697642,0.0008442971108328686,0.0009572005580968509
2449,0.8812162472589137,0.0008437937926369393,0.0009575331767447779
2450,0.8803594749494035,0.0008255167395804764,0.000937704157302244
2451,0.8795082025300085,0.0008418948379770551,0.0009572336398401355
2452,0.8786694014580878,0.0008361450101769477,0.0009516036506898111
2453,0.87784642112563,0.0008314863794791185,0.0009471888925775128
2454,0.877020398240183,0.000862239580673545,0.000983146552125473
2455,0.8762104330244815,0.0008532794834252752,0.0009738294036056454
2456,0.8754178009612691,0.0008442722079359397,0.0009644220245565839
2457,0.8746051045928287,0.00085495891816209,0.0009775370777879407
2458,0.8737854385139927,0.0008574348875890833,0.0009812876820736267
2459,0.8729539792063715,0.0008586464455345134,0.0009836102085417314
2460,0.872135638088064,0.0008575797318696701,0.0009833100430911136
2461,0.8713152791338941,0.00084158592691625,0.0009658799140453548
2462,0.8705063769200653,0.000823488231422815,0.000945987592114368
2463,0.8697069241391704,0.0008014130643206137,0.0009214748578825522
2464,0.8689140766630421,0.0007675618343936132,0.000883357578163931
2465,0.868141279610019,0.0007347050641823071,0.0008462966586640677
2466,0.8673588033109292,0.0006964732085585227,0.0008029816563801593
2467,0.8665728211879518,0.0006696095896434054,0.0007727101211476528
2468,0.8657999566292215,0.0006439663717397467,0.0007437819403998019
2469,0.8650533414514274,0.0006469280096641147,0.0007478475357122698
2470,0.8643308071812076,0.0006753289308339316,0.0007813315517889997
2471,0.8636147196160893,0.0006874554938462113,0.0007960210476169423
2472,0.8628956271807671,0.0007024633139795035,0.0008140768035580104
2473,0.8621818140587892,0.0006887032536489361,0.0007987912090221561
2474,0.8614404461327216,0.0006455122280655392,0.0007493405156020333
2475,0.8607158976062624,0.0006258575483559501,0.0007271360388445514
2476,0.8600011430373318,0.0006061097302713675,0.0007047778194000109
2477,0.8592810279345422,0.0005920903402193797,0.0006890531979305885
2478,0.8585338894841404,0.0005797094486459554,0.0006752318758136388
2479,0.8577905100241228,0.0005588908843776549,0.0006515470593885887
2480,0.8570511705284789,0.0005439500543556636,0.0006346762866215451
2481,0.8563075164993048,0.0005661496047483444,0.0006611522074018886
2482,0.8555621666003137,0.000596606740989164,0.0006973271660198084
2483,0.8548467275650738,0.0006182128094061482,0.0007231855600208608
2484,0.854135704820741,0.0006454238956281628,0.000755645609925204
2485,0.8534360615868032,0.0006654034506262371,0.0007796758076862197
2486,0.8527359331282142,0.000660841338510452,0.0007749659804837735
2487,0.8520603517188388,0.0006555898317820578,0.0007694171316146254
2488,0.8513835430938933,0.0006467718999478728,0.0007596716018229927
2489,0.8507244790326851,0.0006671216450580453,0.0007841806148761523
2490,0.8500443210146053,0.000686783889819982,0.0008079389189968859
2491,0.8493576557691164,0.000696234916046001,0.0008197193624110463
2492,0.8486461680407341,0.0007101854255468263,0.0008368451449989204
2493,0.8479344361470218,0.0007361185323599526,0.0008681314273599314
2494,0.8472129460808219,0.0007513719068247788,0.0008868749117923653
2495,0.8464898156248244,0.0007744680417317548,0.0009149171406865566
2496,0.8457688817353033,0.0008075994689151537,0.0009548701617611709
2497,0.8450531914391405,0.0008418908908127148,0.0009962578679561694
2498,0.844302473804472,0.000857276296890908,0.0010153663212994926
2499,0.8435760073375901,0.0008889204731249985,0.0010537526736097201
2500,0.842864502206982,0.0009276572523698015,0.0011006006896017043
2501,0.8421670883094852,0.0009706133041007347,0.0011525186837318525
2502,0.8414592406801731,0.0010226389435586528,0.001215316077261244
2503,0.8407260066850011,0.0010729791866191292,0.0012762531170528515
2504,0.8399932276643899,0.0011153864442686118,0.0013278517106262342
2505,0.8392575251581041,0.0011422024283155258,0.0013609677531343566
2506,0.8385105432310656,0.001188235733012733,0.001417079060728393
2507,0.8377591015251016,0.0012215451475111896,0.0014581102673637603
2508,0.8370095961221814,0.0012456770239625034,0.0014882470042561701
2509,0.836249509946789,0.0012647237007605003,0.0015123760142364392
2510,0.8355003130083141,0.0012765541741199698,0.0015278919160707325
2511,0.8347510965929787,0.0012804332442008493,0.001533910227164617
2512,0.8340128820473165,0.001260647994325782,0.0015115449910451874
2513,0.8332945663515963,0.0012525207953662874,0.0015030948789816118
2514,0.8325807578415445,0.001242523960984803,0.0014923765043598069
2515,0.8319038429167966,0.001253544220175049,0.0015068378765746644
2516,0.8312270568018277,0.001267773990097994,0.0015251837385753472
2517,0.8305573650366831,0.0012674501789384366,0.0015260236466417432
2518,0.8298981566282955,0.001268961420412973,0.001529056800859157
2519,0.829218630922686,0.0012877158121809126,0.001552926772458126
2520,0.8285332459601398,0.0012989532811525759,0.0015677744827816695
2521,0.8278649258451882,0.0012951508037438932,0.0015644470049526993
2522,0.8271912229323419,0.0012914260010056158,0.0015612182107392172
2523,0.8265270496098657,0.0012900594325908213,0.0015608193745138173
2524,0.8258610737077868,0.0012937594115611257,0.001566558169103021
2525,0.825208743749928,0.0012955958352388634,0.0015700219429951676
2526,0.8245473537320741,0.0012954871497088396,0.001571149484435543
2527,0.8239110287824409,0.001312636795946519,0.0015931778433483372
2528,0.8232895791432305,0.0013349991317178158,0.001621542608503686
2529,0.8226634841307494,0.0013290545945955866,0.0016155507327518068
2530,0.8220382782462685,0.0013280978765776521,0.001615615612707243
2531,0.8214059165790548,0.0013096649714256846,0.0015944187215988213
2532,0.820791906781816,0.0012758998827291745,0.0015544742488163153
2533,0.8201949721249274,0.0012450075115432355,0.00151794092119063
2534,0.8196052818518671,0.0012282591045712163,0.0014985983274729653
2535,0.819022993019939,0.0012109468911928956,0.0014785261238244812
2536,0.8184595165594242,0.0011788706361829555,0.0014403530197053599
2537,0.8178986988151093,0.0011556119359707128,0.0014129035021633472
2538,0.8173398509312415,0.0011557112135803917,0.0014139910249862705
2539,0.8167884438740007,0.0011379919225847357,0.0013932517423817573
2540,0.8162165567853974,0.001095298578554956,0.0013419215396324481
2541,0.8156429678697112,0.0010574766959842077,0.0012964945909435296
2542,0.8150763513332079,0.00099282910160409,0.0012180811036660978
2543,0.8144994705784712,0.0009468599669131163,0.0011625053190527435
2544,0.8139194102451819,0.000895567875077901,0.0011003151710168991
2545,0.813352552082281,0.00086296736285774,0.0010610003751121689
2546,0.8128031307125816,0.000843784683397061,0.0010381169209539313
2547,0.8122716844576802,0.000840809436698338,0.0010351332599507163
2548,0.8117425885642551,0.0008439480513527584,0.0010396744771584126
2549,0.8112365240328948,0.0008246184706062112,0.0010164957397465178
2550,0.8107515052825025,0.000823378401917997,0.001015574311676541
2551,0.810270073802679,0.0008215272202137436,0.0010138930793262963
2552,0.8097804200063157,0.0008063732173269847,0.000995792436325758
2553,0.8093090110016915,0.0008136067297046793,0.0010053103556794314
2554,0.8088399657815961,0.0008130325394038637,0.0010051834402349496
2555,0.8083854559538896,0.0008251951679990841,0.0010207941792141216
2556,0.8079223892533252,0.0008299854169652178,0.0010273083504125724
2557,0.8074522536059121,0.0008194490549312684,0.0010148575984174682
2558,0.8069807684509769,0.0008177327658998497,0.0010133237344298943
2559,0.8065151009050755,0.0008206089063932609,0.0010174749430883181
2560,0.8060375335081446,0.0008136924932217011,0.0010094970263732504
2561,0.8055537641961138,0.0008235993527979603,0.0010224014701487427
2562,0.8050768903689475,0.0008341315361837071,0.0010360892806169665
2563,0.8045986380925415,0.0008418280150257116,0.0010462707431638581
2564,0.8041383928129511,0.0008611631999438097,0.0010709141705464162
2565,0.8036699006344822,0.0008685002545758696,0.0010806678885077134
2566,0.8032184946904962,0.0008815868874059064,0.0010975679634289395
2567,0.8027629233366035,0.0008942633885285393,0.0011139819273312016
2568,0.8022974521374847,0.0009002093315067561,0.0011220393746838085
2569,0.8018285084066692,0.000879950952535553,0.0010974303648595915
2570,0.801368113517572,0.0008653525369039649,0.0010798439846895528
2571,0.800909409903437,0.0008526268743097175,0.0010645734258666233
2572,0.8004504374803159,0.000826759848769048,0.0010328682577419156
2573,0.7999788795524765,0.0008169090313432424,0.0010211632484600555
2574,0.799502740908036,0.000810925766673628,0.0010142876630449302
2575,0.7990470781322747,0.0008051258632425933,0.0010076075431306594
2576,0.7985609305898576,0.000825385432811682,0.00103359105259759
2577,0.7980603331746605,0.000838519795077241,0.001050697247088618
2578,0.7975362333654981,0.0008412273433283898,0.001054782601886965
2579,0.7970046120908274,0.0008549908298716843,0.0010727551847268969
2580,0.7964713370587849,0.0008680174743964204,0.0010898288915227527
2581,0.7959410525204832,0.0008734511743446586,0.0010973817364724767
2582,0.7954013675789549,0.000854948814534343,0.001074864652466765
2583,0.7948548322699929,0.0008359746554967214,0.0010517324944849314
2584,0.7943074883435293,0.0008155695416832232,0.0010267680383877966
2585,0.7937544210438005,0.0007980156886641356,0.0010053684962343032
2586,0.7932017107626449,0.0008226028137618515,0.0010370663635747056
2587,0.7926501118327101,0.0008554615180904083,0.0010792422852404198
2588,0.7921047564688858,0.000866571542187943,0.0010940112846323784
2589,0.7915472548812581,0.000859474580618581,0.0010858158818926268
2590,0.7909960731480268,0.0008706585534785851,0.0011007116002656188
2591,0.7904227772352282,0.0008701958105652727,0.0011009245123338649
2592,0.7898231199407102,0.0008581098569317238,0.001086458265486252
2593,0.7892216862982104,0.0008577024796615527,0.001086770035025959
2594,0.7885955535373614,0.0008592484844354647,0.0010895933670703305
2595,0.7879665850108436,0.000862060892266938,0.0010940322961221442
2596,0.7873308943257267,0.0008506436002434515,0.0010804143548462507
2597,0.7867078799864865,0.0008398661374845082,0.0010675705161348262
2598,0.7860720477368135,0.0008270294024713314,0.0010521038177765494
2599,0.7854467291760565,0.0008393157980801073,0.0010685839878161567
2600,0.7848086130784133,0.0008487665903343473,0.0010814949991502499
2601,0.7842014005453637,0.0008774317944653219,0.0011188857783920331
2602,0.783591209456172,0.0008788997850871983,0.001121630480894716
2603,0.7829795003060138,0.00090164215883669,0.0011515527015513165
2604,0.7823676269811635,0.0009250878018768336,0.0011824208594192079
2605,0.781742552873739,0.0009449012667099296,0.0012087115678127128
2606,0.7811158122102353,0.0009651005603560822,0.0012355409342249084
2607,0.7805000255893526,0.0009720433349287654,0.0012454110224977624
2608,0.7798732474504743,0.0009942820009201357,0.0012749276939176932
2609,0.7792411259286646,0.0010231737884531353,0.0013130387429613173
2610,0.7786096535527325,0.001052706111426628,0.0013520332128213613
2611,0.7779887906421594,0.001089375591325224,0.0014002458704142037
2612,0.7773859600698049,0.0011023633504394829,0.0014180386668425256
2613,0.7768172500346092,0.001097868658666452,0.0014132907818634808
2614,0.776249610030631,0.001092154156351488,0.0014069625829614156
2615,0.7756673319629126,0.0010787517170771134,0.0013907401699478719
2616,0.7750816066588536,0.0010890460266411092,0.0014050727269037681
2617,0.7745145906093084,0.001089333216204818,0.0014064721690366642
2618,0.7739392311364982,0.0010813285898826606,0.0013971750576524898
2619,0.7733622106353268,0.001073115679934871,0.0013875977713642006
2620,0.7727652071716617,0.0010670337232690508,0.001380799385591412
2621,0.7721559947785248,0.0010397423281448689,0.0013465443966968035
2622,0.7715507599000555,0.0010031275780516835,0.0013001446310306607
2623,0.7709486418782406,0.0009673620592003938,0.0012547684847639613
2624,0.7703383479803413,0.0009563407315127916,0.0012414554384058744
2625,0.7697344635457937,0.0009475966089936279,0.0012310694841809596
2626,0.7691221579180396,0.0009433963194110945,0.0012265884030240436
2627,0.7685105878764243,0.0009300602744736638,0.0012102114000063931
2628,0.7678892115063263,0.0009308187514140603,0.0012121784464039077
2629,0.767274869488387,0.0009250783677720489,0.0012056674922624327
2630,0.7666464286996713,0.0009222055685642206,0.001202908582158789
2631,0.766031669438185,0.0009157658297566987,0.0011954673237313154
2632,0.7654076714586717,0.0008979329158591053,0.0011731433448372347
2633,0.7647847054619505,0.0008813480047097066,0.0011524132195836064
2634,0.7641493210124066,0.0008832795304750421,0.0011558991236225954
2635,0.7635180181964276,0.0008867817458880937,0.0011614418058958687
2636,0.7628801325800858,0.000889124249741399,0.0011654835560264906
2637,0.7622366708686937,0.0008916585194758873,0.0011697922096291905
2638,0.7615908008966332,0.0009093334057544644,0.0011939921079454892
2639,0.760951564029784,0.000931100069423418,0.0012235996526409325
2640,0.7602997575030577,0.0009355458307719241,0.0012304960267834383
2641,0.7596558013701113,0.0009367485507853142,0.0012331223550136777
2642,0.7590224756916318,0.0009379786469103103,0.0012357718999764942
2643,0.7583918700142485,0.000942057797668678,0.0012421781336487414
2644,0.757770272580151,0.0009465967772854164,0.001249187005003938
2645,0.7571669813453195,0.0009455950253264927,0.0012488592987063144
2646,0.756567295901643,0.0009768656730746218,0.001291181469733551
2647,0.7559633276185672,0.0009843267758032636,0.001302082706715531
2648,0.7553586125070202,0.0009975081267147787,0.0013205755652988043
2649,0.7547924321964793,0.0010167332505472168,0.0013470368901135881
2650,0.7542298000464999,0.0010420549612354445,0.0013816146765497726
2651,0.7536795248783801,0.0010611120520780117,0.0014079088220543625
2652,0.7531306337548245,0.0010813916616474483,0.0014358620047840022
2653,0.7525943295712638,0.0010972857017430035,0.0014580042110709267
2654,0.7520599903635634,0.0011001047941044467,0.0014627886181960434
2655,0.751549954546121,0.0011066773037630932,0.0014725266059412406
2656,0.7510456722815031,0.0011132203193802035,0.0014822271939847515
2657,0.7505478221654618,0.0011191592057946149,0.0014911231140017763
2658,0.750051773147158,0.0011285233269846555,0.00150459390589727
2659,0.7495670623480792,0.0011389009447883432,0.0015194116737475686
2660,0.7490950878473154,0.0011442510490656912,0.001527511083210999
2661,0.7486194964418814,0.0011523306583309258,0.0015392741757432793
2662,0.7481408607877966,0.0011541810416394946,0.0015427322609062354
2663,0.74765980388079,0.0011689476449257476,0.0015634753117102567
2664,0.7471664590769752,0.0011516054709991264,0.0015412970657459407
2665,0.7466847771215918,0.0011382617232496845,0.0015244206901305656
2666,0.7461840189114142,0.0011174060407634938,0.001497493932386336
2667,0.7457042033387128,0.0011084551905814375,0.0014864542611113009
2668,0.7452191630862417,0.0011030659600069312,0.0014801900093909383
2669,0.7447231512020915,0.0011036832700351787,0.0014820047802376942
2670,0.7442552206080765,0.00110040346834234,0.001478529727266516
2671,0.7437904896820766,0.0010996014763939828,0.0014783752839646993
2672,0.7433366215718282,0.001089605636025875,0.0014658306942039812
2673,0.7429004425547341,0.001077193478518256,0.0014499836274345637
2674,0.7424773241606349,0.0010561726226125422,0.0014224981534709325
2675,0.7420679019964986,0.0010328473255501157,0.0013918501565305394
2676,0.7416629435054942,0.000997081776701898,0.0013443866724541453
2677,0.741277920699783,0.000992114775885058,0.0013383843605492515
2678,0.740873788281068,0.0009776089778934258,0.0013195351129395695
2679,0.7404666234970325,0.0009558161353021816,0.001290829464788175
2680,0.7400632575367935,0.0009437418285666171,0.0012752177857170506
2681,0.73967524507884,0.0009231417292189154,0.0012480365340880378
2682,0.7392922401173563,0.0009124849295151792,0.001234268236564109
2683,0.7389088205861553,0.0009140913937257937,0.001237082801367388
2684,0.7385368107954193,0.0009178440174666972,0.0012427870947666919
2685,0.7381688897847489,0.0009222563928648902,0.0012493839900701064
2686,0.7378381052567272,0.0009597787376741064,0.001300798550300077
2687,0.7375134829290595,0.001017914506139013,0.001380197826480855
2688,0.7372056244638009,0.0010611624148604618,0.0014394388480585558
2689,0.7368910368827379,0.0010821501376721018,0.001468534808416058
2690,0.7365663451522275,0.0011103610962349586,0.0015074827998087237
2691,0.7362324614520357,0.00112890559038984,0.0015333548159006112
2692,0.7358974773216808,0.0011443343789817805,0.0015550187549855684
2693,0.7355473146121999,0.0011583226212271624,0.0015747764939334473
2694,0.7352076956952956,0.001163826269212766,0.0015829897810197976
2695,0.7348879041631793,0.001201181991416033,0.0016345104942009153
2696,0.734548403877532,0.0011758552186388388,0.00160078656822578
2697,0.7342186453414525,0.001186119119371538,0.001615484878921764
2698,0.7339185412223167,0.0012000865360827235,0.0016351767514743798
2699,0.733626549611387,0.00121176707814568,0.0016517492159840333
2700,0.7333044773447958,0.0012222655030663958,0.0016667912726948935
2701,0.732980101443427,0.0012448159277145714,0.0016982942992084065
2702,0.7326540786937004,0.0012676085185972588,0.001730159642129292
2703,0.7323124979317842,0.001264144202063527,0.00172623600666895
2704,0.731976398954773,0.0012546482225921868,0.001714055568436037
2705,0.7316398372079058,0.0012471318299085027,0.0017045707006166102
2706,0.7312982681039129,0.0012400527122967092,0.00169568665260466
2707,0.7309610995697697,0.0012261744996594896,0.0016774825642311107
2708,0.7306404211118984,0.0012349360330890784,0.0016902103926986906
2709,0.7303199167142657,0.0012424665154365574,0.0017012633600716476
2710,0.7299905147359754,0.0012610580760218772,0.0017274992627513515
2711,0.7296623049002102,0.0012782694360371205,0.0017518644274928505
2712,0.7293414989911757,0.001289523589915297,0.0017680655655806842
2713,0.7290219506670115,0.001297459940328241,0.0017797268506677237
2714,0.728694207817407,0.0013167747485508747,0.0018070333679402956
2715,0.7283497224781549,0.001326092682832959,0.0018206812495527957
2716,0.7280074467227273,0.0013344479041591116,0.001833014085455305
2717,0.7276453443017749,0.0013361937162710425,0.0018363255214024782
2718,0.7272872489888382,0.0013302481299918608,0.0018290546573466412
2719,0.7269303817754611,0.001322677445792334,0.0018195379900917267
2720,0.7265653460866485,0.0013213009133116811,0.0018185575742475694
2721,0.7261948767016139,0.0013116873056313516,0.0018062469837146905
2722,0.7258161583417533,0.0013158543774768544,0.0018129306744605147
2723,0.7254277089810843,0.0013062363480529579,0.0018006430301479128
2724,0.7250514303468331,0.0012926392352349814,0.0017828241985766982
2725,0.7246656258711146,0.0012781197394235338,0.0017637372241675138
2726,0.7242640685692351,0.0012569885905145833,0.001735539073473204
2727,0.7238710179141404,0.0012390964200617233,0.0017117640980187643
2728,0.7234775457469622,0.0012239355112925985,0.0016917394582425264
2729,0.7230798344208468,0.00120472728914186,0.0016661055001026138
2730,0.7226835553228093,0.0011983614319065828,0.0016582104616609092
2731,0.7222878075594256,0.0011931042586963163,0.001651840507633316
2732,0.7219046543901839,0.0011882998556449933,0.001646062050463975
2733,0.7215160010191446,0.0011803209373388625,0.0016358901752305615
2734,0.7211288863125229,0.0011737571297257899,0.0016276662216760888
2735,0.7207490766876119,0.0011623305259441394,0.0016126701560075926
2736,0.7203713833403151,0.0011526896115568127,0.0016001324292087592
2737,0.7200028930338078,0.0011385975881557586,0.0015813791849615465
2738,0.719646283735842,0.0011170201914612083,0.0015521794758148557
2739,0.7192753067058121,0.0010866057371880565,0.0015106951775733415
2740,0.7189124675037117,0.001087511502442749,0.0015127175443471277
2741,0.7185383517459638,0.0010562198378334005,0.0014699561064025466
2742,0.7181764545479122,0.0010665325777688066,0.0014850564523730904
2743,0.7177969671219253,0.0010639966495037132,0.001482308644699222
2744,0.7174125687840927,0.0010271458777974254,0.001431736663797631
2745,0.7170388939271813,0.001010549426427042,0.0014093369759795317
2746,0.7166679823523494,0.0009947161301827772,0.0013879734475060247
2747,0.7163104347790821,0.0009810461086267577,0.0013695823221245172
2748,0.7159337237912498,0.0009691519262601339,0.0013536894464587577
2749,0.7155644120523906,0.0009536369924050115,0.0013327060098891421
2750,0.7151979187548801,0.0009330208877012949,0.0013045632030440363
2751,0.7148433036531163,0.000909213137196129,0.0012719055106898396
2752,0.7144698171565975,0.0008971036706411524,0.0012556215099629956
2753,0.714096348869593,0.0008860292992756678,0.0012407699614740266
2754,0.7137148902595725,0.000880757705590467,0.001234046980959221
2755,0.713337673690531,0.0008740653000477145,0.0012253177313987097
2756,0.712967870351458,0.0008652318366722518,0.001213563573693349
2757,0.7126124518489917,0.0008536938400578852,0.0011979777196466808
2758,0.7122479090488062,0.000851868177226924,0.0011960276280271263
2759,0.7118853296293925,0.0008562035750764742,0.001202726814896177
2760,0.7115264306718914,0.0008653243387837062,0.0012161520661524605
2761,0.7111702467235206,0.0008803954796927669,0.0012379531958049356
2762,0.7108125852558134,0.0009186202537291905,0.001292352263851082
2763,0.7104531903846592,0.0009613921186897846,0.0013532096578653691
2764,0.7100625870565016,0.0009862270704508662,0.0013889297766541662
2765,0.7096833658574102,0.0009994998792053678,0.0014083743924275486
2766,0.7093049696842018,0.0010592325822704075,0.001493338729519971
2767,0.7089387617915583,0.0010825551656032154,0.0015270080068234546
2768,0.7085574419712138,0.0011224884090510554,0.0015841882994387605
2769,0.7081722420320892,0.0011607128655761795,0.0016390262095638372
2770,0.7077836064484616,0.0011875553152997508,0.0016778508353120843
2771,0.7073972327828815,0.0011914766400976053,0.0016843105752765933
2772,0.7070068164673352,0.0011821043979723944,0.0016719844426379862
2773,0.7066193571619304,0.001181980464571735,0.0016727258496272272
2774,0.7062348791951113,0.001179321867698899,0.001669872024790053
2775,0.7058396457427101,0.0011878949789240437,0.0016829530419392885
2776,0.7054367414663987,0.001174544036418681,0.001664988463709934
2777,0.7050413394018344,0.0011882502782898186,0.0016853625622831484
2778,0.7046449906082508,0.0012008914318604323,0.0017042502932204495
2779,0.7042575199820419,0.0012117309572630918,0.001720579366044952
2780,0.7038684443783595,0.0012232374483339792,0.0017378779487895845
2781,0.7034999593733705,0.0012293745112640054,0.0017475118440078488
2782,0.7031276153868262,0.001240032431449242,0.0017635951203069122
2783,0.7027651812857822,0.0012443045415764262,0.0017705836525649167
2784,0.7024330148616114,0.0012351749965503556,0.0017584238929796053
2785,0.7021101965941602,0.001212556024669336,0.0017270166856303728
2786,0.7017914878368139,0.0011942308139268041,0.0017016889412664066
2787,0.701482602445173,0.0011841502859429981,0.0016880679318565849
2788,0.7011673390265059,0.0011707676486429743,0.0016697407073587556
2789,0.700851091588384,0.0011683401483043318,0.0016670305038070886
2790,0.7005348182823244,0.0011758185914426621,0.0016784584588182344
2791,0.7002228068824083,0.0011860824165984144,0.0016938643028198291
2792,0.6999097980406981,0.0011948294335585965,0.0017071191700749988
2793,0.6995903028833286,0.0012048412509794266,0.0017222097647919504
2794,0.6992700568415364,0.0012231064511197636,0.0017491188692452982
2795,0.6989551004728211,0.0012413213544761122,0.0017759672311374471
2796,0.6986444072902339,0.0012591262292793231,0.0018022419075291493
2797,0.6983482270105853,0.0012729584472593893,0.001822813315798816
2798,0.698053073760975,0.0012911721175236414,0.0018496761436305345
2799,0.6977642982538506,0.0013086223671082311,0.0018754504499342369
2800,0.6974660356480339,0.0013384687276614712,0.0019190450276447726
2801,0.6971640223508017,0.0013503927439170807,0.0019369799654371505
2802,0.6968683923460632,0.0013656047276256332,0.001959630746098579
2803,0.6965788213452946,0.001378027126106656,0.001978278816236888
2804,0.6962953092858462,0.0013883082286691552,0.0019938497504644556
2805,0.696017856105068,0.0013971546587579452,0.0020073546195732033
2806,0.695720022173417,0.0014066195753955927,0.002021818447888474
2807,0.6954213993126201,0.0014243529903827932,0.0020481868860962225
2808,0.6951477505997941,0.00141730319244661,0.0020388517278862213
2809,0.6948839483950048,0.0014104384009178427,0.002029746699683561
2810,0.694630669703856,0.001415039404489376,0.002037110462013798
2811,0.6943815380667347,0.001431316151015842,0.0020612819790699604
2812,0.6941285233722223,0.0014198521024361597,0.0020455175873456684
2813,0.6938901784405966,0.0014068876125018764,0.0020275364261007752
2814,0.6936563122956304,0.001393616049630285,0.0020090872452643922
2815,0.6934272934906438,0.0013800110894532762,0.0019901309083270114
2816,0.693193624893216,0.0013583026644739885,0.0019594852227373416
2817,0.6929634965197338,0.0013563199962565318,0.001957274810388093
2818,0.6927230903873831,0.001338203818310259,0.0019318019521507672
2819,0.692485931151477,0.0013180828141598506,0.0019034073543820894
2820,0.6922537728382452,0.0012971154539591452,0.0018737571463727284
2821,0.6920269600902393,0.0012753594742571663,0.0018429332205364675
2822,0.6918150253739531,0.001251346662466955,0.001808787922451602
2823,0.6915860423724334,0.0012464531232250697,0.0018023109878695744
2824,0.6913618265644969,0.0012591650850178255,0.0018212823396322685
2825,0.6911530193504987,0.0012712633448806474,0.0018393370343303993
2826,0.6909324547200903,0.0012758829023489086,0.0018466101767730574
2827,0.690717006649863,0.0012825028130507626,0.0018567702846513038
2828,0.6905171704947317,0.0013098076722755432,0.001896850256941636
2829,0.6903185048249505,0.001332126186979809,0.0019297268980462963
2830,0.6901260533185241,0.001357076729664264,0.0019664186319856445
2831,0.6899506549336378,0.0013853547292747475,0.002007904071644075
2832,0.6897933472045156,0.0014136665793037409,0.0020494059344480825
2833,0.6896404341494945,0.0014451779175419293,0.0020955527634109916
2834,0.6894844011197485,0.0014855212833568005,0.0021545393644065887
2835,0.6893242840392176,0.0015251363569354077,0.002212509253262632
2836,0.6891850922779217,0.0015632535431867082,0.002268263722913363
2837,0.6890217778562453,0.0015676187682152809,0.0022751367498029104
2838,0.688852410469622,0.001563631418279366,0.0022699077400532976
2839,0.6886766435381846,0.0015734283074602205,0.002284712749043564
2840,0.6885066059945678,0.0015602775906970155,0.002266176645383306
2841,0.6883395027573378,0.0015482665857078277,0.002249277543284687
2842,0.6881861478130505,0.001542866414705277,0.0022419318081427077
2843,0.6880356374551069,0.001538590329046837,0.002236207320216356
2844,0.6878935898181191,0.0015306406912998193,0.002225112595836988
2845,0.687745030612306,0.0015367894859271332,0.002234533755276886
2846,0.6875829481021306,0.0015159386842013129,0.002204735717175089
2847,0.6874346514013043,0.0015338353573694367,0.0022312453325458396
2848,0.6872744008022327,0.0015263603475866193,0.0022208892777105466
2849,0.687077586531504,0.0015026351259110659,0.0021869948246989817
2850,0.6868743504753233,0.0014836991041763828,0.0021600735318616127
2851,0.686681454928548,0.0014973045378123828,0.00218049362927412
2852,0.6864692441139129,0.001491815957560805,0.002173172316680298
2853,0.6862580035690237,0.0014863770441413844,0.0021659157873732326
2854,0.686064857027267,0.0015071396282093392,0.0021967888498760973
2855,0.6858591136541774,0.001536211301886498,0.002239835078813407
2856,0.6856435985548177,0.0015680168128463826,0.0022869269342722792
2857,0.6854251183557984,0.001607693086356209,0.002345541538093544
2858,0.6852049579145244,0.0016546548134380428,0.002414831933607305
2859,0.6849757444768729,0.0016695213037288962,0.0024373436828831604
2860,0.684758357956498,0.0017037538101808622,0.002488109550448306
2861,0.6845512911297446,0.0017334986869215264,0.00253231380815988
2862,0.6843544584417142,0.0017504810959201925,0.0025578573710268
2863,0.6841595535891299,0.001751674503453572,0.0025603303999253003
2864,0.6839667080577321,0.0017504892193238404,0.0025593193333849893
2865,0.6837800210919094,0.0017577438957094176,0.0025706277479452017
2866,0.6835980492295196,0.0017622597217707588,0.002577918008626552
2867,0.683426121948681,0.001759864270070486,0.002575061463926068
2868,0.6832546113982824,0.0017492115586245696,0.002560116725805631
2869,0.683083178601572,0.0017383115650940052,0.0025448021844905154
2870,0.6828968735522887,0.001730491135827079,0.0025340446015302736
2871,0.6827312971606805,0.0017281151728547467,0.002531179074463955
2872,0.6825603117820462,0.0017222982230740605,0.0025232908994920014
2873,0.6823897959636269,0.0017180729197490024,0.002517729499930242
2874,0.6822002400949843,0.0017198773222182203,0.0025210740500161036
2875,0.6820073662354973,0.0017233892318813998,0.0025269363898429115
2876,0.6818167136576297,0.0017274087669892036,0.0025335383137243123
2877,0.6816386373198096,0.0017481279610008704,0.0025645963495767744
2878,0.6814710256523723,0.00175231744066006,0.0025713748269525715
2879,0.6813041369740886,0.0017561324497038465,0.0025776042657005556
2880,0.6811316442904831,0.0017534536297182312,0.002574324133104633
2881,0.6809608440122774,0.0017506767998650566,0.0025708920200902077
2882,0.6807880183141142,0.0017532690866352446,0.0025753524437415846
2883,0.680614009522159,0.0017809816476733655,0.002616727870358921
2884,0.6804409160863625,0.001809775709306336,0.0026597102944888704
2885,0.6802637492871306,0.0018217094755899055,0.002677945837182903
2886,0.6800826906154295,0.001843854724337348,0.002711221370255406
2887,0.6799085180573157,0.0018854532399048642,0.0027730984240234543
2888,0.6797327431783448,0.00192442566636937,0.002831150456826602
2889,0.6795546770027636,0.0019776094457494954,0.0029101550069111698
2890,0.6793662936550351,0.002016683238149906,0.0029684770307046265
2891,0.6791823268443172,0.0020503689523336003,0.003018878541584295
2892,0.6789927920176917,0.0020774374687837476,0.003059586925231481
2893,0.6788087824882305,0.0021093307894763324,0.003107400557995734
2894,0.6786473965159058,0.002155365533599991,0.0031759725958802444
2895,0.678498971478611,0.0021654825164174585,0.003191578185738964
2896,0.678342158556893,0.002173741599943815,0.003204491380232417
2897,0.6781798431357183,0.0021769504791670728,0.003209989947653779
2898,0.6780010046212198,0.0021741661154688796,0.003206729932035315
2899,0.6778438203670684,0.002185306706208211,0.0032239088718472287
2900,0.6776881799440417,0.002195706257610196,0.003239994915938331
2901,0.677521436641403,0.0021940909281383822,0.0032384081292171213
2902,0.6773444424161233,0.002191373569455928,0.0032352425623205575
2903,0.6771652897243715,0.002189126941303123,0.003232780791517193
2904,0.676986956028269,0.0021876925307034124,0.0032315135634785564
2905,0.676808358034054,0.0021868843496323795,0.003231172197673045
2906,0.6766254901512546,0.002190777197206211,0.0032377987957806307
2907,0.6764307140087624,0.0022165202753355036,0.0032767883383053938
2908,0.6762216395810273,0.0022328127111754265,0.0033018947937821543
2909,0.6760131272742004,0.0022475531117093373,0.0033247181467789726
2910,0.6758159425864219,0.0022439974682608613,0.003320426948900963
2911,0.675617623640682,0.002241921789397217,0.0033183293492497056
2912,0.6754197108783242,0.0022392525608423224,0.003315349737025546
2913,0.6752009496552592,0.002249855904650499,0.0033321278736340924
2914,0.6749823287249175,0.0022579030767247814,0.003345129169514848
2915,0.6747706679689951,0.0022626985102459133,0.003353285223639688
2916,0.6745597929807646,0.0022659487402393076,0.0033591517962054435
2917,0.6743640705872803,0.0022288557827567037,0.003305122381172636
2918,0.6741572909888278,0.002208616259364998,0.0032761141782290675
2919,0.6739558297548123,0.002175235330761346,0.0032275636395232383
2920,0.6737603086150828,0.0021366982182535028,0.003171303193335171
2921,0.6735656479668972,0.002097216693683201,0.0031136039968984136
2922,0.6733773618938842,0.002055934842559251,0.0030531689345434814
2923,0.6732166960434152,0.002035430987918991,0.003023441040427981
2924,0.6730294613791912,0.0019878989495472803,0.002953658143691988
2925,0.6728383400678858,0.0019443880511359531,0.002889829451365353
2926,0.6726492125337,0.0019000274348503847,0.0028246928702903855
2927,0.6724735476325789,0.0018706421706920294,0.0027817334633868703
2928,0.6722740617805953,0.0018492937741861387,0.002750803398971055
2929,0.6720770723232015,0.0018254190976848025,0.0027160859562948454
2930,0.6718841064799548,0.0017987020136138719,0.002677101595746014
2931,0.6716900726172109,0.0017708315098829228,0.0026363818404862758
2932,0.671495165619163,0.001745489286562887,0.002599407078312217
2933,0.6713192069637562,0.0016992835490319332,0.0025312601388502737
2934,0.6711467197868511,0.0016541596026177084,0.0024646765809166905
2935,0.6709539276780221,0.001637618765929654,0.002440732065757451
2936,0.6707578097859691,0.0016223778156359695,0.0024187237061818944
2937,0.6705638395156496,0.0016093530075021612,0.0023999996908043867
2938,0.6703665372875731,0.001604161061330445,0.0023929611221663555
2939,0.6701770401667728,0.0015959219025576288,0.002381343744871483
2940,0.6700003259434151,0.0016115918119983736,0.002405359743264484
2941,0.6698236403094533,0.00163004459069335,0.0024335429396613742
2942,0.6696484924580701,0.0016498017029862428,0.0024636831435703483
2943,0.669475072520872,0.0016707533527851228,0.0024956169712099835
2944,0.6693102786169528,0.0016864800487608274,0.002519728297383585
2945,0.6691529840558526,0.0016983036294490638,0.0025379900709032936
2946,0.6690033897734116,0.0017055819712121047,0.0025494369644222248
2947,0.6688507487644981,0.001718780321242918,0.0025697516589730236
2948,0.6686863792462698,0.0017179128898498319,0.0025690861114686225
2949,0.6685282341715783,0.001708496618075257,0.0025556087697513313
2950,0.668373183171353,0.0017025412405076463,0.002547291368617284
2951,0.6682327379709893,0.001688547257459214,0.0025268849631436656
2952,0.6680965071335204,0.0016771678832310124,0.002510367686888426
2953,0.6679481479709107,0.0016541246431867973,0.0024764267229599904
2954,0.6678250859918243,0.0016405505337387096,0.002456557215580239
2955,0.6676783269526767,0.0016228734826660202,0.0024306217787132775
2956,0.6675305429446278,0.0016117355615742992,0.002414474631324838
2957,0.667386164297113,0.001601718854576138,0.0023999881032341426
2958,0.6672466871653677,0.0015920121302592115,0.002385942352179343
2959,0.66709682216007,0.001577743562970636,0.0023650893102171847
2960,0.6669455659745589,0.0015671818641455643,0.002349789764109993
2961,0.6667972034354405,0.0015549686649997058,0.0023319963805910867
2962,0.6666385442943582,0.001549089601915697,0.0023237324261761966
2963,0.6664875820410288,0.0015668056823417108,0.0023508400224706042
2964,0.6663392359377907,0.0015840493600033335,0.0023772416129360574
2965,0.6661936590583932,0.0016008061689336108,0.0024029141484117563
2966,0.6660352485031191,0.0016049444097528279,0.0024096989061162455
2967,0.6659007099064376,0.0016161276539468355,0.002426979923439201
2968,0.6657638217323796,0.0016330715952368562,0.00245292931506469
2969,0.6656146375456793,0.0016382925185874644,0.002461322852857233
2970,0.6654873325146706,0.0016733948594366862,0.0025145405144128665
2971,0.6653691609856616,0.0017027100927251206,0.0025590457035952305
2972,0.6652546232078809,0.0017324254703987622,0.002604153973474016
2973,0.66513255424506,0.0017733581763873288,0.0026661725772844317
2974,0.6650193572644805,0.001808910696330087,0.002720087282528044
2975,0.6649099632762234,0.0018109705051536319,0.0027236326798750357
2976,0.6647927752266213,0.0018221126704648322,0.0027408731538090076
2977,0.6647003701362261,0.001844202409943214,0.002774486810598972
2978,0.6646057714161285,0.0018724871619423486,0.0028174404172754785
2979,0.6644887049716068,0.0018483161039524025,0.0027815613570608094
2980,0.6643866263209316,0.001813508919842386,0.0027295987727579143
2981,0.6643035229568846,0.001778786220787663,0.0026776709129436786
2982,0.6642129009526906,0.001741638672853536,0.0026221090712864464
2983,0.6641139995306063,0.0017153464212930575,0.002582909594595896
2984,0.6640346670979922,0.0017217873845538647,0.002592917915081953
2985,0.6639667775907993,0.0017157836193173511,0.0025841407691256256
2986,0.663906467586182,0.001708301406494376,0.0025731055350392724
2987,0.6638271044287497,0.001714311831607612,0.002582467362616727
2988,0.6637434162759754,0.0017188200995294695,0.0025895851580316205
2989,0.663670392924292,0.001717665798001249,0.0025881308196268916
2990,0.6635983218088921,0.0017159971690129153,0.002585897390962813
2991,0.6635123691124045,0.001732370840883381,0.002610909640163623
2992,0.663427925170175,0.0017486696357498477,0.002635809512090253
2993,0.6633181506343164,0.0017627130005285437,0.002657417106471307
2994,0.6632105003898323,0.0017774668644278241,0.002680094575376953
2995,0.6630981099986009,0.0017991023196615038,0.0027131766665196796
2996,0.6629920530535288,0.0018143861538270603,0.0027366635021801233
2997,0.6628937549897246,0.001827789265785317,0.002757288407119855
2998,0.6627976797577385,0.0018379776483519563,0.002773059871036003
2999,0.662707828568805,0.001847566217691004,0.002787904621077194
3000,0.6626213911238092,0.001861162685385316,0.002808787507189852
3001,0.6625371745728691,0.001875756850082004,0.0028311722301337812
3002,0.6624724763288714,0.001883456686533913,0.002843071604983794
3003,0.662413516244886,0.0018907024696936286,0.002854263120130326
3004,0.662357784427822,0.0018974494246209123,0.002864689551825868
3005,0.6623092670387314,0.0019038003472510538,0.0028744884633174262
3006,0.6622681708923668,0.0019223143216610655,0.0029026222399769898
3007,0.6622349983887091,0.0019401927164791964,0.002929764692593867
3008,0.662204612378067,0.001958672041834038,0.0029578048917541957
3009,0.6621771707933106,0.001977862768119471,0.002986908723763347
3010,0.6621365802201679,0.0020016345358592974,0.0030229934361785775
3011,0.6620936535756341,0.001996538328379581,0.0030154923213616134
3012,0.6620477661238187,0.0019787668993441463,0.0029888582072098856
3013,0.6619891139896994,0.001965645459107663,0.002969301786944866
3014,0.6619313063126624,0.001962849819163563,0.002965337642206053
3015,0.661874397007814,0.001959556132803917,0.0029606163067534136
3016,0.6618195027748266,0.0019399774286250307,0.002931278725530512
3017,0.661762149635592,0.0019306949590649264,0.0029175058744718005
3018,0.6616964780634629,0.0019183156331191507,0.0028990869631546783
3019,0.6616318543068216,0.0019131803395631862,0.0028916085691907726
3020,0.6615584900539492,0.0019049040166225241,0.002879418895322743
3021,0.6615105630421614,0.0018844133627024012,0.002848651961106021
3022,0.6614531309880125,0.0018510311006462398,0.002798431232582352
3023,0.66140044891726,0.001817700399290382,0.00274826000234205
3024,0.6613473466810931,0.0017985680935225963,0.0027195513863456687
3025,0.6613151416281076,0.001758174666173161,0.002658603373037352
3026,0.6612841511378282,0.0017234600707038024,0.0026062322342647374
3027,0.6612545129048698,0.0016892414916356985,0.002554601078206506
3028,0.6611884242731214,0.001614249215782559,0.0024414359908934984
3029,0.6611037303426993,0.0015634721784173178,0.0023649423027863625
3030,0.6610314712638017,0.0015459532404627672,0.0023386983943549863
3031,0.6609676090897361,0.0015377017073088424,0.0023264403371089804
3032,0.6609055760978257,0.001535223121476633,0.0023229084108217493
3033,0.6608497366580449,0.0015199108730332258,0.0022999341434552165
3034,0.6607835480496004,0.0014992007647337314,0.0022688227773812507
3035,0.6607242830282511,0.0014810957334336265,0.0022416244891824235
3036,0.6606719600864056,0.0014813670201923644,0.002242212640594925
3037,0.6606214408146494,0.0014817650327310521,0.0022429865898748375
3038,0.6605619636302824,0.0014525845700629394,0.0021990133402170174
3039,0.6605002831588684,0.0014265119136271495,0.0021597445905773126
3040,0.6604334138032837,0.0013769186035549497,0.002084871199392522
3041,0.6603792417434893,0.0013456897570004722,0.0020377529636571735
3042,0.6603118330964024,0.0012960529441536177,0.0019627892144171225
3043,0.660251380107356,0.0012445357177129997,0.001884942243529487
3044,0.6601871017095736,0.001191036134957215,0.0018040887679765213
3045,0.6601229123182297,0.0011365615712762994,0.0017217423453533905
3046,0.6600443243986847,0.0011129530055137998,0.0016861791918712811
3047,0.6599655756527809,0.0010901795484167154,0.001651873353149373
3048,0.6599028935887316,0.0010506417512271687,0.0015921156907094207
3049,0.6598292763840908,0.0010306111752036427,0.0015619361130070823
3050,0.6597663032249286,0.0009956428940824543,0.0015090841851361089
3051,0.6596914146363323,0.0009624190732786863,0.0014588928276552432
3052,0.6596156350447863,0.0009309713209428358,0.0014113845571286758
3053,0.6595443276947558,0.000903738411671224,0.0013702466592806235
3054,0.6594666128071724,0.0008759633165256924,0.0013282906208048222
3055,0.6593935148085205,0.0008488209589783881,0.0012872752611539939
3056,0.6593247438469325,0.0008234897064234974,0.001248989536808097
3057,0.6592639998316641,0.0008182743996168399,0.0012411938158700874
3058,0.6592048356486992,0.0007757882254575939,0.0011768545731224336
3059,0.6591534710878089,0.0007268316069010531,0.0011026743221143238
3060,0.6591070471733291,0.0006809931224470583,0.0010332056459835934
3061,0.6590487316610587,0.0006553429377520066,0.000994377056307032
3062,0.658987848897464,0.0006329030524868232,0.0009604168780133313
3063,0.6589258979853377,0.0006112240672910924,0.0009276066840898295
3064,0.658874606532539,0.0005714559401992152,0.0008673212391757176
3065,0.6588238841554545,0.0005329267595304092,0.0008089062530171738
3066,0.6587641964619964,0.0004808455368206123,0.0007299205685480085
3067,0.658699201227478,0.000442403809228795,0.0006716325272664379
3068,0.6586226496965603,0.0004017303679081132,0.0006099552878923886
3069,0.6585413703795693,0.0003717565378645042,0.0005645150852864895
3070,0.6584649390825948,0.0003408306089600516,0.0005176139058138969
3071,0.6583877721277294,0.0003126475134944779,0.0004748683476974163
3072,0.6583191806912313,0.00027592672717330216,0.0004191382163338773
3073,0.65824372754605,0.00024035541246990335,0.00036514652918297403
3074,0.6581350593815776,0.0002452955603471394,0.0003727131032612569
3075,0.6580400251597973,0.00023109625340261516,0.0003511887492656638
3076,0.6579503729924266,0.00022076450804340645,0.00033553367716678467
3077,0.6578661746228197,0.00021676447647006478,0.0003294963091761699
3078,0.6577765465729399,0.00021193422399116936,0.0003221979030650468
3079,0.6577055439970809,0.00020057359712838068,0.00030495956581030566
3080,0.657636106390259,0.00020134109782454763,0.00030615882532621525
3081,0.6575683210479771,0.00021521176393811886,0.0003272842639303737
3082,0.6575237840229275,0.0002488528226798589,0.0003784696899590502
3083,0.6574803702139664,0.00029490851456748896,0.00044854345152770984
3084,0.6574198641072604,0.0003177339973853668,0.00048330452840336955
3085,0.6573595044251184,0.00033941617867386725,0.0005163326557067086
3086,0.6572993820893626,0.00035951015813608735,0.0005469503972349855
3087,0.657250178186938,0.0003628144934149661,0.0005520188589614544
3088,0.657190087757722,0.00037988534463548465,0.0005780448483811158
3089,0.6571411072102017,0.00038053224532613104,0.0005790723501404837
3090,0.657092021749378,0.00038043636428969254,0.0005789696902373821
3091,0.6570260970456886,0.0003947229588402267,0.000600772116381822
3092,0.6569591753093067,0.00041135869980998835,0.0006261556505643052
3093,0.6568913427769382,0.0004301874730041963,0.0006548837608144211
3094,0.6568187473368196,0.000431607230080265,0.0006571177083941164
3095,0.6567347196518096,0.0004323065213383602,0.0006582665852774806
3096,0.6566238550622836,0.0004245610319358772,0.0006465817966598331
3097,0.6565087930352911,0.0004225678063262313,0.0006436590199691597
3098,0.6564005305878936,0.0004245353821970882,0.0006467627041935211
3099,0.6562867546691704,0.00043037001544156444,0.0006557652007749432
3100,0.6561852996960026,0.0004070452918905041,0.0006203206504002451
3101,0.6560857573423706,0.00038604097802341744,0.0005884001804690397
3102,0.6559881801731601,0.00036797087929419335,0.000560941325493183
3103,0.6559124066768964,0.0003761136411520407,0.0005734205319542231
3104,0.6558232383452237,0.00035930720865201733,0.0005478720296014868
3105,0.6557246381937196,0.00039187596176789663,0.0005976227503779191
3106,0.6556383700788634,0.0003827266078343592,0.0005837465061544873
3107,0.6555762279008437,0.00038825901305687715,0.0005922408356692298
3108,0.6555200291331907,0.0003897265071378228,0.0005945302810246197
3109,0.6554563757439761,0.00039181902609226524,0.0005977804787504445
3110,0.6554097299540792,0.00039824467247133384,0.0006076270373636909
3111,0.6553699484600517,0.00040194236085457075,0.0006133060598811868
3112,0.6553093299040725,0.0004325510184484466,0.0006600715093004483
3113,0.6552550200109858,0.00046444140218233985,0.0007087948783277588
3114,0.6551965005642536,0.0005004677443341106,0.0007638437383336282
3115,0.6551408227128659,0.0005416497108389967,0.0008267683711054441
3116,0.6550813503299342,0.0005874158886158996,0.0008967067804938201
3117,0.6550459453535511,0.0006085451780657179,0.0009290114416894298
3118,0.6549921934043531,0.0006589309693060298,0.001006013469994512
3119,0.6549455523921204,0.0007128643427519258,0.0010884329852279522
3120,0.6549123400647519,0.000740617942298391,0.0011308657617066205
3121,0.6548709644754374,0.0007370170538658127,0.0011254385884342509
3122,0.654831267990013,0.0007324121710609287,0.0011184746466201105
3123,0.6547876659739292,0.0007248936791197918,0.0011070667894172792
3124,0.6547458843118171,0.0007161330119520091,0.0010937571798633207
3125,0.654711289831347,0.0007051371627489506,0.001077020014318973
3126,0.654678294138799,0.0006933293932131036,0.0010590383084643862
3127,0.6546413088404535,0.0006813377871824033,0.001040780314320886
3128,0.6545947444994001,0.0006670702637115088,0.0010190583858439763
3129,0.6545496162372813,0.0006519281991922463,0.0009959950827561335
3130,0.6545161561379391,0.0006649133256349301,0.0010158852755573534
3131,0.6544856115766011,0.0006815606254401576,0.0010413683866912443
3132,0.6544426208726912,0.0007239317117671087,0.0011061805705773788
3133,0.6544175665043382,0.0007681996518791666,0.001173867712602232
3134,0.6543907738668484,0.0008088307135826531,0.001236005680219491
3135,0.654358792871349,0.0008179552694274116,0.0012500103587485935
3136,0.654326162649197,0.0008279461206681392,0.0012653416108504665
3137,0.6542780992625985,0.000851174615892636,0.0013009370432113638
3138,0.6542297683628767,0.000875452495225182,0.001338142251484346
3139,0.6541868295431599,0.0008932845827161897,0.0013654884849026991
3140,0.6541342178642557,0.0009178491733944873,0.0014031511398245751
3141,0.654081211120667,0.0009438217794596722,0.0014429733852812858
3142,0.6540377193616055,0.0009634955513606473,0.0014731498242962166
3143,0.6539945618937448,0.0009833251767731406,0.0015035678185545867
3144,0.6539686263108943,0.0009817004610637222,0.0015011430542189732
3145,0.6539481584943514,0.0009731468162149046,0.0014881100337608953
3146,0.6539304341614083,0.0009634673435642595,0.0014733483765743327
3147,0.6539142022806665,0.0009581199026577191,0.0014652073610208643
3148,0.6538938805019511,0.0009522914820140245,0.0014563394924005304
3149,0.6538748308948104,0.0009480032729367982,0.0014498237707658527
3150,0.6538514627854612,0.0009435679427986372,0.0014430921952502175
3151,0.6538291334410918,0.000941325581184289,0.0014397118957212996
3152,0.6538092241079052,0.0009406440515850772,0.0014387133385408348
3153,0.653777525238987,0.0009537337071898705,0.0014588046703520974
3154,0.6537416344644319,0.0009603417908170444,0.0014689928561820759
3155,0.6537136973725632,0.0009712221897061569,0.0014856996168349213
3156,0.6536809005726625,0.0009863886468127869,0.001508975780000078
3157,0.6536471210713805,0.0009877983492807695,0.0015112104336383952
3158,0.6536124240526773,0.0009894433942120755,0.0015138075070193775
3159,0.6535768622446826,0.000991333161028119,0.0015167812973418712
3160,0.6535391693139496,0.0009942463163085875,0.00152132628462391
3161,0.6535121252598712,0.0009914086777916724,0.001517047105128211
3162,0.6534703026816345,0.0010009844410181867,0.0015317979055979507
3163,0.6534275891777741,0.0010125205891142626,0.0015495528592362393
3164,0.6533871343328984,0.0010219159679375445,0.001564028298446541
3165,0.6533426384879231,0.0010286235712969783,0.0015744014100741905
3166,0.6532998024611943,0.0010343291800095956,0.00158323816433579
3167,0.6532530079871538,0.0010468841285227013,0.0016025706972990902
3168,0.6532115659744895,0.0010534424540834626,0.001612712494629349
3169,0.6531712723120378,0.0010598496478044165,0.0016226213440968626
3170,0.6531281950031287,0.001071989345325249,0.0016413153704382857
3171,0.6530919135496964,0.0010857949908950114,0.001662545452436365
3172,0.6530416161813535,0.0011233906956597268,0.0017202436534270653
3173,0.6529915825004335,0.0011529234776296027,0.0017656023577131443
3174,0.6529410704858324,0.0011834798038260837,0.0018125369306995723
3175,0.6528901466223292,0.001196670106917208,0.0018328812482591098
3176,0.6528387702774676,0.0012280133619802693,0.0018810362035611683
3177,0.6527817107557089,0.0012572589287706177,0.0019260020739783302
3178,0.6527338845766949,0.0012780832148898205,0.0019580463724794546
3179,0.6527079920587304,0.0013300144076254204,0.0020376867202596565
3180,0.6526981617548914,0.0013680227741958116,0.002095950095090887
3181,0.6526783513186618,0.0013704993629818766,0.002099808213667482
3182,0.6526550868229674,0.001374079547231556,0.002105368631876265
3183,0.65263274822232,0.0013695782118839951,0.0020985435003292954
3184,0.6526113709185292,0.0013727925785689452,0.002103537633180961
3185,0.6525909951957088,0.0013761039558901438,0.0021086775116739955
3186,0.6525659990619314,0.001379981706286291,0.0021147005946831818
3187,0.6525404253881841,0.001381680368449045,0.002117386624172915
3188,0.6525157271357765,0.0013837300899575305,0.0021206080289151432
3189,0.6524975759615977,0.0013961377847068828,0.002139682714758547
3190,0.6524807589226869,0.0014094241578131018,0.002160100721039202
3191,0.652465327523069,0.0014235551830432175,0.0021818097038924806
3192,0.6524513332667696,0.0014384964124307224,0.002204756644803361
3193,0.6524388276578142,0.0014542131845416304,0.0022288881698872835
3194,0.6524331572827897,0.0014692367080956594,0.0022519344574923796
3195,0.6524392496812832,0.0015031588140795777,0.0023039061718219305
3196,0.6524459208539533,0.001536238199353125,0.0023545831926459456
3197,0.6524476250376352,0.0015654031576535056,0.002399277884662709
3198,0.6524509943773187,0.0015931697766159334,0.0024418228960420407
3199,0.6524591626819509,0.001632097474183835,0.0025014553669153094
3200,0.6524824416564693,0.0016693439001191517,0.0025584503023271515
3201,0.6524878158010672,0.0017115276933617717,0.002623079928719448
3202,0.6525021217674494,0.0017592639155981477,0.002696181141653278
3203,0.6525040121090179,0.0017976087379935864,0.0027549389806560283
3204,0.6524886154392504,0.0018299617010847252,0.0028045879388298735
3205,0.652488664411432,0.0018652967222745206,0.0028587419583098574
3206,0.6524728553170986,0.001901244515010482,0.002913905918869968
3207,0.6524546260850529,0.0019412211497715876,0.0029752584657412383
3208,0.6524344914467302,0.0019652959324310123,0.003012250207791895
3209,0.6524125928431863,0.0019733127193329605,0.003024639225207698
3210,0.6523733825847243,0.001960989428518371,0.003005931083130443
3211,0.6523290738665876,0.0019520478474393387,0.0029924280944107757
3212,0.6523033010799979,0.0019705974650866217,0.0030209834318237635
3213,0.6522764560918656,0.001989366880324253,0.0030498830085691053
3214,0.6522380827232507,0.002001916017936367,0.0030693025613866133
3215,0.6522010706126936,0.002008820242245619,0.003080062779348835
3216,0.6521629873616102,0.002016484689620129,0.0030919949900530498
3217,0.652128129191859,0.0020202483315982923,0.0030979315891523614
3218,0.6520882348610799,0.0020293628078842606,0.003112098485133064
3219,0.6520500019598927,0.002031281539214179,0.003115223576579519
3220,0.6520149219620308,0.002035889129498586,0.003122457877761796
3221,0.6519721395591704,0.002045773901502542,0.0031378241145178193
3222,0.6519244185972235,0.002062783783277303,0.003164145604050071
3223,0.6518753872221433,0.0020899758174132035,0.003206097144301278
3224,0.651824502822451,0.0021169304256620338,0.0032476999813532016
3225,0.651781675374105,0.0021392654080596494,0.003282180964709953
3226,0.6517394963135272,0.002159797573835449,0.0033138970187506513
3227,0.6517023152503928,0.0021830475028160757,0.0033497617727156906
3228,0.6516641697580704,0.0022160125954537296,0.0034005438664464578
3229,0.6516252148354217,0.0022358964363649657,0.0034312613837843534
3230,0.6515858221213877,0.0022538313241812734,0.0034589938081270805
3231,0.6515407982488627,0.0022648068105130294,0.003476078269542168
3232,0.6514958086973188,0.002273919073010904,0.0034903049914590525
3233,0.6514339708349735,0.002293273174750874,0.0035203463089459063
3234,0.6513909517818841,0.002310446268912072,0.003546942527512597
3235,0.651345678231103,0.0023273895052346345,0.0035732017314604133
3236,0.651277199638948,0.0023223596210437862,0.003565854327974701
3237,0.6512185297420222,0.0023354176010989347,0.0035862271947699363
3238,0.6511564176753646,0.002350127569988982,0.00360915980584045
3239,0.6510923858417048,0.002339144103023714,0.0035926454584471407
3240,0.6510263293635224,0.0023489661999550214,0.0036080970830342516
3241,0.6509734302916275,0.002379383843213046,0.0036551166798729612
3242,0.6509063974737922,0.0023992974334589388,0.003686086728861108
3243,0.6508312411688011,0.002411267973690557,0.003704905083167581
3244,0.6507588974448719,0.0024331364963258734,0.00373892159735241
3245,0.6506893255188562,0.0024504897067967133,0.00376599032855304
3246,0.6506083585097959,0.0024600248039843807,0.0037811146626197875
3247,0.6505650360060213,0.0024622116483090264,0.0037847279088731064
3248,0.6505217651050662,0.002461990261868713,0.00378463933711899
3249,0.650478627190898,0.0024593369184873967,0.0037808112606375417
3250,0.6504357161033151,0.0024568896396689227,0.0037772981692762255
3251,0.6503825710348716,0.002434907393385324,0.003743807878355294
3252,0.6503357656777145,0.0024172309340047817,0.003716896811735069
3253,0.6502990314170172,0.0023902196633996016,0.003675570080723103
3254,0.6502361130009836,0.0023838116477254865,0.0036660708319069947
3255,0.6502002365565245,0.0023660796178630876,0.0036390014719064087
3256,0.6501586998323335,0.0023487715751603767,0.003612612698662789
3257,0.6501277162173181,0.002336147478608172,0.00359336699595079
3258,0.650074659721439,0.00232866736111365,0.0035821537207918522
3259,0.6500221284909984,0.0023165627930861275,0.00356382143245483
3260,0.6499783720424682,0.0022998742365019195,0.00353838579163008
3261,0.6499239829328218,0.002301443703624574,0.003541096749867836
3262,0.649845153694946,0.0023007944453542306,0.0035405272044765953
3263,0.6497658939356598,0.0022998091457064494,0.0035394426933928577
3264,0.6496866191034896,0.0022979970142981863,0.003537085337341902
3265,0.6496130432507724,0.0022875131602042853,0.003521347337419807
3266,0.6495385158247774,0.0022764002358804636,0.0035046424198415913
3267,0.6494661811679391,0.0022376445967476474,0.0034453596840464842
3268,0.6493932222142502,0.002209010047220678,0.003401652452867568
3269,0.6493207642748235,0.0021948949787175863,0.003380293838545108
3270,0.6492555224582411,0.0021709644551718486,0.0033437751086845486
3271,0.649196174988351,0.0021271976375945205,0.0032766638491557505
3272,0.6491317959416818,0.0020910109455319907,0.003221242525177195
3273,0.649066015873841,0.0020666347496662756,0.0031840131806684627
3274,0.6489858974591545,0.002022756533674255,0.0031167958219023737
3275,0.6489217581881386,0.002002138272478616,0.00308533077711681
3276,0.6488565245616299,0.001983297706873998,0.0030566043983512718
3277,0.6487926118941588,0.001979336301512244,0.0030507996935007393
3278,0.648722134085603,0.001953935992562099,0.003011976761539425
3279,0.6486538374586003,0.0019268532152682293,0.002970541610942383
3280,0.6485867257429141,0.0018996504545795122,0.0029289073907634877
3281,0.6485265128655368,0.0018688802026336183,0.0028817329215669327
3282,0.6484679648124887,0.0018379094689035282,0.002834233252270186
3283,0.6484164070993383,0.0018141810752003453,0.002797864235601321
3284,0.6483545683441145,0.0018127851351208502,0.0027959780398411774
3285,0.6482796873901001,0.0018057721767900103,0.0027854831979385974
3286,0.6481933717805597,0.001790767403068254,0.002762705515098206
3287,0.6481221548662817,0.0017786196126409661,0.0027442660296158597
3288,0.648055158715047,0.0017568306345048718,0.0027109276284263926
3289,0.6479993539797085,0.0017514420299101065,0.0027028453333380192
3290,0.6479488026081672,0.0017518822626164307,0.0027037356278221923
3291,0.6478992813272648,0.0017514759913389124,0.0027033152247844714
3292,0.6478481177266606,0.001751968939479743,0.0027042896190352626
3293,0.647798114567091,0.001751768652510391,0.0027041891804224514
3294,0.6477386506521892,0.001767692644342772,0.002729021407882537
3295,0.6476823289613658,0.0017832384204946202,0.0027532608823128634
3296,0.6476195480999186,0.0017882305487552197,0.002761236213455559
3297,0.6475571154595174,0.0017914823760950694,0.0027665241155196067
3298,0.647489820390269,0.0017856897134264416,0.002757865308755174
3299,0.6474272650626446,0.001784382499784477,0.0027561126879817478
3300,0.6473705693053277,0.0017886707419287988,0.0027629781561558527
3301,0.6473154893213009,0.0017900163152985758,0.0027652919555121057
3302,0.6472554048087567,0.001782209359515374,0.0027534870257931027
3303,0.6471879968796264,0.0017665986104490232,0.0027296529276911196
3304,0.6471187510774914,0.001751838636624747,0.0027071362616333263
3305,0.6470545546080796,0.0017256625193596729,0.002666950579468381
3306,0.6469907627679313,0.0017039924121133962,0.0026337198460507235
3307,0.6469319726086958,0.0017047433022619018,0.0026351198803603345
3308,0.6468725566751783,0.0017051301928967648,0.0026359600129905987
3309,0.6467914880401333,0.00169579542088109,0.002621857974692249
3310,0.6467166216477924,0.0016773930722397445,0.0025937064489943906
3311,0.6466489956991163,0.0016655485594370427,0.00257566093895554
3312,0.646576471731532,0.001649149197008559,0.0025505864644164004
3313,0.6465290693418932,0.0016426525540279206,0.002540724975753973
3314,0.6464822117352148,0.0016364229725763016,0.002531273007781605
3315,0.6464310697730061,0.001626527207998682,0.0025161649618262254
3316,0.6463951479423216,0.001610578652979086,0.0024916317180072637
3317,0.6463634138745787,0.0015946308702799573,0.0024670809579413816
3318,0.6463304715197377,0.0015802202059794004,0.0024449105768814794
3319,0.6462856942367889,0.0015884899661663815,0.0024578757975484192
3320,0.6462456624715434,0.001596068028674156,0.00246975433857467
3321,0.64619609502239,0.0015858070199338825,0.0024540646905007
3322,0.6461337205928267,0.0015690299324484908,0.0024283362444060467
3323,0.6460899413784048,0.0015480576035443378,0.0023960404030460903
3324,0.6460383914283258,0.0015473399743711894,0.002395120777497722
3325,0.6459700115214424,0.00153761874153605,0.0023803252691475913
3326,0.6459058643933893,0.0015333314929169067,0.002373924092417019
3327,0.6458631204780929,0.0015368608175999503,0.0023795457100295593
3328,0.6458383412108033,0.0015412386404143883,0.002386415519284452
3329,0.6458000490290281,0.0015304421680710399,0.002369839039764842
3330,0.6457644996000627,0.0015235844345138272,0.0023593499417472147
3331,0.6457405204879747,0.0015365617038363983,0.0023795342789937448
3332,0.6457232713438469,0.0015578055856103942,0.0024124972023516628
3333,0.6457114253041797,0.0015709015414801701,0.002432822898774255
3334,0.6457010536419039,0.0015846136405072747,0.0024540979630893983
3335,0.6456776757592959,0.001606658531187247,0.002488329071154379
3336,0.6456568545551828,0.0016291305979181598,0.0025232142839101876
3337,0.6456386270946042,0.001651828449316243,0.002558441177457934
3338,0.6456244305122754,0.0016696754479804165,0.0025861404387309203
3339,0.6456037271391974,0.0017021546599762822,0.0026365316500245105
3340,0.6455864477306831,0.0017334303345319137,0.002685047588320879
3341,0.6455620590849004,0.0017619027513899818,0.002729253875123208
3342,0.64555113421574,0.0017737661489777685,0.00274767722487648
3343,0.6455490528809734,0.0017864241022508037,0.0027672941262608984
3344,0.645555535501952,0.0017941074881829419,0.0027791683124333104
3345,0.6455460740510153,0.0018177293792639951,0.0028158011524369465
3346,0.6455380808918164,0.0018404442777680446,0.002851023560415607
3347,0.6455230487625176,0.0018532451717231562,0.0028709202177611927
3348,0.6455108331800643,0.0018671625558578267,0.002892534811010653
3349,0.6454987205429601,0.0018791518057814805,0.002911162711834402
3350,0.6454726107925,0.0018844116485894258,0.0029194292942589435
3351,0.6454439596093227,0.00188816111277641,0.002925368011684988
3352,0.6454061004149066,0.001887531264204647,0.002924563717311048
3353,0.6453632975254038,0.0018816008257742198,0.002915568382938841
3354,0.645333421006779,0.001879532245136379,0.0029124979180593764
3355,0.6453171757903979,0.0018807602050032784,0.0029144741153056776
3356,0.6452968038122345,0.001877590188275006,0.00290965363098457
3357,0.6452896972513678,0.0018771742086064371,0.002909041034751246
3358,0.6452889600622054,0.0018775395268944715,0.0029096104894053634
3359,0.6452801594448448,0.0018827200197752618,0.0029176784567419927
3360,0.6452823878907962,0.0018900475400864712,0.002929023905742073
3361,0.6453083027561219,0.0018809619874294032,0.0029148268810362194
3362,0.6453306251635583,0.0019026399954883376,0.0029483181508798157
3363,0.6453432032709313,0.0018926541377430716,0.0029327869700186303
3364,0.6453611627595246,0.0018823442654337414,0.002916730001825572
3365,0.6453794019525565,0.0018754376536562253,0.0029059459412280617
3366,0.645396215521604,0.001867953238687252,0.0028942736163669433
3367,0.6454145822528021,0.0018651469297339838,0.0028898431814536
3368,0.6454240127163244,0.0018605857912093336,0.0028827340702415032
3369,0.6454343147882016,0.0018567051590552986,0.002876675622157731
3370,0.6454454090077328,0.001853010908693117,0.0028709026090089004
3371,0.6454691099572213,0.0018508154891528727,0.0028673959150044164
3372,0.645485100450389,0.0018476110226711834,0.0028623604501203945
3373,0.6455075480383317,0.001842990900303005,0.0028551035629308615
3374,0.6455279477938677,0.0018362568292777618,0.002844581455463369
3375,0.6455603321382688,0.0018303717702484647,0.00283532255488156
3376,0.6455881876344532,0.0018255965677419451,0.0028278035483134327
3377,0.6456215216656903,0.0018177434963566749,0.0028154939625725825
3378,0.6456521596625343,0.0018110802599454014,0.0028050401951602026
3379,0.6456678322723024,0.001804884124440289,0.0027953756315973652
3380,0.6456695013432391,0.001804348366472434,0.0027945386342683068
3381,0.645674449993787,0.0018037716738597534,0.002793624052921887
3382,0.6457080351841347,0.001782508711796779,0.0027605490634609593
3383,0.6457609955496342,0.0017769300372367871,0.0027516837490693716
3384,0.6458018969081165,0.0017559886045269788,0.0027190824507237667
3385,0.645821033774365,0.0017353179424623374,0.002686995083329258
3386,0.6458436143991902,0.0017187103056881103,0.0026611864968069353
3387,0.6459024064133694,0.0017179620798612313,0.002659785848145234
3388,0.645945847710695,0.0016965194544211974,0.002626411270285046
3389,0.6459854556250336,0.0016996063004918382,0.0026310287417343737
3390,0.6460268514260872,0.0017348345109545306,0.002685390718860879
3391,0.6460529169291258,0.0017642170017579358,0.0027307623811123143
3392,0.6460431993006709,0.0017761348431983754,0.002749250893935586
3393,0.6460549208530215,0.0017987313964804546,0.002784177224601109
3394,0.6460838908441,0.0018341887514228474,0.0028389328033337964
3395,0.6461026523416434,0.001854639648468171,0.0028705030721456973
3396,0.6461035064955063,0.0018595499552255326,0.00287809915366628
3397,0.6461215813902772,0.0018525884689817404,0.0028672443737221653
3398,0.6461310797552107,0.0018380659748127466,0.0028447261436628387
3399,0.6461424786074584,0.0018223358640608789,0.0028203313114288776
3400,0.6461557385260301,0.0018053978317598117,0.0027940598900787783
3401,0.6461708067811982,0.00177871854075503,0.0027527064393630635
3402,0.6461989062513849,0.001765638425714038,0.002732345116392332
3403,0.6462238665407806,0.0017527915180145326,0.0027123596152478545
3404,0.6462410040877773,0.0017583448699038456,0.002720881000712567
3405,0.6462599085768852,0.0017738550396496568,0.002744801303790953
3406,0.6462843739661313,0.0017912791809650034,0.0027716578848599486
3407,0.6463053679838576,0.0018116275777217536,0.0028030520361808312
3408,0.6463162724188247,0.0018245444436947597,0.0028229901080262785
3409,0.6463443526692106,0.0018439064379740268,0.0028528236231340764
3410,0.6463516187503525,0.0018662439861270327,0.0028873509897526114
3411,0.6463654951017217,0.001888316715092901,0.0029214379935236603
3412,0.6463693441458049,0.001903017412758285,0.0029441640913109445
3413,0.6463976237077543,0.0019023499011457772,0.0029430026215657265
3414,0.6464331693249745,0.0019007174208002335,0.002940315427788183
3415,0.6464706453310118,0.0018990301664199795,0.0029375350298351454
3416,0.6465139886160792,0.0018965903597656924,0.0029335643051212443
3417,0.6465496862233158,0.0018895468346447285,0.002922508315922508
3418,0.646591720915343,0.001883445818932266,0.002912882670792597
3419,0.646641208573868,0.0018901355484856493,0.0029230050968360654
3420,0.6466829705097122,0.0018840859596475279,0.0029134615345793023
3421,0.6467197205884985,0.0018826141106859239,0.002911020107710328
3422,0.6467527017753071,0.001902364924241166,0.0029414100923262627
3423,0.646802081736874,0.00191623973964871,0.002962636939112785
3424,0.6468481013759126,0.0019311870159609936,0.002985534025458465
3425,0.6469065190927781,0.0019645441780214556,0.003036828537106927
3426,0.6469519651694535,0.001979075842026799,0.003059076946320779
3427,0.6470038374648821,0.001997211502868828,0.003086861912124644
3428,0.6470455767971643,0.001994845650620601,0.0030830063942249076
3429,0.6470953041844314,0.0020141704102588187,0.003112633328095905
3430,0.6471493462312299,0.0020344386378164715,0.0031436926416820573
3431,0.6472050953161141,0.0020566066773203356,0.003177673804183862
3432,0.6472625083868178,0.0020806125506157287,0.0032144802512990766
3433,0.647316247308513,0.002115021512050564,0.003267369729779914
3434,0.6473623209389192,0.002148330050483999,0.003318589885441759
3435,0.6474045608394333,0.0021707891302895797,0.0033530643149546333
3436,0.647462377219435,0.002186738091465661,0.0033773979282884906
3437,0.6475239784537888,0.0022131843728903514,0.0034179187899345065
3438,0.6475725003575559,0.002244550712484548,0.003466099488852945
3439,0.6476240581216829,0.002287654889769066,0.003532380956328271
3440,0.6476663260921275,0.002304431389923588,0.003558053425176521
3441,0.6477080942322623,0.0023244142328015067,0.003588675598622352
3442,0.6477343894441016,0.0023510129072183204,0.003629594082901799
3443,0.64777398571421,0.0023639861126186516,0.0036493995818807296
3444,0.6478061339214534,0.0023821781560871788,0.003677301018542097
3445,0.6478490547452953,0.002394107887758773,0.0036954717618597546
3446,0.6478813127794121,0.002420496142541654,0.0037360178396838163
3447,0.6479181870723807,0.002443467585122684,0.003771259448918229
3448,0.6479503870611614,0.002461063013556756,0.0037982275536852963
3449,0.6479904713288182,0.0024861851847164935,0.00383676195055482
3450,0.6480288956526776,0.002503792827760093,0.0038637055300417412
3451,0.6480691757947581,0.00250530626831823,0.0038658006921033603
3452,0.6480948822249883,0.0025126567230492353,0.003876988990289477
3453,0.6481283902660572,0.002527193068282955,0.0038992167389019024
3454,0.6481660840213559,0.002555082487589576,0.003942018181107716
3455,0.6482055546175255,0.0025655592852438505,0.00395794091390911
3456,0.6482479475777501,0.0025820283039822453,0.003983087510928926
3457,0.6482833560766643,0.0025971690222975794,0.004006225052599445
3458,0.6483138981513419,0.0025882452530989804,0.003992271738241808
3459,0.6483407235959395,0.0025843091254845255,0.003986035477072893
3460,0.6483971931837466,0.002590841666412981,0.0039957632353272285
3461,0.6484508173955075,0.002600163398010685,0.004009808189392374
3462,0.6485011874643634,0.0026052526119381943,0.004017344397046858
3463,0.6485590664849255,0.0026130163551925053,0.004028956636678581
3464,0.6486036107918421,0.00260224491319658,0.0040120728128843625
3465,0.6486453336592901,0.002594895564436233,0.004000484440082687
3466,0.6486969950948225,0.002586697065371245,0.003987527435660678
3467,0.6487475199823617,0.0025676631353064544,0.00395787738098215
3468,0.6487962260400102,0.002549299088130593,0.003929275457859063
3469,0.6488431747146898,0.0025336336191128617,0.00390484745443605
3470,0.6489011758183862,0.002508387456748505,0.0038655924048603507
3471,0.6489580288982284,0.002482834022250744,0.003825877655702923
3472,0.6490173135772727,0.0024392384230681025,0.0037583564753048524
3473,0.6491084080716699,0.0024420255935838882,0.0037621228799646932
3474,0.6491913000596716,0.0024472336953473496,0.00376966495873005
3475,0.6492777981280063,0.002450289056348484,0.0037738685404200513
3476,0.6493703248801528,0.002443649255659298,0.003763105830421641
3477,0.6494529549196297,0.0024250999142706037,0.003734065563795474
3478,0.6495226824805649,0.0023962811268173185,0.003689295526471503
3479,0.6496011967091619,0.002389807143519263,0.0036788835298116338
3480,0.649689100594668,0.0023921491286824997,0.003681990549776713
3481,0.6497797479897361,0.002395139648346841,0.003686079253403685
3482,0.649857588289158,0.002381253081336276,0.003664269101796998
3483,0.6499168015068061,0.002364910128098814,0.0036387890305587802
3484,0.649966166525575,0.002353475393666417,0.003620919849177737
3485,0.6500287781418216,0.002335624620476674,0.003593109565323112
3486,0.6500968638282283,0.0023214274916240857,0.0035708947709021167
3487,0.6501724283916007,0.0022999647847424987,0.0035374689610141747
3488,0.6502524207474834,0.002275389860557845,0.003499240891625164
3489,0.6503524504563785,0.0022455352851761578,0.0034527974540579888
3490,0.6504257356782011,0.002188077263671106,0.003364069322056561
3491,0.6505195511130832,0.0021243178149581428,0.0032655710521279344
3492,0.6506241774501346,0.0020702520615297555,0.00318194763318402
3493,0.6507232731792183,0.0020289587101520964,0.0031180054468303805
3494,0.6508150687908534,0.001989957945997834,0.0030576396297875654
3495,0.6509046737454913,0.0019565662005467514,0.0030059181927333703
3496,0.651006077379904,0.0019244597720432482,0.0029561318072307365
3497,0.6510819480019254,0.0018821226210225233,0.002890761488317224
3498,0.6511723200885756,0.0018525265464904425,0.002844909848499784
3499,0.6512876124533911,0.0018159899085247472,0.0027883071530931465
3500,0.651397440823009,0.0017766859517956107,0.002727499127953058
3501,0.6515076036729872,0.0017409740926304601,0.002672223751212444
3502,0.6516207925101372,0.0017024027942398564,0.0026125667164209965
3503,0.6517493971612845,0.0016743854162094003,0.0025690632373458876
3504,0.6518868180033647,0.0016475472157339033,0.002527351635641449
3505,0.6520261456246408,0.0016217138088316294,0.002487191379845709
3506,0.6521700599903455,0.0015959679389640081,0.0024471652976336177
3507,0.6523088776271966,0.0015805161255917817,0.0024229566387950776
3508,0.6524388186789477,0.0015516821311386537,0.0023782799041302998
3509,0.6525652637209644,0.001523265043632744,0.0023342723376770006
3510,0.6526866816847129,0.001508760822973346,0.0023116157649776723
3511,0.6528233342100366,0.0015141722913477684,0.0023194212155115846
3512,0.6529353862692846,0.0015105810137224218,0.002313522969483271
3513,0.6530597580667424,0.00148191982652808,0.0022691948297580275
3514,0.6531728770999559,0.0014559304278666722,0.0022290123777504458
3515,0.6532706247726315,0.0014171889532968499,0.0021693749872651893
3516,0.6533872838707345,0.0013715045030060307,0.002099068250733462
3517,0.6535186589392191,0.001343986881949983,0.0020565394171476615
3518,0.653656296144993,0.0013255220162934132,0.0020278577963844598
3519,0.6538044572270442,0.001312719514586701,0.002007816710449311
3520,0.6539513971403395,0.0013090124927587297,0.0020016969127719633
3521,0.6541144136042192,0.0013135873049536422,0.0020081919579109687
3522,0.6542589707530844,0.0012996732141775395,0.0019864813052262033
3523,0.6544020306251742,0.0012714191123820667,0.0019428715879249848
3524,0.6545352780783225,0.001242012027532087,0.0018975478772948072
3525,0.654667003671918,0.0012242801821796523,0.0018700807820050027
3526,0.6547937796652707,0.0012022588169631116,0.0018360877184534403
3527,0.6549301412138524,0.0011734912126744302,0.0017917807393922546
3528,0.6550706635599979,0.0011473600875265629,0.0017515058318917929
3529,0.6552137986288841,0.0011232625141714102,0.0017143450222232438
3530,0.6553718649889262,0.0011087615297636654,0.001691805200979142
3531,0.6555567045987114,0.0011014080767946853,0.0016801110705883097
3532,0.6557562178861993,0.001106038812835636,0.0016866615712785803
3533,0.6559405725964393,0.0011159706202877595,0.0017013288503718597
3534,0.6561083180275193,0.001108606628099193,0.001689670131651485
3535,0.6562931387464931,0.0011197203682637457,0.001706128408415772
3536,0.6564817567295127,0.0011345357955171713,0.0017282061289398925
3537,0.6566699247385441,0.0011482823941922015,0.001748644716216286
3538,0.6568460155888295,0.0011436193047285551,0.0017410767175063972
3539,0.6570338825966339,0.0011402785625598511,0.001735494306706692
3540,0.6572075347203572,0.0011192628069351758,0.0017030583914583752
3541,0.6574010456693772,0.0010784994280849062,0.0016405502169330433
3542,0.6575755722621164,0.001050519074497967,0.0015975640197279399
3543,0.6577735041961905,0.0010336114321125348,0.001571378940499624
3544,0.6579597789833665,0.001011942926147527,0.001538001194709972
3545,0.658127170374961,0.0010036290700342794,0.0015249774135027312
3546,0.6583016232483405,0.000999408220934625,0.0015181615624812214
3547,0.6585026625018702,0.0009945074337163711,0.0015102557519477708
3548,0.6587072684862287,0.0009900359663872601,0.0015029983935997183
3549,0.658894126342917,0.0009992551881664981,0.0015165641158659266
3550,0.6590828964072589,0.001011665388084276,0.0015349592495860342
3551,0.6592761724227831,0.0010232484614759547,0.0015520786345358194
3552,0.6594737174214507,0.0010340106534329607,0.0015679330746886373
3553,0.6596792610380804,0.0010431571734950658,0.0015813096380406734
3554,0.659898835670381,0.0010521847456411077,0.0015944637098385082
3555,0.6601183466956873,0.0010637356500563038,0.0016114317309630587
3556,0.6603434068187124,0.001071776046501544,0.001623058601682661
3557,0.660560102705896,0.001076672118788732,0.0016299381606280621
3558,0.6607772987371502,0.0010787285859296415,0.001632514597567535
3559,0.661007299697441,0.0010812957458611223,0.0016358302644404344
3560,0.6612374244329767,0.0010682559897841068,0.0016155407275989498
3561,0.6614849294929599,0.0010484107535985554,0.0015849352069172325
3562,0.6617281390444655,0.0010373032937339185,0.0015675671511140256
3563,0.6619620162565989,0.0010079913122672342,0.001522732857041306
3564,0.6621975157476916,0.0009899863150337883,0.0014950015539034274
3565,0.662434068913008,0.0009715349942179147,0.0014666138711919093
3566,0.6626661545173987,0.0009570108496686663,0.0014441824788314873
3567,0.6628791292228012,0.0009411307180936625,0.0014197621807720813
3568,0.6631140884804572,0.0009197153228280499,0.0013869639309513104
3569,0.6633647230229516,0.0008979311807646175,0.0013536010426854583
3570,0.66361732448623,0.0008822508297062855,0.0013294571994323999
3571,0.6638781198896109,0.0008812087678336041,0.0013273652820191314
3572,0.6641376687502972,0.000883685233984546,0.001330575384539428
3573,0.6644014216772953,0.0008819481955974911,0.0013274327339200967
3574,0.6646483579921268,0.0008803023048266281,0.0013244632206509655
3575,0.6648927907823862,0.0008822282765803942,0.0013268729768332534
3576,0.6651443703078153,0.0008956838159658067,0.001346600611760876
3577,0.6653936560856175,0.0009117868054517557,0.0013702968116883192
3578,0.665630575378287,0.0009232490178411107,0.001387029160005782
3579,0.6658740118765976,0.000944098869600974,0.0014178340838686136
3580,0.6661145250977525,0.0009671192024334822,0.0014518812696533785
3581,0.6663533173736645,0.0009929769509302354,0.0014901658400139895
3582,0.6665888637873124,0.0010206957631658403,0.0015312223450098205
3583,0.6668209584832503,0.0010501757109412386,0.0015748990753529498
3584,0.6670550532668036,0.0010716962500732336,0.001606608397350053
3585,0.6672899002794194,0.0010839890556064945,0.0016244649516688138
3586,0.6675213260530672,0.0010968205045159155,0.001643124289378463
3587,0.6677505425243812,0.0011108102212562107,0.0016635107731352422
3588,0.6679760343810603,0.001125450475098313,0.001684866547856232
3589,0.6681976053723796,0.0011408413230452929,0.0017073412324031209
3590,0.6684193112870719,0.0011508390924303705,0.0017217322614667989
3591,0.6686369837037766,0.0011642625562051662,0.0017412476195318633
3592,0.6688462184379792,0.0011671921043584605,0.0017450829087205073
3593,0.6690662847368549,0.0011669582364698928,0.0017441593801559732
3594,0.6692711484512757,0.0011806555972472075,0.0017640915792938318
3595,0.6694782814361273,0.0011897171915583387,0.0017770810861947963
3596,0.6696808793896016,0.00119910329903287,0.0017905592588007358
3597,0.6698886616131396,0.0011910526047627852,0.0017779859146961014
3598,0.6700921787751721,0.001182403033836458,0.001764537881933965
3599,0.6702982736500565,0.0011787492317711628,0.0017585443348263105
3600,0.6705002029166375,0.0011749635501479775,0.0017523686719809381
3601,0.6706977943064913,0.0011711158777804455,0.001746115594418186
3602,0.6708852141280603,0.0011720838469996102,0.0017470706200060622
3603,0.6710831110200519,0.0011654331626106424,0.0017366450495813765
3604,0.6712767890534356,0.0011579343075031284,0.0017249729565890792
3605,0.6714717419947933,0.0011418577858103194,0.0017005299171907276
3606,0.671662482936403,0.0011406556341110566,0.001698257179892331
3607,0.6718488833942262,0.001139215620415494,0.0016956426490732548
3608,0.6720307842486496,0.0011375563736334036,0.0016927146795890093
3609,0.6722080263800598,0.0011356984001678326,0.0016895043730491249
3610,0.6723861083296139,0.0011268335591179941,0.0016758727540004488
3611,0.672553923036726,0.0011244023089121878,0.001671839640508331
3612,0.6727166064643444,0.0011218715413201152,0.0016676733271331502
3613,0.6728739994928556,0.0011192705023549134,0.0016634176728458913
3614,0.6730259430026458,0.0011166299739481876,0.0016591187688344397
3615,0.6731722778741017,0.0011139821965659188,0.0016548248244623324
3616,0.6733185026483802,0.001105905186715527,0.0016424696222748119
3617,0.673460577309344,0.0010973649579520829,0.0016294420117898374
3618,0.6735913720137126,0.0010939219592004162,0.0016240142089856621
3619,0.6737160239207526,0.0010906229444773337,0.0016188169878020011
3620,0.6738400327679411,0.0010833297790072206,0.001607695782865873
3621,0.6739579503517824,0.0010767308985082916,0.0015976232611341343
3622,0.6740696235513421,0.0010709912068877967,0.0015888435993381062
3623,0.6741917790595195,0.0010949377089179318,0.0016240745481135089
3624,0.6742901908358447,0.0010943301795077688,0.0016229365255206307
3625,0.6743832310583413,0.0010942987214610132,0.0016226659724970902
3626,0.6744680181608211,0.0010966958965280458,0.0016260161594000859
3627,0.6745640060851177,0.001129589982596705,0.0016745482599232716
3628,0.6746693593676074,0.0011762840665579721,0.0017434970926507567
3629,0.6747695201017734,0.0012259623293764887,0.0018168608581958187
3630,0.6748488971852862,0.0012492687021676532,0.001851182846083328
3631,0.6749218260664297,0.001274437365727578,0.0018882740437588701
3632,0.6749881679141068,0.0013015096913821342,0.0019281963051354602
3633,0.6750477838972195,0.0013305222263764334,0.0019710045097770653
3634,0.6751160622935463,0.00134490190147937,0.0019921047307190198
3635,0.6751910349015479,0.0013535054070295829,0.0020046258570760533
3636,0.675249435508392,0.0013700101036453515,0.0020288948521872924
3637,0.6753143917036096,0.0013849341095367913,0.002050799044935249
3638,0.6753696608892126,0.0014000703563984266,0.002073043012555599
3639,0.6754176826891249,0.0014164309141845275,0.0020971184949513224
3640,0.6754413404127881,0.0014415645082906227,0.0021342556666869507
3641,0.6754985060284033,0.0014680869198799198,0.0021733385148570406
3642,0.6755339328739888,0.0015023034880541802,0.002223875685508182
3643,0.6755675745292968,0.0015397195264160708,0.0022791495395392144
3644,0.6755953495885032,0.0015780805295383517,0.0023358368740985873
3645,0.6756228056184764,0.001621282404710822,0.0023996857288241967
3646,0.6756445422451121,0.0016660498013338102,0.0024658673269196576
3647,0.6756661156000021,0.001701085263920195,0.0025176418124943332
