Pixel,RawADC,RawVoltageV,DarkADC,DarkCorrectedIntensityADC,SmoothedIntensityADC,NormalizedIntensity,SmoothedNormalizedIntensity
21,2558.0,2.061392,3936.0,1378.0,1371.083112190615,0.7125129265770423,0.7212205966975483
22,2559.0,2.062198,3936.0,1377.0,1370.8253647874624,0.7119958634953464,0.7210850157584745
23,2558.0,2.061392,3936.0,1378.0,1370.5709987982113,0.7125129265770423,0.7209512135192696
24,2558.0,2.061392,3936.0,1378.0,1370.3969570760958,0.7125129265770423,0.72085966365365
25,2558.0,2.061392,3936.0,1378.0,1370.2212420769974,0.7125129265770423,0.7207672336066516
26,2566.0,2.067839,3936.0,1370.0,1370.043993240666,0.7083764219234746,0.7206739967267234
27,2558.0,2.061392,3936.0,1378.0,1369.9422231402086,0.7125129265770423,0.7206204633618053
28,2558.0,2.061392,3936.0,1378.0,1369.8340039513819,0.7125129265770423,0.720563537631158
29,2574.0,2.074286,3936.0,1362.0,1369.7195448338089,0.704239917269907,0.7205033295574537
30,2582.0,2.080733,3936.0,1354.0,1369.5990549471123,0.7001034126163392,0.7204399491633647
31,2558.0,2.061392,3936.0,1378.0,1369.472743450915,0.7125129265770423,0.7203735064715635
32,2566.0,2.067839,3936.0,1370.0,1369.34081950484,0.7083764219234746,0.7203041115047224
33,2582.0,2.080733,3936.0,1354.0,1369.2034922685095,0.7001034126163392,0.7202318742855134
34,2594.0,2.090403,3936.0,1342.0,1369.060970901547,0.6938986556359876,0.7201569048366091
35,2566.0,2.067839,3936.0,1370.0,1368.9134645635747,0.7083764219234746,0.7200793131806816
36,2566.0,2.067839,3936.0,1370.0,1368.684309280856,0.7083764219234746,0.719958772340911
37,2574.0,2.074286,3936.0,1362.0,1368.4557814770058,0.704239917269907,0.7198385615691574
38,2566.0,2.067839,3936.0,1370.0,1368.2280205917727,0.7083764219234746,0.719718754213869
39,2574.0,2.074286,3936.0,1362.0,1368.0011660649045,0.704239917269907,0.7195994236234935
40,2594.0,2.090403,3936.0,1342.0,1367.7753573361508,0.6938986556359876,0.71948064314648
41,2574.0,2.074286,3936.0,1362.0,1367.6276069786188,0.704239917269907,0.7194029231307683
42,2558.0,2.061392,3936.0,1378.0,1367.475987168065,0.7125129265770423,0.7193231676956189
43,2559.0,2.062198,3936.0,1377.0,1367.3207070641126,0.7119958634953464,0.7192414868637043
44,2558.0,2.061392,3936.0,1378.0,1367.1619758263846,0.7125129265770423,0.7191579906576968
45,2559.0,2.062198,3936.0,1377.0,1367.000002614503,0.7119958634953464,0.7190727891002686
46,2582.0,2.080733,3936.0,1354.0,1366.8349965880916,0.7001034126163392,0.7189859922140922
47,2574.0,2.074286,3936.0,1362.0,1366.6671669067725,0.704239917269907,0.7188977100218398
48,2582.0,2.080733,3936.0,1354.0,1366.4967227301686,0.7001034126163392,0.7188080525461835
49,2574.0,2.074286,3936.0,1362.0,1366.3238732179027,0.704239917269907,0.7187171298097959
50,2582.0,2.080733,3936.0,1354.0,1366.1488275295976,0.7001034126163392,0.7186250518353491
51,2582.0,2.080733,3936.0,1354.0,1365.971794824876,0.7001034126163392,0.7185319286455154
52,2574.0,2.074286,3936.0,1362.0,1365.792984263361,0.704239917269907,0.7184378702629672
53,2574.0,2.074286,3936.0,1362.0,1365.612605004675,0.704239917269907,0.7183429867103769
54,2574.0,2.074286,3936.0,1362.0,1365.4308662084409,0.704239917269907,0.7182473880104164
55,2582.0,2.080733,3936.0,1354.0,1365.2479770342813,0.7001034126163392,0.7181511841857583
56,2574.0,2.074286,3936.0,1362.0,1365.0641466418194,0.704239917269907,0.718054485259075
57,2582.0,2.080733,3936.0,1354.0,1364.8795841906779,0.7001034126163392,0.7179574012530386
58,2578.0,2.077509,3936.0,1358.0,1364.6944988404791,0.7021716649431231,0.7178600421903214
59,2582.0,2.080733,3936.0,1354.0,1364.5090997508466,0.7001034126163392,0.7177625180935959
60,2582.0,2.080733,3936.0,1354.0,1364.3235960814025,0.7001034126163392,0.7176649389855341
61,2594.0,2.090403,3936.0,1342.0,1364.09976042509,0.6938986556359876,0.7175471963890624
62,2594.0,2.090403,3936.0,1342.0,1363.878835573528,0.6938986556359876,0.7174309849414469
63,2566.0,2.067839,3936.0,1370.0,1363.6225592597223,0.7083764219234746,0.7172961778285016
64,2574.0,2.074286,3936.0,1362.0,1363.3721394153545,0.704239917269907,0.7171644513503808
65,2582.0,2.080733,3936.0,1354.0,1363.1661520468526,0.7001034126163392,0.7170560973552785
66,2582.0,2.080733,3936.0,1354.0,1362.9637029619698,0.7001034126163392,0.7169496045770495
67,2574.0,2.074286,3936.0,1362.0,1362.764966460391,0.704239917269907,0.7168450647012536
68,2582.0,2.080733,3936.0,1354.0,1362.5316802751227,0.7001034126163392,0.7167223509137053
69,2582.0,2.080733,3936.0,1354.0,1362.3434889045257,0.7001034126163392,0.7166233580143044
70,2578.0,2.077509,3936.0,1358.0,1362.1594981563533,0.7021716649431231,0.7165265747369057
71,2566.0,2.067839,3936.0,1370.0,1361.9798823302904,0.7083764219234746,0.7164320927670692
72,2574.0,2.074286,3936.0,1362.0,1361.8432522927026,0.704239917269907,0.7163602222901012
73,2582.0,2.080733,3936.0,1354.0,1361.70874871128,0.7001034126163392,0.7162894703769683
74,2582.0,2.080733,3936.0,1354.0,1361.5765807456446,0.7001034126163392,0.7162199470503428
75,2566.0,2.067839,3936.0,1370.0,1361.4469575554203,0.7083764219234746,0.7161517623328969
76,2594.0,2.090403,3936.0,1342.0,1361.3200883002287,0.6938986556359876,0.7160850262473027
77,2566.0,2.067839,3936.0,1370.0,1361.1961821396935,0.7083764219234746,0.716019848816233
78,2558.0,2.061392,3936.0,1378.0,1361.075448233437,0.7125129265770423,0.7159563400623598
79,2574.0,2.074286,3936.0,1362.0,1360.9580957410822,0.704239917269907,0.7158946100083553
80,2578.0,2.077509,3936.0,1358.0,1360.8443338222519,0.7021716649431231,0.715834768676892
81,2582.0,2.080733,3936.0,1354.0,1360.7343716365688,0.7001034126163392,0.7157769260906423
82,2574.0,2.074286,3936.0,1362.0,1360.6284183436553,0.704239917269907,0.715721192272278
83,2559.0,2.062198,3936.0,1377.0,1360.5266831031352,0.7119958634953464,0.7156676772444721
84,2574.0,2.074286,3936.0,1362.0,1360.42937507463,0.704239917269907,0.7156164910298961
85,2566.0,2.067839,3936.0,1370.0,1360.3367034177634,0.7083764219234746,0.715567743651223
86,2559.0,2.062198,3936.0,1377.0,1360.2488772921577,0.7119958634953464,0.7155215451311248
87,2559.0,2.062198,3936.0,1377.0,1360.1661058574362,0.7119958634953464,0.7154780054922738
88,2558.0,2.061392,3936.0,1378.0,1360.088598273221,0.7125129265770423,0.7154372347573422
89,2558.0,2.061392,3936.0,1378.0,1360.0165636991353,0.7125129265770423,0.7153993429490025
90,2559.0,2.062198,3936.0,1377.0,1359.9502112948019,0.7119958634953464,0.7153644400899271
91,2566.0,2.067839,3936.0,1370.0,1359.8897502198433,0.7083764219234746,0.7153326362027879
92,2594.0,2.090403,3936.0,1342.0,1359.8353896338829,0.6938986556359876,0.7153040413102575
93,2582.0,2.080733,3936.0,1354.0,1359.7873386965425,0.7001034126163392,0.715278765435008
94,2559.0,2.062198,3936.0,1377.0,1359.7458065674457,0.7119958634953464,0.7152569185997119
95,2559.0,2.062198,3936.0,1377.0,1359.7110024062151,0.7119958634953464,0.7152386108270414
96,2574.0,2.074286,3936.0,1362.0,1359.683135372473,0.704239917269907,0.7152239521396687
97,2566.0,2.067839,3936.0,1370.0,1359.6624146258432,0.7083764219234746,0.7152130525602663
98,2559.0,2.062198,3936.0,1377.0,1359.6490493259473,0.7119958634953464,0.7152060221115064
99,2582.0,2.080733,3936.0,1354.0,1359.643248632409,0.7001034126163392,0.7152029708160614
100,2559.0,2.062198,3936.0,1377.0,1359.6452217048507,0.7119958634953464,0.7152040086966035
101,2582.0,2.080733,3936.0,1354.0,1359.6551777028951,0.7001034126163392,0.7152092457758049
102,2582.0,2.080733,3936.0,1354.0,1359.673325786165,0.7001034126163392,0.715218792076338
103,2574.0,2.074286,3936.0,1362.0,1359.699875114283,0.704239917269907,0.715232757620875
104,2582.0,2.080733,3936.0,1354.0,1359.7350348468726,0.7001034126163392,0.7152512524320885
105,2574.0,2.074286,3936.0,1362.0,1359.69687715969,0.704239917269907,0.7152311806292388
106,2582.0,2.080733,3936.0,1354.0,1359.662414625843,0.7001034126163392,0.7152130525602662
107,2594.0,2.090403,3936.0,1342.0,1359.6317866850807,0.6938986556359876,0.7151969415736195
108,2582.0,2.080733,3936.0,1354.0,1359.605132777151,0.7001034126163392,0.7151829210177463
109,2574.0,2.074286,3936.0,1362.0,1359.5100644996066,0.704239917269907,0.7151329129626196
110,2582.0,2.080733,3936.0,1354.0,1359.601103839917,0.7001034126163392,0.7151808017060209
111,2574.0,2.074286,3936.0,1362.0,1359.6886833314675,0.704239917269907,0.7152268704910515
112,2582.0,2.080733,3936.0,1354.0,1359.6909100099515,0.7001034126163392,0.7152280417740835
113,2574.0,2.074286,3936.0,1362.0,1359.6848313084142,0.704239917269907,0.7152248442401697
114,2558.0,2.061392,3936.0,1378.0,1359.6706215265417,0.7125129265770423,0.7152173695748706
115,2574.0,2.074286,3936.0,1362.0,1359.7305919478854,0.704239917269907,0.7152489153671577
116,2582.0,2.080733,3936.0,1354.0,1359.788113458645,0.7001034126163392,0.7152791729773231
117,2594.0,2.090403,3936.0,1342.0,1359.8434300783815,0.6938986556359876,0.7153082707651516
118,2574.0,2.074286,3936.0,1362.0,1359.8967858266547,0.704239917269907,0.7153363370904273
119,2582.0,2.080733,3936.0,1354.0,1359.8662877391575,0.7001034126163392,0.7153202944095225
120,2582.0,2.080733,3936.0,1354.0,1359.8289832489363,0.7001034126163392,0.7153006714074903
121,2582.0,2.080733,3936.0,1354.0,1359.785046655676,0.7001034126163392,0.7152775597698906
122,2582.0,2.080733,3936.0,1354.0,1359.7346522590624,0.7001034126163392,0.7152510511822836
123,2582.0,2.080733,3936.0,1354.0,1359.6779743587808,0.7001034126163392,0.7152212373302296
124,2578.0,2.077509,3936.0,1358.0,1359.4998775544786,0.7021716649431231,0.7151275544000507
125,2582.0,2.080733,3936.0,1354.0,1359.3236370418283,0.7001034126163392,0.7150348479210884
126,2574.0,2.074286,3936.0,1362.0,1359.2261956740638,0.704239917269907,0.714983591567059
127,2582.0,2.080733,3936.0,1354.0,1359.0486827737086,0.7001034126163392,0.7148902157835071
128,2582.0,2.080733,3936.0,1354.0,1358.873305044502,0.7001034126163392,0.7147979631480679
129,2578.0,2.077509,3936.0,1358.0,1358.7001322063193,0.7021716649431231,0.7147068703349658
130,2582.0,2.080733,3936.0,1354.0,1358.4881654871015,0.7001034126163392,0.7145953710667194
131,2582.0,2.080733,3936.0,1354.0,1358.275876313465,0.7001034126163392,0.7144837021801864
132,2582.0,2.080733,3936.0,1354.0,1358.0632995453473,0.7001034126163392,0.714371882012479
133,2582.0,2.080733,3936.0,1354.0,1357.8094015507522,0.7001034126163392,0.7142383259490034
134,2574.0,2.074286,3936.0,1362.0,1357.5526188963597,0.704239917269907,0.7141032524895057
135,2567.0,2.068645,3936.0,1369.0,1357.2929515821697,0.7078593588417788,0.7139666616339858
136,2578.0,2.077509,3936.0,1358.0,1357.0303996081823,0.7021716649431231,0.7138285533824438
137,2582.0,2.080733,3936.0,1354.0,1356.7649629743971,0.7001034126163392,0.7136889277348797
138,2582.0,2.080733,3936.0,1354.0,1356.4966416808145,0.7001034126163392,0.7135477846912934
139,2574.0,2.074286,3936.0,1362.0,1356.2254357274346,0.704239917269907,0.7134051242516851
140,2566.0,2.067839,3936.0,1370.0,1355.951345114257,0.7083764219234746,0.7132609464160546
141,2582.0,2.080733,3936.0,1354.0,1355.6743698412818,0.7001034126163392,0.713115251184402
142,2574.0,2.074286,3936.0,1362.0,1355.3945099085092,0.704239917269907,0.7129680385567273
143,2558.0,2.061392,3936.0,1378.0,1355.1528338078722,0.7125129265770423,0.7128409114847364
144,2582.0,2.080733,3936.0,1354.0,1354.910939832628,0.7001034126163392,0.7127136698057951
145,2578.0,2.077509,3936.0,1358.0,1354.627794350781,0.7021716649431231,0.7125647289053098
146,2582.0,2.080733,3936.0,1354.0,1354.3418339290104,0.7001034126163392,0.7124143072830262
147,2567.0,2.068645,3936.0,1369.0,1354.0941270592498,0.7078593588417788,0.7122840078906507
148,2582.0,2.080733,3936.0,1354.0,1353.8052035428234,0.7001034126163392,0.7121320276138431
149,2566.0,2.067839,3936.0,1370.0,1353.554568438344,0.7083764219234746,0.7120001879040554
150,2582.0,2.080733,3936.0,1354.0,1353.3448885310015,0.7001034126163392,0.7118898915503592
151,2594.0,2.090403,3936.0,1342.0,1353.137796973991,0.6938986556359876,0.7117809567272327
152,2594.0,2.090403,3936.0,1342.0,1352.9333634871869,0.6938986556359876,0.7116734201089002
153,2582.0,2.080733,3936.0,1354.0,1352.69058929853,0.7001034126163392,0.7115457154178797
154,2594.0,2.090403,3936.0,1342.0,1352.4890143265704,0.6938986556359876,0.7114396824427351
155,2582.0,2.080733,3936.0,1354.0,1352.290271724503,0.7001034126163392,0.7113351393579449
156,2582.0,2.080733,3936.0,1354.0,1352.0944312122012,0.7001034126163392,0.7112321228377324
157,2582.0,2.080733,3936.0,1354.0,1351.9015625095399,0.7001034126163392,0.7111306695563223
158,2582.0,2.080733,3936.0,1354.0,1351.711735336393,0.7001034126163392,0.7110308161879385
159,2582.0,2.080733,3936.0,1354.0,1351.5250194126354,0.7001034126163392,0.7109325994068053
160,2566.0,2.067839,3936.0,1370.0,1351.4236214420066,0.7083764219234746,0.7108792617905583
161,2594.0,2.090403,3936.0,1342.0,1351.402677591779,0.6938986556359876,0.7108682448536389
162,2582.0,2.080733,3936.0,1354.0,1351.395124314901,0.7001034126163392,0.7108642716598853
163,2582.0,2.080733,3936.0,1354.0,1351.401162056012,0.7001034126163392,0.7108674476476924
164,2574.0,2.074286,3936.0,1362.0,1351.42099125975,0.704239917269907,0.7108778782554541
165,2574.0,2.074286,3936.0,1362.0,1351.4548123707539,0.704239917269907,0.7108956689215649
166,2582.0,2.080733,3936.0,1354.0,1351.5028258336615,0.7001034126163392,0.7109209250844188
167,2582.0,2.080733,3936.0,1354.0,1351.565232093112,0.7001034126163392,0.7109537521824104
168,2582.0,2.080733,3936.0,1354.0,1351.6422315937432,0.7001034126163392,0.7109942556539337
169,2598.0,2.093626,3936.0,1338.0,1351.6621549193117,0.6918304033092038,0.711004735771898
170,2578.0,2.077509,3936.0,1358.0,1351.6924055012546,0.7021716649431231,0.711020648259307
171,2592.0,2.088791,3936.0,1344.0,1351.7331227793209,0.6949327817993796,0.7110420664646089
172,2574.0,2.074286,3936.0,1362.0,1351.7844461932593,0.704239917269907,0.7110690637362521
173,2582.0,2.080733,3936.0,1354.0,1351.8465151828177,0.7001034126163392,0.7111017134226845
174,2582.0,2.080733,3936.0,1354.0,1351.9194691877453,0.7001034126163392,0.7111400888723546
175,2582.0,2.080733,3936.0,1354.0,1351.9213106639243,0.7001034126163392,0.7111410575302987
176,2582.0,2.080733,3936.0,1354.0,1351.9289824645882,0.7001034126163392,0.711145093070233
177,2590.0,2.087179,3936.0,1346.0,1351.942554309611,0.6959669079627715,0.7111522321663816
178,2578.0,2.077509,3936.0,1358.0,1351.9952686350412,0.7021716649431231,0.7111799610887957
179,2582.0,2.080733,3936.0,1354.0,1352.0216793949091,0.7001034126163392,0.7111938537433123
180,2582.0,2.080733,3936.0,1354.0,1352.0424079850247,0.7001034126163392,0.7112047574485647
181,2582.0,2.080733,3936.0,1354.0,1352.0767598385714,0.7001034126163392,0.7112228272972065
182,2582.0,2.080733,3936.0,1354.0,1352.1043052893933,0.7001034126163392,0.7112373168247205
183,2598.0,2.093626,3936.0,1338.0,1352.1251489173014,0.6918304033092038,0.7112482810424426
184,2594.0,2.090403,3936.0,1342.0,1352.1201770187683,0.6938986556359876,0.7112456657118367
185,2583.0,2.081538,3936.0,1353.0,1352.0235287145738,0.6995863495346433,0.7111948265271065
186,2582.0,2.080733,3936.0,1354.0,1351.9276168265512,0.7001034126163392,0.7111443747138685
187,2598.0,2.093626,3936.0,1338.0,1351.9049779118802,0.6918304033092038,0.7111324661348755
188,2594.0,2.090403,3936.0,1342.0,1351.8890756800602,0.6938986556359876,0.7111241012027862
189,2598.0,2.093626,3936.0,1338.0,1351.879979850964,0.6918304033092038,0.7111193165918244
190,2594.0,2.090403,3936.0,1342.0,1351.8777601444676,0.6938986556359876,0.7111181489762148
191,2582.0,2.080733,3936.0,1354.0,1351.882486280444,0.7001034126163392,0.711120635030181
192,2594.0,2.090403,3936.0,1342.0,1351.8120909949018,0.6938986556359876,0.7110836055245354
193,2594.0,2.090403,3936.0,1342.0,1351.7434474212005,0.6938986556359876,0.7110474974587703
194,2594.0,2.090403,3936.0,1342.0,1351.67655555934,0.6938986556359876,0.7110123108328857
195,2566.0,2.067839,3936.0,1370.0,1351.6114154093202,0.7083764219234746,0.7109780456468817
196,2582.0,2.080733,3936.0,1354.0,1351.548026971141,0.7001034126163392,0.7109447019007581
197,2594.0,2.090403,3936.0,1342.0,1351.486390244803,0.6938986556359876,0.7109122795945152
198,2582.0,2.080733,3936.0,1354.0,1351.4265052303058,0.7001034126163392,0.7108807787281527
199,2598.0,2.093626,3936.0,1338.0,1351.368371927649,0.6918304033092038,0.7108501993016705
200,2598.0,2.093626,3936.0,1338.0,1351.3119903368333,0.6918304033092038,0.7108205413150691
201,2594.0,2.090403,3936.0,1342.0,1351.257360457858,0.6938986556359876,0.7107918047683479
202,2582.0,2.080733,3936.0,1354.0,1351.204482290724,0.7001034126163392,0.7107639896615074
203,2582.0,2.080733,3936.0,1354.0,1351.1533558354306,0.7001034126163392,0.7107370959945475
204,2582.0,2.080733,3936.0,1354.0,1351.219290792017,0.7001034126163392,0.7107717792667063
205,2590.0,2.087179,3936.0,1346.0,1351.1638765644566,0.6959669079627715,0.7107426301349642
206,2582.0,2.080733,3936.0,1354.0,1351.1103186285482,0.7001034126163392,0.7107144574544386
207,2574.0,2.074286,3936.0,1362.0,1351.058616984292,0.704239917269907,0.7106872612251297
208,2582.0,2.080733,3936.0,1354.0,1351.0087716316884,0.7001034126163392,0.7106610414470377
209,2594.0,2.090403,3936.0,1342.0,1350.9607825707365,0.6938986556359876,0.7106357981201621
210,2582.0,2.080733,3936.0,1354.0,1350.9146498014368,0.7001034126163392,0.710611531244503
211,2574.0,2.074286,3936.0,1362.0,1350.8703733237896,0.704239917269907,0.710588240820061
212,2582.0,2.080733,3936.0,1354.0,1350.8690216297275,0.7001034126163392,0.7105875297985412
213,2578.0,2.077509,3936.0,1358.0,1350.8721930125078,0.7021716649431231,0.7105891980173099
214,2578.0,2.077509,3936.0,1358.0,1350.920990824001,0.7021716649431231,0.710614866765185
215,2582.0,2.080733,3936.0,1354.0,1350.9770482174015,0.7001034126163392,0.7106443542166445
216,2582.0,2.080733,3936.0,1354.0,1350.9993664206506,0.7001034126163392,0.7106560940942066
217,2598.0,2.093626,3936.0,1338.0,1351.026416860365,0.6918304033092038,0.7106703232347295
218,2582.0,2.080733,3936.0,1354.0,1351.0678435381521,0.7001034126163392,0.7106921146002616
219,2582.0,2.080733,3936.0,1354.0,1351.1544913978828,0.7001034126163392,0.7107376933259726
220,2582.0,2.080733,3936.0,1354.0,1351.2069338158028,0.7001034126163392,0.7107652792189124
221,2582.0,2.080733,3936.0,1354.0,1351.2636509335136,0.7001034126163392,0.7107951137002175
222,2582.0,2.080733,3936.0,1354.0,1351.315077184266,0.7001034126163392,0.710822165066341
223,2582.0,2.080733,3936.0,1354.0,1351.3304460590484,0.7001034126163392,0.710830249440616
224,2582.0,2.080733,3936.0,1354.0,1351.3481941245395,0.7001034126163392,0.7108395853227882
225,2582.0,2.080733,3936.0,1354.0,1351.36832138074,0.7001034126163392,0.710850172712858
226,2582.0,2.080733,3936.0,1354.0,1351.3908278276501,0.7001034126163392,0.7108620116108254
227,2566.0,2.067839,3936.0,1370.0,1351.4157134652687,0.7083764219234746,0.7108751020166899
228,2582.0,2.080733,3936.0,1354.0,1351.4429782935965,0.7001034126163392,0.7108894439304517
229,2582.0,2.080733,3936.0,1354.0,1351.4726223126336,0.7001034126163392,0.7109050373521111
230,2598.0,2.093626,3936.0,1338.0,1351.6583917890982,0.6918304033092038,0.7110027562806522
231,2566.0,2.067839,3936.0,1370.0,1351.8361521950076,0.7083764219234746,0.7110962622577
232,2582.0,2.080733,3936.0,1354.0,1352.0060429701093,0.7001034126163392,0.7111856286317023
233,2582.0,2.080733,3936.0,1354.0,1352.1682035541528,0.7001034126163392,0.7112709287511078
234,2594.0,2.090403,3936.0,1342.0,1352.322773386886,0.6938986556359876,0.7113522359643643
235,2582.0,2.080733,3936.0,1354.0,1352.4314553413778,0.7001034126163392,0.7114094051201739
236,2578.0,2.077509,3936.0,1358.0,1352.5354224893736,0.7021716649431231,0.7114640941815793
237,2582.0,2.080733,3936.0,1354.0,1352.6347794106832,0.7001034126163392,0.7115163581599158
238,2582.0,2.080733,3936.0,1354.0,1352.7296306851185,0.7001034126163392,0.7115662520665196
239,2594.0,2.090403,3936.0,1342.0,1352.8200808924917,0.6938986556359876,0.7116138309127275
240,2594.0,2.090403,3936.0,1342.0,1352.9062346126134,0.6938986556359876,0.7116591497098751
241,2574.0,2.074286,3936.0,1362.0,1352.9881964252954,0.704239917269907,0.7117022634692988
242,2582.0,2.080733,3936.0,1354.0,1353.0660709103486,0.7001034126163392,0.7117432272023345
243,2566.0,2.067839,3936.0,1370.0,1353.139962647585,0.7083764219234746,0.7117820959203187
244,2594.0,2.090403,3936.0,1342.0,1353.2099762168154,0.6938986556359876,0.7118189246345873
245,2578.0,2.077509,3936.0,1358.0,1353.2762161978517,0.7021716649431231,0.7118537683564765
246,2594.0,2.090403,3936.0,1342.0,1353.338787170505,0.6938986556359876,0.7118866820973225
247,2582.0,2.080733,3936.0,1354.0,1353.3977937145864,0.7001034126163392,0.7119177208684613
248,2582.0,2.080733,3936.0,1354.0,1353.453340409908,0.7001034126163392,0.7119469396812291
249,2594.0,2.090403,3936.0,1342.0,1353.505531836281,0.6938986556359876,0.7119743935469626
250,2574.0,2.074286,3936.0,1362.0,1353.5544725735163,0.704239917269907,0.7120001374769969
251,2582.0,2.080733,3936.0,1354.0,1353.6002672014256,0.7001034126163392,0.7120242264826689
252,2574.0,2.074286,3936.0,1362.0,1353.6430202998204,0.704239917269907,0.7120467155753145
253,2582.0,2.080733,3936.0,1354.0,1353.6828364485123,0.7001034126163392,0.7120676597662702
254,2594.0,2.090403,3936.0,1342.0,1353.7198202273116,0.6938986556359876,0.7120871140668714
255,2594.0,2.090403,3936.0,1342.0,1353.754076216031,0.6938986556359876,0.7121051334884549
256,2599.0,2.094432,3936.0,1337.0,1353.824145561161,0.6913133402275078,0.7121419915421029
257,2594.0,2.090403,3936.0,1342.0,1353.8506626438375,0.6938986556359876,0.7121559401248113
258,2592.0,2.088791,3936.0,1344.0,1353.8748005358052,0.6949327817993796,0.7121686371996226
259,2583.0,2.081538,3936.0,1353.0,1353.8966638168745,0.6995863495346433,0.7121801377778724
260,2594.0,2.090403,3936.0,1342.0,1353.9060899438746,0.6938986556359876,0.7121850961329707
261,2582.0,2.080733,3936.0,1354.0,1353.799845570486,0.7001034126163392,0.7121292091997208
262,2582.0,2.080733,3936.0,1354.0,1353.6836312550786,0.7001034126163392,0.7120680778524248
263,2582.0,2.080733,3936.0,1354.0,1353.5958835643316,0.7001034126163392,0.7120219205908287
264,2582.0,2.080733,3936.0,1354.0,1353.4955688662492,0.7001034126163392,0.7119691528003387
265,2598.0,2.093626,3936.0,1338.0,1353.344285454089,0.6918304033092038,0.7118895743183207
266,2582.0,2.080733,3936.0,1354.0,1353.2215383864634,0.7001034126163392,0.7118250065962266
267,2582.0,2.080733,3936.0,1354.0,1353.0862940313764,0.7001034126163392,0.7117538650194625
268,2582.0,2.080733,3936.0,1354.0,1352.9385872487655,0.7001034126163392,0.7116761679251408
269,2594.0,2.090403,3936.0,1342.0,1352.7784528985683,0.6938986556359876,0.7115919336503734
270,2582.0,2.080733,3936.0,1354.0,1352.6059258407206,0.7001034126163392,0.7115011805322721
271,2578.0,2.077509,3936.0,1358.0,1352.4210409351604,0.7021716649431231,0.7114039269079492
272,2582.0,2.080733,3936.0,1354.0,1352.223833041825,0.7001034126163392,0.7113001911145168
273,2578.0,2.077509,3936.0,1358.0,1352.0143370206508,0.7021716649431231,0.7111899914890867
274,2582.0,2.080733,3936.0,1354.0,1351.7925877315758,0.7001034126163392,0.7110733463687713
275,2594.0,2.090403,3936.0,1342.0,1351.6818255103356,0.6938986556359876,0.7110150829457998
276,2582.0,2.080733,3936.0,1354.0,1351.5668800966396,0.7001034126163392,0.7109546190693825
277,2598.0,2.093626,3936.0,1338.0,1351.3657539463704,0.6918304033092038,0.7108488221845556
278,2582.0,2.080733,3936.0,1354.0,1351.2375268966282,0.7001034126163392,0.7107813718684474
279,2582.0,2.080733,3936.0,1354.0,1351.1054652538012,0.7001034126163392,0.7107119044700134
280,2594.0,2.090403,3936.0,1342.0,1350.9697084576385,0.6938986556359876,0.7106404933377023
281,2594.0,2.090403,3936.0,1342.0,1350.8303959478887,0.6938986556359876,0.7105672118199622
282,2582.0,2.080733,3936.0,1354.0,1350.6876671643001,0.7001034126163392,0.7104921332652412
283,2598.0,2.093626,3936.0,1338.0,1350.5416615466213,0.6918304033092038,0.7104153310219875
284,2582.0,2.080733,3936.0,1354.0,1350.3925185346006,0.7001034126163392,0.7103368784386492
285,2582.0,2.080733,3936.0,1354.0,1350.2403775679868,0.7001034126163392,0.7102568488636747
286,2582.0,2.080733,3936.0,1354.0,1350.0853780865286,0.7001034126163392,0.7101753156455123
287,2594.0,2.090403,3936.0,1342.0,1349.9276595299737,0.6938986556359876,0.7100923521326096
288,2582.0,2.080733,3936.0,1354.0,1349.7673613380719,0.7001034126163392,0.7100080316734156
289,2582.0,2.080733,3936.0,1354.0,1349.6046229505703,0.7001034126163392,0.7099224276163779
290,2582.0,2.080733,3936.0,1354.0,1349.4395838072185,0.7001034126163392,0.709835613309945
291,2582.0,2.080733,3936.0,1354.0,1349.2723833477644,0.7001034126163392,0.7097476621025649
292,2583.0,2.081538,3936.0,1353.0,1349.103161011957,0.6995863495346433,0.709658647342686
293,2582.0,2.080733,3936.0,1354.0,1348.9320562395444,0.7001034126163392,0.7095686423787565
294,2598.0,2.093626,3936.0,1338.0,1348.7592084702753,0.6918304033092038,0.7094777205592244
295,2598.0,2.093626,3936.0,1338.0,1348.5847571438983,0.6918304033092038,0.7093859552325381
296,2594.0,2.090403,3936.0,1342.0,1348.408841700162,0.6938986556359876,0.7092934197471457
297,2594.0,2.090403,3936.0,1342.0,1348.2316015788144,0.6938986556359876,0.7092001874514953
298,2582.0,2.080733,3936.0,1354.0,1348.0531762196044,0.7001034126163392,0.7091063316940353
299,2582.0,2.080733,3936.0,1354.0,1347.8737050622806,0.7001034126163392,0.7090119258232136
300,2582.0,2.080733,3936.0,1354.0,1347.6933275465917,0.7001034126163392,0.708917043187479
301,2582.0,2.080733,3936.0,1354.0,1347.5121831122856,0.7001034126163392,0.708821757135279
302,2582.0,2.080733,3936.0,1354.0,1347.3304111991113,0.7001034126163392,0.7087261410150621
303,2598.0,2.093626,3936.0,1338.0,1347.148151246817,0.6918304033092038,0.7086302681752766
304,2582.0,2.080733,3936.0,1354.0,1346.9655426951515,0.7001034126163392,0.7085342119643706
305,2598.0,2.093626,3936.0,1338.0,1346.7827249838633,0.6918304033092038,0.7084380457307924
306,2598.0,2.093626,3936.0,1338.0,1346.5998375527008,0.6918304033092038,0.70834184282299
307,2582.0,2.080733,3936.0,1354.0,1346.4170198414126,0.7001034126163392,0.7082456765894116
308,2598.0,2.093626,3936.0,1338.0,1346.2344112897472,0.6918304033092038,0.7081496203785057
309,2606.0,2.100073,3936.0,1330.0,1346.0137147707733,0.687693898655636,0.708033529038974
310,2594.0,2.090403,3936.0,1342.0,1345.8345399229152,0.6938986556359876,0.707939279033605
311,2598.0,2.093626,3936.0,1338.0,1345.617521127308,0.6918304033092038,0.7078251222593943
312,2582.0,2.080733,3936.0,1354.0,1345.4038314556979,0.7001034126163392,0.707712716679385
313,2582.0,2.080733,3936.0,1354.0,1345.1935754878941,0.7001034126163392,0.7076021173049121
314,2594.0,2.090403,3936.0,1342.0,1344.9868578037099,0.6938986556359876,0.7074933791473127
315,2594.0,2.090403,3936.0,1342.0,1344.783782982955,0.6938986556359876,0.7073865572179221
316,2594.0,2.090403,3936.0,1342.0,1344.5844556054421,0.6938986556359876,0.7072817065280771
317,2598.0,2.093626,3936.0,1338.0,1344.4274168176614,0.6918304033092038,0.7071991005888595
318,2594.0,2.090403,3936.0,1342.0,1344.2717375674288,0.6938986556359876,0.7071172097970119
319,2582.0,2.080733,3936.0,1354.0,1344.0791207278135,0.7001034126163392,0.7070158890012365
320,2582.0,2.080733,3936.0,1354.0,1343.929175937239,0.7001034126163392,0.7069370146643211
321,2598.0,2.093626,3936.0,1338.0,1343.7809741435208,0.6918304033092038,0.7068590571830082
322,2582.0,2.080733,3936.0,1354.0,1343.634654786408,0.7001034126163392,0.7067820899057461
323,2606.0,2.100073,3936.0,1330.0,1343.4903573056486,0.687693898655636,0.7067061861809829
324,2598.0,2.093626,3936.0,1338.0,1343.3482211409912,0.6918304033092038,0.7066314193571668
325,2594.0,2.090403,3936.0,1342.0,1343.208385732184,0.6938986556359876,0.7065578627827457
326,2590.0,2.087179,3936.0,1346.0,1343.0709905189765,0.6959669079627715,0.7064855898061683
327,2598.0,2.093626,3936.0,1338.0,1342.9361749411164,0.6918304033092038,0.7064146737758825
328,2583.0,2.081538,3936.0,1353.0,1342.8040784383525,0.6995863495346433,0.7063451880403367
329,2594.0,2.090403,3936.0,1342.0,1342.5516349746342,0.6938986556359876,0.7062123970928613
330,2606.0,2.100073,3936.0,1330.0,1342.3147233559043,0.687693898655636,0.7060877762456598
331,2594.0,2.090403,3936.0,1342.0,1342.0741775887284,0.6938986556359876,0.7059612437545268
332,2598.0,2.093626,3936.0,1338.0,1341.8095157170462,0.6918304033092038,0.7058220256492782
333,2582.0,2.080733,3936.0,1354.0,1341.5399908841343,0.7001034126163392,0.7056802495168985
334,2610.0,2.103297,3936.0,1326.0,1341.2656379499297,0.6856256463288521,0.7055359336944997
335,2598.0,2.093626,3936.0,1338.0,1341.0070260203365,0.6918304033092038,0.7053998979950473
336,2594.0,2.090403,3936.0,1342.0,1340.837393208769,0.6938986556359876,0.7053106673156739
337,2594.0,2.090403,3936.0,1342.0,1340.670387964963,0.6938986556359876,0.7052228187961214
338,2582.0,2.080733,3936.0,1354.0,1340.5164081366659,0.7001034126163392,0.7051418219384864
339,2582.0,2.080733,3936.0,1354.0,1340.3659840219555,0.7001034126163392,0.7050626954662802
340,2598.0,2.093626,3936.0,1338.0,1340.2192550605812,0.6918304033092038,0.7049855127279514
341,2598.0,2.093626,3936.0,1338.0,1340.0763606922912,0.6918304033092038,0.7049103470719481
342,2598.0,2.093626,3936.0,1338.0,1339.9374403568343,0.6918304033092038,0.7048372718467186
343,2598.0,2.093626,3936.0,1338.0,1339.8026334939584,0.6918304033092038,0.704766360400711
344,2582.0,2.080733,3936.0,1354.0,1339.6720795434123,0.7001034126163392,0.7046976860823732
345,2598.0,2.093626,3936.0,1338.0,1339.5459179449447,0.6918304033092038,0.7046313222401537
346,2598.0,2.093626,3936.0,1338.0,1339.4242881383043,0.6918304033092038,0.704567342222501
347,2598.0,2.093626,3936.0,1338.0,1339.3073295632391,0.6918304033092038,0.7045058193778627
348,2598.0,2.093626,3936.0,1338.0,1339.1951816594976,0.6918304033092038,0.7044468270546872
349,2598.0,2.093626,3936.0,1338.0,1339.0879838668288,0.6918304033092038,0.7043904386014229
350,2614.0,2.10652,3936.0,1322.0,1338.9858756249812,0.6835573940020683,0.704336727366518
351,2594.0,2.090403,3936.0,1342.0,1338.888996373703,0.6938986556359876,0.7042857666984205
352,2598.0,2.093626,3936.0,1338.0,1338.7974855527425,0.6918304033092038,0.7042376299455784
353,2598.0,2.093626,3936.0,1338.0,1338.7114826018487,0.6918304033092038,0.7041923904564403
354,2614.0,2.10652,3936.0,1322.0,1338.6311269607702,0.6835573940020683,0.7041501215794543
355,2594.0,2.090403,3936.0,1342.0,1338.4333525934564,0.6938986556359876,0.7040460878079512
356,2594.0,2.090403,3936.0,1342.0,1338.3567095356823,0.6938986556359876,0.7040057718333985
357,2582.0,2.080733,3936.0,1354.0,1338.286027527157,0.7001034126163392,0.7039685915050063
358,2610.0,2.103297,3936.0,1326.0,1338.22144600763,0.6856256463288521,0.703934620171223
359,2598.0,2.093626,3936.0,1338.0,1338.163104416849,0.6918304033092038,0.7039039311804963
360,2598.0,2.093626,3936.0,1338.0,1338.111142194563,0.6918304033092038,0.703876597881275
361,2598.0,2.093626,3936.0,1338.0,1338.0656987805203,0.6918304033092038,0.703852693622007
362,2582.0,2.080733,3936.0,1354.0,1338.026913614469,0.7001034126163392,0.7038322917511403
363,2598.0,2.093626,3936.0,1338.0,1337.9949261361585,0.6918304033092038,0.7038154656171234
364,2598.0,2.093626,3936.0,1338.0,1337.9698757853369,0.6918304033092038,0.7038022885684044
365,2598.0,2.093626,3936.0,1338.0,1337.9519020017526,0.6918304033092038,0.7037928339534316
366,2598.0,2.093626,3936.0,1338.0,1337.9411442251542,0.6918304033092038,0.7037871751206529
367,2594.0,2.090403,3936.0,1342.0,1337.9377418952902,0.6938986556359876,0.7037853854185169
368,2598.0,2.093626,3936.0,1338.0,1337.9418344519092,0.6918304033092038,0.7037875381954715
369,2598.0,2.093626,3936.0,1338.0,1337.9432942117767,0.6918304033092038,0.7037883060620387
370,2598.0,2.093626,3936.0,1338.0,1337.9518610413263,0.6918304033092038,0.7037928124073248
371,2598.0,2.093626,3936.0,1338.0,1337.9676656653228,0.6918304033092038,0.7038011259955005
372,2594.0,2.090403,3936.0,1342.0,1337.99083880853,0.6938986556359876,0.7038133155907356
373,2582.0,2.080733,3936.0,1354.0,1338.0317783186958,0.7001034126163392,0.703834850695127
374,2598.0,2.093626,3936.0,1338.0,1338.0810144938982,0.6918304033092038,0.703860750032186
375,2598.0,2.093626,3936.0,1338.0,1338.1386867738863,0.6918304033092038,0.7038910869503612
376,2598.0,2.093626,3936.0,1338.0,1338.204934598408,0.6918304033092038,0.7039259347981004
377,2599.0,2.094432,3936.0,1337.0,1338.279897407213,0.6913133402275078,0.7039653669238525
378,2598.0,2.093626,3936.0,1338.0,1338.3637146400486,0.6918304033092038,0.704009456676065
379,2598.0,2.093626,3936.0,1338.0,1338.4565257366637,0.6918304033092038,0.7040582774031863
380,2594.0,2.090403,3936.0,1342.0,1338.5584701368068,0.6938986556359876,0.7041119024536646
381,2598.0,2.093626,3936.0,1338.0,1338.5054133124947,0.6918304033092038,0.7040839933691247
382,2598.0,2.093626,3936.0,1338.0,1338.4511015304463,0.6918304033092038,0.7040554241485514
383,2598.0,2.093626,3936.0,1338.0,1338.3955347906608,0.6918304033092038,0.704026194791944
384,2598.0,2.093626,3936.0,1338.0,1338.3387130931387,0.6918304033092038,0.7039963052993028
385,2594.0,2.090403,3936.0,1342.0,1338.28063643788,0.6938986556359876,0.7039657556706279
386,2582.0,2.080733,3936.0,1354.0,1338.2623733168175,0.7001034126163392,0.7039561488576249
387,2582.0,2.080733,3936.0,1354.0,1338.2455220232089,0.7001034126163392,0.7039472846976601
388,2582.0,2.080733,3936.0,1354.0,1338.230117416991,0.7001034126163392,0.7039391815278453
389,2598.0,2.093626,3936.0,1338.0,1338.2161943581011,0.6918304033092038,0.7039318576852925
390,2594.0,2.090403,3936.0,1342.0,1338.2037877064765,0.6938986556359876,0.703925331507114
391,2594.0,2.090403,3936.0,1342.0,1338.1929323220543,0.6938986556359876,0.7039196213304217
392,2598.0,2.093626,3936.0,1338.0,1338.1836630647715,0.6918304033092038,0.7039147454923278
393,2598.0,2.093626,3936.0,1338.0,1338.1760147945652,0.6918304033092038,0.703910722329944
394,2594.0,2.090403,3936.0,1342.0,1338.1700223713724,0.6938986556359876,0.7039075701803826
395,2598.0,2.093626,3936.0,1338.0,1338.1657206551306,0.6918304033092038,0.7039053073807557
396,2599.0,2.094432,3936.0,1337.0,1338.1631445057767,0.6913133402275078,0.7039039522681753
397,2594.0,2.090403,3936.0,1342.0,1338.239201916607,0.6938986556359876,0.7039439601792454
398,2582.0,2.080733,3936.0,1354.0,1338.3118604835674,0.7001034126163392,0.7039821802218909
399,2598.0,2.093626,3936.0,1338.0,1338.4196613531487,0.6918304033092038,0.7040388859071937
400,2598.0,2.093626,3936.0,1338.0,1338.5216754731662,0.6918304033092038,0.7040925476318961
401,2598.0,2.093626,3936.0,1338.0,1338.6180422833686,0.6918304033092038,0.7041432387444466
402,2598.0,2.093626,3936.0,1338.0,1338.7089012235044,0.6918304033092038,0.7041910325932931
403,2598.0,2.093626,3936.0,1338.0,1338.7943917333223,0.6918304033092038,0.704236002526884
404,2598.0,2.093626,3936.0,1338.0,1338.9130898192502,0.6918304033092038,0.7042984403934135
405,2598.0,2.093626,3936.0,1338.0,1339.024101289041,0.6918304033092038,0.7043568349267361
406,2614.0,2.10652,3936.0,1322.0,1339.1276004423803,0.6835573940020683,0.7044112778124119
407,2594.0,2.090403,3936.0,1342.0,1339.1826930870207,0.6938986556359876,0.7044402577842953
408,2598.0,2.093626,3936.0,1338.0,1339.2690237213235,0.6918304033092038,0.7044856696422866
409,2598.0,2.093626,3936.0,1338.0,1339.3483300782943,0.6918304033092038,0.7045273865721999
410,2598.0,2.093626,3936.0,1338.0,1339.4207864576192,0.6918304033092038,0.7045655002595953
411,2598.0,2.093626,3936.0,1338.0,1339.4865671589837,0.6918304033092038,0.7046001023900332
412,2599.0,2.094432,3936.0,1337.0,1339.5458464820736,0.6913133402275078,0.704631284649074
413,2598.0,2.093626,3936.0,1338.0,1339.598798726574,0.6918304033092038,0.7046591387222775
414,2582.0,2.080733,3936.0,1354.0,1339.5660931335588,0.7001034126163392,0.7046419348437526
415,2582.0,2.080733,3936.0,1354.0,1339.5273393414511,0.7001034126163392,0.7046215494762867
416,2598.0,2.093626,3936.0,1338.0,1339.523710421996,0.6918304033092038,0.7046196405829224
417,2594.0,2.090403,3936.0,1342.0,1339.475840756329,0.6938986556359876,0.7045944600606557
418,2599.0,2.094432,3936.0,1337.0,1339.4222714909413,0.6913133402275078,0.7045662814205689
419,2598.0,2.093626,3936.0,1338.0,1339.363107205644,0.6918304033092038,0.7045351596739978
420,2598.0,2.093626,3936.0,1338.0,1339.1927519218798,0.6918304033092038,0.7044455489579774
421,2594.0,2.090403,3936.0,1342.0,1339.0241527074481,0.6938986556359876,0.7043568619739763
422,2598.0,2.093626,3936.0,1338.0,1338.9245822690234,0.6918304033092038,0.7043044856808284
423,2590.0,2.087179,3936.0,1346.0,1338.822240465597,0.6959669079627715,0.7042506515872726
424,2606.0,2.100073,3936.0,1330.0,1338.717197017043,0.687693898655636,0.7041953963675331
425,2594.0,2.090403,3936.0,1342.0,1338.6095216432354,0.6938986556359876,0.7041387566958337
426,2598.0,2.093626,3936.0,1338.0,1338.4992840640487,0.6918304033092038,0.7040807692463985
427,2582.0,2.080733,3936.0,1354.0,1338.3865539993574,0.7001034126163392,0.704021470693452
428,2598.0,2.093626,3936.0,1338.0,1338.2714011690355,0.6918304033092038,0.7039608977112178
429,2598.0,2.093626,3936.0,1338.0,1338.1538952929575,0.6918304033092038,0.7038990869739206
430,2598.0,2.093626,3936.0,1338.0,1338.0341060909973,0.6918304033092038,0.7038360751557838
431,2598.0,2.093626,3936.0,1338.0,1337.84483929134,0.6918304033092038,0.7037365165564763
432,2598.0,2.093626,3936.0,1338.0,1337.6579734698523,0.6918304033092038,0.7036382209257611
433,2598.0,2.093626,3936.0,1338.0,1337.463908199849,0.6918304033092038,0.7035361382229799
434,2598.0,2.093626,3936.0,1338.0,1337.282519745983,0.6918304033092038,0.7034407238109958
435,2598.0,2.093626,3936.0,1338.0,1337.1035497002558,0.6918304033092038,0.70334658153616
436,2598.0,2.093626,3936.0,1338.0,1336.9942707693403,0.6918304033092038,0.7032890983573064
437,2598.0,2.093626,3936.0,1338.0,1336.9597559455876,0.6918304033092038,0.7032709427826658
438,2594.0,2.090403,3936.0,1342.0,1336.8411345515215,0.6938986556359876,0.7032085452577828
439,2598.0,2.093626,3936.0,1338.0,1336.797486424241,0.6918304033092038,0.7031855853597854
440,2598.0,2.093626,3936.0,1338.0,1336.7468140196286,0.6918304033092038,0.7031589305337097
441,2598.0,2.093626,3936.0,1338.0,1336.689256777433,0.6918304033092038,0.7031286541280043
442,2598.0,2.093626,3936.0,1338.0,1336.6249541374027,0.6918304033092038,0.7030948294911171
443,2598.0,2.093626,3936.0,1338.0,1336.5156089726067,0.6918304033092038,0.7030373114717506
444,2610.0,2.103297,3936.0,1326.0,1336.3639577881097,0.6856256463288521,0.7029575395332004
445,2598.0,2.093626,3936.0,1338.0,1336.2111387957189,0.6918304033092038,0.7028771533013967
446,2614.0,2.10652,3936.0,1322.0,1336.057221715308,0.6835573940020683,0.7027961894505631
447,2594.0,2.090403,3936.0,1342.0,1335.9022762667523,0.6938986556359876,0.7027146846549243
448,2598.0,2.093626,3936.0,1338.0,1335.7463721699255,0.6918304033092038,0.702632675588704
449,2598.0,2.093626,3936.0,1338.0,1335.5895791447017,0.6918304033092038,0.7025501989261265
450,2614.0,2.10652,3936.0,1322.0,1335.4319669109552,0.6835573940020683,0.7024672913414157
451,2598.0,2.093626,3936.0,1338.0,1335.2736051885606,0.6918304033092038,0.702383989508796
452,2598.0,2.093626,3936.0,1338.0,1335.1145636973918,0.6918304033092038,0.702300330102491
453,2598.0,2.093626,3936.0,1338.0,1334.9549121573234,0.6918304033092038,0.7022163497967255
454,2598.0,2.093626,3936.0,1338.0,1334.8715934215888,0.6918304033092038,0.7021725222652153
455,2598.0,2.093626,3936.0,1338.0,1334.7826099460704,0.6918304033092038,0.702125714952997
456,2598.0,2.093626,3936.0,1338.0,1334.688101170517,0.6918304033092038,0.7020760012085189
457,2598.0,2.093626,3936.0,1338.0,1334.588206534677,0.6918304033092038,0.702023454380229
458,2598.0,2.093626,3936.0,1338.0,1334.4830654782988,0.6918304033092038,0.7019681478165756
459,2598.0,2.093626,3936.0,1338.0,1334.3728174411312,0.6918304033092038,0.7019101548660069
460,2606.0,2.100073,3936.0,1330.0,1334.2986703548554,0.687693898655636,0.701871151828677
461,2606.0,2.100073,3936.0,1330.0,1334.1812934605448,0.687693898655636,0.7018094089386943
462,2598.0,2.093626,3936.0,1338.0,1334.0234581232005,0.6918304033092038,0.7017263839964663
463,2598.0,2.093626,3936.0,1338.0,1333.8689693398212,0.6918304033092038,0.7016451194169953
464,2594.0,2.090403,3936.0,1342.0,1333.7179316902177,0.6938986556359876,0.7015656702116172
465,2598.0,2.093626,3936.0,1338.0,1333.5704497542013,0.6918304033092038,0.7014880913916681
466,2598.0,2.093626,3936.0,1338.0,1333.5035012449432,0.6918304033092038,0.7014528749679767
467,2594.0,2.090403,3936.0,1342.0,1333.4351234782623,0.6938986556359876,0.7014169067226909
468,2610.0,2.103297,3936.0,1326.0,1333.3244222619119,0.6856256463288521,0.7013586753896656
469,2598.0,2.093626,3936.0,1338.0,1333.2099736023201,0.6918304033092038,0.7012984728170949
470,2598.0,2.093626,3936.0,1338.0,1333.1329854311682,0.6918304033092038,0.7012579753051329
471,2606.0,2.100073,3936.0,1330.0,1333.0141269895294,0.687693898655636,0.701195453087888
472,2598.0,2.093626,3936.0,1338.0,1332.891974283832,0.6918304033092038,0.7011311980135544
473,2610.0,2.103297,3936.0,1326.0,1332.766666753824,0.6856256463288521,0.7010652834305802
474,2598.0,2.093626,3936.0,1338.0,1332.6383438392545,0.6918304033092038,0.7009977826874138
475,2610.0,2.103297,3936.0,1326.0,1332.5071449798716,0.6856256463288521,0.7009287691325031
476,2610.0,2.103297,3936.0,1326.0,1332.373209615424,0.6856256463288521,0.7008583161142966
477,2610.0,2.103297,3936.0,1326.0,1332.2366771856603,0.6856256463288521,0.7007864969812424
478,2614.0,2.10652,3936.0,1322.0,1332.0976871303287,0.6835573940020683,0.7007133850817887
479,2614.0,2.10652,3936.0,1322.0,1331.9563788891783,0.6835573940020683,0.7006390537643837
480,2614.0,2.10652,3936.0,1322.0,1331.8128919019568,0.6835573940020683,0.7005635763774755
481,2626.0,2.11619,3936.0,1310.0,1331.6673656084135,0.6773526370217167,0.7004870262695124
482,2606.0,2.100073,3936.0,1330.0,1331.5199394482966,0.687693898655636,0.7004094767889426
483,2614.0,2.10652,3936.0,1322.0,1331.3707528613545,0.6835573940020683,0.7003310012842143
484,2614.0,2.10652,3936.0,1322.0,1331.219945287336,0.6835573940020683,0.7002516731037758
485,2610.0,2.103297,3936.0,1326.0,1331.0676561659895,0.6856256463288521,0.7001715655960752
486,2626.0,2.11619,3936.0,1310.0,1330.837151803704,0.6773526370217167,0.7000503151100682
487,2626.0,2.11619,3936.0,1310.0,1330.6875120375794,0.6773526370217167,0.6999716012228834
488,2626.0,2.11619,3936.0,1310.0,1330.5367393234983,0.6773526370217167,0.699892291379557
489,2606.0,2.100073,3936.0,1330.0,1330.3849731012083,0.687693898655636,0.6998124589285368
490,2610.0,2.103297,3936.0,1326.0,1330.2323528104591,0.6856256463288521,0.6997321772182717
491,2614.0,2.10652,3936.0,1322.0,1330.0790178909986,0.6835573940020683,0.6996515195972095
492,2598.0,2.093626,3936.0,1338.0,1329.9251077825754,0.6918304033092038,0.6995705594137984
493,2594.0,2.090403,3936.0,1342.0,1329.7707619249381,0.6938986556359876,0.6994893700164868
494,2598.0,2.093626,3936.0,1338.0,1329.6161197578353,0.6918304033092038,0.6994080247537228
495,2610.0,2.103297,3936.0,1326.0,1329.4613207210155,0.6856256463288521,0.6993265969739545
496,2614.0,2.10652,3936.0,1322.0,1329.306504254227,0.6835573940020683,0.6992451600256302
497,2614.0,2.10652,3936.0,1322.0,1329.1518097972184,0.6835573940020683,0.699163787257198
498,2599.0,2.094432,3936.0,1337.0,1328.9973767897386,0.6913133402275078,0.6990825520171063
499,2598.0,2.093626,3936.0,1338.0,1328.8433446715353,0.6918304033092038,0.6990015276538031
500,2606.0,2.100073,3936.0,1330.0,1328.6898528823576,0.687693898655636,0.6989207875157366
501,2606.0,2.100073,3936.0,1330.0,1328.5370408619542,0.687693898655636,0.6988404049513551
502,2606.0,2.100073,3936.0,1330.0,1328.3081749167138,0.687693898655636,0.6987200163096147
503,2610.0,2.103297,3936.0,1326.0,1328.1623348837365,0.6856256463288521,0.6986433011676433
504,2598.0,2.093626,3936.0,1338.0,1328.0175232189044,0.6918304033092038,0.6985671269704773
505,2606.0,2.100073,3936.0,1330.0,1327.873879361966,0.687693898655636,0.6984915670665648
506,2598.0,2.093626,3936.0,1338.0,1327.6931061859907,0.6918304033092038,0.6983964763046084
507,2594.0,2.090403,3936.0,1342.0,1327.516376762722,0.6938986556359876,0.6983035126476494
508,2622.0,2.112967,3936.0,1314.0,1327.3822322386518,0.6794208893485005,0.6982329496067707
509,2599.0,2.094432,3936.0,1337.0,1327.2497435615949,0.6913133402275078,0.6981632575787142
510,2598.0,2.093626,3936.0,1338.0,1327.1190501713006,0.6918304033092038,0.6980945099119285
511,2614.0,2.10652,3936.0,1322.0,1326.990291507517,0.6835573940020683,0.6980267799548614
512,2598.0,2.093626,3936.0,1338.0,1326.8636070099924,0.6918304033092038,0.6979601410559613
513,2614.0,2.10652,3936.0,1322.0,1326.7391361184755,0.6835573940020683,0.6978946665636762
514,2614.0,2.10652,3936.0,1322.0,1326.5785817060353,0.6835573940020683,0.6978102113267084
515,2606.0,2.100073,3936.0,1330.0,1326.461553411096,0.687693898655636,0.6977486518078462
516,2614.0,2.10652,3936.0,1322.0,1326.3471221814727,0.6835573940020683,0.6976884584038315
517,2598.0,2.093626,3936.0,1338.0,1326.2354274569138,0.6918304033092038,0.6976297044631127
518,2614.0,2.10652,3936.0,1322.0,1326.1266086771689,0.6835573940020683,0.6975724633341381
519,2582.0,2.080733,3936.0,1354.0,1326.020805281985,0.7001034126163392,0.6975168083653558
520,2614.0,2.10652,3936.0,1322.0,1325.918156711112,0.6835573940020683,0.6974628129052141
521,2610.0,2.103297,3936.0,1326.0,1325.8188024042975,0.6856256463288521,0.6974105503021609
522,2598.0,2.093626,3936.0,1338.0,1325.72288180129,0.6918304033092038,0.6973600939046446
523,2606.0,2.100073,3936.0,1330.0,1325.630534341839,0.687693898655636,0.6973115170611137
524,2606.0,2.100073,3936.0,1330.0,1325.5418994656918,0.687693898655636,0.6972648931200158
525,2598.0,2.093626,3936.0,1338.0,1325.4571166125975,0.6918304033092038,0.6972202954297995
526,2622.0,2.112967,3936.0,1314.0,1325.376325222305,0.6794208893485005,0.6971777973389129
527,2606.0,2.100073,3936.0,1330.0,1325.299664734562,0.687693898655636,0.6971374721958041
528,2614.0,2.10652,3936.0,1322.0,1325.2272745891178,0.6835573940020683,0.6970993933489217
529,2598.0,2.093626,3936.0,1338.0,1325.1592942257203,0.6918304033092038,0.6970636341467134
530,2614.0,2.10652,3936.0,1322.0,1325.0958630841183,0.6835573940020683,0.6970302679376275
531,2598.0,2.093626,3936.0,1338.0,1324.9986840373808,0.6918304033092038,0.6969791495703663
532,2626.0,2.11619,3936.0,1310.0,1324.908930157252,0.6773526370217167,0.6969319370079717
533,2614.0,2.10652,3936.0,1322.0,1324.8267060235435,0.6835573940020683,0.69688868526178
534,2614.0,2.10652,3936.0,1322.0,1324.752116216066,0.6835573940020683,0.6968494493431271
535,2614.0,2.10652,3936.0,1322.0,1324.6852653146318,0.6835573940020683,0.6968142842633493
536,2598.0,2.093626,3936.0,1338.0,1324.6262578990516,0.6918304033092038,0.6967832450337825
537,2598.0,2.093626,3936.0,1338.0,1324.5367619824574,0.6918304033092038,0.6967361681660171
538,2614.0,2.10652,3936.0,1322.0,1324.4963523433364,0.6835573940020683,0.6967149117857291
539,2599.0,2.094432,3936.0,1337.0,1324.4640650695665,0.6913133402275078,0.6966979279525486
540,2606.0,2.100073,3936.0,1330.0,1324.440004740959,0.687693898655636,0.6966852716778117
541,2606.0,2.100073,3936.0,1330.0,1324.424275937326,0.687693898655636,0.6966769979728549
542,2614.0,2.10652,3936.0,1322.0,1324.4169832384785,0.6835573940020683,0.6966731618490141
543,2614.0,2.10652,3936.0,1322.0,1324.4182312242278,0.6835573940020683,0.6966738183176255
544,2614.0,2.10652,3936.0,1322.0,1324.4665610410648,0.6835573940020683,0.6966992408897712
545,2626.0,2.11619,3936.0,1310.0,1324.5210436368054,0.6773526370217167,0.6967278999621939
546,2614.0,2.10652,3936.0,1322.0,1324.5818184511982,0.6835573940020683,0.6967598688833415
547,2614.0,2.10652,3936.0,1322.0,1324.6490249239912,0.6835573940020683,0.6967952210016622
548,2626.0,2.11619,3936.0,1310.0,1324.6406655110673,0.6773526370217167,0.6967908237621926
549,2614.0,2.10652,3936.0,1322.0,1324.63368306566,0.6835573940020683,0.6967871508386491
550,2614.0,2.10652,3936.0,1322.0,1324.5870788157108,0.6835573940020683,0.6967626359535497
551,2614.0,2.10652,3936.0,1322.0,1324.5393241878364,0.6835573940020683,0.6967375159437528
552,2614.0,2.10652,3936.0,1322.0,1324.4904540419734,0.6835573940020683,0.69671180914637
553,2614.0,2.10652,3936.0,1322.0,1324.44050323806,0.6835573940020683,0.6966855338985141
554,2622.0,2.112967,3936.0,1314.0,1324.3895066360321,0.6794208893485005,0.6966587085372963
555,2614.0,2.10652,3936.0,1322.0,1324.2964306038948,0.6835573940020683,0.6966097484481233
556,2614.0,2.10652,3936.0,1322.0,1324.1997117083274,0.6835573940020683,0.6965588721307412
557,2598.0,2.093626,3936.0,1338.0,1324.0993499493297,0.6918304033092038,0.6965060795851499
558,2598.0,2.093626,3936.0,1338.0,1323.9953453269022,0.6918304033092038,0.6964513708113493
559,2614.0,2.10652,3936.0,1322.0,1323.8876978410444,0.6835573940020683,0.6963947458093396
560,2614.0,2.10652,3936.0,1322.0,1323.737970925077,0.6835573940020683,0.6963159860793746
561,2622.0,2.112967,3936.0,1314.0,1323.5487616443158,0.6794208893485005,0.6962164577363019
562,2626.0,2.11619,3936.0,1310.0,1323.3610687708199,0.6773526370217167,0.6961177270576034
563,2598.0,2.093626,3936.0,1338.0,1323.174822584715,0.6918304033092038,0.6960197573690551
564,2606.0,2.100073,3936.0,1330.0,1322.9899533661267,0.687693898655636,0.6959225119964326
565,2606.0,2.100073,3936.0,1330.0,1322.8474598871135,0.687693898655636,0.6958475572172178
566,2614.0,2.10652,3936.0,1322.0,1322.7473072877392,0.6835573940020683,0.695794874694299
567,2614.0,2.10652,3936.0,1322.0,1322.648427076069,0.6835573940020683,0.6957428614759695
568,2614.0,2.10652,3936.0,1322.0,1322.550819252105,0.6835573940020683,0.6956915175622302
569,2610.0,2.103297,3936.0,1326.0,1322.4544838158458,0.6856256463288521,0.6956408429530806
570,2614.0,2.10652,3936.0,1322.0,1322.3594207672922,0.6835573940020683,0.6955908376485209
571,2614.0,2.10652,3936.0,1322.0,1322.417005025939,0.6835573940020683,0.6956211282654882
572,2614.0,2.10652,3936.0,1322.0,1322.4805982662488,0.6835573940020683,0.6956545797421451
573,2599.0,2.094432,3936.0,1337.0,1322.4784613521024,0.6913133402275078,0.6956534556771763
574,2614.0,2.10652,3936.0,1322.0,1322.4779279950644,0.6835573940020683,0.695653175119362
575,2614.0,2.10652,3936.0,1322.0,1322.440631348329,0.6835573940020683,0.6956335562431799
576,2614.0,2.10652,3936.0,1322.0,1322.4076747637664,0.6835573940020683,0.6956162203374482
577,2614.0,2.10652,3936.0,1322.0,1322.4175296679928,0.6835573940020683,0.6956214042390244
578,2598.0,2.093626,3936.0,1338.0,1322.4291972889503,0.6918304033092038,0.6956275416704275
579,2598.0,2.093626,3936.0,1338.0,1322.4427473465128,0.6918304033092038,0.6956346693058814
580,2606.0,2.100073,3936.0,1330.0,1322.4582495605543,0.687693898655636,0.6956428238196097
581,2606.0,2.100073,3936.0,1330.0,1322.4757736509498,0.687693898655636,0.6956520418858373
582,2614.0,2.10652,3936.0,1322.0,1322.5672591984555,0.6835573940020683,0.6957001653442729
583,2614.0,2.10652,3936.0,1322.0,1322.6655729361469,0.6835573940020683,0.6957518805845314
584,2614.0,2.10652,3936.0,1322.0,1322.7811127117707,0.6835573940020683,0.6958126571087091
585,2610.0,2.103297,3936.0,1326.0,1322.894141700423,0.6856256463288521,0.6958721129023916
586,2630.0,2.119414,3936.0,1306.0,1323.0240089102074,0.6752843846949328,0.6959404259796218
587,2630.0,2.119414,3936.0,1306.0,1323.1559807886958,0.6752843846949328,0.696009846159992
588,2614.0,2.10652,3936.0,1322.0,1323.2418904892584,0.6835573940020683,0.6960550365973557
589,2610.0,2.103297,3936.0,1326.0,1323.3997842169965,0.6856256463288521,0.6961380922542458
590,2610.0,2.103297,3936.0,1326.0,1323.432389587693,0.6856256463288521,0.696155243413574
591,2598.0,2.093626,3936.0,1338.0,1323.4577179465132,0.6918304033092038,0.6961685667007615
592,2614.0,2.10652,3936.0,1322.0,1323.5142755800116,0.6835573940020683,0.6961983172897789
593,2606.0,2.100073,3936.0,1330.0,1323.5610985760663,0.687693898655636,0.6962229472402565
594,2615.0,2.107326,3936.0,1321.0,1323.639360006422,0.6830403309203723,0.6962641145152361
595,2614.0,2.10652,3936.0,1322.0,1323.7133946694,0.6835573940020683,0.6963030584153793
596,2626.0,2.11619,3936.0,1310.0,1323.7091007966446,0.6773526370217167,0.696300799741603
597,2614.0,2.10652,3936.0,1322.0,1323.7086850918943,0.6835573940020683,0.6963005810715417
598,2598.0,2.093626,3936.0,1338.0,1323.7890904083831,0.6918304033092038,0.6963428760789123
599,2614.0,2.10652,3936.0,1322.0,1323.8683192019937,0.6835573940020683,0.6963845522087511
600,2599.0,2.094432,3936.0,1337.0,1323.9465109124747,0.6913133402275078,0.6964256828095063
601,2615.0,2.107326,3936.0,1321.0,1324.0238049795753,0.6830403309203723,0.6964663412296268
602,2598.0,2.093626,3936.0,1338.0,1324.0234677096835,0.6918304033092038,0.6964661638180677
603,2614.0,2.10652,3936.0,1322.0,1324.02770580654,0.6835573940020683,0.6964683931524652
604,2614.0,2.10652,3936.0,1322.0,1324.0365889900193,0.6835573940020683,0.6964730659070433
605,2598.0,2.093626,3936.0,1338.0,1323.9680499961291,0.6918304033092038,0.6964370128526143
606,2614.0,2.10652,3936.0,1322.0,1323.8989619582296,0.6835573940020683,0.6964006709886708
607,2614.0,2.10652,3936.0,1322.0,1323.82932487632,0.6835573940020683,0.6963640403152122
608,2598.0,2.093626,3936.0,1338.0,1323.7591387504008,0.6918304033092038,0.696327120832239
609,2606.0,2.100073,3936.0,1330.0,1323.6884035804715,0.687693898655636,0.6962899125397509
610,2610.0,2.103297,3936.0,1326.0,1323.6171193665327,0.6856256463288521,0.6962524154377482
611,2610.0,2.103297,3936.0,1326.0,1323.545286108584,0.6856256463288521,0.6962146295262305
612,2606.0,2.100073,3936.0,1330.0,1323.4729038066255,0.687693898655636,0.6961765548051981
613,2610.0,2.103297,3936.0,1326.0,1323.482109444523,0.6856256463288521,0.6961813971780627
614,2599.0,2.094432,3936.0,1337.0,1323.4960996087916,0.6913133402275078,0.696188756319556
615,2614.0,2.10652,3936.0,1322.0,1323.5149440193059,0.6835573940020683,0.6961986689039024
616,2598.0,2.093626,3936.0,1338.0,1323.5387123959397,0.6918304033092038,0.6962111716053258
617,2614.0,2.10652,3936.0,1322.0,1323.485337474701,0.6835573940020683,0.6961830951946384
618,2614.0,2.10652,3936.0,1322.0,1323.43169238895,0.6835573940020683,0.6961548766713328
619,2610.0,2.103297,3936.0,1326.0,1323.3777771386863,0.6856256463288521,0.6961265160354089
620,2622.0,2.112967,3936.0,1314.0,1323.3235917239099,0.6794208893485005,0.6960980132868666
621,2598.0,2.093626,3936.0,1338.0,1323.2691361446205,0.6918304033092038,0.6960693684257058
622,2606.0,2.100073,3936.0,1330.0,1323.2144104008182,0.687693898655636,0.6960405814519265
623,2614.0,2.10652,3936.0,1322.0,1323.1594144925034,0.6835573940020683,0.696011652365529
624,2614.0,2.10652,3936.0,1322.0,1323.1041484196758,0.6835573940020683,0.6959825811665131
625,2626.0,2.11619,3936.0,1310.0,1323.0486121823353,0.6773526370217167,0.6959533678548787
626,2622.0,2.112967,3936.0,1314.0,1323.0696789138415,0.6794208893485005,0.6959644494301183
627,2606.0,2.100073,3936.0,1330.0,1323.1237179168822,0.687693898655636,0.6959928751627901
628,2614.0,2.10652,3936.0,1322.0,1323.169765279336,0.6835573940020683,0.6960170971125245
629,2614.0,2.10652,3936.0,1322.0,1323.2079255810138,0.6835573940020683,0.6960371702906576
630,2614.0,2.10652,3936.0,1322.0,1323.2767399684071,0.6835573940020683,0.6960733682082717
631,2614.0,2.10652,3936.0,1322.0,1323.3352793893314,0.6835573940020683,0.6961041612621092
632,2606.0,2.100073,3936.0,1330.0,1323.3452467168554,0.687693898655636,0.6961094043008721
633,2614.0,2.10652,3936.0,1322.0,1323.3478150227238,0.6835573940020683,0.6961107552876025
634,2614.0,2.10652,3936.0,1322.0,1323.343088886747,0.6835573940020683,0.6961082692336361
635,2594.0,2.090403,3936.0,1342.0,1323.3311728887375,0.6938986556359876,0.6961020011503097
636,2598.0,2.093626,3936.0,1338.0,1323.3121716085068,0.6918304033092038,0.6960920060489594
637,2614.0,2.10652,3936.0,1322.0,1323.3298900430514,0.6835573940020683,0.6961013263445864
638,2610.0,2.103297,3936.0,1326.0,1323.1896528734692,0.6856256463288521,0.6960275584349491
639,2606.0,2.100073,3936.0,1330.0,1323.0504702169846,0.687693898655636,0.6959543452229512
640,2606.0,2.100073,3936.0,1330.0,1322.912342073599,0.687693898655636,0.695881686708593
641,2606.0,2.100073,3936.0,1330.0,1322.7752684433108,0.687693898655636,0.6958095828918739
642,2614.0,2.10652,3936.0,1322.0,1322.6392493261212,0.6835573940020683,0.6957380337727946
643,2606.0,2.100073,3936.0,1330.0,1322.50428472203,0.687693898655636,0.695667039351355
644,2614.0,2.10652,3936.0,1322.0,1322.3703746310366,0.6835573940020683,0.6955965996275546
645,2614.0,2.10652,3936.0,1322.0,1322.237519053142,0.6835573940020683,0.695526714601394
646,2614.0,2.10652,3936.0,1322.0,1322.105717988345,0.6835573940020683,0.6954573842728727
647,2610.0,2.103297,3936.0,1326.0,1321.9749714366462,0.6856256463288521,0.6953886086419908
648,2606.0,2.100073,3936.0,1330.0,1321.845279398046,0.687693898655636,0.6953203877087486
649,2606.0,2.100073,3936.0,1330.0,1321.7166418725437,0.687693898655636,0.695252721473146
650,2615.0,2.107326,3936.0,1321.0,1321.6659319934988,0.6830403309203723,0.6952260469346748
651,2614.0,2.10652,3936.0,1322.0,1321.6110824969198,0.6835573940020683,0.6951971948641479
652,2614.0,2.10652,3936.0,1322.0,1321.552163102681,0.6835573940020683,0.6951662019357892
653,2598.0,2.093626,3936.0,1338.0,1321.6098170812024,0.6918304033092038,0.6951965292269806
654,2606.0,2.100073,3936.0,1330.0,1321.5841401230107,0.687693898655636,0.6951830225686725
655,2614.0,2.10652,3936.0,1322.0,1321.5521099412774,0.6835573940020683,0.6951661739716936
656,2614.0,2.10652,3936.0,1322.0,1321.5138311158134,0.6835573940020683,0.6951460384473795
657,2606.0,2.100073,3936.0,1330.0,1321.510476718363,0.687693898655636,0.6951442739587724
658,2610.0,2.103297,3936.0,1326.0,1321.5037496219957,0.6856256463288521,0.6951407353545749
659,2614.0,2.10652,3936.0,1322.0,1321.4911573412057,0.6835573940020683,0.6951341115312746
660,2626.0,2.11619,3936.0,1310.0,1321.4702073904887,0.6773526370217167,0.6951230913853603
661,2630.0,2.119414,3936.0,1306.0,1321.4410392095936,0.6752843846949328,0.6951077482652805
662,2614.0,2.10652,3936.0,1322.0,1321.4037922382684,0.6835573940020683,0.6950881555194831
663,2622.0,2.112967,3936.0,1314.0,1321.3586059162617,0.6794208893485005,0.6950643864964162
664,2615.0,2.107326,3936.0,1321.0,1321.3056196833227,0.6830403309203723,0.6950365145445285
665,2630.0,2.119414,3936.0,1306.0,1321.286041471132,0.6752843846949328,0.6950262159639735
666,2630.0,2.119414,3936.0,1306.0,1321.220540520763,0.6752843846949328,0.6949917609888598
667,2630.0,2.119414,3936.0,1306.0,1321.147692838644,0.6752843846949328,0.6949534414673817
668,2614.0,2.10652,3936.0,1322.0,1321.067637864523,0.6835573940020683,0.694911330747987
669,2614.0,2.10652,3936.0,1322.0,1320.980515038149,0.6835573940020683,0.6948655021791245
670,2626.0,2.11619,3936.0,1310.0,1320.8864637992704,0.6773526370217167,0.6948160291092419
671,2626.0,2.11619,3936.0,1310.0,1320.7856235876357,0.6773526370217167,0.6947629848867877
672,2622.0,2.112967,3936.0,1314.0,1320.6781338429932,0.6794208893485005,0.6947064428602099
673,2614.0,2.10652,3936.0,1322.0,1320.564134005092,0.6835573940020683,0.6946464763779568
674,2614.0,2.10652,3936.0,1322.0,1320.4053269470007,0.6835573940020683,0.6945629402887308
675,2614.0,2.10652,3936.0,1322.0,1320.2428857404636,0.6835573940020683,0.6944774925555735
676,2630.0,2.119414,3936.0,1306.0,1320.076914965292,0.6752843846949328,0.694390188189821
677,2630.0,2.119414,3936.0,1306.0,1319.9075192012972,0.6752843846949328,0.6943010822028096
678,2614.0,2.10652,3936.0,1322.0,1319.7348030282908,0.6835573940020683,0.6942102296058755
679,2630.0,2.119414,3936.0,1306.0,1319.5588710260843,0.6752843846949328,0.6941176854103549
680,2622.0,2.112967,3936.0,1314.0,1319.3798277744884,0.6794208893485005,0.6940235046275836
681,2614.0,2.10652,3936.0,1322.0,1319.1977778533155,0.6835573940020683,0.6939277422688983
682,2614.0,2.10652,3936.0,1322.0,1319.0538943343095,0.6835573940020683,0.6938520562973406
683,2606.0,2.100073,3936.0,1330.0,1318.9098800905392,0.687693898655636,0.6937763015616127
684,2614.0,2.10652,3936.0,1322.0,1318.8043111284328,0.6835573940020683,0.6937207699099089
685,2630.0,2.119414,3936.0,1306.0,1318.696293255743,0.6752843846949328,0.6936639500760836
686,2610.0,2.103297,3936.0,1326.0,1318.547564205476,0.6856256463288521,0.693585715245951
687,2622.0,2.112967,3936.0,1314.0,1318.3993319093129,0.6794208893485005,0.6935077417196651
688,2614.0,2.10652,3936.0,1322.0,1318.3312408656147,0.6835573940020683,0.6934719242971259
689,2614.0,2.10652,3936.0,1322.0,1318.2229266834595,0.6835573940020683,0.6934149485978482
690,2630.0,2.119414,3936.0,1306.0,1318.1130002292118,0.6752843846949328,0.6933571248071383
691,2614.0,2.10652,3936.0,1322.0,1318.001635802558,0.6835573940020683,0.6932985446105564
692,2614.0,2.10652,3936.0,1322.0,1317.8890077031824,0.6835573940020683,0.6932392996936624
693,2614.0,2.10652,3936.0,1322.0,1317.7752902307718,0.6835573940020683,0.6931794817420169
694,2614.0,2.10652,3936.0,1322.0,1317.6606576850118,0.6835573940020683,0.6931191824411803
695,2614.0,2.10652,3936.0,1322.0,1317.5042158736546,0.6835573940020683,0.6930368905250066
696,2610.0,2.103297,3936.0,1326.0,1317.3445408031284,0.6856256463288521,0.6929528978416903
697,2610.0,2.103297,3936.0,1326.0,1317.1817719131823,0.6856256463288521,0.6928672777396797
698,2606.0,2.100073,3936.0,1330.0,1317.016048643564,0.687693898655636,0.6927801035674228
699,2614.0,2.10652,3936.0,1322.0,1316.8475104340228,0.6835573940020683,0.6926914486733678
700,2626.0,2.11619,3936.0,1310.0,1316.6762967243067,0.6773526370217167,0.6926013864059631
701,2622.0,2.112967,3936.0,1314.0,1316.5025469541642,0.6794208893485005,0.6925099901136567
702,2630.0,2.119414,3936.0,1306.0,1316.3264005633444,0.6752843846949328,0.692417333144897
703,2614.0,2.10652,3936.0,1322.0,1316.157606133265,0.6835573940020683,0.6923285434730685
704,2626.0,2.11619,3936.0,1310.0,1315.9860446956764,0.6773526370217167,0.6922382982929711
705,2631.0,2.12022,3936.0,1305.0,1315.8118644053104,0.6747673216132368,0.6921466755373309
706,2626.0,2.11619,3936.0,1310.0,1315.6352134169006,0.6773526370217167,0.6920537531388743
707,2638.0,2.125861,3936.0,1298.0,1315.4562398851795,0.671147880041365,0.6919596090303273
708,2630.0,2.119414,3936.0,1306.0,1315.2750919648797,0.6752843846949328,0.6918643211444162
709,2630.0,2.119414,3936.0,1306.0,1315.1591818024235,0.6752843846949328,0.6918033497884227
710,2614.0,2.10652,3936.0,1322.0,1315.0368486965513,0.6835573940020683,0.6917389998195342
711,2626.0,2.11619,3936.0,1310.0,1314.9493702988184,0.6773526370217167,0.6916929842121285
712,2614.0,2.10652,3936.0,1322.0,1314.8996225540384,0.6835573940020683,0.6916668157779501
713,2626.0,2.11619,3936.0,1310.0,1314.926320908388,0.6773526370217167,0.6916808597136413
714,2614.0,2.10652,3936.0,1322.0,1314.9476769773723,0.6835573940020683,0.6916920934869107
715,2614.0,2.10652,3936.0,1322.0,1314.9640393603627,0.6835573940020683,0.6917007004688791
716,2622.0,2.112967,3936.0,1314.0,1314.9757566567307,0.6794208893485005,0.691706864030667
717,2610.0,2.103297,3936.0,1326.0,1314.9421089739142,0.6856256463288521,0.6916891645916886
718,2610.0,2.103297,3936.0,1326.0,1314.8249734846681,0.6856256463288521,0.6916275486862068
719,2614.0,2.10652,3936.0,1322.0,1314.7836043257773,0.6835573940020683,0.6916057875769095
720,2614.0,2.10652,3936.0,1322.0,1314.5824319860917,0.6835573940020683,0.6914999663954091
721,2610.0,2.103297,3936.0,1326.0,1314.3859047330284,0.6856256463288521,0.6913965886340894
722,2630.0,2.119414,3936.0,1306.0,1314.1531283743407,0.6752843846949328,0.6912741430268048
723,2614.0,2.10652,3936.0,1322.0,1313.9226789164566,0.6835573940020683,0.6911529214217496
724,2622.0,2.112967,3936.0,1314.0,1313.7043049407937,0.6794208893485005,0.691038051792308
725,2630.0,2.119414,3936.0,1306.0,1313.4878874791025,0.6752843846949328,0.6909242113332805
726,2614.0,2.10652,3936.0,1322.0,1313.314643178049,0.6835573940020683,0.6908330809290991
727,2622.0,2.112967,3936.0,1314.0,1313.1463184856225,0.6794208893485005,0.6907445383498555
728,2614.0,2.10652,3936.0,1322.0,1312.9324187828906,0.6835573940020683,0.6906320222887458
729,2626.0,2.11619,3936.0,1310.0,1312.7313963409345,0.6773526370217167,0.6905262799568271
730,2630.0,2.119414,3936.0,1306.0,1312.6388327498728,0.6752843846949328,0.6904775894232014
731,2626.0,2.11619,3936.0,1310.0,1312.5420336764505,0.6773526370217167,0.6904266709304618
732,2630.0,2.119414,3936.0,1306.0,1312.4796797069055,0.6752843846949328,0.6903938713381381
733,2638.0,2.125861,3936.0,1298.0,1312.4109812288032,0.671147880041365,0.6903577343914216
734,2626.0,2.11619,3936.0,1310.0,1312.3362171216402,0.6773526370217167,0.6903184067872083
735,2626.0,2.11619,3936.0,1310.0,1312.2556662649135,0.6773526370217167,0.6902760352223949
736,2626.0,2.11619,3936.0,1310.0,1312.1696075381205,0.6773526370217167,0.6902307663938776
737,2642.0,2.129084,3936.0,1294.0,1312.0680526977744,0.6690796277145812,0.6901773462606262
738,2630.0,2.119414,3936.0,1306.0,1311.8890111891758,0.6752843846949328,0.6900831663947107
739,2631.0,2.12022,3936.0,1305.0,1311.6684968133734,0.6747673216132368,0.6899671708665895
740,2630.0,2.119414,3936.0,1306.0,1311.540562587103,0.6752843846949328,0.6898998745822226
741,2614.0,2.10652,3936.0,1322.0,1311.4336175289786,0.6835573940020683,0.6898436190730207
742,2630.0,2.119414,3936.0,1306.0,1311.3095388117547,0.6752843846949328,0.6897783508732463
743,2630.0,2.119414,3936.0,1306.0,1311.1275716829323,0.6752843846949328,0.689682632065202
744,2630.0,2.119414,3936.0,1306.0,1310.9264315886883,0.6752843846949328,0.6895768278455302
745,2638.0,2.125861,3936.0,1298.0,1310.70639740852,0.671147880041365,0.6894610849111276
746,2638.0,2.125861,3936.0,1298.0,1310.4031159554881,0.671147880041365,0.6893015520362944
747,2626.0,2.11619,3936.0,1310.0,1310.1734438742017,0.6773526370217167,0.6891807393488377
748,2622.0,2.112967,3936.0,1314.0,1310.046496184152,0.6794208893485005,0.6891139620047417
749,2638.0,2.125861,3936.0,1298.0,1309.8275810079654,0.671147880041365,0.6889988076916358
750,2626.0,2.11619,3936.0,1310.0,1309.5938852184358,0.6773526370217167,0.6888758784430209
751,2638.0,2.125861,3936.0,1298.0,1309.3457225549973,0.671147880041365,0.6887453392929054
752,2626.0,2.11619,3936.0,1310.0,1308.9680970570446,0.6773526370217167,0.688546699776059
753,2626.0,2.11619,3936.0,1310.0,1308.6665603438662,0.6773526370217167,0.6883880846736841
754,2622.0,2.112967,3936.0,1314.0,1308.364518161599,0.6794208893485005,0.6882292036831842
755,2630.0,2.119414,3936.0,1306.0,1308.0622493897408,0.6752843846949328,0.688070203501456
756,2630.0,2.119414,3936.0,1306.0,1307.7600329077882,0.6752843846949328,0.687911230825396
757,2626.0,2.11619,3936.0,1310.0,1307.4581475952386,0.6773526370217167,0.6877524323519005
758,2626.0,2.11619,3936.0,1310.0,1307.1568723315884,0.6773526370217167,0.6875939547778658
759,2626.0,2.11619,3936.0,1310.0,1306.856485996335,0.6773526370217167,0.6874359448001883
760,2615.0,2.107326,3936.0,1321.0,1306.5572674689759,0.6830403309203723,0.6872785491157646
761,2646.0,2.132308,3936.0,1290.0,1306.2594956290072,0.6670113753877973,0.6871219144214908
762,2646.0,2.132308,3936.0,1290.0,1305.9634493559267,0.6670113753877973,0.6869661874142636
763,2630.0,2.119414,3936.0,1306.0,1305.669407529231,0.6752843846949328,0.6868115147909791
764,2646.0,2.132308,3936.0,1290.0,1305.4929587284564,0.6670113753877973,0.6867186987477724
765,2614.0,2.10652,3936.0,1322.0,1305.3112809371125,0.6835573940020683,0.6866231321377582
766,2614.0,2.10652,3936.0,1322.0,1305.1247576145074,0.6835573940020683,0.6865250166691691
767,2630.0,2.119414,3936.0,1306.0,1304.9337722199496,0.6752843846949328,0.6864245540502375
768,2630.0,2.119414,3936.0,1306.0,1304.7387082127473,0.6752843846949328,0.6863219459891959
769,2631.0,2.12022,3936.0,1305.0,1304.5783856188891,0.6747673216132368,0.6862376126940234
770,2630.0,2.119414,3936.0,1306.0,1304.4121542656874,0.6752843846949328,0.6861501712583584
771,2646.0,2.132308,3936.0,1290.0,1304.2404324723877,0.6670113753877973,0.6860598417275455
772,2630.0,2.119414,3936.0,1306.0,1304.0636385582354,0.6752843846949328,0.6859668441469294
773,2630.0,2.119414,3936.0,1306.0,1303.8821908424766,0.6752843846949328,0.6858713985618548
774,2630.0,2.119414,3936.0,1306.0,1303.6965076443562,0.6752843846949328,0.6857737250176659
775,2642.0,2.129084,3936.0,1294.0,1303.50700728312,0.6690796277145812,0.6856740435597076
776,2630.0,2.119414,3936.0,1306.0,1303.3141080780138,0.6752843846949328,0.6855725742333245
777,2642.0,2.129084,3936.0,1294.0,1303.0360913644167,0.6690796277145812,0.6854263311804494
778,2642.0,2.129084,3936.0,1294.0,1302.7091103831272,0.6690796277145812,0.6852543318199893
779,2630.0,2.119414,3936.0,1306.0,1302.3719154402584,0.6752843846949328,0.6850769596856986
780,2630.0,2.119414,3936.0,1306.0,1302.0248202752443,0.6752843846949328,0.6848943798115855
781,2638.0,2.125861,3936.0,1298.0,1301.6270701355868,0.671147880041365,0.6846851542799531
782,2631.0,2.12022,3936.0,1305.0,1301.2173804674621,0.6747673216132368,0.6844696482874436
783,2626.0,2.11619,3936.0,1310.0,1300.8370986423001,0.6773526370217167,0.6842696114826591
784,2638.0,2.125861,3936.0,1298.0,1300.4481018328559,0.671147880041365,0.6840649903998622
785,2630.0,2.119414,3936.0,1306.0,1300.0507037785633,0.6752843846949328,0.6838559500730615
786,2646.0,2.132308,3936.0,1290.0,1299.6452182188566,0.6670113753877973,0.6836426555362652
787,2646.0,2.132308,3936.0,1290.0,1299.2319588931696,0.6670113753877973,0.6834252718234817
788,2646.0,2.132308,3936.0,1290.0,1298.85230803287,0.6670113753877973,0.6832255669204256
789,2638.0,2.125861,3936.0,1298.0,1298.6656243545542,0.671147880041365,0.683127367101121
790,2646.0,2.132308,3936.0,1290.0,1298.5107887148004,0.6670113753877973,0.6830459200673851
791,2630.0,2.119414,3936.0,1306.0,1298.3472903806694,0.6752843846949328,0.6829599162613047
792,2646.0,2.132308,3936.0,1290.0,1298.1756871111556,0.6670113753877973,0.6828696490766726
793,2646.0,2.132308,3936.0,1290.0,1297.9965366652536,0.6670113753877973,0.6827754119072821
794,2630.0,2.119414,3936.0,1306.0,1297.8103968019568,0.6752843846949328,0.6826774981469254
795,2646.0,2.132308,3936.0,1290.0,1297.6178252802597,0.6670113753877973,0.6825762011893955
796,2630.0,2.119414,3936.0,1306.0,1297.419379859156,0.6752843846949328,0.6824718144284854
797,2630.0,2.119414,3936.0,1306.0,1297.21561829764,0.6752843846949328,0.6823646312579875
798,2646.0,2.132308,3936.0,1290.0,1297.0070983547057,0.6670113753877973,0.6822549450716949
799,2630.0,2.119414,3936.0,1306.0,1296.7943777893474,0.6752843846949328,0.6821430492634004
800,2630.0,2.119414,3936.0,1306.0,1296.5780143605587,0.6752843846949328,0.6820292372268965
801,2646.0,2.132308,3936.0,1290.0,1296.2764288434682,0.6670113753877973,0.6818705964525645
802,2642.0,2.129084,3936.0,1294.0,1295.966982410555,0.6690796277145812,0.6817078206594654
803,2631.0,2.12022,3936.0,1305.0,1295.6501631009382,0.6747673216132368,0.6815411665671676
804,2646.0,2.132308,3936.0,1290.0,1295.285390461806,0.6670113753877973,0.6813492879435343
805,2630.0,2.119414,3936.0,1306.0,1294.757807972301,0.6752843846949328,0.6810717676717836
806,2630.0,2.119414,3936.0,1306.0,1294.2320033395895,0.6752843846949328,0.6807951825927474
807,2630.0,2.119414,3936.0,1306.0,1293.708290303106,0.6752843846949328,0.6805196977404342
808,2646.0,2.132308,3936.0,1290.0,1293.1869826022844,0.6670113753877973,0.6802454781488524
809,2646.0,2.132308,3936.0,1290.0,1292.6683939765592,0.6670113753877973,0.6799726888520107
810,2646.0,2.132308,3936.0,1290.0,1292.1117696734311,0.6670113753877973,0.6796798919322112
811,2646.0,2.132308,3936.0,1290.0,1291.5558251390771,0.6670113753877973,0.6793874525860969
812,2646.0,2.132308,3936.0,1290.0,1291.000839252994,0.6670113753877973,0.6790955175105636
813,2646.0,2.132308,3936.0,1290.0,1290.4470908946791,0.6670113753877973,0.6788042334025084
814,2662.0,2.145201,3936.0,1274.0,1289.8948589436295,0.6587383660806618,0.6785137469588273
815,2662.0,2.145201,3936.0,1274.0,1289.344422279342,0.6587383660806618,0.6782242048764168
816,2658.0,2.141978,3936.0,1278.0,1288.7960597813137,0.6608066184074457,0.6779357538521731
817,2658.0,2.141978,3936.0,1278.0,1288.250050329042,0.6608066184074457,0.6776485405829931
818,2647.0,2.133114,3936.0,1289.0,1287.7066728020231,0.6664943123061013,0.6773627117657725
819,2658.0,2.141978,3936.0,1278.0,1287.166206079755,0.6608066184074457,0.6770784140974082
820,2646.0,2.132308,3936.0,1290.0,1286.6289290417342,0.6670113753877973,0.6767957942747964
821,2646.0,2.132308,3936.0,1290.0,1286.0951205674578,0.6670113753877973,0.6765149989948336
822,2662.0,2.145201,3936.0,1274.0,1285.5650595364225,0.6587383660806618,0.6762361749544159
823,2658.0,2.141978,3936.0,1278.0,1285.0390248281262,0.6608066184074457,0.6759594688504403
824,2646.0,2.132308,3936.0,1290.0,1284.5172953220654,0.6670113753877973,0.6756850273798027
825,2646.0,2.132308,3936.0,1290.0,1284.0412183896701,0.6670113753877973,0.6754346001911056
826,2662.0,2.145201,3936.0,1274.0,1283.5726712036949,0.6587383660806618,0.6751881338186111
827,2658.0,2.141978,3936.0,1278.0,1283.111967503574,0.6608066184074457,0.674945793296328
828,2658.0,2.141978,3936.0,1278.0,1282.6594210287417,0.6608066184074457,0.6747077436582645
829,2646.0,2.132308,3936.0,1290.0,1282.215345518632,0.6670113753877973,0.674474149938429
830,2646.0,2.132308,3936.0,1290.0,1281.7800547126787,0.6670113753877973,0.6742451771708301
831,2646.0,2.132308,3936.0,1290.0,1281.3538623503168,0.6670113753877973,0.6740209903894763
832,2646.0,2.132308,3936.0,1290.0,1280.93708217098,0.6670113753877973,0.6738017546283758
833,2642.0,2.129084,3936.0,1294.0,1280.5300279141022,0.6690796277145812,0.6735876349215372
834,2646.0,2.132308,3936.0,1290.0,1280.133013319118,0.6670113753877973,0.6733787963029689
835,2646.0,2.132308,3936.0,1290.0,1279.7052836335288,0.6670113753877973,0.6731538008549738
836,2646.0,2.132308,3936.0,1290.0,1279.3624274368694,0.6670113753877973,0.6729734507736859
837,2646.0,2.132308,3936.0,1290.0,1279.06372483658,0.6670113753877973,0.6728163264785206
838,2646.0,2.132308,3936.0,1290.0,1278.8095592919676,0.6670113753877973,0.6726826296777101
839,2658.0,2.141978,3936.0,1278.0,1278.518212138412,0.6608066184074457,0.6725293745131871
840,2662.0,2.145201,3936.0,1274.0,1278.2285034019017,0.6587383660806618,0.6723769811929304
841,2662.0,2.145201,3936.0,1274.0,1277.9792531084245,0.6587383660806618,0.6722458699249187
842,2658.0,2.141978,3936.0,1278.0,1277.7298110852928,0.6608066184074457,0.6721146578027908
843,2658.0,2.141978,3936.0,1278.0,1277.4805956517532,0.6608066184074457,0.6719835648718914
844,2662.0,2.145201,3936.0,1274.0,1277.2320251270498,0.6587383660806618,0.6718528111775646
845,2646.0,2.132308,3936.0,1290.0,1276.9845178304295,0.6670113753877973,0.6717226167651557
846,2658.0,2.141978,3936.0,1278.0,1276.7384920811369,0.6608066184074457,0.6715932016800086
847,2662.0,2.145201,3936.0,1274.0,1276.494366198418,0.6587383660806618,0.6714647859674684
848,2662.0,2.145201,3936.0,1274.0,1276.2525585015183,0.6587383660806618,0.6713375896728795
849,2662.0,2.145201,3936.0,1274.0,1275.9366141763237,0.6587383660806618,0.6711713958420942
850,2662.0,2.145201,3936.0,1274.0,1275.5521456727129,0.6587383660806618,0.6709691567501528
851,2670.0,2.151648,3936.0,1266.0,1275.181568854048,0.6546018614270941,0.6707742249973629
852,2662.0,2.145201,3936.0,1274.0,1274.8251625998269,0.6587383660806618,0.6705867472806216
853,2658.0,2.141978,3936.0,1278.0,1274.483205789546,0.6608066184074457,0.6704068702968249
854,2662.0,2.145201,3936.0,1274.0,1274.1457101797193,0.6587383660806618,0.6702293400049426
855,2662.0,2.145201,3936.0,1274.0,1273.8225550765294,0.6587383660806618,0.6700593531425298
856,2658.0,2.141978,3936.0,1278.0,1273.5140106444892,0.6608066184074457,0.6698970518222049
857,2662.0,2.145201,3936.0,1274.0,1273.2203470481115,0.6587383660806618,0.6697425781565863
858,2646.0,2.132308,3936.0,1290.0,1273.0187075852684,0.6670113753877973,0.6696365112577846
859,2662.0,2.145201,3936.0,1274.0,1272.827295156481,0.6587383660806618,0.6695358240092304
860,2662.0,2.145201,3936.0,1274.0,1272.574579785253,0.6587383660806618,0.6694028900322812
861,2647.0,2.133114,3936.0,1289.0,1272.3281043427712,0.6664943123061013,0.6692732383983885
862,2662.0,2.145201,3936.0,1274.0,1272.0881477085331,0.6587383660806618,0.6691470158044495
863,2662.0,2.145201,3936.0,1274.0,1271.8549887620352,0.6587383660806618,0.6690243689473601
864,2674.0,2.154872,3936.0,1262.0,1271.5467693989087,0.6525336091003102,0.668862238620605
865,2678.0,2.158095,3936.0,1258.0,1271.2405719121361,0.6504653567735263,0.6687011718463489
866,2678.0,2.158095,3936.0,1258.0,1270.9366054613395,0.6504653567735263,0.668541278647264
867,2678.0,2.158095,3936.0,1258.0,1270.6350792061423,0.6504653567735263,0.6683826690460226
868,2678.0,2.158095,3936.0,1258.0,1270.2593291728074,0.6504653567735263,0.6681850160658047
869,2678.0,2.158095,3936.0,1258.0,1269.9737687688157,0.6504653567735263,0.6680348048618822
870,2678.0,2.158095,3936.0,1258.0,1269.6964701699235,0.6504653567735263,0.6678889395535151
871,2686.0,2.164542,3936.0,1250.0,1269.5866526529794,0.6463288521199586,0.6678311730662803
872,2678.0,2.158095,3936.0,1258.0,1269.5293551173156,0.6504653567735263,0.6678010332720598
873,2686.0,2.164542,3936.0,1250.0,1269.522329096987,0.6463288521199586,0.6677973374271261
874,2678.0,2.158095,3936.0,1258.0,1269.4864878526264,0.6504653567735263,0.6677784841253719
875,2678.0,2.158095,3936.0,1258.0,1269.4145796458129,0.6504653567735263,0.6677406587890634
876,2678.0,2.158095,3936.0,1258.0,1269.3576219945357,0.6504653567735263,0.6677106977816851
877,2662.0,2.145201,3936.0,1274.0,1269.3928279165423,0.6587383660806618,0.6677292168895722
878,2662.0,2.145201,3936.0,1274.0,1269.4384700322266,0.6587383660806618,0.667753225670379
879,2678.0,2.158095,3936.0,1258.0,1269.5052250688343,0.6504653567735263,0.667788340323099
880,2678.0,2.158095,3936.0,1258.0,1269.5736350809568,0.6504653567735263,0.6678243255302132
881,2678.0,2.158095,3936.0,1258.0,1269.4639073283504,0.6504653567735263,0.6677666062610417
882,2662.0,2.145201,3936.0,1274.0,1269.3641233728108,0.6587383660806618,0.6677141176530825
883,2662.0,2.145201,3936.0,1274.0,1269.2334587419646,0.6587383660806618,0.6676453851144142
884,2662.0,2.145201,3936.0,1274.0,1269.1105591621142,0.6587383660806618,0.667580737167455
885,2662.0,2.145201,3936.0,1274.0,1268.995633792882,0.6587383660806618,0.667520283834877
886,2662.0,2.145201,3936.0,1274.0,1268.8888917938912,0.6587383660806618,0.6674641351393528
887,2662.0,2.145201,3936.0,1274.0,1268.7905423247644,0.6587383660806618,0.6674124011035545
888,2670.0,2.151648,3936.0,1266.0,1268.7007945451244,0.6546018614270941,0.6673651917501544
889,2646.0,2.132308,3936.0,1290.0,1268.6198576145941,0.6670113753877973,0.667322617101825
890,2662.0,2.145201,3936.0,1274.0,1268.537673569813,0.6587383660806618,0.667279386443312
891,2678.0,2.158095,3936.0,1258.0,1268.3511136442742,0.6504653567735263,0.6671812517207553
892,2662.0,2.145201,3936.0,1274.0,1268.1659829761572,0.6587383660806618,0.6670838688197924
893,2662.0,2.145201,3936.0,1274.0,1267.9823861452742,0.6587383660806618,0.6669872927517598
894,2658.0,2.141978,3936.0,1278.0,1267.8388642981158,0.6608066184074457,0.6669117970277397
895,2663.0,2.146007,3936.0,1273.0,1267.6944883824979,0.6582213029989659,0.6668358520444743
896,2662.0,2.145201,3936.0,1274.0,1267.5878344048483,0.6587383660806618,0.666779749650158
897,2662.0,2.145201,3936.0,1274.0,1267.5909465257353,0.6587383660806618,0.6667813866958361
898,2670.0,2.151648,3936.0,1266.0,1267.598394351303,0.6546018614270941,0.6667853044198255
899,2662.0,2.145201,3936.0,1274.0,1267.4975096932487,0.6587383660806618,0.6667322368175534
900,2662.0,2.145201,3936.0,1274.0,1267.3941674096263,0.6587383660806618,0.6666778764488818
901,2662.0,2.145201,3936.0,1274.0,1267.2885418001224,0.6587383660806618,0.6666223149993711
902,2662.0,2.145201,3936.0,1274.0,1267.1808071644218,0.6587383660806618,0.6665656441545812
903,2662.0,2.145201,3936.0,1274.0,1267.1943432780095,0.6587383660806618,0.6665727644551901
904,2658.0,2.141978,3936.0,1278.0,1267.2141193203433,0.6608066184074457,0.666583167098856
905,2670.0,2.151648,3936.0,1266.0,1267.2404141709205,0.6546018614270941,0.6665969987824751
906,2662.0,2.145201,3936.0,1274.0,1267.273506709238,0.6587383660806618,0.6666144062029439
907,2658.0,2.141978,3936.0,1278.0,1267.313675814793,0.6608066184074457,0.6666355360571589
908,2662.0,2.145201,3936.0,1274.0,1267.3612003670826,0.6587383660806618,0.6666605350420164
909,2674.0,2.154872,3936.0,1262.0,1267.4163592456034,0.6525336091003102,0.6666895498544126
910,2670.0,2.151648,3936.0,1266.0,1267.4794313298532,0.6546018614270941,0.6667227271912446
911,2674.0,2.154872,3936.0,1262.0,1267.5506954993282,0.6525336091003102,0.6667602137494079
912,2658.0,2.141978,3936.0,1278.0,1267.630430633526,0.6608066184074457,0.6668021562257994
913,2662.0,2.145201,3936.0,1274.0,1267.7189156119432,0.6587383660806618,0.6668487013173153
914,2670.0,2.151648,3936.0,1266.0,1267.8164293140771,0.6546018614270941,0.6668999957208521
915,2678.0,2.158095,3936.0,1258.0,1267.800045143626,0.6504653567735263,0.6668913772781887
916,2678.0,2.158095,3936.0,1258.0,1267.7852471003143,0.6504653567735263,0.6668835931741236
917,2674.0,2.154872,3936.0,1262.0,1267.7722094838277,0.6525336091003102,0.6668767350942171
918,2678.0,2.158095,3936.0,1258.0,1267.7611065938518,0.6504653567735263,0.6668708947240292
919,2686.0,2.164542,3936.0,1250.0,1267.8289858634312,0.6463288521199586,0.6669066007486123
920,2678.0,2.158095,3936.0,1258.0,1267.8528858363277,0.6504653567735263,0.6669191726726338
921,2662.0,2.145201,3936.0,1274.0,1267.8714522388434,0.6587383660806618,0.6669289390185116
922,2662.0,2.145201,3936.0,1274.0,1267.8848942306006,0.6587383660806618,0.6669360098089179
923,2670.0,2.151648,3936.0,1266.0,1267.8934209712227,0.6546018614270941,0.6669404950665253
924,2678.0,2.158095,3936.0,1258.0,1267.8972416203321,0.6504653567735263,0.666942504814006
925,2678.0,2.158095,3936.0,1258.0,1267.9061744792216,0.6504653567735263,0.6669472036989686
926,2662.0,2.145201,3936.0,1274.0,1267.9101702995154,0.6587383660806618,0.6669493055904375
927,2678.0,2.158095,3936.0,1258.0,1267.90944695582,0.6504653567735263,0.6669489250953624
928,2662.0,2.145201,3936.0,1274.0,1267.9042223227425,0.6587383660806618,0.6669461768206939
929,2662.0,2.145201,3936.0,1274.0,1267.8947142748902,0.6587383660806618,0.6669411753733824
930,2662.0,2.145201,3936.0,1274.0,1267.88114068687,0.6587383660806618,0.6669340353603779
931,2662.0,2.145201,3936.0,1274.0,1267.8637194332896,0.6587383660806618,0.6669248713886312
932,2678.0,2.158095,3936.0,1258.0,1267.842668388755,0.6504653567735263,0.6669137980650921
933,2670.0,2.151648,3936.0,1266.0,1267.8182054278736,0.6546018614270941,0.6669009299967109
934,2670.0,2.151648,3936.0,1266.0,1267.7905484252533,0.6546018614270941,0.6668863817904386
935,2662.0,2.145201,3936.0,1274.0,1267.7599152555003,0.6587383660806618,0.6668702680532249
936,2674.0,2.154872,3936.0,1262.0,1267.7265237932215,0.6525336091003102,0.6668527033920201
937,2678.0,2.158095,3936.0,1258.0,1267.757855904714,0.6504653567735263,0.6668691847883303
938,2670.0,2.151648,3936.0,1266.0,1267.7823206085923,0.6546018614270941,0.666882053773567
939,2670.0,2.151648,3936.0,1266.0,1267.8001967843525,0.6546018614270941,0.6668914570446262
940,2662.0,2.145201,3936.0,1274.0,1267.6885578356932,0.6587383660806618,0.6668327324432867
941,2678.0,2.158095,3936.0,1258.0,1267.521819270406,0.6504653567735263,0.6667450242026411
942,2662.0,2.145201,3936.0,1274.0,1267.3385570949195,0.6587383660806618,0.6666486241708843
943,2662.0,2.145201,3936.0,1274.0,1267.1389107489817,0.6587383660806618,0.666543605696464
944,2679.0,2.158901,3936.0,1257.0,1266.9230196723415,0.6499482936918304,0.6664300421278286
945,2674.0,2.154872,3936.0,1262.0,1266.7006324464169,0.6525336091003102,0.6663130614383626
946,2662.0,2.145201,3936.0,1274.0,1266.4520209612874,0.6587383660806618,0.6661822861979292
947,2662.0,2.145201,3936.0,1274.0,1266.1875917796856,0.6587383660806618,0.6660431904929034
948,2678.0,2.158095,3936.0,1258.0,1265.9074843413591,0.6504653567735263,0.6658958476717329
949,2670.0,2.151648,3936.0,1266.0,1265.611838086057,0.6546018614270941,0.6657403310828665
950,2678.0,2.158095,3936.0,1258.0,1265.3007924535282,0.6504653567735263,0.6655767140747522
951,2678.0,2.158095,3936.0,1258.0,1264.97448688352,0.6504653567735263,0.6654050699958378
952,2678.0,2.158095,3936.0,1258.0,1264.565796824093,0.6504653567735263,0.6651900898200165
953,2670.0,2.151648,3936.0,1266.0,1264.1466705709868,0.6546018614270941,0.6649696199712749
954,2662.0,2.145201,3936.0,1274.0,1263.7171865590612,0.6587383660806618,0.6647437017081157
955,2662.0,2.145201,3936.0,1274.0,1263.2774232231745,0.6587383660806618,0.6645123762890409
956,2678.0,2.158095,3936.0,1258.0,1263.0589969576063,0.6504653567735263,0.6643974791539314
957,2686.0,2.164542,3936.0,1250.0,1262.769306522563,0.6463288521199586,0.6642450954606588
958,2679.0,2.158901,3936.0,1257.0,1262.4804396535342,0.6499482936918304,0.6640931449816581
959,2670.0,2.151648,3936.0,1266.0,1262.1926142251277,0.6546018614270941,0.6639417423238801
960,2662.0,2.145201,3936.0,1274.0,1261.8964389702794,0.6587383660806618,0.6637859474693382
961,2670.0,2.151648,3936.0,1266.0,1261.6792633049558,0.6546018614270941,0.6636717081781236
962,2670.0,2.151648,3936.0,1266.0,1261.4592291247877,0.6546018614270941,0.6635559652437211
963,2678.0,2.158095,3936.0,1258.0,1261.1597421759118,0.6504653567735263,0.6633984283635342
964,2662.0,2.145201,3936.0,1274.0,1260.8631486018187,0.6587383660806618,0.663242413463648
965,2670.0,2.151648,3936.0,1266.0,1260.5696575621298,0.6546018614270941,0.663088030566734
966,2662.0,2.145201,3936.0,1274.0,1260.279478216468,0.6587383660806618,0.6629353896954647
967,2670.0,2.151648,3936.0,1266.0,1260.0696928578163,0.6546018614270941,0.6628250378720049
968,2678.0,2.158095,3936.0,1258.0,1259.8584433818046,0.6504653567735263,0.6627139158898386
969,2670.0,2.151648,3936.0,1266.0,1259.6460086679308,0.6546018614270941,0.662602170445863
970,2674.0,2.154872,3936.0,1262.0,1259.4326675956913,0.6525336091003102,0.6624899482369738
971,2674.0,2.154872,3936.0,1262.0,1259.2186990445834,0.6525336091003102,0.6623773959600677
972,2678.0,2.158095,3936.0,1258.0,1259.0043818941044,0.6504653567735263,0.6622646603120412
973,2678.0,2.158095,3936.0,1258.0,1258.789995023751,0.6504653567735263,0.6621518879897906
974,2678.0,2.158095,3936.0,1258.0,1258.5758173130207,0.6504653567735263,0.6620392256902123
975,2686.0,2.164542,3936.0,1250.0,1258.36212764141,0.6463288521199586,0.6619268201102028
976,2686.0,2.164542,3936.0,1250.0,1258.149204888416,0.6463288521199586,0.6618148179466582
977,2678.0,2.158095,3936.0,1258.0,1257.937327933536,0.6504653567735263,0.661703365896475
978,2678.0,2.158095,3936.0,1258.0,1257.7267756562674,0.6504653567735263,0.6615926106565502
979,2678.0,2.158095,3936.0,1258.0,1257.5178269361063,0.6504653567735263,0.6614826989237793
980,2678.0,2.158095,3936.0,1258.0,1257.3107606525505,0.6504653567735263,0.6613737773950592
981,2662.0,2.145201,3936.0,1274.0,1257.1058556850967,0.6587383660806618,0.6612659927672861
982,2678.0,2.158095,3936.0,1258.0,1256.9033909132418,0.6504653567735263,0.6611594917373566
983,2678.0,2.158095,3936.0,1258.0,1256.7805183498422,0.6504653567735263,0.6610948580016589
984,2678.0,2.158095,3936.0,1258.0,1256.6554496104036,0.6504653567735263,0.6610290690279023
985,2674.0,2.154872,3936.0,1262.0,1256.5285332942972,0.6525336091003102,0.660962308187207
986,2678.0,2.158095,3936.0,1258.0,1256.400118000894,0.6504653567735263,0.6608947588506936
987,2686.0,2.164542,3936.0,1250.0,1256.2652884790593,0.6463288521199586,0.6608238354855631
988,2678.0,2.158095,3936.0,1258.0,1256.1191294776575,0.6504653567735263,0.6607469525590165
989,2662.0,2.145201,3936.0,1274.0,1255.8824845374468,0.6587383660806618,0.6606224719907222
990,2678.0,2.158095,3936.0,1258.0,1255.6735741632162,0.6504653567735263,0.6605125804287745
991,2678.0,2.158095,3936.0,1258.0,1255.4132070357884,0.6504653567735263,0.6603756214557303
992,2686.0,2.164542,3936.0,1250.0,1255.1016620346597,0.6463288521199586,0.6602117417684856
993,2678.0,2.158095,3936.0,1258.0,1254.7776197460703,0.6504653567735263,0.6600412882265714
994,2686.0,2.164542,3936.0,1250.0,1254.441324189579,0.6463288521199586,0.6598643891897713
995,2686.0,2.164542,3936.0,1250.0,1254.0930193847469,0.6463288521199586,0.6596811730178703
996,2678.0,2.158095,3936.0,1258.0,1253.6272487927645,0.6504653567735263,0.6594361671963508
997,2686.0,2.164542,3936.0,1250.0,1253.1570989211796,0.6463288521199586,0.6591888577751298
998,2695.0,2.171795,3936.0,1241.0,1252.6827179247255,0.6416752843846949,0.6589393226869338
999,2686.0,2.164542,3936.0,1250.0,1252.1946448164651,0.6463288521199586,0.6586825852395524
1000,2694.0,2.170989,3936.0,1242.0,1251.7854231429965,0.6421923474663909,0.6584673254227722
1001,2687.0,2.165348,3936.0,1249.0,1251.4605259144487,0.6458117890382626,0.6582964221631847
1002,2686.0,2.164542,3936.0,1250.0,1251.1433588769596,0.6463288521199586,0.6581295851581944
1003,2694.0,2.170989,3936.0,1242.0,1250.834200910026,0.6421923474663909,0.6579669611046975
1004,2687.0,2.165348,3936.0,1249.0,1250.610204026504,0.6458117890382626,0.6578491336990824
1005,2687.0,2.165348,3936.0,1249.0,1250.3895798418998,0.6458117890382626,0.6577330804090583
1006,2686.0,2.164542,3936.0,1250.0,1250.1726769555842,0.6463288521199586,0.6576189846057455
1007,2686.0,2.164542,3936.0,1250.0,1249.9598439669285,0.6463288521199586,0.6575070296602645
1008,2686.0,2.164542,3936.0,1250.0,1249.751429475304,0.6463288521199586,0.6573973989437358
1009,2694.0,2.170989,3936.0,1242.0,1249.5425182295755,0.6421923474663909,0.6572875069233606
1010,2695.0,2.171795,3936.0,1241.0,1249.3281949786078,0.6416752843846949,0.6571747680663396
1011,2694.0,2.170989,3936.0,1242.0,1249.1088083217717,0.6421923474663909,0.6570593657437933
1012,2678.0,2.158095,3936.0,1258.0,1248.8847068584384,0.6504653567735263,0.6569414833268421
1013,2694.0,2.170989,3936.0,1242.0,1248.5793660546208,0.6421923474663909,0.6567808671871147
1014,2687.0,2.165348,3936.0,1249.0,1248.2752017736807,0.6458117890382626,0.6566208699249186
1015,2686.0,2.164542,3936.0,1250.0,1247.9724928951161,0.6463288521199586,0.656461638237151
1016,2706.0,2.180659,3936.0,1230.0,1247.671518298424,0.6359875904860393,0.6563033188207077
1017,2686.0,2.164542,3936.0,1250.0,1247.3725568631005,0.6463288521199586,0.6561460583724851
1018,2694.0,2.170989,3936.0,1242.0,1247.0758874686442,0.6421923474663909,0.6559900035893802
1019,2710.0,2.183883,3936.0,1226.0,1246.8639259784165,0.6339193381592554,0.6558785070717004
1020,2695.0,2.171795,3936.0,1241.0,1246.6601478584303,0.6416752843846949,0.6557713151910743
1021,2686.0,2.164542,3936.0,1250.0,1246.4212012908706,0.6463288521199586,0.655645623914957
1022,2694.0,2.170989,3936.0,1242.0,1246.2216412232772,0.6421923474663909,0.6555406508248889
1023,2702.0,2.177436,3936.0,1234.0,1245.9796792711559,0.6380558428128231,0.6554133733885793
1024,2702.0,2.177436,3936.0,1234.0,1245.6545606820075,0.6380558428128231,0.6552423536883305
1025,2694.0,2.170989,3936.0,1242.0,1245.3671030259372,0.6421923474663909,0.6550911444870844
1026,2686.0,2.164542,3936.0,1250.0,1245.1586536743755,0.6463288521199586,0.6549814954334436
1027,2694.0,2.170989,3936.0,1242.0,1244.9500561680811,0.6421923474663909,0.6548717684470767
1028,2686.0,2.164542,3936.0,1250.0,1244.6595221225593,0.6463288521199586,0.6547189409956924
1029,2686.0,2.164542,3936.0,1250.0,1244.3642035506666,0.6463288521199586,0.6545635967756793
1030,2687.0,2.165348,3936.0,1249.0,1244.0643793318993,0.6458117890382626,0.6544058824839336
1031,2686.0,2.164542,3936.0,1250.0,1243.7603283457552,0.6463288521199586,0.6542459448173519
1032,2694.0,2.170989,3936.0,1242.0,1243.534466455597,0.6421923474663909,0.6541271363762423
1033,2710.0,2.183883,3936.0,1226.0,1243.310269127437,0.6339193381592554,0.6540092035322331
1034,2694.0,2.170989,3936.0,1242.0,1243.0880849606463,0.6421923474663909,0.6538923296564448
1035,2710.0,2.183883,3936.0,1226.0,1242.868262554596,0.6339193381592554,0.6537766981199978
1036,2686.0,2.164542,3936.0,1250.0,1242.6511505086576,0.6463288521199586,0.6536624922940127
1037,2686.0,2.164542,3936.0,1250.0,1242.4370974222022,0.6463288521199586,0.65354989554961
1038,2678.0,2.158095,3936.0,1258.0,1242.2264518946015,0.6504653567735263,0.6534390912579102
1039,2686.0,2.164542,3936.0,1250.0,1242.0195625252265,0.6463288521199586,0.6533302627900337
1040,2702.0,2.177436,3936.0,1234.0,1241.8167779134485,0.6380558428128231,0.653223593517101
1041,2694.0,2.170989,3936.0,1242.0,1241.618446658639,0.6421923474663909,0.6531192668102328
1042,2678.0,2.158095,3936.0,1258.0,1241.424917360169,0.6504653567735263,0.6530174660405494
1043,2686.0,2.164542,3936.0,1250.0,1241.2365386174101,0.6463288521199586,0.6529183745791713
1044,2694.0,2.170989,3936.0,1242.0,1241.0536590297336,0.6421923474663909,0.6528221757972192
1045,2694.0,2.170989,3936.0,1242.0,1240.8355587045774,0.6421923474663909,0.6527074501141075
1046,2702.0,2.177436,3936.0,1234.0,1240.6209879480557,0.6380558428128231,0.6525945810635908
1047,2686.0,2.164542,3936.0,1250.0,1240.3691920076697,0.6463288521199586,0.6524621307279718
1048,2694.0,2.170989,3936.0,1242.0,1240.1188863295959,0.6421923474663909,0.6523304643038927
1049,2687.0,2.165348,3936.0,1249.0,1239.8703497933316,0.6458117890382626,0.6521997284882505
1050,2710.0,2.183883,3936.0,1226.0,1239.6238612783736,0.6339193381592554,0.652070069977941
1051,2686.0,2.164542,3936.0,1250.0,1239.3796996642193,0.6463288521199586,0.651941635469861
1052,2678.0,2.158095,3936.0,1258.0,1239.138143830365,0.6504653567735263,0.6518145716609064
1053,2694.0,2.170989,3936.0,1242.0,1238.8994726563085,0.6421923474663909,0.6516890252479742
1054,2694.0,2.170989,3936.0,1242.0,1238.6639650215466,0.6421923474663909,0.6515651429279604
1055,2702.0,2.177436,3936.0,1234.0,1238.4318998055762,0.6380558428128231,0.6514430713977616
1056,2694.0,2.170989,3936.0,1242.0,1238.2035558878945,0.6421923474663909,0.6513229573542741
1057,2694.0,2.170989,3936.0,1242.0,1237.9792121479984,0.6421923474663909,0.6512049474943943
1058,2694.0,2.170989,3936.0,1242.0,1237.874457165424,0.6421923474663909,0.6511498440142569
1059,2710.0,2.183883,3936.0,1226.0,1237.7664689236806,0.6339193381592554,0.6510930397669767
1060,2702.0,2.177436,3936.0,1234.0,1237.6556308820768,0.6380558428128231,0.6510347364607865
1061,2710.0,2.183883,3936.0,1226.0,1237.5423264999213,0.6339193381592554,0.6509751358039189
1062,2710.0,2.183883,3936.0,1226.0,1237.4269392365222,0.6339193381592554,0.6509144395046063
1063,2702.0,2.177436,3936.0,1234.0,1237.204151992819,0.6380558428128231,0.6507972483967795
1064,2710.0,2.183883,3936.0,1226.0,1236.9775815744388,0.6339193381592554,0.6506780672538676
1065,2702.0,2.177436,3936.0,1234.0,1236.7577739838619,0.6380558428128231,0.6505624435106933
1066,2710.0,2.183883,3936.0,1226.0,1236.5450081005854,0.6339193381592554,0.650450523864153
1067,2706.0,2.180659,3936.0,1230.0,1236.339562804106,0.6359875904860393,0.6503424550111433
1068,2695.0,2.171795,3936.0,1241.0,1236.141716973921,0.6416752843846949,0.6502383836485602
1069,2710.0,2.183883,3936.0,1226.0,1235.9517494895274,0.6339193381592554,0.6501384564733006
1070,2694.0,2.170989,3936.0,1242.0,1235.687802246556,0.6421923474663909,0.6499996142788487
1071,2710.0,2.183883,3936.0,1226.0,1235.4269575379894,0.6339193381592554,0.6498624040873694
1072,2695.0,2.171795,3936.0,1241.0,1235.1694245234503,0.6416752843846949,0.6497269359215347
1073,2710.0,2.183883,3936.0,1226.0,1234.9154123625613,0.6339193381592554,0.6495933198040171
1074,2694.0,2.170989,3936.0,1242.0,1234.674739356615,0.6421923474663909,0.6494667203824254
1075,2687.0,2.165348,3936.0,1249.0,1234.4277471155654,0.6458117890382626,0.6493367969008468
1076,2694.0,2.170989,3936.0,1242.0,1234.1842539407055,0.6421923474663909,0.6492087140068903
1077,2702.0,2.177436,3936.0,1234.0,1233.9438110103442,0.6380558428128231,0.649082235610238
1078,2694.0,2.170989,3936.0,1242.0,1233.8123280424736,0.6421923474663909,0.6490130726078642
1079,2694.0,2.170989,3936.0,1242.0,1233.7156082754077,0.6421923474663909,0.6489621958320543
1080,2702.0,2.177436,3936.0,1234.0,1233.6129231016005,0.6380558428128231,0.6489081811179448
1081,2702.0,2.177436,3936.0,1234.0,1233.5046124054386,0.6380558428128231,0.6488512072523782
1082,2702.0,2.177436,3936.0,1234.0,1233.3910160713099,0.6380558428128231,0.6487914530221973
1083,2710.0,2.183883,3936.0,1226.0,1233.2724739836003,0.6339193381592554,0.6487290972142441
1084,2702.0,2.177436,3936.0,1234.0,1233.1493260266975,0.6380558428128231,0.6486643186153613
1085,2710.0,2.183883,3936.0,1226.0,1233.0219120849886,0.6339193381592554,0.6485972960123916
1086,2710.0,2.183883,3936.0,1226.0,1232.8905720428604,0.6339193381592554,0.6485282081921773
1087,2710.0,2.183883,3936.0,1226.0,1232.7556457846997,0.6339193381592554,0.6484572339415606
1088,2710.0,2.183883,3936.0,1226.0,1232.5456033340113,0.6339193381592554,0.6483467468818992
1089,2702.0,2.177436,3936.0,1234.0,1232.3279875619812,0.6380558428128231,0.648232276084645
1090,2702.0,2.177436,3936.0,1234.0,1232.1030773481068,0.6380558428128231,0.6481139682466943
1091,2694.0,2.170989,3936.0,1242.0,1231.871151571885,0.6421923474663909,0.6479919700649438
1092,2702.0,2.177436,3936.0,1234.0,1231.632489112813,0.6380558428128231,0.6478664282362895
1093,2702.0,2.177436,3936.0,1234.0,1231.3873688503872,0.6380558428128231,0.647737489457628
1094,2710.0,2.183883,3936.0,1226.0,1231.1360696641052,0.6339193381592554,0.6476053004258556
1095,2710.0,2.183883,3936.0,1226.0,1230.878870433464,0.6339193381592554,0.6474700078378689
1096,2694.0,2.170989,3936.0,1242.0,1230.6057829149775,0.6421923474663909,0.6473263576526377
1097,2706.0,2.180659,3936.0,1230.0,1230.3369535378113,0.6359875904860393,0.6471849473456434
1098,2710.0,2.183883,3936.0,1226.0,1230.0630520397926,0.6339193381592554,0.6470408689888457
1099,2694.0,2.170989,3936.0,1242.0,1229.7843573004186,0.6421923474663909,0.6468942692791413
1100,2710.0,2.183883,3936.0,1226.0,1229.5011481991862,0.6339193381592554,0.6467452949134265
1101,2710.0,2.183883,3936.0,1226.0,1229.2137036155925,0.6339193381592554,0.6465940925885975
1102,2706.0,2.180659,3936.0,1230.0,1228.9223024291346,0.6359875904860393,0.6464408090015509
1103,2702.0,2.177436,3936.0,1234.0,1228.699093380192,0.6380558428128231,0.6463233960146683
1104,2710.0,2.183883,3936.0,1226.0,1228.4771523614625,0.6339193381592554,0.6462066500402364
1105,2710.0,2.183883,3936.0,1226.0,1228.2568192573333,0.6339193381592554,0.646090749865098
1106,2722.0,2.193553,3936.0,1214.0,1228.0384339521913,0.6277145811789038,0.6459758742760953
1107,2710.0,2.183883,3936.0,1226.0,1227.7504664695407,0.6339193381592554,0.6458243968945856
1108,2710.0,2.183883,3936.0,1226.0,1227.5323295414507,0.6339193381592554,0.6457096519575063
1109,2710.0,2.183883,3936.0,1226.0,1227.3170990606188,0.6339193381592554,0.6455964358771441
1110,2710.0,2.183883,3936.0,1226.0,1227.1051149114323,0.6339193381592554,0.6454849274403416
1111,2710.0,2.183883,3936.0,1226.0,1226.9069841012613,0.6339193381592554,0.6453807061718676
1112,2726.0,2.196777,3936.0,1210.0,1226.631309103941,0.6256463288521199,0.6452356949144944
1113,2710.0,2.183883,3936.0,1226.0,1226.3552419323282,0.6339193381592554,0.6450904773646108
1114,2722.0,2.193553,3936.0,1214.0,1226.1611984497856,0.6277145811789038,0.6449884061225246
1115,2710.0,2.183883,3936.0,1226.0,1225.9726541223251,0.6339193381592554,0.6448892275598642
1116,2710.0,2.183883,3936.0,1226.0,1225.7899575493186,0.6339193381592554,0.6447931250477503
1117,2710.0,2.183883,3936.0,1226.0,1225.6134573301367,0.6339193381592554,0.6447002819573032
1118,2694.0,2.170989,3936.0,1242.0,1225.361365080285,0.6421923474663909,0.6445676757562318
1119,2710.0,2.183883,3936.0,1226.0,1225.11083281262,0.6339193381592554,0.6444358901409245
1120,2710.0,2.183883,3936.0,1226.0,1224.8621394066383,0.6339193381592554,0.6443050718082779
1121,2722.0,2.193553,3936.0,1214.0,1224.6155637418376,0.6277145811789038,0.6441753674551883
1122,2710.0,2.183883,3936.0,1226.0,1224.448257831074,0.6339193381592554,0.6440873607780444
1123,2710.0,2.183883,3936.0,1226.0,1224.2784332898523,0.6339193381592554,0.6439980292445547
1124,2710.0,2.183883,3936.0,1226.0,1224.106438717545,0.6339193381592554,0.6439075562258404
1125,2710.0,2.183883,3936.0,1226.0,1223.932622713522,0.6339193381592554,0.6438161250930211
1126,2710.0,2.183883,3936.0,1226.0,1223.7573338771554,0.6339193381592554,0.6437239192172176
1127,2710.0,2.183883,3936.0,1226.0,1223.5809208078163,0.6339193381592554,0.6436311219695506
1128,2710.0,2.183883,3936.0,1226.0,1223.403732104876,0.6339193381592554,0.6435379167211406
1129,2706.0,2.180659,3936.0,1230.0,1223.1588523760167,0.6359875904860393,0.6434091044685523
1130,2710.0,2.183883,3936.0,1226.0,1222.9184390766018,0.6339193381592554,0.6432826416584452
1131,2726.0,2.196777,3936.0,1210.0,1222.6827798011134,0.6256463288521199,0.643158679571994
1132,2710.0,2.183883,3936.0,1226.0,1222.5578627024013,0.6339193381592554,0.6430929703646747
1133,2722.0,2.193553,3936.0,1214.0,1222.31582318692,0.6277145811789038,0.6429656521282908
1134,2722.0,2.193553,3936.0,1214.0,1222.0076177677686,0.6277145811789038,0.6428035291363807
1135,2694.0,2.170989,3936.0,1242.0,1221.70007032993,0.6421923474663909,0.6426417522574602
1136,2726.0,2.196777,3936.0,1210.0,1221.4990993063814,0.6256463288521199,0.6425360369727822
1137,2722.0,2.193553,3936.0,1214.0,1221.2920800837403,0.6277145811789038,0.6424271401991631
1138,2710.0,2.183883,3936.0,1226.0,1220.997189417576,0.6339193381592554,0.6422720210672006
1139,2710.0,2.183883,3936.0,1226.0,1220.6915444608064,0.6339193381592554,0.6421112449361703
1140,2722.0,2.193553,3936.0,1214.0,1220.3780211582457,0.6277145811789038,0.6419463246178169
1141,2711.0,2.184689,3936.0,1225.0,1220.0184269627741,0.6334022750775594,0.6417571699721787
1142,2710.0,2.183883,3936.0,1226.0,1219.6924760926265,0.6339193381592554,0.6415857124733795
1143,2694.0,2.170989,3936.0,1242.0,1219.3619760006834,0.6421923474663909,0.6414118619814578
1144,2710.0,2.183883,3936.0,1226.0,1219.0271707065046,0.6339193381592554,0.641235746856198
1145,2722.0,2.193553,3936.0,1214.0,1218.6883042296506,0.6277145811789038,0.6410574954573846
1146,2710.0,2.183883,3936.0,1226.0,1218.3456205896803,0.6339193381592554,0.6408772361448014
1147,2722.0,2.193553,3936.0,1214.0,1218.1123021589701,0.6277145811789038,0.6407545053954244
1148,2710.0,2.183883,3936.0,1226.0,1217.8829882635375,0.6339193381592554,0.640633881121794
1149,2711.0,2.184689,3936.0,1225.0,1217.7348919211292,0.6334022750775594,0.640555979110245
1150,2726.0,2.196777,3936.0,1210.0,1217.596552875124,0.6256463288521199,0.640483209656359
1151,2710.0,2.183883,3936.0,1226.0,1217.4587803030965,0.6339193381592554,0.6404107381805435
1152,2710.0,2.183883,3936.0,1226.0,1217.3219925242934,0.6339193381592554,0.6403387847281435
1153,2726.0,2.196777,3936.0,1210.0,1217.1866078579596,0.6256463288521199,0.6402675693445036
1154,2710.0,2.183883,3936.0,1226.0,1217.0530446233408,0.6339193381592554,0.6401973120749682
1155,2726.0,2.196777,3936.0,1210.0,1216.839584155817,0.6256463288521199,0.6400850270614704
1156,2726.0,2.196777,3936.0,1210.0,1216.6234481881181,0.6256463288521199,0.6399713346746226
1157,2722.0,2.193553,3936.0,1214.0,1216.404985319616,0.6277145811789038,0.6398564182855456
1158,2726.0,2.196777,3936.0,1210.0,1216.1845441496816,0.6256463288521199,0.6397404612653599
1159,2726.0,2.196777,3936.0,1210.0,1215.9624732776865,0.6256463288521199,0.6396236469851857
1160,2722.0,2.193553,3936.0,1214.0,1215.6569843191355,0.6277145811789038,0.6394629529127318
1161,2742.0,2.20967,3936.0,1194.0,1215.345229286886,0.6173733195449845,0.6392989627443874
1162,2711.0,2.184689,3936.0,1225.0,1215.027487060434,0.6334022750775594,0.639131823177048
1163,2726.0,2.196777,3936.0,1210.0,1214.7040365192772,0.6256463288521199,0.6389616809076107
1164,2726.0,2.196777,3936.0,1210.0,1214.457293526778,0.6256463288521199,0.6388318885363832
1165,2726.0,2.196777,3936.0,1210.0,1214.2107335489488,0.6256463288521199,0.638702192434994
1166,2726.0,2.196777,3936.0,1210.0,1213.9647051851612,0.6256463288521199,0.6385727759745637
1167,2726.0,2.196777,3936.0,1210.0,1213.7195570347858,0.6256463288521199,0.6384438225262126
1168,2726.0,2.196777,3936.0,1210.0,1213.4756376971943,0.6256463288521199,0.6383155154610612
1169,2726.0,2.196777,3936.0,1210.0,1213.233295771758,0.6256463288521199,0.6381880381502302
1170,2710.0,2.183883,3936.0,1226.0,1212.992879857848,0.6339193381592554,0.6380615739648396
1171,2726.0,2.196777,3936.0,1210.0,1212.754738554836,0.6256463288521199,0.6379363062760106
1172,2726.0,2.196777,3936.0,1210.0,1212.4781519701596,0.6256463288521199,0.6377908155031572
1173,2726.0,2.196777,3936.0,1210.0,1212.1608019180005,0.6256463288521199,0.6376238822283287
1174,2727.0,2.197582,3936.0,1209.0,1211.841403844535,0.6251292657704239,0.6374558716481671
1175,2738.0,2.206447,3936.0,1198.0,1211.561305121193,0.6194415718717684,0.6373085334112748
1176,2726.0,2.196777,3936.0,1210.0,1211.2823829207293,0.6256463288521199,0.6371618140519143
1177,2726.0,2.196777,3936.0,1210.0,1210.9638824906447,0.6256463288521199,0.6369942756523879
1178,2726.0,2.196777,3936.0,1210.0,1210.6445192771164,0.6256463288521199,0.6368262834093384
1179,2734.0,2.203223,3936.0,1202.0,1210.324572159641,0.6215098241985523,0.6366579840196621
1180,2726.0,2.196777,3936.0,1210.0,1210.0043200177156,0.6256463288521199,0.6364895241802552
1181,2726.0,2.196777,3936.0,1210.0,1209.6840417308376,0.6256463288521199,0.6363210505880145
1182,2726.0,2.196777,3936.0,1210.0,1209.3640161785038,0.6256463288521199,0.636152709939836
1183,2742.0,2.20967,3936.0,1194.0,1209.044522240211,0.6173733195449845,0.6359846489326163
1184,2726.0,2.196777,3936.0,1210.0,1208.7258387954566,0.6256463288521199,0.6358170142632518
1185,2722.0,2.193553,3936.0,1214.0,1208.4082447237374,0.6277145811789038,0.6356499526286387
1186,2722.0,2.193553,3936.0,1214.0,1208.0920189045507,0.6277145811789038,0.6354836107256736
1187,2710.0,2.183883,3936.0,1226.0,1207.7774402173934,0.6339193381592554,0.6353181352512529
1188,2738.0,2.206447,3936.0,1198.0,1207.5800972418017,0.6194415718717684,0.6352143284015114
1189,2726.0,2.196777,3936.0,1210.0,1207.3771679612846,0.6256463288521199,0.6351075830295637
1190,2738.0,2.206447,3936.0,1198.0,1207.1690358351507,0.6194415718717684,0.6349981008436426
1191,2726.0,2.196777,3936.0,1210.0,1206.956084322709,0.6256463288521199,0.6348860835519808
1192,2726.0,2.196777,3936.0,1210.0,1206.7386968832673,0.6256463288521199,0.6347717328628105
1193,2726.0,2.196777,3936.0,1210.0,1206.5172569761341,0.6256463288521199,0.6346552504843644
1194,2726.0,2.196777,3936.0,1210.0,1206.292148060618,0.6256463288521199,0.634536838124875
1195,2734.0,2.203223,3936.0,1202.0,1206.0637535960275,0.6215098241985523,0.6344166974925751
1196,2726.0,2.196777,3936.0,1210.0,1205.8324570416708,0.6256463288521199,0.6342950302956969
1197,2711.0,2.184689,3936.0,1225.0,1205.5986418568564,0.6334022750775594,0.6341720382424731
1198,2734.0,2.203223,3936.0,1202.0,1205.3626915008929,0.6215098241985523,0.6340479230411363
1199,2738.0,2.206447,3936.0,1198.0,1205.163425999768,0.6194415718717684,0.633943104899665
1200,2734.0,2.203223,3936.0,1202.0,1204.921758614115,0.6215098241985523,0.633815982411952
1201,2738.0,2.206447,3936.0,1198.0,1204.7175778618555,0.6194415718717684,0.633708578737682
1202,2727.0,2.197582,3936.0,1209.0,1204.5102335703004,0.6251292657704239,0.633599510970493
1203,2742.0,2.20967,3936.0,1194.0,1204.300144058697,0.6173733195449845,0.6334889991557305
1204,2726.0,2.196777,3936.0,1210.0,1204.08772764629,0.6256463288521199,0.6333772633387384
1205,2726.0,2.196777,3936.0,1210.0,1203.8734026523252,0.6256463288521199,0.6332645235648618
1206,2726.0,2.196777,3936.0,1210.0,1203.6575873960478,0.6256463288521199,0.6331509998794449
1207,2742.0,2.20967,3936.0,1194.0,1203.4407001967038,0.6173733195449845,0.6330369123278324
1208,2726.0,2.196777,3936.0,1210.0,1203.184722806859,0.6256463288521199,0.6329022624556231
1209,2742.0,2.20967,3936.0,1194.0,1202.807901701956,0.6173733195449845,0.6327040460676376
1210,2738.0,2.206447,3936.0,1198.0,1202.4258254615304,0.6194415718717684,0.6325030653600104
1211,2742.0,2.20967,3936.0,1194.0,1202.0387729650797,0.6173733195449845,0.6322994670296382
1212,2726.0,2.196777,3936.0,1210.0,1201.6470230921009,0.6256463288521199,0.6320933977734174
1213,2727.0,2.197582,3936.0,1209.0,1201.2508547220907,0.6251292657704239,0.6318850042882443
1214,2726.0,2.196777,3936.0,1210.0,1200.9634850873615,0.6256463288521199,0.6317338413882061
1215,2742.0,2.20967,3936.0,1194.0,1200.6898554968527,0.6173733195449845,0.6315899060608826
1216,2742.0,2.20967,3936.0,1194.0,1200.420740268202,0.6173733195449845,0.6314483453895695
1217,2734.0,2.203223,3936.0,1202.0,1200.156522860718,0.6215098241985523,0.6313093610824992
1218,2742.0,2.20967,3936.0,1194.0,1199.8975867337092,0.6173733195449845,0.6311731548479046
1219,2726.0,2.196777,3936.0,1210.0,1199.644315346484,0.6256463288521199,0.631039928394018
1220,2734.0,2.203223,3936.0,1202.0,1199.3970921583511,0.6215098241985523,0.6309098834290722
1221,2727.0,2.197582,3936.0,1209.0,1199.1563006286187,0.6251292657704239,0.6307832216612994
1222,2726.0,2.196777,3936.0,1210.0,1198.9223242165951,0.6256463288521199,0.6306601447989325
1223,2742.0,2.20967,3936.0,1194.0,1198.7339829482687,0.6173733195449845,0.6305610730499499
1224,2742.0,2.20967,3936.0,1194.0,1198.5506266509517,0.6173733195449845,0.6304646235079904
1225,2726.0,2.196777,3936.0,1210.0,1198.362406520907,0.6256463288521199,0.6303656154804723
1226,2742.0,2.20967,3936.0,1194.0,1198.1896084270481,0.6173733195449845,0.6302747197913248
1227,2742.0,2.20967,3936.0,1194.0,1198.012774423968,0.6173733195449845,0.6301817011230297
1228,2742.0,2.20967,3936.0,1194.0,1197.8419232575982,0.6173733195449845,0.6300918295615904
1229,2742.0,2.20967,3936.0,1194.0,1197.5645261793838,0.6173733195449845,0.6299459124508819
1230,2742.0,2.20967,3936.0,1194.0,1197.2455289951954,0.6173733195449845,0.6297781127475091
1231,2742.0,2.20967,3936.0,1194.0,1196.923647151209,0.6173733195449845,0.6296087956481138
1232,2726.0,2.196777,3936.0,1210.0,1196.5991595269224,0.6256463288521199,0.6294381078495929
1233,2742.0,2.20967,3936.0,1194.0,1196.2723450018325,0.6173733195449845,0.6292661960488427
1234,2726.0,2.196777,3936.0,1210.0,1195.9434824554364,0.6256463288521199,0.6290932069427598
1235,2734.0,2.203223,3936.0,1202.0,1195.6128507672304,0.6215098241985523,0.6289192872282401
1236,2742.0,2.20967,3936.0,1194.0,1195.2807288167123,0.6173733195449845,0.6287445836021803
1237,2742.0,2.20967,3936.0,1194.0,1194.947395483379,0.6173733195449845,0.6285692427614769
1238,2742.0,2.20967,3936.0,1194.0,1194.6131296467274,0.6173733195449845,0.628393411403026
1239,2758.0,2.222564,3936.0,1178.0,1194.278210186255,0.609100310237849,0.6282172362237244
1240,2742.0,2.20967,3936.0,1194.0,1193.9429159814579,0.6173733195449845,0.628040863920468
1241,2742.0,2.20967,3936.0,1194.0,1193.6075259118338,0.6173733195449845,0.6278644411901536
1242,2734.0,2.203223,3936.0,1202.0,1193.2723188568798,0.6215098241985523,0.6276881147296774
1243,2738.0,2.206447,3936.0,1198.0,1192.9375736960928,0.6194415718717684,0.627512031235936
1244,2742.0,2.20967,3936.0,1194.0,1192.6035693089696,0.6173733195449845,0.6273363374058255
1245,2742.0,2.20967,3936.0,1194.0,1192.2705845750074,0.6173733195449845,0.6271611799362424
1246,2742.0,2.20967,3936.0,1194.0,1191.9388983737035,0.6173733195449845,0.6269867055240833
1247,2734.0,2.203223,3936.0,1202.0,1191.6087895845549,0.6215098241985523,0.6268130608662446
1248,2758.0,2.222564,3936.0,1178.0,1191.280537087058,0.609100310237849,0.6266403926596222
1249,2754.0,2.219341,3936.0,1182.0,1191.0312928940702,0.6111685625646329,0.6265092846006054
1250,2742.0,2.20967,3936.0,1194.0,1190.7120046294062,0.6173733195449845,0.6263413317823465
1251,2743.0,2.210476,3936.0,1193.0,1190.462093740121,0.6168562564632886,0.6262098730260618
1252,2742.0,2.20967,3936.0,1194.0,1190.2100389647012,0.6173733195449845,0.6260772865373856
1253,2726.0,2.196777,3936.0,1210.0,1189.9561889025201,0.6256463288521199,0.6259437556874392
1254,2742.0,2.20967,3936.0,1194.0,1189.7008921529482,0.6173733195449845,0.6258094638473427
1255,2742.0,2.20967,3936.0,1194.0,1189.4444973153556,0.6173733195449845,0.6256745943882163
1256,2754.0,2.219341,3936.0,1182.0,1189.1873529891154,0.6111685625646329,0.625539330681181
1257,2742.0,2.20967,3936.0,1194.0,1188.9298077735984,0.6173733195449845,0.6254038560973573
1258,2742.0,2.20967,3936.0,1194.0,1188.6722102681754,0.6173733195449845,0.6252683540078652
1259,2742.0,2.20967,3936.0,1194.0,1188.4149090722183,0.6173733195449845,0.6251330077838259
1260,2742.0,2.20967,3936.0,1194.0,1188.158252785098,0.6173733195449845,0.6249980007963594
1261,2758.0,2.222564,3936.0,1178.0,1187.9025900061858,0.609100310237849,0.6248635164165862
1262,2742.0,2.20967,3936.0,1194.0,1187.6867059015326,0.6173733195449845,0.6247499565153729
1263,2742.0,2.20967,3936.0,1194.0,1187.4699154385144,0.6173733195449845,0.6246359198492466
1264,2754.0,2.219341,3936.0,1182.0,1187.252602076439,0.6111685625646329,0.6245216081264394
1265,2754.0,2.219341,3936.0,1182.0,1187.0351492746152,0.6111685625646329,0.624407223055184
1266,2754.0,2.219341,3936.0,1182.0,1186.8179404923512,0.6111685625646329,0.624292966343713
1267,2758.0,2.222564,3936.0,1178.0,1186.6013591889555,0.609100310237849,0.6241790397002588
1268,2754.0,2.219341,3936.0,1182.0,1186.3857888237371,0.6111685625646329,0.6240656448330544
1269,2754.0,2.219341,3936.0,1182.0,1186.1716128560033,0.6111685625646329,0.6239529834503316
1270,2758.0,2.222564,3936.0,1178.0,1185.9592147450633,0.609100310237849,0.6238412572603235
1271,2754.0,2.219341,3936.0,1182.0,1185.7489779502253,0.6111685625646329,0.6237306679712623
1272,2754.0,2.219341,3936.0,1182.0,1185.541285930798,0.6111685625646329,0.623621417291381
1273,2754.0,2.219341,3936.0,1182.0,1185.215948595544,0.6111685625646329,0.623450282525754
1274,2759.0,2.22337,3936.0,1177.0,1184.9296230159318,0.6085832471561531,0.6232996688222217
1275,2758.0,2.222564,3936.0,1178.0,1184.6415544394636,0.609100310237849,0.623148138263087
1276,2758.0,2.222564,3936.0,1178.0,1184.3136200388935,0.609100310237849,0.6229756373826124
1277,2754.0,2.219341,3936.0,1182.0,1184.0256037523304,0.6111685625646329,0.6228241343291456
1278,2758.0,2.222564,3936.0,1178.0,1183.736750827277,0.609100310237849,0.6226721911849901
1279,2754.0,2.219341,3936.0,1182.0,1183.4858115698457,0.6111685625646329,0.6225401914838995
1280,2758.0,2.222564,3936.0,1178.0,1183.3039359483585,0.609100310237849,0.6224445208107744
1281,2758.0,2.222564,3936.0,1178.0,1183.1242695753867,0.609100310237849,0.6223500122521254
1282,2758.0,2.222564,3936.0,1178.0,1182.9472220551918,0.609100310237849,0.622256881269019
1283,2758.0,2.222564,3936.0,1178.0,1182.6602646392198,0.609100310237849,0.6221059352053311
1284,2754.0,2.219341,3936.0,1182.0,1182.492617101072,0.6111685625646329,0.622017748824489
1285,2754.0,2.219341,3936.0,1182.0,1182.3191209369722,0.6111685625646329,0.6219264859346728
1286,2754.0,2.219341,3936.0,1182.0,1182.1497948928518,0.6111685625646329,0.6218374166218855
1287,2734.0,2.203223,3936.0,1202.0,1181.8721102201562,0.6215098241985523,0.6216913482300028
1288,2742.0,2.20967,3936.0,1194.0,1181.5920812166885,0.6173733195449845,0.6215440466673346
1289,2758.0,2.222564,3936.0,1178.0,1181.310021621883,0.609100310237849,0.6213956769678896
1290,2754.0,2.219341,3936.0,1182.0,1181.026245175174,0.6111685625646329,0.6212464041656761
1291,2754.0,2.219341,3936.0,1182.0,1180.7821341079282,0.6111685625646329,0.6211179962464085
1292,2766.0,2.229011,3936.0,1170.0,1180.5396004528377,0.6049638055842813,0.6209904180814612
1293,2754.0,2.219341,3936.0,1182.0,1180.2989928092736,0.6111685625646329,0.6208638530419545
1294,2758.0,2.222564,3936.0,1178.0,1180.060659776607,0.609100310237849,0.620738484499009
1295,2758.0,2.222564,3936.0,1178.0,1179.8249499542096,0.609100310237849,0.6206144958237453
1296,2754.0,2.219341,3936.0,1182.0,1179.5922119414524,0.6111685625646329,0.6204920703872838
1297,2754.0,2.219341,3936.0,1182.0,1179.3627943377073,0.6111685625646329,0.6203713915607453
1298,2758.0,2.222564,3936.0,1178.0,1179.1370457423448,0.609100310237849,0.6202526427152497
1299,2754.0,2.219341,3936.0,1182.0,1178.9153147547365,0.6111685625646329,0.620136007221918
1300,2742.0,2.20967,3936.0,1194.0,1178.6158129903881,0.6173733195449845,0.6199784625484589
1301,2758.0,2.222564,3936.0,1178.0,1178.3156924621555,0.609100310237849,0.6198205923912609
1302,2766.0,2.229011,3936.0,1170.0,1178.015232049536,0.6049638055842813,0.6196625434472205
1303,2758.0,2.222564,3936.0,1178.0,1177.7147106320265,0.609100310237849,0.6195044624132339
1304,2758.0,2.222564,3936.0,1178.0,1177.4144070891236,0.609100310237849,0.6193464959861974
1305,2759.0,2.22337,3936.0,1177.0,1177.1146003003253,0.6085832471561531,0.6191887908630078
1306,2766.0,2.229011,3936.0,1170.0,1176.815569145128,0.6049638055842813,0.6190314937405613
1307,2754.0,2.219341,3936.0,1182.0,1176.4791559363491,0.6111685625646329,0.6188545328160082
1308,2758.0,2.222564,3936.0,1178.0,1176.1851097521617,0.609100310237849,0.618699857900585
1309,2758.0,2.222564,3936.0,1178.0,1175.8926409801288,0.609100310237849,0.6185460127394817
1310,2774.0,2.235458,3936.0,1162.0,1175.6020284997487,0.6008273009307136,0.6183931440295954
1311,2766.0,2.229011,3936.0,1170.0,1175.3135511905173,0.6049638055842813,0.6182413984678219
1312,2758.0,2.222564,3936.0,1178.0,1175.0274879319325,0.609100310237849,0.6180909227510579
1313,2758.0,2.222564,3936.0,1178.0,1174.7441176034908,0.609100310237849,0.6179418635761998
1314,2758.0,2.222564,3936.0,1178.0,1174.4637190846895,0.609100310237849,0.617794367640144
1315,2774.0,2.235458,3936.0,1162.0,1174.1865712550257,0.6008273009307136,0.6176485816397868
1316,2758.0,2.222564,3936.0,1178.0,1173.9129529939962,0.609100310237849,0.6175046522720246
1317,2774.0,2.235458,3936.0,1162.0,1173.6431431810981,0.6008273009307136,0.6173627262337538
1318,2754.0,2.219341,3936.0,1182.0,1173.3774206958287,0.6111685625646329,0.6172229502218709
1319,2758.0,2.222564,3936.0,1178.0,1173.1160644176848,0.609100310237849,0.6170854709332723
1320,2766.0,2.229011,3936.0,1170.0,1172.8593532261632,0.6049638055842813,0.616950435064854
1321,2758.0,2.222564,3936.0,1178.0,1172.6075660007616,0.609100310237849,0.6168179893135131
1322,2758.0,2.222564,3936.0,1178.0,1172.3609816209764,0.609100310237849,0.6166882803761454
1323,2766.0,2.229011,3936.0,1170.0,1172.1198789663051,0.6049638055842813,0.6165614549496478
1324,2758.0,2.222564,3936.0,1178.0,1171.8845369162445,0.609100310237849,0.6164376597309162
1325,2770.0,2.232234,3936.0,1166.0,1171.6552343502917,0.6028955532574974,0.6163170414168473
1326,2774.0,2.235458,3936.0,1162.0,1171.4322501479437,0.6008273009307136,0.6161997467043374
1327,2758.0,2.222564,3936.0,1178.0,1171.2158631886975,0.609100310237849,0.6160859222902829
1328,2770.0,2.232234,3936.0,1166.0,1171.0063523520505,0.6028955532574974,0.6159757148715804
1329,2759.0,2.22337,3936.0,1177.0,1170.8039965174992,0.6085832471561531,0.6158692711451259
1330,2774.0,2.235458,3936.0,1162.0,1170.6090745645408,0.6008273009307136,0.6157667378078161
1331,2766.0,2.229011,3936.0,1170.0,1170.4218653726728,0.6049638055842813,0.6156682615565474
1332,2766.0,2.229011,3936.0,1170.0,1170.2426478213915,0.6049638055842813,0.615573989088216
1333,2758.0,2.222564,3936.0,1178.0,1170.0717007901947,0.609100310237849,0.6154840670997185
1334,2766.0,2.229011,3936.0,1170.0,1169.9093031585787,0.6049638055842813,0.6153986422879512
1335,2774.0,2.235458,3936.0,1162.0,1169.755733806041,0.6008273009307136,0.6153178613498104
1336,2758.0,2.222564,3936.0,1178.0,1169.6112716120786,0.609100310237849,0.6152418709821926
1337,2770.0,2.232234,3936.0,1166.0,1169.4761954561884,0.6028955532574974,0.6151708178819943
1338,2758.0,2.222564,3936.0,1178.0,1169.3507842178676,0.609100310237849,0.6151048487461118
1339,2774.0,2.235458,3936.0,1162.0,1169.2274210008532,0.6008273009307136,0.6150399569155622
1340,2770.0,2.232234,3936.0,1166.0,1169.0984889088822,0.6028955532574974,0.6149721357313627
1341,2770.0,2.232234,3936.0,1166.0,1168.964266821452,0.6028955532574974,0.6149015318904097
1342,2758.0,2.222564,3936.0,1178.0,1168.825033618059,0.609100310237849,0.6148282920895994
1343,2774.0,2.235458,3936.0,1162.0,1168.6810681782006,0.6008273009307136,0.6147525630258284
1344,2758.0,2.222564,3936.0,1178.0,1168.5326493813739,0.609100310237849,0.614674491395993
1345,2774.0,2.235458,3936.0,1162.0,1168.3800561070757,0.6008273009307136,0.6145942238969896
1346,2774.0,2.235458,3936.0,1162.0,1168.262003801483,0.6008273009307136,0.6145321257254607
1347,2758.0,2.222564,3936.0,1178.0,1168.1377377120969,0.609100310237849,0.6144667589637091
1348,2786.0,2.245128,3936.0,1150.0,1168.0075715783514,0.594622543950362,0.6143982886457429
1349,2770.0,2.232234,3936.0,1166.0,1167.871819139681,0.6028955532574974,0.6143268798055709
1350,2758.0,2.222564,3936.0,1178.0,1167.6897256435866,0.609100310237849,0.6142310945254954
1351,2758.0,2.222564,3936.0,1178.0,1167.541075028178,0.609100310237849,0.6141529009538649
1352,2766.0,2.229011,3936.0,1170.0,1167.3082394075973,0.6049638055842813,0.6140304241734899
1353,2774.0,2.235458,3936.0,1162.0,1167.0709678600167,0.6008273009307136,0.6139056139956065
1354,2774.0,2.235458,3936.0,1162.0,1166.714194704957,0.6008273009307136,0.6137179432807607
1355,2758.0,2.222564,3936.0,1178.0,1166.3612648579658,0.609100310237849,0.6135322942325183
1356,2774.0,2.235458,3936.0,1162.0,1166.0123177587918,0.6008273009307136,0.6133487401993276
1357,2774.0,2.235458,3936.0,1162.0,1165.6674928471832,0.6008273009307136,0.6131673545296368
1358,2774.0,2.235458,3936.0,1162.0,1165.3269295628893,0.6008273009307136,0.6129882105718942
1359,2774.0,2.235458,3936.0,1162.0,1165.031835837591,0.6008273009307136,0.6128329846262539
1360,2774.0,2.235458,3936.0,1162.0,1164.859259104333,0.6008273009307136,0.6127422053777679
1361,2766.0,2.229011,3936.0,1170.0,1164.686272766814,0.6049638055842813,0.6126512106682156
1362,2774.0,2.235458,3936.0,1162.0,1164.5131557045306,0.6008273009307136,0.6125601471944929
1363,2774.0,2.235458,3936.0,1162.0,1164.34018679698,0.6008273009307136,0.6124691616534965
1364,2766.0,2.229011,3936.0,1170.0,1164.1676449236593,0.6049638055842813,0.6123784007421226
1365,2774.0,2.235458,3936.0,1162.0,1163.9958089640654,0.6008273009307136,0.6122880111572677
1366,2758.0,2.222564,3936.0,1178.0,1163.8249577976956,0.609100310237849,0.6121981395958284
1367,2766.0,2.229011,3936.0,1170.0,1163.6553703040465,0.6049638055842813,0.6121089327547007
1368,2786.0,2.245128,3936.0,1150.0,1163.4873253626156,0.594622543950362,0.6120205373307813
1369,2786.0,2.245128,3936.0,1150.0,1163.28266528622,0.594622543950362,0.6119128815212204
1370,2774.0,2.235458,3936.0,1162.0,1163.0827025863525,0.6008273009307136,0.6118076966375081
1371,2758.0,2.222564,3936.0,1178.0,1162.8876812825733,0.609100310237849,0.6117051110394289
1372,2774.0,2.235458,3936.0,1162.0,1162.6978453944423,0.6008273009307136,0.6116052530867672
1373,2770.0,2.232234,3936.0,1166.0,1162.5518755081991,0.6028955532574974,0.6115284696390534
1374,2774.0,2.235458,3936.0,1162.0,1162.2526038194358,0.6008273009307136,0.6113710459905338
1375,2770.0,2.232234,3936.0,1166.0,1161.9618118103792,0.6028955532574974,0.6112180828445203
1376,2774.0,2.235458,3936.0,1162.0,1161.689248062448,0.6008273009307136,0.6110747081743977
1377,2786.0,2.245128,3936.0,1150.0,1161.4151844657215,0.594622543950362,0.6109305445500289
1378,2770.0,2.232234,3936.0,1166.0,1161.159636724602,0.6028955532574974,0.6107961206827256
1379,2774.0,2.235458,3936.0,1162.0,1160.9028767291686,0.6008273009307136,0.6106610591423507
1380,2770.0,2.232234,3936.0,1166.0,1160.6553110421535,0.6028955532574974,0.610530834015279
1381,2774.0,2.235458,3936.0,1162.0,1160.4170791033046,0.6008273009307136,0.6104055186499584
1382,2770.0,2.232234,3936.0,1166.0,1160.188320352371,0.6028955532574974,0.6102851863948374
1383,2774.0,2.235458,3936.0,1162.0,1159.978783370771,0.6008273009307136,0.6101749652233008
1384,2770.0,2.232234,3936.0,1166.0,1159.8840497486233,0.6028955532574974,0.61012513320445
1385,2774.0,2.235458,3936.0,1162.0,1159.7914251526718,0.6008273009307136,0.6100764105808781
1386,2770.0,2.232234,3936.0,1166.0,1159.7011536024768,0.6028955532574974,0.6100289257123698
1387,2786.0,2.245128,3936.0,1150.0,1159.6134791175975,0.594622543950362,0.6099828069587089
1388,2774.0,2.235458,3936.0,1162.0,1159.5286457175944,0.6008273009307136,0.60993818267968
1389,2774.0,2.235458,3936.0,1162.0,1159.4468974220276,0.6008273009307136,0.6098951812350677
1390,2774.0,2.235458,3936.0,1162.0,1159.3684782504565,0.6008273009307136,0.6098539309846561
1391,2786.0,2.245128,3936.0,1150.0,1159.2936322224414,0.594622543950362,0.6098145602882296
1392,2774.0,2.235458,3936.0,1162.0,1159.2226033575416,0.6008273009307136,0.6097771975055724
1393,2774.0,2.235458,3936.0,1162.0,1159.155635675318,0.6008273009307136,0.6097419709964693
1394,2786.0,2.245128,3936.0,1150.0,1159.0929731953297,0.594622543950362,0.6097090091207041
1395,2774.0,2.235458,3936.0,1162.0,1159.034859937137,0.6008273009307136,0.6096784402380615
1396,2770.0,2.232234,3936.0,1166.0,1158.9815399202998,0.6028955532574974,0.6096503927083259
1397,2786.0,2.245128,3936.0,1150.0,1158.9332571643777,0.594622543950362,0.6096249948912812
1398,2786.0,2.245128,3936.0,1150.0,1158.8902556889307,0.594622543950362,0.6096023751467121
1399,2766.0,2.229011,3936.0,1170.0,1158.852779513519,0.6049638055842813,0.609582661834403
1400,2774.0,2.235458,3936.0,1162.0,1158.7389356738365,0.6008273009307136,0.6095227774107266
1401,2786.0,2.245128,3936.0,1150.0,1158.6976414638107,0.594622543950362,0.6095010557262202
1402,2774.0,2.235458,3936.0,1162.0,1158.5899983354448,0.6008273009307136,0.6094444330163493
1403,2790.0,2.248352,3936.0,1146.0,1158.3681348800756,0.5925542916235781,0.6093277278419919
1404,2774.0,2.235458,3936.0,1162.0,1158.1553262933758,0.6008273009307136,0.6092157857324892
1405,2774.0,2.235458,3936.0,1162.0,1157.9516422952197,0.6008273009307136,0.6091086433620656
1406,2786.0,2.245128,3936.0,1150.0,1157.757152605482,0.594622543950362,0.6090063374049453
1407,2774.0,2.235458,3936.0,1162.0,1157.5719269440365,0.6008273009307136,0.6089089045353522
1408,2790.0,2.248352,3936.0,1146.0,1157.3960350307577,0.5925542916235781,0.6088163814275105
1409,2774.0,2.235458,3936.0,1162.0,1157.2295465855195,0.6008273009307136,0.6087288047556441
1410,2786.0,2.245128,3936.0,1150.0,1157.0725313281964,0.594622543950362,0.6086462111939771
1411,2774.0,2.235458,3936.0,1162.0,1156.925058978663,0.6008273009307136,0.608568637416734
1412,2774.0,2.235458,3936.0,1162.0,1156.787199256793,0.6008273009307136,0.6084961200981385
1413,2786.0,2.245128,3936.0,1150.0,1156.6179533905279,0.594622543950362,0.6084070929607089
1414,2774.0,2.235458,3936.0,1162.0,1156.4557928064844,0.6008273009307136,0.6083217928413035
1415,2774.0,2.235458,3936.0,1162.0,1156.3007523646,0.6008273009307136,0.6082402380770343
1416,2786.0,2.245128,3936.0,1150.0,1156.1528669248114,0.594622543950362,0.6081624470050133
1417,2786.0,2.245128,3936.0,1150.0,1156.012171347056,0.594622543950362,0.6080884379623527
1418,2786.0,2.245128,3936.0,1150.0,1155.8787004912704,0.594622543950362,0.608018229286164
1419,2786.0,2.245128,3936.0,1150.0,1155.7524892173924,0.594622543950362,0.60795183931356
1420,2790.0,2.248352,3936.0,1146.0,1155.633572385359,0.5925542916235781,0.6078892863816524
1421,2790.0,2.248352,3936.0,1146.0,1155.5219848551071,0.5925542916235781,0.6078305888275533
1422,2790.0,2.248352,3936.0,1146.0,1155.4177614865741,0.5925542916235781,0.6077757649883746
1423,2790.0,2.248352,3936.0,1146.0,1155.3209371396968,0.5925542916235781,0.6077248332012285
1424,2786.0,2.245128,3936.0,1150.0,1155.2726151663453,0.594622543950362,0.6076994147549328
1425,2790.0,2.248352,3936.0,1146.0,1155.1933602277816,0.5925542916235781,0.6076577248722598
1426,2790.0,2.248352,3936.0,1146.0,1155.1216437506223,0.5925542916235781,0.6076200003900676
1427,2774.0,2.235458,3936.0,1162.0,1155.0985690867376,0.6008273009307136,0.6076078625971741
1428,2791.0,2.249158,3936.0,1145.0,1155.0447008973888,0.5920372285418821,0.6075795267163514
1429,2774.0,2.235458,3936.0,1162.0,1154.9985106091929,0.6008273009307136,0.6075552295844575
1430,2774.0,2.235458,3936.0,1162.0,1154.9189645901542,0.6008273009307136,0.607513386586899
1431,2774.0,2.235458,3936.0,1162.0,1154.8444994069523,0.6008273009307136,0.6074742162234217
1432,2790.0,2.248352,3936.0,1146.0,1154.7751150595868,0.5925542916235781,0.6074377184940255
1433,2774.0,2.235458,3936.0,1162.0,1154.7108115480582,0.6008273009307136,0.6074038933987107
1434,2786.0,2.245128,3936.0,1150.0,1154.6515888723663,0.594622543950362,0.6073727409374771
1435,2774.0,2.235458,3936.0,1162.0,1154.5974470325111,0.6008273009307136,0.6073442611103248
1436,2790.0,2.248352,3936.0,1146.0,1154.5483860284926,0.5925542916235781,0.6073184539172537
1437,2774.0,2.235458,3936.0,1162.0,1154.5044058603107,0.6008273009307136,0.6072953193582638
1438,2786.0,2.245128,3936.0,1150.0,1154.465506527966,0.594622543950362,0.6072748574333554
1439,2786.0,2.245128,3936.0,1150.0,1154.4316880314575,0.594622543950362,0.607257068142528
1440,2790.0,2.248352,3936.0,1146.0,1154.402950370786,0.5925542916235781,0.607241951485782
1441,2774.0,2.235458,3936.0,1162.0,1154.3792935459508,0.6008273009307136,0.6072295074631171
1442,2786.0,2.245128,3936.0,1150.0,1154.3607175569525,0.594622543950362,0.6072197360745335
1443,2782.0,2.241905,3936.0,1154.0,1154.3472224037912,0.5966907962771458,0.6072126373200314
1444,2790.0,2.248352,3936.0,1146.0,1154.3388080864663,0.5925542916235781,0.6072082111996103
1445,2774.0,2.235458,3936.0,1162.0,1154.3354746049783,0.6008273009307136,0.6072064577132705
1446,2774.0,2.235458,3936.0,1162.0,1154.3372219593268,0.6008273009307136,0.607207376861012
1447,2790.0,2.248352,3936.0,1146.0,1154.3440501495124,0.5925542916235781,0.6072109686428349
1448,2774.0,2.235458,3936.0,1162.0,1154.3559591755343,0.6008273009307136,0.6072172330587388
1449,2798.0,2.254799,3936.0,1138.0,1154.3729490373933,0.5884177869700103,0.6072261701087242
1450,2774.0,2.235458,3936.0,1162.0,1154.3950197350887,0.6008273009307136,0.6072377797927906
1451,2790.0,2.248352,3936.0,1146.0,1154.4221712686208,0.5925542916235781,0.6072520621109383
1452,2786.0,2.245128,3936.0,1150.0,1154.4544036379896,0.594622543950362,0.6072690170631673
1453,2774.0,2.235458,3936.0,1162.0,1154.4917168431955,0.6008273009307136,0.6072886446494777
1454,2774.0,2.235458,3936.0,1162.0,1154.4572377508787,0.6008273009307136,0.6072705078703772
1455,2775.0,2.236264,3936.0,1161.0,1154.4330336250307,0.6003102378490176,0.6072577759550531
1456,2774.0,2.235458,3936.0,1162.0,1154.4190347457777,0.6008273009307136,0.6072504122292818
1457,2790.0,2.248352,3936.0,1146.0,1154.4151713932454,0.5925542916235781,0.607248380018839
1458,2774.0,2.235458,3936.0,1162.0,1154.462442339492,0.6008273009307136,0.6072732456012062
1459,2774.0,2.235458,3936.0,1162.0,1154.4813076659684,0.6008273009307136,0.6072831691878197
1460,2786.0,2.245128,3936.0,1150.0,1154.5485707861592,0.594622543950362,0.6073185511039474
1461,2790.0,2.248352,3936.0,1146.0,1154.623128348195,0.5925542916235781,0.607357770060772
1462,2786.0,2.245128,3936.0,1150.0,1154.7049454921375,0.594622543950362,0.6074008077211804
1463,2786.0,2.245128,3936.0,1150.0,1154.7939873580503,0.594622543950362,0.6074476457480613
1464,2790.0,2.248352,3936.0,1146.0,1154.8902190859967,0.5925542916235781,0.6074982658043027
1465,2790.0,2.248352,3936.0,1146.0,1154.9936058160388,0.5925542916235781,0.6075526495527922
1466,2774.0,2.235458,3936.0,1162.0,1155.06567612156,0.6008273009307136,0.6075905601566718
1467,2786.0,2.245128,3936.0,1150.0,1155.1474287746191,0.594622543950362,0.6076335638934232
1468,2774.0,2.235458,3936.0,1162.0,1155.238794055342,0.6008273009307136,0.6076816240888223
1469,2790.0,2.248352,3936.0,1146.0,1155.2628291104945,0.5925542916235781,0.6076942670691526
1470,2774.0,2.235458,3936.0,1162.0,1155.3015314841946,0.6008273009307136,0.607714625389378
1471,2774.0,2.235458,3936.0,1162.0,1155.3547617366942,0.6008273009307136,0.6077426257010504
1472,2786.0,2.245128,3936.0,1150.0,1155.4223804282437,0.594622543950362,0.6077781946557211
1473,2786.0,2.245128,3936.0,1150.0,1155.504248119095,0.594622543950362,0.6078212589049422
1474,2786.0,2.245128,3936.0,1150.0,1155.6002253695,0.594622543950362,0.6078717451002654
1475,2774.0,2.235458,3936.0,1162.0,1155.7101727397103,0.6008273009307136,0.6079295798932428
1476,2790.0,2.248352,3936.0,1146.0,1155.8339507899764,0.5925542916235781,0.6079946899354257
1477,2790.0,2.248352,3936.0,1146.0,1155.9714200805504,0.5925542916235781,0.6080670018783662
1478,2774.0,2.235458,3936.0,1162.0,1156.122441171684,0.6008273009307136,0.6081464423736161
1479,2786.0,2.245128,3936.0,1150.0,1156.2868746236281,0.594622543950362,0.6082329380727272
1480,2774.0,2.235458,3936.0,1162.0,1156.4645809966346,0.6008273009307136,0.6083264156272511
1481,2770.0,2.232234,3936.0,1166.0,1156.6554208509551,0.6028955532574974,0.60842680168874
1482,2774.0,2.235458,3936.0,1162.0,1156.8592547468406,0.6008273009307136,0.6085340229087453
1483,2770.0,2.232234,3936.0,1166.0,1157.075943244543,0.6028955532574974,0.608648005938819
1484,2774.0,2.235458,3936.0,1162.0,1157.3053469043134,0.6008273009307136,0.6087686774305128
1485,2786.0,2.245128,3936.0,1150.0,1157.5473262864039,0.594622543950362,0.6088959640353787
1486,2786.0,2.245128,3936.0,1150.0,1157.8017419510652,0.594622543950362,0.6090297924049682
1487,2774.0,2.235458,3936.0,1162.0,1158.068454458549,0.6008273009307136,0.6091700891908333
1488,2786.0,2.245128,3936.0,1150.0,1158.3088878024275,0.594622543950362,0.6092965625447797
1489,2774.0,2.235458,3936.0,1162.0,1158.563936174948,0.6008273009307136,0.609430723732953
1490,2774.0,2.235458,3936.0,1162.0,1158.7102198006253,0.6008273009307136,0.6095076722146754
1491,2774.0,2.235458,3936.0,1162.0,1158.8627695000018,0.6008273009307136,0.6095879167922886
1492,2770.0,2.232234,3936.0,1166.0,1159.0213063935807,0.6028955532574974,0.6096713107688966
1493,2766.0,2.229011,3936.0,1170.0,1159.1855516018645,0.6049638055842813,0.6097577074476025
1494,2786.0,2.245128,3936.0,1150.0,1159.355226245356,0.594622543950362,0.6098469601315102
1495,2774.0,2.235458,3936.0,1162.0,1159.5300514445591,0.6008273009307136,0.6099389221237234
1496,2774.0,2.235458,3936.0,1162.0,1159.5944386199367,0.6008273009307136,0.6099727912281071
1497,2786.0,2.245128,3936.0,1150.0,1159.6301412960468,0.594622543950362,0.6099915716398405
1498,2774.0,2.235458,3936.0,1162.0,1159.6751777203237,0.6008273009307136,0.6100152618133255
1499,2774.0,2.235458,3936.0,1162.0,1159.7291295735215,0.6008273009307136,0.6100436417032172
1500,2786.0,2.245128,3936.0,1150.0,1159.7915785363948,0.594622543950362,0.610076491264171
1501,2790.0,2.248352,3936.0,1146.0,1159.862106289698,0.5925542916235781,0.6101135904508423
1502,2758.0,2.222564,3936.0,1178.0,1159.9402945141856,0.609100310237849,0.6101547192178866
1503,2766.0,2.229011,3936.0,1170.0,1160.0667933825448,0.6049638055842813,0.610221260471665
1504,2790.0,2.248352,3936.0,1146.0,1160.2027828687878,0.5925542916235781,0.6102927940041991
1505,2774.0,2.235458,3936.0,1162.0,1160.471084989405,0.6008273009307136,0.6104339269623738
1506,2786.0,2.245128,3936.0,1150.0,1160.7561111648602,0.594622543950362,0.6105838571500541
1507,2774.0,2.235458,3936.0,1162.0,1161.0575825156566,0.6008273009307136,0.6107424378703441
1508,2774.0,2.235458,3936.0,1162.0,1161.375220162297,0.6008273009307136,0.6109095224263471
1509,2774.0,2.235458,3936.0,1162.0,1161.708745225285,0.6008273009307136,0.6110849641211671
1510,2774.0,2.235458,3936.0,1162.0,1162.057878825122,0.6008273009307136,0.611268616257907
1511,2774.0,2.235458,3936.0,1162.0,1162.2991366065137,0.6008273009307136,0.6113955232845534
1512,2774.0,2.235458,3936.0,1162.0,1162.54744481019,0.6008273009307136,0.6115261389921118
1513,2790.0,2.248352,3936.0,1146.0,1162.8024199768422,0.5925542916235781,0.6116602616723498
1514,2786.0,2.245128,3936.0,1150.0,1163.0636786471623,0.594622543950362,0.6117976896170347
1515,2774.0,2.235458,3936.0,1162.0,1163.3308373618415,0.6008273009307136,0.6119382211179342
1516,2774.0,2.235458,3936.0,1162.0,1163.6035126615716,0.6008273009307136,0.6120816544668154
1517,2786.0,2.245128,3936.0,1150.0,1163.881321087044,0.594622543950362,0.6122277879554459
1518,2774.0,2.235458,3936.0,1162.0,1164.1638791789505,0.6008273009307136,0.6123764198755933
1519,2774.0,2.235458,3936.0,1162.0,1164.4508034779826,0.6008273009307136,0.6125273485190249
1520,2774.0,2.235458,3936.0,1162.0,1164.7827790167646,0.6008273009307136,0.612701975129214
1521,2766.0,2.229011,3936.0,1170.0,1165.1210206292462,0.6049638055842813,0.6128798978352943
1522,2774.0,2.235458,3936.0,1162.0,1165.465179716055,0.6008273009307136,0.6130609332661446
1523,2774.0,2.235458,3936.0,1162.0,1165.8149076778207,0.6008273009307136,0.6132448980506452
1524,2774.0,2.235458,3936.0,1162.0,1166.1287874232387,0.6008273009307136,0.6134100058659694
1525,2774.0,2.235458,3936.0,1162.0,1166.5680775354788,0.6008273009307136,0.613641082358748
1526,2790.0,2.248352,3936.0,1146.0,1167.0171894350055,0.5925542916235781,0.613877325332847
1527,2774.0,2.235458,3936.0,1162.0,1167.4271405526588,0.6008273009307136,0.6140929688536969
1528,2766.0,2.229011,3936.0,1170.0,1167.858553190606,0.6049638055842813,0.6143199016175802
1529,2758.0,2.222564,3936.0,1178.0,1168.2528007780804,0.609100310237849,0.6145272847278794
1530,2758.0,2.222564,3936.0,1178.0,1168.6704707573126,0.609100310237849,0.614746988543765
1531,2758.0,2.222564,3936.0,1178.0,1169.0247322539024,0.609100310237849,0.6149333380696878
1532,2774.0,2.235458,3936.0,1162.0,1169.3973039324694,0.6008273009307136,0.6151293191637145
1533,2766.0,2.229011,3936.0,1170.0,1169.787767473768,0.6049638055842813,0.6153347117805007
1534,2758.0,2.222564,3936.0,1178.0,1170.1854374355703,0.609100310237849,0.6155438951367754
1535,2774.0,2.235458,3936.0,1162.0,1170.4865575724998,0.6008273009307136,0.6157022911106613
1536,2770.0,2.232234,3936.0,1166.0,1170.7963055438695,0.6028955532574974,0.6158652255197797
1537,2774.0,2.235458,3936.0,1162.0,1171.1141584506217,0.6008273009307136,0.6160324233074498
1538,2758.0,2.222564,3936.0,1178.0,1171.4395933936996,0.609100310237849,0.6162036094169905
1539,2774.0,2.235458,3936.0,1162.0,1171.7720874740469,0.6008273009307136,0.6163785087917215
1540,2770.0,2.232234,3936.0,1166.0,1172.072681225926,0.6028955532574974,0.6165366278752157
1541,2758.0,2.222564,3936.0,1178.0,1172.381885382276,0.609100310237849,0.6166992762253859
1542,2774.0,2.235458,3936.0,1162.0,1172.6991421841035,0.6008273009307136,0.6168661604484399
1543,2758.0,2.222564,3936.0,1178.0,1173.023893872414,0.609100310237849,0.6170369871505845
1544,2766.0,2.229011,3936.0,1170.0,1173.2402729881742,0.6049638055842813,0.6171508074387888
1545,2758.0,2.222564,3936.0,1178.0,1173.470822668378,0.609100310237849,0.6172720817630414
1546,2774.0,2.235458,3936.0,1162.0,1173.7148805742197,0.6008273009307136,0.6174004617182132
1547,2758.0,2.222564,3936.0,1178.0,1173.9717843668939,0.609100310237849,0.6175355988991754
1548,2758.0,2.222564,3936.0,1178.0,1174.2408717075948,0.609100310237849,0.6176771449007988
1549,2758.0,2.222564,3936.0,1178.0,1174.5214802575174,0.609100310237849,0.6178247513179549
1550,2758.0,2.222564,3936.0,1178.0,1174.8129476778558,0.609100310237849,0.6179780697455144
1551,2774.0,2.235458,3936.0,1162.0,1175.114611629805,0.6008273009307136,0.6181367517783485
1552,2770.0,2.232234,3936.0,1166.0,1175.4258097745592,0.6028955532574974,0.6183004490113282
1553,2754.0,2.219341,3936.0,1182.0,1175.745879773313,0.6111685625646329,0.6184688130393245
1554,2758.0,2.222564,3936.0,1178.0,1176.1973647630596,0.609100310237849,0.618706304312326
1555,2754.0,2.219341,3936.0,1182.0,1176.6643972847667,0.6111685625646329,0.618951973937302
1556,2758.0,2.222564,3936.0,1178.0,1177.1464195794395,0.609100310237849,0.6192055285204593
1557,2758.0,2.222564,3936.0,1178.0,1177.6044373214042,0.609100310237849,0.6194464561682589
1558,2766.0,2.229011,3936.0,1170.0,1178.0789263836634,0.6049638055842813,0.6196960481015023
1559,2758.0,2.222564,3936.0,1178.0,1178.569294147285,0.609100310237849,0.6199539925892842
1560,2758.0,2.222564,3936.0,1178.0,1179.0749479933384,0.609100310237849,0.6202199779007
1561,2754.0,2.219341,3936.0,1182.0,1179.595295302892,0.6111685625646329,0.6204936923048449
1562,2754.0,2.219341,3936.0,1182.0,1180.129743457015,0.6111685625646329,0.6207748240708139
1563,2758.0,2.222564,3936.0,1178.0,1180.6392632700956,0.609100310237849,0.6210428429679558
1564,2754.0,2.219341,3936.0,1182.0,1181.1642957551996,0.6111685625646329,0.6213190218799601
1565,2754.0,2.219341,3936.0,1182.0,1181.7042134334579,0.6111685625646329,0.6216030307388095
1566,2758.0,2.222564,3936.0,1178.0,1182.1815156926434,0.609100310237849,0.6218541024769954
1567,2742.0,2.20967,3936.0,1194.0,1182.677642317879,0.6173733195449845,0.6221150762556878
1568,2742.0,2.20967,3936.0,1194.0,1183.191896110422,0.6173733195449845,0.6223855853326462
1569,2742.0,2.20967,3936.0,1194.0,1183.7235798715305,0.6173733195449845,0.6226652629656296
1570,2754.0,2.219341,3936.0,1182.0,1184.2719964024614,0.6111685625646329,0.622953742412397
1571,2754.0,2.219341,3936.0,1182.0,1184.8364485044717,0.6111685625646329,0.623250656930707
1572,2742.0,2.20967,3936.0,1194.0,1185.3489749871305,0.6173733195449845,0.6235202574037636
1573,2754.0,2.219341,3936.0,1182.0,1185.871078366017,0.6111685625646329,0.6237948955399278
1574,2754.0,2.219341,3936.0,1182.0,1186.412258845498,0.6111685625646329,0.6240795686606614
1575,2742.0,2.20967,3936.0,1194.0,1186.9717495069565,0.6173733195449845,0.624373873349499
1576,2742.0,2.20967,3936.0,1194.0,1187.4719102984166,0.6173733195449845,0.6246369691904836
1577,2742.0,2.20967,3936.0,1194.0,1187.994041565253,0.6173733195449845,0.6249116219963375
1578,2742.0,2.20967,3936.0,1194.0,1188.5373066689742,0.6173733195449845,0.6251973916763717
1579,2742.0,2.20967,3936.0,1194.0,1189.1008689710898,0.6173733195449845,0.6254938381398968
1580,2742.0,2.20967,3936.0,1194.0,1189.683891833108,0.6173733195449845,0.6258005212962237
1581,2742.0,2.20967,3936.0,1194.0,1190.285538616538,0.6173733195449845,0.6261170010546632
1582,2754.0,2.219341,3936.0,1182.0,1190.904972682889,0.6111685625646329,0.6264428373245262
1583,2754.0,2.219341,3936.0,1182.0,1191.5413573936692,0.6111685625646329,0.6267775900151233
1584,2742.0,2.20967,3936.0,1194.0,1192.1938561103875,0.6173733195449845,0.6271208190357654
1585,2742.0,2.20967,3936.0,1194.0,1192.8616321945533,0.6173733195449845,0.6274720842957633
1586,2738.0,2.206447,3936.0,1198.0,1193.5054124409958,0.6194415718717684,0.6278107272046819
1587,2726.0,2.196777,3936.0,1210.0,1194.203830409899,0.6256463288521199,0.6281781107861716
1588,2742.0,2.20967,3936.0,1194.0,1194.9149809708388,0.6173733195449845,0.6285521919978374
1589,2734.0,2.203223,3936.0,1202.0,1195.5611543519651,0.6215098241985523,0.6288920937494982
1590,2742.0,2.20967,3936.0,1194.0,1196.1467080454192,0.6173733195449845,0.6292001081801599
1591,2742.0,2.20967,3936.0,1194.0,1196.7528029568268,0.6173733195449845,0.6295189277540969
1592,2738.0,2.206447,3936.0,1198.0,1197.378463007949,0.6194415718717684,0.6298480390321719
1593,2742.0,2.20967,3936.0,1194.0,1198.0227121205457,0.6173733195449845,0.6301869285752475
1594,2742.0,2.20967,3936.0,1194.0,1198.6845742163775,0.6173733195449845,0.6305350829441863
1595,2742.0,2.20967,3936.0,1194.0,1199.3630732172046,0.6173733195449845,0.6308919886998507
1596,2742.0,2.20967,3936.0,1194.0,1200.0187964781076,0.6173733195449845,0.6312369139033573
1597,2742.0,2.20967,3936.0,1194.0,1200.6918015528431,0.6173733195449845,0.6315909297301628
1598,2734.0,2.203223,3936.0,1202.0,1201.3810775032339,0.6215098241985523,0.6319535044040175
1599,2754.0,2.219341,3936.0,1182.0,1202.0856133911036,0.6111685625646329,0.6323241061486721
1600,2727.0,2.197582,3936.0,1209.0,1202.8043982782747,0.6251292657704239,0.6327022031878766
1601,2738.0,2.206447,3936.0,1198.0,1203.5364212265715,0.6194415718717684,0.6330872637453825
1602,2742.0,2.20967,3936.0,1194.0,1204.2806712978165,0.6173733195449845,0.6334787560449396
1603,2742.0,2.20967,3936.0,1194.0,1205.036137553833,0.6173733195449845,0.6338761483102988
1604,2742.0,2.20967,3936.0,1194.0,1205.6864993564056,0.6173733195449845,0.6342182532659724
1605,2726.0,2.196777,3936.0,1210.0,1206.4359836472106,0.6256463288521199,0.6346124988829037
1606,2734.0,2.203223,3936.0,1202.0,1207.206671494775,0.6215098241985523,0.6350178980482395
1607,2726.0,2.196777,3936.0,1210.0,1207.9975171009849,0.6256463288521199,0.6354339006486179
1608,2726.0,2.196777,3936.0,1210.0,1208.8074746677266,0.6256463288521199,0.6358599565706778
1609,2726.0,2.196777,3936.0,1210.0,1209.6354983968859,0.6256463288521199,0.6362955157010575
1610,2726.0,2.196777,3936.0,1210.0,1210.4805424903486,0.6256463288521199,0.6367400279263953
1611,2726.0,2.196777,3936.0,1210.0,1211.3004926580684,0.6256463288521199,0.6371713401816241
1612,2726.0,2.196777,3936.0,1210.0,1212.132704808674,0.6256463288521199,0.6376091025160167
1613,2726.0,2.196777,3936.0,1210.0,1212.9760982841137,0.6256463288521199,0.6380527464790989
1614,2722.0,2.193553,3936.0,1214.0,1213.8295924263373,0.6277145811789038,0.6385017036203979
1615,2710.0,2.183883,3936.0,1226.0,1214.6921065772929,0.6339193381592554,0.6389554054894395
1616,2722.0,2.193553,3936.0,1214.0,1215.56256007893,0.6277145811789038,0.6394132836357505
1617,2726.0,2.196777,3936.0,1210.0,1216.4040676317709,0.6256463288521199,0.6398559355610709
1618,2722.0,2.193553,3936.0,1214.0,1217.191950143325,0.6277145811789038,0.6402703795069252
1619,2694.0,2.170989,3936.0,1242.0,1217.9969009515964,0.6421923474663909,0.6406938017612671
1620,2722.0,2.193553,3936.0,1214.0,1218.890271375903,0.6277145811789038,0.6411637347250397
1621,2710.0,2.183883,3936.0,1226.0,1219.81394902955,0.6339193381592554,0.6416496099740282
1622,2710.0,2.183883,3936.0,1226.0,1220.7469508448817,0.6339193381592554,0.6421403899420626
1623,2710.0,2.183883,3936.0,1226.0,1221.698428426892,0.6339193381592554,0.6426408885794832
1624,2710.0,2.183883,3936.0,1226.0,1222.6672662575927,0.6339193381592554,0.6431505190987044
1625,2710.0,2.183883,3936.0,1226.0,1223.6523488189964,0.6339193381592554,0.6436686947121409
1626,2710.0,2.183883,3936.0,1226.0,1224.6525605931145,0.6339193381592554,0.6441948286322071
1627,2710.0,2.183883,3936.0,1226.0,1225.6667860619589,0.6339193381592554,0.6447283340713174
1628,2702.0,2.177436,3936.0,1234.0,1226.6554731408617,0.6380558428128231,0.6452484057421397
1629,2686.0,2.164542,3936.0,1250.0,1227.6585399438306,0.6463288521199586,0.6457760414716828
1630,2710.0,2.183883,3936.0,1226.0,1228.6748360929405,0.6339193381592554,0.6463106361352486
1631,2702.0,2.177436,3936.0,1234.0,1229.703211210266,0.6380558428128231,0.6468515846081399
1632,2710.0,2.183883,3936.0,1226.0,1230.742514917882,0.6339193381592554,0.6473982817656588
1633,2710.0,2.183883,3936.0,1226.0,1231.7915968378627,0.6339193381592554,0.6479501224831075
1634,2710.0,2.183883,3936.0,1226.0,1232.733996892244,0.6339193381592554,0.6484458461365502
1635,2702.0,2.177436,3936.0,1234.0,1233.6916655990885,0.6380558428128231,0.6489496014450707
1636,2706.0,2.180659,3936.0,1230.0,1234.6633480006592,0.6359875904860393,0.6494607282726353
1637,2702.0,2.177436,3936.0,1234.0,1235.6477891392196,0.6380558428128231,0.6499785664832102
1638,2706.0,2.180659,3936.0,1230.0,1236.6052974903532,0.6359875904860393,0.6504822374410153
1639,2702.0,2.177436,3936.0,1234.0,1237.501410520213,0.6380558428128231,0.6509536130770782
1640,2710.0,2.183883,3936.0,1226.0,1238.419537600371,0.6339193381592554,0.6514365685994008
1641,2694.0,2.170989,3936.0,1242.0,1239.3583191932785,0.6421923474663909,0.6519303888606128
1642,2694.0,2.170989,3936.0,1242.0,1240.3163957613876,0.6421923474663909,0.6524343587133445
1643,2694.0,2.170989,3936.0,1242.0,1241.2924077671496,0.6421923474663909,0.6529477630102255
1644,2678.0,2.158095,3936.0,1258.0,1242.2849956730176,0.6504653567735263,0.6534698866038865
1645,2687.0,2.165348,3936.0,1249.0,1243.2927999414426,0.6458117890382626,0.6540000143469571
1646,2710.0,2.183883,3936.0,1226.0,1244.3144610348766,0.6339193381592554,0.6545374310920673
1647,2678.0,2.158095,3936.0,1258.0,1245.471824891571,0.6504653567735263,0.6551462305469652
1648,2694.0,2.170989,3936.0,1242.0,1246.6483268537497,0.6421923474663909,0.6557650970763783
1649,2686.0,2.164542,3936.0,1250.0,1247.8427119636763,0.6463288521199586,0.656393370544273
1650,2694.0,2.170989,3936.0,1242.0,1249.0537252636138,0.6421923474663909,0.6570303908146156
1651,2678.0,2.158095,3936.0,1258.0,1250.2801117958256,0.6504653567735263,0.6576754977513719
1652,2678.0,2.158095,3936.0,1258.0,1251.5206166025753,0.6504653567735263,0.6583280312185085
1653,2678.0,2.158095,3936.0,1258.0,1252.7739847261257,0.6504653567735263,0.6589873310799913
1654,2686.0,2.164542,3936.0,1250.0,1254.000524642061,0.6463288521199586,0.6596325187000407
1655,2662.0,2.145201,3936.0,1274.0,1255.2400150246403,0.6587383660806618,0.6602845185572167
1656,2678.0,2.158095,3936.0,1258.0,1256.3758563561503,0.6504653567735263,0.6608819966791348
1657,2674.0,2.154872,3936.0,1262.0,1257.5298597149051,0.6525336091003102,0.661489028436431
1658,2678.0,2.158095,3936.0,1258.0,1258.7006307034198,0.6504653567735263,0.6621048803446233
1659,2678.0,2.158095,3936.0,1258.0,1259.8483383575292,0.6504653567735263,0.6627086004194833
1660,2678.0,2.158095,3936.0,1258.0,1260.974185345064,0.6504653567735263,0.6633008212913768
1661,2670.0,2.151648,3936.0,1266.0,1262.117776040598,0.6546018614270941,0.6639023757533037
1662,2662.0,2.145201,3936.0,1274.0,1263.2776463267721,0.6587383660806618,0.664512493646558
1663,2686.0,2.164542,3936.0,1250.0,1264.4523320862265,0.6463288521199586,0.6651304048124334
1664,2662.0,2.145201,3936.0,1274.0,1265.5634960682423,0.6587383660806618,0.6657149020927317
1665,2662.0,2.145201,3936.0,1274.0,1266.691741419452,0.6587383660806618,0.6663083845579343
1666,2686.0,2.164542,3936.0,1250.0,1267.768270310932,0.6463288521199586,0.6668746630005554
1667,2678.0,2.158095,3936.0,1258.0,1268.8633577614414,0.6504653567735263,0.6674507036632039
1668,2658.0,2.141978,3936.0,1278.0,1269.9754089288572,0.6608066184074457,0.6680356676230038
1669,2658.0,2.141978,3936.0,1278.0,1271.0932198293854,0.6608066184074457,0.6686236613321421
1670,2658.0,2.141978,3936.0,1278.0,1272.1485808955415,0.6608066184074457,0.6691788050218987
1671,2662.0,2.145201,3936.0,1274.0,1273.22195583421,0.6587383660806618,0.6697434244143072
1672,2670.0,2.151648,3936.0,1266.0,1274.311671368408,0.6546018614270941,0.6703166393279891
1673,2662.0,2.145201,3936.0,1274.0,1275.416054221154,0.6587383660806618,0.670897569581566
1674,2658.0,2.141978,3936.0,1278.0,1276.5334311154645,0.6608066184074457,0.6714853349936593
1675,2646.0,2.132308,3936.0,1290.0,1277.6621287743583,0.6670113753877973,0.6720790553828907
1676,2658.0,2.141978,3936.0,1278.0,1278.7236007874935,0.6608066184074457,0.6726374135683898
1677,2662.0,2.145201,3936.0,1274.0,1279.8366777085591,0.6587383660806618,0.6732229170977116
1678,2646.0,2.132308,3936.0,1290.0,1280.9612148339568,0.6670113753877973,0.6738144489526201
1679,2658.0,2.141978,3936.0,1278.0,1282.136572518699,0.6608066184074457,0.6744327135663302
1680,2646.0,2.132308,3936.0,1290.0,1283.322640919125,0.6670113753877973,0.6750566122577177
1681,2662.0,2.145201,3936.0,1274.0,1284.4531146918152,0.6587383660806618,0.675651266922808
1682,2646.0,2.132308,3936.0,1290.0,1285.6706572579774,0.6670113753877973,0.6762917217342373
1683,2646.0,2.132308,3936.0,1290.0,1286.9069893302524,0.6670113753877973,0.6769420602490615
1684,2646.0,2.132308,3936.0,1290.0,1288.1604376316586,0.6670113753877973,0.6776014022859023
1685,2646.0,2.132308,3936.0,1290.0,1289.429328885213,0.6670113753877973,0.6782688676633808
1686,2658.0,2.141978,3936.0,1278.0,1290.7119898139342,0.6608066184074457,0.6789435762001192
1687,2646.0,2.132308,3936.0,1290.0,1291.9683105741597,0.6670113753877973,0.6796044292149928
1688,2658.0,2.141978,3936.0,1278.0,1293.1223418208642,0.6608066184074457,0.6802114756419786
1689,2638.0,2.125861,3936.0,1298.0,1294.2954763131165,0.671147880041365,0.6808285708063679
1690,2658.0,2.141978,3936.0,1278.0,1295.485901334185,0.6608066184074457,0.6814547611783337
1691,2630.0,2.119414,3936.0,1306.0,1296.7328726592718,0.6752843846949328,0.6821106961797553
1692,2646.0,2.132308,3936.0,1290.0,1297.9961758649044,0.6670113753877973,0.6827752221181724
1693,2630.0,2.119414,3936.0,1306.0,1299.2740330942893,0.6752843846949328,0.6834474038008704
1694,2646.0,2.132308,3936.0,1290.0,1300.526229923952,0.6670113753877973,0.6841060875353884
1695,2631.0,2.12022,3936.0,1305.0,1301.876791038215,0.6747673216132368,0.6848165130989773
1696,2631.0,2.12022,3936.0,1305.0,1303.2497322321155,0.6747673216132368,0.6855387110885022
1697,2630.0,2.119414,3936.0,1306.0,1304.566437375438,0.6752843846949328,0.6862313276488684
1698,2630.0,2.119414,3936.0,1306.0,1305.9072307353172,0.6752843846949328,0.686936615153661
1699,2622.0,2.112967,3936.0,1314.0,1307.2702995950226,0.6794208893485005,0.6876536200730535
1700,2642.0,2.129084,3936.0,1294.0,1308.6538312378234,0.6690796277145812,0.6883813888772192
1701,2626.0,2.11619,3936.0,1310.0,1310.0560129469886,0.6773526370217167,0.6891189680363314
1702,2626.0,2.11619,3936.0,1310.0,1311.436595439108,0.6773526370217167,0.6898451855208175
1703,2626.0,2.11619,3936.0,1310.0,1312.8347996294465,0.6773526370217167,0.6905806724154449
1704,2630.0,2.119414,3936.0,1306.0,1314.2487779413366,0.6752843846949328,0.6913244568532747
1705,2630.0,2.119414,3936.0,1306.0,1315.5709822397414,0.6752843846949328,0.6920199660930669
1706,2630.0,2.119414,3936.0,1306.0,1316.9027982943112,0.6752843846949328,0.6927205313330789
1707,2614.0,2.10652,3936.0,1322.0,1318.2525410715502,0.6835573940020683,0.6934305264329625
1708,2614.0,2.10652,3936.0,1322.0,1319.659326906912,0.6835573940020683,0.6941705274661487
1709,2614.0,2.10652,3936.0,1322.0,1321.0828019371747,0.6835573940020683,0.6949193073917288
1710,2626.0,2.11619,3936.0,1310.0,1322.5210488657963,0.6773526370217167,0.6956758576685399
1711,2598.0,2.093626,3936.0,1338.0,1323.9337138295548,0.6918304033092038,0.6964189512556732
1712,2626.0,2.11619,3936.0,1310.0,1325.3599131639041,0.6773526370217167,0.69716916422656
1713,2598.0,2.093626,3936.0,1338.0,1326.7592581456854,0.6918304033092038,0.6979052512031791
1714,2610.0,2.103297,3936.0,1326.0,1328.135025608989,0.6856256463288521,0.6986289358740636
1715,2614.0,2.10652,3936.0,1322.0,1329.5288940946475,0.6835573940020683,0.69936214209038
1716,2598.0,2.093626,3936.0,1338.0,1330.9388417263067,0.6918304033092038,0.7001038062996289
1717,2598.0,2.093626,3936.0,1338.0,1332.44498361148,0.6918304033092038,0.700896070852724
1718,2598.0,2.093626,3936.0,1338.0,1333.968494460328,0.6918304033092038,0.7016974718718976
1719,2622.0,2.112967,3936.0,1314.0,1335.5074221163723,0.6794208893485005,0.7025069824788756
1720,2594.0,2.090403,3936.0,1342.0,1337.0213778564528,0.6938986556359876,0.7033033572956363
1721,2598.0,2.093626,3936.0,1338.0,1338.5494431560867,0.6918304033092038,0.7041071540584991
1722,2598.0,2.093626,3936.0,1338.0,1340.0896309988582,0.6918304033092038,0.7049173275520777
1723,2606.0,2.100073,3936.0,1330.0,1341.6061236708638,0.687693898655636,0.7057150368521681
1724,2598.0,2.093626,3936.0,1338.0,1343.1528407798596,0.6918304033092038,0.7065286448868334
1725,2598.0,2.093626,3936.0,1338.0,1344.708550881136,0.6918304033092038,0.7073469834379795
1726,2598.0,2.093626,3936.0,1338.0,1346.2814992213239,0.6918304033092038,0.7081743896910346
1727,2599.0,2.094432,3936.0,1337.0,1347.9518009079347,0.6913133402275078,0.709053005996911
1728,2598.0,2.093626,3936.0,1338.0,1349.64063065113,0.6918304033092038,0.7099413684778417
1729,2594.0,2.090403,3936.0,1342.0,1351.346036294431,0.6938986556359876,0.7108384502555524
1730,2594.0,2.090403,3936.0,1342.0,1352.989192547999,0.6938986556359876,0.7117027874522757
1731,2574.0,2.074286,3936.0,1362.0,1354.5829505276567,0.704239917269907,0.7125411400443689
1732,2582.0,2.080733,3936.0,1354.0,1356.1970972130432,0.7001034126163392,0.7133902175548721
1733,2582.0,2.080733,3936.0,1354.0,1357.8295497229149,0.7001034126163392,0.7142489243413404
1734,2574.0,2.074286,3936.0,1362.0,1359.4686160343585,0.704239917269907,0.7151111101363922
1735,2582.0,2.080733,3936.0,1354.0,1361.1224716741299,0.7001034126163392,0.7159810754512312
1736,2566.0,2.067839,3936.0,1370.0,1362.789025046001,0.7083764219234746,0.7168577200591346
1737,2566.0,2.067839,3936.0,1370.0,1364.5072530456769,0.7083764219234746,0.7177615466850849
1738,2578.0,2.077509,3936.0,1358.0,1366.1187207448952,0.7021716649431231,0.7186092149885273
1739,2574.0,2.074286,3936.0,1362.0,1367.741840378099,0.704239917269907,0.719463012471672
1740,2559.0,2.062198,3936.0,1377.0,1369.4565876130523,0.7119958634953464,0.7203650081369841
1741,2559.0,2.062198,3936.0,1377.0,1371.1892615706745,0.7119958634953464,0.7212764336621676
1742,2582.0,2.080733,3936.0,1354.0,1372.943034505245,0.7001034126163392,0.7221989577244194
1743,2550.0,2.054945,3936.0,1386.0,1374.7158148205358,0.7166494312306101,0.7231314800970164
1744,2559.0,2.062198,3936.0,1377.0,1376.5055109203192,0.7119958634953464,0.7240729005532358
1745,2558.0,2.061392,3936.0,1378.0,1378.3100312083666,0.7125129265770423,0.7250221188663539
1746,2550.0,2.054945,3936.0,1386.0,1380.1272840884512,0.7166494312306101,0.7259780348096485
1747,2542.0,2.048498,3936.0,1394.0,1381.9962464562775,0.7207859358841778,0.726961151108102
1748,2550.0,2.054945,3936.0,1386.0,1383.8764250088755,0.7166494312306101,0.7279501673723576
1749,2542.0,2.048498,3936.0,1394.0,1385.7657630099545,0.7207859358841778,0.7289440017128043
1750,2558.0,2.061392,3936.0,1378.0,1387.6622037232237,0.7125129265770423,0.729941572239831
1751,2550.0,2.054945,3936.0,1386.0,1389.5252538457128,0.7166494312306101,0.7309215785640809
1752,2542.0,2.048498,3936.0,1394.0,1391.393890273127,0.7207859358841778,0.7319045234105368
1753,2550.0,2.054945,3936.0,1386.0,1393.2660214092386,0.7166494312306101,0.7328893065524757
1754,2535.0,2.042857,3936.0,1401.0,1395.1395556578193,0.7244053774560496,0.7338748277631745
1755,2534.0,2.042051,3936.0,1402.0,1397.1740434651206,0.7249224405377456,0.7349450141707741
1756,2546.0,2.051722,3936.0,1390.0,1399.2111544826907,0.718717683557394,0.7360165804460553
1757,2534.0,2.042051,3936.0,1402.0,1401.248936554051,0.7249224405377456,0.7370884997107436
1758,2550.0,2.054945,3936.0,1386.0,1403.2854375227216,0.7166494312306101,0.7381597450865641
1759,2534.0,2.042051,3936.0,1402.0,1405.3187052322235,0.7249224405377456,0.739229289695242
1760,2534.0,2.042051,3936.0,1402.0,1407.346787526077,0.7249224405377456,0.7402961066585024
1761,2534.0,2.042051,3936.0,1402.0,1409.367732247803,0.7249224405377456,0.7413591690980705
1762,2518.0,2.029158,3936.0,1418.0,1411.341150674243,0.733195449844881,0.7423972316359257
1763,2530.0,2.038828,3936.0,1406.0,1413.306124280913,0.7269906928645294,0.7434308520083868
1764,2518.0,2.029158,3936.0,1418.0,1415.260666051397,0.733195449844881,0.744458985000067
1765,2518.0,2.029158,3936.0,1418.0,1417.1643524025988,0.733195449844881,0.7454603668958334
1766,2518.0,2.029158,3936.0,1418.0,1418.9793568167383,0.733195449844881,0.7464151000954007
1767,2518.0,2.029158,3936.0,1418.0,1420.7857246814538,0.733195449844881,0.7473652902754575
1768,2502.0,2.016264,3936.0,1434.0,1422.6635013843834,0.7414684591520165,0.7483530431126928
1769,2510.0,2.022711,3936.0,1426.0,1424.6056617766972,0.7373319544984488,0.7493746632206008
1770,2514.0,2.025934,3936.0,1422.0,1426.5045444285622,0.7352637021716649,0.7503735182623266
1771,2518.0,2.029158,3936.0,1418.0,1428.447925790174,0.733195449844881,0.7513957806275839
1772,2502.0,2.016264,3936.0,1434.0,1430.334472381787,0.7414684591520165,0.7523881466237832
1773,2510.0,2.022711,3936.0,1426.0,1432.2231332285876,0.7373319544984488,0.7533816247658285
1774,2502.0,2.016264,3936.0,1434.0,1434.102312172488,0.7414684591520165,0.7543701152133957
1775,2498.0,2.01304,3936.0,1438.0,1436.0084587637525,0.7435367114788004,0.755372791250845
1776,2502.0,2.016264,3936.0,1434.0,1437.8985523539689,0.7414684591520165,0.7563670230481954
1777,2498.0,2.01304,3936.0,1438.0,1439.7706407866574,0.7435367114788004,0.7573517837271719
1778,2502.0,2.016264,3936.0,1434.0,1441.6227719053388,0.7414684591520165,0.7583260464095001
1779,2487.0,2.004176,3936.0,1449.0,1443.4940620454672,0.749224405377456,0.7593103871686108
1780,2486.0,2.00337,3936.0,1450.0,1445.3441573438204,0.749741468459152,0.7602835789635952
1781,2486.0,2.00337,3936.0,1450.0,1447.171140503856,0.749741468459152,0.7612446132532904
1782,2498.0,2.01304,3936.0,1438.0,1448.9730942290325,0.7435367114788004,0.7621924814965341
1783,2486.0,2.00337,3936.0,1450.0,1450.7481012228075,0.749741468459152,0.7631261751521633
1784,2486.0,2.00337,3936.0,1450.0,1452.4942441886387,0.749741468459152,0.7640446856790153
1785,2478.0,1.996923,3936.0,1458.0,1454.2943747391032,0.7538779731127198,0.7649915948912986
1786,2470.0,1.990476,3936.0,1466.0,1456.0724040894274,0.7580144777662875,0.7659268783745427
1787,2482.0,2.000147,3936.0,1454.0,1457.8264846629431,0.7518097207859359,0.7668495642618083
1788,2486.0,2.00337,3936.0,1450.0,1459.593205449662,0.749741468459152,0.7677788991859031
1789,2470.0,1.990476,3936.0,1466.0,1461.370753732854,0.7580144777662875,0.7687139296170008
1790,2470.0,1.990476,3936.0,1466.0,1463.2421205648436,0.7580144777662875,0.7696983107177578
1791,2482.0,2.000147,3936.0,1454.0,1465.0903229686107,0.7518097207859359,0.770670506807558
1792,2470.0,1.990476,3936.0,1466.0,1466.9136876671726,0.7580144777662875,0.7716296377050227
1793,2466.0,1.987253,3936.0,1470.0,1468.710541383547,0.7600827300930714,0.7725748232287735
1794,2454.0,1.977582,3936.0,1482.0,1470.4792108407514,0.766287487073423,0.7735051831974319
1795,2455.0,1.978388,3936.0,1481.0,1472.2180227618041,0.765770423991727,0.7744198374296197
1796,2470.0,1.990476,3936.0,1466.0,1473.9253038697225,0.7580144777662875,0.7753179057439584
1797,2466.0,1.987253,3936.0,1470.0,1475.5993808875248,0.7600827300930714,0.77619850795907
1798,2470.0,1.990476,3936.0,1466.0,1477.2385805382282,0.7580144777662875,0.7770607638935756
1799,2454.0,1.977582,3936.0,1482.0,1478.8412295448506,0.766287487073423,0.7779037933660968
1800,2466.0,1.987253,3936.0,1470.0,1480.40565463041,0.7600827300930714,0.7787267161952557
1801,2454.0,1.977582,3936.0,1482.0,1481.930182517924,0.766287487073423,0.7795286521996735
1802,2454.0,1.977582,3936.0,1482.0,1483.4131399304104,0.766287487073423,0.7803087211979719
1803,2438.0,1.964689,3936.0,1498.0,1484.8528535908868,0.7745604963805585,0.7810660430087726
1804,2454.0,1.977582,3936.0,1482.0,1486.2476502223712,0.766287487073423,0.7817997374506972
1805,2454.0,1.977582,3936.0,1482.0,1487.6369250398138,0.766287487073423,0.7825305272940729
1806,2446.0,1.971136,3936.0,1490.0,1488.9806030594905,0.7704239917269907,0.7832373321948876
1807,2438.0,1.964689,3936.0,1498.0,1490.400251340155,0.7745604963805585,0.7839840991639925
1808,2439.0,1.965495,3936.0,1497.0,1491.779026344534,0.7740434332988625,0.7847093658692188
1809,2430.0,1.958242,3936.0,1506.0,1493.115394235395,0.7786970010341262,0.7854123254776368
1810,2438.0,1.964689,3936.0,1498.0,1494.4488896674357,0.7745604963805585,0.7861137741080216
1811,2450.0,1.974359,3936.0,1486.0,1495.7806455886139,0.7683557394002068,0.7868143077165154
1812,2438.0,1.964689,3936.0,1498.0,1497.0707613148902,0.7745604963805585,0.7874929376446655
1813,2422.0,1.951795,3936.0,1514.0,1498.3177727289053,0.7828335056876939,0.7881488937337663
1814,2446.0,1.971136,3936.0,1490.0,1499.5202157132992,0.7704239917269907,0.7887814058251112
1815,2430.0,1.958242,3936.0,1506.0,1500.758763134579,0.7786970010341262,0.7894329096634063
1816,2422.0,1.951795,3936.0,1514.0,1501.9551474618997,0.7828335056876939,0.7900622347646769
1817,2422.0,1.951795,3936.0,1514.0,1503.1798441586593,0.7828335056876939,0.7907064528099267
1818,2430.0,1.958242,3936.0,1506.0,1504.3642558405727,0.7786970010341262,0.7913294800300639
1819,2422.0,1.951795,3936.0,1514.0,1505.5070491150452,0.7828335056876939,0.7919306150305527
1820,2422.0,1.951795,3936.0,1514.0,1506.6940308458238,0.7828335056876939,0.7925549941542759
1821,2422.0,1.951795,3936.0,1514.0,1507.914336933502,0.7828335056876939,0.7931969026402631
1822,2422.0,1.951795,3936.0,1514.0,1509.0130358734984,0.7828335056876939,0.7937748430277202
1823,2430.0,1.958242,3936.0,1506.0,1510.147882825302,0.7786970010341262,0.7943717980835172
1824,2422.0,1.951795,3936.0,1514.0,1511.235555567184,0.7828335056876939,0.7949439384424328
1825,2406.0,1.938901,3936.0,1530.0,1512.2748688612828,0.7911065149948294,0.7954906406426575
1826,2418.0,1.948571,3936.0,1518.0,1513.3030740364147,0.7849017580144778,0.7960314997221274
1827,2406.0,1.938901,3936.0,1530.0,1514.3600892065879,0.7911065149948294,0.796587513507851
1828,2422.0,1.951795,3936.0,1514.0,1515.3653286551382,0.7828335056876939,0.7971162920979022
1829,2414.0,1.945348,3936.0,1522.0,1516.356148290695,0.7869700103412617,0.7976374855415544
1830,2418.0,1.948571,3936.0,1518.0,1517.2519972565315,0.7849017580144778,0.7981087222739938
1831,2422.0,1.951795,3936.0,1514.0,1518.131299953209,0.7828335056876939,0.7985712552961985
1832,2430.0,1.958242,3936.0,1506.0,1519.0264438768172,0.7786970010341262,0.7990421211605468
1833,2422.0,1.951795,3936.0,1514.0,1519.8794473654252,0.7828335056876939,0.7994908202069934
1834,2422.0,1.951795,3936.0,1514.0,1520.679725199124,0.7828335056876939,0.7999117843714647
1835,2422.0,1.951795,3936.0,1514.0,1521.4263012996742,0.7828335056876939,0.8003045002148235
1836,2418.0,1.948571,3936.0,1518.0,1522.1181995888355,0.7849017580144778,0.8006684542979321
1837,2422.0,1.951795,3936.0,1514.0,1522.7544439883686,0.7828335056876939,0.8010031331816531
1838,2414.0,1.945348,3936.0,1522.0,1523.3751269119673,0.7869700103412617,0.8013296263785553
1839,2406.0,1.938901,3936.0,1530.0,1524.0640760504475,0.7911065149948294,0.8016920291419846
1840,2406.0,1.938901,3936.0,1530.0,1524.7051450652796,0.7911065149948294,0.8020292458820134
1841,2402.0,1.935678,3936.0,1534.0,1525.297497317972,0.7931747673216132,0.8023408365079525
1842,2418.0,1.948571,3936.0,1518.0,1525.8402961700344,0.7849017580144778,0.802626360929113
1843,2418.0,1.948571,3936.0,1518.0,1526.3327049829752,0.7849017580144778,0.8028853790548055
1844,2406.0,1.938901,3936.0,1530.0,1526.773887118303,0.7911065149948294,0.8031174507943407
1845,2402.0,1.935678,3936.0,1534.0,1527.2040744294602,0.7931747673216132,0.8033437390087356
1846,2406.0,1.938901,3936.0,1530.0,1527.625097063146,0.7911065149948294,0.8035652063963725
1847,2402.0,1.935678,3936.0,1534.0,1527.9977515340638,0.7931747673216132,0.8037612310410405
1848,2402.0,1.935678,3936.0,1534.0,1528.4034079074625,0.7931747673216132,0.8039746154296857
1849,2402.0,1.935678,3936.0,1534.0,1528.7644958512403,0.7931747673216132,0.8041645558205754
1850,2406.0,1.938901,3936.0,1530.0,1529.080318166655,0.7911065149948294,0.8043306854714686
1851,2390.0,1.926007,3936.0,1546.0,1529.3501776549633,0.7993795243019648,0.804472637640124
1852,2406.0,1.938901,3936.0,1530.0,1529.6502502507824,0.7911065149948294,0.804630482583793
1853,2406.0,1.938901,3936.0,1530.0,1529.9388399833108,0.7911065149948294,0.8047822872827528
1854,2406.0,1.938901,3936.0,1530.0,1530.1769176669377,0.7911065149948294,0.8049075215063524
1855,2406.0,1.938901,3936.0,1530.0,1530.3638906827318,0.7911065149948294,0.805005873523687
1856,2402.0,1.935678,3936.0,1534.0,1530.6121047645777,0.7931747673216132,0.8051364397210429
1857,2406.0,1.938901,3936.0,1530.0,1530.8256297229855,0.7911065149948294,0.8052487586581981
1858,2402.0,1.935678,3936.0,1534.0,1530.9271043854758,0.7931747673216132,0.8053021366160916
1859,2406.0,1.938901,3936.0,1530.0,1531.0551135606113,0.7911065149948294,0.8053694723252496
1860,2390.0,1.926007,3936.0,1546.0,1531.1372993483892,0.7993795243019648,0.8054127039006183
1861,2414.0,1.945348,3936.0,1522.0,1531.1059097180005,0.7869700103412617,0.805396192248073
1862,2391.0,1.926813,3936.0,1545.0,1531.14059796994,0.7988624612202688,0.8054144390498459
1863,2406.0,1.938901,3936.0,1530.0,1531.1306044974635,0.7911065149948294,0.8054091822582491
1864,2402.0,1.935678,3936.0,1534.0,1531.1165446133205,0.7931747673216132,0.8054017864425316
1865,2402.0,1.935678,3936.0,1534.0,1531.0648272820927,0.7931747673216132,0.8053745819615223
1866,2406.0,1.938901,3936.0,1530.0,1531.1340443017596,0.7911065149948294,0.8054109916727805
1867,2406.0,1.938901,3936.0,1530.0,1531.1596428250925,0.7911065149948294,0.8054244570725864
1868,2406.0,1.938901,3936.0,1530.0,1531.0644708392356,0.7911065149948294,0.8053743944645517
1869,2414.0,1.945348,3936.0,1522.0,1530.8534435953231,0.7869700103412617,0.8052633893814748
1870,2406.0,1.938901,3936.0,1530.0,1530.6082797579759,0.7911065149948294,0.8051344276814232
1871,2406.0,1.938901,3936.0,1530.0,1530.3696294998817,0.7911065149948294,0.8050088922707581
1872,2402.0,1.935678,3936.0,1534.0,1530.0986727950522,0.7931747673216132,0.8048663629415009
1873,2414.0,1.945348,3936.0,1522.0,1529.795026184179,0.7869700103412617,0.8047066379854192
1874,2406.0,1.938901,3936.0,1530.0,1529.6481176941286,0.7911065149948294,0.8046293608109635
1875,2406.0,1.938901,3936.0,1530.0,1529.3930187746994,0.7911065149948294,0.8044951730339777
1876,2406.0,1.938901,3936.0,1530.0,1529.1218459382596,0.7911065149948294,0.8043525300146257
1877,2406.0,1.938901,3936.0,1530.0,1528.824711163642,0.7911065149948294,0.8041962304310747
1878,2406.0,1.938901,3936.0,1530.0,1528.50133557135,0.7911065149948294,0.8040261275864282
1879,2422.0,1.951795,3936.0,1514.0,1528.2283134152456,0.7828335056876939,0.8038825117832822
1880,2407.0,1.939707,3936.0,1529.0,1527.9232985518402,0.7905894519131335,0.8037220670955525
1881,2406.0,1.938901,3936.0,1530.0,1527.6682188053762,0.7911065149948294,0.8035878894039783
1882,2406.0,1.938901,3936.0,1530.0,1527.4579314636294,0.7911065149948294,0.8034772735261047
1883,2390.0,1.926007,3936.0,1546.0,1527.2250941000514,0.7993795243019648,0.8033547958288738
1884,2422.0,1.951795,3936.0,1514.0,1526.969628279784,0.7828335056876939,0.8032204150537838
1885,2406.0,1.938901,3936.0,1530.0,1526.701722690952,0.7911065149948294,0.8030794906802589
1886,2418.0,1.948571,3936.0,1518.0,1526.4116984720108,0.7849017580144778,0.8029269314091383
1887,2390.0,1.926007,3936.0,1546.0,1526.0994859030861,0.7993795243019648,0.8027627005661979
1888,2407.0,1.939707,3936.0,1529.0,1525.6881421309445,0.7905894519131335,0.8025463244777216
1889,2406.0,1.938901,3936.0,1530.0,1525.3418016835692,0.7911065149948294,0.8023641416020844
1890,2406.0,1.938901,3936.0,1530.0,1524.9835217077273,0.7911065149948294,0.8021756782655703
1891,2406.0,1.938901,3936.0,1530.0,1524.613232483544,0.7911065149948294,0.8019808977939551
1892,2414.0,1.945348,3936.0,1522.0,1524.3130012750112,0.7869700103412617,0.8018229694164264
1893,2406.0,1.938901,3936.0,1530.0,1524.0059549487692,0.7911065149948294,0.8016614561334918
1894,2422.0,1.951795,3936.0,1514.0,1523.692093504818,0.7828335056876939,0.8014963579451515
1895,2406.0,1.938901,3936.0,1530.0,1523.3714169431585,0.7911065149948294,0.8013276748514055
1896,2414.0,1.945348,3936.0,1522.0,1523.0439252637896,0.7869700103412617,0.8011554068522537
1897,2422.0,1.951795,3936.0,1514.0,1522.7096184667118,0.7828335056876939,0.8009795539476963
1898,2406.0,1.938901,3936.0,1530.0,1522.368496551925,0.7911065149948294,0.800800116137733
1899,2422.0,1.951795,3936.0,1514.0,1522.0205595194298,0.7828335056876939,0.8006170934223642
1900,2406.0,1.938901,3936.0,1530.0,1521.6658073692251,0.7911065149948294,0.8004304858015895
1901,2406.0,1.938901,3936.0,1530.0,1521.3042401013115,0.7911065149948294,0.8002402932754089
1902,2422.0,1.951795,3936.0,1514.0,1520.9769262076222,0.7828335056876939,0.8000681187955287
1903,2418.0,1.948571,3936.0,1518.0,1520.6454639814144,0.7849017580144778,0.7998937621993145
1904,2414.0,1.945348,3936.0,1522.0,1520.3098882826253,0.7869700103412617,0.7997172418238785
1905,2422.0,1.951795,3936.0,1514.0,1519.9702339711919,0.7828335056876939,0.7995385760063326
1906,2422.0,1.951795,3936.0,1514.0,1519.5854674151185,0.7828335056876939,0.7993361801320832
1907,2430.0,1.958242,3936.0,1506.0,1519.1940251810845,0.7786970010341262,0.799130272700876
1908,2430.0,1.958242,3936.0,1506.0,1518.7959072690899,0.7786970010341262,0.7989208537127113
1909,2438.0,1.964689,3936.0,1498.0,1518.3911136791353,0.7745604963805585,0.7987079231675892
1910,2422.0,1.951795,3936.0,1514.0,1517.97964441122,0.7828335056876939,0.7984914810655095
1911,2430.0,1.958242,3936.0,1506.0,1517.5614994653445,0.7786970010341262,0.7982715274064723
1912,2422.0,1.951795,3936.0,1514.0,1517.1366788415087,0.7828335056876939,0.7980480621904776
1913,2418.0,1.948571,3936.0,1518.0,1516.746251031645,0.7849017580144778,0.7978426883692311
1914,2422.0,1.951795,3936.0,1514.0,1516.3518143290119,0.7828335056876939,0.797635205780099
1915,2422.0,1.951795,3936.0,1514.0,1515.9149670268657,0.7828335056876939,0.7974054142604471
1916,2430.0,1.958242,3936.0,1506.0,1515.5178461090736,0.7786970010341262,0.7971965197136872
1917,2422.0,1.951795,3936.0,1514.0,1515.2041868527579,0.7828335056876939,0.7970315278805967
1918,2422.0,1.951795,3936.0,1514.0,1514.8972207043714,0.7828335056876939,0.7968700567730199
1919,2422.0,1.951795,3936.0,1514.0,1514.5586156770455,0.7828335056876939,0.7966919429025467
1920,2430.0,1.958242,3936.0,1506.0,1514.2295099825876,0.7786970010341262,0.796518825895107
1921,2422.0,1.951795,3936.0,1514.0,1513.951041832805,0.7828335056876939,0.7963723453766309
1922,2422.0,1.951795,3936.0,1514.0,1513.6438107488964,0.7828335056876939,0.7962107349070027
1923,2422.0,1.951795,3936.0,1514.0,1513.3201275176589,0.7828335056876939,0.7960404702373423
1924,2422.0,1.951795,3936.0,1514.0,1513.0807329999072,0.7828335056876939,0.7959145433293351
1925,2422.0,1.951795,3936.0,1514.0,1512.7865979228793,0.7828335056876939,0.7957598216542757
1926,2430.0,1.958242,3936.0,1506.0,1512.468567230448,0.7786970010341262,0.7955925303473345
1927,2438.0,1.964689,3936.0,1498.0,1512.1650862042757,0.7745604963805585,0.7954328924925347
1928,2430.0,1.958242,3936.0,1506.0,1511.8761635593478,0.7786970010341262,0.7952809126741548
1929,2422.0,1.951795,3936.0,1514.0,1511.6018080106478,0.7828335056876939,0.7951365954764726
1930,2430.0,1.958242,3936.0,1506.0,1511.3324191314907,0.7786970010341262,0.79499489085883
1931,2430.0,1.958242,3936.0,1506.0,1511.0782640448595,0.7786970010341262,0.794861199559153
1932,2422.0,1.951795,3936.0,1514.0,1510.8393427507538,0.7828335056876939,0.7947355215774417
1933,2423.0,1.952601,3936.0,1513.0,1510.6156552491743,0.782316442605998,0.7946178569136962
1934,2438.0,1.964689,3936.0,1498.0,1510.4072015401207,0.7745604963805585,0.7945082055679166
1935,2430.0,1.958242,3936.0,1506.0,1510.2139816235926,0.7786970010341262,0.7944065675401025
1936,2418.0,1.948571,3936.0,1518.0,1510.0770639915238,0.7849017580144778,0.7943345457819603
1937,2414.0,1.945348,3936.0,1522.0,1509.958046937171,0.7869700103412617,0.7942719401308554
1938,2438.0,1.964689,3936.0,1498.0,1509.8569653204715,0.7745604963805585,0.7942187689239002
1939,2438.0,1.964689,3936.0,1498.0,1509.73278550943,0.7745604963805585,0.7941534475465009
1940,2422.0,1.951795,3936.0,1514.0,1509.6239440707254,0.7828335056876939,0.7940961944984034
1941,2438.0,1.964689,3936.0,1498.0,1509.5304410043582,0.7745604963805585,0.7940470097796078
1942,2422.0,1.951795,3936.0,1514.0,1509.4522763103284,0.7828335056876939,0.7940058933901143
1943,2438.0,1.964689,3936.0,1498.0,1509.3894499886355,0.7745604963805585,0.7939728453299225
1944,2422.0,1.951795,3936.0,1514.0,1509.3419620392801,0.7828335056876939,0.7939478655990327
1945,2438.0,1.964689,3936.0,1498.0,1509.3098124622618,0.7745604963805585,0.7939309541974447
1946,2430.0,1.958242,3936.0,1506.0,1509.2930012575807,0.7786970010341262,0.7939221111251588
1947,2422.0,1.951795,3936.0,1514.0,1509.2530918585576,0.7828335056876939,0.7939011178824287
1948,2422.0,1.951795,3936.0,1514.0,1509.2311178971877,0.7828335056876939,0.7938895590838481
1949,2422.0,1.951795,3936.0,1514.0,1509.227044513534,0.7828335056876939,0.7938874163923051
1950,2422.0,1.951795,3936.0,1514.0,1509.2408368476595,0.7828335056876939,0.7938946714706875
1951,2438.0,1.964689,3936.0,1498.0,1509.2724600396268,0.7745604963805585,0.7939113059818834
1952,2430.0,1.958242,3936.0,1506.0,1509.3218792294997,0.7786970010341262,0.793937301588781
1953,2438.0,1.964689,3936.0,1498.0,1509.2737498573008,0.7745604963805585,0.7939119844550293
1954,2422.0,1.951795,3936.0,1514.0,1509.2511379590815,0.7828335056876939,0.7939000900872982
1955,2438.0,1.964689,3936.0,1498.0,1509.2539040950926,0.7745604963805585,0.7939015451371393
1956,2422.0,1.951795,3936.0,1514.0,1509.281908825586,0.7828335056876939,0.7939162762561045
1957,2418.0,1.948571,3936.0,1518.0,1509.3350127108135,0.7849017580144778,0.7939442100957458
1958,2438.0,1.964689,3936.0,1498.0,1509.4130763110256,0.7745604963805585,0.7939852733076144
1959,2422.0,1.951795,3936.0,1514.0,1509.5159601864746,0.7828335056876939,0.7940393925432625
1960,2430.0,1.958242,3936.0,1506.0,1509.6435248974117,0.7786970010341262,0.794106494454242
1961,2430.0,1.958242,3936.0,1506.0,1509.9109407041274,0.7786970010341262,0.7942471611913428
1962,2438.0,1.964689,3936.0,1498.0,1510.1949672708856,0.7745604963805585,0.7943965655623353
1963,2430.0,1.958242,3936.0,1506.0,1510.4955697377488,0.7786970010341262,0.7945546892301073
1964,2418.0,1.948571,3936.0,1518.0,1510.8127132447805,0.7849017580144778,0.7947215138575471
1965,2422.0,1.951795,3936.0,1514.0,1511.031053232004,0.7828335056876939,0.794836365608304
1966,2422.0,1.951795,3936.0,1514.0,1511.2736557354706,0.7828335056876939,0.7949639799890477
1967,2422.0,1.951795,3936.0,1514.0,1511.540381315431,0.7828335056876939,0.7951042836513298
1968,2422.0,1.951795,3936.0,1514.0,1511.831090532137,0.7828335056876939,0.7952572032467023
1969,2430.0,1.958242,3936.0,1506.0,1512.14564394584,0.7786970010341262,0.7954226654267168
1970,2422.0,1.951795,3936.0,1514.0,1512.4839021167911,0.7828335056876939,0.795600596842925
1971,2430.0,1.958242,3936.0,1506.0,1512.7635886213768,0.7786970010341262,0.7957477182434674
1972,2422.0,1.951795,3936.0,1514.0,1513.0613674333329,0.7828335056876939,0.7959043566051636
1973,2438.0,1.964689,3936.0,1498.0,1513.4591663769024,0.7745604963805585,0.7961136078087528
1974,2407.0,1.939707,3936.0,1529.0,1513.7593993284322,0.7905894519131335,0.7962715371031373
1975,2430.0,1.958242,3936.0,1506.0,1514.0797638936547,0.7786970010341262,0.7964400560797303
1976,2422.0,1.951795,3936.0,1514.0,1514.4584526196898,0.7828335056876939,0.7966392548784942
1977,2418.0,1.948571,3936.0,1518.0,1514.813119363048,0.7849017580144778,0.7968258175733441
1978,2422.0,1.951795,3936.0,1514.0,1515.1819566708498,0.7828335056876939,0.7970198343042425
1979,2422.0,1.951795,3936.0,1514.0,1515.5236520316023,0.7828335056876939,0.797199573759699
1980,2422.0,1.951795,3936.0,1514.0,1515.8859722741577,0.7828335056876939,0.7973901623674996
1981,2414.0,1.945348,3936.0,1522.0,1516.2583801110204,0.7869700103412617,0.7975860572770999
1982,2414.0,1.945348,3936.0,1522.0,1516.6406053776773,0.7869700103412617,0.797787116375881
1983,2422.0,1.951795,3936.0,1514.0,1517.0323779096154,0.7828335056876939,0.7979931975512247
1984,2422.0,1.951795,3936.0,1514.0,1517.4238184006524,0.7828335056876939,0.7981991040655761
1985,2422.0,1.951795,3936.0,1514.0,1517.8249150942745,0.7828335056876939,0.7984100899599654
1986,2422.0,1.951795,3936.0,1514.0,1518.2353891109844,0.7828335056876939,0.798626008537496
1987,2406.0,1.938901,3936.0,1530.0,1518.6549615712854,0.7911065149948294,0.7988467131012715
1988,2422.0,1.951795,3936.0,1514.0,1519.0833535956806,0.7828335056876939,0.7990720569543959
1989,2422.0,1.951795,3936.0,1514.0,1519.443413171313,0.7828335056876939,0.7992614564004801
1990,2422.0,1.951795,3936.0,1514.0,1519.7400555493186,0.7828335056876939,0.7994174969723234
1991,2414.0,1.945348,3936.0,1522.0,1520.0549993943175,0.7869700103412617,0.7995831645279929
1992,2414.0,1.945348,3936.0,1522.0,1520.387826387064,0.7869700103412617,0.7997582390221439
1993,2418.0,1.948571,3936.0,1518.0,1520.7381182083127,0.7849017580144778,0.7999425004094318
1994,2406.0,1.938901,3936.0,1530.0,1521.105456538818,0.7911065149948294,0.8001357286445121
1995,2422.0,1.951795,3936.0,1514.0,1521.4894230593345,0.7828335056876939,0.80033770368204
1996,2406.0,1.938901,3936.0,1530.0,1521.8895994506163,0.7911065149948294,0.8005482054766712
1997,2418.0,1.948571,3936.0,1518.0,1522.3824405267776,0.7849017580144778,0.8008074509825531
1998,2407.0,1.939707,3936.0,1529.0,1522.9238972712603,0.7905894519131335,0.8010922694248996
1999,2422.0,1.951795,3936.0,1514.0,1523.5110240193774,0.7828335056876939,0.8014011113177427
2000,2407.0,1.939707,3936.0,1529.0,1524.1024733996983,0.7905894519131335,0.8017122270124798
2001,2414.0,1.945348,3936.0,1522.0,1524.697966532726,0.7869700103412617,0.8020254698122145
2002,2407.0,1.939707,3936.0,1529.0,1525.297224538964,0.7905894519131335,0.8023406930200506
2003,2414.0,1.945348,3936.0,1522.0,1525.8178315550495,0.7869700103412617,0.8026145440356803
2004,2402.0,1.935678,3936.0,1534.0,1526.3363121149698,0.7931747673216132,0.8028872764874749
2005,2406.0,1.938901,3936.0,1530.0,1526.8523176193542,0.7911065149948294,0.803158707004314
2006,2406.0,1.938901,3936.0,1530.0,1527.3654994688304,0.7911065149948294,0.8034286522150769
2007,2398.0,1.932454,3936.0,1538.0,1527.8755090640282,0.795243019648397,0.8036969287486433
2008,2414.0,1.945348,3936.0,1522.0,1528.381997805576,0.7869700103412617,0.8039633532338928
2009,2406.0,1.938901,3936.0,1530.0,1528.9564869549847,0.7911065149948294,0.8042655474651899
2010,2402.0,1.935678,3936.0,1534.0,1529.4595550652014,0.7931747673216132,0.8045301726213193
2011,2406.0,1.938901,3936.0,1530.0,1529.9581175285439,0.7911065149948294,0.8047924277057164
2012,2402.0,1.935678,3936.0,1534.0,1530.523695606524,0.7931747673216132,0.8050899345127458
2013,2390.0,1.926007,3936.0,1546.0,1531.0168678520877,0.7993795243019648,0.8053493542211921
2014,2406.0,1.938901,3936.0,1530.0,1531.5045496575535,0.7911065149948294,0.8056058858344907
2015,2414.0,1.945348,3936.0,1522.0,1531.9863924235501,0.7869700103412617,0.8058593459815209
2016,2406.0,1.938901,3936.0,1530.0,1532.544184534572,0.7911065149948294,0.8061527571945739
2017,2418.0,1.948571,3936.0,1518.0,1532.936500010031,0.7849017580144778,0.8063591239704379
2018,2406.0,1.938901,3936.0,1530.0,1533.3166667974003,0.7911065149948294,0.8065591002627525
2019,2406.0,1.938901,3936.0,1530.0,1533.7279669946204,0.7911065149948294,0.8067754534298387
2020,2402.0,1.935678,3936.0,1534.0,1534.2547860515024,0.7931747673216132,0.8070525721188356
2021,2402.0,1.935678,3936.0,1534.0,1534.7789034632565,0.7931747673216132,0.8073282696816485
2022,2406.0,1.938901,3936.0,1530.0,1535.3000403503859,0.7911065149948294,0.807602399421381
2023,2406.0,1.938901,3936.0,1530.0,1535.8179178333937,0.7911065149948294,0.8078748146411371
2024,2402.0,1.935678,3936.0,1534.0,1536.3322570327834,0.7931747673216132,0.8081453686440203
2025,2390.0,1.926007,3936.0,1546.0,1536.7606420851907,0.7993795243019648,0.8083707088297221
2026,2402.0,1.935678,3936.0,1534.0,1537.2617345084707,0.7931747673216132,0.8086342947300261
2027,2402.0,1.935678,3936.0,1534.0,1537.7583822897666,0.7931747673216132,0.808895542648544
2028,2390.0,1.926007,3936.0,1546.0,1538.250306549581,0.7993795243019648,0.8091543058883789
2029,2390.0,1.926007,3936.0,1546.0,1538.7372284084174,0.7993795243019648,0.8094104377526348
2030,2402.0,1.935678,3936.0,1534.0,1539.2520417029518,0.7931747673216132,0.8096812411402418
2031,2390.0,1.926007,3936.0,1546.0,1539.7481700711842,0.7993795243019648,0.8099422158357898
2032,2390.0,1.926007,3936.0,1546.0,1540.225369493555,0.7993795243019648,0.810193233479495
2033,2390.0,1.926007,3936.0,1546.0,1540.6833959505045,0.7993795243019648,0.8104341657115729
2034,2402.0,1.935678,3936.0,1534.0,1541.122005422472,0.7931747673216132,0.8106648841722388
2035,2402.0,1.935678,3936.0,1534.0,1541.5409538898984,0.7931747673216132,0.8108852605017087
2036,2402.0,1.935678,3936.0,1534.0,1541.9399973332236,0.7931747673216132,0.8110951663401982
2037,2386.0,1.922784,3936.0,1550.0,1542.3188917328876,0.8014477766287487,0.811294473327923
2038,2374.0,1.913114,3936.0,1562.0,1542.6773930693303,0.8076525336091003,0.8114830531050986
2039,2406.0,1.938901,3936.0,1530.0,1543.0973943068582,0.7911065149948294,0.8117039832153525
2040,2402.0,1.935678,3936.0,1534.0,1543.5018480124259,0.7931747673216132,0.8119167349736321
2041,2406.0,1.938901,3936.0,1530.0,1543.8905798863477,0.7911065149948294,0.8121212166943772
2042,2390.0,1.926007,3936.0,1546.0,1544.2634156289384,0.7993795243019648,0.8123173366920278
2043,2390.0,1.926007,3936.0,1546.0,1544.6586175071918,0.7993795243019648,0.8125252217807694
2044,2390.0,1.926007,3936.0,1546.0,1545.0349775894265,0.7993795243019648,0.8127231956604481
2045,2390.0,1.926007,3936.0,1546.0,1545.3923564358938,0.7993795243019648,0.8129111849826158
2046,2386.0,1.922784,3936.0,1550.0,1545.7306146068452,0.8014477766287487,0.8130891163988241
2047,2374.0,1.913114,3936.0,1562.0,1546.0496126625324,0.8076525336091003,0.8132569165606249
2048,2386.0,1.922784,3936.0,1550.0,1546.3492111632065,0.8014477766287487,0.8134145121195702
2049,2406.0,1.938901,3936.0,1530.0,1546.6292706691188,0.7911065149948294,0.8135618297272111
2050,2386.0,1.922784,3936.0,1550.0,1546.9665248738809,0.8014477766287487,0.8137392330345924
2051,2390.0,1.926007,3936.0,1546.0,1547.278767073752,0.7993795243019648,0.8139034794640779
2052,2402.0,1.935678,3936.0,1534.0,1547.5659275488586,0.7931747673216132,0.8140545323414439
2053,2382.0,1.91956,3936.0,1554.0,1547.8279365793253,0.8035160289555325,0.8141923549924658
2054,2402.0,1.935678,3936.0,1534.0,1548.103161011958,0.7931747673216132,0.8143371292426657
2055,2414.0,1.945348,3936.0,1522.0,1548.3504974948867,0.7869700103412617,0.8144672338032257
2056,2390.0,1.926007,3936.0,1546.0,1548.569911168174,0.7993795243019648,0.8145826503370338
2057,2390.0,1.926007,3936.0,1546.0,1548.761367171883,0.7993795243019648,0.814683360506978
2058,2391.0,1.926813,3936.0,1545.0,1548.9248306460768,0.7988624612202688,0.8147693459759463
2059,2391.0,1.926813,3936.0,1545.0,1549.0987032974972,0.7988624612202688,0.8148608069065726
2060,2402.0,1.935678,3936.0,1534.0,1549.2419166342122,0.7931747673216132,0.8149361403471512
2061,2390.0,1.926007,3936.0,1546.0,1549.354470656221,0.7993795243019648,0.814995346297682
2062,2382.0,1.91956,3936.0,1554.0,1549.4363653635237,0.8035160289555325,0.8150384247581648
2063,2390.0,1.926007,3936.0,1546.0,1549.487600756121,0.7993795243019648,0.8150653757286003
2064,2374.0,1.913114,3936.0,1562.0,1549.508176834012,0.8076525336091003,0.8150761992089876
2065,2374.0,1.913114,3936.0,1562.0,1549.4980935971969,0.8076525336091003,0.815070895199327
2066,2390.0,1.926007,3936.0,1546.0,1549.508028679279,0.7993795243019648,0.8150761212762613
2067,2374.0,1.913114,3936.0,1562.0,1549.4893219655166,0.8076525336091003,0.8150662811235075
2068,2374.0,1.913114,3936.0,1562.0,1549.4420170308313,0.8076525336091003,0.8150413976624561
2069,2374.0,1.913114,3936.0,1562.0,1549.4334214418334,0.8076525336091003,0.8150368761890524
2070,2374.0,1.913114,3936.0,1562.0,1549.3655744176954,0.8076525336091003,0.8150011871262977
2071,2390.0,1.926007,3936.0,1546.0,1549.2719876874787,0.7993795243019648,0.8149519583984329
2072,2386.0,1.922784,3936.0,1550.0,1549.1527396860427,0.8014477766287487,0.814889231263961
2073,2382.0,1.91956,3936.0,1554.0,1549.0751728399348,0.8035160289555325,0.8148484293559392
2074,2374.0,1.913114,3936.0,1562.0,1549.039426588903,0.8076525336091003,0.8148296260228155
2075,2390.0,1.926007,3936.0,1546.0,1548.9065675250142,0.7993795243019648,0.8147597391629434
2076,2390.0,1.926007,3936.0,1546.0,1548.815868940589,0.7993795243019648,0.8147120296648123
2077,2390.0,1.926007,3936.0,1546.0,1548.7002672885767,0.7993795243019648,0.8146512205922606
2078,2390.0,1.926007,3936.0,1546.0,1548.6368361469747,0.7993795243019648,0.8146178543831747
2079,2382.0,1.91956,3936.0,1554.0,1548.5437086964298,0.8035160289555325,0.8145688672467614
2080,2390.0,1.926007,3936.0,1546.0,1548.4211551014557,0.7993795243019648,0.8145044012956394
2081,2386.0,1.922784,3936.0,1550.0,1548.2797126495468,0.8014477766287487,0.8144299993803528
2082,2382.0,1.91956,3936.0,1554.0,1548.1100510785316,0.8035160289555325,0.8143407535728622
2083,2391.0,1.926813,3936.0,1545.0,1547.9124492679066,0.7988624612202688,0.8142368105700636
2084,2390.0,1.926007,3936.0,1546.0,1547.6871860971685,0.7993795243019648,0.8141183170688533
2085,2374.0,1.913114,3936.0,1562.0,1547.4345404458152,0.8076525336091003,0.8139854197661283
2086,2390.0,1.926007,3936.0,1546.0,1547.2316643267022,0.7993795243019648,0.8138787023582765
2087,2390.0,1.926007,3936.0,1546.0,1546.9198962219762,0.7993795243019648,0.8137147053135149
2088,2390.0,1.926007,3936.0,1546.0,1546.6969616950382,0.7993795243019648,0.8135974367313895
2089,2390.0,1.926007,3936.0,1546.0,1546.440038729399,0.7993795243019648,0.8134622894650159
2090,2386.0,1.922784,3936.0,1550.0,1546.1495107843662,0.8014477766287487,0.8133094652226261
2091,2382.0,1.91956,3936.0,1554.0,1545.8257613192484,0.8035160289555325,0.8131391657124529
2092,2390.0,1.926007,3936.0,1546.0,1545.5076103600336,0.7993795243019648,0.812971811142475
2093,2382.0,1.91956,3936.0,1554.0,1545.1544077340343,0.8035160289555325,0.8127860186063307
2094,2390.0,1.926007,3936.0,1546.0,1544.7665717604966,0.7993795243019648,0.8125820081493653
2095,2406.0,1.938901,3936.0,1530.0,1544.3445207586656,0.7911065149948294,0.8123599998169229
2096,2390.0,1.926007,3936.0,1546.0,1543.8886730477868,0.7993795243019648,0.8121202136543482
2097,2374.0,1.913114,3936.0,1562.0,1543.399446947106,0.8076525336091003,0.8118628697069858
2098,2386.0,1.922784,3936.0,1550.0,1542.9183292678017,0.8014477766287487,0.8116097909718862
2099,2390.0,1.926007,3936.0,1546.0,1542.407336622377,0.7993795243019648,0.81134099733176
2100,2390.0,1.926007,3936.0,1546.0,1541.8669221900143,0.7993795243019648,0.8110567271690637
2101,2390.0,1.926007,3936.0,1546.0,1541.2975391498967,0.7993795243019648,0.8107572188662541
2102,2402.0,1.935678,3936.0,1534.0,1540.6996406812066,0.7931747673216132,0.8104427108057878
2103,2390.0,1.926007,3936.0,1546.0,1540.0736799631268,0.7993795243019648,0.8101134413701214
2104,2402.0,1.935678,3936.0,1534.0,1539.5433156506388,0.7931747673216132,0.809834457796829
2105,2374.0,1.913114,3936.0,1562.0,1538.9937958026976,0.8076525336091003,0.8095453979804653
2106,2402.0,1.935678,3936.0,1534.0,1538.4256781782979,0.7931747673216132,0.8092465553148231
2107,2402.0,1.935678,3936.0,1534.0,1537.8395205364332,0.7931747673216132,0.8089382231936951
2108,2374.0,1.913114,3936.0,1562.0,1537.2358806360978,0.8076525336091003,0.8086206950108743
2109,2402.0,1.935678,3936.0,1534.0,1536.6153162362857,0.7931747673216132,0.8082942641601532
2110,2390.0,1.926007,3936.0,1546.0,1535.9783850959911,0.7993795243019648,0.8079592240353247
2111,2406.0,1.938901,3936.0,1530.0,1535.3256449742075,0.7911065149948294,0.8076158680301814
2112,2391.0,1.926813,3936.0,1545.0,1534.5344481541313,0.7988624612202688,0.8071996806833991
2113,2402.0,1.935678,3936.0,1534.0,1533.7205575149828,0.7931747673216132,0.8067715558766722
2114,2402.0,1.935678,3936.0,1534.0,1532.8940353776159,0.7931747673216132,0.8063367866173943
2115,2402.0,1.935678,3936.0,1534.0,1532.1123405049025,0.7931747673216132,0.8059255975089288
2116,2402.0,1.935678,3936.0,1534.0,1531.4273314108166,0.7931747673216132,0.8055652672975891
2117,2406.0,1.938901,3936.0,1530.0,1530.7243258741871,0.7911065149948294,0.8051954705521537
2118,2406.0,1.938901,3936.0,1530.0,1530.0039513738827,0.7911065149948294,0.8048165373406395
2119,2406.0,1.938901,3936.0,1530.0,1529.2668353887711,0.7911065149948294,0.8044287977310632
2120,2402.0,1.935678,3936.0,1534.0,1528.5136053977217,0.7931747673216132,0.8040325817914421
2121,2406.0,1.938901,3936.0,1530.0,1527.6776248879125,0.7911065149948294,0.8035928372152372
2122,2414.0,1.945348,3936.0,1522.0,1526.8985941858941,0.7869700103412617,0.80318304952056
2123,2406.0,1.938901,3936.0,1530.0,1526.1052709096527,0.7911065149948294,0.8027657436099426
2124,2402.0,1.935678,3936.0,1534.0,1525.231018546367,0.7931747673216132,0.802305867176846
2125,2406.0,1.938901,3936.0,1530.0,1524.4566059145202,0.7911065149948294,0.8018985086910877
2126,2414.0,1.945348,3936.0,1522.0,1523.6723889253553,0.7869700103412617,0.8014859928925654
2127,2422.0,1.951795,3936.0,1514.0,1522.8379614257453,0.7828335056876939,0.8010470652347021
2128,2418.0,1.948571,3936.0,1518.0,1522.030824027918,0.7849017580144778,0.8006224927850074
2129,2418.0,1.948571,3936.0,1518.0,1521.2105705787449,0.7849017580144778,0.8001910209969035
2130,2406.0,1.938901,3936.0,1530.0,1520.3778634170321,0.7911065149948294,0.79975299827552
2131,2422.0,1.951795,3936.0,1514.0,1519.5230977586016,0.7828335056876939,0.7993033722880589
2132,2414.0,1.945348,3936.0,1522.0,1518.6565363689451,0.7869700103412617,0.7988475414803083
2133,2418.0,1.948571,3936.0,1518.0,1517.8172694385632,0.7849017580144778,0.798406068172865
2134,2418.0,1.948571,3936.0,1518.0,1516.9649169592813,0.7849017580144778,0.7979577115719859
2135,2422.0,1.951795,3936.0,1514.0,1516.11043453784,0.7828335056876939,0.7975082345735605
2136,2422.0,1.951795,3936.0,1514.0,1515.2449102313133,0.7828335056876939,0.7970529492948933
2137,2422.0,1.951795,3936.0,1514.0,1514.330604671763,0.7828335056876939,0.796572003978479
2138,2422.0,1.951795,3936.0,1514.0,1513.4092486899285,0.7828335056876939,0.7960873499811529
2139,2422.0,1.951795,3936.0,1514.0,1512.366194924576,0.7828335056876939,0.7955386802088054
2140,2430.0,1.958242,3936.0,1506.0,1511.4073435943644,0.7786970010341262,0.7950343028137585
2141,2438.0,1.964689,3936.0,1498.0,1510.5385860286688,0.7745604963805585,0.7945773167679488
2142,2430.0,1.958242,3936.0,1506.0,1509.6837462928722,0.7786970010341262,0.7941276518141249
2143,2423.0,1.952601,3936.0,1513.0,1508.843521585717,0.782316442605998,0.7936856746945277
2144,2422.0,1.951795,3936.0,1514.0,1508.0186091059468,0.7828335056876939,0.7932517521513984
2145,2438.0,1.964689,3936.0,1498.0,1507.2097060523035,0.7745604963805585,0.7928262509269782
2146,2422.0,1.951795,3936.0,1514.0,1506.4175096235301,0.7828335056876939,0.7924095377635079
2147,2423.0,1.952601,3936.0,1513.0,1505.6427170183683,0.782316442605998,0.7920019794032281
2148,2430.0,1.958242,3936.0,1506.0,1504.7654518850159,0.7786970010341262,0.7915405181852225
2149,2422.0,1.951795,3936.0,1514.0,1503.8247434090838,0.7828335056876939,0.7910456843401421
2150,2438.0,1.964689,3936.0,1498.0,1502.8595510563084,0.7745604963805585,0.7905379714244135
2151,2430.0,1.958242,3936.0,1506.0,1501.8319262991297,0.7786970010341262,0.7899974176578592
2152,2438.0,1.964689,3936.0,1498.0,1500.824424440659,0.7745604963805585,0.7894674489892355
2153,2446.0,1.971136,3936.0,1490.0,1499.8374638001426,0.7704239917269907,0.7889482854638873
2154,2422.0,1.951795,3936.0,1514.0,1498.8714626968256,0.7828335056876939,0.788440147127159
2155,2438.0,1.964689,3936.0,1498.0,1497.9268394499534,0.7745604963805585,0.7879432540243951
2156,2430.0,1.958242,3936.0,1506.0,1497.0040123787724,0.7786970010341262,0.7874578262009407
2157,2446.0,1.971136,3936.0,1490.0,1496.103399802527,0.7704239917269907,0.7869840837021398
2158,2438.0,1.964689,3936.0,1498.0,1495.1485469071047,0.7745604963805585,0.7864818095738452
2159,2438.0,1.964689,3936.0,1498.0,1494.2219392757415,0.7745604963805585,0.7859943930905888
2160,2450.0,1.974359,3936.0,1486.0,1493.3239255078092,0.7683557394002068,0.7855220176234912
2161,2438.0,1.964689,3936.0,1498.0,1492.3779810693197,0.7745604963805585,0.7850244295441805
2162,2450.0,1.974359,3936.0,1486.0,1491.4665218236364,0.7683557394002068,0.7845449814529654
2163,2454.0,1.977582,3936.0,1482.0,1490.5898266502563,0.766287487073423,0.7840838200467418
2164,2438.0,1.964689,3936.0,1498.0,1489.7481744286763,0.7745604963805585,0.7836410920224065
2165,2466.0,1.987253,3936.0,1470.0,1488.9418440383931,0.7600827300930714,0.7832169440768554
2166,2438.0,1.964689,3936.0,1498.0,1488.171114358904,0.7745604963805585,0.7828115229069852
2167,2454.0,1.977582,3936.0,1482.0,1487.4362642697063,0.766287487073423,0.7824249752096923
2168,2454.0,1.977582,3936.0,1482.0,1486.6606995169373,0.766287487073423,0.7820170106823807
2169,2446.0,1.971136,3936.0,1490.0,1485.8498931107267,0.7704239917269907,0.7815905082516426
2170,2446.0,1.971136,3936.0,1490.0,1485.1271899666217,0.7704239917269907,0.7812103501210433
2171,2454.0,1.977582,3936.0,1482.0,1484.4132593256954,0.766287487073423,0.7808348065246914
2172,2454.0,1.977582,3936.0,1482.0,1483.7466771943764,0.766287487073423,0.7804841693107811
2173,2454.0,1.977582,3936.0,1482.0,1483.1275830124127,0.766287487073423,0.7801585118277607
2174,2446.0,1.971136,3936.0,1490.0,1482.556116219553,0.7704239917269907,0.7798579074240782
2175,2454.0,1.977582,3936.0,1482.0,1482.0324162555457,0.766287487073423,0.779582429448182
2176,2454.0,1.977582,3936.0,1482.0,1481.51818599346,0.766287487073423,0.7793119327487742
2177,2446.0,1.971136,3936.0,1490.0,1480.9392888050013,0.7704239917269907,0.7790074197896585
2178,2446.0,1.971136,3936.0,1490.0,1480.418930165968,0.7704239917269907,0.7787336994259523
2179,2470.0,1.990476,3936.0,1466.0,1479.9571100763606,0.7580144777662875,0.7784907716576557
2180,2454.0,1.977582,3936.0,1482.0,1479.5538285361788,0.766287487073423,0.7782786364847687
2181,2454.0,1.977582,3936.0,1482.0,1479.0474435029444,0.766287487073423,0.7780122665524277
2182,2466.0,1.987253,3936.0,1470.0,1478.4788840288415,0.7600827300930714,0.7777131914638904
2183,2466.0,1.987253,3936.0,1470.0,1477.9711115701093,0.7600827300930714,0.7774460917144898
2184,2454.0,1.977582,3936.0,1482.0,1477.5238821071873,0.766287487073423,0.7772108389444414
2185,2454.0,1.977582,3936.0,1482.0,1477.1369516205166,0.766287487073423,0.7770073047939615
2186,2454.0,1.977582,3936.0,1482.0,1476.8100760905368,0.766287487073423,0.7768353609032653
2187,2470.0,1.990476,3936.0,1466.0,1476.4661383643286,0.7580144777662875,0.7766544419130763
2188,2454.0,1.977582,3936.0,1482.0,1476.1100885529643,0.766287487073423,0.7764671516933056
2189,2454.0,1.977582,3936.0,1482.0,1475.8236801810017,0.766287487073423,0.7763164944391323
2190,2470.0,1.990476,3936.0,1466.0,1475.6065297891325,0.7580144777662875,0.776202268442324
2191,2466.0,1.987253,3936.0,1470.0,1475.304507651329,0.7600827300930714,0.7760433979956634
2192,2455.0,1.978388,3936.0,1481.0,1475.0813648362673,0.765770423991727,0.7759260198492938
2193,2466.0,1.987253,3936.0,1470.0,1474.9365784448896,0.7600827300930714,0.775849858946534
2194,2462.0,1.984029,3936.0,1474.0,1474.828557086206,0.7621509824198552,0.7757930372789975
2195,2454.0,1.977582,3936.0,1482.0,1474.6414333011837,0.766287487073423,0.7756946059536532
2196,2470.0,1.990476,3936.0,1466.0,1474.538783858812,0.7580144777662875,0.7756406100350836
2197,2455.0,1.978388,3936.0,1481.0,1474.4430384269888,0.765770423991727,0.7755902457815554
2198,2462.0,1.984029,3936.0,1474.0,1474.358693937604,0.7621509824198552,0.775545878680523
2199,2454.0,1.977582,3936.0,1482.0,1474.3670507360328,0.766287487073423,0.7755502745447094
2200,2454.0,1.977582,3936.0,1482.0,1474.4672721837835,0.766287487073423,0.7756029932834247
2201,2466.0,1.987253,3936.0,1470.0,1474.4995115251397,0.7600827300930714,0.7756199519030762
2202,2470.0,1.990476,3936.0,1466.0,1474.6218027990874,0.7580144777662875,0.7756842798674302
2203,2454.0,1.977582,3936.0,1482.0,1474.7562967940278,0.766287487073423,0.7757550267378575
2204,2466.0,1.987253,3936.0,1470.0,1474.907211562353,0.7600827300930714,0.7758344113049156
2205,2462.0,1.984029,3936.0,1474.0,1475.1145000780077,0.7621509824198552,0.7759434497327248
2206,2466.0,1.987253,3936.0,1470.0,1475.3385753963883,0.7600827300930714,0.776061318396842
2207,2470.0,1.990476,3936.0,1466.0,1475.66035440356,0.7580144777662875,0.7762305814017567
2208,2470.0,1.990476,3936.0,1466.0,1475.9248707350048,0.7580144777662875,0.7763697229495627
2209,2470.0,1.990476,3936.0,1466.0,1476.2950388209067,0.7580144777662875,0.7765644396997137
2210,2466.0,1.987253,3936.0,1470.0,1476.7284306317842,0.7600827300930714,0.7767924135531334
2211,2470.0,1.990476,3936.0,1466.0,1477.1852152034735,0.7580144777662875,0.7770326925255946
2212,2470.0,1.990476,3936.0,1466.0,1477.515446002402,0.7580144777662875,0.7772064013633255
2213,2454.0,1.977582,3936.0,1482.0,1477.9254241365068,0.766287487073423,0.7774220590954374
2214,2454.0,1.977582,3936.0,1482.0,1478.4545099608004,0.766287487073423,0.7777003701551453
2215,2454.0,1.977582,3936.0,1482.0,1479.100995338364,0.766287487073423,0.7780404360239588
2216,2454.0,1.977582,3936.0,1482.0,1479.757471573909,0.766287487073423,0.7783857573090858
2217,2470.0,1.990476,3936.0,1466.0,1480.5151967538518,0.7580144777662875,0.7787843378193058
2218,2454.0,1.977582,3936.0,1482.0,1481.39222571113,0.766287487073423,0.7792456748033773
2219,2454.0,1.977582,3936.0,1482.0,1482.3483004473494,0.766287487073423,0.7797485916474495
2220,2466.0,1.987253,3936.0,1470.0,1483.2354536018686,0.7600827300930714,0.7802152541872879
2221,2446.0,1.971136,3936.0,1490.0,1484.1602563599868,0.7704239917269907,0.7807017212665679
2222,2454.0,1.977582,3936.0,1482.0,1485.140745253175,0.766287487073423,0.7812174805070641
2223,2454.0,1.977582,3936.0,1482.0,1486.256887234213,0.766287487073423,0.781804596326963
2224,2450.0,1.974359,3936.0,1486.0,1487.3577692777721,0.7683557394002068,0.782383685076062
2225,2446.0,1.971136,3936.0,1490.0,1488.552055036878,0.7704239917269907,0.7830119062831875
2226,2438.0,1.964689,3936.0,1498.0,1489.7631676876365,0.7745604963805585,0.7836489788142994
2227,2438.0,1.964689,3936.0,1498.0,1491.111872510247,0.7745604963805585,0.7843584279266714
2228,2438.0,1.964689,3936.0,1498.0,1492.5957293091114,0.7745604963805585,0.7851389700224609
2229,2438.0,1.964689,3936.0,1498.0,1493.9860237797152,0.7745604963805585,0.7858702962263641
2230,2430.0,1.958242,3936.0,1506.0,1495.5013861182592,0.7786970010341262,0.7866674109455962
2231,2439.0,1.965495,3936.0,1497.0,1497.1109975258253,0.7740434332988625,0.7875141027978219
2232,2438.0,1.964689,3936.0,1498.0,1498.7379325791478,0.7745604963805585,0.7883699072778805
2233,2430.0,1.958242,3936.0,1506.0,1500.4257348256963,0.7786970010341262,0.7892577292724335
2234,2422.0,1.951795,3936.0,1514.0,1502.1768096011335,0.7828335056876939,0.790178834042213
2235,2438.0,1.964689,3936.0,1498.0,1503.9262285295563,0.7745604963805585,0.7910990677991697
2236,2422.0,1.951795,3936.0,1514.0,1505.8153303545612,0.7828335056876939,0.7920927779056822
2237,2422.0,1.951795,3936.0,1514.0,1507.7691775407977,0.7828335056876939,0.7931205455304048
2238,2422.0,1.951795,3936.0,1514.0,1509.9436428111496,0.7828335056876939,0.7942643632361569
2239,2430.0,1.958242,3936.0,1506.0,1512.0971433153118,0.7786970010341262,0.7953971530027224
2240,2422.0,1.951795,3936.0,1514.0,1514.382850131039,0.7828335056876939,0.7965994862667363
2241,2414.0,1.945348,3936.0,1522.0,1516.6822464440781,0.7869700103412617,0.7978090205146525
2242,2422.0,1.951795,3936.0,1514.0,1519.03835290284,0.7828335056876939,0.7990483855764512
2243,2422.0,1.951795,3936.0,1514.0,1521.4888565853566,0.7828335056876939,0.8003374057039695
2244,2406.0,1.938901,3936.0,1530.0,1523.9919046511093,0.7911065149948294,0.8016540653604805
2245,2406.0,1.938901,3936.0,1530.0,1526.6261480902515,0.7911065149948294,0.8030397367381908
2246,2406.0,1.938901,3936.0,1530.0,1529.3496643423894,0.7911065149948294,0.8044723676261493
2247,2406.0,1.938901,3936.0,1530.0,1532.0846913457683,0.7911065149948294,0.8059110534285068
2248,2406.0,1.938901,3936.0,1530.0,1534.9508091427251,0.7911065149948294,0.8074186959407277
2249,2406.0,1.938901,3936.0,1530.0,1537.8675191664388,0.7911065149948294,0.8089529511036664
2250,2402.0,1.935678,3936.0,1534.0,1540.9132632474393,0.7931747673216132,0.8105550810868573
2251,2406.0,1.938901,3936.0,1530.0,1544.0074730990318,0.7911065149948294,0.8121827051569309
2252,2390.0,1.926007,3936.0,1546.0,1547.2285208318724,0.7993795243019648,0.8138770488091979
2253,2390.0,1.926007,3936.0,1546.0,1550.5726415727506,0.7993795243019648,0.8156361316355565
2254,2390.0,1.926007,3936.0,1546.0,1554.0360704484567,0.7993795243019648,0.8174579732279056
2255,2386.0,1.922784,3936.0,1550.0,1557.6150425857807,0.8014477766287487,0.8193405931781437
2256,2390.0,1.926007,3936.0,1546.0,1561.3057931115118,0.7993795243019648,0.8212820110781692
2257,2374.0,1.913114,3936.0,1562.0,1565.104557152441,0.8076525336091003,0.8232802465198813
2258,2374.0,1.913114,3936.0,1562.0,1569.0075698353576,0.8076525336091003,0.8253333190951782
2259,2374.0,1.913114,3936.0,1562.0,1573.0110662870518,0.8076525336091003,0.8274392483959585
2260,2374.0,1.913114,3936.0,1562.0,1577.0728450676336,0.8076525336091003,0.8295758355143749
2261,2366.0,1.906667,3936.0,1570.0,1581.230174935889,0.811789038262668,0.8317626846569197
2262,2374.0,1.913114,3936.0,1562.0,1585.4408195919914,0.8076525336091003,0.8339775785786335
2263,2358.0,1.90022,3936.0,1578.0,1589.742012934789,0.8159255429162358,0.8362401031488966
2264,2342.0,1.887326,3936.0,1594.0,1594.053047237839,0.8241985522233712,0.8385078042858917
2265,2358.0,1.90022,3936.0,1578.0,1598.4418880490646,0.8159255429162358,0.8408164333985537
2266,2358.0,1.90022,3936.0,1578.0,1602.91923475467,0.8159255429162358,0.8431716186049992
2267,2342.0,1.887326,3936.0,1594.0,1607.4855283328595,0.8241985522233712,0.8455735918696953
2268,2342.0,1.887326,3936.0,1594.0,1612.1355659380167,0.8241985522233712,0.8480196163786684
2269,2318.0,1.867985,3936.0,1618.0,1616.8449438711532,0.8366080661840745,0.8504968552366282
2270,2326.0,1.874432,3936.0,1610.0,1621.6097926792484,0.8324715615305067,0.8530032730241374
2271,2310.0,1.861538,3936.0,1626.0,1626.4646794759603,0.8407445708376422,0.8555570528215045
2272,2342.0,1.887326,3936.0,1594.0,1631.436571037154,0.8241985522233712,0.8581723797601832
2273,2326.0,1.874432,3936.0,1610.0,1636.382559922063,0.8324715615305067,0.8607740813077532
2274,2310.0,1.861538,3936.0,1626.0,1641.442948662652,0.8407445708376422,0.8634359597559372
2275,2310.0,1.861538,3936.0,1626.0,1646.6037052627273,0.8407445708376422,0.866150633958707
2276,2302.0,1.855092,3936.0,1634.0,1651.7988651347566,0.8448810754912099,0.8688834050573588
2277,2302.0,1.855092,3936.0,1634.0,1657.0098601332272,0.8448810754912099,0.8716245057891593
2278,2294.0,1.848645,3936.0,1642.0,1662.2329951048032,0.8490175801447777,0.8743719924202309
2279,2286.0,1.842198,3936.0,1650.0,1667.4235064042164,0.8531540847983454,0.877102318264991
2280,2278.0,1.835751,3936.0,1658.0,1672.6161005848726,0.8572905894519132,0.8798337397521958
2281,2286.0,1.842198,3936.0,1650.0,1677.8070476334997,0.8531540847983454,0.8825642948108564
2282,2278.0,1.835751,3936.0,1658.0,1682.9926175368244,0.8572905894519132,0.8852920213699833
2283,2262.0,1.822857,3936.0,1674.0,1688.245953414933,0.8655635987590486,0.8880553943580793
2284,2262.0,1.822857,3936.0,1674.0,1693.4401894986281,0.8655635987590486,0.8907876795232617
2285,2262.0,1.822857,3936.0,1674.0,1698.648503767933,0.8655635987590486,0.8935273701311454
2286,2254.0,1.81641,3936.0,1682.0,1703.8646040041965,0.8697001034126164,0.8962711563330055
2287,2230.0,1.79707,3936.0,1706.0,1709.1975425487421,0.8821096173733195,0.8990764021164674
2288,2226.0,1.793846,3936.0,1710.0,1714.5206279320573,0.8841778697001034,0.9018764649152081
2289,2215.0,1.784982,3936.0,1721.0,1719.8015815953574,0.889865563598759,0.9046543654803256
2290,2226.0,1.793846,3936.0,1710.0,1725.255600031035,0.8841778697001034,0.9075233020134977
2291,2226.0,1.793846,3936.0,1710.0,1730.651193212083,0.8841778697001034,0.9103615055468744
2292,2214.0,1.784176,3936.0,1722.0,1735.985119164347,0.890382626680455,0.9131672707290347
2293,2210.0,1.780952,3936.0,1726.0,1741.2925724803556,0.8924508790072389,0.915959110708305
2294,2214.0,1.784176,3936.0,1722.0,1746.644587253997,0.890382626680455,0.9187743910179083
2295,2182.0,1.758388,3936.0,1754.0,1751.953292041748,0.9069286452947259,0.9215668892995008
2296,2198.0,1.771282,3936.0,1738.0,1757.2514238105673,0.8986556359875905,0.9243538259350087
2297,2174.0,1.751941,3936.0,1762.0,1762.492284188675,0.9110651499482937,0.9271106365291296
2298,2166.0,1.745495,3936.0,1770.0,1767.6702781561632,0.9152016546018614,0.9298343779753804
2299,2162.0,1.742271,3936.0,1774.0,1772.7824774783116,0.9172699069286453,0.9325235099563483
2300,2174.0,1.751941,3936.0,1762.0,1777.9439304056318,0.9110651499482937,0.9352385504429316
2301,2150.0,1.732601,3936.0,1786.0,1783.03828666896,0.9234746639089969,0.9379182965730966
2302,2135.0,1.720513,3936.0,1801.0,1788.1993378355044,0.9312306101344364,0.9406331257244633
2303,2150.0,1.732601,3936.0,1786.0,1793.2731642103583,0.9234746639089969,0.9433020726709145
2304,2150.0,1.732601,3936.0,1786.0,1798.2930605194751,0.9234746639089969,0.9459426511881691
2305,2134.0,1.719707,3936.0,1802.0,1803.1744495833902,0.9317476732161324,0.948510371774972
2306,2130.0,1.716484,3936.0,1806.0,1807.9533277731834,0.9338159255429163,0.9510241693332256
2307,2110.0,1.700366,3936.0,1826.0,1812.7015309612987,0.9441571871768356,0.9535218311497309
2308,2118.0,1.706813,3936.0,1818.0,1817.293552916087,0.9400206825232679,0.9559373381199753
2309,2102.0,1.693919,3936.0,1834.0,1821.8092298655638,0.9482936918304034,0.958312685897975
2310,2086.0,1.681026,3936.0,1850.0,1826.1790667820633,0.9565667011375388,0.9606113185340034
2311,2087.0,1.681832,3936.0,1849.0,1830.6115844800174,0.9560496380558429,0.9629429226727805
2312,2086.0,1.681026,3936.0,1850.0,1835.0660639383636,0.9565667011375388,0.9652860791921489
2313,2070.0,1.668132,3936.0,1866.0,1839.379015537955,0.9648397104446742,0.9675547888703062
2314,2082.0,1.677802,3936.0,1854.0,1843.5075580701287,0.9586349534643226,0.9697264952257204
2315,2082.0,1.677802,3936.0,1854.0,1847.4498788181531,0.9586349534643226,0.9718002447285646
2316,2086.0,1.681026,3936.0,1850.0,1851.3579113320166,0.9565667011375388,0.9738559578479967
2317,2062.0,1.661685,3936.0,1874.0,1855.0657083670048,0.9689762150982419,0.9758063425958149
2318,2054.0,1.655238,3936.0,1882.0,1858.6869063461745,0.9731127197518097,0.977711174289879
2319,2054.0,1.655238,3936.0,1882.0,1862.2173046471007,0.9731127197518097,0.9795682433081866
2320,2062.0,1.661685,3936.0,1874.0,1865.619634510999,0.9689762150982419,0.9813579454442461
2321,2038.0,1.642344,3936.0,1898.0,1869.0846843737816,0.9813857290589452,0.9831806397123054
2322,2050.0,1.652015,3936.0,1886.0,1872.3238244139923,0.9751809720785936,0.9848845003257259
2323,2038.0,1.642344,3936.0,1898.0,1875.4512139537458,0.9813857290589452,0.9865295776590489
2324,2030.0,1.635897,3936.0,1906.0,1878.3426017191277,0.9855222337125129,0.9880505127437945
2325,2030.0,1.635897,3936.0,1906.0,1880.9969419120248,0.9855222337125129,0.9894467554666013
2326,2022.0,1.629451,3936.0,1914.0,1883.490061867683,0.9896587383660806,0.9907581927136004
2327,2022.0,1.629451,3936.0,1914.0,1885.8567901492888,0.9896587383660806,0.9920031450934409
2328,2022.0,1.629451,3936.0,1914.0,1888.0988871836669,0.9896587383660806,0.9931825386302808
2329,2002.0,1.613333,3936.0,1934.0,1890.1771494855207,1.0,0.994275751407909
2330,2022.0,1.629451,3936.0,1914.0,1892.0183520139117,0.9896587383660806,0.9952442654056094
2331,2030.0,1.635897,3936.0,1906.0,1893.7556762871473,0.9855222337125129,0.9961581371015404
2332,2022.0,1.629451,3936.0,1914.0,1895.2756261934178,0.9896587383660806,0.9969576649847185
2333,2022.0,1.629451,3936.0,1914.0,1896.662447742785,0.9896587383660806,0.9976871643538336
2334,2018.0,1.626227,3936.0,1918.0,1897.877286049324,0.9917269906928645,0.9983261966637957
2335,2022.0,1.629451,3936.0,1914.0,1898.9145286631572,0.9896587383660806,0.9988718096395647
2336,2002.0,1.613333,3936.0,1934.0,1899.6917597209213,1.0,0.9992806506808323
2337,2006.0,1.616557,3936.0,1930.0,1900.2855734764778,0.9979317476732161,0.9995930100901941
2338,2006.0,1.616557,3936.0,1930.0,1900.7341973368848,0.9979317476732161,0.9998289963447242
2339,2018.0,1.626227,3936.0,1918.0,1901.0017220809036,0.9917269906928645,0.9999697203853
2340,2014.0,1.623004,3936.0,1922.0,1901.059285423588,0.9937952430196484,1.0
2341,2006.0,1.616557,3936.0,1930.0,1900.961261023375,0.9979317476732161,0.9999484369577716
2342,2018.0,1.626227,3936.0,1918.0,1900.797525641672,0.9917269906928645,0.9998623084593294
2343,2002.0,1.613333,3936.0,1934.0,1900.3735433993243,1.0,0.9996392842508796
2344,2022.0,1.629451,3936.0,1914.0,1899.6895931758286,0.9896587383660806,0.9992795110293184
2345,2016.0,1.624615,3936.0,1920.0,1898.8228269840413,0.9927611168562565,0.9988235724910344
2346,2018.0,1.626227,3936.0,1918.0,1897.9326035405593,0.9917269906928645,0.9983552949100521
2347,2022.0,1.629451,3936.0,1914.0,1896.7835973537924,0.9896587383660806,0.9977508917777685
2348,2030.0,1.635897,3936.0,1906.0,1895.4585031665995,0.9855222337125129,0.9970538623913874
2349,2022.0,1.629451,3936.0,1914.0,1894.1169585750752,0.9896587383660806,0.9963481797218301
2350,2030.0,1.635897,3936.0,1906.0,1892.518653116619,0.9855222337125129,0.9955074350534701
2351,2038.0,1.642344,3936.0,1898.0,1890.7412965630813,0.9813857290589452,0.9945725054764887
2352,2038.0,1.642344,3936.0,1898.0,1888.8626684061874,0.9813857290589452,0.9935843047552917
2353,2038.0,1.642344,3936.0,1898.0,1886.7248043268255,0.9813857290589452,0.9924597401003364
2354,2038.0,1.642344,3936.0,1898.0,1884.4877602403342,0.9813857290589452,0.991283004527888
2355,2038.0,1.642344,3936.0,1898.0,1882.1527213845766,0.9813857290589452,0.9900547214997565
2356,2038.0,1.642344,3936.0,1898.0,1879.6388754532977,0.9813857290589452,0.9887323819227881
2357,2046.0,1.648791,3936.0,1890.0,1876.9860534106624,0.9772492244053774,0.9873369377812109
2358,2046.0,1.648791,3936.0,1890.0,1874.0778126086745,0.9772492244053774,0.9858071376196447
2359,2038.0,1.642344,3936.0,1898.0,1871.1183625590427,0.9813857290589452,0.9842504002404775
2360,2050.0,1.652015,3936.0,1886.0,1867.9145617800973,0.9751809720785936,0.9825651288743972
2361,2070.0,1.668132,3936.0,1866.0,1864.4680835488211,0.9648397104446742,0.9807522037027826
2362,2070.0,1.668132,3936.0,1866.0,1860.9780478261002,0.9648397104446742,0.9789163663096614
2363,2054.0,1.655238,3936.0,1882.0,1857.531071097723,0.9731127197518097,0.9771031789173443
2364,2071.0,1.668938,3936.0,1865.0,1853.9754986931982,0.9643226473629782,0.9752328677535699
2365,2082.0,1.677802,3936.0,1854.0,1850.231389804698,0.9586349534643226,0.9732633821529849
2366,2086.0,1.681026,3936.0,1850.0,1846.2983435429471,0.9565667011375388,0.9711945112388016
2367,2082.0,1.677802,3936.0,1854.0,1842.2504956647406,0.9586349534643226,0.969065252088788
2368,2082.0,1.677802,3936.0,1854.0,1837.994774495434,0.9586349534643226,0.9668266469059106
2369,2102.0,1.693919,3936.0,1834.0,1833.5239413690817,0.9482936918304034,0.9644748879888517
2370,2098.0,1.690696,3936.0,1838.0,1828.9583083867003,0.9503619441571872,0.9620732622124288
2371,2110.0,1.700366,3936.0,1826.0,1824.3414190957603,0.9441571871768356,0.9596446744633039
2372,2118.0,1.706813,3936.0,1818.0,1819.6837837673056,0.9400206825232679,0.9571946533807594
2373,2118.0,1.706813,3936.0,1818.0,1814.9549836201968,0.9400206825232679,0.954707198000821
2374,2146.0,1.729377,3936.0,1790.0,1810.039935543986,0.9255429162357808,0.9521217720154785
2375,2114.0,1.70359,3936.0,1822.0,1805.0236350373843,0.9420889348500517,0.9494830849713319
2376,2130.0,1.716484,3936.0,1806.0,1799.8732056936838,0.9338159255429163,0.9467738431380069
2377,2135.0,1.720513,3936.0,1801.0,1794.6763795166598,0.9312306101344364,0.9440401955253992
2378,2150.0,1.732601,3936.0,1786.0,1789.3977876141003,0.9234746639089969,0.9412635372996231
2379,2162.0,1.742271,3936.0,1774.0,1784.03530352984,0.9172699069286453,0.9384427498968433
2380,2158.0,1.739048,3936.0,1778.0,1778.6640042389784,0.9193381592554292,0.9356173254968543
2381,2158.0,1.739048,3936.0,1778.0,1773.1533575784294,0.9193381592554292,0.9327186012420128
2382,2174.0,1.751941,3936.0,1762.0,1767.5477785940914,0.9110651499482937,0.929769940446782
2383,2174.0,1.751941,3936.0,1762.0,1762.0308597593544,0.9110651499482937,0.9268679168870549
2384,2175.0,1.752747,3936.0,1761.0,1756.4600805787545,0.9105480868665977,0.9239375615723555
2385,2174.0,1.751941,3936.0,1762.0,1750.8828017628773,0.9110651499482937,0.9210037873031146
2386,2198.0,1.771282,3936.0,1738.0,1745.338853404388,0.8986556359875905,0.918087545605132
2387,2210.0,1.780952,3936.0,1726.0,1739.698261099196,0.8924508790072389,0.9151204670145581
2388,2214.0,1.784176,3936.0,1722.0,1734.0321931519493,0.890382626680455,0.9121399876624982
2389,2214.0,1.784176,3936.0,1722.0,1728.3009231782949,0.890382626680455,0.9091252105760607
2390,2214.0,1.784176,3936.0,1722.0,1722.546896637682,0.890382626680455,0.906098463022877
2391,2230.0,1.79707,3936.0,1706.0,1716.6946870841418,0.8821096173733195,0.903020068993605
2392,2230.0,1.79707,3936.0,1706.0,1710.871578606118,0.8821096173733195,0.8999569827854721
2393,2242.0,1.80674,3936.0,1694.0,1705.0485816798925,0.8759048603929679,0.8968939552560976
2394,2246.0,1.809963,3936.0,1690.0,1699.2299492177963,0.8738366080661841,0.893833223533152
2395,2246.0,1.809963,3936.0,1690.0,1693.4200038520323,0.8738366080661841,0.890777061418529
2396,2274.0,1.832527,3936.0,1662.0,1687.546264801321,0.859358841778697,0.8876873423888552
2397,2286.0,1.842198,3936.0,1650.0,1681.6541929096725,0.8531540847983454,0.8845879798719541
2398,2274.0,1.832527,3936.0,1662.0,1675.8425934398924,0.859358841778697,0.8815309476613647
2399,2286.0,1.842198,3936.0,1650.0,1669.9904300757692,0.8531540847983454,0.8784525779287662
2400,2286.0,1.842198,3936.0,1650.0,1664.1843803079796,0.8531540847983454,0.8753984649864148
2401,2294.0,1.848645,3936.0,1642.0,1658.4194452215402,0.8490175801447777,0.8723659792924429
2402,2302.0,1.855092,3936.0,1634.0,1652.8258728710477,0.8448810754912099,0.8694236342570296
2403,2302.0,1.855092,3936.0,1634.0,1647.2468667452856,0.8448810754912099,0.8664889513838866
2404,2310.0,1.861538,3936.0,1626.0,1641.6462387435179,0.8407445708376422,0.8635428949169943
2405,2311.0,1.862344,3936.0,1625.0,1636.0288692569438,0.8402275077559462,0.8605880320520404
2406,2326.0,1.874432,3936.0,1610.0,1630.3996386767615,0.8324715615305067,0.8576269299847116
2407,2326.0,1.874432,3936.0,1610.0,1624.7634273941683,0.8324715615305067,0.8546621559106946
2408,2342.0,1.887326,3936.0,1594.0,1619.1347249420332,0.8241985522233712,0.8517013316506132
2409,2326.0,1.874432,3936.0,1610.0,1613.508153303555,0.8324715615305067,0.8487416282465058
2410,2354.0,1.896996,3936.0,1582.0,1607.955865576606,0.8179937952430196,0.8458209998528932
2411,2342.0,1.887326,3936.0,1594.0,1602.4904470699885,0.8241985522233712,0.8429460666256532
2412,2334.0,1.880879,3936.0,1602.0,1597.0758491227155,0.828335056876939,0.8400978661572146
2413,2350.0,1.893773,3936.0,1586.0,1591.7171264256717,0.8200620475698035,0.8372790573288251
2414,2359.0,1.901026,3936.0,1577.0,1586.3809319629986,0.8154084798345398,0.834472098859098
2415,2354.0,1.896996,3936.0,1582.0,1581.2313654027419,0.8179937952430196,0.8317633108692961
2416,2370.0,1.90989,3936.0,1566.0,1576.153082184926,0.8097207859358841,0.8290920195230694
2417,2374.0,1.913114,3936.0,1562.0,1571.0281406842578,0.8076525336091003,0.8263961848692195
2418,2382.0,1.91956,3936.0,1554.0,1565.9180739187634,0.8035160289555325,0.8237081746610814
2419,2374.0,1.913114,3936.0,1562.0,1560.826742626479,0.8076525336091003,0.8210300197338141
2420,2390.0,1.926007,3936.0,1546.0,1555.8169609281204,0.7993795243019648,0.8183947617296207
2421,2374.0,1.913114,3936.0,1562.0,1550.8528544623862,0.8076525336091003,0.8157835299264904
2422,2390.0,1.926007,3936.0,1546.0,1545.8985488679764,0.7993795243019648,0.8131774536024131
2423,2390.0,1.926007,3936.0,1546.0,1540.9976399822656,0.7993795243019648,0.810599465149718
2424,2406.0,1.938901,3936.0,1530.0,1536.155287075949,0.7911065149948294,0.8080522784609885
2425,2406.0,1.938901,3936.0,1530.0,1531.409822135895,0.7911065149948294,0.8055560570246345
2426,2414.0,1.945348,3936.0,1522.0,1526.758543516976,0.7869700103412617,0.8031093797144724
2427,2422.0,1.951795,3936.0,1514.0,1522.0834747339622,0.7828335056876939,0.8006501882421917
2428,2422.0,1.951795,3936.0,1514.0,1517.4666481909092,0.7828335056876939,0.7982216334998684
2429,2430.0,1.958242,3936.0,1506.0,1512.9132231585113,0.7786970010341262,0.7958264293800856
2430,2438.0,1.964689,3936.0,1498.0,1508.428358907464,0.7745604963805585,0.7934672897754268
2431,2450.0,1.974359,3936.0,1486.0,1504.0172147084625,0.7683557394002068,0.7911469285784751
2432,2450.0,1.974359,3936.0,1486.0,1499.7618229655614,0.7683557394002068,0.7889084966813064
2433,2446.0,1.971136,3936.0,1490.0,1495.5852756854645,0.7704239917269907,0.7867115387473163
2434,2454.0,1.977582,3936.0,1482.0,1491.410664874875,0.766287487073423,0.7845155994399005
2435,2470.0,1.990476,3936.0,1466.0,1487.396896071207,0.7580144777662875,0.7824042666506268
2436,2454.0,1.977582,3936.0,1482.0,1483.4259927892313,0.766287487073423,0.7803154820911853
2437,2454.0,1.977582,3936.0,1482.0,1479.500517234326,0.766287487073423,0.778250593539311
2438,2466.0,1.987253,3936.0,1470.0,1475.4997912761355,0.7600827300930714,0.776146121580511
2439,2478.0,1.996923,3936.0,1458.0,1471.697890712363,0.7538779731127198,0.7741462362571422
2440,2482.0,2.000147,3936.0,1454.0,1467.9664673549855,0.7518097207859359,0.7721834235316327
2441,2486.0,2.00337,3936.0,1450.0,1464.2073076886295,0.749741468459152,0.7702060208829202
2442,2494.0,2.009817,3936.0,1442.0,1460.5695686692918,0.7456049638055843,0.7682924882291886
2443,2486.0,2.00337,3936.0,1450.0,1457.0172364959228,0.749741468459152,0.766423881499979
2444,2486.0,2.00337,3936.0,1450.0,1453.5142973674735,0.749741468459152,0.7645812566248327
2445,2486.0,2.00337,3936.0,1450.0,1449.9810022057716,0.749741468459152,0.7627226637925136
2446,2510.0,2.022711,3936.0,1426.0,1446.4965074700578,0.7373319544984488,0.7608897410833529
2447,2498.0,2.01304,3936.0,1438.0,1443.0219931343443,0.7435367114788004,0.759062068289372
2448,2498.0,2.01304,3936.0,1438.0,1439.5980745113816,0.7435367114788004,0.7572610099798202
2449,2502.0,2.016264,3936.0,1434.0,1436.226895487303,0.7414684591520165,0.7554876938870885
2450,2502.0,2.016264,3936.0,1434.0,1432.9516335802377,0.7414684591520165,0.7537648323581618
2451,2510.0,2.022711,3936.0,1426.0,1429.6538242658369,0.7373319544984488,0.7520301103851613
2452,2502.0,2.016264,3936.0,1434.0,1426.4020780008614,0.7414684591520165,0.7503196186135956
2453,2518.0,2.029158,3936.0,1418.0,1423.1360949375617,0.733195449844881,0.7486016379654687
2454,2502.0,2.016264,3936.0,1434.0,1419.925004074264,0.7414684591520165,0.7469125318508312
2455,2518.0,2.029158,3936.0,1418.0,1416.7295670657345,0.733195449844881,0.7452316600163593
2456,2518.0,2.029158,3936.0,1418.0,1413.631049397411,0.733195449844881,0.7436017699376641
2457,2519.0,2.029963,3936.0,1417.0,1410.5927749294392,0.7326783867631851,0.7420035691391578
2458,2530.0,2.038828,3936.0,1406.0,1407.5439413865104,0.7269906928645294,0.7403998140294114
2459,2530.0,2.038828,3936.0,1406.0,1404.6611169646842,0.7269906928645294,0.7388833834562408
2460,2534.0,2.042051,3936.0,1402.0,1401.876754435282,0.7249224405377456,0.7374187460560548
2461,2534.0,2.042051,3936.0,1402.0,1399.1849093075245,0.7249224405377456,0.7360027748928212
2462,2534.0,2.042051,3936.0,1402.0,1396.3633608116872,0.7249224405377456,0.7345185768367839
2463,2546.0,2.051722,3936.0,1390.0,1393.5140272029605,0.718717683557394,0.7330197631855874
2464,2542.0,2.048498,3936.0,1394.0,1390.7535951488996,0.7207859358841778,0.7315677137543958
2465,2558.0,2.061392,3936.0,1378.0,1388.0834416170217,0.7125129265770423,0.7301631528591351
2466,2550.0,2.054945,3936.0,1386.0,1385.5460120667758,0.7166494312306101,0.7288284077674373
2467,2559.0,2.062198,3936.0,1377.0,1382.9400077912042,0.7119958634953464,0.7274575908257704
2468,2550.0,2.054945,3936.0,1386.0,1380.4230793699846,0.7166494312306101,0.7261336297896691
2469,2550.0,2.054945,3936.0,1386.0,1377.8759256402764,0.7166494312306101,0.724793769560565
2470,2558.0,2.061392,3936.0,1378.0,1375.3765875433326,0.7125129265770423,0.7234790614312039
2471,2550.0,2.054945,3936.0,1386.0,1372.9672665190433,0.7166494312306101,0.7222117043094335
2472,2559.0,2.062198,3936.0,1377.0,1370.3642479970872,0.7119958634953464,0.7208424579414139
2473,2559.0,2.062198,3936.0,1377.0,1367.840108797872,0.7119958634953464,0.7195147038736849
2474,2566.0,2.067839,3936.0,1370.0,1365.2751642992494,0.7083764219234746,0.7181654852994461
2475,2558.0,2.061392,3936.0,1378.0,1362.788140475097,0.7125129265770423,0.7168572547549167
2476,2559.0,2.062198,3936.0,1377.0,1360.3920627409232,0.7119958634953464,0.7155968639020139
2477,2582.0,2.080733,3936.0,1354.0,1357.9979519787018,0.7001034126163392,0.7143375077206585
2478,2582.0,2.080733,3936.0,1354.0,1355.6711635985644,0.7001034126163392,0.7131135646285213
2479,2578.0,2.077509,3936.0,1358.0,1353.4296565686227,0.7021716649431231,0.7119344814473031
2480,2582.0,2.080733,3936.0,1354.0,1351.2516460426646,0.7001034126163392,0.7107887988572554
2481,2590.0,2.087179,3936.0,1346.0,1349.1352147241487,0.6959669079627715,0.7096755083172162
2482,2583.0,2.081538,3936.0,1353.0,1346.9393027489755,0.6995863495346433,0.708520409161703
2483,2582.0,2.080733,3936.0,1354.0,1344.8112543564107,0.7001034126163392,0.707401007779073
2484,2582.0,2.080733,3936.0,1354.0,1342.7542766606698,0.7001034126163392,0.7063189911836345
2485,2598.0,2.093626,3936.0,1338.0,1340.7663129254624,0.6918304033092038,0.7052732774857766
2486,2598.0,2.093626,3936.0,1338.0,1338.7631694306317,0.6918304033092038,0.7042195788924765
2487,2594.0,2.090403,3936.0,1342.0,1336.8632932705586,0.6938986556359876,0.7032202012430575
2488,2583.0,2.081538,3936.0,1353.0,1334.9466512237227,0.6995863495346433,0.7022120043595979
2489,2610.0,2.103297,3936.0,1326.0,1333.0521504659548,0.6856256463288521,0.7012154542928567
2490,2598.0,2.093626,3936.0,1338.0,1331.1828586717224,0.6918304033092038,0.7002321647086942
2491,2610.0,2.103297,3936.0,1326.0,1329.3315415325728,0.6856256463288521,0.6992583301979324
2492,2610.0,2.103297,3936.0,1326.0,1327.3594225102895,0.6856256463288521,0.698220951175929
2493,2606.0,2.100073,3936.0,1330.0,1325.492967443441,0.687693898655636,0.6972391537742595
2494,2614.0,2.10652,3936.0,1322.0,1323.691334429686,0.6835573940020683,0.6962914542324466
2495,2614.0,2.10652,3936.0,1322.0,1321.995818550549,0.6835573940020683,0.6953995746934247
2496,2610.0,2.103297,3936.0,1326.0,1320.2861077050125,0.6856256463288521,0.694500228282376
2497,2614.0,2.10652,3936.0,1322.0,1318.5597616974776,0.6835573940020683,0.6935921314014571
2498,2614.0,2.10652,3936.0,1322.0,1316.896407596337,0.6835573940020683,0.6927171696820125
2499,2614.0,2.10652,3936.0,1322.0,1315.2987993366235,0.6835573940020683,0.6918767917558934
2500,2638.0,2.125861,3936.0,1298.0,1313.6438534523181,0.671147880041365,0.6910062529478749
2501,2630.0,2.119414,3936.0,1306.0,1312.0468970734294,0.6752843846949328,0.6901662179257514
2502,2626.0,2.11619,3936.0,1310.0,1310.4284425713117,0.6773526370217167,0.6893148744066265
2503,2630.0,2.119414,3936.0,1306.0,1308.7473691641278,0.6752843846949328,0.6884305919331268
2504,2638.0,2.125861,3936.0,1298.0,1307.1240935327053,0.671147880041365,0.6875767123914055
2505,2630.0,2.119414,3936.0,1306.0,1305.478953748715,0.6752843846949328,0.6867113318130067
2506,2638.0,2.125861,3936.0,1298.0,1303.8475278639914,0.671147880041365,0.6858531650544881
2507,2638.0,2.125861,3936.0,1298.0,1302.1858540118203,0.671147880041365,0.6849790871838441
2508,2630.0,2.119414,3936.0,1306.0,1300.5320375894785,0.6752843846949328,0.6841091424982562
2509,2630.0,2.119414,3936.0,1306.0,1298.9267810595584,0.6752843846949328,0.6832647414097534
2510,2658.0,2.141978,3936.0,1278.0,1297.3312818260413,0.6608066184074457,0.6824254728789134
2511,2646.0,2.132308,3936.0,1290.0,1295.7862074915827,0.6670113753877973,0.6816127289806534
2512,2658.0,2.141978,3936.0,1278.0,1294.2937890921592,0.6608066184074457,0.6808276832901445
2513,2646.0,2.132308,3936.0,1290.0,1292.7330521879483,0.6670113753877973,0.6800067005274407
2514,2646.0,2.132308,3936.0,1290.0,1291.1803644432205,0.6670113753877973,0.679189951803909
2515,2658.0,2.141978,3936.0,1278.0,1289.594117037018,0.6608066184074457,0.6783555499426072
2516,2662.0,2.145201,3936.0,1274.0,1288.0121364871197,0.6587383660806618,0.6775233925438201
2517,2646.0,2.132308,3936.0,1290.0,1286.4337778846896,0.6670113753877973,0.676693140370975
2518,2662.0,2.145201,3936.0,1274.0,1285.0531762196047,0.6587383660806618,0.6759669128010771
2519,2662.0,2.145201,3936.0,1274.0,1283.708149120361,0.6587383660806618,0.6752593982540261
2520,2670.0,2.151648,3936.0,1266.0,1282.4007881831863,0.6546018614270941,0.6745716969565447
2521,2663.0,2.146007,3936.0,1273.0,1281.0510480204425,0.6582213029989659,0.6738617032319446
2522,2662.0,2.145201,3936.0,1274.0,1279.6967551499097,0.6587383660806618,0.6731493146805106
2523,2658.0,2.141978,3936.0,1278.0,1278.3783331546836,0.6608066184074457,0.672455795017376
2524,2662.0,2.145201,3936.0,1274.0,1277.056700559248,0.6587383660806618,0.6717605865062215
2525,2662.0,2.145201,3936.0,1274.0,1275.7722460867615,0.6587383660806618,0.6710849345250681
2526,2658.0,2.141978,3936.0,1278.0,1274.5269218937035,0.6608066184074457,0.6704298659521907
2527,2662.0,2.145201,3936.0,1274.0,1273.3226801365538,0.6587383660806618,0.669796407665864
2528,2662.0,2.145201,3936.0,1274.0,1272.161472971791,0.6587383660806618,0.6691855865443628
2529,2662.0,2.145201,3936.0,1274.0,1270.9631155720283,0.6587383660806618,0.6685552235625499
2530,2662.0,2.145201,3936.0,1274.0,1269.7242265233647,0.6587383660806618,0.6679035400205569
2531,2663.0,2.146007,3936.0,1273.0,1268.5234916758902,0.6582213029989659,0.6672719264477024
2532,2670.0,2.151648,3936.0,1266.0,1267.362723746335,0.6546018614270941,0.6666613363738129
2533,2662.0,2.145201,3936.0,1274.0,1266.2334683284473,0.6587383660806618,0.6660673225907887
2534,2670.0,2.151648,3936.0,1266.0,1265.034200212827,0.6546018614270941,0.6654364805519235
2535,2662.0,2.145201,3936.0,1274.0,1263.8723280947636,0.6587383660806618,0.66482530965001
2536,2674.0,2.154872,3936.0,1262.0,1262.7181007609124,0.6525336091003102,0.6642181600767687
2537,2670.0,2.151648,3936.0,1266.0,1261.707070205306,0.6546018614270941,0.6636863352339779
2538,2670.0,2.151648,3936.0,1266.0,1260.7280759319221,0.6546018614270941,0.6631713621971609
2539,2662.0,2.145201,3936.0,1274.0,1259.7391953803683,0.6587383660806618,0.6626511887553665
2540,2674.0,2.154872,3936.0,1262.0,1258.7369076969946,0.6525336091003102,0.6621239628602781
2541,2678.0,2.158095,3936.0,1258.0,1257.7202890934661,0.6504653567735263,0.6615891985784256
2542,2678.0,2.158095,3936.0,1258.0,1256.7294494134455,0.6504653567735263,0.6610679945909341
2543,2678.0,2.158095,3936.0,1258.0,1255.7660619339147,0.6504653567735263,0.6605612310791816
2544,2678.0,2.158095,3936.0,1258.0,1254.8317999318563,0.6504653567735263,0.6600697882245469
2545,2678.0,2.158095,3936.0,1258.0,1253.846199700386,0.6504653567735263,0.6595513403049963
2546,2678.0,2.158095,3936.0,1258.0,1252.887737929972,0.6504653567735263,0.6590471678271766
2547,2678.0,2.158095,3936.0,1258.0,1251.9676273193913,0.6504653567735263,0.6585631689231785
2548,2678.0,2.158095,3936.0,1258.0,1251.1829135761227,0.6504653567735263,0.6581503918208096
2549,2686.0,2.164542,3936.0,1250.0,1250.4120993612862,0.6463288521199586,0.6577449261834427
2550,2679.0,2.158901,3936.0,1257.0,1249.6664932384867,0.6499482936918304,0.6573527205702266
2551,2678.0,2.158095,3936.0,1258.0,1248.9862311963395,0.6504653567735263,0.6569948874151205
2552,2694.0,2.170989,3936.0,1242.0,1248.2601091639003,0.6421923474663909,0.6566129308722568
2553,2694.0,2.170989,3936.0,1242.0,1247.4338589340427,0.6421923474663909,0.6561783046424527
2554,2678.0,2.158095,3936.0,1258.0,1246.583290412043,0.6504653567735263,0.6557308864432827
2555,2694.0,2.170989,3936.0,1242.0,1245.7483740018145,0.6421923474663909,0.6552917016074229
2556,2679.0,2.158901,3936.0,1257.0,1244.9306435405915,0.6499482936918304,0.6548615569678038
2557,2687.0,2.165348,3936.0,1249.0,1244.1316328656073,0.6458117890382626,0.6544412593573555
2558,2694.0,2.170989,3936.0,1242.0,1243.3528758140956,0.6421923474663909,0.654031615609008
2559,2706.0,2.180659,3936.0,1230.0,1242.5856391003072,0.6359875904860393,0.6536280318177653
2560,2706.0,2.180659,3936.0,1230.0,1241.8410569881607,0.6359875904860393,0.6532363648572157
2561,2710.0,2.183883,3936.0,1226.0,1241.0487847390239,0.6339193381592554,0.6528196118105266
2562,2710.0,2.183883,3936.0,1226.0,1240.236481970012,0.6339193381592554,0.6523923222592536
2563,2687.0,2.165348,3936.0,1249.0,1239.402946013294,0.6458117890382626,0.6519538635730311
2564,2702.0,2.177436,3936.0,1234.0,1238.7033175330741,0.6380558428128231,0.6515858432353255
2565,2694.0,2.170989,3936.0,1242.0,1238.054326597529,0.6421923474663909,0.6512444593865834
2566,2722.0,2.193553,3936.0,1214.0,1237.3343015680941,0.6277145811789038,0.6508657100046173
2567,2694.0,2.170989,3936.0,1242.0,1236.580511203555,0.6421923474663909,0.65046919929592
2568,2710.0,2.183883,3936.0,1226.0,1235.832821328014,0.6339193381592554,0.6500758975818314
2569,2702.0,2.177436,3936.0,1234.0,1235.092661198893,0.6380558428128231,0.6496865566839456
2570,2686.0,2.164542,3936.0,1250.0,1234.3614600736141,0.6463288521199586,0.6493019284238564
2571,2694.0,2.170989,3936.0,1242.0,1233.599578717667,0.6421923474663909,0.6489011616714522
2572,2710.0,2.183883,3936.0,1226.0,1232.8468480952167,0.6339193381592554,0.648505208410961
2573,2710.0,2.183883,3936.0,1226.0,1232.104662603748,0.6339193381592554,0.6481148021268649
2574,2706.0,2.180659,3936.0,1230.0,1231.3744166407469,0.6359875904860393,0.6477306763036461
2575,2710.0,2.183883,3936.0,1226.0,1230.6575046036976,0.6339193381592554,0.6473535644257861
2576,2702.0,2.177436,3936.0,1234.0,1229.947425114326,0.6380558428128231,0.646980046621888
2577,2710.0,2.183883,3936.0,1226.0,1229.1966083024242,0.6339193381592554,0.6465851000688484
2578,2706.0,2.180659,3936.0,1230.0,1228.44485027222,0.6359875904860393,0.6461896584137836
2579,2722.0,2.193553,3936.0,1214.0,1227.693510561261,0.6277145811789038,0.6457944368040632
2580,2710.0,2.183883,3936.0,1226.0,1226.9439487070958,0.6339193381592554,0.6454001503870576
2581,2695.0,2.171795,3936.0,1241.0,1226.1975242472722,0.6416752843846949,0.6450075143101361
2582,2706.0,2.180659,3936.0,1230.0,1225.4555967193387,0.6359875904860393,0.6446172437206694
2583,2706.0,2.180659,3936.0,1230.0,1224.6373886769768,0.6359875904860393,0.6441868478626152
2584,2710.0,2.183883,3936.0,1226.0,1223.82106307122,0.6339193381592554,0.6437574422086115
2585,2711.0,2.184689,3936.0,1225.0,1223.0463462864216,0.6334022750775594,0.6433499237315506
2586,2726.0,2.196777,3936.0,1210.0,1222.152920957714,0.6256463288521199,0.6428799618868266
2587,2710.0,2.183883,3936.0,1226.0,1221.298385374869,0.6339193381592554,0.6424304569243052
2588,2710.0,2.183883,3936.0,1226.0,1220.4429260036902,0.6339193381592554,0.6419804660283148
2589,2710.0,2.183883,3936.0,1226.0,1219.587797801914,0.6339193381592554,0.6415306493348887
2590,2710.0,2.183883,3936.0,1226.0,1218.611050251478,0.6339193381592554,0.6410168581249431
2591,2710.0,2.183883,3936.0,1226.0,1217.629143430347,0.6339193381592554,0.6405003530224144
2592,2726.0,2.196777,3936.0,1210.0,1216.643227716446,0.6256463288521199,0.6399817391519999
2593,2710.0,2.183883,3936.0,1226.0,1215.6133849957675,0.6339193381592554,0.6394400186866915
2594,2726.0,2.196777,3936.0,1210.0,1214.5791673529789,0.6256463288521199,0.6388959969138207
2595,2726.0,2.196777,3936.0,1210.0,1213.5416903060689,0.6256463288521199,0.6383502606209733
2596,2734.0,2.203223,3936.0,1202.0,1212.5020693730253,0.6215098241985523,0.6378033965957349
2597,2726.0,2.196777,3936.0,1210.0,1211.461420071836,0.6256463288521199,0.6372559916256909
2598,2726.0,2.196777,3936.0,1210.0,1210.42085792049,0.6256463288521199,0.6367086324984272
2599,2726.0,2.196777,3936.0,1210.0,1209.3814984369749,0.6256463288521199,0.6361619060015292
2600,2726.0,2.196777,3936.0,1210.0,1208.3444571392788,0.6256463288521199,0.6356163989225824
2601,2722.0,2.193553,3936.0,1214.0,1207.3877226787495,0.6277145811789038,0.6351131350486647
2602,2726.0,2.196777,3936.0,1210.0,1206.430343309383,0.6256463288521199,0.6346095319381742
2603,2726.0,2.196777,3936.0,1210.0,1205.4735042690422,0.6256463288521199,0.6341062130529204
2604,2710.0,2.183883,3936.0,1226.0,1204.518390795589,0.6339193381592554,0.6336038018547129
2605,2726.0,2.196777,3936.0,1210.0,1203.5661881268868,0.6256463288521199,0.6331029218053618
2606,2726.0,2.196777,3936.0,1210.0,1202.6180815007972,0.6256463288521199,0.6326041963666764
2607,2726.0,2.196777,3936.0,1210.0,1201.6752561551825,0.6256463288521199,0.6321082490004666
2608,2727.0,2.197582,3936.0,1209.0,1200.7388973279058,0.6251292657704239,0.6316157031685421
2609,2726.0,2.196777,3936.0,1210.0,1199.7999231338456,0.6256463288521199,0.6311217815947859
2610,2726.0,2.196777,3936.0,1210.0,1198.7972493766679,0.6256463288521199,0.6305943526161814
2611,2726.0,2.196777,3936.0,1210.0,1197.7992555660494,0.6256463288521199,0.6300693853948692
2612,2742.0,2.20967,3936.0,1194.0,1196.8070572199792,0.6173733195449845,0.6295474667184355
2613,2742.0,2.20967,3936.0,1194.0,1195.8986429898043,0.6173733195449845,0.629069620373958
2614,2738.0,2.206447,3936.0,1198.0,1194.9930611295213,0.6194415718717684,0.6285932639198344
2615,2754.0,2.219341,3936.0,1182.0,1194.0504283850594,0.6111685625646329,0.6280974178661687
2616,2742.0,2.20967,3936.0,1194.0,1193.1103317010236,0.6173733195449845,0.6276029058374045
2617,2738.0,2.206447,3936.0,1198.0,1192.1328529634065,0.6194415718717684,0.6270887300065339
2618,2742.0,2.20967,3936.0,1194.0,1191.157544256876,0.6173733195449845,0.6265756956608883
2619,2758.0,2.222564,3936.0,1178.0,1190.1855210994195,0.609100310237849,0.6260643895880533
2620,2742.0,2.20967,3936.0,1194.0,1189.217899009026,0.6173733195449845,0.6255553985756147
2621,2742.0,2.20967,3936.0,1194.0,1188.2557935036832,0.6173733195449845,0.625049309411158
2622,2754.0,2.219341,3936.0,1182.0,1187.3003201013796,0.6111685625646329,0.6245467088822688
2623,2754.0,2.219341,3936.0,1182.0,1186.352594320103,0.6111685625646329,0.6240481837765326
2624,2743.0,2.210476,3936.0,1193.0,1185.4137316778417,0.6168562564632886,0.6235543208815351
2625,2742.0,2.20967,3936.0,1194.0,1184.6001573926228,0.6173733195449845,0.6231263624840999
2626,2774.0,2.235458,3936.0,1162.0,1183.7898860864473,0.6008273009307136,0.6227001415280318
2627,2758.0,2.222564,3936.0,1178.0,1182.973870734131,0.609100310237849,0.6222708990743255
2628,2774.0,2.235458,3936.0,1162.0,1182.1629318601592,0.6008273009307136,0.6218443269625615
2629,2759.0,2.22337,3936.0,1177.0,1181.2864109864647,0.6085832471561531,0.6213832572418982
2630,2758.0,2.222564,3936.0,1178.0,1180.4024553596785,0.609100310237849,0.6209182766736624
2631,2758.0,2.222564,3936.0,1178.0,1179.4499459235294,0.609100310237849,0.6204172352577253
2632,2758.0,2.222564,3936.0,1178.0,1178.4972273277574,0.609100310237849,0.6199160838191158
2633,2758.0,2.222564,3936.0,1178.0,1177.5453802304137,0.609100310237849,0.6194153908083075
2634,2758.0,2.222564,3936.0,1178.0,1176.5954852895493,0.609100310237849,0.618915724675774
2635,2758.0,2.222564,3936.0,1178.0,1175.6294048798752,0.609100310237849,0.6184075446221159
2636,2774.0,2.235458,3936.0,1162.0,1174.5865994915748,0.6008273009307136,0.6178590055016917
2637,2758.0,2.222564,3936.0,1178.0,1173.5641540495549,0.609100310237849,0.61732117617156
2638,2758.0,2.222564,3936.0,1178.0,1172.5014767540936,0.609100310237849,0.6167621839804119
2639,2758.0,2.222564,3936.0,1178.0,1171.4379802501098,0.609100310237849,0.6162027608671308
2640,2774.0,2.235458,3936.0,1162.0,1170.374640615843,0.6008273009307136,0.6156434202708537
2641,2774.0,2.235458,3936.0,1162.0,1169.3535024214652,0.6008273009307136,0.6151062785824238
2642,2770.0,2.232234,3936.0,1166.0,1168.337140038475,0.6028955532574974,0.6145716490783452
2643,2774.0,2.235458,3936.0,1162.0,1167.408701388914,0.6008273009307136,0.6140832694382783
2644,2774.0,2.235458,3936.0,1162.0,1166.4102570136083,0.6008273009307136,0.613558065209793
2645,2774.0,2.235458,3936.0,1162.0,1165.4196909840944,0.6008273009307136,0.6130370051686311
2646,2774.0,2.235458,3936.0,1162.0,1164.3969457466153,0.6008273009307136,0.6124990181393359
2647,2774.0,2.235458,3936.0,1162.0,1163.3814339460907,0.6008273009307136,0.6119648360607911
2648,2774.0,2.235458,3936.0,1162.0,1162.3741316607607,0.6008273009307136,0.6114349723721342
2649,2786.0,2.245128,3936.0,1150.0,1161.4144515355435,0.594622543950362,0.6109301590122481
2650,2774.0,2.235458,3936.0,1162.0,1160.4623360166838,0.6008273009307136,0.610429324805677
2651,2774.0,2.235458,3936.0,1162.0,1159.4777275504252,0.6008273009307136,0.6099113985769644
2652,2786.0,2.245128,3936.0,1150.0,1158.5000387816867,0.594622543950362,0.6093971122649935
2653,2790.0,2.248352,3936.0,1146.0,1157.5302457887087,0.5925542916235781,0.6088869793089022
2654,2790.0,2.248352,3936.0,1146.0,1156.6103931416628,0.5925542916235781,0.6084031160995331
2655,2786.0,2.245128,3936.0,1150.0,1155.7030552120468,0.594622543950362,0.6079258359133901
2656,2790.0,2.248352,3936.0,1146.0,1154.8092429380372,0.5925542916235781,0.6074556705267222
2657,2774.0,2.235458,3936.0,1162.0,1153.888898765878,0.6008273009307136,0.6069715487640733
2658,2774.0,2.235458,3936.0,1162.0,1152.9814353404881,0.6008273009307136,0.6064942025643268
2659,2786.0,2.245128,3936.0,1150.0,1152.0878287401076,0.594622543950362,0.6060241453666202
2660,2786.0,2.245128,3936.0,1150.0,1151.2859281763353,0.594622543950362,0.6056023276095829
2661,2790.0,2.248352,3936.0,1146.0,1150.4946424634193,0.5925542916235781,0.6051860935031648
2662,2790.0,2.248352,3936.0,1146.0,1149.6381442661136,0.5925542916235781,0.6047355561612351
2663,2798.0,2.254799,3936.0,1138.0,1148.8764197798837,0.5884177869700103,0.6043348719258351
2664,2790.0,2.248352,3936.0,1146.0,1148.1283778189777,0.5925542916235781,0.6039413850069149
2665,2774.0,2.235458,3936.0,1162.0,1147.3950641815086,0.6008273009307136,0.6035556455178354
2666,2790.0,2.248352,3936.0,1146.0,1146.6775246655914,0.5925542916235781,0.6031782035719587
2667,2786.0,2.245128,3936.0,1150.0,1145.976805069339,0.594622543950362,0.6028096092826458
2668,2790.0,2.248352,3936.0,1146.0,1145.2939511908658,0.5925542916235781,0.6024504127632584
2669,2798.0,2.254799,3936.0,1138.0,1144.5041714272336,0.5884177869700103,0.6020349708200808
2670,2798.0,2.254799,3936.0,1138.0,1143.7210847715305,0.5884177869700103,0.6016230496024169
2671,2790.0,2.248352,3936.0,1146.0,1142.9840690087383,0.5925542916235781,0.6012353627120377
2672,2798.0,2.254799,3936.0,1138.0,1142.2145951584844,0.5884177869700103,0.6008306021366292
2673,2790.0,2.248352,3936.0,1146.0,1141.454672931004,0.5925542916235781,0.6004308659299222
2674,2790.0,2.248352,3936.0,1146.0,1140.7052435445996,0.5925542916235781,0.6000366491939421
2675,2790.0,2.248352,3936.0,1146.0,1139.9672482175745,0.5925542916235781,0.5996484470307145
2676,2802.0,2.258022,3936.0,1134.0,1139.2416281682301,0.5863495346432265,0.5992667545422645
2677,2786.0,2.245128,3936.0,1150.0,1138.5293246148697,0.594622543950362,0.5988920668306176
2678,2806.0,2.261245,3936.0,1130.0,1137.8312787757952,0.5842812823164426,0.5985248789977989
2679,2806.0,2.261245,3936.0,1130.0,1137.1868684359893,0.5842812823164426,0.5981859046455802
2680,2798.0,2.254799,3936.0,1138.0,1136.5175646150788,0.5884177869700103,0.5978338357616467
2681,2798.0,2.254799,3936.0,1138.0,1135.9038135899789,0.5884177869700103,0.5975109888994757
2682,2798.0,2.254799,3936.0,1138.0,1135.305522946996,0.5884177869700103,0.5971962745464988
2683,2798.0,2.254799,3936.0,1138.0,1134.7236687643701,0.5884177869700103,0.5968902061418535
2684,2818.0,2.270916,3936.0,1118.0,1134.1592271203403,0.578076525336091,0.5965932971246768
2685,2798.0,2.254799,3936.0,1138.0,1133.6131740931473,0.5884177869700103,0.5963060609341067
2686,2806.0,2.261245,3936.0,1130.0,1133.0864857610295,0.5842812823164426,0.5960290110092799
2687,2791.0,2.249158,3936.0,1145.0,1132.5698710792444,0.5920372285418821,0.5957572600514079
2688,2798.0,2.254799,3936.0,1138.0,1131.9609681999004,0.5884177869700103,0.5954369634230952
2689,2798.0,2.254799,3936.0,1138.0,1131.481658879835,0.5884177869700103,0.5951848359256834
2690,2816.0,2.269304,3936.0,1120.0,1130.9686452295552,0.5791106514994829,0.5949149791914861
2691,2816.0,2.269304,3936.0,1120.0,1130.461305034043,0.5791106514994829,0.5946481068222748
2692,2816.0,2.269304,3936.0,1120.0,1129.9605795116015,0.5791106514994829,0.594384713920075
2693,2806.0,2.261245,3936.0,1130.0,1129.467409880533,0.5842812823164426,0.5941252955869121
2694,2798.0,2.254799,3936.0,1138.0,1128.9827373591397,0.5884177869700103,0.5938703469248111
2695,2806.0,2.261245,3936.0,1130.0,1128.5075031657248,0.5842812823164426,0.5936203630357978
2696,2806.0,2.261245,3936.0,1130.0,1128.0810850852695,0.5842812823164426,0.5933960575216433
2697,2806.0,2.261245,3936.0,1130.0,1127.6633907040814,0.5842812823164426,0.5931763408697793
2698,2818.0,2.270916,3936.0,1118.0,1127.2451289774165,0.578076525336091,0.5929563257814168
2699,2802.0,2.258022,3936.0,1134.0,1126.7239380573842,0.5863495346432265,0.5926821676191604
2700,2818.0,2.270916,3936.0,1118.0,1126.206390000782,0.578076525336091,0.5924099256851131
2701,2818.0,2.270916,3936.0,1118.0,1125.6933563060384,0.578076525336091,0.5921400584070764
2702,2802.0,2.258022,3936.0,1134.0,1125.1446399796482,0.5863495346432265,0.5918514212611454
2703,2822.0,2.274139,3936.0,1114.0,1124.5995142267825,0.5760082730093071,0.5915646728377557
2704,2822.0,2.274139,3936.0,1114.0,1124.0588156859321,0.5760082730093071,0.5912802532275961
2705,2818.0,2.270916,3936.0,1118.0,1123.5233809955887,0.578076525336091,0.5909986025213563
2706,2822.0,2.274139,3936.0,1114.0,1122.9940467942429,0.5760082730093071,0.590720160809725
2707,2816.0,2.269304,3936.0,1120.0,1122.4812588620557,0.5791106514994829,0.5904504228083282
2708,2822.0,2.274139,3936.0,1114.0,1121.97559542952,0.5760082730093071,0.5901844324542066
2709,2816.0,2.269304,3936.0,1120.0,1121.4682927084402,0.5791106514994829,0.5899175797973908
2710,2806.0,2.261245,3936.0,1130.0,1120.9704544602916,0.5842812823164426,0.5896557056664966
2711,2802.0,2.258022,3936.0,1134.0,1120.482917323565,0.5863495346432265,0.5893992501522132
2712,2822.0,2.274139,3936.0,1114.0,1120.0065179367512,0.5760082730093071,0.5891486533452295
2713,2818.0,2.270916,3936.0,1118.0,1119.5420929383417,0.578076525336091,0.588904355336235
2714,2806.0,2.261245,3936.0,1130.0,1119.0904789668275,0.5842812823164426,0.5886667962159188
2715,2822.0,2.274139,3936.0,1114.0,1118.6061803182602,0.5760082730093071,0.5884120442193447
2716,2822.0,2.274139,3936.0,1114.0,1118.0821029954336,0.5760082730093071,0.5881363677442106
2717,2818.0,2.270916,3936.0,1118.0,1117.5574504836445,0.578076525336091,0.5878603887067277
2718,2816.0,2.269304,3936.0,1120.0,1117.071426268189,0.5791106514994829,0.5876047290231071
2719,2806.0,2.261245,3936.0,1130.0,1116.5837636356887,0.5842812823164426,0.5873482074952202
2720,2818.0,2.270916,3936.0,1118.0,1116.0952643646972,0.578076525336091,0.5870912458766442
2721,2816.0,2.269304,3936.0,1120.0,1115.568293667089,0.5791106514994829,0.5868140474212099
2722,2822.0,2.274139,3936.0,1114.0,1115.044686953414,0.5760082730093071,0.5865386184970887
2723,2818.0,2.270916,3936.0,1118.0,1114.5252111422883,0.578076525336091,0.586265362520745
2724,2823.0,2.274945,3936.0,1113.0,1114.0106331523295,0.5754912099276112,0.5859946829086443
2725,2822.0,2.274139,3936.0,1114.0,1113.434455910465,0.5760082730093071,0.5856916007026961
2726,2822.0,2.274139,3936.0,1114.0,1112.936519182994,0.5760082730093071,0.5854296747694604
2727,2818.0,2.270916,3936.0,1118.0,1112.3225145518513,0.578076525336091,0.5851066945047992
2728,2822.0,2.274139,3936.0,1114.0,1111.7084140558816,0.5760082730093071,0.58478366381308
2729,2830.0,2.280586,3936.0,1106.0,1111.0948800338904,0.5718717683557394,0.5844609310994315
2730,2822.0,2.274139,3936.0,1114.0,1110.4825748246826,0.5760082730093071,0.5841388447689827
2731,2822.0,2.274139,3936.0,1114.0,1109.8721607670643,0.5760082730093071,0.5838177532268627
2732,2830.0,2.280586,3936.0,1106.0,1109.2643001998408,0.5718717683557394,0.5834980048782004
2733,2822.0,2.274139,3936.0,1114.0,1108.6596554618177,0.5760082730093071,0.5831799481281246
2734,2822.0,2.274139,3936.0,1114.0,1108.1357620251595,0.5760082730093071,0.5829043683812565
2735,2822.0,2.274139,3936.0,1114.0,1107.61121496468,0.5760082730093071,0.5826284448135375
2736,2830.0,2.280586,3936.0,1106.0,1107.0456778471264,0.5718717683557394,0.5823309595526148
2737,2830.0,2.280586,3936.0,1106.0,1106.5193529298533,0.5718717683557394,0.5820541007921813
2738,2834.0,2.28381,3936.0,1102.0,1105.9534672129282,0.5698035160289555,0.5817564321601381
2739,2830.0,2.280586,3936.0,1106.0,1105.3871544617732,0.5718717683557394,0.5814585388984722
2740,2822.0,2.274139,3936.0,1114.0,1104.8211118751312,0.5760082730093071,0.5811607877494249
2741,2818.0,2.270916,3936.0,1118.0,1104.2560366517444,0.578076525336091,0.5808635454552368
2742,2838.0,2.287033,3936.0,1098.0,1103.6926259903555,0.5677352637021716,0.5805671787581491
2743,2822.0,2.274139,3936.0,1114.0,1103.131577089707,0.5760082730093071,0.5802720544004026
2744,2838.0,2.287033,3936.0,1098.0,1102.573587148542,0.5677352637021716,0.5799785391242388
2745,2850.0,2.296703,3936.0,1086.0,1102.0193533656027,0.56153050672182,0.5796869996718983
2746,2822.0,2.274139,3936.0,1114.0,1101.4695729396315,0.5760082730093071,0.5793978027856219
2747,2838.0,2.287033,3936.0,1098.0,1100.9249430693715,0.5677352637021716,0.5791113152076511
2748,2834.0,2.28381,3936.0,1102.0,1100.386160953565,0.5698035160289555,0.5788279036802265
2749,2822.0,2.274139,3936.0,1114.0,1099.8539237909547,0.5760082730093071,0.5785479349455894
2750,2838.0,2.287033,3936.0,1098.0,1099.4058019136426,0.5677352637021716,0.5783122127454728
2751,2834.0,2.28381,3936.0,1102.0,1098.9604252563797,0.5698035160289555,0.5780779345929302
2752,2830.0,2.280586,3936.0,1106.0,1098.4364237539162,0.5718717683557394,0.5778022980010148
2753,2834.0,2.28381,3936.0,1102.0,1097.9498043050344,0.5698035160289555,0.577546325211206
2754,2838.0,2.287033,3936.0,1098.0,1097.4602304764805,0.5677352637021716,0.5772887983511508
2755,2838.0,2.287033,3936.0,1098.0,1096.968434326935,0.5677352637021716,0.5770301025002026
2756,2838.0,2.287033,3936.0,1098.0,1096.4751479150768,0.5677352637021716,0.5767706227377142
2757,2830.0,2.280586,3936.0,1106.0,1095.9811032995863,0.5718717683557394,0.5765107441430387
2758,2838.0,2.287033,3936.0,1098.0,1095.487032539143,0.5677352637021716,0.5762508517955294
2759,2822.0,2.274139,3936.0,1114.0,1094.9936676924265,0.5760082730093071,0.5759913307745389
2760,2838.0,2.287033,3936.0,1098.0,1094.5017408181163,0.5677352637021716,0.5757325661594204
2761,2838.0,2.287033,3936.0,1098.0,1094.0119839748932,0.5677352637021716,0.5754749430295273
2762,2838.0,2.287033,3936.0,1098.0,1093.563565788115,0.5677352637021716,0.575239064963958
2763,2850.0,2.296703,3936.0,1086.0,1093.116184684467,0.56153050672182,0.5750037324274726
2764,2854.0,2.299927,3936.0,1082.0,1092.5884705986994,0.5594622543950362,0.5747261429331239
2765,2850.0,2.296703,3936.0,1086.0,1092.0579938629141,0.56153050672182,0.5744471002226452
2766,2838.0,2.287033,3936.0,1098.0,1091.5254516758537,0.5677352637021716,0.5741669710382774
2767,2850.0,2.296703,3936.0,1086.0,1090.914668102902,0.56153050672182,0.5738456851227697
2768,2854.0,2.299927,3936.0,1082.0,1090.3468441734724,0.5594622543950362,0.5735469969472965
2769,2838.0,2.287033,3936.0,1098.0,1089.7815737344376,0.5677352637021716,0.573249651965281
2770,2855.0,2.300733,3936.0,1081.0,1089.2195191246035,0.5589451913133402,0.5729539985818523
2771,2850.0,2.296703,3936.0,1086.0,1088.6613426827744,0.56153050672182,0.5726603852021386
2772,2854.0,2.299927,3936.0,1082.0,1088.1077067477568,0.5594622543950362,0.5723691602312697
2773,2854.0,2.299927,3936.0,1082.0,1087.5592736583562,0.5594622543950362,0.5720806720743744
2774,2850.0,2.296703,3936.0,1086.0,1087.0167057533772,0.56153050672182,0.5717952691365812
2775,2854.0,2.299927,3936.0,1082.0,1086.4806653716262,0.5594622543950362,0.5715132998230195
2776,2854.0,2.299927,3936.0,1082.0,1085.8286093761092,0.5594622543950362,0.5711703036837004
2777,2854.0,2.299927,3936.0,1082.0,1085.1764052258593,0.5594622543950362,0.570827229611655
2778,2854.0,2.299927,3936.0,1082.0,1084.5246106798706,0.5594622543950362,0.5704843710006762
2779,2862.0,2.306374,3936.0,1074.0,1083.9122200638171,0.5553257497414684,0.570162239744303
2780,2855.0,2.300733,3936.0,1081.0,1083.260320938017,0.5589451913133402,0.569819326121988
2781,2862.0,2.306374,3936.0,1074.0,1082.610539553398,0.5553257497414684,0.5694775264792302
2782,2862.0,2.306374,3936.0,1074.0,1081.9634336689535,0.5553257497414684,0.5691371342098223
2783,2854.0,2.299927,3936.0,1082.0,1081.3579976103572,0.5594622543950362,0.5688186612073028
2784,2850.0,2.296703,3936.0,1086.0,1080.7537555046079,0.56153050672182,0.5685008162508712
2785,2854.0,2.299927,3936.0,1082.0,1080.1512999706363,0.5594622543950362,0.5681839110714321
2786,2870.0,2.312821,3936.0,1066.0,1079.5717578733404,0.5511892450879007,0.5678790588757434
2787,2854.0,2.299927,3936.0,1082.0,1078.9965209782802,0.5594622543950362,0.5675764713133928
2788,2854.0,2.299927,3936.0,1082.0,1078.4056650883888,0.5594622543950362,0.5672656678079884
2789,2854.0,2.299927,3936.0,1082.0,1077.819001105937,0.5594622543950362,0.5669570693403078
2790,2862.0,2.306374,3936.0,1074.0,1077.2371216498568,0.5553257497414684,0.5666509876412561
2791,2866.0,2.309597,3936.0,1070.0,1076.6606193390787,0.5532574974146846,0.5663477344417381
2792,2854.0,2.299927,3936.0,1082.0,1076.090086792534,0.5594622543950362,0.5660476214726586
2793,2866.0,2.309597,3936.0,1070.0,1075.5261166291543,0.5532574974146846,0.5657509604649226
2794,2870.0,2.312821,3936.0,1066.0,1074.9789106095402,0.5511892450879007,0.5654631177743711
2795,2866.0,2.309597,3936.0,1070.0,1074.4291938029546,0.5532574974146846,0.5651739543533245
2796,2854.0,2.299927,3936.0,1082.0,1073.8878259513117,0.5594622543950362,0.5648891826706137
2797,2870.0,2.312821,3936.0,1066.0,1073.3553996735425,0.5511892450879007,0.5646091144571437
2798,2862.0,2.306374,3936.0,1074.0,1072.8325075885782,0.5553257497414684,0.5643340614438193
2799,2862.0,2.306374,3936.0,1074.0,1072.3197423153504,0.5553257497414684,0.5640643353615452
2800,2854.0,2.299927,3936.0,1082.0,1071.776627980857,0.5594622543950362,0.5637786449895207
2801,2854.0,2.299927,3936.0,1082.0,1071.242158910772,0.5594622543950362,0.5634975022212846
2802,2855.0,2.300733,3936.0,1081.0,1070.7168928640892,0.5589451913133402,0.5632212004506295
2803,2870.0,2.312821,3936.0,1066.0,1070.201387599803,0.5511892450879007,0.5629500330713484
2804,2854.0,2.299927,3936.0,1082.0,1069.6962008769074,0.5594622543950362,0.5626842934772341
2805,2882.0,2.322491,3936.0,1054.0,1069.2787635877557,0.5449844881075491,0.5624647120615717
2806,2862.0,2.306374,3936.0,1074.0,1068.8675662273502,0.5553257497414684,0.562248412988966
2807,2870.0,2.312821,3936.0,1066.0,1068.4632362745594,0.5511892450879007,0.5620357263274343
2808,2862.0,2.306374,3936.0,1074.0,1068.0664012082514,0.5553257497414684,0.5618269821449929
2809,2870.0,2.312821,3936.0,1066.0,1067.754561640654,0.5511892450879007,0.5616629475091516
2810,2854.0,2.299927,3936.0,1082.0,1067.4462777866436,0.5594622543950362,0.5615007832587391
2811,2862.0,2.306374,3936.0,1074.0,1067.0601098610978,0.5553257497414684,0.5612976502325854
2812,2870.0,2.312821,3936.0,1066.0,1066.6735584762432,0.5511892450879007,0.5610943154981989
2813,2870.0,2.312821,3936.0,1066.0,1066.3693880948144,0.5511892450879007,0.5609343150270084
2814,2870.0,2.312821,3936.0,1066.0,1065.989285798329,0.5511892450879007,0.5607343726583512
2815,2870.0,2.312821,3936.0,1066.0,1065.6107521990145,0.5511892450879007,0.5605352554597363
2816,2870.0,2.312821,3936.0,1066.0,1065.234414775739,0.5511892450879007,0.5603372934991803
2817,2854.0,2.299927,3936.0,1082.0,1064.860901007371,0.5594622543950362,0.5601408168447004
2818,2862.0,2.306374,3936.0,1074.0,1064.490838372779,0.5553257497414684,0.5599461555643135
2819,2870.0,2.312821,3936.0,1066.0,1064.1248543508311,0.5511892450879007,0.5597536397260363
2820,2870.0,2.312821,3936.0,1066.0,1063.7225079284628,0.5511892450879007,0.55954199644618
2821,2862.0,2.306374,3936.0,1074.0,1063.3228282912853,0.5553257497414684,0.5593317559553956
2822,2866.0,2.309597,3936.0,1070.0,1062.8469029996165,0.5532574974146846,0.5590814085331359
2823,2878.0,2.319267,3936.0,1058.0,1062.4158285030594,0.5470527404343329,0.5588546536392395
2824,2870.0,2.312821,3936.0,1066.0,1061.9917259939284,0.5511892450879007,0.558631566167753
2825,2870.0,2.312821,3936.0,1066.0,1061.613589797897,0.5511892450879007,0.5584326580122153
2826,2886.0,2.325714,3936.0,1050.0,1061.2409440419635,0.5429162357807652,0.5582366379518254
2827,2882.0,2.322491,3936.0,1054.0,1060.8743813450592,0.5449844881075491,0.5580438177174882
2828,2882.0,2.322491,3936.0,1054.0,1060.5144943261155,0.5449844881075491,0.5578545090401086
2829,2882.0,2.322491,3936.0,1054.0,1060.1618756040632,0.5449844881075491,0.5576690236505913
2830,2878.0,2.319267,3936.0,1058.0,1059.7760493059013,0.5470527404343329,0.5574660703281357
2831,2870.0,2.312821,3936.0,1066.0,1059.4370782492354,0.5511892450879007,0.5572877639179858
2832,2882.0,2.322491,3936.0,1054.0,1059.0276134277053,0.5449844881075491,0.5570723761998491
2833,2886.0,2.325714,3936.0,1050.0,1058.6276827989802,0.5429162357807652,0.5568620036818579
2834,2886.0,2.325714,3936.0,1050.0,1058.2378092621173,0.5429162357807652,0.5566569214206931
2835,2882.0,2.322491,3936.0,1054.0,1057.858515716173,0.5449844881075491,0.5564574044730354
2836,2886.0,2.325714,3936.0,1050.0,1057.4903250602051,0.5429162357807652,0.5562637278955656
2837,2886.0,2.325714,3936.0,1050.0,1057.1337601932694,0.5429162357807652,0.5560761667449641
2838,2870.0,2.312821,3936.0,1066.0,1056.7893440144242,0.5511892450879007,0.5558949960779123
2839,2871.0,2.313626,3936.0,1065.0,1056.4960359894053,0.5506721820062047,0.5557407094508365
2840,2878.0,2.319267,3936.0,1058.0,1056.0901199094747,0.5470527404343329,0.5555271884507063
2841,2886.0,2.325714,3936.0,1050.0,1055.6873586538545,0.5429162357807652,0.5553153269592166
2842,2886.0,2.325714,3936.0,1050.0,1055.2882054017277,0.5429162357807652,0.5551053633588243
2843,2886.0,2.325714,3936.0,1050.0,1054.893113332276,0.5429162357807652,0.5548975360319854
2844,2870.0,2.312821,3936.0,1066.0,1054.6178453247219,0.5511892450879007,0.5547527388603956
2845,2886.0,2.325714,3936.0,1050.0,1054.3397536622604,0.5429162357807652,0.5546064563827297
2846,2870.0,2.312821,3936.0,1066.0,1054.059396103885,0.5511892450879007,0.5544589819927803
2847,2882.0,2.322491,3936.0,1054.0,1053.7362619166577,0.5449844881075491,0.5542890061326349
2848,2882.0,2.322491,3936.0,1054.0,1053.4093105663146,0.5449844881075491,0.55411702235872
2849,2882.0,2.322491,3936.0,1054.0,1053.0790649519126,0.5449844881075491,0.5539433057277163
2850,2886.0,2.325714,3936.0,1050.0,1052.6307382724697,0.5429162357807652,0.5537074757970664
2851,2886.0,2.325714,3936.0,1050.0,1052.1879543230305,0.5429162357807652,0.5534745614672323
2852,2886.0,2.325714,3936.0,1050.0,1051.7511314228404,0.5429162357807652,0.5532447827835588
2853,2882.0,2.322491,3936.0,1054.0,1051.3206878911453,0.5449844881075491,0.5530183597913904
2854,2886.0,2.325714,3936.0,1050.0,1050.8970420471906,0.5429162357807652,0.5527955125360716
2855,2882.0,2.322491,3936.0,1054.0,1050.5959219102606,0.5449844881075491,0.5526371165621855
2856,2882.0,2.322491,3936.0,1054.0,1050.294644903614,0.5449844881075491,0.5524786380712954
2857,2882.0,2.322491,3936.0,1054.0,1049.9937339263067,0.5449844881075491,0.5523203521200816
2858,2898.0,2.335385,3936.0,1038.0,1049.6834447544134,0.5367114788004137,0.5521571330272986
2859,2882.0,2.322491,3936.0,1054.0,1049.3739007136762,0.5449844881075491,0.5519943058902858
2860,2886.0,2.325714,3936.0,1050.0,1049.1143196778305,0.5429162357807652,0.5518577604191182
2861,2898.0,2.335385,3936.0,1038.0,1048.8545817722677,0.5367114788004137,0.5517211324309463
2862,2886.0,2.325714,3936.0,1050.0,1048.5568081893025,0.5429162357807652,0.5515644968198171
2863,2886.0,2.325714,3936.0,1050.0,1048.3010268866042,0.5429162357807652,0.5514299500938631
2864,2886.0,2.325714,3936.0,1050.0,1048.0467271312336,0.5429162357807652,0.551296182695171
2865,2894.0,2.332161,3936.0,1042.0,1047.756030115506,0.5387797311271976,0.551143269517788
2866,2886.0,2.325714,3936.0,1050.0,1047.3883902465445,0.5429162357807652,0.5509498826666885
2867,2882.0,2.322491,3936.0,1054.0,1047.059570403571,0.5449844881075491,0.5507769160235675
2868,2887.0,2.32652,3936.0,1049.0,1046.7289901337724,0.5423991726990692,0.5506030233562882
2869,2894.0,2.332161,3936.0,1042.0,1046.356068984336,0.5387797311271976,0.5504068584327133
2870,2894.0,2.332161,3936.0,1042.0,1045.9796967011232,0.5387797311271976,0.5502088781350453
2871,2886.0,2.325714,3936.0,1050.0,1045.6003264633175,0.5429162357807652,0.5500093208457411
2872,2886.0,2.325714,3936.0,1050.0,1045.259479942034,0.5429162357807652,0.549830027898963
2873,2894.0,2.332161,3936.0,1042.0,1044.9192086097137,0.5387797311271976,0.5496510375145339
2874,2886.0,2.325714,3936.0,1050.0,1044.5800005054755,0.5429162357807652,0.5494726064120222
2875,2886.0,2.325714,3936.0,1050.0,1044.2423436684396,0.5429162357807652,0.5492949913109968
2876,2886.0,2.325714,3936.0,1050.0,1043.9785959986086,0.5429162357807652,0.5491562540965116
2877,2898.0,2.335385,3936.0,1038.0,1043.65017268742,0.5367114788004137,0.5489834960380403
2878,2886.0,2.325714,3936.0,1050.0,1043.324825765683,0.5429162357807652,0.5488123562297073
2879,2886.0,2.325714,3936.0,1050.0,1043.0030432725177,0.5429162357807652,0.5486430913910815
2880,2886.0,2.325714,3936.0,1050.0,1042.685313247044,0.5429162357807652,0.5484759582417316
2881,2902.0,2.338608,3936.0,1034.0,1042.372123728381,0.5346432264736298,0.5483112135012259
2882,2902.0,2.338608,3936.0,1034.0,1042.0639627556495,0.5346432264736298,0.5481491138891337
2883,2894.0,2.332161,3936.0,1042.0,1041.7613183679684,0.5387797311271976,0.5479899161250231
2884,2894.0,2.332161,3936.0,1042.0,1041.4646786044584,0.5387797311271976,0.5478338769284633
2885,2902.0,2.338608,3936.0,1034.0,1041.0923945203729,0.5346432264736298,0.547638047115611
2886,2902.0,2.338608,3936.0,1034.0,1040.7217575683164,0.5346432264736298,0.547443083731303
2887,2894.0,2.332161,3936.0,1042.0,1040.353186067535,0.5387797311271976,0.547249206820884
2888,2902.0,2.338608,3936.0,1034.0,1039.9870983372746,0.5346432264736298,0.5470566364296987
2889,2902.0,2.338608,3936.0,1034.0,1039.6239126967796,0.5346432264736298,0.5468655926030912
2890,2902.0,2.338608,3936.0,1034.0,1039.2640474652967,0.5346432264736298,0.5466762953864067
2891,2914.0,2.348278,3936.0,1022.0,1038.9079209620709,0.5284384694932782,0.5464889648249894
2892,2902.0,2.338608,3936.0,1034.0,1038.5559515063476,0.5346432264736298,0.5463038209641841
2893,2902.0,2.338608,3936.0,1034.0,1038.208557417373,0.5346432264736298,0.5461210838493353
2894,2882.0,2.322491,3936.0,1054.0,1037.8661570143922,0.5449844881075491,0.5459409735257879
2895,2898.0,2.335385,3936.0,1038.0,1037.5291686166508,0.5367114788004137,0.5457637100388859
2896,2902.0,2.338608,3936.0,1034.0,1037.1980105433943,0.5346432264736298,0.5455895134339743
2897,2894.0,2.332161,3936.0,1042.0,1036.8731011138686,0.5387797311271976,0.5454186037563977
2898,2898.0,2.335385,3936.0,1038.0,1036.5548586473187,0.5367114788004137,0.5452512010515005
2899,2902.0,2.338608,3936.0,1034.0,1036.2437014629907,0.5346432264736298,0.5450875253646275
2900,2902.0,2.338608,3936.0,1034.0,1035.94004788013,0.5346432264736298,0.5449277967411231
2901,2894.0,2.332161,3936.0,1042.0,1035.562179234116,0.5387797311271976,0.5447290293229204
2902,2902.0,2.338608,3936.0,1034.0,1035.1969263993494,0.5346432264736298,0.5445368981055686
2903,2886.0,2.325714,3936.0,1050.0,1034.9016435588921,0.5429162357807652,0.5443815726810953
2904,2902.0,2.338608,3936.0,1034.0,1034.563810679174,0.5346432264736298,0.544203864977654
2905,2902.0,2.338608,3936.0,1034.0,1034.2222477861826,0.5346432264736298,0.5440241952032234
2906,2914.0,2.348278,3936.0,1022.0,1033.8773383392263,0.5284384694932782,0.5438427650660358
2907,2902.0,2.338608,3936.0,1034.0,1033.5294657976146,0.5346432264736298,0.5436597762743243
2908,2898.0,2.335385,3936.0,1038.0,1033.1021404872956,0.5367114788004137,0.5434349935368287
2909,2898.0,2.335385,3936.0,1038.0,1032.7546862649292,0.5367114788004137,0.5432522247904615
2910,2886.0,2.325714,3936.0,1050.0,1032.405349605958,0.5429162357807652,0.5430684658400439
2911,2898.0,2.335385,3936.0,1038.0,1032.05451396969,0.5367114788004137,0.542883918393808
2912,2886.0,2.325714,3936.0,1050.0,1031.702562815434,0.5429162357807652,0.5426987841599865
2913,2918.0,2.351502,3936.0,1018.0,1031.2319379772057,0.5263702171664943,0.5424512248956138
2914,2902.0,2.338608,3936.0,1034.0,1030.8403650184077,0.5346432264736298,0.5422452487002367
2915,2902.0,2.338608,3936.0,1034.0,1030.446055554545,0.5346432264736298,0.5420378330415635
2916,2898.0,2.335385,3936.0,1038.0,1030.0877947516683,0.5367114788004137,0.5418493797904611
2917,2914.0,2.348278,3936.0,1022.0,1029.7248975771531,0.5284384694932782,0.5416584877034558
2918,2902.0,2.338608,3936.0,1034.0,1029.4398844741743,0.5346432264736298,0.5415085643921924
2919,2902.0,2.338608,3936.0,1034.0,1029.115266996622,0.5346432264736298,0.5413378082879292
2920,2918.0,2.351502,3936.0,1018.0,1028.789900030421,0.5263702171664943,0.5411666579357567
2921,2918.0,2.351502,3936.0,1018.0,1028.4642018948175,0.5263702171664943,0.5409953333810199
2922,2914.0,2.348278,3936.0,1022.0,1028.1385909090573,0.5284384694932782,0.5408240546690635
2923,2918.0,2.351502,3936.0,1018.0,1027.813485392385,0.5263702171664943,0.5406530418452314
2924,2902.0,2.338608,3936.0,1034.0,1027.4893036640465,0.5346432264736298,0.5404825149548687
2925,2902.0,2.338608,3936.0,1034.0,1027.166464043288,0.5346432264736298,0.5403126940433202
2926,2918.0,2.351502,3936.0,1018.0,1026.8453848493543,0.5263702171664943,0.54014379915593
2927,2902.0,2.338608,3936.0,1034.0,1026.4880478348116,0.5346432264736298,0.5399558318382968
2928,2902.0,2.338608,3936.0,1034.0,1026.1359049509015,0.5346432264736298,0.5397705967503591
2929,2898.0,2.335385,3936.0,1038.0,1025.866212790291,0.5367114788004137,0.5396287325998415
2930,2902.0,2.338608,3936.0,1034.0,1025.5562190563649,0.5346432264736298,0.5394656689140831
2931,2914.0,2.348278,3936.0,1022.0,1025.2858471269806,0.5284384694932782,0.5393234471898806
2932,2918.0,2.351502,3936.0,1018.0,1025.0171136146416,0.5263702171664943,0.5391820873099444
2933,2914.0,2.348278,3936.0,1022.0,1024.673598565171,0.5284384694932782,0.539001390657239
2934,2918.0,2.351502,3936.0,1018.0,1024.3351904964898,0.5263702171664943,0.5388233803914487
2935,2918.0,2.351502,3936.0,1018.0,1023.9996409426535,0.5263702171664943,0.5386468737688468
2936,2902.0,2.338608,3936.0,1034.0,1023.7057699296498,0.5346432264736298,0.5384922909974115
2937,2914.0,2.348278,3936.0,1022.0,1023.3744907181119,0.5284384694932782,0.5383180306710355
2938,2918.0,2.351502,3936.0,1018.0,1023.047255259281,0.5263702171664943,0.5381458974496572
2939,2918.0,2.351502,3936.0,1018.0,1022.686010445786,0.5263702171664943,0.5379558745417633
2940,2914.0,2.348278,3936.0,1022.0,1022.3321733689315,0.5284384694932782,0.5377697482701802
2941,2902.0,2.338608,3936.0,1034.0,1021.986092628088,0.5346432264736298,0.5375877020060278
2942,2918.0,2.351502,3936.0,1018.0,1021.6865533893067,0.5263702171664943,0.537430137620173
2943,2918.0,2.351502,3936.0,1018.0,1021.3544340532842,0.5263702171664943,0.5372554353693968
2944,2914.0,2.348278,3936.0,1022.0,1021.0311517113239,0.5284384694932782,0.5370853815765251
2945,2914.0,2.348278,3936.0,1022.0,1020.7067878398141,0.5284384694932782,0.5369147588747519
2946,2918.0,2.351502,3936.0,1018.0,1020.4015585877951,0.5263702171664943,0.536754201413783
2947,2918.0,2.351502,3936.0,1018.0,1020.106203412968,0.5263702171664943,0.5365988379398021
2948,2918.0,2.351502,3936.0,1018.0,1019.8595074813845,0.5263702171664943,0.5364690703236762
2949,2902.0,2.338608,3936.0,1034.0,1019.6207857604186,0.5346432264736298,0.5363434973219312
2950,2918.0,2.351502,3936.0,1018.0,1019.3519851427006,0.5263702171664943,0.5362021021430543
2951,2934.0,2.364396,3936.0,1002.0,1019.0272587278449,0.5180972078593589,0.536031288735316
2952,2926.0,2.357949,3936.0,1010.0,1018.718763971215,0.5222337125129266,0.5358690135453757
2953,2902.0,2.338608,3936.0,1034.0,1018.494052458982,0.5346432264736298,0.5357508102289636
2954,2902.0,2.338608,3936.0,1034.0,1018.3200394963151,0.5346432264736298,0.5356592754914616
2955,2918.0,2.351502,3936.0,1018.0,1018.1944766172677,0.5263702171664943,0.5355932265891418
2956,2930.0,2.361172,3936.0,1006.0,1017.9177035319276,0.5201654601861427,0.5354476377127388
2957,2914.0,2.348278,3936.0,1022.0,1017.6490092370177,0.5284384694932782,0.5353062984620537
2958,2930.0,2.361172,3936.0,1006.0,1017.465545745394,0.5201654601861427,0.5352097925334746
2959,2918.0,2.351502,3936.0,1018.0,1017.2855246725622,0.5263702171664943,0.5351150973947105
2960,2918.0,2.351502,3936.0,1018.0,1017.0271576340275,0.5263702171664943,0.5349791905134703
2961,2918.0,2.351502,3936.0,1018.0,1016.7675966426453,0.5263702171664943,0.534842655586142
2962,2918.0,2.351502,3936.0,1018.0,1016.507120577914,0.5263702171664943,0.5347056393096226
2963,2918.0,2.351502,3936.0,1018.0,1016.1691351859706,0.5263702171664943,0.5345278513813161
2964,2914.0,2.348278,3936.0,1022.0,1015.835986610304,0.5284384694932782,0.5343526077273064
2965,2918.0,2.351502,3936.0,1018.0,1015.5078840105373,0.5263702171664943,0.5341800183702661
2966,2918.0,2.351502,3936.0,1018.0,1015.1850365462926,0.5263702171664943,0.5340101933328671
2967,2918.0,2.351502,3936.0,1018.0,1014.8676533771932,0.5263702171664943,0.533843242637782
2968,2918.0,2.351502,3936.0,1018.0,1014.5559436628614,0.5263702171664943,0.533679276307683
2969,2918.0,2.351502,3936.0,1018.0,1014.2885531296001,0.5263702171664943,0.5335386228649884
2970,2918.0,2.351502,3936.0,1018.0,1014.0630938717161,0.5263702171664943,0.533420026217523
2971,2914.0,2.348278,3936.0,1022.0,1013.8387762767729,0.5284384694932782,0.5333020301104774
2972,2914.0,2.348278,3936.0,1022.0,1013.6158792242677,0.5284384694932782,0.5331847812407475
2973,2918.0,2.351502,3936.0,1018.0,1013.4357500856306,0.5263702171664943,0.533090029256936
2974,2919.0,2.352308,3936.0,1017.0,1013.2602660336161,0.5258531540847984,0.5329977206933052
2975,2914.0,2.348278,3936.0,1022.0,1013.0513042409788,0.5284384694932782,0.5328878020841175
2976,2926.0,2.357949,3936.0,1010.0,1012.8091435872155,0.5222337125129266,0.532760420126269
2977,2930.0,2.361172,3936.0,1006.0,1012.572464658566,0.5201654601861427,0.5326359216792904
2978,2934.0,2.364396,3936.0,1002.0,1012.34151147459,0.5180972078593589,0.5325144351029659
2979,2918.0,2.351502,3936.0,1018.0,1012.1165280548474,0.5263702171664943,0.5323960887570799
2980,2918.0,2.351502,3936.0,1018.0,1011.8977584188984,0.5263702171664943,0.5322810110014168
2981,2930.0,2.361172,3936.0,1006.0,1011.6854465863031,0.5201654601861427,0.5321693301957611
2982,2926.0,2.357949,3936.0,1010.0,1011.4798365766206,0.5222337125129266,0.5320611746998968
2983,2926.0,2.357949,3936.0,1010.0,1011.3222409013443,0.5222337125129266,0.5319782758253142
2984,2918.0,2.351502,3936.0,1018.0,1011.1745018732919,0.5263702171664943,0.5319005617691639
2985,2934.0,2.364396,3936.0,1002.0,1011.0368983719596,0.5180972078593589,0.5318281792283419
2986,2918.0,2.351502,3936.0,1018.0,1010.948145843525,0.5263702171664943,0.5317814933994911
2987,2918.0,2.351502,3936.0,1018.0,1010.8674895354884,0.5263702171664943,0.5317390663649135
2988,2934.0,2.364396,3936.0,1002.0,1010.7952431872848,0.5180972078593589,0.5317010631586182
2989,2930.0,2.361172,3936.0,1006.0,1010.6932839716682,0.5201654601861427,0.5316474303148672
2990,2918.0,2.351502,3936.0,1018.0,1010.5618907681361,0.5263702171664943,0.531578314530557
2991,2926.0,2.357949,3936.0,1010.0,1010.4013075962476,0.5222337125129266,0.5314938441654717
2992,2918.0,2.351502,3936.0,1018.0,1010.2912486742389,0.5263702171664943,0.531435950693736
2993,2934.0,2.364396,3936.0,1002.0,1010.1908895297364,0.5180972078593589,0.531383159523428
2994,2934.0,2.364396,3936.0,1002.0,1010.1004741823007,0.5180972078593589,0.5313355990143322
2995,2930.0,2.361172,3936.0,1006.0,1009.8970411756922,0.5201654601861427,0.5312285886711156
2996,2930.0,2.361172,3936.0,1006.0,1009.6960396496985,0.5201654601861427,0.5311228573414644
2997,2934.0,2.364396,3936.0,1002.0,1009.5360456107476,0.5180972078593589,0.5310386968735727
2998,2930.0,2.361172,3936.0,1006.0,1009.3761648665925,0.5201654601861427,0.5309545960012954
2999,2918.0,2.351502,3936.0,1018.0,1009.2165717169187,0.5263702171664943,0.5308706464101924
3000,2934.0,2.364396,3936.0,1002.0,1009.0574404614122,0.5180972078593589,0.5307869397858243
3001,2918.0,2.351502,3936.0,1018.0,1009.0221508755569,0.5263702171664943,0.5307683766688684
3002,2934.0,2.364396,3936.0,1002.0,1008.9956721388114,0.5180972078593589,0.5307544482569833
3003,2934.0,2.364396,3936.0,1002.0,1008.9782831306723,0.5180972078593589,0.5307453012470649
3004,2926.0,2.357949,3936.0,1010.0,1008.9702627306369,0.5222337125129266,0.53074108233601
3005,2918.0,2.351502,3936.0,1018.0,1008.9718898182027,0.5263702171664943,0.530741938220715
3006,2926.0,2.357949,3936.0,1010.0,1008.8602377970669,0.5222337125129266,0.5306832067429584
3007,2934.0,2.364396,3936.0,1002.0,1008.7507906669548,0.5180972078593589,0.5306256350875391
3008,2934.0,2.364396,3936.0,1002.0,1008.6437227275519,0.5180972078593589,0.5305693149400172
3009,2934.0,2.364396,3936.0,1002.0,1008.5392082785438,0.5180972078593589,0.530514337985953
3010,2934.0,2.364396,3936.0,1002.0,1008.4374216196161,0.5180972078593589,0.5304607959109067
3011,2926.0,2.357949,3936.0,1010.0,1008.2974685585214,0.5222337125129266,0.5303871774487325
3012,2918.0,2.351502,3936.0,1018.0,1008.1579251016881,0.5263702171664943,0.5303137744476251
3013,2930.0,2.361172,3936.0,1006.0,1008.0599991807974,0.5201654601861427,0.5302622632077382
3014,2918.0,2.351502,3936.0,1018.0,1007.9243600369227,0.5263702171664943,0.5301909139631804
3015,2934.0,2.364396,3936.0,1002.0,1007.7895836764917,0.5180972078593589,0.5301200185621455
3016,2918.0,2.351502,3936.0,1018.0,1007.6968780311863,0.5263702171664943,0.5300712533047881
3017,2930.0,2.361172,3936.0,1006.0,1007.6079808340126,0.5201654601861427,0.5300244913769222
3018,2926.0,2.357949,3936.0,1010.0,1007.4819978927226,0.5222337125129266,0.529958221512402
3019,2926.0,2.357949,3936.0,1010.0,1007.3575052137453,0.5222337125129266,0.5298927355594221
3020,2934.0,2.364396,3936.0,1002.0,1007.2346422368287,0.5180972078593589,0.5298281068664304
3021,2930.0,2.361172,3936.0,1006.0,1007.1135484017213,0.5201654601861427,0.5297644087818753
3022,2918.0,2.351502,3936.0,1018.0,1006.9943631481719,0.5263702171664943,0.5297017146542048
3023,2918.0,2.351502,3936.0,1018.0,1006.8772259159291,0.5263702171664943,0.5296400978318674
3024,2918.0,2.351502,3936.0,1018.0,1006.7622761447408,0.5263702171664943,0.5295796316633109
3025,2930.0,2.361172,3936.0,1006.0,1006.6496532743561,0.5201654601861427,0.5295203894969838
3026,2934.0,2.364396,3936.0,1002.0,1006.5394967445236,0.5180972078593589,0.5294624446813344
3027,2934.0,2.364396,3936.0,1002.0,1006.4319459949913,0.5180972078593589,0.5294058705648106
3028,2926.0,2.357949,3936.0,1010.0,1006.3271404655079,0.5222337125129266,0.5293507404958606
3029,2919.0,2.352308,3936.0,1017.0,1006.2252195958222,0.5258531540847984,0.5292971278229328
3030,2918.0,2.351502,3936.0,1018.0,1006.1263228256826,0.5263702171664943,0.5292451058944754
3031,2918.0,2.351502,3936.0,1018.0,1006.0305895948375,0.5263702171664943,0.5291947480589364
3032,2934.0,2.364396,3936.0,1002.0,1005.9381593430353,0.5180972078593589,0.5291461276647642
3033,2934.0,2.364396,3936.0,1002.0,1005.8491715100249,0.5180972078593589,0.5290993180604069
3034,2934.0,2.364396,3936.0,1002.0,1005.7637655355547,0.5180972078593589,0.5290543925943128
3035,2918.0,2.351502,3936.0,1018.0,1005.682080859373,0.5263702171664943,0.5290114246149299
3036,2934.0,2.364396,3936.0,1002.0,1005.6042569212286,0.5180972078593589,0.5289704874707066
3037,2934.0,2.364396,3936.0,1002.0,1005.5304331608695,0.5180972078593589,0.5289316545100908
3038,2934.0,2.364396,3936.0,1002.0,1005.4607490180451,0.5180972078593589,0.5288949990815313
3039,2919.0,2.352308,3936.0,1017.0,1005.395343932503,0.5258531540847984,0.5288605945334756
3040,2926.0,2.357949,3936.0,1010.0,1005.3343573439925,0.5222337125129266,0.5288285142143723
3041,2918.0,2.351502,3936.0,1018.0,1005.2779286922614,0.5263702171664943,0.5287988314726695
3042,2926.0,2.357949,3936.0,1010.0,1005.2261974170588,0.5222337125129266,0.5287716196568154
3043,2934.0,2.364396,3936.0,1002.0,1005.1793029581331,0.5180972078593589,0.5287469521152584
3044,2926.0,2.357949,3936.0,1010.0,1005.1373847552325,0.5222337125129266,0.5287249021964462
3045,2934.0,2.364396,3936.0,1002.0,1005.1005822481056,0.5180972078593589,0.5287055432488273
3046,2934.0,2.364396,3936.0,1002.0,1005.0690348765015,0.5180972078593589,0.5286889486208501
3047,2934.0,2.364396,3936.0,1002.0,1005.042882080168,0.5180972078593589,0.5286751916609626
3048,2930.0,2.361172,3936.0,1006.0,1005.0222632988539,0.5201654601861427,0.5286643457176129
3049,2934.0,2.364396,3936.0,1002.0,1005.0073179723081,0.5180972078593589,0.5286564841392495
3050,2918.0,2.351502,3936.0,1018.0,1004.9981855402782,0.5263702171664943,0.5286516802743201
3051,2926.0,2.357949,3936.0,1010.0,1004.9950054425135,0.5222337125129266,0.5286500074712734
3052,2934.0,2.364396,3936.0,1002.0,1004.9979171187622,0.5180972078593589,0.5286515390785573
3053,2926.0,2.357949,3936.0,1010.0,1004.99679288579,0.5222337125129266,0.5286509477066939
3054,2930.0,2.361172,3936.0,1006.0,1004.9295027491478,0.5201654601861427,0.5286155515793042
3055,2934.0,2.364396,3936.0,1002.0,1004.8633804203992,0.5180972078593589,0.528580769745168
3056,2930.0,2.361172,3936.0,1006.0,1004.7984956194191,0.5201654601861427,0.5285466388785098
3057,2930.0,2.361172,3936.0,1006.0,1004.7349180660813,0.5201654601861427,0.5285131956535534
3058,2926.0,2.357949,3936.0,1010.0,1004.67271748026,0.5222337125129266,0.5284804767445229
3059,2934.0,2.364396,3936.0,1002.0,1004.6941005656956,0.5180972078593589,0.5284917247290544
3060,2934.0,2.364396,3936.0,1002.0,1004.6401966449112,0.5180972078593589,0.5284633700526916
3061,2934.0,2.364396,3936.0,1002.0,1004.5879485711405,0.5180972078593589,0.5284358863891514
3062,2926.0,2.357949,3936.0,1010.0,1004.5374260642579,0.5222337125129266,0.5284093104126577
3063,2926.0,2.357949,3936.0,1010.0,1004.4886988441376,0.5222337125129266,0.5283836787974345
3064,2942.0,2.370842,3936.0,994.0,1004.5335827561894,0.5139607032057911,0.5284072887460542
3065,2934.0,2.364396,3936.0,1002.0,1004.5029487149379,0.5180972078593589,0.5283911745504126
3066,2926.0,2.357949,3936.0,1010.0,1004.4641391469311,0.5222337125129266,0.5283707598435677
3067,2930.0,2.361172,3936.0,1006.0,1004.3864224030929,0.5201654601861427,0.5283298790859637
3068,2930.0,2.361172,3936.0,1006.0,1004.308269910041,0.5201654601861427,0.5282887691144593
3069,2926.0,2.357949,3936.0,1010.0,1004.2297165277121,0.5222337125129266,0.5282474482661663
3070,2918.0,2.351502,3936.0,1018.0,1004.1507971160431,0.5263702171664943,0.5282059348781968
3071,2930.0,2.361172,3936.0,1006.0,1004.0715465349717,0.5201654601861427,0.5281642472876629
3072,2934.0,2.364396,3936.0,1002.0,1003.9919996444346,0.5180972078593589,0.5281224038316765
3073,2934.0,2.364396,3936.0,1002.0,1003.9121913043687,0.5180972078593589,0.5280804228473496
3074,2934.0,2.364396,3936.0,1002.0,1003.8321563747118,0.5180972078593589,0.5280383226717945
3075,2934.0,2.364396,3936.0,1002.0,1003.7519297154006,0.5180972078593589,0.5279961216421232
3076,2934.0,2.364396,3936.0,1002.0,1003.6715461863723,0.5180972078593589,0.5279538380954476
3077,2934.0,2.364396,3936.0,1002.0,1003.5910406475641,0.5180972078593589,0.5279114903688799
3078,2934.0,2.364396,3936.0,1002.0,1003.5515164508461,0.5180972078593589,0.5278906997512378
3079,2934.0,2.364396,3936.0,1002.0,1003.5146067494127,0.5180972078593589,0.5278712844169995
3080,2934.0,2.364396,3936.0,1002.0,1003.3982442792721,0.5180972078593589,0.5278100751369772
3081,2934.0,2.364396,3936.0,1002.0,1003.2793021737843,0.5180972078593589,0.5277475089106634
3082,2934.0,2.364396,3936.0,1002.0,1003.1577804329488,0.5180972078593589,0.5276835857380577
3083,2942.0,2.370842,3936.0,994.0,1003.0336790567658,0.5139607032057911,0.5276183056191606
3084,2934.0,2.364396,3936.0,1002.0,1002.9891350291009,0.5180972078593589,0.5275948744573834
3085,2934.0,2.364396,3936.0,1002.0,1002.9062764445364,0.5180972078593589,0.5275512889757522
3086,2934.0,2.364396,3936.0,1002.0,1002.8331838713586,0.5180972078593589,0.5275128406360617
3087,2934.0,2.364396,3936.0,1002.0,1002.7089561279038,0.5180972078593589,0.5274474940451335
3088,2930.0,2.361172,3936.0,1006.0,1002.6233653957665,0.5201654601861427,0.5274024713923454
3089,2934.0,2.364396,3936.0,1002.0,1002.538009968205,0.5180972078593589,0.5273575725150637
3090,2926.0,2.357949,3936.0,1010.0,1002.4939931970889,0.5222337125129266,0.5273344187021061
3091,2934.0,2.364396,3936.0,1002.0,1002.4529482356138,0.5180972078593589,0.527312828127951
3092,2934.0,2.364396,3936.0,1002.0,1002.4149448036528,0.5180972078593589,0.527292837466822
3093,2926.0,2.357949,3936.0,1010.0,1002.338984129148,0.5222337125129266,0.5272528804412377
3094,2934.0,2.364396,3936.0,1002.0,1002.3046061306486,0.5180972078593589,0.527234796839762
3095,2934.0,2.364396,3936.0,1002.0,1002.2734439613496,0.5180972078593589,0.5272184048368729
3096,2934.0,2.364396,3936.0,1002.0,1002.2455673411253,0.5180972078593589,0.5272037411067946
3097,2934.0,2.364396,3936.0,1002.0,1002.2306551315194,0.5180972078593589,0.5271958969486874
3098,2934.0,2.364396,3936.0,1002.0,1002.2185186444074,0.5180972078593589,0.5271895128831272
3099,2918.0,2.351502,3936.0,1018.0,1002.2354318144047,0.5263702171664943,0.5271984095914661
3100,2942.0,2.370842,3936.0,994.0,1002.1808019354297,0.5139607032057911,0.5271696730447452
3101,2934.0,2.364396,3936.0,1002.0,1002.1676109352194,0.5180972078593589,0.5271627342815454
3102,2930.0,2.361172,3936.0,1006.0,1002.229370542836,0.5201654601861427,0.5271952212261084
3103,2934.0,2.364396,3936.0,1002.0,1002.3662201980279,0.5180972078593589,0.5272672072268824
3104,2934.0,2.364396,3936.0,1002.0,1002.3673566319782,0.5180972078593589,0.5272678050167351
3105,2934.0,2.364396,3936.0,1002.0,1002.3213144985151,0.5180972078593589,0.5272435858175675
3106,2926.0,2.357949,3936.0,1010.0,1002.2357638553058,0.5222337125129266,0.5271985842524584
3107,2934.0,2.364396,3936.0,1002.0,1002.308151386255,0.5180972078593589,0.5272366617240576
3108,2934.0,2.364396,3936.0,1002.0,1002.3796064138855,0.5180972078593589,0.5272742486779093
3109,2934.0,2.364396,3936.0,1002.0,1002.3681313940809,0.5180972078593589,0.5272682125590504
3110,2942.0,2.370842,3936.0,994.0,1002.3506691800741,0.5139607032057911,0.5272590270411969
3111,2934.0,2.364396,3936.0,1002.0,1002.3272894917394,0.5180972078593589,0.5272467287985729
3112,2942.0,2.370842,3936.0,994.0,1002.2980620489508,0.5139607032057911,0.5272313545054024
3113,2934.0,2.364396,3936.0,1002.0,1002.2630565715834,0.5180972078593589,0.52721294083591
3114,2934.0,2.364396,3936.0,1002.0,1002.3044797633767,0.5180972078593589,0.5272347303677309
3115,2930.0,2.361172,3936.0,1006.0,1002.4224710640794,0.5201654601861427,0.5272967964493137
3116,2942.0,2.370842,3936.0,994.0,1002.458229516089,0.5139607032057911,0.5273156062004265
3117,2934.0,2.364396,3936.0,1002.0,1002.4940315430198,0.5180972078593589,0.5273344388729293
3118,2934.0,2.364396,3936.0,1002.0,1002.530016584621,0.5180972078593589,0.5273533678152706
3119,2934.0,2.364396,3936.0,1002.0,1002.5663240806404,0.5180972078593589,0.5273724663758982
3120,2934.0,2.364396,3936.0,1002.0,1002.5620249788939,0.5180972078593589,0.5273702049515547
3121,2934.0,2.364396,3936.0,1002.0,1002.5145919339394,0.5180972078593589,0.5273452541016165
3122,2934.0,2.364396,3936.0,1002.0,1002.4625312323309,0.5180972078593589,0.5273178690000535
3123,2934.0,2.364396,3936.0,1002.0,1002.4059125939424,0.5180972078593589,0.5272880863210899
3124,2918.0,2.351502,3936.0,1018.0,1002.3448057386489,0.5263702171664943,0.5272559427389502
3125,2930.0,2.361172,3936.0,1006.0,1002.2792803863239,0.5201654601861427,0.527221474927858
3126,2934.0,2.364396,3936.0,1002.0,1002.2504747487748,0.5180972078593589,0.5272063225137434
3127,2926.0,2.357949,3936.0,1010.0,1002.2200568391335,0.5222337125129266,0.5271903220081966
3128,2942.0,2.370842,3936.0,994.0,1002.1881312372112,0.5139607032057911,0.5271735284225535
3129,2942.0,2.370842,3936.0,994.0,1002.1548025228198,0.5139607032057911,0.5271559967681506
3130,2930.0,2.361172,3936.0,1006.0,1002.1201752757698,0.5201654601861427,0.5271377820563237
3131,2934.0,2.364396,3936.0,1002.0,1002.0843540758732,0.5180972078593589,0.527118939298409
3132,2934.0,2.364396,3936.0,1002.0,1001.9801795112521,0.5180972078593589,0.5270641411311873
3133,2934.0,2.364396,3936.0,1002.0,1001.9468290093998,0.5180972078593589,0.5270465980160893
3134,2934.0,2.364396,3936.0,1002.0,1001.9125372892452,0.5180972078593589,0.527028559798966
3135,2934.0,2.364396,3936.0,1002.0,1001.8774089305988,0.5180972078593589,0.5270100814911532
3136,2935.0,2.365201,3936.0,1001.0,1001.8415485132733,0.5175801447776629,0.5269912181039879
3137,2942.0,2.370842,3936.0,994.0,1001.763992125146,0.5139607032057911,0.5269504216970993
3138,2942.0,2.370842,3936.0,994.0,1001.6159820610824,0.5139607032057911,0.5268725650699028
3139,2934.0,2.364396,3936.0,1002.0,1001.5366608886379,0.5180972078593589,0.5268308403467168
3140,2934.0,2.364396,3936.0,1002.0,1001.4952969587378,0.5180972078593589,0.5268090819879864
3141,2934.0,2.364396,3936.0,1002.0,1001.4535582845134,0.5180972078593589,0.5267871265053014
3142,2950.0,2.377289,3936.0,986.0,1001.4526179377095,0.5098241985522234,0.5267866318617038
3143,2942.0,2.370842,3936.0,994.0,1001.4131102994617,0.5139607032057911,0.5267658499541901
3144,2934.0,2.364396,3936.0,1002.0,1001.4504496496202,0.5180972078593589,0.5267854912933344
3145,2934.0,2.364396,3936.0,1002.0,1001.4826733040046,0.5180972078593589,0.5268024416612853
3146,2934.0,2.364396,3936.0,1002.0,1001.5099555623011,0.5180972078593589,0.5268167927436034
3147,2934.0,2.364396,3936.0,1002.0,1001.5324707241949,0.5180972078593589,0.5268286362258484
3148,2942.0,2.370842,3936.0,994.0,1001.5093245974389,0.5139607032057911,0.5268164608418752
3149,2934.0,2.364396,3936.0,1002.0,1001.4790931884612,0.5180972078593589,0.5268005584398777
3150,2934.0,2.364396,3936.0,1002.0,1001.3650428036512,0.5180972078593589,0.5267405653688124
3151,2934.0,2.364396,3936.0,1002.0,1001.2493801467489,0.5180972078593589,0.5266797242063146
3152,2942.0,2.370842,3936.0,994.0,1001.1321749376285,0.5139607032057911,0.5266180716266086
3153,2950.0,2.377289,3936.0,986.0,1001.0134968961642,0.5098241985522234,0.5265556443039184
3154,2934.0,2.364396,3936.0,1002.0,1000.8934157422308,0.5180972078593589,0.5264924789124684
3155,2934.0,2.364396,3936.0,1002.0,1000.7720011957018,0.5180972078593589,0.5264286121264824
3156,2934.0,2.364396,3936.0,1002.0,1000.649322976452,0.5180972078593589,0.5263640806201846
3157,2942.0,2.370842,3936.0,994.0,1000.6023239377146,0.5139607032057911,0.5263393580672912
3158,2950.0,2.377289,3936.0,986.0,1000.5490065353725,0.5098241985522234,0.5263113119128389
3159,2934.0,2.364396,3936.0,1002.0,1000.4895102091742,0.5180972078593589,0.5262800155052757
3160,2934.0,2.364396,3936.0,1002.0,1000.4239743988679,0.5180972078593589,0.5262455421930498
3161,2934.0,2.364396,3936.0,1002.0,1000.3525385442025,0.5180972078593589,0.5262079653246096
3162,2935.0,2.365201,3936.0,1001.0,1000.1984689515673,0.5175801447776629,0.526126921248911
3163,2934.0,2.364396,3936.0,1002.0,1000.0439723247017,0.5180972078593589,0.5260456525435897
3164,2942.0,2.370842,3936.0,994.0,999.8891183834809,0.5139607032057911,0.5259641958828699
3165,2942.0,2.370842,3936.0,994.0,999.6667128560894,0.5139607032057911,0.5258472055664202
3166,2934.0,2.364396,3936.0,1002.0,999.448634318394,0.5180972078593589,0.5257324913440036
3167,2934.0,2.364396,3936.0,1002.0,999.3021554770686,0.5180972078593589,0.5256554401744536
3168,2934.0,2.364396,3936.0,1002.0,999.1554761911048,0.5180972078593589,0.5255782835665096
3169,2934.0,2.364396,3936.0,1002.0,999.0086661803763,0.5180972078593589,0.5255010581943952
3170,2950.0,2.377289,3936.0,986.0,998.9386682981176,0.5098241985522234,0.525464237731827
3171,2934.0,2.364396,3936.0,1002.0,998.8634850002107,0.5180972078593589,0.5254246896238415
3172,2942.0,2.370842,3936.0,994.0,998.7832557264043,0.5139607032057911,0.5253824872188868
3173,2934.0,2.364396,3936.0,1002.0,998.6212467830874,0.5180972078593589,0.5252972668659187
3174,2942.0,2.370842,3936.0,994.0,998.4596648740004,0.5139607032057911,0.5252122711425734
3175,2935.0,2.365201,3936.0,1001.0,998.2985797190175,0.5175801447776629,0.5251275367230748
3176,2942.0,2.370842,3936.0,994.0,998.1380610380128,0.5139607032057911,0.5250431002816468
3177,2934.0,2.364396,3936.0,1002.0,997.9781785508611,0.5180972078593589,0.524958998492514
3178,2950.0,2.377289,3936.0,986.0,997.8190019774357,0.5098241985522234,0.5248752680298999
3179,2934.0,2.364396,3936.0,1002.0,997.6606010376119,0.5180972078593589,0.5247919455680291
3180,2930.0,2.361172,3936.0,1006.0,997.5030454512633,0.5201654601861427,0.5247090677811255
3181,2942.0,2.370842,3936.0,994.0,997.3464049382645,0.5139607032057911,0.5246266713434131
3182,2950.0,2.377289,3936.0,986.0,997.1907492184899,0.5098241985522234,0.5245447929291164
3183,2934.0,2.364396,3936.0,1002.0,997.036148011813,0.5180972078593589,0.5244634692124588
3184,2934.0,2.364396,3936.0,1002.0,996.8826710381089,0.5180972078593589,0.5243827368676651
3185,2942.0,2.370842,3936.0,994.0,996.7303880172511,0.5139607032057911,0.5243026325689589
3186,2950.0,2.377289,3936.0,986.0,996.5793686691146,0.5098241985522234,0.5242231929905646
3187,2950.0,2.377289,3936.0,986.0,996.4296827135732,0.5098241985522234,0.5241444548067064
3188,2950.0,2.377289,3936.0,986.0,996.2813998705013,0.5098241985522234,0.524066454691608
3189,2942.0,2.370842,3936.0,994.0,996.1345898597732,0.5139607032057911,0.5239892293194937
3190,2942.0,2.370842,3936.0,994.0,995.9893224012629,0.5139607032057911,0.5239128153645874
3191,2934.0,2.364396,3936.0,1002.0,995.8456672148451,0.5180972078593589,0.5238372495011138
3192,2950.0,2.377289,3936.0,986.0,995.7036940203938,0.5098241985522234,0.5237625684032964
3193,2942.0,2.370842,3936.0,994.0,995.5634725377832,0.5139607032057911,0.5236888087453595
3194,2950.0,2.377289,3936.0,986.0,995.5019456202469,0.5098241985522234,0.5236564442010194
3195,2934.0,2.364396,3936.0,1002.0,995.4371157236677,0.5180972078593589,0.5236223422153126
3196,2942.0,2.370842,3936.0,994.0,995.3691222877939,0.5139607032057911,0.5235865761366872
3197,2934.0,2.364396,3936.0,1002.0,995.2212316190146,0.5180972078593589,0.5235087823140995
3198,2934.0,2.364396,3936.0,1002.0,995.0756504210705,0.5180972078593589,0.523432203325185
3199,2942.0,2.370842,3936.0,994.0,994.9324484138352,0.5139607032057911,0.5233568758441678
3200,2942.0,2.370842,3936.0,994.0,994.7916953171833,0.5139607032057911,0.5232828365452722
3201,2942.0,2.370842,3936.0,994.0,994.6534608509893,0.5139607032057911,0.5232101221027222
3202,2950.0,2.377289,3936.0,986.0,994.5946878684865,0.5098241985522234,0.5231792061902341
3203,2934.0,2.364396,3936.0,1002.0,994.5333788255572,0.5180972078593589,0.5231469562528442
3204,2934.0,2.364396,3936.0,1002.0,994.4696731619503,0.5180972078593589,0.523113445639001
3205,2950.0,2.377289,3936.0,986.0,994.4037103174143,0.5098241985522234,0.5230787476971526
3206,2934.0,2.364396,3936.0,1002.0,994.3356297316976,0.5180972078593589,0.5230429357757472
3207,2950.0,2.377289,3936.0,986.0,994.265570844549,0.5098241985522234,0.5230060832232329
3208,2942.0,2.370842,3936.0,994.0,994.1936730957165,0.5139607032057911,0.522968263388058
3209,2934.0,2.364396,3936.0,1002.0,994.120075924949,0.5180972078593589,0.5229295496186708
3210,2942.0,2.370842,3936.0,994.0,994.0449187719947,0.5139607032057911,0.5228900152635191
3211,2935.0,2.365201,3936.0,1001.0,993.9683410766028,0.5175801447776629,0.5228497336710516
3212,2951.0,2.378095,3936.0,985.0,993.8904822785213,0.5093071354705274,0.5228087781897163
3213,2950.0,2.377289,3936.0,986.0,993.7346086841394,0.5098241985522234,0.5227267851684692
3214,2934.0,2.364396,3936.0,1002.0,993.6598001305565,0.5180972078593589,0.5226874341844381
3215,2942.0,2.370842,3936.0,994.0,993.5737919506722,0.5139607032057911,0.5226421919447332
3216,2934.0,2.364396,3936.0,1002.0,993.4863240109204,0.5180972078593589,0.5225961818384611
3217,2934.0,2.364396,3936.0,1002.0,993.4077941590491,0.5180972078593589,0.5225548733677188
3218,2950.0,2.377289,3936.0,986.0,993.2518595597771,0.5098241985522234,0.5224728482565255
3219,2942.0,2.370842,3936.0,994.0,993.1007269168448,0.5139607032057911,0.522393349082517
3220,2950.0,2.377289,3936.0,986.0,992.9544659501265,0.5098241985522234,0.5223164125199176
3221,2950.0,2.377289,3936.0,986.0,992.8900195128558,0.5098241985522234,0.5222825122424434
3222,2950.0,2.377289,3936.0,986.0,992.8253900609151,0.5098241985522234,0.5222485156951309
3223,2950.0,2.377289,3936.0,986.0,992.7607170340526,0.5098241985522234,0.5222144962264282
3224,2950.0,2.377289,3936.0,986.0,992.6192667386583,0.5098241985522234,0.5221400901852916
3225,2942.0,2.370842,3936.0,994.0,992.4832458784718,0.5139607032057911,0.5220685401493567
3226,2942.0,2.370842,3936.0,994.0,992.4295973067271,0.5139607032057911,0.5220403197923399
3227,2942.0,2.370842,3936.0,994.0,992.3763234793065,0.5139607032057911,0.5220122965592776
3228,2942.0,2.370842,3936.0,994.0,992.3235638359587,0.5139607032057911,0.5219845437986181
3229,2942.0,2.370842,3936.0,994.0,992.2714578164317,0.5139607032057911,0.5219571348588095
3230,2950.0,2.377289,3936.0,986.0,992.2201448604745,0.5098241985522234,0.5219301430882999
3231,2942.0,2.370842,3936.0,994.0,992.1697644078357,0.5139607032057911,0.5219036418355377
3232,2950.0,2.377289,3936.0,986.0,992.1204558982637,0.5098241985522234,0.5218777044489712
3233,2942.0,2.370842,3936.0,994.0,992.0723587715069,0.5139607032057911,0.5218524042770483
3234,2950.0,2.377289,3936.0,986.0,992.0256124673139,0.5098241985522234,0.5218278146682174
3235,2950.0,2.377289,3936.0,986.0,991.9803564254331,0.5098241985522234,0.5218040089709265
3236,2950.0,2.377289,3936.0,986.0,991.936730085613,0.5098241985522234,0.5217810605336239
3237,2934.0,2.364396,3936.0,1002.0,991.8846057646193,0.5180972078593589,0.5217536419668315
3238,2950.0,2.377289,3936.0,986.0,991.8439904518692,0.5098241985522234,0.5217322773975824
3239,2934.0,2.364396,3936.0,1002.0,991.805414445441,0.5180972078593589,0.521711985549388
3240,2942.0,2.370842,3936.0,994.0,991.7690171850835,0.5139607032057911,0.5216928397706969
3241,2934.0,2.364396,3936.0,1002.0,991.7349381105452,0.5180972078593589,0.5216749134099571
3242,2934.0,2.364396,3936.0,1002.0,991.7033166615741,0.5180972078593589,0.5216582798156165
3243,2950.0,2.377289,3936.0,986.0,991.67429227792,0.5098241985522234,0.5216430123361241
3244,2935.0,2.365201,3936.0,1001.0,991.6480043993298,0.5175801447776629,0.5216291843199271
3245,2958.0,2.383736,3936.0,978.0,991.6245924655533,0.5056876938986556,0.5216168691154746
3246,2942.0,2.370842,3936.0,994.0,991.6041959163387,0.5139607032057911,0.5216061400712143
3247,2950.0,2.377289,3936.0,986.0,991.5869541914341,0.5098241985522234,0.5215970705355945
3248,2950.0,2.377289,3936.0,986.0,991.5627396076048,0.5098241985522234,0.5215843331191368
3249,2950.0,2.377289,3936.0,986.0,991.5412920312857,0.5098241985522234,0.5215730512109482
3250,2942.0,2.370842,3936.0,994.0,991.4508723263576,0.5139607032057911,0.5215254884097135
3251,2934.0,2.364396,3936.0,1002.0,991.4306840652672,0.5180972078593589,0.5215148689296977
3252,2934.0,2.364396,3936.0,1002.0,991.4135939810891,0.5180972078593589,0.5215058791605152
3253,2942.0,2.370842,3936.0,994.0,991.3997327985877,0.5139607032057911,0.5214985878663364
3254,2934.0,2.364396,3936.0,1002.0,991.3173613816444,0.5180972078593589,0.5214552586458461
3255,2942.0,2.370842,3936.0,994.0,991.3056833027059,0.5139607032057911,0.5214491157133094
3256,2958.0,2.383736,3936.0,978.0,991.3078324178301,0.5056876938986556,0.5214502461962673
3257,2935.0,2.365201,3936.0,1001.0,991.3143390250956,0.5175801447776629,0.5214536688182315
3258,2942.0,2.370842,3936.0,994.0,991.2432055803846,0.5139607032057911,0.5214162510242383
3259,2942.0,2.370842,3936.0,994.0,991.1713749369311,0.5139607032057911,0.521378466488004
3260,2950.0,2.377289,3936.0,986.0,991.0989168146094,0.5098241985522234,0.5213403518837529
3261,2934.0,2.364396,3936.0,1002.0,991.0259009332937,0.5180972078593589,0.5213019438857092
3262,2950.0,2.377289,3936.0,986.0,990.9523970128579,0.5098241985522234,0.5212632791680966
3263,2942.0,2.370842,3936.0,994.0,990.8784747731767,0.5139607032057911,0.5212243944051393
3264,2934.0,2.364396,3936.0,1002.0,990.8042039341241,0.5180972078593589,0.5211853262710616
3265,2934.0,2.364396,3936.0,1002.0,990.7296542155744,0.5180972078593589,0.5211461114400875
3266,2966.0,2.390183,3936.0,970.0,990.5727583535362,0.5015511892450879,0.5210635806830295
3267,2950.0,2.377289,3936.0,986.0,990.4925264652344,0.5098241985522234,0.5210213769027913
3268,2942.0,2.370842,3936.0,994.0,990.4121551371842,0.5139607032057911,0.520979099774105
3269,2950.0,2.377289,3936.0,986.0,990.3317140892594,0.5098241985522234,0.5209367859711944
3270,2942.0,2.370842,3936.0,994.0,990.2512730413349,0.5139607032057911,0.5208944721682839
3271,2951.0,2.378095,3936.0,985.0,990.1709017132847,0.5093071354705274,0.5208521950395976
3272,2942.0,2.370842,3936.0,994.0,990.0906698249829,0.5139607032057911,0.5208099912593593
3273,2951.0,2.378095,3936.0,985.0,990.0106470963038,0.5093071354705274,0.5207678975017934
3274,2958.0,2.383736,3936.0,978.0,989.930903247122,0.5056876938986556,0.520725950441124
3275,2942.0,2.370842,3936.0,994.0,989.8515079973112,0.5139607032057911,0.5206841867515749
3276,2942.0,2.370842,3936.0,994.0,989.7725310667462,0.5139607032057911,0.5206426431073706
3277,2942.0,2.370842,3936.0,994.0,989.6940421753008,0.5139607032057911,0.5206013561827348
3278,2942.0,2.370842,3936.0,994.0,989.6161110428494,0.5139607032057911,0.5205603626518919
3279,2950.0,2.377289,3936.0,986.0,989.5388073892667,0.5098241985522234,0.5205196991890659
3280,2950.0,2.377289,3936.0,986.0,989.4622009344263,0.5098241985522234,0.5204794024684808
3281,2950.0,2.377289,3936.0,986.0,989.3863613982031,0.5098241985522234,0.520439509164361
3282,2950.0,2.377289,3936.0,986.0,989.3113585004709,0.5098241985522234,0.5204000559509303
3283,2950.0,2.377289,3936.0,986.0,989.3860049553459,0.5098241985522234,0.5204393216673903
3284,2942.0,2.370842,3936.0,994.0,989.3892303710289,0.5139607032057911,0.5204410183086827
3285,2934.0,2.364396,3936.0,1002.0,989.3884381789576,0.5180972078593589,0.5204406015978114
3286,2950.0,2.377289,3936.0,986.0,989.3837678188805,0.5098241985522234,0.5204381448832245
3287,2958.0,2.383736,3936.0,978.0,989.298485597187,0.5056876938986556,0.520393284513878
3288,2950.0,2.377289,3936.0,986.0,989.2147982176172,0.5098241985522234,0.5203492630674079
3289,2958.0,2.383736,3936.0,978.0,989.2046452609279,0.5056876938986556,0.5203439223835233
3290,2942.0,2.370842,3936.0,994.0,989.1290235993118,0.5139607032057911,0.5203041436863539
3291,2934.0,2.364396,3936.0,1002.0,989.055266944332,0.5180972078593589,0.5202653460246789
3292,2942.0,2.370842,3936.0,994.0,988.9834450158627,0.5139607032057911,0.5202275660727227
3293,2950.0,2.377289,3936.0,986.0,988.9136275337786,0.5098241985522234,0.5201908405047094
3294,2958.0,2.383736,3936.0,978.0,988.8458842179535,0.5056876938986556,0.520155205994863
3295,2950.0,2.377289,3936.0,986.0,988.6981478043962,0.5098241985522234,0.520077493313996
3296,2942.0,2.370842,3936.0,994.0,988.5472914264657,0.5139607032057911,0.5199981394616006
3297,2942.0,2.370842,3936.0,994.0,988.393315084162,0.5139607032057911,0.5199171444376767
3298,2950.0,2.377289,3936.0,986.0,988.2362187774853,0.5098241985522234,0.5198345082422243
3299,2942.0,2.370842,3936.0,994.0,988.0760025064352,0.5139607032057911,0.5197502308752434
3300,2950.0,2.377289,3936.0,986.0,987.9126662710122,0.5098241985522234,0.5196643123367342
3301,2942.0,2.370842,3936.0,994.0,987.828347055082,0.5139607032057911,0.5196199585301082
3302,2950.0,2.377289,3936.0,986.0,987.7462414451594,0.5098241985522234,0.5195767691300973
3303,2934.0,2.364396,3936.0,1002.0,987.6664191611188,0.5180972078593589,0.5195347808109256
3304,2950.0,2.377289,3936.0,986.0,987.5889499228348,0.5098241985522234,0.5194940302468175
3305,2950.0,2.377289,3936.0,986.0,987.5139034501809,0.5098241985522234,0.5194545541119966
3306,2958.0,2.383736,3936.0,978.0,987.4413494630322,0.5056876938986556,0.5194163890806875
3307,2942.0,2.370842,3936.0,994.0,987.3713576812621,0.5139607032057911,0.5193795718271138
3308,2950.0,2.377289,3936.0,986.0,987.2218608408799,0.5098241985522234,0.5193009331220884
3309,2950.0,2.377289,3936.0,986.0,987.0697320752441,0.5098241985522234,0.5192209099651032
3310,2950.0,2.377289,3936.0,986.0,986.914971384355,0.5098241985522234,0.519139502356158
3311,2950.0,2.377289,3936.0,986.0,986.7575787682125,0.5098241985522234,0.5190567102952532
3312,2950.0,2.377289,3936.0,986.0,986.5975542268167,0.5098241985522234,0.5189725337823886
3313,2950.0,2.377289,3936.0,986.0,986.5170347440336,0.5098241985522234,0.518930178720976
3314,2950.0,2.377289,3936.0,986.0,986.4392169063782,0.5098241985522234,0.5188892447857474
3315,2950.0,2.377289,3936.0,986.0,986.3641704337243,0.5098241985522234,0.5188497686509265
3316,2950.0,2.377289,3936.0,986.0,986.3638349068298,0.5098241985522234,0.5188495921562232
3317,2950.0,2.377289,3936.0,986.0,986.3710770587683,0.5098241985522234,0.5188534016912514
3318,2966.0,2.390183,3936.0,970.0,986.3141577534221,0.5015511892450879,0.5188234608546964
3319,2942.0,2.370842,3936.0,994.0,986.260410702355,0.5139607032057911,0.5187951886953381
3320,2950.0,2.377289,3936.0,986.0,986.2099056254411,0.5098241985522234,0.5187686218874005
3321,2966.0,2.390183,3936.0,970.0,986.0805752586883,0.5015511892450879,0.5187005912016956
3322,2950.0,2.377289,3936.0,986.0,985.9492927354564,0.5098241985522234,0.5186315336377162
3323,2950.0,2.377289,3936.0,986.0,985.8160580557452,0.5098241985522234,0.518561449195462
3324,2950.0,2.377289,3936.0,986.0,985.7630082034206,0.5098241985522234,0.5185335437783446
3325,2966.0,2.390183,3936.0,970.0,985.7133397649976,0.5015511892450879,0.518507417061096
3326,2950.0,2.377289,3936.0,986.0,985.6671224603507,0.5098241985522234,0.5184831057179405
3327,2942.0,2.370842,3936.0,994.0,985.6244260093534,0.5139607032057911,0.5184606464231017
3328,2942.0,2.370842,3936.0,994.0,985.5853201318811,0.5139607032057911,0.5184400758508044
3329,2950.0,2.377289,3936.0,986.0,985.5498745478072,0.5098241985522234,0.5184214306752722
3330,2966.0,2.390183,3936.0,970.0,985.5181589770062,0.5015511892450879,0.5184047475707293
3331,2951.0,2.378095,3936.0,985.0,985.4902431393524,0.5093071354705274,0.5183900632113998
3332,2950.0,2.377289,3936.0,986.0,985.46619675472,0.5098241985522234,0.5183774142715079
3333,2950.0,2.377289,3936.0,986.0,985.4460895429835,0.5098241985522234,0.5183668374252776
3334,2958.0,2.383736,3936.0,978.0,985.4299912240168,0.5056876938986556,0.518358369346933
3335,2942.0,2.370842,3936.0,994.0,985.4179715176944,0.5139607032057911,0.5183520467106982
3336,2942.0,2.370842,3936.0,994.0,985.4101001438902,0.5139607032057911,0.5183479061907973
3337,2950.0,2.377289,3936.0,986.0,985.4064468224789,0.5098241985522234,0.5183459844614544
3338,2934.0,2.364396,3936.0,1002.0,985.4070812733349,0.5180972078593589,0.5183463181968939
3339,2950.0,2.377289,3936.0,986.0,985.4120732163318,0.5098241985522234,0.5183489440713394
3340,2942.0,2.370842,3936.0,994.0,985.4214923713445,0.5139607032057911,0.5183538987590153
3341,2950.0,2.377289,3936.0,986.0,985.4354084582466,0.5098241985522234,0.5183612189341454
3342,2950.0,2.377289,3936.0,986.0,985.4538911969131,0.5098241985522234,0.5183709412709543
3343,2950.0,2.377289,3936.0,986.0,985.4770103072179,0.5098241985522234,0.5183831024436658
3344,2942.0,2.370842,3936.0,994.0,985.5048355090349,0.5139607032057911,0.5183977391265038
3345,2958.0,2.383736,3936.0,978.0,985.455299538373,0.5056876938986556,0.518371682090281
3346,2942.0,2.370842,3936.0,994.0,985.3284023952322,0.5139607032057911,0.5183049313349974
3347,2950.0,2.377289,3936.0,986.0,985.2062113436035,0.5098241985522234,0.5182406560898404
3348,2950.0,2.377289,3936.0,986.0,985.1707936474796,0.5098241985522234,0.518222025583998
3349,2942.0,2.370842,3936.0,994.0,985.1452761735003,0.5139607032057911,0.5182086028179775
3350,2950.0,2.377289,3936.0,986.0,985.129658921666,0.5098241985522234,0.5182003877917791
3351,2950.0,2.377289,3936.0,986.0,985.1239418919766,0.5098241985522234,0.518197380505403
3352,2942.0,2.370842,3936.0,994.0,985.1281250844321,0.5139607032057911,0.5181995809588489
3353,2950.0,2.377289,3936.0,986.0,985.0600715151669,0.5098241985522234,0.5181637832487054
3354,2958.0,2.383736,3936.0,978.0,985.073457731025,0.5056876938986556,0.5181708246997326
3355,2950.0,2.377289,3936.0,986.0,985.0861467481403,0.5098241985522234,0.5181774994085188
3356,2966.0,2.390183,3936.0,970.0,985.0981385665131,0.5015511892450879,0.5181838073750639
3357,2962.0,2.38696,3936.0,974.0,985.1094331861431,0.5036194415718718,0.5181897485993678
3358,2942.0,2.370842,3936.0,994.0,985.1200306070308,0.5139607032057911,0.5181953230814311
3359,2962.0,2.38696,3936.0,974.0,985.1299308291754,0.5036194415718718,0.5182005308212531
3360,2950.0,2.377289,3936.0,986.0,985.1391338525779,0.5098241985522234,0.5182053718188343
3361,2942.0,2.370842,3936.0,994.0,985.1476396772379,0.5139607032057911,0.5182098460741745
3362,2962.0,2.38696,3936.0,974.0,985.1554483031549,0.5036194415718718,0.5182139535872736
3363,2958.0,2.383736,3936.0,978.0,985.1625597303295,0.5056876938986556,0.5182176943581318
3364,2950.0,2.377289,3936.0,986.0,985.2511109426272,0.5098241985522234,0.5182642742901606
3365,2966.0,2.390183,3936.0,970.0,985.2621615426975,0.5015511892450879,0.5182700871546805
3366,2950.0,2.377289,3936.0,986.0,985.1957115305402,0.5098241985522234,0.5182351329516911
3367,2942.0,2.370842,3936.0,994.0,985.2107013035061,0.5139607032057911,0.5182430179098726
3368,2942.0,2.370842,3936.0,994.0,985.2249938777294,0.5139607032057911,0.518250536125813
3369,2950.0,2.377289,3936.0,986.0,985.320726237076,0.5098241985522234,0.518300893502924
3370,2950.0,2.377289,3936.0,986.0,985.4210949680611,0.5098241985522234,0.5183536897159379
3371,2950.0,2.377289,3936.0,986.0,985.5261697905586,0.5098241985522234,0.5184089614390782
3372,2966.0,2.390183,3936.0,970.0,985.5538834405769,0.5015511892450879,0.5184235394431578
3373,2962.0,2.38696,3936.0,974.0,985.5811090514754,0.5036194415718718,0.5184378607276686
3374,2962.0,2.38696,3936.0,974.0,985.6078466232544,0.5036194415718718,0.518451925292611
3375,2942.0,2.370842,3936.0,994.0,985.7162331397793,0.5139607032057911,0.5185089390413962
3376,2951.0,2.378095,3936.0,985.0,985.8294651875655,0.5093071354705274,0.5185685016487563
3377,2950.0,2.377289,3936.0,986.0,985.8654755026208,0.5098241985522234,0.5185874438855037
3378,2950.0,2.377289,3936.0,986.0,985.9011372183048,0.5098241985522234,0.5186062027511306
3379,2950.0,2.377289,3936.0,986.0,985.9364503346179,0.5098241985522234,0.5186247782456372
3380,2942.0,2.370842,3936.0,994.0,985.9714148515592,0.5139607032057911,0.5186431703690231
3381,2942.0,2.370842,3936.0,994.0,986.0060307691293,0.5139607032057911,0.5186613791212884
3382,2958.0,2.383736,3936.0,978.0,986.0402980873283,0.5056876938986556,0.5186794045024334
3383,2958.0,2.383736,3936.0,978.0,986.0742168061557,0.5056876938986556,0.5186972465124577
3384,2958.0,2.383736,3936.0,978.0,986.107786925612,0.5056876938986556,0.5187149051513618
3385,2950.0,2.377289,3936.0,986.0,986.1410084456971,0.5098241985522234,0.5187323804191453
3386,2950.0,2.377289,3936.0,986.0,986.1738813664109,0.5098241985522234,0.5187496723158083
3387,2950.0,2.377289,3936.0,986.0,986.2064056877531,0.5098241985522234,0.5187667808413506
3388,2950.0,2.377289,3936.0,986.0,986.2385814097244,0.5098241985522234,0.5187837059957726
3389,2962.0,2.38696,3936.0,974.0,986.270408532324,0.5036194415718718,0.5188004477790741
3390,2950.0,2.377289,3936.0,986.0,986.3018870555526,0.5098241985522234,0.518817006191255
3391,2942.0,2.370842,3936.0,994.0,986.3330169794095,0.5139607032057911,0.5188333812323154
3392,2950.0,2.377289,3936.0,986.0,986.3637983038958,0.5098241985522234,0.5188495729022555
3393,2950.0,2.377289,3936.0,986.0,986.3942310290103,0.5098241985522234,0.518865581201075
3394,2958.0,2.383736,3936.0,978.0,986.4243151547536,0.5056876938986556,0.518881406128774
3395,2950.0,2.377289,3936.0,986.0,986.4540506811255,0.5098241985522234,0.5188970476853524
3396,2966.0,2.390183,3936.0,970.0,986.4834376081261,0.5015511892450879,0.5189125058708103
3397,2942.0,2.370842,3936.0,994.0,986.5124759357556,0.5139607032057911,0.5189277806851478
3398,2934.0,2.364396,3936.0,1002.0,986.5411656640136,0.5180972078593589,0.5189428721283648
3399,2950.0,2.377289,3936.0,986.0,986.5695067929004,0.5098241985522234,0.5189577802004612
3400,2950.0,2.377289,3936.0,986.0,986.597499322416,0.5098241985522234,0.5189725049014373
3401,2950.0,2.377289,3936.0,986.0,986.62514325256,0.5098241985522234,0.5189870462312927
3402,2950.0,2.377289,3936.0,986.0,986.6524385833328,0.5098241985522234,0.5190014041900276
3403,2950.0,2.377289,3936.0,986.0,986.6793853147343,0.5098241985522234,0.5190155787776422
3404,2950.0,2.377289,3936.0,986.0,986.7059834467647,0.5098241985522234,0.5190295699941362
3405,2950.0,2.377289,3936.0,986.0,986.7322329794237,0.5098241985522234,0.5190433778395096
3406,2950.0,2.377289,3936.0,986.0,986.7581339127115,0.5098241985522234,0.5190570023137627
3407,2950.0,2.377289,3936.0,986.0,986.7068131132683,0.5098241985522234,0.5190300064174028
3408,2942.0,2.370842,3936.0,994.0,986.6603378450867,0.5139607032057911,0.5190055593796182
3409,2951.0,2.378095,3936.0,985.0,986.6186383882917,0.5093071354705274,0.5189836245261843
3410,2950.0,2.377289,3936.0,986.0,986.581645023009,0.5098241985522234,0.5189641651828769
3411,2942.0,2.370842,3936.0,994.0,986.5492880293649,0.5139607032057911,0.5189471446754723
3412,2942.0,2.370842,3936.0,994.0,986.5214976874848,0.5139607032057911,0.5189325263297463
3413,2950.0,2.377289,3936.0,986.0,986.4982042774944,0.5098241985522234,0.5189202734714746
3414,2942.0,2.370842,3936.0,994.0,986.5562112128789,0.5139607032057911,0.5189507864259254
3415,2950.0,2.377289,3936.0,986.0,986.5365083764129,0.5098241985522234,0.5189404222901949
3416,2950.0,2.377289,3936.0,986.0,986.5211630320883,0.5098241985522234,0.5189323502934706
3417,2951.0,2.378095,3936.0,985.0,986.5101054600308,0.5093071354705274,0.5189265337615284
3418,2951.0,2.378095,3936.0,985.0,986.5032659403656,0.5093071354705274,0.5189229360201442
3419,2942.0,2.370842,3936.0,994.0,986.5005747532192,0.5139607032057911,0.518921520395094
3420,2942.0,2.370842,3936.0,994.0,986.501962178717,0.5139607032057911,0.5189222502121535
3421,2962.0,2.38696,3936.0,974.0,986.5073584969849,0.5036194415718718,0.518925088797099
3422,2950.0,2.377289,3936.0,986.0,986.5166939881482,0.5098241985522234,0.5189299994757057
3423,2934.0,2.364396,3936.0,1002.0,986.4530257989738,0.5180972078593589,0.5188965085742581
3424,2942.0,2.370842,3936.0,994.0,986.398351473579,0.5139607032057911,0.5188677486477192
3425,2935.0,2.365201,3936.0,1001.0,986.3525315722152,0.5175801447776629,0.5188436463476409
3426,2942.0,2.370842,3936.0,994.0,986.3154266551337,0.5139607032057911,0.518824128325575
3427,2950.0,2.377289,3936.0,986.0,986.2868972825864,0.5098241985522234,0.5188091212330735
3428,2942.0,2.370842,3936.0,994.0,986.2668040148247,0.5139607032057911,0.5187985517216881
3429,2942.0,2.370842,3936.0,994.0,986.2550074120999,0.5139607032057911,0.5187923464429705
3430,2950.0,2.377289,3936.0,986.0,986.2513680346632,0.5098241985522234,0.5187904320484722
3431,2950.0,2.377289,3936.0,986.0,986.2557464427667,0.5098241985522234,0.5187927351897457
3432,2950.0,2.377289,3936.0,986.0,986.2680031966619,0.5098241985522234,0.5187991825183426
3433,2950.0,2.377289,3936.0,986.0,986.2879988565998,0.5098241985522234,0.5188097006858143
3434,2950.0,2.377289,3936.0,986.0,986.243066140636,0.5098241985522234,0.5187860650652377
3435,2950.0,2.377289,3936.0,986.0,986.1900014728382,0.5098241985522234,0.5187581518548477
3436,2950.0,2.377289,3936.0,986.0,986.1388628165668,0.5098241985522234,0.5187312517698985
3437,2942.0,2.370842,3936.0,994.0,986.0894410121988,0.5139607032057911,0.5187052547877177
3438,2942.0,2.370842,3936.0,994.0,986.123663883978,0.5139607032057911,0.5187232567890449
3439,2950.0,2.377289,3936.0,986.0,986.1645188587958,0.5098241985522234,0.5187447474259392
3440,2966.0,2.390183,3936.0,970.0,986.2118664969045,0.5015511892450879,0.5187696533499532
3441,2934.0,2.364396,3936.0,1002.0,986.2655673585549,0.5180972078593589,0.518797901212638
3442,2950.0,2.377289,3936.0,986.0,986.3254820039989,0.5098241985522234,0.5188294176655458
3443,2942.0,2.370842,3936.0,994.0,986.3914709934878,0.5139607032057911,0.5188641293602283
3444,2962.0,2.38696,3936.0,974.0,986.463394887273,0.5036194415718718,0.5189019629482372
3445,2934.0,2.364396,3936.0,1002.0,986.5411142456061,0.5180972078593589,0.5189428450811244
3446,2950.0,2.377289,3936.0,986.0,986.6244896287384,0.5098241985522234,0.5189867024104415
3447,2950.0,2.377289,3936.0,986.0,986.7133815969217,0.5098241985522234,0.5190334615877408
3448,2950.0,2.377289,3936.0,986.0,986.8076507104078,0.5098241985522234,0.5190830492645737
3449,2942.0,2.370842,3936.0,994.0,986.9071575294471,0.5139607032057911,0.519135392092492
3450,2935.0,2.365201,3936.0,1001.0,987.0117626142918,0.5175801447776629,0.5191904167230476
3451,2950.0,2.377289,3936.0,986.0,987.1213265251935,0.5098241985522234,0.5192480498077924
3452,2942.0,2.370842,3936.0,994.0,987.235709822403,0.5139607032057911,0.5193082179982779
3453,2950.0,2.377289,3936.0,986.0,987.3547730661725,0.5098241985522234,0.5193708479460561
3454,2950.0,2.377289,3936.0,986.0,987.478376816753,0.5098241985522234,0.5194358663026788
3455,2950.0,2.377289,3936.0,986.0,987.6063816343966,0.5098241985522234,0.5195031997196979
3456,2942.0,2.370842,3936.0,994.0,987.7386480793538,0.5139607032057911,0.5195727748486649
3457,2950.0,2.377289,3936.0,986.0,987.875036711877,0.5098241985522234,0.519644518341132
3458,2950.0,2.377289,3936.0,986.0,988.0154080922172,0.5098241985522234,0.5197183568486506
3459,2950.0,2.377289,3936.0,986.0,988.1596227806259,0.5098241985522234,0.5197942170227727
3460,2950.0,2.377289,3936.0,986.0,988.3075413373548,0.5098241985522234,0.5198720255150503
3461,2942.0,2.370842,3936.0,994.0,988.4590243226552,0.5139607032057911,0.5199517089770348
3462,2950.0,2.377289,3936.0,986.0,988.6139322967787,0.5098241985522234,0.5200331940602783
3463,2942.0,2.370842,3936.0,994.0,988.7721258199766,0.5139607032057911,0.5201164074163324
3464,2950.0,2.377289,3936.0,986.0,988.9334654525009,0.5098241985522234,0.5202012756967491
3465,2942.0,2.370842,3936.0,994.0,989.0978117546023,0.5139607032057911,0.52028772555308
3466,2950.0,2.377289,3936.0,986.0,989.2650252865327,0.5098241985522234,0.5203756836368771
3467,2942.0,2.370842,3936.0,994.0,989.4349666085436,0.5139607032057911,0.5204650765996921
3468,2958.0,2.383736,3936.0,978.0,989.6074962808862,0.5056876938986556,0.5205558310930766
3469,2950.0,2.377289,3936.0,986.0,989.7824748638125,0.5098241985522234,0.5206478737685828
3470,2950.0,2.377289,3936.0,986.0,989.9597629175732,0.5098241985522234,0.5207411312777621
3471,2942.0,2.370842,3936.0,994.0,990.1392210024205,0.5139607032057911,0.5208355302721666
3472,2950.0,2.377289,3936.0,986.0,990.3207096786059,0.5098241985522234,0.520930997403348
3473,2950.0,2.377289,3936.0,986.0,990.5040895063803,0.5098241985522234,0.5210274593228581
3474,2950.0,2.377289,3936.0,986.0,990.6892210459957,0.5098241985522234,0.5211248426822488
3475,2942.0,2.370842,3936.0,994.0,990.8759648577031,0.5139607032057911,0.5212230741330717
3476,2950.0,2.377289,3936.0,986.0,991.0641815017545,0.5098241985522234,0.5213220803268788
3477,2950.0,2.377289,3936.0,986.0,991.2537315384011,0.5098241985522234,0.5214217879152218
3478,2950.0,2.377289,3936.0,986.0,991.4060389612144,0.5098241985522234,0.5215019050499061
3479,2934.0,2.364396,3936.0,1002.0,991.5619979624424,0.5180972078593589,0.5215839429970779
3480,2950.0,2.377289,3936.0,986.0,991.7214342423991,0.5098241985522234,0.5216678100711767
3481,2942.0,2.370842,3936.0,994.0,991.8841735013989,0.5139607032057911,0.521753414586642
3482,2942.0,2.370842,3936.0,994.0,992.0500414397561,0.5139607032057911,0.521840664857914
3483,2950.0,2.377289,3936.0,986.0,992.2188637577851,0.5098241985522234,0.5219294691994322
3484,2942.0,2.370842,3936.0,994.0,992.3904661558001,0.5139607032057911,0.5220197359256362
3485,2951.0,2.378095,3936.0,985.0,992.5646743341158,0.5093071354705274,0.5221113733509661
3486,2934.0,2.364396,3936.0,1002.0,992.7028774263665,0.5180972078593589,0.5221840712901152
3487,2935.0,2.365201,3936.0,1001.0,992.7690616315033,0.5175801447776629,0.5222188856726252
3488,2950.0,2.377289,3936.0,986.0,992.8450850538951,0.5098241985522234,0.5222588757050112
3489,2934.0,2.364396,3936.0,1002.0,992.9306688140448,0.5180972078593589,0.5223038946903769
3490,2942.0,2.370842,3936.0,994.0,993.0255340324554,0.5139607032057911,0.5223537959318257
3491,2950.0,2.377289,3936.0,986.0,993.1294018296298,0.5098241985522234,0.5224084327324615
3492,2950.0,2.377289,3936.0,986.0,993.241993326071,0.5098241985522234,0.5224676583953877
3493,2950.0,2.377289,3936.0,986.0,993.3630296422821,0.5098241985522234,0.522531326223708
3494,2930.0,2.361172,3936.0,1006.0,993.5018410404357,0.5201654601861427,0.5226043441454624
3495,2942.0,2.370842,3936.0,994.0,993.6478902330359,0.5139607032057911,0.5226811693101062
3496,2934.0,2.364396,3936.0,1002.0,993.8009070555704,0.5180972078593589,0.5227616596050211
3497,2950.0,2.377289,3936.0,986.0,994.0331491857216,0.5098241985522234,0.5228838241960635
3498,2934.0,2.364396,3936.0,1002.0,994.2778014534911,0.5180972078593589,0.5230125167989956
3499,2942.0,2.370842,3936.0,994.0,994.5346546992564,0.5139607032057911,0.5231476273911454
3500,2934.0,2.364396,3936.0,1002.0,994.803499763394,0.5180972078593589,0.52328904594984
3501,2950.0,2.377289,3936.0,986.0,995.0841274862819,0.5098241985522234,0.5234366624524076
3502,2934.0,2.364396,3936.0,1002.0,995.376328708297,0.5180972078593589,0.5235903668761758
3503,2934.0,2.364396,3936.0,1002.0,995.6798942698167,0.5180972078593589,0.5237500491984722
3504,2934.0,2.364396,3936.0,1002.0,995.994615011218,0.5180972078593589,0.5239155993966246
3505,2942.0,2.370842,3936.0,994.0,996.2381447890118,0.5139607032057911,0.5240437015445487
3506,2934.0,2.364396,3936.0,1002.0,996.4870778570612,0.5180972078593589,0.5241746459448408
3507,2950.0,2.377289,3936.0,986.0,996.7411353358688,0.5098241985522234,0.5243082859006041
3508,2935.0,2.365201,3936.0,1001.0,997.000038345937,0.5175801447776629,0.5244444747149422
3509,2934.0,2.364396,3936.0,1002.0,997.22507144109,0.5180972078593589,0.5245628471912128
3510,2934.0,2.364396,3936.0,1002.0,997.4569893738256,0.5180972078593589,0.5246848412471131
3511,2942.0,2.370842,3936.0,994.0,997.6954784047108,0.5139607032057911,0.524810291848635
3512,2934.0,2.364396,3936.0,1002.0,997.9402247943107,0.5180972078593589,0.5249390339617698
3513,2942.0,2.370842,3936.0,994.0,998.190914803191,0.5139607032057911,0.5250709025525089
3514,2934.0,2.364396,3936.0,1002.0,998.4472346919184,0.5180972078593589,0.5252057325868443
3515,2934.0,2.364396,3936.0,1002.0,998.7088707210575,0.5180972078593589,0.525343359030767
3516,2942.0,2.370842,3936.0,994.0,998.9755091511751,0.5139607032057911,0.525483616850269
3517,2942.0,2.370842,3936.0,994.0,999.3289732267027,0.5139607032057911,0.5256695469147535
3518,2934.0,2.364396,3936.0,1002.0,999.6484453775349,0.5180972078593589,0.5258375964612784
3519,2934.0,2.364396,3936.0,1002.0,999.9310147989208,0.5180972078593589,0.5259862343409871
3520,2934.0,2.364396,3936.0,1002.0,1000.2174362433594,0.5180972078593589,0.5261368984715772
3521,2942.0,2.370842,3936.0,994.0,1000.5073959714172,0.5139607032057911,0.5262894238190405
3522,2934.0,2.364396,3936.0,1002.0,1000.8005802436593,0.5180972078593589,0.5264436453493685
3523,2926.0,2.357949,3936.0,1010.0,1001.0966753206518,0.5222337125129266,0.5265993980285526
3524,2934.0,2.364396,3936.0,1002.0,1001.3953674629607,0.5180972078593589,0.5267565168225845
3525,2934.0,2.364396,3936.0,1002.0,1001.7347794978311,0.5180972078593589,0.5269350551972016
3526,2934.0,2.364396,3936.0,1002.0,1002.0351274871534,0.5180972078593589,0.5270930450040557
3527,2934.0,2.364396,3936.0,1002.0,1002.3371661834266,0.5180972078593589,0.5272519241608443
3528,2934.0,2.364396,3936.0,1002.0,1002.6405818472164,0.5180972078593589,0.5274115276335588
3529,2934.0,2.364396,3936.0,1002.0,1002.82975103905,0.5180972078593589,0.5275110348889528
3530,2942.0,2.370842,3936.0,994.0,1003.0274609154802,0.5139607032057911,0.5276150347367987
3531,2934.0,2.364396,3936.0,1002.0,1003.2332931572619,0.5180972078593589,0.5277233071317524
3532,2934.0,2.364396,3936.0,1002.0,1003.4468294451492,0.5180972078593589,0.527835632028469
3533,2918.0,2.351502,3936.0,1018.0,1003.6676514598964,0.5263702171664943,0.5279517893816038
3534,2926.0,2.357949,3936.0,1010.0,1003.8953408822586,0.5222337125129266,0.5280715591458126
3535,2934.0,2.364396,3936.0,1002.0,1004.1294793929897,0.5180972078593589,0.5281947212757505
3536,2935.0,2.365201,3936.0,1001.0,1004.3696486728445,0.5175801447776629,0.5283210557260732
3537,2934.0,2.364396,3936.0,1002.0,1004.6154304025772,0.5180972078593589,0.528450342451436
3538,2942.0,2.370842,3936.0,994.0,1004.8664062629423,0.5139607032057911,0.5285823614064941
3539,2934.0,2.364396,3936.0,1002.0,1005.1221579346941,0.5180972078593589,0.5287168925459028
3540,2934.0,2.364396,3936.0,1002.0,1005.4975767986263,0.5180972078593589,0.5289143713235562
3541,2926.0,2.357949,3936.0,1010.0,1005.8691436395052,0.5222337125129266,0.529109823850328
3542,2926.0,2.357949,3936.0,1010.0,1006.1212350178583,0.5222337125129266,0.5292424295929716
3543,2934.0,2.364396,3936.0,1002.0,1006.3766380902391,0.5180972078593589,0.5293767773612601
3544,2934.0,2.364396,3936.0,1002.0,1006.6349345374017,0.5180972078593589,0.5295126471098488
3545,2934.0,2.364396,3936.0,1002.0,1006.8957060401001,0.5180972078593589,0.5296498187933927
3546,2934.0,2.364396,3936.0,1002.0,1007.1585342790893,0.5180972078593589,0.5297880723665477
3547,2934.0,2.364396,3936.0,1002.0,1007.4230009351236,0.5180972078593589,0.529927187783969
3548,2934.0,2.364396,3936.0,1002.0,1007.6886876889575,0.5180972078593589,0.530066945000312
3549,2918.0,2.351502,3936.0,1018.0,1007.9551762213457,0.5263702171664943,0.5302071239702324
3550,2918.0,2.351502,3936.0,1018.0,1008.222048213042,0.5263702171664943,0.5303475046483851
3551,2934.0,2.364396,3936.0,1002.0,1008.4888853448012,0.5180972078593589,0.5304878669894257
3552,2926.0,2.357949,3936.0,1010.0,1008.7552692973777,0.5222337125129266,0.5306279909480098
3553,2934.0,2.364396,3936.0,1002.0,1009.0207817515259,0.5180972078593589,0.5307676564787925
3554,2934.0,2.364396,3936.0,1002.0,1009.2850043880003,0.5180972078593589,0.5309066435364295
3555,2926.0,2.357949,3936.0,1010.0,1009.5475188875555,0.5222337125129266,0.5310447320755761
3556,2934.0,2.364396,3936.0,1002.0,1009.8079069309458,0.5180972078593589,0.5311817020508877
3557,2930.0,2.361172,3936.0,1006.0,1010.0657501989253,0.5201654601861427,0.5313173334170195
3558,2930.0,2.361172,3936.0,1006.0,1010.4027673561152,0.5201654601861427,0.531494612032039
3559,2930.0,2.361172,3936.0,1006.0,1010.7417366697839,0.5201654601861427,0.5316729175253331
3560,2926.0,2.357949,3936.0,1010.0,1011.0823095405608,0.5222337125129266,0.5318520665257815
3561,2930.0,2.361172,3936.0,1006.0,1011.4241373690743,0.5201654601861427,0.5320318756622637
3562,2918.0,2.351502,3936.0,1018.0,1011.766871555953,0.5263702171664943,0.5322121615636591
3563,2918.0,2.351502,3936.0,1018.0,1012.110163501826,0.5263702171664943,0.5323927408588475
3564,2918.0,2.351502,3936.0,1018.0,1012.4152280406421,0.5263702171664943,0.5325532116769619
3565,2918.0,2.351502,3936.0,1018.0,1012.64061322116,0.5263702171664943,0.5326717693580643
3566,2918.0,2.351502,3936.0,1018.0,1012.9064394147424,0.5263702171664943,0.5328115999228555
3567,2919.0,2.352308,3936.0,1017.0,1013.2149202273972,0.5258531540847984,0.5329738677779509
3568,2934.0,2.364396,3936.0,1002.0,1013.5246037078834,0.5180972078593589,0.5331367682634122
3569,2934.0,2.364396,3936.0,1002.0,1013.8735429635711,0.5180972078593589,0.5333203181707523
3570,2918.0,2.351502,3936.0,1018.0,1014.2203209031569,0.5263702171664943,0.5335027311771455
3571,2926.0,2.357949,3936.0,1010.0,1014.5645889272697,0.5222337125129266,0.5336838239114713
3572,2918.0,2.351502,3936.0,1018.0,1014.9059984365377,0.5263702171664943,0.533863413002609
3573,2926.0,2.357949,3936.0,1010.0,1015.2442008315896,0.5222337125129266,0.534041315079438
3574,2914.0,2.348278,3936.0,1022.0,1015.6609844969206,0.5284384694932782,0.5342605526742498
3575,2918.0,2.351502,3936.0,1018.0,1016.0791974196735,0.5263702171664943,0.5344805420906554
3576,2918.0,2.351502,3936.0,1018.0,1016.4985607203515,0.5263702171664943,0.5347011366317587
3577,2926.0,2.357949,3936.0,1010.0,1016.9187955194581,0.5222337125129266,0.5349221896006633
3578,2918.0,2.351502,3936.0,1018.0,1017.3396229374958,0.5263702171664943,0.5351435543004728
3579,2918.0,2.351502,3936.0,1018.0,1017.7607640949681,0.5263702171664943,0.5353650840342908
3580,2918.0,2.351502,3936.0,1018.0,1018.181940112377,0.5263702171664943,0.5355866321052207
3581,2918.0,2.351502,3936.0,1018.0,1018.602872110226,0.5263702171664943,0.5358080518163663
3582,2914.0,2.348278,3936.0,1022.0,1019.0232812090184,0.5284384694932782,0.5360291964708311
3583,2918.0,2.351502,3936.0,1018.0,1019.4428885292565,0.5263702171664943,0.5362499193717188
3584,2914.0,2.348278,3936.0,1022.0,1019.8614151914436,0.5284384694932782,0.536470073822133
3585,2903.0,2.339414,3936.0,1033.0,1020.2683151930995,0.5341261633919339,0.5366841123872508
3586,2914.0,2.348278,3936.0,1022.0,1020.683177204396,0.5284384694932782,0.5369023391487607
3587,2918.0,2.351502,3936.0,1018.0,1021.0961132041658,0.5263702171664943,0.5371195527848298
3588,2902.0,2.338608,3936.0,1034.0,1021.5068443129122,0.5346432264736298,0.5373356065985618
3589,2918.0,2.351502,3936.0,1018.0,1021.9150916511381,0.5263702171664943,0.5375503538930603
3590,2918.0,2.351502,3936.0,1018.0,1022.3205763393465,0.5263702171664943,0.5377636479714288
3591,2902.0,2.338608,3936.0,1034.0,1022.7230194980403,0.5346432264736298,0.5379753421367711
3592,2918.0,2.351502,3936.0,1018.0,1023.1221422477223,0.5263702171664943,0.5381852896921905
3593,2914.0,2.348278,3936.0,1022.0,1023.5176657088958,0.5284384694932782,0.5383933439407907
3594,2902.0,2.338608,3936.0,1034.0,1023.9093110020634,0.5346432264736298,0.5385993581856755
3595,2914.0,2.348278,3936.0,1022.0,1024.2967992477284,0.5284384694932782,0.5388031857299483
3596,2918.0,2.351502,3936.0,1018.0,1024.6798515663934,0.5263702171664943,0.5390046798767127
3597,2918.0,2.351502,3936.0,1018.0,1025.0581890785618,0.5263702171664943,0.5392036939290725
3598,2902.0,2.338608,3936.0,1034.0,1025.431532904736,0.5346432264736298,0.5394000811901312
3599,2914.0,2.348278,3936.0,1022.0,1025.7996041654196,0.5284384694932782,0.5395936949629923
3600,2918.0,2.351502,3936.0,1018.0,1026.162123981115,0.5263702171664943,0.5397843885507594
3601,2914.0,2.348278,3936.0,1022.0,1026.5188134723257,0.5284384694932782,0.5399720152565363
3602,2902.0,2.338608,3936.0,1034.0,1026.8693937595542,0.5346432264736298,0.5401564283834265
3603,2918.0,2.351502,3936.0,1018.0,1027.2135859633033,0.5263702171664943,0.5403374812345333
3604,2918.0,2.351502,3936.0,1018.0,1027.5511112040767,0.5263702171664943,0.5405150271129608
3605,2902.0,2.338608,3936.0,1034.0,1027.881690602377,0.5346432264736298,0.5406889193218125
3606,2902.0,2.338608,3936.0,1034.0,1028.2050452787066,0.5346432264736298,0.5408590111641917
3607,2902.0,2.338608,3936.0,1034.0,1028.520896353569,0.5346432264736298,0.541025155943202
3608,2902.0,2.338608,3936.0,1034.0,1028.8289649474675,0.5346432264736298,0.5411872069619476
3609,2902.0,2.338608,3936.0,1034.0,1029.1289721809046,0.5346432264736298,0.5413450175235315
3610,2902.0,2.338608,3936.0,1034.0,1029.420639174383,0.5346432264736298,0.5414984409310574
3611,2902.0,2.338608,3936.0,1034.0,1029.7036870484062,0.5346432264736298,0.541647330487629
3612,2914.0,2.348278,3936.0,1022.0,1029.9778369234768,0.5284384694932782,0.54179153949635
3613,2914.0,2.348278,3936.0,1022.0,1030.2428099200981,0.5284384694932782,0.5419309212603239
3614,2902.0,2.338608,3936.0,1034.0,1030.4983271587728,0.5346432264736298,0.5420653290826543
3615,2886.0,2.325714,3936.0,1050.0,1030.7441097600038,0.5429162357807652,0.5421946162664446
3616,2918.0,2.351502,3936.0,1018.0,1030.9798788442943,0.5263702171664943,0.5423186361147988
3617,2902.0,2.338608,3936.0,1034.0,1031.2053555321472,0.5346432264736298,0.5424372419308203
3618,2914.0,2.348278,3936.0,1022.0,1031.4202609440651,0.5284384694932782,0.5425502870176125
3619,2914.0,2.348278,3936.0,1022.0,1031.6243162005514,0.5284384694932782,0.5426576246782794
3620,2902.0,2.338608,3936.0,1034.0,1031.817242422109,0.5346432264736298,0.5427591082159243
3621,2902.0,2.338608,3936.0,1034.0,1031.9987607292408,0.5346432264736298,0.542854590933651
3622,2914.0,2.348278,3936.0,1022.0,1032.1685922424497,0.5284384694932782,0.542943926134563
3623,2902.0,2.338608,3936.0,1034.0,1032.3264580822386,0.5346432264736298,0.5430269671217638
3624,2902.0,2.338608,3936.0,1034.0,1032.4720793691106,0.5346432264736298,0.5431035671983572
3625,2902.0,2.338608,3936.0,1034.0,1032.6051772235687,0.5346432264736298,0.5431735796674467
3626,2902.0,2.338608,3936.0,1034.0,1032.7254727661157,0.5346432264736298,0.5432368578321359
3627,2902.0,2.338608,3936.0,1034.0,1032.8326871172546,0.5346432264736298,0.5432932549955285
3628,2902.0,2.338608,3936.0,1034.0,1032.9265413974886,0.5346432264736298,0.543342624460728
3629,2902.0,2.338608,3936.0,1034.0,1033.0478252192531,0.5346432264736298,0.5434064224825438
3630,2902.0,2.338608,3936.0,1034.0,1033.157857996309,0.5346432264736298,0.5434643022014456
3631,2902.0,2.338608,3936.0,1034.0,1033.2563957090963,0.5346432264736298,0.5435161352576489
3632,2902.0,2.338608,3936.0,1034.0,1033.343194338055,0.5346432264736298,0.5435617932913694
3633,2902.0,2.338608,3936.0,1034.0,1033.418009863625,0.5346432264736298,0.5436011479428229
3634,2902.0,2.338608,3936.0,1034.0,1033.4805982662467,0.5346432264736298,0.5436340708522248
3635,2902.0,2.338608,3936.0,1034.0,1033.5307155263606,0.5346432264736298,0.5436604336597911
3636,2914.0,2.348278,3936.0,1022.0,1033.5681176244057,0.5284384694932782,0.5436801080057371
3637,2886.0,2.325714,3936.0,1050.0,1033.6336290327558,0.5429162357807652,0.5437145684819844
3638,2898.0,2.335385,3936.0,1038.0,1033.7707410089745,0.5367114788004137,0.5437866924695265
3639,2898.0,2.335385,3936.0,1038.0,1033.9024409799536,0.5367114788004137,0.5438559696204228
3640,2894.0,2.332161,3936.0,1042.0,1034.0285895059446,0.5387797311271976,0.5439223265862251
3641,2902.0,2.338608,3936.0,1034.0,1034.1490471471993,0.5346432264736298,0.5439856900184854
3642,2902.0,2.338608,3936.0,1034.0,1034.2636744639688,0.5346432264736298,0.5440459865687551
3643,2894.0,2.332161,3936.0,1042.0,1034.372332016505,0.5387797311271976,0.5441031428885866
3644,2894.0,2.332161,3936.0,1042.0,1034.474880365059,0.5387797311271976,0.5441570856295314
3645,2894.0,2.332161,3936.0,1042.0,1034.5609129468994,0.5387797311271976,0.5442023407052147
3646,2902.0,2.338608,3936.0,1034.0,1034.6398907489627,0.5346432264736298,0.5442438848078467
3647,2902.0,2.338608,3936.0,1034.0,1034.711665616517,0.5346432264736298,0.5442816400047018
