Pixel,RawADC,RawVoltageV,DarkADC,DarkCorrectedIntensityADC,SmoothedIntensityADC,NormalizedIntensity,SmoothedNormalizedIntensity
21,2575.0,2.075092,3936.0,1361.0,1354.8823346397173,0.7189646064447967,0.7265088341675556
22,2592.0,2.088791,3936.0,1344.0,1354.634848259059,0.7099841521394612,0.7263761281477874
23,2571.0,2.071868,3936.0,1365.0,1354.386137423109,0.7210776545166403,0.7262427655561797
24,2579.0,2.078315,3936.0,1357.0,1354.1363502866,0.716851558372953,0.7261088258355889
25,2592.0,2.088791,3936.0,1344.0,1353.8856350042652,0.7099841521394612,0.7259743884288709
26,2568.0,2.069451,3936.0,1368.0,1353.5764848808174,0.722662440570523,0.7258086173578143
27,2594.0,2.090403,3936.0,1342.0,1353.2705985189834,0.7089276281035394,0.7256445963661443
28,2579.0,2.078315,3936.0,1357.0,1353.0257266336096,0.716851558372953,0.7255132922791288
29,2571.0,2.071868,3936.0,1365.0,1352.78041464153,0.7210776545166403,0.7253817522001
30,2592.0,2.088791,3936.0,1344.0,1352.5540289808168,0.7099841521394612,0.7252603607122697
31,2570.0,2.071062,3936.0,1366.0,1352.3262009902046,0.7216059165346012,0.7251381958248705
32,2592.0,2.088791,3936.0,1344.0,1352.0970962543943,0.7099841521394612,0.7250153463269766
33,2575.0,2.075092,3936.0,1361.0,1351.8668803580886,0.7189646064447967,0.7248919010076631
34,2592.0,2.088791,3936.0,1344.0,1351.6165006026488,0.7099841521394612,0.7247576435156484
35,2592.0,2.088791,3936.0,1344.0,1351.3858576721136,0.7099841521394612,0.7246339692139854
36,2592.0,2.088791,3936.0,1344.0,1351.1641920468876,0.7099841521394612,0.7245151086820848
37,2594.0,2.090403,3936.0,1342.0,1350.9414109036734,0.7089276281035394,0.7243956499922096
38,2579.0,2.078315,3936.0,1357.0,1350.7080794004864,0.716851558372953,0.7242705340363654
39,2586.0,2.083956,3936.0,1350.0,1350.455411961672,0.7131537242472267,0.7241350498531918
40,2586.0,2.083956,3936.0,1350.0,1350.2040909879295,0.7131537242472267,0.7240002876653858
41,2584.0,2.082344,3936.0,1352.0,1349.9542646339912,0.7142102482831485,0.7238663269158037
42,2592.0,2.088791,3936.0,1344.0,1349.7060810545904,0.7099841521394612,0.7237332470473012
43,2584.0,2.082344,3936.0,1352.0,1349.4885158294694,0.7142102482831485,0.7236165852132682
44,2594.0,2.090403,3936.0,1342.0,1349.2421144643542,0.7089276281035394,0.7234844609955924
45,2594.0,2.090403,3936.0,1342.0,1348.9978264829276,0.7089276281035394,0.7233534700068918
46,2586.0,2.083956,3936.0,1350.0,1348.7558000399224,0.7131537242472267,0.7232236916900225
47,2592.0,2.088791,3936.0,1344.0,1348.535401573411,0.7099841521394612,0.7231055106281962
48,2592.0,2.088791,3936.0,1344.0,1348.3162624221286,0.7099841521394612,0.7229880048306458
49,2575.0,2.075092,3936.0,1361.0,1348.079329887436,0.7189646064447967,0.7228609579460898
50,2592.0,2.088791,3936.0,1344.0,1347.8645046533738,0.7099841521394612,0.7227457653375822
51,2592.0,2.088791,3936.0,1344.0,1347.6321997753355,0.7099841521394612,0.722621199873999
52,2592.0,2.088791,3936.0,1344.0,1347.403097654021,0.7099841521394612,0.722498351778038
53,2602.0,2.09685,3936.0,1334.0,1347.1773464441633,0.7047015319598521,0.7223773004925556
54,2592.0,2.088791,3936.0,1344.0,1346.9550943004951,0.7099841521394612,0.7222581254604075
55,2579.0,2.078315,3936.0,1357.0,1346.7364893777492,0.716851558372953,0.7221409061244497
56,2586.0,2.083956,3936.0,1350.0,1346.521679830658,0.7131537242472267,0.722025721927538
57,2594.0,2.090403,3936.0,1342.0,1346.310813813955,0.7089276281035394,0.7219126523125289
58,2592.0,2.088791,3936.0,1344.0,1346.046384632353,0.7099841521394612,0.7217708613012107
59,2594.0,2.090403,3936.0,1342.0,1345.7708726052392,0.7089276281035394,0.7216231274969532
60,2592.0,2.088791,3936.0,1344.0,1345.504890413438,0.7099841521394612,0.72148050373758
61,2603.0,2.097656,3936.0,1333.0,1345.2485164918087,0.7041732699418912,0.7213430320810738
62,2584.0,2.082344,3936.0,1352.0,1345.0018292752093,0.7142102482831485,0.7212107545854171
63,2595.0,2.091209,3936.0,1341.0,1344.7649071984981,0.7083993660855784,0.7210837133085922
64,2579.0,2.078315,3936.0,1357.0,1344.537828696534,0.716851558372953,0.7209619503085821
65,2594.0,2.090403,3936.0,1342.0,1344.320672204176,0.7089276281035394,0.7208455076433695
66,2602.0,2.09685,3936.0,1334.0,1344.1135161562818,0.7047015319598521,0.7207344273709365
67,2595.0,2.091209,3936.0,1341.0,1343.9164389877105,0.7083993660855784,0.7206287515492662
68,2571.0,2.071868,3936.0,1365.0,1343.8063922666797,0.7210776545166403,0.7205697427977635
69,2579.0,2.078315,3936.0,1357.0,1343.701387164056,0.716851558372953,0.7205134374399192
70,2586.0,2.083956,3936.0,1350.0,1343.6015718345732,0.7131537242472267,0.7204599149185898
71,2594.0,2.090403,3936.0,1342.0,1343.507094432963,0.7089276281035394,0.7204092546766306
72,2592.0,2.088791,3936.0,1344.0,1343.4181031139588,0.7099841521394612,0.7203615361568981
73,2595.0,2.091209,3936.0,1341.0,1343.3347460322932,0.7083993660855784,0.7203168388022481
74,2594.0,2.090403,3936.0,1342.0,1343.2571713426994,0.7089276281035394,0.7202752420555367
75,2592.0,2.088791,3936.0,1344.0,1343.1855271999093,0.7099841521394612,0.7202368253596196
76,2594.0,2.090403,3936.0,1342.0,1343.1199617586567,0.7089276281035394,0.7202016681573532
77,2584.0,2.082344,3936.0,1352.0,1343.0606231736738,0.7142102482831485,0.7201698498915932
78,2592.0,2.088791,3936.0,1344.0,1343.0076595996936,0.7099841521394612,0.7201414500051957
79,2592.0,2.088791,3936.0,1344.0,1342.961219191449,0.7099841521394612,0.7201165479410168
80,2594.0,2.090403,3936.0,1342.0,1342.9214501036724,0.7089276281035394,0.7200952231419123
81,2594.0,2.090403,3936.0,1342.0,1342.8885004910971,0.7089276281035394,0.7200775550507383
82,2592.0,2.088791,3936.0,1344.0,1342.8625185084557,0.7099841521394612,0.7200636231103509
83,2592.0,2.088791,3936.0,1344.0,1342.8436523104808,0.7099841521394612,0.7200535067636059
84,2592.0,2.088791,3936.0,1344.0,1342.8320500519053,0.7099841521394612,0.7200472854533594
85,2592.0,2.088791,3936.0,1344.0,1342.8278598874624,0.7099841521394612,0.7200450386224674
86,2592.0,2.088791,3936.0,1344.0,1342.8504482552244,0.7099841521394612,0.7200571508541417
87,2579.0,2.078315,3936.0,1357.0,1342.879446493926,0.716851558372953,0.720072700157615
88,2592.0,2.088791,3936.0,1344.0,1342.915020188269,0.7099841521394612,0.7200917753219621
89,2571.0,2.071868,3936.0,1365.0,1342.9669440646242,0.7210776545166403,0.7201196177064347
90,2592.0,2.088791,3936.0,1344.0,1343.0155161580242,0.7099841521394612,0.7201456628131181
91,2592.0,2.088791,3936.0,1344.0,1343.0807783178243,0.7099841521394612,0.7201806573911855
92,2594.0,2.090403,3936.0,1342.0,1343.1526377207258,0.7089276281035394,0.7202191895128991
93,2592.0,2.088791,3936.0,1344.0,1343.2312686664147,0.7099841521394612,0.7202613526404427
94,2592.0,2.088791,3936.0,1344.0,1343.316845454577,0.7099841521394612,0.720307240236
95,2592.0,2.088791,3936.0,1344.0,1343.409542384898,0.7099841521394612,0.7203569457617541
96,2592.0,2.088791,3936.0,1344.0,1343.5095337570635,0.7099841521394612,0.7204105626798891
97,2579.0,2.078315,3936.0,1357.0,1343.6169938707592,0.716851558372953,0.7204681844525881
98,2584.0,2.082344,3936.0,1352.0,1343.7224878840007,0.7142102482831485,0.720524751971857
99,2592.0,2.088791,3936.0,1344.0,1343.8460576461428,0.7099841521394612,0.7205910119868686
100,2586.0,2.083956,3936.0,1350.0,1343.9269327002844,0.7131537242472267,0.720634378440025
101,2594.0,2.090403,3936.0,1342.0,1344.0139474608532,0.7089276281035394,0.7206810370985963
102,2579.0,2.078315,3936.0,1357.0,1344.1072326526137,0.716851558372953,0.7207310580592202
103,2594.0,2.090403,3936.0,1342.0,1344.2645738503486,0.7089276281035394,0.7208154268396009
104,2600.0,2.095238,3936.0,1336.0,1344.3765056224797,0.7057580559957739,0.7208754463846183
105,2586.0,2.083956,3936.0,1350.0,1344.542548732021,0.7131537242472267,0.7209644812645118
106,2579.0,2.078315,3936.0,1357.0,1344.7115505787265,0.716851558372953,0.7210551026649707
107,2592.0,2.088791,3936.0,1344.0,1344.750221578483,0.7099841521394612,0.7210758386523188
108,2595.0,2.091209,3936.0,1341.0,1344.7355045845252,0.7083993660855784,0.7210679471728527
109,2594.0,2.090403,3936.0,1342.0,1344.7668070650711,0.7089276281035394,0.7210847320463923
110,2600.0,2.095238,3936.0,1336.0,1344.7928631250788,0.7057580559957739,0.7210987037082077
111,2584.0,2.082344,3936.0,1352.0,1344.7656967760736,0.7142102482831485,0.7210841366922833
112,2595.0,2.091209,3936.0,1341.0,1344.727060636254,0.7083993660855784,0.7210634193973718
113,2592.0,2.088791,3936.0,1344.0,1344.7488419964711,0.7099841521394612,0.7210750988991362
114,2602.0,2.09685,3936.0,1334.0,1344.7118529886807,0.7047015319598521,0.721055264821859
115,2600.0,2.095238,3936.0,1336.0,1344.7353686307702,0.7057580559957739,0.7210678742723495
116,2592.0,2.088791,3936.0,1344.0,1344.7618037925945,0.7099841521394612,0.7210820492144142
117,2570.0,2.071062,3936.0,1366.0,1344.8008373356977,0.7216059165346012,0.7211029796031043
118,2592.0,2.088791,3936.0,1344.0,1344.8422805719547,0.7099841521394612,0.7211252021064815
119,2602.0,2.09685,3936.0,1334.0,1344.8766027945544,0.7047015319598521,0.7211436062123506
120,2575.0,2.075092,3936.0,1361.0,1344.852538108455,0.7189646064447967,0.721130702355982
121,2595.0,2.091209,3936.0,1341.0,1344.8277587936445,0.7083993660855784,0.7211174153046608
122,2600.0,2.095238,3936.0,1336.0,1344.8022822800913,0.7057580559957739,0.7211037544046055
123,2579.0,2.078315,3936.0,1357.0,1344.7761259977642,0.716851558372953,0.7210897290020345
124,2595.0,2.091209,3936.0,1341.0,1344.7493073766318,0.7083993660855784,0.7210753484431662
125,2586.0,2.083956,3936.0,1350.0,1344.721843846662,0.7131537242472267,0.7210606220742187
126,2594.0,2.090403,3936.0,1342.0,1344.6937528378244,0.7089276281035394,0.7210455592414107
127,2592.0,2.088791,3936.0,1344.0,1344.6650517800867,0.7099841521394612,0.7210301692909602
128,2592.0,2.088791,3936.0,1344.0,1344.6453672450878,0.7099841521394612,0.7210196141392635
129,2602.0,2.09685,3936.0,1334.0,1344.6244582547974,0.7047015319598521,0.7210084024157277
130,2592.0,2.088791,3936.0,1344.0,1344.6023509541678,0.7099841521394612,0.7209965481396801
131,2602.0,2.09685,3936.0,1334.0,1344.5790714881525,0.7047015319598521,0.7209840653304482
132,2584.0,2.082344,3936.0,1352.0,1344.5546460017038,0.7142102482831485,0.7209709680073596
133,2584.0,2.082344,3936.0,1352.0,1344.529100639775,0.7142102482831485,0.7209572701897419
134,2592.0,2.088791,3936.0,1344.0,1344.4928524056481,0.7099841521394612,0.7209378333267444
135,2586.0,2.083956,3936.0,1350.0,1344.4561858522766,0.7131537242472267,0.7209181721545069
136,2575.0,2.075092,3936.0,1361.0,1344.4191184096276,0.7189646064447967,0.720898296019247
137,2579.0,2.078315,3936.0,1357.0,1344.3611332617038,0.716851558372953,0.7208672034873422
138,2584.0,2.082344,3936.0,1352.0,1344.301448691845,0.7142102482831485,0.720835199699148
139,2584.0,2.082344,3936.0,1352.0,1344.2400647000509,0.7142102482831485,0.7208022846546642
140,2571.0,2.071868,3936.0,1365.0,1344.1769812863217,0.7210776545166403,0.7207684583538911
141,2584.0,2.082344,3936.0,1352.0,1344.1121984506576,0.7142102482831485,0.7207337207968287
142,2595.0,2.091209,3936.0,1341.0,1344.1374623185943,0.7083993660855784,0.7207472676730201
143,2575.0,2.075092,3936.0,1361.0,1344.1508380764712,0.7189646064447967,0.720754439960984
144,2592.0,2.088791,3936.0,1344.0,1344.1779329626054,0.7099841521394612,0.7207689686574132
145,2594.0,2.090403,3936.0,1342.0,1344.0829901808347,0.7089276281035394,0.7207180588714241
146,2592.0,2.088791,3936.0,1344.0,1344.0167092393726,0.7099841521394612,0.7206825180068944
147,2592.0,2.088791,3936.0,1344.0,1343.9688317302198,0.7099841521394612,0.7206568453470124
148,2592.0,2.088791,3936.0,1344.0,1343.9201655149893,0.7099841521394612,0.7206307497707497
149,2592.0,2.088791,3936.0,1344.0,1343.8707367386342,0.7099841521394612,0.7206042452974343
150,2592.0,2.088791,3936.0,1344.0,1343.8109624044369,0.7099841521394612,0.7205721933762153
151,2592.0,2.088791,3936.0,1344.0,1343.75112706535,0.7099841521394612,0.7205401087432323
152,2594.0,2.090403,3936.0,1342.0,1343.6912481513418,0.7089276281035394,0.7205080007447036
153,2592.0,2.088791,3936.0,1344.0,1343.6108088464139,0.7099841521394612,0.7204648679470056
154,2600.0,2.095238,3936.0,1336.0,1343.549561679873,0.7057580559957739,0.720432026270336
155,2592.0,2.088791,3936.0,1344.0,1343.488305798348,0.7099841521394612,0.7203991799205571
156,2579.0,2.078315,3936.0,1357.0,1343.427058631807,0.716851558372953,0.7203663382438875
157,2592.0,2.088791,3936.0,1344.0,1343.3658376102194,0.7099841521394612,0.7203335105865456
158,2594.0,2.090403,3936.0,1342.0,1343.3046601635529,0.7089276281035394,0.7203007062947494
159,2592.0,2.088791,3936.0,1344.0,1343.2435437217764,0.7099841521394612,0.7202679347147174
160,2600.0,2.095238,3936.0,1336.0,1343.1825057148585,0.7057580559957739,0.7202352051926681
161,2592.0,2.088791,3936.0,1344.0,1343.1215635727676,0.7099841521394612,0.7202025270748197
162,2592.0,2.088791,3936.0,1344.0,1343.0607347254722,0.7099841521394612,0.7201699097073905
163,2595.0,2.091209,3936.0,1341.0,1343.0096457446116,0.7083993660855784,0.7201425150067771
164,2595.0,2.091209,3936.0,1341.0,1342.9580556521544,0.7083993660855784,0.7201148516023858
165,2594.0,2.090403,3936.0,1342.0,1342.9059905930537,0.7089276281035394,0.7200869335135444
166,2594.0,2.090403,3936.0,1342.0,1342.901522420612,0.7089276281035394,0.7200845376104696
167,2602.0,2.09685,3936.0,1334.0,1342.8933852397874,0.7047015319598521,0.7200801743284317
168,2602.0,2.09685,3936.0,1334.0,1342.8816487704541,0.7047015319598521,0.7200738810523039
169,2592.0,2.088791,3936.0,1344.0,1342.8856010158263,0.7099841521394612,0.7200760003073153
170,2602.0,2.09685,3936.0,1334.0,1342.8655765964402,0.7047015319598521,0.7200652629043608
171,2595.0,2.091209,3936.0,1341.0,1342.8421794781373,0.7083993660855784,0.7200527170081552
172,2595.0,2.091209,3936.0,1341.0,1342.8154793807905,0.7083993660855784,0.7200384000035714
173,2586.0,2.083956,3936.0,1350.0,1342.737500315926,0.7131537242472267,0.7199965864245942
174,2600.0,2.095238,3936.0,1336.0,1342.659604043412,0.7057580559957739,0.7199548172401542
175,2592.0,2.088791,3936.0,1344.0,1342.5818167082014,0.7099841521394612,0.7199131064695787
176,2594.0,2.090403,3936.0,1342.0,1342.504164455247,0.7089276281035394,0.7198714681321956
177,2594.0,2.090403,3936.0,1342.0,1342.5363218757511,0.7089276281035394,0.7198887114377454
178,2600.0,2.095238,3936.0,1336.0,1342.521374806208,0.7057580559957739,0.719880696588197
179,2594.0,2.090403,3936.0,1342.0,1342.4491345584936,0.7089276281035394,0.7198419602516124
180,2603.0,2.097656,3936.0,1333.0,1342.4445461192688,0.7041732699418912,0.719839499859631
181,2600.0,2.095238,3936.0,1336.0,1342.4152925315275,0.7057580559957739,0.7198238136340587
182,2602.0,2.09685,3936.0,1334.0,1342.380661798484,0.7047015319598521,0.7198052441001246
183,2595.0,2.091209,3936.0,1341.0,1342.3407236400124,0.7083993660855784,0.7197838286427021
184,2603.0,2.097656,3936.0,1333.0,1342.2955477759874,0.7041732699418912,0.7197596046466648
185,2592.0,2.088791,3936.0,1344.0,1342.265738172249,0.7099841521394612,0.7197436202767271
186,2594.0,2.090403,3936.0,1342.0,1342.211629449334,0.7089276281035394,0.7197146063437837
187,2592.0,2.088791,3936.0,1344.0,1342.1422424874736,0.7099841521394612,0.7196773999831436
188,2607.0,2.100879,3936.0,1329.0,1342.0672474332268,0.7020602218700476,0.7196371864767481
189,2600.0,2.095238,3936.0,1336.0,1341.996972414468,0.7057580559957739,0.7195995039262828
190,2594.0,2.090403,3936.0,1342.0,1341.9424122553673,0.7089276281035394,0.7195702479262843
191,2594.0,2.090403,3936.0,1342.0,1341.8844358224276,0.7089276281035394,0.7195391600674884
192,2607.0,2.100879,3936.0,1329.0,1341.755866273803,0.7020602218700476,0.7194702190897425
193,2594.0,2.090403,3936.0,1342.0,1341.6958636070178,0.7089276281035394,0.7194380447330634
194,2594.0,2.090403,3936.0,1342.0,1341.6018437420823,0.7089276281035394,0.7193876298293359
195,2595.0,2.091209,3936.0,1341.0,1341.4662324861574,0.7083993660855784,0.7193149129793756
196,2595.0,2.091209,3936.0,1341.0,1341.3320984200684,0.7083993660855784,0.7192429882214205
197,2595.0,2.091209,3936.0,1341.0,1341.266731680457,0.7083993660855784,0.7192079375660431
198,2592.0,2.088791,3936.0,1344.0,1341.1105513186283,0.7099841521394612,0.7191241912438046
199,2592.0,2.088791,3936.0,1344.0,1340.954654193789,0.7099841521394612,0.7190405967976145
200,2592.0,2.088791,3936.0,1344.0,1340.8195832668894,0.7099841521394612,0.7189681696804228
201,2592.0,2.088791,3936.0,1344.0,1340.7136578619259,0.7099841521394612,0.7189113708422497
202,2607.0,2.100879,3936.0,1329.0,1340.625347183194,0.7020602218700476,0.7188640172923437
203,2594.0,2.090403,3936.0,1342.0,1340.487456958879,0.7089276281035394,0.7187900784243336
204,2595.0,2.091209,3936.0,1341.0,1340.3417398071797,0.7083993660855784,0.7187119426369721
205,2600.0,2.095238,3936.0,1336.0,1340.256135131068,0.7057580559957739,0.7186660400874657
206,2595.0,2.091209,3936.0,1341.0,1340.1114550624984,0.7083993660855784,0.7185884604000962
207,2602.0,2.09685,3936.0,1334.0,1339.9789289110092,0.7047015319598521,0.718517397830784
208,2579.0,2.078315,3936.0,1357.0,1339.8483156985706,0.716851558372953,0.7184473610089364
209,2592.0,2.088791,3936.0,1344.0,1339.7812443080336,0.7099841521394612,0.7184113962934041
210,2594.0,2.090403,3936.0,1342.0,1339.731063428535,0.7089276281035394,0.7183844885307668
211,2607.0,2.100879,3936.0,1329.0,1339.6889090495602,0.7020602218700476,0.7183618847016806
212,2594.0,2.090403,3936.0,1342.0,1339.6548683209526,0.7089276281035394,0.7183436315372378
213,2592.0,2.088791,3936.0,1344.0,1339.6386375342247,0.7099841521394612,0.7183349283387077
214,2595.0,2.091209,3936.0,1341.0,1339.620436289551,0.7083993660855784,0.718325168550193
215,2602.0,2.09685,3936.0,1334.0,1339.6106188597564,0.7047015319598521,0.7183199042927056
216,2592.0,2.088791,3936.0,1344.0,1339.609272394685,0.7099841521394612,0.718319182297338
217,2602.0,2.09685,3936.0,1334.0,1339.6260931858485,0.7047015319598521,0.7183282018653593
218,2592.0,2.088791,3936.0,1344.0,1339.6509099750915,0.7099841521394612,0.7183415090110499
219,2592.0,2.088791,3936.0,1344.0,1339.601681643375,0.7099841521394612,0.7183151120192456
220,2602.0,2.09685,3936.0,1334.0,1339.6033531773603,0.7047015319598521,0.7183160083215855
221,2603.0,2.097656,3936.0,1333.0,1339.6046586820055,0.7041732699418912,0.7183167083533399
222,2602.0,2.09685,3936.0,1334.0,1339.6056678771856,0.7047015319598521,0.7183172494993827
223,2592.0,2.088791,3936.0,1344.0,1339.6064504827743,0.7099841521394612,0.7183176691445868
224,2592.0,2.088791,3936.0,1344.0,1339.6070762186457,0.7099841521394612,0.7183180046738256
225,2595.0,2.091209,3936.0,1341.0,1339.6076148046745,0.7083993660855784,0.7183182934719727
226,2602.0,2.09685,3936.0,1334.0,1339.6081359607344,0.7047015319598521,0.7183185729239014
227,2592.0,2.088791,3936.0,1344.0,1339.62792769004,0.7099841521394612,0.7183291855548409
228,2594.0,2.090403,3936.0,1342.0,1339.6273246131275,0.7089276281035394,0.7183288621756858
229,2592.0,2.088791,3936.0,1344.0,1339.6269306958382,0.7099841521394612,0.7183286509511512
230,2595.0,2.091209,3936.0,1341.0,1339.6268156580454,0.7083993660855784,0.7183285892661099
231,2594.0,2.090403,3936.0,1342.0,1339.646267502964,0.7089276281035394,0.7183390196457916
232,2594.0,2.090403,3936.0,1342.0,1339.67444827614,0.7089276281035394,0.7183541306116242
233,2594.0,2.090403,3936.0,1342.0,1339.7780598527768,0.7089276281035394,0.7184096887393111
234,2592.0,2.088791,3936.0,1344.0,1339.7982577003497,0.7099841521394612,0.7184205191371381
235,2594.0,2.090403,3936.0,1342.0,1339.8076655258828,0.7089276281035394,0.7184255637584941
236,2595.0,2.091209,3936.0,1341.0,1339.8262467438717,0.7083993660855784,0.718435527294569
237,2595.0,2.091209,3936.0,1341.0,1339.8232958501937,0.7083993660855784,0.718433944979802
238,2600.0,2.095238,3936.0,1336.0,1339.818109563047,0.7057580559957739,0.718431164012531
239,2594.0,2.090403,3936.0,1342.0,1339.8107663172907,0.7089276281035394,0.7184272264507391
240,2602.0,2.09685,3936.0,1334.0,1339.7910774247996,0.7047015319598521,0.7184166689624878
241,2592.0,2.088791,3936.0,1344.0,1339.7789888701013,0.7099841521394612,0.7184101868927494
242,2603.0,2.097656,3936.0,1333.0,1339.7547028234012,0.7041732699418912,0.7183971643394076
243,2600.0,2.095238,3936.0,1336.0,1339.7278981462434,0.7057580559957739,0.7183827912575138
244,2592.0,2.088791,3936.0,1344.0,1339.698644558502,0.7099841521394612,0.7183671050319415
245,2602.0,2.09685,3936.0,1334.0,1339.6670117800518,0.7047015319598521,0.7183501430475641
246,2602.0,2.09685,3936.0,1334.0,1339.6715060974466,0.7047015319598521,0.7183525529699665
247,2592.0,2.088791,3936.0,1344.0,1339.671163598564,0.7099841521394612,0.7183523693167756
248,2603.0,2.097656,3936.0,1333.0,1339.6660888632164,0.7041732699418912,0.7183496481653023
249,2600.0,2.095238,3936.0,1336.0,1339.628217027518,0.7057580559957739,0.7183293407020654
250,2592.0,2.088791,3936.0,1344.0,1339.6172553202878,0.7099841521394612,0.7183234628653437
251,2586.0,2.083956,3936.0,1350.0,1339.6121160940563,0.7131537242472267,0.7183207071328623
252,2595.0,2.091209,3936.0,1341.0,1339.6033035019498,0.7083993660855784,0.7183159816848631
253,2594.0,2.090403,3936.0,1342.0,1339.5524942720842,0.7089276281035394,0.7182887369910541
254,2602.0,2.09685,3936.0,1334.0,1339.4392325933518,0.7047015319598521,0.7182280043295763
255,2602.0,2.09685,3936.0,1334.0,1339.3725350756408,0.7047015319598521,0.7181922400904279
256,2611.0,2.104103,3936.0,1325.0,1339.2915266822392,0.6999471737982039,0.7181488021387008
257,2594.0,2.090403,3936.0,1342.0,1339.2032456344539,0.7089276281035394,0.7181014644773661
258,2602.0,2.09685,3936.0,1334.0,1339.107752937175,0.7047015319598521,0.718050259818188
259,2602.0,2.09685,3936.0,1334.0,1339.018008643529,0.7047015319598521,0.7180021375418227
260,2607.0,2.100879,3936.0,1329.0,1338.875769642057,0.7020602218700476,0.7179258667923336
261,2611.0,2.104103,3936.0,1325.0,1338.7675443527414,0.6999471737982039,0.717867834720649
262,2602.0,2.09685,3936.0,1334.0,1338.703660903455,0.7047015319598521,0.7178335794284534
263,2592.0,2.088791,3936.0,1344.0,1338.6464452886435,0.7099841521394612,0.7178028995320889
264,2603.0,2.097656,3936.0,1333.0,1338.586401661432,0.7041732699418912,0.7177707032117965
265,2602.0,2.09685,3936.0,1334.0,1338.5620798832967,0.7047015319598521,0.7177576614987072
266,2594.0,2.090403,3936.0,1342.0,1338.5325596170367,0.7089276281035394,0.7177418322759943
267,2594.0,2.090403,3936.0,1342.0,1338.4979890173847,0.7089276281035394,0.7177232949865134
268,2603.0,2.097656,3936.0,1333.0,1338.4482491160907,0.7041732699418912,0.7176966236832004
269,2603.0,2.097656,3936.0,1333.0,1338.3930884945728,0.7041732699418912,0.7176670457059795
270,2594.0,2.090403,3936.0,1342.0,1338.2660405822035,0.7089276281035394,0.7175989206530956
271,2595.0,2.091209,3936.0,1341.0,1338.1397116560377,0.7083993660855784,0.7175311811317188
272,2602.0,2.09685,3936.0,1334.0,1338.014180150934,0.7047015319598521,0.7174638691998317
273,2607.0,2.100879,3936.0,1329.0,1337.8799153600803,0.7020602218700476,0.7173918743452389
274,2595.0,2.091209,3936.0,1341.0,1337.747254126335,0.7083993660855784,0.7173207393427347
275,2594.0,2.090403,3936.0,1342.0,1337.6258753112415,0.7089276281035394,0.71725565414737
276,2602.0,2.09685,3936.0,1334.0,1337.5055902266756,0.7047015319598521,0.717191155427207
277,2592.0,2.088791,3936.0,1344.0,1337.3864773074959,0.7099841521394612,0.7171272852402283
278,2592.0,2.088791,3936.0,1344.0,1337.2686149885606,0.7099841521394612,0.7170640856444164
279,2600.0,2.095238,3936.0,1336.0,1337.1418145817452,0.7057580559957739,0.7169960933078331
280,2607.0,2.100879,3936.0,1329.0,1337.0157549485937,0.7020602218700476,0.7169284981855298
281,2602.0,2.09685,3936.0,1334.0,1336.8905058089804,0.7047015319598521,0.71686133766238
282,2594.0,2.090403,3936.0,1342.0,1336.8045734494594,0.7089276281035394,0.7168152594039684
283,2594.0,2.090403,3936.0,1342.0,1336.716993957909,0.7089276281035394,0.7167682979279224
284,2602.0,2.09685,3936.0,1334.0,1336.6278719141405,0.7047015319598521,0.7167205093115523
285,2594.0,2.090403,3936.0,1342.0,1336.5091424542693,0.7089276281035394,0.7166568447413774
286,2595.0,2.091209,3936.0,1341.0,1336.3923433634166,0.7083993660855784,0.716594215264885
287,2592.0,2.088791,3936.0,1344.0,1336.2775530764409,0.7099841521394612,0.7165326629400577
288,2611.0,2.104103,3936.0,1325.0,1336.1648500282006,0.6999471737982039,0.716472229824878
289,2594.0,2.090403,3936.0,1342.0,1336.0927492202343,0.7089276281035394,0.7164335682580402
290,2595.0,2.091209,3936.0,1341.0,1336.0202954554047,0.7083993660855784,0.7163947174302807
291,2592.0,2.088791,3936.0,1344.0,1335.9476020285072,0.7099841521394612,0.7163557380920188
292,2595.0,2.091209,3936.0,1341.0,1335.8747822343378,0.7083993660855784,0.716316690993674
293,2592.0,2.088791,3936.0,1344.0,1335.7916822447087,0.7099841521394612,0.7162721314957448
294,2592.0,2.088791,3936.0,1344.0,1335.6361459202185,0.7099841521394612,0.7161887305162744
295,2600.0,2.095238,3936.0,1336.0,1335.475480827478,0.7057580559957739,0.7161025794120537
296,2607.0,2.100879,3936.0,1329.0,1335.4124017712409,0.7020602218700476,0.7160687554478351
297,2600.0,2.095238,3936.0,1336.0,1335.320146690623,0.7057580559957739,0.7160192868487161
298,2607.0,2.100879,3936.0,1329.0,1335.266084157125,0.7020602218700476,0.7159902976832516
299,2602.0,2.09685,3936.0,1334.0,1335.1708485518823,0.7047015319598521,0.7159392308807941
300,2600.0,2.095238,3936.0,1336.0,1335.0371763799599,0.7057580559957739,0.7158675537976253
301,2592.0,2.088791,3936.0,1344.0,1334.9164729761487,0.7099841521394612,0.715802830768222
302,2600.0,2.095238,3936.0,1336.0,1334.7992076336366,0.7057580559957739,0.7157399512803886
303,2592.0,2.088791,3936.0,1344.0,1334.6854587872826,0.7099841521394612,0.7156789573921079
304,2616.0,2.108132,3936.0,1320.0,1334.5656957302756,0.6973058637083994,0.7156147385911847
305,2611.0,2.104103,3936.0,1325.0,1334.4502553054722,0.6999471737982039,0.7155528376524127
306,2602.0,2.09685,3936.0,1334.0,1334.3392072327472,0.7047015319598521,0.7154932919606657
307,2592.0,2.088791,3936.0,1344.0,1334.2326212319754,0.7099841521394612,0.7154361389008173
308,2600.0,2.095238,3936.0,1336.0,1334.13056702303,0.7057580559957739,0.7153814158577402
309,2618.0,2.109744,3936.0,1318.0,1334.033114325786,0.6962493396724776,0.7153291602163084
310,2611.0,2.104103,3936.0,1325.0,1333.9403328601175,0.6999471737982039,0.7152794093613951
311,2603.0,2.097656,3936.0,1333.0,1333.8522923458984,0.7041732699418912,0.7152322006778736
312,2618.0,2.109744,3936.0,1318.0,1333.7690625030036,0.6962493396724776,0.7151875715506177
313,2602.0,2.09685,3936.0,1334.0,1333.7003221929763,0.7047015319598521,0.715150711934678
314,2600.0,2.095238,3936.0,1336.0,1333.62561560471,0.7057580559957739,0.7151106531081968
315,2611.0,2.104103,3936.0,1325.0,1333.5546215997476,0.6999471737982039,0.7150725850262243
316,2603.0,2.097656,3936.0,1333.0,1333.487409897964,0.7041732699418912,0.7150365450736343
317,2602.0,2.09685,3936.0,1334.0,1333.3727146043166,0.7047015319598521,0.714975043685697
318,2607.0,2.100879,3936.0,1329.0,1333.2970441387886,0.7020602218700476,0.7149344680133407
319,2618.0,2.109744,3936.0,1318.0,1333.2578275810156,0.6962493396724776,0.7149134394893579
320,2603.0,2.097656,3936.0,1333.0,1333.155121491246,0.7041732699418912,0.7148583668977146
321,2603.0,2.097656,3936.0,1333.0,1333.0697904656402,0.7041732699418912,0.714812611083836
322,2603.0,2.097656,3936.0,1333.0,1332.9826772257493,0.7041732699418912,0.7147658996191312
323,2607.0,2.100879,3936.0,1329.0,1332.8554062097826,0.7020602218700476,0.7146976549346524
324,2611.0,2.104103,3936.0,1325.0,1332.7804076695425,0.6999471737982039,0.7146574395590135
325,2607.0,2.100879,3936.0,1329.0,1332.7481421832333,0.7020602218700476,0.7146401383069099
326,2594.0,2.090403,3936.0,1342.0,1332.6792092720539,0.7089276281035394,0.7146031754152578
327,2618.0,2.109744,3936.0,1318.0,1332.6147471478112,0.6962493396724776,0.7145686098286129
328,2595.0,2.091209,3936.0,1341.0,1332.5034899154637,0.7083993660855784,0.7145089519822457
329,2619.0,2.110549,3936.0,1317.0,1332.4832816099092,0.6957210776545166,0.7144981159766876
330,2602.0,2.09685,3936.0,1334.0,1332.4651126106771,0.7047015319598521,0.7144883734786768
331,2600.0,2.095238,3936.0,1336.0,1332.3772176366956,0.7057580559957739,0.7144412428360786
332,2603.0,2.097656,3936.0,1333.0,1332.2869042545758,0.7041732699418912,0.714392815405684
333,2607.0,2.100879,3936.0,1329.0,1332.194216039239,0.7020602218700476,0.7143431145530389
334,2618.0,2.109744,3936.0,1318.0,1332.0991965656067,0.6962493396724776,0.7142921636436891
335,2607.0,2.100879,3936.0,1329.0,1332.0018894086,0.7020602218700476,0.7142399860431804
336,2607.0,2.100879,3936.0,1329.0,1331.902338143141,0.7020602218700476,0.714186605117059
337,2602.0,2.09685,3936.0,1334.0,1331.8005863441501,0.7047015319598521,0.7141320442308704
338,2594.0,2.090403,3936.0,1342.0,1331.6966775865496,0.7089276281035394,0.7140763267501608
339,2592.0,2.088791,3936.0,1344.0,1331.5906554452606,0.7099841521394612,0.7140194760404759
340,2619.0,2.110549,3936.0,1317.0,1331.4825634952044,0.6957210776545166,0.7139615154673615
341,2619.0,2.110549,3936.0,1317.0,1331.3243996029528,0.6957210776545166,0.7138767055454743
342,2611.0,2.104103,3936.0,1325.0,1331.1674993834224,0.6999471737982039,0.7137925732244178
343,2618.0,2.109744,3936.0,1318.0,1331.0837326974956,0.6962493396724776,0.7137476562336366
344,2611.0,2.104103,3936.0,1325.0,1330.9340266974905,0.6999471737982039,0.7136673815642052
345,2600.0,2.095238,3936.0,1336.0,1330.7856453750962,0.7057580559957739,0.7135878172073685
346,2602.0,2.09685,3936.0,1334.0,1330.7104585911954,0.7047015319598521,0.7135475008925712
347,2602.0,2.09685,3936.0,1334.0,1330.7277456340187,0.7047015319598521,0.7135567704719338
348,2603.0,2.097656,3936.0,1333.0,1330.6733719755814,0.7041732699418912,0.7135276144764714
349,2603.0,2.097656,3936.0,1333.0,1330.6865499033152,0.7041732699418912,0.713534680684857
350,2607.0,2.100879,3936.0,1329.0,1330.7001548652788,0.7020602218700476,0.7135419758755924
351,2602.0,2.09685,3936.0,1334.0,1330.7143263012201,0.7047015319598521,0.7135495748184238
352,2595.0,2.091209,3936.0,1341.0,1330.6778680359728,0.7083993660855784,0.7135300253334955
353,2603.0,2.097656,3936.0,1333.0,1330.6389216427128,0.7041732699418912,0.7135091416758974
354,2603.0,2.097656,3936.0,1333.0,1330.6489186011831,0.7041732699418912,0.7135145021994336
355,2616.0,2.108132,3936.0,1320.0,1330.6702197657664,0.6973058637083994,0.7135259242128824
356,2607.0,2.100879,3936.0,1329.0,1330.631761411626,0.7020602218700476,0.713505302249398
357,2610.0,2.103297,3936.0,1326.0,1330.6528969915082,0.7004754358161648,0.7135166354737726
358,2602.0,2.09685,3936.0,1334.0,1330.6658526871424,0.7047015319598521,0.7135235825178741
359,2603.0,2.097656,3936.0,1333.0,1330.641940513268,0.7041732699418912,0.713510760440916
360,2616.0,2.108132,3936.0,1320.0,1330.622333541629,0.6973058637083994,0.7135002468798909
361,2607.0,2.100879,3936.0,1329.0,1330.6174034750204,0.7020602218700476,0.7134976033020298
362,2602.0,2.09685,3936.0,1334.0,1330.6176544665677,0.7047015319598521,0.7134977378875741
363,2595.0,2.091209,3936.0,1341.0,1330.6231998110668,0.7083993660855784,0.7135007113869432
364,2602.0,2.09685,3936.0,1334.0,1330.6238856803297,0.7047015319598521,0.7135010791606352
365,2603.0,2.097656,3936.0,1333.0,1330.6396929188213,0.7041732699418912,0.7135095552460593
366,2607.0,2.100879,3936.0,1329.0,1330.6226891129877,0.7020602218700476,0.7135004375427453
367,2607.0,2.100879,3936.0,1329.0,1330.6524577563,0.7020602218700476,0.7135163999490699
368,2607.0,2.100879,3936.0,1329.0,1330.7162130953175,0.7020602218700476,0.7135505865465606
369,2618.0,2.109744,3936.0,1318.0,1330.7826352195252,0.6962493396724776,0.7135862031154592
370,2611.0,2.104103,3936.0,1325.0,1330.8518635686717,0.6999471737982039,0.7136233244255122
371,2602.0,2.09685,3936.0,1334.0,1330.87270196759,0.7047015319598521,0.7136344982968641
372,2611.0,2.104103,3936.0,1325.0,1330.8932919894557,0.6999471737982039,0.713645538984604
373,2602.0,2.09685,3936.0,1334.0,1330.961775207446,0.7047015319598521,0.7136822607438226
374,2603.0,2.097656,3936.0,1333.0,1331.0269554463937,0.7041732699418912,0.7137172113946636
375,2607.0,2.100879,3936.0,1329.0,1331.0889721460464,0.7020602218700476,0.7137504657068734
376,2619.0,2.110549,3936.0,1317.0,1331.1479647461533,0.6957210776545166,0.7137820984501991
377,2611.0,2.104103,3936.0,1325.0,1331.2040726864627,0.6999471737982039,0.7138121843943874
378,2603.0,2.097656,3936.0,1333.0,1331.2369011607566,0.7041732699418912,0.7138297875293439
379,2602.0,2.09685,3936.0,1334.0,1331.2863247081211,0.7047015319598521,0.7138562891987938
380,2600.0,2.095238,3936.0,1336.0,1331.3332644849652,0.7057580559957739,0.7138814590321286
381,2602.0,2.09685,3936.0,1334.0,1331.329814222688,0.7047015319598521,0.7138796089482058
382,2602.0,2.09685,3936.0,1334.0,1331.3068711550657,0.7047015319598521,0.7138673065209881
383,2594.0,2.090403,3936.0,1342.0,1331.273464877314,0.7089276281035394,0.7138493935588933
384,2594.0,2.090403,3936.0,1342.0,1331.1571372671108,0.7089276281035394,0.7137870168976073
385,2603.0,2.097656,3936.0,1333.0,1331.1168984416815,0.7041732699418912,0.7137654402179182
386,2603.0,2.097656,3936.0,1333.0,1331.0862121105242,0.7041732699418912,0.7137489857331973
387,2626.0,2.11619,3936.0,1310.0,1331.0452804438446,0.6920232435287903,0.7137270375413288
388,2595.0,2.091209,3936.0,1341.0,1331.0037823031867,0.7083993660855784,0.7137047855973638
389,2592.0,2.088791,3936.0,1344.0,1330.9617874084242,0.7099841521394612,0.7136822672861756
390,2618.0,2.109744,3936.0,1318.0,1330.9193654794321,0.6962493396724776,0.7136595199926379
391,2602.0,2.09685,3936.0,1334.0,1330.8381496694046,0.7047015319598521,0.7136159708209123
392,2603.0,2.097656,3936.0,1333.0,1330.7592433302123,0.7041732699418912,0.7135736600231187
393,2611.0,2.104103,3936.0,1325.0,1330.7211178884716,0.6999471737982039,0.713553216572405
394,2618.0,2.109744,3936.0,1318.0,1330.682774572124,0.6962493396724776,0.7135326562939619
395,2603.0,2.097656,3936.0,1333.0,1330.6442831010434,0.7041732699418912,0.7135120165726627
396,2626.0,2.11619,3936.0,1310.0,1330.605713195104,0.6920232435287903,0.7134913347933808
397,2607.0,2.100879,3936.0,1329.0,1330.5260660822476,0.7020602218700476,0.7134486267813072
398,2626.0,2.11619,3936.0,1310.0,1330.51107718078,0.6920232435287903,0.7134405895008347
399,2603.0,2.097656,3936.0,1333.0,1330.4985816363155,0.7041732699418912,0.7134338891968975
400,2602.0,2.09685,3936.0,1334.0,1330.5194853976154,0.7047015319598521,0.7134450981165679
401,2595.0,2.091209,3936.0,1341.0,1330.5616868375055,0.7083993660855784,0.7134677271804437
402,2602.0,2.09685,3936.0,1334.0,1330.5919182464831,0.7047015319598521,0.7134839377288655
403,2607.0,2.100879,3936.0,1329.0,1330.6103452092502,0.7020602218700476,0.7134938185509081
404,2607.0,2.100879,3936.0,1329.0,1330.658201802441,0.7020602218700476,0.7135194799953283
405,2603.0,2.097656,3936.0,1333.0,1330.697251904014,0.7041732699418912,0.7135404192629256
406,2619.0,2.110549,3936.0,1317.0,1330.7373051002783,0.6957210776545166,0.7135618964053894
407,2607.0,2.100879,3936.0,1329.0,1330.7176257942697,0.7020602218700476,0.713551344057558
408,2611.0,2.104103,3936.0,1325.0,1330.696692402023,0.6999471737982039,0.7135401192493165
409,2607.0,2.100879,3936.0,1329.0,1330.6548029585708,0.7020602218700476,0.7135176574827495
410,2607.0,2.100879,3936.0,1329.0,1330.5761946718405,0.7020602218700476,0.7134755065052895
411,2616.0,2.108132,3936.0,1320.0,1330.4944402757849,0.6973058637083994,0.7134316685354172
412,2618.0,2.109744,3936.0,1318.0,1330.3686107182182,0.6962493396724776,0.7133641967831961
413,2602.0,2.09685,3936.0,1334.0,1330.304511137322,0.7047015319598521,0.7133298255978932
414,2607.0,2.100879,3936.0,1329.0,1330.2304372569142,0.7020602218700476,0.7132901060391378
415,2618.0,2.109744,3936.0,1318.0,1330.0792906700067,0.6962493396724776,0.7132090589047593
416,2595.0,2.091209,3936.0,1341.0,1329.8819773253613,0.7083993660855784,0.7131032564418301
417,2586.0,2.083956,3936.0,1350.0,1329.6770035095317,0.7131537242472267,0.7129933463159351
418,2602.0,2.09685,3936.0,1334.0,1329.4644389423918,0.7047015319598521,0.7128793659119473
419,2618.0,2.109744,3936.0,1318.0,1329.2347442021462,0.6962493396724776,0.7127562000445625
420,2602.0,2.09685,3936.0,1334.0,1328.9982474166682,0.7047015319598521,0.7126293868154656
421,2602.0,2.09685,3936.0,1334.0,1328.8371465747134,0.7047015319598521,0.712543002055786
422,2616.0,2.108132,3936.0,1320.0,1328.6746992676872,0.6973058637083994,0.7124558953007388
423,2616.0,2.108132,3936.0,1320.0,1328.5110362203534,0.6973058637083994,0.7123681366469614
424,2602.0,2.09685,3936.0,1334.0,1328.35655528046,0.7047015319598521,0.7122853015810124
425,2619.0,2.110549,3936.0,1317.0,1328.2017867460854,0.6957210776545166,0.7122023123024607
426,2611.0,2.104103,3936.0,1325.0,1328.0366029339941,0.6999471737982039,0.7121137381911318
427,2611.0,2.104103,3936.0,1325.0,1327.8707437106214,0.6999471737982039,0.7120248019138421
428,2602.0,2.09685,3936.0,1334.0,1327.7043398007308,0.7047015319598521,0.7119355735672288
429,2611.0,2.104103,3936.0,1325.0,1327.5375219290868,0.6999471737982039,0.7118461232479295
430,2624.0,2.114579,3936.0,1312.0,1327.3704208204535,0.6930797675647121,0.711756521052582
431,2607.0,2.100879,3936.0,1329.0,1327.2031671995956,0.7020602218700476,0.7116668370778241
432,2616.0,2.108132,3936.0,1320.0,1327.0358917912768,0.6973058637083994,0.7115771414202932
433,2611.0,2.104103,3936.0,1325.0,1326.8276568283284,0.6999471737982039,0.7114654826169441
434,2603.0,2.097656,3936.0,1333.0,1326.6169947422575,0.7041732699418912,0.7113525223526896
435,2618.0,2.109744,3936.0,1318.0,1326.404001397891,0.6962493396724776,0.7112383120317305
436,2607.0,2.100879,3936.0,1329.0,1326.229841151989,0.7020602218700476,0.7111449246179501
437,2603.0,2.097656,3936.0,1333.0,1326.056208162636,0.7041732699418912,0.711051819927275
438,2603.0,2.097656,3936.0,1333.0,1325.8832331545964,0.7041732699418912,0.7109590680563427
439,2607.0,2.100879,3936.0,1329.0,1325.7110468526346,0.7020602218700476,0.7108667391017909
440,2611.0,2.104103,3936.0,1325.0,1325.4987114895814,0.6999471737982039,0.7107528816005746
441,2603.0,2.097656,3936.0,1333.0,1325.2847594969437,0.7041732699418912,0.7106381572376059
442,2618.0,2.109744,3936.0,1318.0,1325.069286739549,0.6962493396724776,0.7105226174170861
443,2602.0,2.09685,3936.0,1334.0,1324.833170798884,0.7047015319598521,0.7103960084028602
444,2611.0,2.104103,3936.0,1325.0,1324.6162426391143,0.6999471737982039,0.7102796881731079
445,2602.0,2.09685,3936.0,1334.0,1324.3980638790995,0.7047015319598521,0.7101626973521887
446,2611.0,2.104103,3936.0,1325.0,1324.1787303836672,0.6999471737982039,0.7100450873443036
447,2616.0,2.108132,3936.0,1320.0,1323.9583380176448,0.6973058637083994,0.7099269095536537
448,2618.0,2.109744,3936.0,1318.0,1323.7369826458594,0.6962493396724776,0.7098082153844398
449,2618.0,2.109744,3936.0,1318.0,1323.4736916412046,0.6962493396724776,0.7096670346811802
450,2607.0,2.100879,3936.0,1329.0,1323.2480310671835,0.7020602218700476,0.7095460319960332
451,2616.0,2.108132,3936.0,1320.0,1323.0627287138764,0.6973058637083994,0.709446670012171
452,2619.0,2.110549,3936.0,1317.0,1322.8794787393676,0.6957210776545166,0.7093484085455197
453,2611.0,2.104103,3936.0,1325.0,1322.6984118684218,0.6999471737982039,0.7092513176927172
454,2618.0,2.109744,3936.0,1318.0,1322.5196588258027,0.6962493396724776,0.7091554675504008
455,2603.0,2.097656,3936.0,1333.0,1322.3536174592584,0.7041732699418912,0.7090664336051293
456,2603.0,2.097656,3936.0,1333.0,1322.1908180668672,0.7041732699418912,0.7089791380564714
457,2616.0,2.108132,3936.0,1320.0,1322.0314000883775,0.6973058637083994,0.7088936556741738
458,2626.0,2.11619,3936.0,1310.0,1321.8755029635379,0.6920232435287903,0.7088100612279834
459,2611.0,2.104103,3936.0,1325.0,1321.723266132097,0.6999471737982039,0.7087284294876472
460,2607.0,2.100879,3936.0,1329.0,1321.5748290338033,0.7020602218700476,0.7086488352229119
461,2611.0,2.104103,3936.0,1325.0,1321.4303311084054,0.6999471737982039,0.7085713532035243
462,2619.0,2.110549,3936.0,1317.0,1321.2899117956517,0.6957210776545166,0.7084960581992312
463,2607.0,2.100879,3936.0,1329.0,1321.1537105352907,0.7020602218700476,0.7084230249797794
464,2626.0,2.11619,3936.0,1310.0,1321.0212087857574,0.6920232435287903,0.7083519754951729
465,2595.0,2.091209,3936.0,1341.0,1320.8918880054878,0.7083993660855784,0.7082826316954162
466,2611.0,2.104103,3936.0,1325.0,1320.765887634229,0.6999471737982039,0.7082150683502552
467,2607.0,2.100879,3936.0,1329.0,1320.7106111034204,0.7020602218700476,0.7081854282206823
468,2611.0,2.104103,3936.0,1325.0,1320.654388996817,0.6999471737982039,0.7081552810587638
469,2607.0,2.100879,3936.0,1329.0,1320.556353267125,0.7020602218700476,0.7081027127863283
470,2607.0,2.100879,3936.0,1329.0,1320.4140375737911,0.7020602218700476,0.7080264009134783
471,2618.0,2.109744,3936.0,1318.0,1320.307077700193,0.6962493396724776,0.707969047377246
472,2619.0,2.110549,3936.0,1317.0,1320.197202664353,0.6957210776545166,0.7079101306859943
473,2626.0,2.11619,3936.0,1310.0,1320.0845780509715,0.6920232435287903,0.7078497396287973
474,2611.0,2.104103,3936.0,1325.0,1320.020047078353,0.6999471737982039,0.70781513712459
475,2607.0,2.100879,3936.0,1329.0,1319.9551152164577,0.7020602218700476,0.7077803196573607
476,2619.0,2.110549,3936.0,1317.0,1319.848923132975,0.6957210776545166,0.7077233778220468
477,2632.0,2.121026,3936.0,1304.0,1319.7811501862034,0.6888536714210248,0.7076870369212258
478,2626.0,2.11619,3936.0,1310.0,1319.7039598274162,0.6920232435287903,0.707645646258629
479,2634.0,2.122637,3936.0,1302.0,1319.627819624235,0.687797147385103,0.7076048187056879
480,2627.0,2.116996,3936.0,1309.0,1319.5118615293657,0.6914949815108293,0.7075426401842312
481,2619.0,2.110549,3936.0,1317.0,1319.3274237024993,0.6957210776545166,0.7074437417727992
482,2635.0,2.123443,3936.0,1301.0,1319.1464805843302,0.6872688853671421,0.707346717278147
483,2619.0,2.110549,3936.0,1317.0,1318.9691367546695,0.6957210776545166,0.7072516227775845
484,2618.0,2.109744,3936.0,1318.0,1318.7954967933292,0.6962493396724776,0.707158514348422
485,2634.0,2.122637,3936.0,1302.0,1318.6256652801203,0.687797147385103,0.7070674480679696
486,2626.0,2.11619,3936.0,1310.0,1318.4597467948543,0.6920232435287903,0.7069784800135374
487,2627.0,2.116996,3936.0,1309.0,1318.2978459173423,0.6914949815108293,0.7068916662624354
488,2619.0,2.110549,3936.0,1317.0,1318.140067227396,0.6957210776545166,0.7068070628919738
489,2619.0,2.110549,3936.0,1317.0,1317.986515304827,0.6957210776545166,0.7067247259794629
490,2611.0,2.104103,3936.0,1325.0,1317.8372947294463,0.6999471737982039,0.7066447116022125
491,2634.0,2.122637,3936.0,1302.0,1317.6925100810656,0.687797147385103,0.7065670758375331
492,2627.0,2.116996,3936.0,1309.0,1317.603601554412,0.6914949815108293,0.7065194017123377
493,2619.0,2.110549,3936.0,1317.0,1317.5899355875586,0.6957210776545166,0.7065120738098383
494,2618.0,2.109744,3936.0,1318.0,1317.5798514792455,0.6962493396724776,0.7065066665552104
495,2619.0,2.110549,3936.0,1317.0,1317.5735583890953,0.6957210776545166,0.7065032921030743
496,2611.0,2.104103,3936.0,1325.0,1317.5712654767303,0.6999471737982039,0.7065020626080498
497,2618.0,2.109744,3936.0,1318.0,1317.5731819017744,0.6962493396724776,0.706503090224758
498,2616.0,2.108132,3936.0,1320.0,1317.4198487253107,0.6973058637083994,0.7064208706072872
499,2618.0,2.109744,3936.0,1318.0,1317.3369517948156,0.6962493396724776,0.7063764199928019
500,2607.0,2.100879,3936.0,1329.0,1317.2527519741698,0.7020602218700476,0.7063312707484944
501,2607.0,2.100879,3936.0,1329.0,1317.1673799881382,0.7020602218700476,0.706285492971003
502,2618.0,2.109744,3936.0,1318.0,1317.0137025697952,0.6962493396724776,0.7062030887657197
503,2618.0,2.109744,3936.0,1318.0,1316.863659299898,0.6962493396724776,0.706122633246963
504,2618.0,2.109744,3936.0,1318.0,1316.7173198983212,0.6962493396724776,0.7060441637996064
505,2618.0,2.109744,3936.0,1318.0,1316.5747540849388,0.6962493396724776,0.7059677178085233
506,2618.0,2.109744,3936.0,1318.0,1316.503295571314,0.6962493396724776,0.7059294006498317
507,2626.0,2.11619,3936.0,1310.0,1316.4312052213288,0.6920232435287903,0.7058907446907248
508,2618.0,2.109744,3936.0,1318.0,1316.3586137597479,0.6962493396724776,0.7058518200278405
509,2618.0,2.109744,3936.0,1318.0,1316.2856519113345,0.6962493396724776,0.705812696757816
510,2595.0,2.091209,3936.0,1341.0,1316.2535188927866,0.7083993660855784,0.705795466536972
511,2618.0,2.109744,3936.0,1318.0,1316.2239437221256,0.6962493396724776,0.7057796078736712
512,2626.0,2.11619,3936.0,1310.0,1316.129827992363,0.6920232435287903,0.7057291415657428
513,2626.0,2.11619,3936.0,1310.0,1316.1104101358833,0.6920232435287903,0.7057187294111871
514,2607.0,2.100879,3936.0,1329.0,1316.0939858765046,0.7020602218700476,0.7057099224696334
515,2619.0,2.110549,3936.0,1317.0,1316.0038476655686,0.6957210776545166,0.7056615889687332
516,2611.0,2.104103,3936.0,1325.0,1315.9991014851282,0.6999471737982039,0.7056590439934757
517,2616.0,2.108132,3936.0,1320.0,1315.9715804362622,0.6973058637083994,0.7056442867820075
518,2618.0,2.109744,3936.0,1318.0,1315.9041796193198,0.6962493396724776,0.7056081454229487
519,2607.0,2.100879,3936.0,1329.0,1315.8046300968574,0.7020602218700476,0.705554765431449
520,2626.0,2.11619,3936.0,1310.0,1315.7210385821143,0.6920232435287903,0.7055099423701618
521,2618.0,2.109744,3936.0,1318.0,1315.6432076719827,0.6962493396724776,0.7054682082340409
522,2611.0,2.104103,3936.0,1325.0,1315.5712070863356,0.6999471737982039,0.7054296004079584
523,2627.0,2.116996,3936.0,1309.0,1315.5051065450477,0.6914949815108293,0.7053941562767885
524,2634.0,2.122637,3936.0,1302.0,1315.3936401530773,0.687797147385103,0.705334386275801
525,2607.0,2.100879,3936.0,1329.0,1315.2848797637268,0.7020602218700476,0.705276067275213
526,2607.0,2.100879,3936.0,1329.0,1315.1788515219487,0.7020602218700476,0.7052192132943514
527,2618.0,2.109744,3936.0,1318.0,1315.075581572696,0.6962493396724776,0.7051638383525444
528,2619.0,2.110549,3936.0,1317.0,1314.9750960609215,0.6957210776545166,0.7051099564691191
529,2619.0,2.110549,3936.0,1317.0,1314.8774211315783,0.6957210776545166,0.7050575816634034
530,2618.0,2.109744,3936.0,1318.0,1314.7825829296191,0.6962493396724776,0.7050067279547245
531,2603.0,2.097656,3936.0,1333.0,1314.6906075999966,0.7041732699418912,0.70495740936241
532,2618.0,2.109744,3936.0,1318.0,1314.65285690258,0.6962493396724776,0.7049371668553908
533,2611.0,2.104103,3936.0,1325.0,1314.621354848894,0.6999471737982039,0.7049202749676511
534,2618.0,2.109744,3936.0,1318.0,1314.5961711588127,0.6962493396724776,0.7049067710840641
535,2611.0,2.104103,3936.0,1325.0,1314.5773755522105,0.6999471737982039,0.7048966925895034
536,2619.0,2.110549,3936.0,1317.0,1314.565037748962,0.6957210776545166,0.7048900768688425
537,2618.0,2.109744,3936.0,1318.0,1314.5592274689407,0.6962493396724776,0.7048869613069546
538,2626.0,2.11619,3936.0,1310.0,1314.6272784237108,0.6920232435287903,0.7049234512799581
539,2619.0,2.110549,3936.0,1317.0,1314.6301874854641,0.6957210776545166,0.7049250111638011
540,2618.0,2.109744,3936.0,1318.0,1314.6398942349583,0.6962493396724776,0.7049302160728019
541,2607.0,2.100879,3936.0,1329.0,1314.6564683920665,0.7020602218700476,0.7049391033918333
542,2626.0,2.11619,3936.0,1310.0,1314.721048168597,0.6920232435287903,0.704973732065452
543,2634.0,2.122637,3936.0,1302.0,1314.7953015776811,0.687797147385103,0.7050135478902565
544,2611.0,2.104103,3936.0,1325.0,1314.9055286988864,0.6999471737982039,0.705072653375119
545,2626.0,2.11619,3936.0,1310.0,1314.9511629710848,0.6920232435287903,0.705097123176699
546,2627.0,2.116996,3936.0,1309.0,1315.004143975034,0.6914949815108293,0.7051255324093151
547,2626.0,2.11619,3936.0,1310.0,1315.0645414306068,0.6920232435287903,0.7051579184578398
548,2634.0,2.122637,3936.0,1302.0,1315.1996890493685,0.687797147385103,0.7052303866983923
549,2616.0,2.108132,3936.0,1320.0,1315.2659778343166,0.6973058637083994,0.7052659317687204
550,2626.0,2.11619,3936.0,1310.0,1315.3204743740323,0.6920232435287903,0.705295153655022
551,2634.0,2.122637,3936.0,1302.0,1315.372848815075,0.687797147385103,0.7053232376392392
552,2639.0,2.126667,3936.0,1297.0,1315.360901443122,0.6851558372952985,0.7053168312738693
553,2635.0,2.123443,3936.0,1301.0,1315.332028700194,0.6872688853671421,0.7053013492631681
554,2619.0,2.110549,3936.0,1317.0,1315.3061068509442,0.6957210776545166,0.705287449567234
555,2627.0,2.116996,3936.0,1309.0,1315.2728774873735,0.6914949815108293,0.7052696314692556
556,2619.0,2.110549,3936.0,1317.0,1315.2323493244655,0.6957210776545166,0.7052478996423416
557,2616.0,2.108132,3936.0,1320.0,1315.164654812553,0.6973058637083994,0.7052116007995035
558,2611.0,2.104103,3936.0,1325.0,1315.0999286242866,0.6999471737982039,0.7051768936176507
559,2626.0,2.11619,3936.0,1310.0,1315.0182944950138,0.6920232435287903,0.7051331201366849
560,2618.0,2.109744,3936.0,1318.0,1314.9396199744033,0.6962493396724776,0.7050909336435953
561,2632.0,2.121026,3936.0,1304.0,1314.926165781668,0.6888536714210248,0.7050837192976489
562,2619.0,2.110549,3936.0,1317.0,1314.9203380716783,0.6957210776545166,0.7050805943895427
563,2611.0,2.104103,3936.0,1325.0,1314.911939441325,0.6999471737982039,0.7050760909142294
564,2634.0,2.122637,3936.0,1302.0,1314.8291697496002,0.687797147385103,0.7050317085271378
565,2634.0,2.122637,3936.0,1302.0,1314.7393017031773,0.687797147385103,0.7049835198926222
566,2618.0,2.109744,3936.0,1318.0,1314.7814778696124,0.6962493396724776,0.7050061354044811
567,2619.0,2.110549,3936.0,1317.0,1314.8166951210976,0.6957210776545166,0.7050250194386625
568,2634.0,2.122637,3936.0,1302.0,1314.8450841823983,0.687797147385103,0.7050402420918046
569,2607.0,2.100879,3936.0,1329.0,1314.799511786588,0.7020602218700476,0.7050158054692997
570,2618.0,2.109744,3936.0,1318.0,1314.7621846374077,0.6962493396724776,0.7049957900753865
571,2626.0,2.11619,3936.0,1310.0,1314.7235720280455,0.6920232435287903,0.7049750853978697
572,2634.0,2.122637,3936.0,1302.0,1314.6837523933605,0.687797147385103,0.7049537334947321
573,2626.0,2.11619,3936.0,1310.0,1314.6428041682104,0.6920232435287903,0.704931776423956
574,2626.0,2.11619,3936.0,1310.0,1314.6008057874544,0.6920232435287903,0.7049092562435242
575,2619.0,2.110549,3936.0,1317.0,1314.548226544281,0.6957210776545166,0.7048810624412414
576,2616.0,2.108132,3936.0,1320.0,1314.4954032815479,0.6973058637083994,0.7048527377919017
577,2619.0,2.110549,3936.0,1317.0,1314.442405719129,0.6957210776545166,0.7048243196803785
578,2626.0,2.11619,3936.0,1310.0,1314.389303576899,0.6920232435287903,0.7047958454915453
579,2619.0,2.110549,3936.0,1317.0,1314.3361665747316,0.6957210776545166,0.7047673526102751
580,2626.0,2.11619,3936.0,1310.0,1314.2830644325013,0.6920232435287903,0.7047388784214418
581,2618.0,2.109744,3936.0,1318.0,1314.162802878393,0.6962493396724776,0.7046743923186736
582,2635.0,2.123443,3936.0,1301.0,1314.0472604882734,0.6872688853671421,0.7046124367045242
583,2619.0,2.110549,3936.0,1317.0,1313.936445977127,0.6957210776545166,0.7045530162521031
584,2634.0,2.122637,3936.0,1302.0,1313.8303680599388,0.687797147385103,0.7044961356345195
585,2634.0,2.122637,3936.0,1302.0,1313.7290354516922,0.687797147385103,0.7044417995248824
586,2618.0,2.109744,3936.0,1318.0,1313.6324568673715,0.6962493396724776,0.7043900125963009
587,2627.0,2.116996,3936.0,1309.0,1313.5406410219612,0.6914949815108293,0.7043407795218841
588,2626.0,2.11619,3936.0,1310.0,1313.5208606221354,0.6920232435287903,0.7043301729659867
589,2616.0,2.108132,3936.0,1320.0,1313.501315526885,0.6973058637083994,0.7043196925840369
590,2611.0,2.104103,3936.0,1325.0,1313.4820754560844,0.6999471737982039,0.7043093757609082
591,2618.0,2.109744,3936.0,1318.0,1313.4632101296083,0.6962493396724776,0.7042992598814743
592,2626.0,2.11619,3936.0,1310.0,1313.454398409,0.6920232435287903,0.704294534900786
593,2626.0,2.11619,3936.0,1310.0,1313.4934973144855,0.6920232435287903,0.704315500337795
594,2618.0,2.109744,3936.0,1318.0,1313.549827486894,0.6962493396724776,0.7043457054462672
595,2634.0,2.122637,3936.0,1302.0,1313.602994120008,0.687797147385103,0.7043742142161085
596,2619.0,2.110549,3936.0,1317.0,1313.6518206909486,0.6957210776545166,0.7044003957775796
597,2618.0,2.109744,3936.0,1318.0,1313.6964466394659,0.6962493396724776,0.7044243249004282
598,2618.0,2.109744,3936.0,1318.0,1313.7370114053074,0.6962493396724776,0.7044460763544005
599,2626.0,2.11619,3936.0,1310.0,1313.7736544282218,0.6920232435287903,0.7044657249092434
600,2619.0,2.110549,3936.0,1317.0,1313.7872968646177,0.6957210776545166,0.7044730401943481
601,2626.0,2.11619,3936.0,1310.0,1313.7985949702418,0.6920232435287903,0.7044790984130844
602,2619.0,2.110549,3936.0,1317.0,1313.826889038213,0.6957210776545166,0.7044942701293362
603,2634.0,2.122637,3936.0,1302.0,1313.8517842623144,0.687797147385103,0.7045076193330093
604,2619.0,2.110549,3936.0,1317.0,1313.8542017989546,0.6957210776545166,0.7045089156534949
605,2618.0,2.109744,3936.0,1318.0,1313.8547979038794,0.6962493396724776,0.7045092352941625
606,2619.0,2.110549,3936.0,1317.0,1313.8536945868696,0.6957210776545166,0.7045086436785409
607,2618.0,2.109744,3936.0,1318.0,1313.870232141044,0.6962493396724776,0.704517511370514
608,2619.0,2.110549,3936.0,1317.0,1313.8840157601849,0.6957210776545166,0.7045249023599871
609,2626.0,2.11619,3936.0,1310.0,1313.8951848840416,0.6920232435287903,0.7045308914167077
610,2619.0,2.110549,3936.0,1317.0,1313.903878952362,0.6957210776545166,0.7045355533104221
611,2634.0,2.122637,3936.0,1302.0,1313.9102374048944,0.687797147385103,0.704538962810877
612,2634.0,2.122637,3936.0,1302.0,1313.9143996813877,0.687797147385103,0.7045411946878197
613,2618.0,2.109744,3936.0,1318.0,1313.9165052215903,0.6962493396724776,0.7045423237109967
614,2619.0,2.110549,3936.0,1317.0,1313.9166934652508,0.6957210776545166,0.7045424246501548
615,2626.0,2.11619,3936.0,1310.0,1313.837572737445,0.6920232435287903,0.7044999988938755
616,2618.0,2.109744,3936.0,1318.0,1313.7606917606001,0.6962493396724776,0.7044587741266546
617,2635.0,2.123443,3936.0,1301.0,1313.6861202545897,0.6872688853671421,0.7044187877333652
618,2607.0,2.100879,3936.0,1329.0,1313.5420580784062,0.7020602218700476,0.7043415393694366
619,2619.0,2.110549,3936.0,1317.0,1313.3957779387222,0.6957210776545166,0.7042631016992222
620,2635.0,2.123443,3936.0,1301.0,1313.2472885505229,0.6872688853671421,0.7041834793958318
621,2627.0,2.116996,3936.0,1309.0,1313.096598628792,0.6914949815108293,0.7041026771323743
622,2618.0,2.109744,3936.0,1318.0,1313.0205900218734,0.6962493396724776,0.7040619201433818
623,2635.0,2.123443,3936.0,1301.0,1312.9372041807596,0.6872688853671421,0.7040172073674714
624,2618.0,2.109744,3936.0,1318.0,1312.8465195403096,0.6962493396724776,0.703968580862626
625,2618.0,2.109744,3936.0,1318.0,1312.7383474123978,0.6962493396724776,0.7039105772969072
626,2626.0,2.11619,3936.0,1310.0,1312.622366658569,0.6920232435287903,0.7038483866253664
627,2627.0,2.116996,3936.0,1309.0,1312.4986469986977,0.6914949815108293,0.7037820462328771
628,2607.0,2.100879,3936.0,1329.0,1312.3672581526573,0.7020602218700476,0.7037115935043124
629,2627.0,2.116996,3936.0,1309.0,1312.2385369633062,0.6914949815108293,0.7036425712144669
630,2635.0,2.123443,3936.0,1301.0,1312.1029527238322,0.6872688853671421,0.7035698688511448
631,2627.0,2.116996,3936.0,1309.0,1311.9605838690945,0.6914949815108293,0.7034935284723289
632,2626.0,2.11619,3936.0,1310.0,1311.883378694834,0.6920232435287903,0.7034521298654465
633,2634.0,2.122637,3936.0,1302.0,1311.80421264911,0.687797147385103,0.7034096798089995
634,2626.0,2.11619,3936.0,1310.0,1311.723225171671,0.6920232435287903,0.7033662530727345
635,2619.0,2.110549,3936.0,1317.0,1311.6405557022654,0.6957210776545166,0.7033219244263985
636,2619.0,2.110549,3936.0,1317.0,1311.5467345389716,0.6957210776545166,0.7032716160695603
637,2626.0,2.11619,3936.0,1310.0,1311.4521595295378,0.6920232435287903,0.7032209034887786
638,2627.0,2.116996,3936.0,1309.0,1311.3569613987274,0.6914949815108293,0.7031698567806907
639,2634.0,2.122637,3936.0,1302.0,1311.1940068796162,0.687797147385103,0.7030824780506895
640,2634.0,2.122637,3936.0,1302.0,1311.0352355529603,0.687797147385103,0.7029973424130928
641,2634.0,2.122637,3936.0,1302.0,1310.8711079969644,0.687797147385103,0.7029093346825963
642,2627.0,2.116996,3936.0,1309.0,1310.7119523395015,0.6914949815108293,0.7028239929608849
643,2627.0,2.116996,3936.0,1309.0,1310.5578295854623,0.6914949815108293,0.7027413499597231
644,2634.0,2.122637,3936.0,1302.0,1310.3369308788529,0.687797147385103,0.70262290066143
645,2639.0,2.126667,3936.0,1297.0,1310.1165202113636,0.6851558372952985,0.7025047130572508
646,2627.0,2.116996,3936.0,1309.0,1309.8965975829942,0.6914949815108293,0.7023867871471855
647,2627.0,2.116996,3936.0,1309.0,1309.6867721354145,0.6914949815108293,0.702274275501412
648,2626.0,2.11619,3936.0,1310.0,1309.4767854606253,0.6920232435287903,0.7021616774031185
649,2611.0,2.104103,3936.0,1325.0,1309.3385161344938,0.6999471737982039,0.7020875352548591
650,2635.0,2.123443,3936.0,1301.0,1309.200164016012,0.6872688853671421,0.7020133487120627
651,2626.0,2.11619,3936.0,1310.0,1309.06680209753,0.6920232435287903,0.7019418379915805
652,2639.0,2.126667,3936.0,1297.0,1308.9282416909236,0.6851558372952985,0.7018675397614748
653,2619.0,2.110549,3936.0,1317.0,1308.8564310919342,0.6957210776545166,0.7018290338091725
654,2626.0,2.11619,3936.0,1310.0,1308.7842457486204,0.6920232435287903,0.7017903269131757
655,2634.0,2.122637,3936.0,1302.0,1308.7118251007307,0.687797147385103,0.7017514938432309
656,2626.0,2.11619,3936.0,1310.0,1308.6393085880143,0.6920232435287903,0.7017126093690854
657,2607.0,2.100879,3936.0,1329.0,1308.4949657893367,0.7020602218700476,0.7016352105310412
658,2619.0,2.110549,3936.0,1317.0,1308.3845756979254,0.6957210776545166,0.7015760176590371
659,2618.0,2.109744,3936.0,1318.0,1308.2671831166426,0.6962493396724776,0.7015130699438097
660,2618.0,2.109744,3936.0,1318.0,1308.1429013402849,0.6962493396724776,0.7014464281357784
661,2635.0,2.123443,3936.0,1301.0,1308.0118436636474,0.6872688853671421,0.7013761529853625
662,2619.0,2.110549,3936.0,1317.0,1307.8741233815263,0.6957210776545166,0.7013023052429815
663,2626.0,2.11619,3936.0,1310.0,1307.8017236495991,0.6920232435287903,0.701263483388499
664,2635.0,2.123443,3936.0,1301.0,1307.6556849149797,0.6872688853671421,0.7011851751634087
665,2619.0,2.110549,3936.0,1317.0,1307.5033844641537,0.6957210776545166,0.7011035093093756
666,2627.0,2.116996,3936.0,1309.0,1307.4270725757824,0.6914949815108293,0.7010625896961838
667,2635.0,2.123443,3936.0,1301.0,1307.3544044223393,0.6872688853671421,0.7010236239099386
668,2626.0,2.11619,3936.0,1310.0,1307.2554283458423,0.6920232435287903,0.7009705514090226
669,2618.0,2.109744,3936.0,1318.0,1307.165725884121,0.6962493396724776,0.7009224515635815
670,2643.0,2.12989,3936.0,1293.0,1307.0758709101744,0.6830427892234548,0.7008742699387296
671,2634.0,2.122637,3936.0,1302.0,1306.9757793156896,0.687797147385103,0.7008205992798391
672,2632.0,2.121026,3936.0,1304.0,1306.875234542022,0.6888536714210248,0.7007666856192715
673,2634.0,2.122637,3936.0,1302.0,1306.7744108888576,0.687797147385103,0.7007126224192102
674,2634.0,2.122637,3936.0,1302.0,1306.6734826558816,0.687797147385103,0.7006585031418389
675,2626.0,2.11619,3936.0,1310.0,1306.57262414278,0.6920232435287903,0.7006044212493409
676,2635.0,2.123443,3936.0,1301.0,1306.472009649238,0.6872688853671421,0.7005504702038998
677,2619.0,2.110549,3936.0,1317.0,1306.3333769082624,0.6957210776545166,0.700476133186988
678,2619.0,2.110549,3936.0,1317.0,1306.1979338515337,0.6957210776545166,0.7004035065280344
679,2632.0,2.121026,3936.0,1304.0,1306.1042564854808,0.6888536714210248,0.7003532752774978
680,2639.0,2.126667,3936.0,1297.0,1306.0114506178563,0.6851558372952985,0.7003035113378788
681,2634.0,2.122637,3936.0,1302.0,1305.8812539816659,0.687797147385103,0.7002336978906495
682,2635.0,2.123443,3936.0,1301.0,1305.7933110752708,0.6872688853671421,0.7001865415459508
683,2626.0,2.11619,3936.0,1310.0,1305.7451642731041,0.6920232435287903,0.7001607244869955
684,2627.0,2.116996,3936.0,1309.0,1305.6959542428542,0.6914949815108293,0.7001343373087202
685,2634.0,2.122637,3936.0,1302.0,1305.6074535774646,0.687797147385103,0.700086881885034
686,2648.0,2.133919,3936.0,1288.0,1305.559341635235,0.6804014791336503,0.7000610835185153
687,2639.0,2.126667,3936.0,1297.0,1305.5107590838536,0.6851558372952985,0.7000350328041007
688,2634.0,2.122637,3936.0,1302.0,1305.4619150829435,0.687797147385103,0.7000088418964108
689,2626.0,2.11619,3936.0,1310.0,1305.3891946395952,0.6920232435287903,0.6999698480715107
690,2626.0,2.11619,3936.0,1310.0,1305.3805877211175,0.6920232435287903,0.699965232908888
691,2635.0,2.123443,3936.0,1301.0,1305.369083070366,0.6872688853671421,0.6999590639374643
692,2627.0,2.116996,3936.0,1309.0,1305.3068877135356,0.6914949815108293,0.6999257138265165
693,2619.0,2.110549,3936.0,1317.0,1305.2455464251648,0.6957210776545166,0.6998928216802678
694,2626.0,2.11619,3936.0,1310.0,1305.2333140732255,0.6920232435287903,0.6998862625042277
695,2635.0,2.123443,3936.0,1301.0,1305.1472379164638,0.6872688853671421,0.6998401071395147
696,2627.0,2.116996,3936.0,1309.0,1305.1266435371058,0.6914949815108293,0.6998290641152201
697,2635.0,2.123443,3936.0,1301.0,1305.1045196780062,0.6872688853671421,0.699817200960265
698,2639.0,2.126667,3936.0,1297.0,1305.03307336536,0.6851558372952985,0.6997788903439265
699,2627.0,2.116996,3936.0,1309.0,1304.8919795128227,0.6914949815108293,0.6997032336409831
700,2638.0,2.125861,3936.0,1298.0,1304.7966959751661,0.6856840993132594,0.699652141136425
701,2635.0,2.123443,3936.0,1301.0,1304.6960788671292,0.6872688853671421,0.6995981886890513
702,2635.0,2.123443,3936.0,1301.0,1304.5903199183656,0.6872688853671421,0.6995414791072635
703,2627.0,2.116996,3936.0,1309.0,1304.469343735546,0.6914949815108293,0.6994766098095428
704,2634.0,2.122637,3936.0,1302.0,1304.3051638896445,0.687797147385103,0.6993885740403913
705,2648.0,2.133919,3936.0,1288.0,1304.1293878856566,0.6804014791336503,0.6992943202321699
706,2635.0,2.123443,3936.0,1301.0,1304.0766831467095,0.6872688853671421,0.6992660591371148
707,2643.0,2.12989,3936.0,1293.0,1304.0138298085653,0.6830427892234548,0.699232356206424
708,2632.0,2.121026,3936.0,1304.0,1303.9513477287514,0.6888536714210248,0.699198852350184
709,2639.0,2.126667,3936.0,1297.0,1303.8798892151272,0.6851558372952985,0.6991605351914926
710,2635.0,2.123443,3936.0,1301.0,1303.79971571722,0.6872688853671421,0.6991175449236245
711,2634.0,2.122637,3936.0,1302.0,1303.711088684559,0.687797147385103,0.6990700217398558
712,2634.0,2.122637,3936.0,1302.0,1303.6142695666722,0.687797147385103,0.699018105833461
713,2635.0,2.123443,3936.0,1301.0,1303.499252690105,0.6872688853671421,0.6989564320077951
714,2627.0,2.116996,3936.0,1309.0,1303.3758999310721,0.6914949815108293,0.6988902883532022
715,2626.0,2.11619,3936.0,1310.0,1303.2444640241165,0.6920232435287903,0.698819810389848
716,2627.0,2.116996,3936.0,1309.0,1303.1051977037832,0.6914949815108293,0.6987451336378989
717,2607.0,2.100879,3936.0,1329.0,1302.886483843734,0.7020602218700476,0.6986278558880764
718,2618.0,2.109744,3936.0,1318.0,1302.6557781653114,0.6962493396724776,0.6985041479400271
719,2626.0,2.11619,3936.0,1310.0,1302.4132723981706,0.6920232435287903,0.6983741126021531
720,2619.0,2.110549,3936.0,1317.0,1302.2310281328482,0.6957210776545166,0.6982763904123009
721,2627.0,2.116996,3936.0,1309.0,1302.042034112199,0.6914949815108293,0.6981750488993915
722,2626.0,2.11619,3936.0,1310.0,1301.846543070767,0.6920232435287903,0.6980702235835912
723,2627.0,2.116996,3936.0,1309.0,1301.6448077430969,0.6914949815108293,0.6979620499850661
724,2639.0,2.126667,3936.0,1297.0,1301.4370808637323,0.6851558372952985,0.6978506636239822
725,2635.0,2.123443,3936.0,1301.0,1301.2236151672173,0.6872688853671421,0.6977362000205054
726,2648.0,2.133919,3936.0,1288.0,1301.0149305110804,0.6804014791336503,0.6976243000847232
727,2635.0,2.123443,3936.0,1301.0,1300.801679203179,0.6872688853671421,0.6975099514397323
728,2627.0,2.116996,3936.0,1309.0,1300.584122693042,0.6914949815108293,0.6973932942788083
729,2634.0,2.122637,3936.0,1302.0,1300.3625224301982,0.687797147385103,0.6972744687952265
730,2656.0,2.140366,3936.0,1280.0,1300.1371398641754,0.676175382989963,0.6971536151822622
731,2635.0,2.123443,3936.0,1301.0,1299.908236444503,0.6872688853671421,0.6970308736331907
732,2635.0,2.123443,3936.0,1301.0,1299.7479434815914,0.6872688853671421,0.6969449220707319
733,2634.0,2.122637,3936.0,1302.0,1299.5893194381697,0.687797147385103,0.6968598654086802
734,2639.0,2.126667,3936.0,1297.0,1299.4326867686568,0.6851558372952985,0.6967758765520754
735,2639.0,2.126667,3936.0,1297.0,1299.2783679274708,0.6851558372952985,0.6966931284059569
736,2639.0,2.126667,3936.0,1297.0,1299.1266853690304,0.6851558372952985,0.6966117938753643
737,2639.0,2.126667,3936.0,1297.0,1298.9971798310935,0.6851558372952985,0.6965423510056927
738,2648.0,2.133919,3936.0,1288.0,1298.9465300854404,0.6804014791336503,0.6965151918297816
739,2656.0,2.140366,3936.0,1280.0,1298.8211388915836,0.676175382989963,0.6964479551349523
740,2635.0,2.123443,3936.0,1301.0,1298.6886188405836,0.6872688853671421,0.6963768958368167
741,2635.0,2.123443,3936.0,1301.0,1298.5493185318119,0.6872688853671421,0.6963022008597419
742,2656.0,2.140366,3936.0,1280.0,1298.4035865646392,0.676175382989963,0.6962240571280948
743,2639.0,2.126667,3936.0,1297.0,1298.2415044154545,0.6851558372952985,0.696137146176322
744,2650.0,2.135531,3936.0,1286.0,1298.0216854953976,0.6793449550977285,0.6960192758762558
745,2639.0,2.126667,3936.0,1297.0,1297.7732535389448,0.6851558372952985,0.6958860628241419
746,2656.0,2.140366,3936.0,1280.0,1297.4964874255925,0.676175382989963,0.6957376565594738
747,2639.0,2.126667,3936.0,1297.0,1297.1532120381898,0.6851558372952985,0.6955535869948156
748,2634.0,2.122637,3936.0,1302.0,1296.8052392742586,0.687797147385103,0.6953669986243111
749,2634.0,2.122637,3936.0,1302.0,1296.4527782934217,0.687797147385103,0.6951780036025806
750,2643.0,2.12989,3936.0,1293.0,1296.0960382553023,0.6830427892234548,0.6949867140842448
751,2648.0,2.133919,3936.0,1288.0,1295.75576256549,0.6804014791336503,0.6948042530037651
752,2632.0,2.121026,3936.0,1304.0,1295.4129595302352,0.6888536714210248,0.6946204367216241
753,2634.0,2.122637,3936.0,1302.0,1295.0473214931635,0.687797147385103,0.6944243759588193
754,2643.0,2.12989,3936.0,1293.0,1294.678275897237,0.6830427892234548,0.6942264880103263
755,2643.0,2.12989,3936.0,1293.0,1294.3265661480457,0.6830427892234548,0.6940378958106072
756,2635.0,2.123443,3936.0,1301.0,1293.9732005518406,0.6872688853671421,0.6938484157201444
757,2635.0,2.123443,3936.0,1301.0,1293.618405698213,0.6872688853671421,0.6936581692397767
758,2639.0,2.126667,3936.0,1297.0,1293.241873930788,0.6851558372952985,0.6934562670905013
759,2643.0,2.12989,3936.0,1293.0,1292.8726418341982,0.6830427892234548,0.6932582791374722
760,2635.0,2.123443,3936.0,1301.0,1292.5006601600671,0.6872688853671421,0.6930588168184978
761,2643.0,2.12989,3936.0,1293.0,1292.1261467830022,0.6830427892234548,0.6928579969613078
762,2656.0,2.140366,3936.0,1280.0,1291.7493195776099,0.676175382989963,0.6926559363936312
763,2648.0,2.133919,3936.0,1288.0,1291.3703964184979,0.6804014791336503,0.692452751943198
764,2634.0,2.122637,3936.0,1302.0,1291.0568591719625,0.687797147385103,0.6922846284289822
765,2650.0,2.135531,3936.0,1286.0,1290.7371168566176,0.6793449550977285,0.6921131776610326
766,2648.0,2.133919,3936.0,1288.0,1290.416054221154,0.6804014791336503,0.6919410189170428
767,2639.0,2.126667,3936.0,1297.0,1290.0985560142617,0.6851558372952985,0.6917707714747062
768,2656.0,2.140366,3936.0,1280.0,1289.8521651071278,0.676175382989963,0.6916386528647614
769,2643.0,2.12989,3936.0,1293.0,1289.6053515232563,0.6830427892234548,0.6915063076090217
770,2643.0,2.12989,3936.0,1293.0,1289.3584551470337,0.6830427892234548,0.6913739179587445
771,2643.0,2.12989,3936.0,1293.0,1289.1118158628476,0.6830427892234548,0.6912416661651881
772,2656.0,2.140366,3936.0,1280.0,1288.8657735550848,0.676175382989963,0.6911097344796102
773,2648.0,2.133919,3936.0,1288.0,1288.5481402659366,0.6804014791336503,0.6909394146040815
774,2648.0,2.133919,3936.0,1288.0,1288.2258008852752,0.6804014791336503,0.6907665712495973
775,2664.0,2.146813,3936.0,1272.0,1287.899034292599,0.6719492868462758,0.6905913539556519
776,2639.0,2.126667,3936.0,1297.0,1287.568119367404,0.6851558372952985,0.6904139122617382
777,2639.0,2.126667,3936.0,1297.0,1287.2333349891876,0.6851558372952985,0.6902343957073503
778,2643.0,2.12989,3936.0,1293.0,1286.894960037447,0.6830427892234548,0.690052953831982
779,2656.0,2.140366,3936.0,1280.0,1286.5532733916789,0.676175382989963,0.6898697361751265
780,2635.0,2.123443,3936.0,1301.0,1286.2085539313805,0.6872688853671421,0.6896848922762776
781,2656.0,2.140366,3936.0,1280.0,1285.8610805360488,0.676175382989963,0.689498571674929
782,2656.0,2.140366,3936.0,1280.0,1285.5111320851809,0.676175382989963,0.6893109239105742
783,2635.0,2.123443,3936.0,1301.0,1285.1589874582735,0.6872688853671421,0.689122098522707
784,2656.0,2.140366,3936.0,1280.0,1284.8049255348244,0.676175382989963,0.6889322450508212
785,2656.0,2.140366,3936.0,1280.0,1284.44922519433,0.676175382989963,0.6887415130344101
786,2656.0,2.140366,3936.0,1280.0,1284.0921653162873,0.676175382989963,0.6885500520129674
787,2656.0,2.140366,3936.0,1280.0,1283.7827284698567,0.676175382989963,0.688384127196619
788,2666.0,2.148425,3936.0,1270.0,1283.4705594758536,0.6708927628103539,0.6882167373605439
789,2656.0,2.140366,3936.0,1280.0,1283.155980788696,0.676175382989963,0.6880480554097813
790,2656.0,2.140366,3936.0,1280.0,1282.911184723686,0.676175382989963,0.6879167919788158
791,2643.0,2.12989,3936.0,1293.0,1282.7557730234707,0.6830427892234548,0.6878334578248065
792,2664.0,2.146813,3936.0,1272.0,1282.608070598352,0.6719492868462758,0.6877542575031746
793,2659.0,2.142784,3936.0,1277.0,1282.4877663408208,0.6745905969360803,0.6876897485021716
794,2656.0,2.140366,3936.0,1280.0,1282.4029922027112,0.676175382989963,0.6876442912999696
795,2650.0,2.135531,3936.0,1286.0,1282.313211306131,0.6793449550977285,0.6875961493965457
796,2656.0,2.140366,3936.0,1280.0,1282.218955265122,0.676175382989963,0.6875456078515599
797,2639.0,2.126667,3936.0,1297.0,1282.1207556937247,0.6851558372952985,0.6874929517246715
798,2656.0,2.140366,3936.0,1280.0,1282.0088770829975,0.676175382989963,0.6874329606856199
799,2656.0,2.140366,3936.0,1280.0,1281.893451473668,0.676175382989963,0.6873710676911339
800,2656.0,2.140366,3936.0,1280.0,1281.7750017647918,0.676175382989963,0.6873075531277633
801,2666.0,2.148425,3936.0,1270.0,1281.5821809945442,0.6708927628103539,0.6872041596526147
802,2656.0,2.140366,3936.0,1280.0,1281.3724479257976,0.676175382989963,0.6870916975417982
803,2658.0,2.141978,3936.0,1278.0,1281.1558648794053,0.6751188589540412,0.6869755623671694
804,2656.0,2.140366,3936.0,1280.0,1280.9328850345491,0.676175382989963,0.6868559971304049
805,2639.0,2.126667,3936.0,1297.0,1280.7039615704125,0.6851558372952985,0.6867332448331821
806,2639.0,2.126667,3936.0,1297.0,1280.4695476661782,0.6851558372952985,0.6866075484771785
807,2656.0,2.140366,3936.0,1280.0,1280.1916599343485,0.676175382989963,0.6864585407833593
808,2656.0,2.140366,3936.0,1280.0,1279.9021760444327,0.676175382989963,0.6863033150504702
809,2666.0,2.148425,3936.0,1270.0,1279.5707042317424,0.6708927628103539,0.6861255747448803
810,2656.0,2.140366,3936.0,1280.0,1279.2360558072808,0.676175382989963,0.6859461310909957
811,2656.0,2.140366,3936.0,1280.0,1278.8986055153723,0.676175382989963,0.6857651850325107
812,2656.0,2.140366,3936.0,1280.0,1278.558728100341,0.676175382989963,0.6855829375131202
813,2658.0,2.141978,3936.0,1278.0,1278.2167983065117,0.6751188589540412,0.6853995894765187
814,2667.0,2.149231,3936.0,1269.0,1277.8731908782074,0.6703645007923931,0.6852153418664005
815,2666.0,2.148425,3936.0,1270.0,1277.5090622764135,0.6708927628103539,0.685020090486105
816,2666.0,2.148425,3936.0,1270.0,1277.0972583531018,0.6708927628103539,0.6847992748620602
817,2667.0,2.149231,3936.0,1269.0,1276.689428462623,0.6703645007923931,0.6845805901757999
818,2666.0,2.148425,3936.0,1270.0,1276.1550456708821,0.6708927628103539,0.6842940458692567
819,2656.0,2.140366,3936.0,1280.0,1275.7142652963298,0.676175382989963,0.6840576926245115
820,2664.0,2.146813,3936.0,1272.0,1275.2808839434333,0.6719492868462758,0.6838253068494572
821,2643.0,2.12989,3936.0,1293.0,1274.8551804916895,0.6830427892234548,0.683597038083587
822,2671.0,2.152454,3936.0,1265.0,1274.398997253916,0.6682514527205494,0.6833524255856834
823,2664.0,2.146813,3936.0,1272.0,1273.9920833082851,0.6719492868462758,0.6831342320431975
824,2656.0,2.140366,3936.0,1280.0,1273.5936490423614,0.676175382989963,0.6829205854359401
825,2658.0,2.141978,3936.0,1278.0,1273.2039733356416,0.6751188589540412,0.6827116353034051
826,2658.0,2.141978,3936.0,1278.0,1272.7848985009434,0.6751188589540412,0.6824869209043746
827,2658.0,2.141978,3936.0,1278.0,1272.3777370497587,0.6751188589540412,0.6822685946455878
828,2656.0,2.140366,3936.0,1280.0,1272.0622380602608,0.676175382989963,0.6820994192144961
829,2656.0,2.140366,3936.0,1280.0,1271.759210213272,0.676175382989963,0.6819369310026362
830,2658.0,2.141978,3936.0,1278.0,1271.4278987562923,0.6751188589540412,0.6817592766822552
831,2666.0,2.148425,3936.0,1270.0,1271.1070191354988,0.6708927628103539,0.6815872160735583
832,2658.0,2.141978,3936.0,1278.0,1270.8379187223209,0.6751188589540412,0.6814429202757214
833,2658.0,2.141978,3936.0,1278.0,1270.5414061975814,0.6751188589540412,0.6812839256802816
834,2658.0,2.141978,3936.0,1278.0,1270.2151285155235,0.6751188589540412,0.681108970547761
835,2666.0,2.148425,3936.0,1270.0,1269.897766262386,0.6708927628103539,0.6809387960059274
836,2667.0,2.149231,3936.0,1269.0,1269.6690685163426,0.6703645007923931,0.6808161647422325
837,2667.0,2.149231,3936.0,1269.0,1269.4087754662812,0.6703645007923931,0.6806765915885297
838,2659.0,2.142784,3936.0,1277.0,1269.2228665500677,0.6745905969360803,0.6805769043562686
839,2659.0,2.142784,3936.0,1277.0,1269.0398117912068,0.6745905969360803,0.6804787475672628
840,2671.0,2.152454,3936.0,1265.0,1268.7893971758297,0.6682514527205494,0.6803444713828113
841,2659.0,2.142784,3936.0,1277.0,1268.5404815377494,0.6745905969360803,0.6802109989731383
842,2659.0,2.142784,3936.0,1277.0,1268.2933437564618,0.6745905969360803,0.6800784798777367
843,2666.0,2.148425,3936.0,1270.0,1268.0995983263817,0.6708927628103539,0.6799745905857044
844,2682.0,2.161319,3936.0,1254.0,1267.930740276917,0.6624405705229794,0.679884046291547
845,2659.0,2.142784,3936.0,1277.0,1267.696021348233,0.6745905969360803,0.6797581863767223
846,2666.0,2.148425,3936.0,1270.0,1267.4643003741417,0.6708927628103539,0.6796339340114539
847,2667.0,2.149231,3936.0,1269.0,1267.2358562341406,0.6703645007923931,0.6795114387352359
848,2674.0,2.154872,3936.0,1262.0,1267.0109678077265,0.6666666666666666,0.6793908500875617
849,2659.0,2.142784,3936.0,1277.0,1266.8412495893137,0.6745905969360803,0.6792998445575288
850,2667.0,2.149231,3936.0,1269.0,1266.6789783249699,0.6703645007923931,0.6792128321992869
851,2666.0,2.148425,3936.0,1270.0,1266.4923591375375,0.6708927628103539,0.6791127641086281
852,2667.0,2.149231,3936.0,1269.0,1266.3091997988656,0.6703645007923931,0.6790145512423124
853,2683.0,2.162125,3936.0,1253.0,1266.1297966184195,0.6619123085050185,0.6789183524860517
854,2675.0,2.155678,3936.0,1261.0,1265.9544459056644,0.6661384046487058,0.6788243267255579
855,2666.0,2.148425,3936.0,1270.0,1265.8155613016424,0.6708927628103539,0.6787498546557906
856,2667.0,2.149231,3936.0,1269.0,1265.63790809004,0.6703645007923931,0.6786545942598523
857,2659.0,2.142784,3936.0,1277.0,1265.339628166488,0.6745905969360803,0.6784946519578716
858,2666.0,2.148425,3936.0,1270.0,1265.0458059573962,0.6708927628103539,0.6783370999512344
859,2667.0,2.149231,3936.0,1269.0,1264.8238710391558,0.6703645007923931,0.6782180950202603
860,2682.0,2.161319,3936.0,1254.0,1264.6021801404756,0.6624405705229794,0.6780992209363432
861,2666.0,2.148425,3936.0,1270.0,1264.380959850946,0.6708927628103539,0.6779805992003213
862,2671.0,2.152454,3936.0,1265.0,1264.1604367601597,0.6682514527205494,0.6778623513130339
863,2667.0,2.149231,3936.0,1269.0,1263.940837457707,0.6703645007923931,0.677744598775319
864,2671.0,2.152454,3936.0,1265.0,1263.7223885331796,0.6682514527205494,0.6776274630880154
865,2680.0,2.159707,3936.0,1256.0,1263.505316576169,0.6634970945589013,0.6775110657519617
866,2687.0,2.165348,3936.0,1249.0,1263.289848176266,0.6597992604331748,0.6773955282679963
867,2671.0,2.152454,3936.0,1265.0,1263.0762099230626,0.6682514527205494,0.677280972136958
868,2680.0,2.159707,3936.0,1256.0,1262.86462840615,0.6634970945589013,0.6771675188596854
869,2687.0,2.165348,3936.0,1249.0,1262.6553302151192,0.6597992604331748,0.677055289937017
870,2691.0,2.168571,3936.0,1245.0,1262.448541939562,0.6576862123613312,0.6769444068697914
871,2683.0,2.162125,3936.0,1253.0,1262.2444901690694,0.6619123085050185,0.6768349911588472
872,2691.0,2.168571,3936.0,1245.0,1262.0434014932327,0.6576862123613312,0.6767271643050229
873,2687.0,2.165348,3936.0,1249.0,1261.7782385099542,0.6597992604331748,0.6765849798179121
874,2682.0,2.161319,3936.0,1254.0,1261.588300656507,0.6624405705229794,0.676483132207279
875,2687.0,2.165348,3936.0,1249.0,1261.3346806699108,0.6597992604331748,0.6763471372532723
876,2682.0,2.161319,3936.0,1254.0,1261.1566779874383,0.6624405705229794,0.6762516894656561
877,2687.0,2.165348,3936.0,1249.0,1260.9826493377993,0.6597992604331748,0.6761583726158246
878,2698.0,2.174212,3936.0,1238.0,1260.812821310584,0.6539883782356049,0.6760673082046157
879,2698.0,2.174212,3936.0,1238.0,1260.6474204953845,0.6539883782356049,0.6759786177328687
880,2687.0,2.165348,3936.0,1249.0,1260.4866734817915,0.6597992604331748,0.6758924227014216
881,2671.0,2.152454,3936.0,1265.0,1260.330806859397,0.6682514527205494,0.6758088446111133
882,2671.0,2.152454,3936.0,1265.0,1260.1800472177922,0.6682514527205494,0.6757280049627826
883,2687.0,2.165348,3936.0,1249.0,1260.034621146568,0.6597992604331748,0.6756500252572677
884,2671.0,2.152454,3936.0,1265.0,1259.8947552353163,0.6682514527205494,0.6755750269954074
885,2683.0,2.162125,3936.0,1253.0,1259.760676073628,0.6619123085050185,0.67550313167804
886,2682.0,2.161319,3936.0,1254.0,1259.6326102510948,0.6624405705229794,0.6754344608060044
887,2682.0,2.161319,3936.0,1254.0,1259.5107843573078,0.6624405705229794,0.675369135880139
888,2698.0,2.174212,3936.0,1238.0,1259.374890735892,0.6539883782356049,0.6752962676214412
889,2675.0,2.155678,3936.0,1261.0,1259.1622198459438,0.6661384046487058,0.6751822302055215
890,2671.0,2.152454,3936.0,1265.0,1258.9497842605713,0.6682514527205494,0.6750683189635496
891,2687.0,2.165348,3936.0,1249.0,1258.737723419523,0.6597992604331748,0.6749546086652722
892,2680.0,2.159707,3936.0,1256.0,1258.5261767625477,0.6634970945589013,0.6748411740804364
893,2664.0,2.146813,3936.0,1272.0,1258.324892871063,0.6719492868462758,0.6747332425489665
894,2659.0,2.142784,3936.0,1277.0,1258.1237527768192,0.6745905969360803,0.674625388123798
895,2666.0,2.148425,3936.0,1270.0,1257.9229046345488,0.6708927628103539,0.674517690247787
896,2675.0,2.155678,3936.0,1261.0,1257.7814674116307,0.6661384046487058,0.674441849424342
897,2671.0,2.152454,3936.0,1265.0,1257.639354777431,0.6682514527205494,0.674365646434936
898,2667.0,2.149231,3936.0,1269.0,1257.5583699144872,0.6703645007923931,0.6743222211006039
899,2675.0,2.155678,3936.0,1261.0,1257.4811107073242,0.6661384046487058,0.6742807935204446
900,2675.0,2.155678,3936.0,1261.0,1257.4943121655153,0.6661384046487058,0.6742878723462249
901,2667.0,2.149231,3936.0,1269.0,1257.5059013516143,0.6703645007923931,0.6742940866468077
902,2675.0,2.155678,3936.0,1261.0,1257.4297271599944,0.6661384046487058,0.6742532408687407
903,2667.0,2.149231,3936.0,1269.0,1257.3584464320493,0.6703645007923931,0.6742150190414765
904,2667.0,2.149231,3936.0,1269.0,1257.292311902323,0.6703645007923931,0.6741795566851808
905,2667.0,2.149231,3936.0,1269.0,1257.3180585803887,0.6703645007923931,0.6741933624516204
906,2671.0,2.152454,3936.0,1265.0,1257.3436135288002,0.6682514527205494,0.6742070654096582
907,2671.0,2.152454,3936.0,1265.0,1257.2732165002612,0.6682514527205494,0.6741693174356643
908,2675.0,2.155678,3936.0,1261.0,1257.1809553191542,0.6661384046487058,0.6741198455653689
909,2683.0,2.162125,3936.0,1253.0,1257.0978492290365,0.6619123085050185,0.6740752827962634
910,2687.0,2.165348,3936.0,1249.0,1257.0138489815308,0.6597992604331748,0.6740302405661561
911,2659.0,2.142784,3936.0,1277.0,1256.9387728779307,0.6745905969360803,0.6739899835998455
912,2671.0,2.152454,3936.0,1265.0,1256.8728300778585,0.6682514527205494,0.6739546240519516
913,2675.0,2.155678,3936.0,1261.0,1256.8162297409372,0.6661384046487058,0.6739242740770949
914,2671.0,2.152454,3936.0,1265.0,1256.7691810267897,0.6682514527205494,0.6738990458298956
915,2683.0,2.162125,3936.0,1253.0,1256.6984598008353,0.6619123085050185,0.6738611240162402
916,2687.0,2.165348,3936.0,1249.0,1256.6304445775008,0.6597992604331748,0.6738246532029843
917,2682.0,2.161319,3936.0,1254.0,1256.6371882323383,0.6624405705229794,0.6738282692548648
918,2687.0,2.165348,3936.0,1249.0,1256.7381530682485,0.6597992604331748,0.6738824081592949
919,2680.0,2.159707,3936.0,1256.0,1256.7982149969264,0.6634970945589013,0.6739146142931163
920,2675.0,2.155678,3936.0,1261.0,1256.8541242355943,0.6661384046487058,0.6739445936904155
921,2680.0,2.159707,3936.0,1256.0,1256.9061683787324,0.6634970945589013,0.6739725005637947
922,2680.0,2.159707,3936.0,1256.0,1256.9546350208232,0.6634970945589013,0.6739984891258574
923,2687.0,2.165348,3936.0,1249.0,1256.9998117563468,0.6597992604331748,0.6740227135892056
924,2671.0,2.152454,3936.0,1265.0,1257.1085921901613,0.6682514527205494,0.6740810433379449
925,2682.0,2.161319,3936.0,1254.0,1257.276061071131,0.6624405705229794,0.6741708427384995
926,2682.0,2.161319,3936.0,1254.0,1257.3634941509456,0.6624405705229794,0.6742177257063113
927,2680.0,2.159707,3936.0,1256.0,1257.4431098898585,0.6634970945589013,0.6742604168951919
928,2682.0,2.161319,3936.0,1254.0,1257.515256887241,0.6624405705229794,0.6742991032295081
929,2671.0,2.152454,3936.0,1265.0,1257.5802837424656,0.6682514527205494,0.6743339716336277
930,2682.0,2.161319,3936.0,1254.0,1257.6385390549021,0.6624405705229794,0.6743652090319171
931,2682.0,2.161319,3936.0,1254.0,1257.6903714239224,0.6624405705229794,0.6743930023487436
932,2675.0,2.155678,3936.0,1261.0,1257.7361294488978,0.6661384046487058,0.674417538508474
933,2675.0,2.155678,3936.0,1261.0,1257.7377251625198,0.6661384046487058,0.6744183941547641
934,2675.0,2.155678,3936.0,1261.0,1257.7365407961559,0.6661384046487058,0.674417759079227
935,2675.0,2.155678,3936.0,1261.0,1257.69445352256,0.6661384046487058,0.6743951912330816
936,2682.0,2.161319,3936.0,1254.0,1257.652810713163,0.6624405705229794,0.6743728617155043
937,2682.0,2.161319,3936.0,1254.0,1257.6118912474612,0.6624405705229794,0.6743509200659885
938,2682.0,2.161319,3936.0,1254.0,1257.530905513019,0.6624405705229794,0.6743074942643453
939,2683.0,2.162125,3936.0,1253.0,1257.4485340960762,0.6619123085050185,0.6742633254383433
940,2683.0,2.162125,3936.0,1253.0,1257.365021016192,0.6619123085050185,0.6742185444350391
941,2687.0,2.165348,3936.0,1249.0,1257.2806102929264,0.6597992604331748,0.6741732821014895
942,2680.0,2.159707,3936.0,1256.0,1257.1415784056708,0.6634970945589013,0.6740987310561775
943,2687.0,2.165348,3936.0,1249.0,1256.9935395821587,0.6597992604331748,0.6740193503525315
944,2675.0,2.155678,3936.0,1261.0,1256.8058928980795,0.6661384046487058,0.6739187313023007
945,2682.0,2.161319,3936.0,1254.0,1256.5665715861953,0.6624405705229794,0.6737904035185197
946,2671.0,2.152454,3936.0,1265.0,1256.3141516529347,0.6682514527205494,0.6736550520516467
947,2675.0,2.155678,3936.0,1261.0,1256.048772538046,0.6661384046487058,0.6735127516714284
948,2682.0,2.161319,3936.0,1254.0,1255.7705736812777,0.6624405705229794,0.6733635771476117
949,2683.0,2.162125,3936.0,1253.0,1255.4796945223782,0.6619123085050185,0.6732076032499434
950,2682.0,2.161319,3936.0,1254.0,1255.1762745010963,0.6624405705229794,0.6730449047481704
951,2671.0,2.152454,3936.0,1265.0,1254.8604530571802,0.6682514527205494,0.6728755564120393
952,2667.0,2.149231,3936.0,1269.0,1254.493933063699,0.6703645007923931,0.6726790227305858
953,2683.0,2.162125,3936.0,1253.0,1254.117887592397,0.6619123085050185,0.6724773813408025
954,2675.0,2.155678,3936.0,1261.0,1253.7324212230853,0.6661384046487058,0.6722706883199995
955,2683.0,2.162125,3936.0,1253.0,1253.337638535576,0.6619123085050185,0.672058999745487
956,2682.0,2.161319,3936.0,1254.0,1252.93364410968,0.6624405705229794,0.6718423716945752
957,2691.0,2.168571,3936.0,1245.0,1252.520542525209,0.6576862123613312,0.6716208602445741
958,2680.0,2.159707,3936.0,1256.0,1252.1395068539064,0.6634970945589013,0.6714165430324762
959,2687.0,2.165348,3936.0,1249.0,1251.7625070918257,0.6597992604331748,0.6712143899372383
960,2682.0,2.161319,3936.0,1254.0,1251.3800822520286,0.6624405705229794,0.6710093278315377
961,2682.0,2.161319,3936.0,1254.0,1250.992380489249,0.6624405705229794,0.6708014361582311
962,2683.0,2.162125,3936.0,1253.0,1250.5995499582189,0.6619123085050185,0.6705907943601742
963,2682.0,2.161319,3936.0,1254.0,1250.2017388136712,0.6624405705229794,0.670377481880223
964,2682.0,2.161319,3936.0,1254.0,1249.799095210339,0.6624405705229794,0.6701615781612333
965,2680.0,2.159707,3936.0,1256.0,1249.3917673029548,0.6634970945589013,0.6699431626460616
966,2682.0,2.161319,3936.0,1254.0,1249.038874058898,0.6624405705229794,0.6697539358381163
967,2683.0,2.162125,3936.0,1253.0,1248.6932281957702,0.6619123085050185,0.6695685951877618
968,2682.0,2.161319,3936.0,1254.0,1248.386498223458,0.6624405705229794,0.6694041218391237
969,2683.0,2.162125,3936.0,1253.0,1248.1189281615204,0.6619123085050185,0.6692606466392584
970,2683.0,2.162125,3936.0,1253.0,1247.8523603227752,0.6619123085050185,0.6691177088469483
971,2687.0,2.165348,3936.0,1249.0,1247.5870735867202,0.6597992604331748,0.6689754580016876
972,2698.0,2.174212,3936.0,1238.0,1247.3233468328515,0.6539883782356049,0.6688340436429692
973,2696.0,2.172601,3936.0,1240.0,1247.102527432599,0.6550449022715267,0.6687156368699694
974,2687.0,2.165348,3936.0,1249.0,1246.845424066785,0.6597992604331748,0.668577774074225
975,2687.0,2.165348,3936.0,1249.0,1246.5523156149059,0.6597992604331748,0.6684206047952294
976,2687.0,2.165348,3936.0,1249.0,1246.264514588455,0.6597992604331748,0.6682662814397222
977,2696.0,2.172601,3936.0,1240.0,1246.0233334989252,0.6550449022715267,0.668136956414443
978,2699.0,2.175018,3936.0,1237.0,1245.7906146591336,0.653460116217644,0.668012168978174
979,2698.0,2.174212,3936.0,1238.0,1245.5255684566446,0.6539883782356049,0.6678700471107264
980,2682.0,2.161319,3936.0,1254.0,1245.2668754776973,0.6624405705229794,0.6677313319398681
981,2686.0,2.164542,3936.0,1250.0,1245.014779741852,0.6603275224511358,0.6675961543126565
982,2683.0,2.162125,3936.0,1253.0,1244.7695252686683,0.6619123085050185,0.6674646450761482
983,2698.0,2.174212,3936.0,1238.0,1244.608229211066,0.6539883782356049,0.6673781556388232
984,2698.0,2.174212,3936.0,1238.0,1244.4490683246124,0.6539883782356049,0.6672928111132462
985,2683.0,2.162125,3936.0,1253.0,1244.2923563487425,0.6619123085050185,0.667208779731348
986,2683.0,2.162125,3936.0,1253.0,1244.13840702289,0.6619123085050185,0.6671262297250585
987,2675.0,2.155678,3936.0,1261.0,1243.9464655945565,0.6661384046487058,0.6670233077666258
988,2683.0,2.162125,3936.0,1253.0,1243.755247509918,0.6619123085050185,0.6669207736762545
989,2680.0,2.159707,3936.0,1256.0,1243.49316178759,0.6634970945589013,0.6667802392639941
990,2687.0,2.165348,3936.0,1249.0,1243.227690293868,0.6597992604331748,0.6666378893488186
991,2687.0,2.165348,3936.0,1249.0,1242.9795851493254,0.6597992604331748,0.6665048515382987
992,2696.0,2.172601,3936.0,1240.0,1242.7298633751986,0.6550449022715267,0.6663709468660267
993,2687.0,2.165348,3936.0,1249.0,1242.5268059844125,0.6597992604331748,0.6662620643568394
994,2699.0,2.175018,3936.0,1237.0,1242.3193562415481,0.653460116217644,0.6661508266006273
995,2699.0,2.175018,3936.0,1237.0,1242.1064770634755,0.653460116217644,0.6660366774973981
996,2714.0,2.187106,3936.0,1222.0,1241.9076656130323,0.6455361859482304,0.6659300717270019
997,2699.0,2.175018,3936.0,1237.0,1241.6847816330037,0.653460116217644,0.6658105578944384
998,2707.0,2.181465,3936.0,1229.0,1241.4105925405033,0.6492340200739567,0.6656635334681535
999,2720.0,2.191941,3936.0,1216.0,1241.1366692550241,0.6423666138404649,0.6655166515716989
1000,2698.0,2.174212,3936.0,1238.0,1240.8632470811413,0.6539883782356049,0.6653700383790219
1001,2714.0,2.187106,3936.0,1222.0,1240.5905613234297,0.6455361859482304,0.66522382006407
1002,2699.0,2.175018,3936.0,1237.0,1240.2983130404996,0.653460116217644,0.6650671120209501
1003,2714.0,2.187106,3936.0,1222.0,1240.0732023819867,0.6455361859482304,0.6649464042089922
1004,2714.0,2.187106,3936.0,1222.0,1239.8436383665053,0.6455361859482304,0.664823308438245
1005,2703.0,2.178242,3936.0,1233.0,1239.6675547235725,0.6513470681458003,0.6647288896692697
1006,2707.0,2.181465,3936.0,1229.0,1239.5042141306571,0.6492340200739567,0.6646413039205318
1007,2687.0,2.165348,3936.0,1249.0,1239.3860825187073,0.6597992604331748,0.6645779599256462
1008,2707.0,2.181465,3936.0,1229.0,1239.2655063536668,0.6492340200739567,0.6645133051236369
1009,2699.0,2.175018,3936.0,1237.0,1239.142877809827,0.653460116217644,0.6644475498044162
1010,2712.0,2.185495,3936.0,1224.0,1238.946719200599,0.6465927099841522,0.664342366528453
1011,2699.0,2.175018,3936.0,1237.0,1238.7638439704147,0.653460116217644,0.6642443060054964
1012,2699.0,2.175018,3936.0,1237.0,1238.5740664726782,0.653460116217644,0.664142544380072
1013,2720.0,2.191941,3936.0,1216.0,1238.3777353067612,0.6423666138404649,0.664037268576547
1014,2699.0,2.175018,3936.0,1237.0,1238.1751990720356,0.653460116217644,0.6639286655192886
1015,2703.0,2.178242,3936.0,1233.0,1237.9668063678716,0.6513470681458003,0.6638169221326635
1016,2698.0,2.174212,3936.0,1238.0,1237.7529057936413,0.6539883782356049,0.663702225341039
1017,2699.0,2.175018,3936.0,1237.0,1237.533845948716,0.653460116217644,0.6635847620687823
1018,2698.0,2.174212,3936.0,1238.0,1237.3099754324662,0.6539883782356049,0.66346471924026
1019,2707.0,2.181465,3936.0,1229.0,1237.0816428442643,0.6492340200739567,0.6633422837798395
1020,2703.0,2.178242,3936.0,1233.0,1236.8491967834807,0.6513470681458003,0.6632176426118878
1021,2703.0,2.178242,3936.0,1233.0,1236.612985849487,0.6513470681458003,0.6630909826607717
1022,2703.0,2.178242,3936.0,1233.0,1236.3733586416547,0.6513470681458003,0.6629624908508588
1023,2703.0,2.178242,3936.0,1233.0,1236.1306637593548,0.6513470681458003,0.6628323541065155
1024,2707.0,2.181465,3936.0,1229.0,1235.9571196628417,0.6492340200739567,0.6627392970815541
1025,2712.0,2.185495,3936.0,1224.0,1235.7140021038042,0.6465927099841522,0.6626089336914159
1026,2699.0,2.175018,3936.0,1237.0,1235.5504026758558,0.653460116217644,0.6625212091513355
1027,2699.0,2.175018,3936.0,1237.0,1235.307729581017,0.653460116217644,0.6623910840897654
1028,2703.0,2.178242,3936.0,1233.0,1235.063862533331,0.6513470681458003,0.662260318812238
1029,2687.0,2.165348,3936.0,1249.0,1234.876804982189,0.6597992604331748,0.6621600156641875
1030,2687.0,2.165348,3936.0,1249.0,1234.685355078969,0.6597992604331748,0.6620573572691123
1031,2682.0,2.161319,3936.0,1254.0,1234.4322588629284,0.6624405705229794,0.6619216431689674
1032,2703.0,2.178242,3936.0,1233.0,1234.1794676713373,0.6513470681458003,0.6617860926276434
1033,2691.0,2.168571,3936.0,1245.0,1233.936939245237,0.6576862123613312,0.6616560451396853
1034,2707.0,2.181465,3936.0,1229.0,1233.6851546343307,0.6492340200739567,0.6615210343424713
1035,2699.0,2.175018,3936.0,1237.0,1233.434729560972,0.653460116217644,0.6613867525502887
1036,2699.0,2.175018,3936.0,1237.0,1233.1860126245333,0.653460116217644,0.6612533866875048
1037,2703.0,2.178242,3936.0,1233.0,1232.9393524243849,0.6513470681458003,0.6611211236784864
1038,2698.0,2.174212,3936.0,1238.0,1232.6950975598984,0.6539883782356049,0.6609901504476006
1039,2714.0,2.187106,3936.0,1222.0,1232.4535966304456,0.6455361859482304,0.6608606539192148
1040,2699.0,2.175018,3936.0,1237.0,1232.215198235397,0.653460116217644,0.6607328210176956
1041,2687.0,2.165348,3936.0,1249.0,1231.9802509741244,0.6597992604331748,0.6606068386674101
1042,2707.0,2.181465,3936.0,1229.0,1231.749103445999,0.6492340200739567,0.6604828937927257
1043,2703.0,2.178242,3936.0,1233.0,1231.522104250392,0.6513470681458003,0.6603611733180091
1044,2698.0,2.174212,3936.0,1238.0,1231.3662079970509,0.6539883782356049,0.6602775793391298
1045,2703.0,2.178242,3936.0,1233.0,1231.1324233146818,0.6513470681458003,0.6601522203816086
1046,2698.0,2.174212,3936.0,1238.0,1230.9801002048964,0.6539883782356049,0.6600705423774915
1047,2707.0,2.181465,3936.0,1229.0,1230.7864427961574,0.6492340200739567,0.6599667002838618
1048,2720.0,2.191941,3936.0,1216.0,1230.5902623994689,0.6423666138404649,0.6598615053251257
1049,2703.0,2.178242,3936.0,1233.0,1230.3919337591547,0.6513470681458003,0.6597551584449776
1050,2698.0,2.174212,3936.0,1238.0,1230.1918316195388,0.6539883782356049,0.659647860587112
1051,2698.0,2.174212,3936.0,1238.0,1229.8787083347568,0.6539883782356049,0.6594799590455821
1052,2712.0,2.185495,3936.0,1224.0,1229.559859305301,0.6465927099841522,0.6593089872713231
1053,2698.0,2.174212,3936.0,1238.0,1229.3279675175177,0.6539883782356049,0.659184643313115
1054,2699.0,2.175018,3936.0,1237.0,1229.0969080107334,0.653460116217644,0.6590607456368331
1055,2699.0,2.175018,3936.0,1237.0,1228.8670380993037,0.653460116217644,0.6589374858399538
1056,2699.0,2.175018,3936.0,1237.0,1228.5463109907353,0.653460116217644,0.6587655070106676
1057,2720.0,2.191941,3936.0,1216.0,1228.2214878395537,0.6423666138404649,0.6585913318200682
1058,2720.0,2.191941,3936.0,1216.0,1228.0147370384286,0.6423666138404649,0.658480468847212
1059,2687.0,2.165348,3936.0,1249.0,1227.8406177529528,0.6597992604331748,0.6583871033970449
1060,2707.0,2.181465,3936.0,1229.0,1227.6707121623779,0.6492340200739567,0.6582959973951646
1061,2707.0,2.181465,3936.0,1229.0,1227.505429870964,0.6492340200739567,0.6582073704777021
1062,2720.0,2.191941,3936.0,1216.0,1227.3451804829742,0.6423666138404649,0.6581214422807893
1063,2707.0,2.181465,3936.0,1229.0,1227.1903736026684,0.6492340200739567,0.6580384324405569
1064,2707.0,2.181465,3936.0,1229.0,1227.0414188343084,0.6492340200739567,0.6579585605931365
1065,2707.0,2.181465,3936.0,1229.0,1226.8987257821555,0.6492340200739567,0.6578820463746594
1066,2707.0,2.181465,3936.0,1229.0,1226.7024172751976,0.6492340200739567,0.6577767827212182
1067,2720.0,2.191941,3936.0,1216.0,1226.5118214404372,0.6423666138404649,0.6576745822908423
1068,2712.0,2.185495,3936.0,1224.0,1226.3272955922293,0.6465927099841522,0.6575756366810075
1069,2707.0,2.181465,3936.0,1229.0,1226.0760112214207,0.6492340200739567,0.6574408941202601
1070,2720.0,2.191941,3936.0,1216.0,1225.7934112975897,0.6423666138404649,0.6572893596763094
1071,2720.0,2.191941,3936.0,1216.0,1225.5085934102588,0.6423666138404649,0.6571366359260733
1072,2714.0,2.187106,3936.0,1222.0,1225.2314368656105,0.6455361859482304,0.656988020306114
1073,2707.0,2.181465,3936.0,1229.0,1224.9519534201593,0.6492340200739567,0.6568381569660049
1074,2722.0,2.193553,3936.0,1214.0,1224.6704219534008,0.6413100898045431,0.656687195445239
1075,2698.0,2.174212,3936.0,1238.0,1224.3049843609676,0.6539883782356049,0.6564912421639452
1076,2707.0,2.181465,3936.0,1229.0,1223.8608530749584,0.6492340200739567,0.6562530921087216
1077,2707.0,2.181465,3936.0,1229.0,1223.506137527688,0.6492340200739567,0.6560628881536474
1078,2698.0,2.174212,3936.0,1238.0,1223.1430076630927,0.6539883782356049,0.6558681723116635
1079,2720.0,2.191941,3936.0,1216.0,1222.7716987857484,0.6423666138404649,0.6556690707567177
1080,2714.0,2.187106,3936.0,1222.0,1222.3636187752204,0.6455361859482304,0.6554502519522237
1081,2720.0,2.191941,3936.0,1216.0,1221.9497781600821,0.6423666138404649,0.6552283442225645
1082,2720.0,2.191941,3936.0,1216.0,1221.5688226666352,0.6423666138404649,0.6550240700030712
1083,2722.0,2.193553,3936.0,1214.0,1221.1414912558275,0.6413100898045431,0.6547949283004069
1084,2720.0,2.191941,3936.0,1216.0,1220.7501300711472,0.6423666138404649,0.654585074388557
1085,2714.0,2.187106,3936.0,1222.0,1220.3565465654751,0.6455361859482304,0.6543740288338672
1086,2723.0,2.194359,3936.0,1213.0,1220.0020532503042,0.6407818277865821,0.6541839440430772
1087,2723.0,2.194359,3936.0,1213.0,1219.6484924384508,0.6407818277865821,0.6539943592749687
1088,2722.0,2.193553,3936.0,1214.0,1219.2961430094128,0.6413100898045431,0.6538054240690359
1089,2720.0,2.191941,3936.0,1216.0,1218.9452838426876,0.6423666138404649,0.6536172879647724
1090,2722.0,2.193553,3936.0,1214.0,1218.5961938177713,0.6413100898045431,0.6534301005016715
1091,2722.0,2.193553,3936.0,1214.0,1218.2491518141617,0.6413100898045431,0.6532440112192271
1092,2720.0,2.191941,3936.0,1216.0,1217.9044367113554,0.6423666138404649,0.6530591696569328
1093,2720.0,2.191941,3936.0,1216.0,1217.5596954635962,0.6423666138404649,0.6528743140753109
1094,2730.0,2.2,3936.0,1206.0,1217.212575025128,0.6370839936608558,0.652688182734884
1095,2722.0,2.193553,3936.0,1214.0,1216.8633542754476,0.6413100898045431,0.6525009251751456
1096,2720.0,2.191941,3936.0,1216.0,1216.5123120940523,0.6423666138404649,0.6523126909355893
1097,2728.0,2.198388,3936.0,1208.0,1216.1597273604389,0.6381405176967776,0.6521236295557087
1098,2723.0,2.194359,3936.0,1213.0,1215.8058789541046,0.6407818277865821,0.6519338905749977
1099,2722.0,2.193553,3936.0,1214.0,1215.451045754546,0.6413100898045431,0.6517436235329495
1100,2720.0,2.191941,3936.0,1216.0,1215.1339432079405,0.6423666138404649,0.6515735882497696
1101,2731.0,2.200806,3936.0,1205.0,1214.8138165617888,0.6365557316428949,0.6514019313977054
1102,2714.0,2.187106,3936.0,1222.0,1214.4909795555254,0.6455361859482304,0.6512288212086874
1103,2720.0,2.191941,3936.0,1216.0,1214.2740784122066,0.6423666138404649,0.6511125154655735
1104,2731.0,2.200806,3936.0,1205.0,1214.0532163085315,0.6365557316428949,0.650994085794339
1105,2728.0,2.198388,3936.0,1208.0,1213.828802848761,0.6381405176967776,0.650873751831115
1106,2720.0,2.191941,3936.0,1216.0,1213.6012476371566,0.6423666138404649,0.650751733212033
1107,2728.0,2.198388,3936.0,1208.0,1213.37096027798,0.6381405176967776,0.6506282495732243
1108,2731.0,2.200806,3936.0,1205.0,1213.1383503754919,0.6365557316428949,0.65050352055082
1109,2722.0,2.193553,3936.0,1214.0,1212.9038275339537,0.6413100898045431,0.6503777657809514
1110,2720.0,2.191941,3936.0,1216.0,1212.6678013576272,0.6423666138404649,0.6502512048997502
1111,2722.0,2.193553,3936.0,1214.0,1212.430681450773,0.6413100898045431,0.6501240575433471
1112,2723.0,2.194359,3936.0,1213.0,1212.1736591343126,0.6407818277865821,0.649986238207518
1113,2720.0,2.191941,3936.0,1216.0,1211.869615120156,0.6423666138404649,0.6498232051111279
1114,2722.0,2.193553,3936.0,1214.0,1211.6182793309404,0.6413100898045431,0.6496884349790366
1115,2731.0,2.200806,3936.0,1205.0,1211.3879266093813,0.6365557316428949,0.6495649162919089
1116,2722.0,2.193553,3936.0,1214.0,1211.1584323137743,0.6413100898045431,0.6494418579060351
1117,2722.0,2.193553,3936.0,1214.0,1210.8891375564472,0.6413100898045431,0.6492974578978639
1118,2722.0,2.193553,3936.0,1214.0,1210.6599221403374,0.6413100898045431,0.6491745490514839
1119,2714.0,2.187106,3936.0,1222.0,1210.3916906110928,0.6455361859482304,0.6490307191626322
1120,2730.0,2.2,3936.0,1206.0,1210.123254279718,0.6370839936608558,0.6488867794557149
1121,2730.0,2.2,3936.0,1206.0,1209.8549878905362,0.6370839936608558,0.6487429308744265
1122,2730.0,2.2,3936.0,1206.0,1209.5872661878723,0.6370839936608558,0.6485993743624615
1123,2730.0,2.2,3936.0,1206.0,1209.3204639160501,0.6370839936608558,0.6484563108635147
1124,2722.0,2.193553,3936.0,1214.0,1209.054955819394,0.6413100898045431,0.6483139413212807
1125,2730.0,2.2,3936.0,1206.0,1208.7718983588882,0.6370839936608558,0.6481621615390982
1126,2730.0,2.2,3936.0,1206.0,1208.5332515867874,0.6370839936608558,0.6480341954539673
1127,2728.0,2.198388,3936.0,1208.0,1208.3201893940454,0.6381405176967776,0.6479199482154459
1128,2723.0,2.194359,3936.0,1213.0,1208.0453231472666,0.6407818277865821,0.6477725606885781
1129,2723.0,2.194359,3936.0,1213.0,1207.7808713067054,0.6407818277865821,0.6476307575271761
1130,2722.0,2.193553,3936.0,1214.0,1207.5271824717333,0.6413100898045431,0.6474947256556072
1131,2730.0,2.2,3936.0,1206.0,1207.2846052417215,0.6370839936608558,0.6473646519982379
1132,2731.0,2.200806,3936.0,1205.0,1207.1207522077302,0.6365557316428949,0.6472767914706804
1133,2723.0,2.194359,3936.0,1213.0,1206.9641631131387,0.6407818277865821,0.6471928259796216
1134,2728.0,2.198388,3936.0,1208.0,1206.733110578342,0.6381405176967776,0.647068932041827
1135,2731.0,2.200806,3936.0,1205.0,1206.5048076210862,0.6365557316428949,0.6469465124699777
1136,2730.0,2.2,3936.0,1206.0,1206.2795941257586,0.6370839936608558,0.6468257495153313
1137,2730.0,2.2,3936.0,1206.0,1206.0674191184164,0.6370839936608558,0.6467119779993239
1138,2731.0,2.200806,3936.0,1205.0,1205.8583640754473,0.6365557316428949,0.6465998794564015
1139,2722.0,2.193553,3936.0,1214.0,1205.6527775962224,0.6413100898045431,0.6464896408109313
1140,2730.0,2.2,3936.0,1206.0,1205.4510082801135,0.6370839936608558,0.6463814489872803
1141,2722.0,2.193553,3936.0,1214.0,1205.3014504348412,0.6413100898045431,0.646301253760705
1142,2714.0,2.187106,3936.0,1222.0,1205.1531606197818,0.6455361859482304,0.6462217384715147
1143,2728.0,2.198388,3936.0,1208.0,1205.0065310092284,0.6381405176967776,0.6461431134096226
1144,2731.0,2.200806,3936.0,1205.0,1204.8106181625571,0.6365557316428949,0.6460380619153381
1145,2722.0,2.193553,3936.0,1214.0,1204.6138163874891,0.6413100898045431,0.6459325337639176
1146,2730.0,2.2,3936.0,1206.0,1204.3478943290793,0.6370839936608558,0.6457899422489974
1147,2731.0,2.200806,3936.0,1205.0,1204.1317391884156,0.6365557316428949,0.6456740365240293
1148,2730.0,2.2,3936.0,1206.0,1203.9348807659499,0.6370839936608558,0.6455684779973994
1149,2735.0,2.204029,3936.0,1201.0,1203.8090032759699,0.6344426835710513,0.6455009805430778
1150,2734.0,2.203223,3936.0,1202.0,1203.6667180850811,0.6349709455890121,0.6454246850261101
1151,2739.0,2.207253,3936.0,1197.0,1203.4809059051931,0.6323296354992076,0.6453250496653609
1152,2731.0,2.200806,3936.0,1205.0,1203.3705149422835,0.6365557316428949,0.6452658563260459
1153,2739.0,2.207253,3936.0,1197.0,1203.26408493973,0.6323296354992076,0.6452087869148516
1154,2731.0,2.200806,3936.0,1205.0,1203.0901556409112,0.6365557316428949,0.6451155233384642
1155,2723.0,2.194359,3936.0,1213.0,1202.9163396368883,0.6407818277865821,0.6450223205124964
1156,2735.0,2.204029,3936.0,1201.0,1202.6813827891333,0.6344426835710513,0.6448963330217912
1157,2731.0,2.200806,3936.0,1205.0,1202.4432362571306,0.6365557316428949,0.6447686351731271
1158,2735.0,2.204029,3936.0,1201.0,1202.202196350346,0.6344426835710513,0.6446393858522166
1159,2731.0,2.200806,3936.0,1205.0,1201.9585593782451,0.6365557316428949,0.6445087439447713
1160,2739.0,2.207253,3936.0,1197.0,1201.7126216502938,0.6323296354992076,0.6443768683365038
1161,2752.0,2.217729,3936.0,1184.0,1201.4646794759576,0.6254622292657158,0.6442439179131255
1162,2722.0,2.193553,3936.0,1214.0,1201.1944949187352,0.6413100898045431,0.6440990407805073
1163,2723.0,2.194359,3936.0,1213.0,1200.921565141464,0.6407818277865821,0.6439526916184986
1164,2731.0,2.200806,3936.0,1205.0,1200.6557781653112,0.6365557316428949,0.6438101725367711
1165,2735.0,2.204029,3936.0,1201.0,1200.4352001701232,0.6344426835710513,0.6436918952088955
1166,2730.0,2.2,3936.0,1206.0,1200.2088267103877,0.6370839936608558,0.6435705102634177
1167,2731.0,2.200806,3936.0,1205.0,1199.976988955507,0.6365557316428949,0.6434461952784866
1168,2739.0,2.207253,3936.0,1197.0,1199.7592363582237,0.6323296354992076,0.643329432972606
1169,2735.0,2.204029,3936.0,1201.0,1199.5353832719427,0.6344426835710513,0.6432093994903021
1170,2731.0,2.200806,3936.0,1205.0,1199.2865600126956,0.6365557316428949,0.6430759766155862
1171,2735.0,2.204029,3936.0,1201.0,1199.0336319958512,0.6344426835710513,0.6429403527064482
1172,2739.0,2.207253,3936.0,1197.0,1198.7769303908126,0.6323296354992076,0.6428027053410369
1173,2723.0,2.194359,3936.0,1213.0,1198.4687406586331,0.6407818277865821,0.6426374492466117
1174,2739.0,2.207253,3936.0,1197.0,1198.1510768670398,0.6323296354992076,0.6424671130152009
1175,2730.0,2.2,3936.0,1206.0,1197.834485018513,0.6370839936608558,0.6422973515762186
1176,2746.0,2.212894,3936.0,1190.0,1197.5192439925504,0.6286318013734813,0.6421283144691587
1177,2730.0,2.2,3936.0,1206.0,1197.195365545665,0.6370839936608558,0.6419546458435942
1178,2746.0,2.212894,3936.0,1190.0,1196.8829961070235,0.6286318013734813,0.6417871485260079
1179,2746.0,2.212894,3936.0,1190.0,1196.582414556122,0.6286318013734813,0.6416259720558936
1180,2735.0,2.204029,3936.0,1201.0,1196.2893026182494,0.6344426835710513,0.6414688009076542
1181,2747.0,2.2137,3936.0,1189.0,1195.989741592008,0.6281035393555203,0.6413081716586245
1182,2754.0,2.219341,3936.0,1182.0,1195.7456305247622,0.624405705229794,0.6411772755340402
1183,2754.0,2.219341,3936.0,1182.0,1195.499663165864,0.624405705229794,0.6410453840372011
1184,2730.0,2.2,3936.0,1206.0,1195.2419209917023,0.6370839936608558,0.6409071787025543
1185,2744.0,2.211282,3936.0,1192.0,1194.9926201513165,0.6296883254094031,0.6407734997414556
1186,2755.0,2.220147,3936.0,1181.0,1194.742500102408,0.623877443211833,0.6406393815080942
1187,2731.0,2.200806,3936.0,1205.0,1194.491909444348,0.6365557316428949,0.6405050109268372
1188,2746.0,2.212894,3936.0,1190.0,1194.2411967765086,0.6286318013734813,0.6403705749220518
1189,2746.0,2.212894,3936.0,1190.0,1193.99071069826,0.6286318013734813,0.640236260418105
1190,2739.0,2.207253,3936.0,1197.0,1193.7407998089743,0.6323296354992076,0.6401022543393639
1191,2735.0,2.204029,3936.0,1201.0,1193.4918127080227,0.6344426835710513,0.6399687436101955
1192,2739.0,2.207253,3936.0,1197.0,1193.244097994776,0.6323296354992076,0.6398359151549666
1193,2747.0,2.2137,3936.0,1189.0,1192.9980042686063,0.6281035393555203,0.6397039558980449
1194,2752.0,2.217729,3936.0,1184.0,1192.753880128884,0.6254622292657158,0.6395730527637967
1195,2746.0,2.212894,3936.0,1190.0,1192.4299371911152,0.6286318013734813,0.6393993495572242
1196,2746.0,2.212894,3936.0,1190.0,1192.1854644520217,0.6286318013734813,0.6392682594986091
1197,2744.0,2.211282,3936.0,1192.0,1191.8714095354196,0.6296883254094031,0.6390998584017081
1198,2746.0,2.212894,3936.0,1190.0,1191.5546660461666,0.6286318013734813,0.6389300156506262
1199,2735.0,2.204029,3936.0,1201.0,1191.2355215787438,0.6344426835710513,0.6387588854579664
1200,2746.0,2.212894,3936.0,1190.0,1190.9142637276323,0.6286318013734813,0.6385866220363311
1201,2739.0,2.207253,3936.0,1197.0,1190.5911800873137,0.6323296354992076,0.6384133795983234
1202,2735.0,2.204029,3936.0,1201.0,1190.2870924982358,0.6344426835710513,0.6382503231363875
1203,2746.0,2.212894,3936.0,1190.0,1189.9830877015083,0.6286318013734813,0.6380873110689887
1204,2735.0,2.204029,3936.0,1201.0,1189.6794707215813,0.6344426835710513,0.6379245069549482
1205,2746.0,2.212894,3936.0,1190.0,1189.414983149585,0.6286318013734813,0.6377826846337987
1206,2754.0,2.219341,3936.0,1182.0,1189.1104598112927,0.624405705229794,0.6376193945164039
1207,2735.0,2.204029,3936.0,1201.0,1188.807274223088,0.6344426835710513,0.6374568217212677
1208,2739.0,2.207253,3936.0,1197.0,1188.5826045427796,0.6323296354992076,0.637336350368634
1209,2746.0,2.212894,3936.0,1190.0,1188.3341542848596,0.6286318013734813,0.6372031275029907
1210,2739.0,2.207253,3936.0,1197.0,1188.0814990470233,0.6323296354992076,0.6370676498621699
1211,2747.0,2.2137,3936.0,1189.0,1187.8249961436263,0.6281035393555203,0.6369301090436478
1212,2754.0,2.219341,3936.0,1182.0,1187.6322668807136,0.624405705229794,0.6368267646361455
1213,2746.0,2.212894,3936.0,1190.0,1187.3645957249585,0.6286318013734813,0.6366832352282138
1214,2747.0,2.2137,3936.0,1189.0,1187.094209851599,0.6281035393555203,0.6365382501467736
1215,2754.0,2.219341,3936.0,1182.0,1186.821466574992,0.624405705229794,0.6363920009893015
1216,2752.0,2.217729,3936.0,1184.0,1186.5467232094916,0.6254622292657158,0.6362446793532731
1217,2747.0,2.2137,3936.0,1189.0,1186.2908713154204,0.6281035393555203,0.6361074876160064
1218,2754.0,2.219341,3936.0,1182.0,1186.0350673537628,0.624405705229794,0.6359703215808402
1219,2747.0,2.2137,3936.0,1189.0,1185.779686068843,0.6281035393555203,0.635833382191469
1220,2755.0,2.220147,3936.0,1181.0,1185.5045679590185,0.623877443211833,0.6356858596117462
1221,2752.0,2.217729,3936.0,1184.0,1185.2292886219848,0.6254622292657158,0.6355382505795036
1222,2747.0,2.2137,3936.0,1189.0,1184.9542053720975,0.6281035393555203,0.6353907466922175
1223,2754.0,2.219341,3936.0,1182.0,1184.6694084007288,0.624405705229794,0.6352380341574434
1224,2739.0,2.207253,3936.0,1197.0,1184.38485544892,0.6323296354992076,0.6350854524697261
1225,2747.0,2.2137,3936.0,1189.0,1184.148940824392,0.6281035393555203,0.6349589514043222
1226,2760.0,2.224176,3936.0,1176.0,1183.9107210865213,0.6212361331220285,0.6348312143015411
1227,2754.0,2.219341,3936.0,1182.0,1183.6705884096004,0.624405705229794,0.6347024514512958
1228,2763.0,2.226593,3936.0,1173.0,1183.398133598973,0.6196513470681458,0.6345563569737374
1229,2735.0,2.204029,3936.0,1201.0,1183.1225501089878,0.6344426835710513,0.6344085848499844
1230,2746.0,2.212894,3936.0,1190.0,1182.844203968985,0.6286318013734813,0.6342593313506227
1231,2754.0,2.219341,3936.0,1182.0,1182.6134808605939,0.624405705229794,0.634135614056355
1232,2755.0,2.220147,3936.0,1181.0,1182.3814287171003,0.623877443211833,0.6340111841129382
1233,2754.0,2.219341,3936.0,1182.0,1182.165043500851,0.624405705229794,0.6338951550178875
1234,2747.0,2.2137,3936.0,1189.0,1181.9826545667895,0.6281035393555203,0.6337973552544229
1235,2754.0,2.219341,3936.0,1182.0,1181.796287242403,0.624405705229794,0.6336974222166194
1236,2754.0,2.219341,3936.0,1182.0,1181.6064034218582,0.624405705229794,0.633595603579263
1237,2754.0,2.219341,3936.0,1182.0,1181.4134649993227,0.624405705229794,0.6334921470171404
1238,2752.0,2.217729,3936.0,1184.0,1181.2179338689632,0.6254622292657158,0.633387300205038
1239,2755.0,2.220147,3936.0,1181.0,1181.0202719249464,0.623877443211833,0.6332813108177417
1240,2763.0,2.226593,3936.0,1173.0,1180.82094106144,0.6196513470681458,0.6331744265300385
1241,2762.0,2.225788,3936.0,1174.0,1180.6204031726097,0.6201796090861067,0.633066895016714
1242,2760.0,2.224176,3936.0,1176.0,1180.4191201526237,0.6212361331220285,0.632958963952555
1243,2767.0,2.229817,3936.0,1169.0,1180.2175538956485,0.6175382989963022,0.6328508810123479
1244,2760.0,2.224176,3936.0,1176.0,1179.9750978039183,0.6212361331220285,0.6327208723111963
1245,2760.0,2.224176,3936.0,1176.0,1179.7306154783419,0.6212361331220285,0.6325897771121609
1246,2762.0,2.225788,3936.0,1174.0,1179.4845339531498,0.6201796090861067,0.6324578243975918
1247,2762.0,2.225788,3936.0,1174.0,1179.2372802625719,0.6201796090861067,0.6323252431498385
1248,2754.0,2.219341,3936.0,1182.0,1178.9892814408379,0.624405705229794,0.6321922623512508
1249,2754.0,2.219341,3936.0,1182.0,1178.7409645221774,0.624405705229794,0.6320591109841779
1250,2755.0,2.220147,3936.0,1181.0,1178.4927565408204,0.623877443211833,0.6319260180309698
1251,2754.0,2.219341,3936.0,1182.0,1178.2040160390638,0.624405705229794,0.6317711909142933
1252,2752.0,2.217729,3936.0,1184.0,1177.9135717578802,0.6254622292657158,0.6316154502047729
1253,2739.0,2.207253,3936.0,1197.0,1177.6410341549017,0.6323296354992076,0.6314693113326773
1254,2763.0,2.226593,3936.0,1173.0,1177.294408727541,0.6196513470681458,0.6312834454248516
1255,2763.0,2.226593,3936.0,1173.0,1176.941308066858,0.6196513470681458,0.6310941073969079
1256,2762.0,2.225788,3936.0,1174.0,1176.5820807722246,0.6201796090861067,0.6309014841732131
1257,2754.0,2.219341,3936.0,1182.0,1176.2170754430115,0.624405705229794,0.6307057626781344
1258,2767.0,2.229817,3936.0,1169.0,1175.8466406785908,0.6175382989963022,0.6305071298360388
1259,2762.0,2.225788,3936.0,1174.0,1175.4711250783328,0.6201796090861067,0.6303057725712933
1260,2762.0,2.225788,3936.0,1174.0,1175.0908772416099,0.6201796090861067,0.6301018778082652
1261,2752.0,2.217729,3936.0,1184.0,1174.7062457677928,0.6254622292657158,0.6298956324713214
1262,2762.0,2.225788,3936.0,1174.0,1174.298360972913,0.6201796090861067,0.6296769183444733
1263,2763.0,2.226593,3936.0,1173.0,1173.908622518306,0.6196513470681458,0.6294679345655518
1264,2760.0,2.224176,3936.0,1176.0,1173.5694963349201,0.6212361331220285,0.6292860898681724
1265,2762.0,2.225788,3936.0,1174.0,1173.2012115571215,0.6201796090861067,0.6290886098821105
1266,2762.0,2.225788,3936.0,1174.0,1172.7918931473275,0.6201796090861067,0.6288691270288029
1267,2755.0,2.220147,3936.0,1181.0,1172.3816248042465,0.623877443211833,0.628649134806595
1268,2778.0,2.238681,3936.0,1158.0,1171.9707376972815,0.6117274167987322,0.6284288107936356
1269,2762.0,2.225788,3936.0,1174.0,1171.559562995835,0.6201796090861067,0.6282083325680733
1270,2762.0,2.225788,3936.0,1174.0,1171.1484318693101,0.6201796090861067,0.627987877708057
1271,2755.0,2.220147,3936.0,1181.0,1170.7568937704489,0.623877443211833,0.6277779289320907
1272,2763.0,2.226593,3936.0,1173.0,1170.3647630526566,0.6196513470681458,0.6275676623847006
1273,2760.0,2.224176,3936.0,1176.0,1169.9819974569746,0.6212361331220285,0.6273624175604315
1274,2767.0,2.229817,3936.0,1169.0,1169.5986871747746,0.6175382989963022,0.6271568806668387
1275,2763.0,2.226593,3936.0,1173.0,1169.2151895204124,0.6196513470681458,0.6269512433013987
1276,2767.0,2.229817,3936.0,1169.0,1168.8427869125405,0.6175382989963022,0.6267515552712511
1277,2767.0,2.229817,3936.0,1169.0,1168.482503361812,0.6175382989963022,0.6265583656667242
1278,2762.0,2.225788,3936.0,1174.0,1168.1039122436014,0.6201796090861067,0.6263553592617507
1279,2762.0,2.225788,3936.0,1174.0,1167.798459016486,0.6201796090861067,0.6261915705236066
1280,2762.0,2.225788,3936.0,1174.0,1167.4896888663527,0.6201796090861067,0.62602600320011
1281,2771.0,2.23304,3936.0,1165.0,1167.1978876621165,0.6154252509244585,0.6258695348874911
1282,2762.0,2.225788,3936.0,1174.0,1166.9132066000388,0.6201796090861067,0.625716884505069
1283,2784.0,2.243516,3936.0,1152.0,1166.5545849968128,0.6085578446909667,0.6255245860624619
1284,2784.0,2.243516,3936.0,1152.0,1166.1999025664825,0.6085578446909667,0.6253343998652026
1285,2763.0,2.226593,3936.0,1173.0,1165.8495079084196,0.6196513470681458,0.6251465128376582
1286,2778.0,2.238681,3936.0,1158.0,1165.5037496219945,0.6117274167987322,0.6249611119041955
1287,2771.0,2.23304,3936.0,1165.0,1165.1629763065791,0.6154252509244585,0.6247783839891815
1288,2771.0,2.23304,3936.0,1165.0,1164.8268785802316,0.6154252509244585,0.6245981631972409
1289,2786.0,2.245128,3936.0,1150.0,1164.5624110526983,0.6075013206550449,0.6244563516242423
1290,2762.0,2.225788,3936.0,1174.0,1164.2788951840191,0.6201796090861067,0.6243043260365171
1291,2784.0,2.243516,3936.0,1152.0,1163.9492116861036,0.6085578446909667,0.6241275446529303
1292,2767.0,2.229817,3936.0,1169.0,1163.5737091583223,0.6175382989963022,0.6239261943978486
1293,2771.0,2.23304,3936.0,1165.0,1163.2487840418244,0.6154252509244585,0.6237519645318718
1294,2771.0,2.23304,3936.0,1165.0,1162.9426676044056,0.6154252509244585,0.6235878201701197
1295,2767.0,2.229817,3936.0,1169.0,1162.6351916294386,0.6175382989963022,0.623422946803336
1296,2771.0,2.23304,3936.0,1165.0,1162.3267221462636,0.6154252509244585,0.6232575407021063
1297,2767.0,2.229817,3936.0,1169.0,1162.0689607991358,0.6175382989963022,0.6231193250866188
1298,2776.0,2.23707,3936.0,1160.0,1161.7725450107216,0.612783940834654,0.6229603823626908
1299,2776.0,2.23707,3936.0,1160.0,1161.4756281107116,0.612783940834654,0.6228011709349853
1300,2778.0,2.238681,3936.0,1158.0,1161.1580505974623,0.6117274167987322,0.6226308809673551
1301,2763.0,2.226593,3936.0,1173.0,1160.8599223146368,0.6196513470681458,0.622471019977474
1302,2763.0,2.226593,3936.0,1173.0,1160.6137353381353,0.6196513470681458,0.622339010718284
1303,2776.0,2.23707,3936.0,1160.0,1160.2999924179705,0.612783940834654,0.6221707769186915
1304,2784.0,2.243516,3936.0,1152.0,1159.9863148601883,0.6085578446909667,0.622002578167418
1305,2767.0,2.229817,3936.0,1169.0,1159.6730599791433,0.6175382989963022,0.6218346060619393
1306,2784.0,2.243516,3936.0,1152.0,1159.3605850891918,0.6085578446909667,0.6216670521997321
1307,2778.0,2.238681,3936.0,1158.0,1159.049247504689,0.6117274167987322,0.6215001081782722
1308,2767.0,2.229817,3936.0,1169.0,1158.7394045399908,0.6175382989963022,0.6213339655950362
1309,2784.0,2.243516,3936.0,1152.0,1158.4314135094526,0.6085578446909667,0.6211688160475001
1310,2784.0,2.243516,3936.0,1152.0,1158.1256317274301,0.6085578446909667,0.6210048511331403
1311,2767.0,2.229817,3936.0,1169.0,1157.8224165082788,0.6175382989963022,0.6208422624494329
1312,2786.0,2.245128,3936.0,1150.0,1157.522125166354,0.6075013206550449,0.620681241593854
1313,2786.0,2.245128,3936.0,1150.0,1157.225115016012,0.6075013206550449,0.6205219801638803
1314,2784.0,2.243516,3936.0,1152.0,1156.9317433716078,0.6085578446909667,0.6203646697569876
1315,2784.0,2.243516,3936.0,1152.0,1156.6224912828438,0.6085578446909667,0.6201988440105536
1316,2784.0,2.243516,3936.0,1152.0,1156.2662392838442,0.6085578446909667,0.6200078161863316
1317,2767.0,2.229817,3936.0,1169.0,1155.9113293924242,0.6175382989963022,0.6198175080209227
1318,2784.0,2.243516,3936.0,1152.0,1155.5580579180494,0.6085578446909667,0.6196280784000391
1319,2784.0,2.243516,3936.0,1152.0,1155.1957960658888,0.6085578446909667,0.6194338279997292
1320,2767.0,2.229817,3936.0,1169.0,1154.83378259078,0.6175382989963022,0.6192397107830308
1321,2776.0,2.23707,3936.0,1160.0,1154.492839333171,0.612783940834654,0.619056891742388
1322,2784.0,2.243516,3936.0,1152.0,1154.1540530341722,0.6085578446909667,0.6188752292962663
1323,2767.0,2.229817,3936.0,1169.0,1153.8081195765633,0.6175382989963022,0.6186897344333092
1324,2784.0,2.243516,3936.0,1152.0,1153.526547149379,0.6085578446909667,0.6185387509489302
1325,2794.0,2.251575,3936.0,1142.0,1153.2616386436414,0.6032752245113576,0.6183967029166074
1326,2784.0,2.243516,3936.0,1152.0,1153.0041422320364,0.6085578446909667,0.6182586293636393
1327,2786.0,2.245128,3936.0,1150.0,1152.754415228919,0.6075013206550449,0.6181247218875018
1328,2767.0,2.229817,3936.0,1169.0,1152.5128149486452,0.6175382989963022,0.6179951720856712
1329,2803.0,2.258828,3936.0,1133.0,1152.2796987055704,0.5985208663497095,0.6178701715556237
1330,2784.0,2.243516,3936.0,1152.0,1152.0451566910667,0.6085578446909667,0.617744406504915
1331,2786.0,2.245128,3936.0,1150.0,1151.7472767852933,0.6075013206550449,0.6175846786986454
1332,2787.0,2.245934,3936.0,1149.0,1151.4920471411,0.606973058637084,0.617447820621374
1333,2792.0,2.249963,3936.0,1144.0,1151.2002851542925,0.6043317485472794,0.617291373337746
1334,2784.0,2.243516,3936.0,1152.0,1150.9133469112858,0.6085578446909667,0.6171375126200473
1335,2771.0,2.23304,3936.0,1165.0,1150.6315200065603,0.6154252509244585,0.6169863926808804
1336,2786.0,2.245128,3936.0,1150.0,1150.4319651679577,0.6075013206550449,0.6168793882942712
1337,2787.0,2.245934,3936.0,1149.0,1150.232902725967,0.606973058637084,0.6167726479383306
1338,2784.0,2.243516,3936.0,1152.0,1150.0346899949436,0.6085578446909667,0.6166663632105345
1339,2784.0,2.243516,3936.0,1152.0,1149.837684289243,0.6085578446909667,0.6165607257083591
1340,2786.0,2.245128,3936.0,1150.0,1149.6422429232218,0.6075013206550449,0.6164559270292812
1341,2784.0,2.243516,3936.0,1152.0,1149.4487232112344,0.6085578446909667,0.6163521587707764
1342,2784.0,2.243516,3936.0,1152.0,1149.2574824676371,0.6085578446909667,0.6162496125303214
1343,2786.0,2.245128,3936.0,1150.0,1149.0688780067853,0.6075013206550449,0.6161484799053922
1344,2795.0,2.252381,3936.0,1141.0,1148.8832671430346,0.6027469624933968,0.6160489524934653
1345,2784.0,2.243516,3936.0,1152.0,1148.6241340573808,0.6085578446909667,0.6159100013305935
1346,2787.0,2.245934,3936.0,1149.0,1148.3739033281718,0.606973058637084,0.6157758237487455
1347,2784.0,2.243516,3936.0,1152.0,1148.2097356832485,0.6085578446909667,0.615687794521947
1348,2784.0,2.243516,3936.0,1152.0,1148.039584330117,0.6085578446909667,0.6155965567383881
1349,2787.0,2.245934,3936.0,1149.0,1147.921452718167,0.606973058637084,0.6155332127435025
1350,2787.0,2.245934,3936.0,1149.0,1147.8043974067762,0.606973058637084,0.6154704458776001
1351,2784.0,2.243516,3936.0,1152.0,1147.688810570237,0.6085578446909667,0.6154084664305941
1352,2787.0,2.245934,3936.0,1149.0,1147.5270386744926,0.606973058637084,0.615321721841508
1353,2802.0,2.258022,3936.0,1134.0,1147.3707659338306,0.5990491283676703,0.6152379259843124
1354,2786.0,2.245128,3936.0,1150.0,1147.2203409476222,0.6075013206550449,0.6151572657833739
1355,2784.0,2.243516,3936.0,1152.0,1147.0761123152383,0.6085578446909667,0.6150799281630597
1356,2787.0,2.245934,3936.0,1149.0,1146.8973601441178,0.606973058637084,0.6149840784880544
1357,2795.0,2.252381,3936.0,1141.0,1146.7639032323073,0.6027469624933968,0.6149125168306822
1358,2786.0,2.245128,3936.0,1150.0,1146.6376536124985,0.6075013206550449,0.6148448198345989
1359,2784.0,2.243516,3936.0,1152.0,1146.3983863335172,0.6085578446909667,0.614716521024095
1360,2794.0,2.251575,3936.0,1142.0,1146.2027236068948,0.6032752245113576,0.6146116036480438
1361,2794.0,2.251575,3936.0,1142.0,1145.9714392535163,0.6032752245113576,0.6144875854055454
1362,2786.0,2.245128,3936.0,1150.0,1145.7458457848738,0.6075013206550449,0.6143666187033389
1363,2786.0,2.245128,3936.0,1150.0,1145.4543173596455,0.6075013206550449,0.614210296659037
1364,2786.0,2.245128,3936.0,1150.0,1145.2361708450726,0.6075013206550449,0.6140933231286217
1365,2794.0,2.251575,3936.0,1142.0,1145.024386269026,0.6032752245113576,0.6139797609679053
1366,2787.0,2.245934,3936.0,1149.0,1144.8192076510657,0.606973058637084,0.6138697410239444
1367,2794.0,2.251575,3936.0,1142.0,1144.6208790107512,0.6032752245113576,0.6137633941437962
1368,2794.0,2.251575,3936.0,1142.0,1144.4680809343224,0.6032752245113576,0.613681461455229
1369,2792.0,2.249963,3936.0,1144.0,1144.281587242664,0.6043317485472794,0.6135814606573424
1370,2787.0,2.245934,3936.0,1149.0,1144.1027104472682,0.606973058637084,0.6134855441568758
1371,2787.0,2.245934,3936.0,1149.0,1143.970131134375,0.606973058637084,0.6134144530815977
1372,2795.0,2.252381,3936.0,1141.0,1143.8430596915487,0.6027469624933968,0.6133463154113193
1373,2795.0,2.252381,3936.0,1141.0,1143.7217749982854,0.6027469624933968,0.6132812806855338
1374,2799.0,2.255604,3936.0,1137.0,1143.6065559340832,0.6006339144215531,0.6132194984437351
1375,2795.0,2.252381,3936.0,1141.0,1143.6226002201472,0.6027469624933968,0.6132281016377287
1376,2787.0,2.245934,3936.0,1149.0,1143.5854918170721,0.606973058637084,0.6132082035388557
1377,2799.0,2.255604,3936.0,1137.0,1143.5628433159188,0.6006339144215531,0.6131960590627283
1378,2799.0,2.255604,3936.0,1137.0,1143.5344865000604,0.6006339144215531,0.6131808537000903
1379,2795.0,2.252381,3936.0,1141.0,1143.500787398837,0.6027469624933968,0.6131627837215273
1380,2795.0,2.252381,3936.0,1141.0,1143.442893758248,0.6027469624933968,0.6131317402572687
1381,2795.0,2.252381,3936.0,1141.0,1143.3048152902722,0.6027469624933968,0.6130577004501002
1382,2787.0,2.245934,3936.0,1149.0,1143.2253067456659,0.606973058637084,0.6130150667404625
1383,2795.0,2.252381,3936.0,1141.0,1143.084125743286,0.6027469624933968,0.6129393633064275
1384,2795.0,2.252381,3936.0,1141.0,1142.881551162629,0.6027469624933968,0.6128307396874885
1385,2808.0,2.262857,3936.0,1128.0,1142.6754644433065,0.595879556259905,0.6127202328055515
1386,2799.0,2.255604,3936.0,1137.0,1142.4660921749094,0.6006339144215531,0.6126079641614551
1387,2787.0,2.245934,3936.0,1149.0,1142.2536609470287,0.606973058637084,0.6124940552560376
1388,2794.0,2.251575,3936.0,1142.0,1142.038397349257,0.6032752245113576,0.6123786275901382
1389,2787.0,2.245934,3936.0,1149.0,1141.8781828212036,0.606973058637084,0.6122927180856618
1390,2795.0,2.252381,3936.0,1141.0,1141.7116935044676,0.6027469624933968,0.6122034439425788
1391,2786.0,2.245128,3936.0,1150.0,1141.5392082785443,0.6075013206550449,0.6121109547003819
1392,2795.0,2.252381,3936.0,1141.0,1141.361006022932,0.6027469624933968,0.6120153998985657
1393,2795.0,2.252381,3936.0,1141.0,1141.1773656171279,0.6027469624933968,0.6119169290766235
1394,2794.0,2.251575,3936.0,1142.0,1140.988565940628,0.6032752245113576,0.6118156917740487
1395,2799.0,2.255604,3936.0,1137.0,1140.79488587293,0.6006339144215531,0.6117118375303353
1396,2787.0,2.245934,3936.0,1149.0,1140.5966042935308,0.606973058637084,0.6116055158849767
1397,2794.0,2.251575,3936.0,1142.0,1140.3940000819275,0.6032752245113576,0.6114968763774666
1398,2803.0,2.258828,3936.0,1133.0,1140.1104789842577,0.5985208663497095,0.6113448479858758
1399,2795.0,2.252381,3936.0,1141.0,1139.780341435661,0.6027469624933968,0.611167823133301
1400,2794.0,2.251575,3936.0,1142.0,1139.4166520690749,0.6032752245113576,0.610972807277708
1401,2795.0,2.252381,3936.0,1141.0,1139.0606101011963,0.6027469624933968,0.610781892075417
1402,2794.0,2.251575,3936.0,1142.0,1138.7123462567904,0.6032752245113576,0.6105951476230662
1403,2803.0,2.258828,3936.0,1133.0,1138.3719912606205,0.5985208663497095,0.6104126440172927
1404,2799.0,2.255604,3936.0,1137.0,1138.0191415914846,0.6006339144215531,0.6102234405748931
1405,2794.0,2.251575,3936.0,1142.0,1137.673128827519,0.6032752245113576,0.6100379031866425
1406,2795.0,2.252381,3936.0,1141.0,1137.334066263518,0.6027469624933968,0.6098560926029599
1407,2795.0,2.252381,3936.0,1141.0,1137.0020671942782,0.6027469624933968,0.6096780695742647
1408,2794.0,2.251575,3936.0,1142.0,1136.715681481275,0.6032752245113576,0.6095245051316879
1409,2803.0,2.258828,3936.0,1133.0,1136.4339887873077,0.5985208663497095,0.6093734571584024
1410,2810.0,2.264469,3936.0,1126.0,1136.2244012587987,0.5948230322239831,0.6092610730885092
1411,2810.0,2.264469,3936.0,1126.0,1136.015258194488,0.5948230322239831,0.6091489273471841
1412,2794.0,2.251575,3936.0,1142.0,1135.806768753999,0.6032752245113576,0.6090371320890473
1413,2803.0,2.258828,3936.0,1133.0,1135.61967634292,0.5985208663497095,0.6089368102485602
1414,2794.0,2.251575,3936.0,1142.0,1135.4157709841636,0.6032752245113576,0.6088274730458502
1415,2808.0,2.262857,3936.0,1128.0,1135.2157960833183,0.595879556259905,0.6087202434153787
1416,2803.0,2.258828,3936.0,1133.0,1134.9994265540408,0.5985208663497095,0.6086042227319245
1417,2795.0,2.252381,3936.0,1141.0,1134.8066066552915,0.6027469624933968,0.6085008297240867
1418,2784.0,2.243516,3936.0,1152.0,1134.6183272633536,0.6085578446909667,0.6083998714061299
1419,2803.0,2.258828,3936.0,1133.0,1134.4347975378494,0.5985208663497095,0.6083014599326741
1420,2810.0,2.264469,3936.0,1126.0,1134.2562266384018,0.5948230322239831,0.6082057074583396
1421,2795.0,2.252381,3936.0,1141.0,1134.1020420079738,0.6027469624933968,0.6081230312781024
1422,2808.0,2.262857,3936.0,1128.0,1133.9314017442234,0.595879556259905,0.6080315313331185
1423,2795.0,2.252381,3936.0,1141.0,1133.7637332901134,0.6027469624933968,0.6079416249183636
1424,2795.0,2.252381,3936.0,1141.0,1133.5889786822834,0.6027469624933968,0.6078479187985375
1425,2826.0,2.277363,3936.0,1110.0,1133.4169475070414,0.5863708399366085,0.607755673025329
1426,2810.0,2.264469,3936.0,1126.0,1133.2478402090267,0.5948230322239831,0.6076649950802492
1427,2799.0,2.255604,3936.0,1137.0,1133.0921243558598,0.6006339144215531,0.6075814978347296
1428,2808.0,2.262857,3936.0,1128.0,1132.9301328425115,0.595879556259905,0.6074946354832922
1429,2810.0,2.264469,3936.0,1126.0,1132.77167525529,0.5948230322239831,0.607409668077626
1430,2799.0,2.255604,3936.0,1137.0,1132.6169520388332,0.6006339144215531,0.6073267030992417
1431,2803.0,2.258828,3936.0,1133.0,1132.4764307607636,0.5985208663497095,0.6072513534195714
1432,2803.0,2.258828,3936.0,1133.0,1132.3304443160503,0.5985208663497095,0.6071730732331365
1433,2803.0,2.258828,3936.0,1133.0,1132.1888022910014,0.5985208663497095,0.6070971225916257
1434,2808.0,2.262857,3936.0,1128.0,1132.0619722532394,0.595879556259905,0.6070291143664714
1435,2795.0,2.252381,3936.0,1141.0,1131.9405542207166,0.6027469624933968,0.6069640081421154
1436,2794.0,2.251575,3936.0,1142.0,1131.8247573530564,0.6032752245113576,0.6069019160731783
1437,2799.0,2.255604,3936.0,1137.0,1131.7147908098812,0.6006339144215531,0.6068429503142801
1438,2795.0,2.252381,3936.0,1141.0,1131.6108637508135,0.6027469624933968,0.6067872230200412
1439,2803.0,2.258828,3936.0,1133.0,1131.5029182124933,0.5985208663497095,0.6067293409551611
1440,2799.0,2.255604,3936.0,1137.0,1131.328893920346,0.6006339144215531,0.6066360264418839
1441,2799.0,2.255604,3936.0,1137.0,1131.1767285517765,0.6006339144215531,0.606554433021043
1442,2816.0,2.269304,3936.0,1120.0,1131.0786963080775,0.5916534601162177,0.6065018666178508
1443,2799.0,2.255604,3936.0,1137.0,1131.0446067755583,0.6006339144215531,0.6064835872839968
1444,2794.0,2.251575,3936.0,1142.0,1130.9617743359465,0.6032752245113576,0.6064391712505192
1445,2803.0,2.258828,3936.0,1133.0,1130.8579196112487,0.5985208663497095,0.6063834827430864
1446,2803.0,2.258828,3936.0,1133.0,1130.6947977644388,0.5985208663497095,0.6062960142893888
1447,2816.0,2.269304,3936.0,1120.0,1130.591805823185,0.5916534601162177,0.6062407884197647
1448,2799.0,2.255604,3936.0,1137.0,1130.4875327792413,0.6006339144215531,0.6061848756030913
1449,2795.0,2.252381,3936.0,1141.0,1130.3719032392792,0.6027469624933968,0.6061228732578503
1450,2818.0,2.270916,3936.0,1118.0,1130.1970545096185,0.5905969360802958,0.606029116668445
1451,2818.0,2.270916,3936.0,1118.0,1129.9574560612346,0.5905969360802958,0.6059006402797923
1452,2799.0,2.255604,3936.0,1137.0,1129.725047474884,0.6006339144215531,0.6057760192062103
1453,2816.0,2.269304,3936.0,1120.0,1129.5479441787893,0.5916534601162177,0.6056810536834609
1454,2819.0,2.271722,3936.0,1117.0,1129.3268781444817,0.5900686740623349,0.6055625146614716
1455,2818.0,2.270916,3936.0,1118.0,1129.1132547067518,0.5905969360802958,0.605447966474719
1456,2819.0,2.271722,3936.0,1117.0,1128.9071435854735,0.5900686740623349,0.6053374465080765
1457,2799.0,2.255604,3936.0,1137.0,1128.7086145005205,0.6006339144215531,0.6052309921464172
1458,2799.0,2.255604,3936.0,1137.0,1128.5657828801172,0.6006339144215531,0.605154403625504
1459,2808.0,2.262857,3936.0,1128.0,1128.427426404143,0.595879556259905,0.6050802147461529
1460,2799.0,2.255604,3936.0,1137.0,1128.2936583673938,0.6006339144215531,0.6050084862587833
1461,2819.0,2.271722,3936.0,1117.0,1128.1165463563154,0.5900686740623349,0.604913516062925
1462,2810.0,2.264469,3936.0,1126.0,1127.9474957056984,0.5948230322239831,0.6048228684930549
1463,2816.0,2.269304,3936.0,1120.0,1127.8346218437662,0.5916534601162177,0.6047623437849353
1464,2810.0,2.264469,3936.0,1126.0,1127.7459207337386,0.5948230322239831,0.6047147808797384
1465,2816.0,2.269304,3936.0,1120.0,1127.660988854413,0.5916534601162177,0.6046692390942602
1466,2803.0,2.258828,3936.0,1133.0,1127.5902240535372,0.5985208663497095,0.604631293915059
1467,2818.0,2.270916,3936.0,1118.0,1127.52415662919,0.5905969360802958,0.604595867541704
1468,2826.0,2.277363,3936.0,1110.0,1127.4629260211193,0.5863708399366085,0.6045630347439418
1469,2816.0,2.269304,3936.0,1120.0,1127.4066716690738,0.5916534601162177,0.6045328702915193
1470,2816.0,2.269304,3936.0,1120.0,1127.3452658898193,0.5916534601162177,0.6044999435642627
1471,2808.0,2.262857,3936.0,1128.0,1127.2884485497896,0.595879556259905,0.6044694772289876
1472,2818.0,2.270916,3936.0,1118.0,1127.2171320904088,0.5905969360802958,0.6044312362419756
1473,2799.0,2.255604,3936.0,1137.0,1127.1519640524393,0.6006339144215531,0.6043962921334877
1474,2816.0,2.269304,3936.0,1120.0,1127.1033248536603,0.5916534601162177,0.6043702110438636
1475,2794.0,2.251575,3936.0,1142.0,1127.0514602391981,0.6032752245113576,0.6043424004365332
1476,2794.0,2.251575,3936.0,1142.0,1127.0060926455187,0.6032752245113576,0.604318073632094
1477,2803.0,2.258828,3936.0,1133.0,1126.9192896590678,0.5985208663497095,0.6042715285300755
1478,2795.0,2.252381,3936.0,1141.0,1126.8905023229859,0.6027469624933968,0.6042560923158443
1479,2799.0,2.255604,3936.0,1137.0,1126.8877266004915,0.6006339144215531,0.6042546039305714
1480,2799.0,2.255604,3936.0,1137.0,1126.8713406870436,0.6006339144215531,0.6042458175506981
1481,2799.0,2.255604,3936.0,1137.0,1126.8619921234035,0.6006339144215531,0.6042408047064844
1482,2799.0,2.255604,3936.0,1137.0,1126.8117484960183,0.6006339144215531,0.6042138632974612
1483,2816.0,2.269304,3936.0,1120.0,1126.692510081065,0.5916534601162177,0.6041499258177103
1484,2818.0,2.270916,3936.0,1118.0,1126.6248504290888,0.5905969360802958,0.6041136456673086
1485,2810.0,2.264469,3936.0,1126.0,1126.5703678333484,0.5948230322239831,0.6040844312579818
1486,2803.0,2.258828,3936.0,1133.0,1126.52909715378,0.5985208663497095,0.6040623012821663
1487,2816.0,2.269304,3936.0,1120.0,1126.4189362664551,0.5916534601162177,0.6040032313129334
1488,2803.0,2.258828,3936.0,1133.0,1126.3167234447958,0.5985208663497095,0.6039484232192694
1489,2810.0,2.264469,3936.0,1126.0,1126.2224238288652,0.5948230322239831,0.6038978583087377
1490,2816.0,2.269304,3936.0,1120.0,1126.1360025587257,0.5916534601162177,0.6038515178889011
1491,2808.0,2.262857,3936.0,1128.0,1126.057424774441,0.595879556259905,0.6038093832673235
1492,2799.0,2.255604,3936.0,1137.0,1125.986655616073,0.6006339144215531,0.6037714357515678
1493,2799.0,2.255604,3936.0,1137.0,1125.9620967903647,0.6006339144215531,0.6037582669299087
1494,2816.0,2.269304,3936.0,1120.0,1125.9042432387039,0.5916534601162177,0.6037272449619525
1495,2803.0,2.258828,3936.0,1133.0,1125.8541285930855,0.5985208663497095,0.6037003727149448
1496,2810.0,2.264469,3936.0,1126.0,1125.893854977439,0.5948230322239831,0.6037216746158143
1497,2795.0,2.252381,3936.0,1141.0,1125.9465841183421,0.6027469624933968,0.603749948795575
1498,2816.0,2.269304,3936.0,1120.0,1125.9302138918656,0.5916534601162177,0.603741170827298
1499,2818.0,2.270916,3936.0,1118.0,1125.8831460047527,0.5905969360802958,0.6037159322992584
1500,2810.0,2.264469,3936.0,1126.0,1125.7950436141452,0.5948230322239831,0.6036686904366618
1501,2810.0,2.264469,3936.0,1126.0,1125.7138391335975,0.5948230322239831,0.6036251473399784
1502,2819.0,2.271722,3936.0,1117.0,1125.639419268314,0.5900686740623349,0.6035852422587888
1503,2810.0,2.264469,3936.0,1126.0,1125.6230063384146,0.5948230322239831,0.603576441392277
1504,2810.0,2.264469,3936.0,1126.0,1125.6164849156762,0.5948230322239831,0.6035729445046805
1505,2818.0,2.270916,3936.0,1118.0,1125.619785280224,0.5905969360802958,0.6035747142111255
1506,2803.0,2.258828,3936.0,1133.0,1125.6328377121838,0.5985208663497095,0.6035817131267388
1507,2810.0,2.264469,3936.0,1126.0,1125.6555724916818,0.5948230322239831,0.6035939038666474
1508,2810.0,2.264469,3936.0,1126.0,1125.6879198988431,0.5948230322239831,0.6036112490459771
1509,2810.0,2.264469,3936.0,1126.0,1125.729810213794,0.5948230322239831,0.6036337112798551
1510,2810.0,2.264469,3936.0,1126.0,1125.8606787752728,0.5948230322239831,0.603703885023802
1511,2816.0,2.269304,3936.0,1120.0,1125.9599520327333,0.5916534601162177,0.6037571168777407
1512,2816.0,2.269304,3936.0,1120.0,1126.1071001848516,0.5916534601162177,0.6038360199896289
1513,2799.0,2.255604,3936.0,1137.0,1126.2636866649475,0.6006339144215531,0.6039199840787548
1514,2808.0,2.262857,3936.0,1128.0,1126.429711473022,0.595879556259905,0.6040090091451191
1515,2816.0,2.269304,3936.0,1120.0,1126.5667380423943,0.5916534601162177,0.6040824849080096
1516,2816.0,2.269304,3936.0,1120.0,1126.715800005061,0.5916534601162177,0.604162414234673
1517,2810.0,2.264469,3936.0,1126.0,1126.9152990677646,0.5948230322239831,0.6042693887133836
1518,2808.0,2.262857,3936.0,1128.0,1127.1241667385718,0.595879556259905,0.6043813867844587
1519,2810.0,2.264469,3936.0,1126.0,1127.2628979588703,0.5948230322239831,0.6044557766075045
1520,2816.0,2.269304,3936.0,1120.0,1127.4519965593306,0.5916534601162177,0.6045571741977238
1521,2816.0,2.269304,3936.0,1120.0,1127.6529911133368,0.5916534601162177,0.6046649505819689
1522,2818.0,2.270916,3936.0,1118.0,1127.8247782690191,0.5905969360802958,0.6047570655081207
1523,2799.0,2.255604,3936.0,1137.0,1128.005724873182,0.6006339144215531,0.6048540918720167
1524,2816.0,2.269304,3936.0,1120.0,1128.1957612059514,0.5916534601162177,0.6049559922887835
1525,2810.0,2.264469,3936.0,1126.0,1128.3948175474534,0.5948230322239831,0.6050627293735479
1526,2816.0,2.269304,3936.0,1120.0,1128.4693515790311,0.5916534601162177,0.6051026956724677
1527,2803.0,2.258828,3936.0,1133.0,1128.544099127724,0.5985208663497095,0.6051427764625624
1528,2795.0,2.252381,3936.0,1141.0,1128.5983429328953,0.6027469624933968,0.605171862828698
1529,2803.0,2.258828,3936.0,1133.0,1128.6511008332466,0.5985208663497095,0.6052001524297189
1530,2803.0,2.258828,3936.0,1133.0,1128.7021723841387,0.5985208663497095,0.605227537784114
1531,2808.0,2.262857,3936.0,1128.0,1128.7718913869005,0.595879556259905,0.6052649221902139
1532,2816.0,2.269304,3936.0,1120.0,1128.913384385718,0.5916534601162177,0.6053407929215576
1533,2795.0,2.252381,3936.0,1141.0,1128.9777863765692,0.6027469624933968,0.6053753262637491
1534,2799.0,2.255604,3936.0,1137.0,1129.1033815010583,0.6006339144215531,0.6054426723093332
1535,2808.0,2.262857,3936.0,1128.0,1129.2323754694175,0.595879556259905,0.605511840867496
1536,2810.0,2.264469,3936.0,1126.0,1129.3646288418984,0.5948230322239831,0.6055827571684907
1537,2810.0,2.264469,3936.0,1126.0,1129.5000021787528,0.5948230322239831,0.6056553464425709
1538,2799.0,2.255604,3936.0,1137.0,1129.6191377568916,0.6006339144215531,0.6057192287796335
1539,2799.0,2.255604,3936.0,1137.0,1129.7616312359048,0.6006339144215531,0.6057956359839106
1540,2803.0,2.258828,3936.0,1133.0,1129.768333058818,0.5985208663497095,0.6057992296048671
1541,2818.0,2.270916,3936.0,1118.0,1129.8556467433477,0.5905969360802958,0.6058460485510833
1542,2810.0,2.264469,3936.0,1126.0,1129.9412435759739,0.5948230322239831,0.6058919468947915
1543,2819.0,2.271722,3936.0,1117.0,1129.9576678353526,0.5900686740623349,0.6059007538363452
1544,2795.0,2.252381,3936.0,1141.0,1129.976536647823,0.6027469624933968,0.6059108715850231
1545,2818.0,2.270916,3936.0,1118.0,1129.9879881371699,0.5905969360802958,0.6059170120504807
1546,2816.0,2.269304,3936.0,1120.0,1130.011637118519,0.5916534601162177,0.6059296929995417
1547,2808.0,2.262857,3936.0,1128.0,1130.0369637343426,0.595879556259905,0.6059432735221192
1548,2803.0,2.258828,3936.0,1133.0,1130.0541061084261,0.5985208663497095,0.605952465527869
1549,2803.0,2.258828,3936.0,1133.0,1130.1648160397608,0.5985208663497095,0.6060118299029799
1550,2810.0,2.264469,3936.0,1126.0,1130.3331058722501,0.5948230322239831,0.606102069510419
1551,2794.0,2.251575,3936.0,1142.0,1130.5518589497287,0.6032752245113576,0.6062193682892327
1552,2808.0,2.262857,3936.0,1128.0,1130.7729249840363,0.595879556259905,0.6063379073112221
1553,2810.0,2.264469,3936.0,1126.0,1131.01606694503,0.5948230322239831,0.6064682837860661
1554,2795.0,2.252381,3936.0,1141.0,1131.2709131299148,0.6027469624933968,0.6066049362465338
1555,2810.0,2.264469,3936.0,1126.0,1131.5277498172097,0.5948230322239831,0.6067426560451373
1556,2794.0,2.251575,3936.0,1142.0,1131.8063399767725,0.6032752245113576,0.6068920403915561
1557,2816.0,2.269304,3936.0,1120.0,1132.0963119058083,0.5916534601162177,0.6070475278185592
1558,2810.0,2.264469,3936.0,1126.0,1132.3879518828353,0.5948230322239831,0.6072039096786584
1559,2799.0,2.255604,3936.0,1137.0,1132.6503452441088,0.6006339144215531,0.6073446090516729
1560,2803.0,2.258828,3936.0,1133.0,1132.921780401576,0.5985208663497095,0.607490156775458
1561,2799.0,2.255604,3936.0,1137.0,1133.1302393396202,0.6006339144215531,0.6076019356777127
1562,2795.0,2.252381,3936.0,1141.0,1133.3427768903086,0.6027469624933968,0.607715901595062
1563,2794.0,2.251575,3936.0,1142.0,1133.5591838940186,0.6032752245113576,0.6078319423728855
1564,2808.0,2.262857,3936.0,1128.0,1133.7792511911275,0.595879556259905,0.6079499458565634
1565,2799.0,2.255604,3936.0,1137.0,1134.0040855846385,0.6006339144215531,0.6080705055309603
1566,2803.0,2.258828,3936.0,1133.0,1134.234793877556,0.5985208663497095,0.6081942148809424
1567,2803.0,2.258828,3936.0,1133.0,1134.4711669102571,0.5985208663497095,0.6083209617518889
1568,2799.0,2.255604,3936.0,1137.0,1134.7129955231194,0.6006339144215531,0.60845063398918
1569,2803.0,2.258828,3936.0,1133.0,1134.9600705565192,0.5985208663497095,0.608583119438195
1570,2799.0,2.255604,3936.0,1137.0,1135.2121828508348,0.6006339144215531,0.6087183059443141
1571,2794.0,2.251575,3936.0,1142.0,1135.469123246443,0.6032752245113576,0.608856081352917
1572,2803.0,2.258828,3936.0,1133.0,1135.7101483377544,0.5985208663497095,0.6089853227295421
1573,2794.0,2.251575,3936.0,1142.0,1135.9542498185174,0.6032752245113576,0.6091162137137063
1574,2799.0,2.255604,3936.0,1137.0,1136.2012010991407,0.6006339144215531,0.6092486328045711
1575,2795.0,2.252381,3936.0,1141.0,1136.4507755900331,0.6027469624933968,0.6093824585012981
1576,2794.0,2.251575,3936.0,1142.0,1136.7027467016032,0.6032752245113576,0.6095175693030486
1577,2799.0,2.255604,3936.0,1137.0,1136.9568878442597,0.6006339144215531,0.6096538437089839
1578,2795.0,2.252381,3936.0,1141.0,1137.1553175783913,0.6027469624933968,0.6097602447971983
1579,2794.0,2.251575,3936.0,1142.0,1137.292095770712,0.6032752245113576,0.6098335873764776
1580,2795.0,2.252381,3936.0,1141.0,1137.4003158310372,0.6027469624933968,0.6098916166442969
1581,2795.0,2.252381,3936.0,1141.0,1137.5206715069758,0.6027469624933968,0.6099561532166442
1582,2794.0,2.251575,3936.0,1142.0,1137.6527880542035,0.6032752245113576,0.6100269961498249
1583,2794.0,2.251575,3936.0,1142.0,1137.7962907283963,0.6032752245113576,0.6101039445001446
1584,2803.0,2.258828,3936.0,1133.0,1137.9508047852303,0.5985208663497095,0.6101867973239087
1585,2810.0,2.264469,3936.0,1126.0,1138.1159554803812,0.5948230322239831,0.6102753536774226
1586,2799.0,2.255604,3936.0,1137.0,1138.2913680695244,0.6006339144215531,0.6103694126169914
1587,2792.0,2.249963,3936.0,1144.0,1138.4382312416567,0.6043317485472794,0.6104481629182095
1588,2803.0,2.258828,3936.0,1133.0,1138.5972038844495,0.5985208663497095,0.6105334065046281
1589,2810.0,2.264469,3936.0,1126.0,1138.8063129603213,0.5948230322239831,0.6106455340208274
1590,2794.0,2.251575,3936.0,1142.0,1138.9856786663352,0.6032752245113576,0.6107417126827187
1591,2794.0,2.251575,3936.0,1142.0,1139.1759598901629,0.6032752245113576,0.6108437444138534
1592,2799.0,2.255604,3936.0,1137.0,1139.3767470275434,0.6006339144215531,0.6109514095781002
1593,2794.0,2.251575,3936.0,1142.0,1139.587630474215,0.6032752245113576,0.6110644885393278
1594,2795.0,2.252381,3936.0,1141.0,1139.7465978880173,0.6027469624933968,0.6111497293218809
1595,2799.0,2.255604,3936.0,1137.0,1139.9108422248028,0.6006339144215531,0.6112377996720404
1596,2810.0,2.264469,3936.0,1126.0,1140.070292448734,0.5948230322239831,0.6113232993448419
1597,2803.0,2.258828,3936.0,1133.0,1140.2963478115432,0.5985208663497095,0.6114445137218345
1598,2795.0,2.252381,3936.0,1141.0,1140.4693324060656,0.6027469624933968,0.611537270733187
1599,2795.0,2.252381,3936.0,1141.0,1140.6464304731694,0.6027469624933968,0.6116322334520707
1600,2792.0,2.249963,3936.0,1144.0,1140.759907412014,0.6043317485472794,0.6116930815393452
1601,2792.0,2.249963,3936.0,1144.0,1140.9427042073398,0.6043317485472794,0.6117911000043192
1602,2799.0,2.255604,3936.0,1137.0,1141.208556545875,0.6006339144215531,0.6119336541343656
1603,2794.0,2.251575,3936.0,1142.0,1141.460954691675,0.6032752245113576,0.6120689939184658
1604,2795.0,2.252381,3936.0,1141.0,1141.6308742262252,0.6027469624933968,0.6121601073973209
1605,2795.0,2.252381,3936.0,1141.0,1141.9165461820157,0.6027469624933968,0.6123132891122562
1606,2787.0,2.245934,3936.0,1149.0,1142.2181447715827,0.606973058637084,0.6124750109342115
1607,2795.0,2.252381,3936.0,1141.0,1142.6120986640867,0.6027469624933968,0.6126862550960412
1608,2808.0,2.262857,3936.0,1128.0,1142.9582412813186,0.595879556259905,0.6128718621136187
1609,2792.0,2.249963,3936.0,1144.0,1143.324067562051,0.6043317485472794,0.6130680238155818
1610,2794.0,2.251575,3936.0,1142.0,1143.6379473074685,0.6032752245113576,0.6132363309829881
1611,2784.0,2.243516,3936.0,1152.0,1144.01866749634,0.6085578446909667,0.6134404790285338
1612,2784.0,2.243516,3936.0,1152.0,1144.4555426864351,0.6085578446909667,0.613674738253057
1613,2795.0,2.252381,3936.0,1141.0,1144.9001524250814,0.6027469624933968,0.6139131448619742
1614,2795.0,2.252381,3936.0,1141.0,1145.2431315030187,0.6027469624933968,0.6140970555409206
1615,2794.0,2.251575,3936.0,1142.0,1145.5731235113783,0.6032752245113576,0.6142740023525726
1616,2786.0,2.245128,3936.0,1150.0,1145.9088586943797,0.6075013206550449,0.6144540287431715
1617,2784.0,2.243516,3936.0,1152.0,1146.2498490129037,0.6085578446909667,0.6146368730186038
1618,2795.0,2.252381,3936.0,1141.0,1146.5763881444905,0.6027469624933968,0.6148119683443999
1619,2786.0,2.245128,3936.0,1150.0,1146.9085048660181,0.6075013206550449,0.6149900544600689
1620,2795.0,2.252381,3936.0,1141.0,1147.245693708398,0.6027469624933968,0.6151708603252786
1621,2787.0,2.245934,3936.0,1149.0,1147.606667485882,0.606973058637084,0.6153644200400524
1622,2787.0,2.245934,3936.0,1149.0,1147.9704039133833,0.606973058637084,0.615559461130435
1623,2784.0,2.243516,3936.0,1152.0,1148.3569491977487,0.6085578446909667,0.6157667326821539
1624,2784.0,2.243516,3936.0,1152.0,1148.6697413131283,0.6085578446909667,0.6159344566455353
1625,2787.0,2.245934,3936.0,1149.0,1148.9903769143618,0.606973058637084,0.6161063864071752
1626,2778.0,2.238681,3936.0,1158.0,1149.3183156724244,0.6117274167987322,0.6162822322343051
1627,2786.0,2.245128,3936.0,1150.0,1149.65301725829,0.6075013206550449,0.6164617043941557
1628,2787.0,2.245934,3936.0,1149.0,1150.0452769578496,0.606973058637084,0.6166720401035617
1629,2794.0,2.251575,3936.0,1142.0,1150.327952702044,0.6032752245113576,0.6168236152035623
1630,2787.0,2.245934,3936.0,1149.0,1150.599824480223,0.606973058637084,0.6169693970501169
1631,2786.0,2.245128,3936.0,1150.0,1150.9000260578098,0.6075013206550449,0.6171303697726712
1632,2787.0,2.245934,3936.0,1149.0,1151.208737817548,0.606973058637084,0.6172959057863361
1633,2776.0,2.23707,3936.0,1160.0,1151.576694040439,0.612783940834654,0.6174932095961819
1634,2786.0,2.245128,3936.0,1150.0,1151.9963597510716,0.6075013206550449,0.6177182408320145
1635,2787.0,2.245934,3936.0,1149.0,1152.42877548371,0.606973058637084,0.6179501088265725
1636,2786.0,2.245128,3936.0,1150.0,1152.8734183392967,0.6075013206550449,0.6181885331933048
1637,2784.0,2.243516,3936.0,1152.0,1153.3297654187745,0.6085578446909667,0.6184332335456607
1638,2786.0,2.245128,3936.0,1150.0,1153.7588572564075,0.6075013206550449,0.6186633192163787
1639,2787.0,2.245934,3936.0,1149.0,1154.1627680184542,0.606973058637084,0.6188799024054424
1640,2784.0,2.243516,3936.0,1152.0,1154.581973577917,0.6085578446909667,0.6191046869011108
1641,2784.0,2.243516,3936.0,1152.0,1155.0158813158646,0.6085578446909667,0.6193373549319595
1642,2784.0,2.243516,3936.0,1152.0,1155.4638986133655,0.6085578446909667,0.6195775887265649
1643,2786.0,2.245128,3936.0,1150.0,1155.9158237098184,0.6075013206550449,0.6198199179433248
1644,2784.0,2.243516,3936.0,1152.0,1156.3402539023587,0.6085578446909667,0.6200475039679444
1645,2776.0,2.23707,3936.0,1160.0,1156.816058055746,0.612783940834654,0.6203026375038477
1646,2784.0,2.243516,3936.0,1152.0,1157.3041982693853,0.6085578446909667,0.6205643858257901
1647,2784.0,2.243516,3936.0,1152.0,1157.8040732093607,0.6085578446909667,0.6208324264892383
1648,2784.0,2.243516,3936.0,1152.0,1158.3150815417575,0.6085578446909667,0.6211064370496596
1649,2784.0,2.243516,3936.0,1152.0,1158.836621932659,0.6085578446909667,0.6213860950625201
1650,2784.0,2.243516,3936.0,1152.0,1159.3418975483949,0.6085578446909667,0.6216570316517253
1651,2784.0,2.243516,3936.0,1152.0,1159.8637142042985,0.6085578446909667,0.6219368378021468
1652,2771.0,2.23304,3936.0,1165.0,1160.4014444215018,0.6154252509244585,0.6222251770499243
1653,2784.0,2.243516,3936.0,1152.0,1160.954460721137,0.6085578446909667,0.6225217129311973
1654,2778.0,2.238681,3936.0,1158.0,1161.522135624335,0.6117274167987322,0.6228261089821048
1655,2762.0,2.225788,3936.0,1174.0,1162.103841652228,0.6201796090861067,0.6231380287387862
1656,2767.0,2.229817,3936.0,1169.0,1162.6701239009385,0.6175382989963022,0.6234416780268477
1657,2767.0,2.229817,3936.0,1169.0,1163.2511301155937,0.6175382989963022,0.6237532225328623
1658,2767.0,2.229817,3936.0,1169.0,1163.8462066723732,0.6175382989963022,0.6240723117736422
1659,2763.0,2.226593,3936.0,1173.0,1164.4546999474555,0.6196513470681458,0.6243985952659991
1660,2784.0,2.243516,3936.0,1152.0,1165.0759563170197,0.6085578446909667,0.6247317225267448
1661,2767.0,2.229817,3936.0,1169.0,1165.6682536653116,0.6175382989963022,0.6250493215130084
1662,2776.0,2.23707,3936.0,1160.0,1166.269340075252,0.612783940834654,0.6253716333298762
1663,2763.0,2.226593,3936.0,1173.0,1166.897745346423,0.6196513470681458,0.6257085939420791
1664,2762.0,2.225788,3936.0,1174.0,1167.5130458957283,0.6201796090861067,0.6260385276000136
1665,2763.0,2.226593,3936.0,1173.0,1168.1350874853765,0.6196513470681458,0.6263720759078961
1666,2763.0,2.226593,3936.0,1173.0,1168.8042501235418,0.6196513470681458,0.6267308912497843
1667,2767.0,2.229817,3936.0,1169.0,1169.404570486364,0.6175382989963022,0.6270527923003556
1668,2767.0,2.229817,3936.0,1169.0,1169.9283480137312,0.6175382989963022,0.6273336499003418
1669,2762.0,2.225788,3936.0,1174.0,1170.464553108685,0.6201796090861067,0.6276211713540135
1670,2771.0,2.23304,3936.0,1165.0,1171.0534524846053,0.6154252509244585,0.6279369482950092
1671,2762.0,2.225788,3936.0,1174.0,1171.6558426561946,0.6201796090861067,0.62825995920901
1672,2754.0,2.219341,3936.0,1182.0,1172.2325201381568,0.624405705229794,0.6285691825816967
1673,2767.0,2.229817,3936.0,1169.0,1172.823751643871,0.6175382989963022,0.6288862100467081
1674,2762.0,2.225788,3936.0,1174.0,1173.3902988281027,0.6201796090861067,0.6291900013972881
1675,2747.0,2.2137,3936.0,1189.0,1173.972393544295,0.6281035393555203,0.6295021295746389
1676,2755.0,2.220147,3936.0,1181.0,1174.569199153956,0.623877443211833,0.6298221459602794
1677,2735.0,2.204029,3936.0,1201.0,1175.1798790185949,0.6344426835710513,0.6301496019357286
1678,2763.0,2.226593,3936.0,1173.0,1175.7939873580506,0.6196513470681458,0.6304788963123279
1679,2747.0,2.2137,3936.0,1189.0,1176.4209459418307,0.6281035393555203,0.6308150811884076
1680,2760.0,2.224176,3936.0,1176.0,1176.9926454247707,0.6212361331220285,0.6311216352811327
1681,2746.0,2.212894,3936.0,1190.0,1177.5800493093877,0.6286318013734813,0.6314366103165938
1682,2752.0,2.217729,3936.0,1184.0,1178.1822512373167,0.6254622292657158,0.6317595202914363
1683,2746.0,2.212894,3936.0,1190.0,1178.8086119731752,0.6286318013734813,0.6320953845922266
1684,2762.0,2.225788,3936.0,1174.0,1179.4101881652327,0.6201796090861067,0.6324179590378304
1685,2760.0,2.224176,3936.0,1176.0,1180.0271158021037,0.6212361331220285,0.6327487651652481
1686,2763.0,2.226593,3936.0,1173.0,1180.6584623804702,0.6196513470681458,0.6330873029517982
1687,2754.0,2.219341,3936.0,1182.0,1181.3032953970137,0.624405705229794,0.6334330723747985
1688,2762.0,2.225788,3936.0,1174.0,1181.9606823484164,0.6201796090861067,0.6337855734115676
1689,2754.0,2.219341,3936.0,1182.0,1182.6502249773262,0.624405705229794,0.6341553168192645
1690,2762.0,2.225788,3936.0,1174.0,1183.2928191144076,0.6201796090861067,0.6344998857205175
1691,2752.0,2.217729,3936.0,1184.0,1184.0299211555441,0.6254622292657158,0.6348951312196117
1692,2746.0,2.212894,3936.0,1190.0,1184.7016233401293,0.6286318013734813,0.6352553083055139
1693,2746.0,2.212894,3936.0,1190.0,1185.383831438267,0.6286318013734813,0.635621118824528
1694,2754.0,2.219341,3936.0,1182.0,1186.137838805915,0.624405705229794,0.6360254292208026
1695,2746.0,2.212894,3936.0,1190.0,1186.9057335010166,0.6286318013734813,0.6364371862165494
1696,2754.0,2.219341,3936.0,1182.0,1187.6968675732064,0.624405705229794,0.6368614045252262
1697,2744.0,2.211282,3936.0,1192.0,1188.4904583994653,0.6296883254094031,0.6372869401833797
1698,2754.0,2.219341,3936.0,1182.0,1189.2279360564244,0.624405705229794,0.6376823870934794
1699,2762.0,2.225788,3936.0,1174.0,1189.9904614497098,0.6201796090861067,0.6380912649866628
1700,2754.0,2.219341,3936.0,1182.0,1190.757190951413,0.624405705229794,0.6385023971877128
1701,2746.0,2.212894,3936.0,1190.0,1191.4983210582845,0.6286318013734813,0.6388998025978683
1702,2739.0,2.207253,3936.0,1197.0,1192.2539093240814,0.6323296354992076,0.6393049606961475
1703,2731.0,2.200806,3936.0,1205.0,1192.9947753669294,0.6365557316428949,0.6397022245110949
1704,2746.0,2.212894,3936.0,1190.0,1193.7410743309792,0.6286318013734813,0.6401024015423029
1705,2752.0,2.217729,3936.0,1184.0,1194.501369559787,0.6254622292657158,0.6405100835868482
1706,2731.0,2.200806,3936.0,1205.0,1195.2848823782215,0.6365557316428949,0.6409302152615501
1707,2735.0,2.204029,3936.0,1201.0,1196.0706994385007,0.6344426835710513,0.6413515825063184
1708,2739.0,2.207253,3936.0,1197.0,1196.85777494251,0.6323296354992076,0.6417736245480518
1709,2739.0,2.207253,3936.0,1197.0,1197.665588623118,0.6323296354992076,0.642206786720381
1710,2746.0,2.212894,3936.0,1190.0,1198.464267257201,0.6286318013734813,0.6426350505396716
1711,2731.0,2.200806,3936.0,1205.0,1199.2252361542937,0.6365557316428949,0.6430430938155562
1712,2735.0,2.204029,3936.0,1201.0,1199.9987241263082,0.6344426835710513,0.6434578500127726
1713,2746.0,2.212894,3936.0,1190.0,1200.7740152285708,0.6286318013734813,0.6438735730762777
1714,2744.0,2.211282,3936.0,1192.0,1201.5602610660762,0.6296883254094031,0.6442951702380172
1715,2730.0,2.2,3936.0,1206.0,1202.337127837497,0.6370839936608558,0.6447117381996613
1716,2723.0,2.194359,3936.0,1213.0,1203.1445510868093,0.6407818277865821,0.6451446910166996
1717,2731.0,2.200806,3936.0,1205.0,1203.9621970126846,0.6365557316428949,0.6455831253908014
1718,2731.0,2.200806,3936.0,1205.0,1204.7889500971355,0.6365557316428949,0.6460264431639929
1719,2730.0,2.2,3936.0,1206.0,1205.6236948221735,0.6370839936608558,0.6464740461782991
1720,2735.0,2.204029,3936.0,1201.0,1206.46531566981,0.6344426835710513,0.6469253362757451
1721,2730.0,2.2,3936.0,1206.0,1207.3126971220577,0.6370839936608558,0.6473797152983569
1722,2722.0,2.193553,3936.0,1214.0,1208.1647236609278,0.6413100898045431,0.6478365850881598
1723,2722.0,2.193553,3936.0,1214.0,1209.0202797684324,0.6413100898045431,0.648295347487179
1724,2731.0,2.200806,3936.0,1205.0,1209.878249926583,0.6365557316428949,0.64875540433744
1725,2730.0,2.2,3936.0,1206.0,1210.7375186173922,0.6370839936608558,0.6492161574809684
1726,2730.0,2.2,3936.0,1206.0,1211.4720514811622,0.6370839936608558,0.6496100253474775
1727,2723.0,2.194359,3936.0,1213.0,1212.2140923038917,0.6407818277865821,0.6500079190975419
1728,2723.0,2.194359,3936.0,1213.0,1212.923975706117,0.6407818277865821,0.6503885695420566
1729,2720.0,2.191941,3936.0,1216.0,1213.7031092449495,0.6423666138404649,0.6508063529793973
1730,2720.0,2.191941,3936.0,1216.0,1214.526059981758,0.6423666138404649,0.6512476318750551
1731,2707.0,2.181465,3936.0,1229.0,1215.406515670856,0.6492340200739567,0.6517197458143019
1732,2723.0,2.194359,3936.0,1213.0,1216.3048893676391,0.6407818277865821,0.6522014676660156
1733,2720.0,2.191941,3936.0,1216.0,1217.2200306941816,0.6423666138404649,0.6526921805797843
1734,2723.0,2.194359,3936.0,1213.0,1218.1507892725585,0.6407818277865821,0.6531912677051973
1735,2720.0,2.191941,3936.0,1216.0,1219.0960147248445,0.6423666138404649,0.6536981121918429
1736,2730.0,2.2,3936.0,1206.0,1220.0545566731141,0.6370839936608558,0.6542120971893101
1737,2723.0,2.194359,3936.0,1213.0,1221.015655597772,0.6407818277865821,0.6547274532770094
1738,2712.0,2.185495,3936.0,1224.0,1222.0294880208253,0.6465927099841522,0.6552710858810241
1739,2720.0,2.191941,3936.0,1216.0,1223.037274859282,0.6423666138404649,0.6558114767492034
1740,2707.0,2.181465,3936.0,1229.0,1223.892421362525,0.6492340200739567,0.6562700195120912
1741,2723.0,2.194359,3936.0,1213.0,1224.806615370276,0.6407818277865821,0.6567602244588925
1742,2722.0,2.193553,3936.0,1214.0,1225.7401653581187,0.6413100898045431,0.6572608083811746
1743,2707.0,2.181465,3936.0,1229.0,1226.6918163683163,0.6492340200739567,0.657771098351216
1744,2720.0,2.191941,3936.0,1216.0,1227.650704301462,0.6423666138404649,0.6582852688711175
1745,2703.0,2.178242,3936.0,1233.0,1228.625832607818,0.6513470681458003,0.6588081477299691
1746,2703.0,2.178242,3936.0,1233.0,1229.6159376146634,0.6513470681458003,0.6593390573269401
1747,2707.0,2.181465,3936.0,1229.0,1230.6300227722606,0.6492340200739567,0.6598828254511208
1748,2712.0,2.185495,3936.0,1224.0,1231.6572239812033,0.6465927099841522,0.660433626604612
1749,2698.0,2.174212,3936.0,1238.0,1232.6194131503955,0.6539883782356049,0.6609495672982696
1750,2699.0,2.175018,3936.0,1237.0,1233.597402586092,0.653460116217644,0.661473980338864
1751,2699.0,2.175018,3936.0,1237.0,1234.6617374715638,0.653460116217644,0.6620446931432447
1752,2683.0,2.162125,3936.0,1253.0,1235.7150627173917,0.6619123085050185,0.6626095024088028
1753,2699.0,2.175018,3936.0,1237.0,1236.786889874851,0.653460116217644,0.6631842326851423
1754,2699.0,2.175018,3936.0,1237.0,1237.9067304952187,0.653460116217644,0.6637847085218673
1755,2691.0,2.168571,3936.0,1245.0,1239.1246565206893,0.6576862123613312,0.6644377792677504
1756,2698.0,2.174212,3936.0,1238.0,1240.2804638811906,0.6539883782356049,0.6650575410260461
1757,2687.0,2.165348,3936.0,1249.0,1241.4805634063111,0.6597992604331748,0.6657010529271089
1758,2691.0,2.168571,3936.0,1245.0,1242.5435152237776,0.6576862123613312,0.6662710241090634
1759,2687.0,2.165348,3936.0,1249.0,1243.6686876715287,0.6597992604331748,0.6668743589539822
1760,2687.0,2.165348,3936.0,1249.0,1244.745765607019,0.6597992604331748,0.6674519047786007
1761,2698.0,2.174212,3936.0,1238.0,1245.8926296506495,0.6539883782356049,0.6680668709922596
1762,2687.0,2.165348,3936.0,1249.0,1246.9886975368909,0.6597992604331748,0.6686545995217732
1763,2682.0,2.161319,3936.0,1254.0,1248.0902471482466,0.6624405705229794,0.669245267436959
1764,2696.0,2.172601,3936.0,1240.0,1249.176683233859,0.6550449022715267,0.6698278312462109
1765,2687.0,2.165348,3936.0,1249.0,1250.2710935300902,0.6597992604331748,0.6704146709503593
1766,2683.0,2.162125,3936.0,1253.0,1251.3568132439946,0.6619123085050185,0.670996850630037
1767,2683.0,2.162125,3936.0,1253.0,1252.452964794085,0.6619123085050185,0.6715846240213985
1768,2682.0,2.161319,3936.0,1254.0,1253.5581363529082,0.6624405705229794,0.6721772340807579
1769,2683.0,2.162125,3936.0,1253.0,1254.6914503389764,0.6619123085050185,0.6727849345442696
1770,2675.0,2.155678,3936.0,1261.0,1255.774639221445,0.6661384046487058,0.6733657571530424
1771,2682.0,2.161319,3936.0,1254.0,1256.8678590508232,0.6624405705229794,0.6739519585104772
1772,2671.0,2.152454,3936.0,1265.0,1257.843428335384,0.6682514527205494,0.6744750738286531
1773,2682.0,2.161319,3936.0,1254.0,1258.8319437290966,0.6624405705229794,0.6750051310505105
1774,2671.0,2.152454,3936.0,1265.0,1259.8318452497745,0.6682514527205494,0.6755412936895069
1775,2683.0,2.162125,3936.0,1253.0,1260.9237098990966,0.6619123085050185,0.6761267683784649
1776,2667.0,2.149231,3936.0,1269.0,1262.029174281391,0.6703645007923931,0.6767195354542922
1777,2667.0,2.149231,3936.0,1269.0,1263.1467481343466,0.6703645007923931,0.6773187958153203
1778,2675.0,2.155678,3936.0,1261.0,1264.236504628971,0.6661384046487058,0.6779031400791686
1779,2675.0,2.155678,3936.0,1261.0,1265.3283779932774,0.6661384046487058,0.6784886194412357
1780,2667.0,2.149231,3936.0,1269.0,1266.5029713738984,0.6703645007923931,0.6791184545536721
1781,2664.0,2.146813,3936.0,1272.0,1267.6915479468005,0.6719492868462758,0.6797557876697818
1782,2666.0,2.148425,3936.0,1270.0,1268.9022440213103,0.6708927628103539,0.6804049816042922
1783,2667.0,2.149231,3936.0,1269.0,1270.1233283570848,0.6703645007923931,0.6810597458849408
1784,2680.0,2.159707,3936.0,1256.0,1271.3533368367646,0.6634970945589013,0.6817192954293859
1785,2666.0,2.148425,3936.0,1270.0,1272.5811962013202,0.6708927628103539,0.682377692585108
1786,2656.0,2.140366,3936.0,1280.0,1273.815700741391,0.676175382989963,0.6830396529865771
1787,2656.0,2.140366,3936.0,1280.0,1275.055377624634,0.676175382989963,0.6837043868783426
1788,2659.0,2.142784,3936.0,1277.0,1276.2795357353648,0.6745905969360803,0.6843607993645975
1789,2659.0,2.142784,3936.0,1277.0,1277.4618052741419,0.6745905969360803,0.6849947505515964
1790,2658.0,2.141978,3936.0,1278.0,1278.6956884358335,0.6751188589540412,0.6856563777603814
1791,2658.0,2.141978,3936.0,1278.0,1279.8932039681142,0.6751188589540412,0.6862985040845733
1792,2656.0,2.140366,3936.0,1280.0,1281.1041449336822,0.676175382989963,0.6869478293334513
1793,2656.0,2.140366,3936.0,1280.0,1282.3269687803192,0.676175382989963,0.6876035263666914
1794,2656.0,2.140366,3936.0,1280.0,1283.5704000787907,0.676175382989963,0.6882702734338898
1795,2656.0,2.140366,3936.0,1280.0,1284.8040775668533,0.676175382989963,0.6889317903572981
1796,2656.0,2.140366,3936.0,1280.0,1286.0469842232715,0.676175382989963,0.6895982561033244
1797,2659.0,2.142784,3936.0,1277.0,1287.297568780842,0.6745905969360803,0.6902688388585347
1798,2643.0,2.12989,3936.0,1293.0,1288.5062342640138,0.6830427892234548,0.6909169439586069
1799,2634.0,2.122637,3936.0,1302.0,1289.722721445579,0.687797147385103,0.6915692431741648
1800,2656.0,2.140366,3936.0,1280.0,1290.9454354834143,0.676175382989963,0.6922248813262293
1801,2656.0,2.140366,3936.0,1280.0,1292.2446513962789,0.676175382989963,0.6929215409652659
1802,2643.0,2.12989,3936.0,1293.0,1293.5515713552486,0.6830427892234548,0.6936223316328141
1803,2656.0,2.140366,3936.0,1280.0,1294.8646615230905,0.676175382989963,0.6943264308616591
1804,2635.0,2.123443,3936.0,1301.0,1296.1439514958909,0.6872688853671421,0.6950124059038746
1805,2639.0,2.126667,3936.0,1297.0,1297.3808953600628,0.6851558372952985,0.6956756743086023
1806,2635.0,2.123443,3936.0,1301.0,1298.6252164584298,0.6872688853671421,0.6963428985002478
1807,2635.0,2.123443,3936.0,1301.0,1299.8868856045094,0.6872688853671421,0.6970194249830196
1808,2635.0,2.123443,3936.0,1301.0,1301.1079603538008,0.6872688853671421,0.6976741841232479
1809,2635.0,2.123443,3936.0,1301.0,1302.3381291891915,0.6872688853671421,0.6983338196529019
1810,2632.0,2.121026,3936.0,1304.0,1303.5757449786515,0.6888536714210248,0.6989974483543471
1811,2639.0,2.126667,3936.0,1297.0,1304.8191605901513,0.6851558372952985,0.6996641870099489
1812,2618.0,2.109744,3936.0,1318.0,1306.066728891662,0.6962493396724776,0.7003331524020736
1813,2635.0,2.123443,3936.0,1301.0,1307.287975326144,0.6872688853671421,0.7009880036025528
1814,2634.0,2.122637,3936.0,1302.0,1308.491493739599,0.687797147385103,0.7016333487643456
1815,2619.0,2.110549,3936.0,1317.0,1309.7153459543813,0.6957210776545166,0.7022895972244684
1816,2619.0,2.110549,3936.0,1317.0,1310.9386404101697,0.6957210776545166,0.7029455466056039
1817,2634.0,2.122637,3936.0,1302.0,1312.1597038299815,0.687797147385103,0.7036002996707902
1818,2618.0,2.109744,3936.0,1318.0,1313.4013450706816,0.6962493396724776,0.7042660868813639
1819,2618.0,2.109744,3936.0,1318.0,1314.6979735047123,0.6962493396724776,0.7049613590742859
1820,2626.0,2.11619,3936.0,1310.0,1315.9807128682921,0.6920232435287903,0.7056491837331136
1821,2618.0,2.109744,3936.0,1318.0,1317.2204219969763,0.6962493396724776,0.7063139349153826
1822,2618.0,2.109744,3936.0,1318.0,1318.4667632286998,0.6962493396724776,0.7069822423337351
1823,2600.0,2.095238,3936.0,1336.0,1319.7206952117338,0.7057580559957739,0.7076546200301803
1824,2603.0,2.097656,3936.0,1333.0,1320.9447400276688,0.7041732699418912,0.7083109717660159
1825,2607.0,2.100879,3936.0,1329.0,1322.2097173817822,0.7020602218700476,0.7089892721610311
1826,2618.0,2.109744,3936.0,1318.0,1323.4857758384107,0.6962493396724776,0.7096735144143641
1827,2607.0,2.100879,3936.0,1329.0,1324.7520151222484,0.7020602218700476,0.7103524914755881
1828,2610.0,2.103297,3936.0,1326.0,1326.046488340666,0.7004754358161648,0.7110466080086107
1829,2618.0,2.109744,3936.0,1318.0,1327.3572463787143,0.6962493396724776,0.7117494567134405
1830,2611.0,2.104103,3936.0,1325.0,1328.67300681774,0.6999471737982039,0.7124549877829371
1831,2603.0,2.097656,3936.0,1333.0,1330.0447479583047,0.7041732699418912,0.713190536569228
1832,2602.0,2.09685,3936.0,1334.0,1331.4241103526247,0.7047015319598521,0.7139301719894938
1833,2602.0,2.09685,3936.0,1334.0,1332.8094642986393,0.7047015319598521,0.7146730201723186
1834,2618.0,2.109744,3936.0,1318.0,1334.1991800942867,0.6962493396724776,0.7154182072462858
1835,2600.0,2.095238,3936.0,1336.0,1335.57504167942,0.7057580559957739,0.7161559654785954
1836,2618.0,2.109744,3936.0,1318.0,1336.95856809323,0.6962493396724776,0.7168978337104255
1837,2602.0,2.09685,3936.0,1334.0,1338.3481122036874,0.7047015319598521,0.7176429287241421
1838,2602.0,2.09685,3936.0,1334.0,1339.674762887073,0.7047015319598521,0.7183542993108657
1839,2592.0,2.088791,3936.0,1344.0,1341.0086818673506,0.7099841521394612,0.7190695672706425
1840,2607.0,2.100879,3936.0,1329.0,1342.3481610075996,0.7020602218700476,0.7197878166740734
1841,2586.0,2.083956,3936.0,1350.0,1343.722951521165,0.7131537242472267,0.7205250005812653
1842,2594.0,2.090403,3936.0,1342.0,1345.1032019723832,0.7089276281035394,0.7212651121913561
1843,2592.0,2.088791,3936.0,1344.0,1346.4872303692882,0.7099841521394612,0.7220072495942751
1844,2575.0,2.075092,3936.0,1361.0,1347.8733547199129,0.7189646064447967,0.7227505108799508
1845,2592.0,2.088791,3936.0,1344.0,1349.2701601552747,0.7099841521394612,0.7234994995282332
1846,2570.0,2.071062,3936.0,1366.0,1350.599100265031,0.7216059165346012,0.7242120977407372
1847,2575.0,2.075092,3936.0,1361.0,1351.9783563365424,0.7189646064447967,0.724951676149071
1848,2592.0,2.088791,3936.0,1344.0,1353.3068563395925,0.7099841521394612,0.7256640383695616
1849,2586.0,2.083956,3936.0,1350.0,1354.629198334749,0.7131537242472267,0.7263730985711085
1850,2575.0,2.075092,3936.0,1361.0,1355.958512317331,0.7189646064447967,0.7270858972599963
1851,2575.0,2.075092,3936.0,1361.0,1357.2834461488128,0.7189646064447967,0.7277963472442119
1852,2570.0,2.071062,3936.0,1366.0,1358.6535837322697,0.7216059165346012,0.7285310361784146
1853,2559.0,2.062198,3936.0,1377.0,1360.028771649118,0.7274167987321711,0.7292684331793847
1854,2570.0,2.071062,3936.0,1366.0,1361.4483615393879,0.7216059165346012,0.7300296392042978
1855,2586.0,2.083956,3936.0,1350.0,1362.8722348444323,0.7131537242472267,0.7307931420623709
1856,2570.0,2.071062,3936.0,1366.0,1364.2218364389257,0.7216059165346012,0.7315168192821103
1857,2571.0,2.071868,3936.0,1365.0,1365.5775515948933,0.7210776545166403,0.7322437746879369
1858,2570.0,2.071062,3936.0,1366.0,1366.9376286004945,0.7216059165346012,0.7329730689849063
1859,2571.0,2.071868,3936.0,1365.0,1368.3105828668715,0.7210776545166403,0.7337092682679948
1860,2571.0,2.071868,3936.0,1365.0,1369.685062255498,0.7210776545166403,0.7344462853451891
1861,2571.0,2.071868,3936.0,1365.0,1371.060639732144,0.7210776545166403,0.7351838912341395
1862,2570.0,2.071062,3936.0,1366.0,1372.488223877496,0.7216059165346012,0.7359493839021
1863,2554.0,2.058168,3936.0,1382.0,1373.9180695612695,0.7300581088219757,0.7367160892418917
1864,2554.0,2.058168,3936.0,1382.0,1375.3587444845123,0.7300581088219757,0.7374886013871459
1865,2559.0,2.062198,3936.0,1377.0,1376.7412939485844,0.7274167987321711,0.7382299457634375
1866,2568.0,2.069451,3936.0,1368.0,1378.1268936571553,0.722662440570523,0.7389729257279408
1867,2559.0,2.062198,3936.0,1377.0,1379.5151165759953,0.7274167987321711,0.7397173122983062
1868,2552.0,2.056557,3936.0,1384.0,1380.904219708248,0.7311146328578975,0.7404621708526986
1869,2547.0,2.052527,3936.0,1389.0,1382.2444143487069,0.7337559429477021,0.7411808039183929
1870,2554.0,2.058168,3936.0,1382.0,1383.5852495405106,0.7300581088219757,0.741899780457612
1871,2547.0,2.052527,3936.0,1389.0,1384.8865021452016,0.7337559429477021,0.7425975322022628
1872,2547.0,2.052527,3936.0,1389.0,1386.148982656318,0.7337559429477021,0.7432744937514989
1873,2559.0,2.062198,3936.0,1377.0,1387.4119032741405,0.7274167987321711,0.7439516912927485
1874,2547.0,2.052527,3936.0,1389.0,1388.6637985653474,0.7337559429477021,0.7446229768835791
1875,2554.0,2.058168,3936.0,1382.0,1389.9130706462852,0.7300581088219757,0.7452928558685475
1876,2552.0,2.056557,3936.0,1384.0,1391.1578545103177,0.7311146328578975,0.7459603282022904
1877,2538.0,2.045275,3936.0,1398.0,1392.4624937579006,0.7385103011093502,0.7466598959171671
1878,2547.0,2.052527,3936.0,1389.0,1393.7721266914778,0.7337559429477021,0.747362141323602
1879,2543.0,2.049304,3936.0,1393.0,1395.1260090862506,0.7358689910195457,0.7480881139745688
1880,2555.0,2.058974,3936.0,1381.0,1396.4839265187466,0.7295298468040148,0.7488162502750842
1881,2538.0,2.045275,3936.0,1398.0,1397.8851696241045,0.7385103011093502,0.7495676184705591
1882,2531.0,2.039634,3936.0,1405.0,1399.2511222721091,0.7422081352350766,0.7503000633777354
1883,2531.0,2.039634,3936.0,1405.0,1400.6210750978992,0.7422081352350766,0.7510346532420233
1884,2536.0,2.043663,3936.0,1400.0,1401.9932502446813,0.739566825145272,0.7517704347491514
1885,2528.0,2.037216,3936.0,1408.0,1403.327433288982,0.7437929212889594,0.752485844304136
1886,2531.0,2.039634,3936.0,1405.0,1404.6628800060037,0.7422081352350766,0.7532019314599511
1887,2528.0,2.037216,3936.0,1408.0,1405.9977776790156,0.7437929212889594,0.7539177242098881
1888,2531.0,2.039634,3936.0,1405.0,1407.3405807142706,0.7422081352350766,0.7546377559371592
1889,2515.0,2.02674,3936.0,1421.0,1408.6702668266819,0.7506603275224512,0.755350754167809
1890,2531.0,2.039634,3936.0,1405.0,1410.0158246684684,0.7422081352350766,0.7560722630648907
1891,2528.0,2.037216,3936.0,1408.0,1411.4897132683102,0.7437929212889594,0.7568625848965268
1892,2528.0,2.037216,3936.0,1408.0,1412.9653317925324,0.7437929212889594,0.7576538343403346
1893,2528.0,2.037216,3936.0,1408.0,1414.440998249168,0.7437929212889594,0.7584451094862428
1894,2515.0,2.02674,3936.0,1421.0,1415.9150306462502,0.7506603275224512,0.7592355084241802
1895,2511.0,2.023516,3936.0,1425.0,1417.3960141147966,0.7527733755942948,0.760029634633997
1896,2522.0,2.032381,3936.0,1414.0,1418.8726662361544,0.7469624933967248,0.7608214383085529
1897,2506.0,2.019487,3936.0,1430.0,1420.3433137333418,0.7554146856840993,0.7616100222108866
1898,2499.0,2.013846,3936.0,1437.0,1421.8062833293761,0.7591125198098256,0.7623944891040357
1899,2520.0,2.030769,3936.0,1416.0,1423.2599017472753,0.7480190174326465,0.7631739417510386
1900,2506.0,2.019487,3936.0,1430.0,1424.784632693923,0.7554146856840993,0.7639915260342987
1901,2515.0,2.02674,3936.0,1421.0,1426.2347354871624,0.7506603275224512,0.7647690935490598
1902,2507.0,2.020293,3936.0,1429.0,1427.641978859199,0.7548864236661385,0.7655236791802026
1903,2498.0,2.01304,3936.0,1438.0,1429.0380966823009,0.7596407818277866,0.766272299120171
1904,2504.0,2.017875,3936.0,1432.0,1430.4336218864712,0.7564712097200211,0.7670206012887153
1905,2504.0,2.017875,3936.0,1432.0,1431.8268463347908,0.7564712097200211,0.767767669756437
1906,2496.0,2.011429,3936.0,1440.0,1433.175651379721,0.7606973058637084,0.7684909198539978
1907,2507.0,2.020293,3936.0,1429.0,1434.4809259496583,0.7548864236661385,0.7691908282385335
1908,2506.0,2.019487,3936.0,1430.0,1435.7531332547328,0.7554146856840993,0.7698730054449215
1909,2506.0,2.019487,3936.0,1430.0,1437.0911665790898,0.7554146856840993,0.7705904795795403
1910,2490.0,2.006593,3936.0,1446.0,1438.4362860571664,0.7638668779714739,0.7713117534192302
1911,2506.0,2.019487,3936.0,1430.0,1439.7771482654216,0.7554146856840993,0.7720307444450877
1912,2498.0,2.01304,3936.0,1438.0,1441.1120189219823,0.7596407818277866,0.7727465227083863
1913,2491.0,2.007399,3936.0,1445.0,1442.4391637449767,0.7633386159535129,0.7734581582604002
1914,2491.0,2.007399,3936.0,1445.0,1443.7472393108624,0.7633386159535129,0.7741595685822252
1915,2479.0,1.997729,3936.0,1457.0,1445.0460857083929,0.7696777601690439,0.7748560300814324
1916,2498.0,2.01304,3936.0,1438.0,1446.3968786412377,0.7596407818277866,0.7755803461151962
1917,2479.0,1.997729,3936.0,1457.0,1447.7608067983933,0.7696777601690439,0.7763117054591108
1918,2490.0,2.006593,3936.0,1446.0,1449.1169786195373,0.7638668779714739,0.7770389057358582
1919,2490.0,2.006593,3936.0,1446.0,1450.3868476943285,0.7638668779714739,0.7777198291470541
1920,2490.0,2.006593,3936.0,1446.0,1451.650808009776,0.7638668779714739,0.7783975841902284
1921,2475.0,1.994505,3936.0,1461.0,1452.9687193069228,0.7717908082408875,0.7791042685830698
1922,2490.0,2.006593,3936.0,1446.0,1454.2331903204492,0.7638668779714739,0.7797822974704418
1923,2474.0,1.9937,3936.0,1462.0,1455.6067607362152,0.7723190702588484,0.780518827142349
1924,2483.0,2.000952,3936.0,1453.0,1457.0301372871556,0.7675647120972002,0.7812820636331992
1925,2475.0,1.994505,3936.0,1461.0,1458.4023438078812,0.7717908082408875,0.7820178619635202
1926,2488.0,2.004982,3936.0,1448.0,1459.7730774962633,0.7649234020073956,0.7827528705383907
1927,2466.0,1.987253,3936.0,1470.0,1461.1310907935863,0.7765451664025357,0.7834810582431071
1928,2474.0,1.9937,3936.0,1462.0,1462.485003690804,0.7723190702588484,0.7842070472499559
1929,2466.0,1.987253,3936.0,1470.0,1463.8454101228115,0.7765451664025357,0.7849365181904524
1930,2464.0,1.985641,3936.0,1472.0,1465.2133035978156,0.7776016904384575,0.7856700037990422
1931,2474.0,1.9937,3936.0,1462.0,1466.5774452720857,0.7723190702588484,0.7864014776341313
1932,2466.0,1.987253,3936.0,1470.0,1467.9746420102413,0.7765451664025357,0.7871506761050154
1933,2475.0,1.994505,3936.0,1461.0,1469.3135267885627,0.7717908082408875,0.7878686068024008
1934,2474.0,1.9937,3936.0,1462.0,1470.6431388236074,0.7723190702588484,0.7885815653116225
1935,2466.0,1.987253,3936.0,1470.0,1471.9618396983303,0.7765451664025357,0.7892886730881553
1936,2464.0,1.985641,3936.0,1472.0,1473.2782581186698,0.7776016904384575,0.7899945569773948
1937,2464.0,1.985641,3936.0,1472.0,1474.5811552408948,0.7776016904384575,0.7906931905377472
1938,2451.0,1.975165,3936.0,1485.0,1475.8689013629446,0.7844690966719493,0.7913836998977966
1939,2464.0,1.985641,3936.0,1472.0,1477.1604010287253,0.7776016904384575,0.7920762219659684
1940,2464.0,1.985641,3936.0,1472.0,1478.5272277896531,0.7776016904384575,0.7928091355859949
1941,2456.0,1.979194,3936.0,1480.0,1479.842928966786,0.7818277865821447,0.7935146348783492
1942,2458.0,1.980806,3936.0,1478.0,1481.1983399698024,0.780771262546223,0.7942414271926657
1943,2443.0,1.968718,3936.0,1493.0,1482.5438899681028,0.7886951928156366,0.794962931883949
1944,2451.0,1.975165,3936.0,1485.0,1483.8684446977686,0.7844690966719493,0.7956731785879156
1945,2451.0,1.975165,3936.0,1485.0,1485.1807374445486,0.7844690966719493,0.7963768502272711
1946,2464.0,1.985641,3936.0,1472.0,1486.480550333836,0.7776016904384575,0.797073829974286
1947,2442.0,1.967912,3936.0,1494.0,1487.7196197826743,0.7892234548335975,0.7977382381503417
1948,2447.0,1.971941,3936.0,1489.0,1488.9477039938247,0.786582144743793,0.7983967558722809
1949,2427.0,1.955824,3936.0,1509.0,1490.2145611700475,0.7971473851030111,0.7990760642569453
1950,2443.0,1.968718,3936.0,1493.0,1491.4706117657604,0.7886951928156366,0.7997495779862313
1951,2435.0,1.962271,3936.0,1501.0,1492.7143219437291,0.7929212889593238,0.8004164745929234
1952,2442.0,1.967912,3936.0,1494.0,1493.94415786672,0.7892234548335975,0.8010759316098067
1953,2431.0,1.959048,3936.0,1505.0,1495.1489765558294,0.7950343370311674,0.8017219739994884
1954,2442.0,1.967912,3936.0,1494.0,1496.2702385901337,0.7892234548335975,0.8023232120203202
1955,2431.0,1.959048,3936.0,1505.0,1497.4961518986986,0.7950343370311674,0.8029805656707631
1956,2435.0,1.962271,3936.0,1501.0,1498.6791064352406,0.7929212889593238,0.8036148841641435
1957,2427.0,1.955824,3936.0,1509.0,1499.851668353025,0.7971473851030111,0.8042436299748307
1958,2426.0,1.955018,3936.0,1510.0,1501.0328467757697,0.797675647120972,0.8048769960885607
1959,2435.0,1.962271,3936.0,1501.0,1502.25325134277,0.7929212889593238,0.8055313958666933
1960,2435.0,1.962271,3936.0,1501.0,1503.4633722283172,0.7929212889593238,0.8061802813759981
1961,2424.0,1.953407,3936.0,1512.0,1504.6617453150511,0.7987321711568938,0.8068228675341329
1962,2431.0,1.959048,3936.0,1505.0,1505.8469064856129,0.7950343370311674,0.8074583692587564
1963,2427.0,1.955824,3936.0,1509.0,1507.0173916226431,0.7971473851030111,0.8080860014675271
1964,2424.0,1.953407,3936.0,1512.0,1508.2025379777317,0.7987321711568938,0.8087214952478651
1965,2427.0,1.955824,3936.0,1509.0,1509.4393441451516,0.7971473851030111,0.8093846898174676
1966,2426.0,1.955018,3936.0,1510.0,1510.5872993048147,0.797675647120972,0.8100002411043956
1967,2419.0,1.949377,3936.0,1517.0,1511.7168353451964,0.8013734812466984,0.8106059157750792
1968,2419.0,1.949377,3936.0,1517.0,1512.8169051522204,0.8013734812466984,0.8111957901963266
1969,2426.0,1.955018,3936.0,1510.0,1513.9579318993788,0.797675647120972,0.8118076263614593
1970,2427.0,1.955824,3936.0,1509.0,1515.0808663391663,0.7971473851030111,0.8124097611519417
1971,2431.0,1.959048,3936.0,1505.0,1516.204848320065,0.7950343370311674,0.8130124576501473
1972,2427.0,1.955824,3936.0,1509.0,1517.3606182061342,0.7971473851030111,0.8136321993140738
1973,2415.0,1.946154,3936.0,1521.0,1518.4987968964288,0.803486529318542,0.8142425083071275
1974,2431.0,1.959048,3936.0,1505.0,1519.659119490287,0.7950343370311674,0.8148646912032875
1975,2426.0,1.955018,3936.0,1510.0,1520.8237010969638,0.797675647120972,0.8154891578479019
1976,2419.0,1.949377,3936.0,1517.0,1521.935579707691,0.8013734812466984,0.8160853643320835
1977,2411.0,1.94293,3936.0,1525.0,1523.0832115414369,0.8055995773903857,0.8167007422466609
1978,2426.0,1.955018,3936.0,1510.0,1524.1864771331975,0.797675647120972,0.8172923302970434
1979,2403.0,1.936484,3936.0,1533.0,1525.255661035924,0.8098256735340729,0.8178656432193696
1980,2411.0,1.94293,3936.0,1525.0,1526.3086655703303,0.8055995773903857,0.8184302805145102
1981,2411.0,1.94293,3936.0,1525.0,1527.411438765479,0.8055995773903857,0.8190216045342242
1982,2402.0,1.935678,3936.0,1534.0,1528.4441260570272,0.8103539355520338,0.8195753474099418
1983,2410.0,1.942125,3936.0,1526.0,1529.4580804898608,0.8061278394083465,0.8201190454374852
1984,2403.0,1.936484,3936.0,1533.0,1530.4520035313203,0.8098256735340729,0.8206520023235863
1985,2402.0,1.935678,3936.0,1534.0,1531.4245966487488,0.8103539355520338,0.8211735217749785
1986,2403.0,1.936484,3936.0,1533.0,1532.436164047387,0.8098256735340729,0.8217159398379182
1987,2411.0,1.94293,3936.0,1525.0,1533.4278046344632,0.8055995773903857,0.8222476728367263
1988,2400.0,1.934066,3936.0,1536.0,1534.398272167225,0.8114104595879557,0.8227680525167903
1989,2400.0,1.934066,3936.0,1536.0,1535.4181902638027,0.8114104595879557,0.8233149483529428
1990,2411.0,1.94293,3936.0,1525.0,1536.4191096946445,0.8055995773903857,0.8238516568110908
1991,2400.0,1.934066,3936.0,1536.0,1537.3902360802178,0.8114104595879557,0.8243723897782086
1992,2403.0,1.936484,3936.0,1533.0,1538.360518855313,0.8098256735340729,0.8248926703883582
1993,2383.0,1.920366,3936.0,1553.0,1539.3089052323983,0.8203909138932911,0.8254012098117021
1994,2387.0,1.92359,3936.0,1549.0,1540.2342186885953,0.8182778658214475,0.8258973771785015
1995,2402.0,1.935678,3936.0,1534.0,1541.1352827010267,0.8103539355520338,0.826380541619018
1996,2387.0,1.92359,3936.0,1549.0,1541.9724841801337,0.8182778658214475,0.8268294619828008
1997,2392.0,1.927619,3936.0,1544.0,1542.857550095917,0.8156365557316428,0.827304047996802
1998,2392.0,1.927619,3936.0,1544.0,1543.6707304638464,0.8156365557316428,0.8277400878697622
1999,2394.0,1.929231,3936.0,1542.0,1544.5102126543402,0.8145800316957211,0.8281902311862165
2000,2383.0,1.920366,3936.0,1553.0,1545.40893756499,0.8203909138932911,0.82867214136423
2001,2386.0,1.922784,3936.0,1550.0,1546.2889514043852,0.8188061278394083,0.8291440183768417
2002,2383.0,1.920366,3936.0,1553.0,1547.1594406374577,0.8203909138932911,0.8296107881484346
2003,2403.0,1.936484,3936.0,1533.0,1548.0097241794715,0.8098256735340729,0.8300667233164022
2004,2387.0,1.92359,3936.0,1549.0,1548.8387300873592,0.8182778658214475,0.8305112490883155
2005,2383.0,1.920366,3936.0,1553.0,1549.6453864180548,0.8203909138932911,0.8309437906717464
2006,2379.0,1.917143,3936.0,1557.0,1550.4286212284908,0.8225039619651348,0.8313637732742656
2007,2400.0,1.934066,3936.0,1536.0,1551.2694995594666,0.8114104595879557,0.8318146652228099
2008,2378.0,1.916337,3936.0,1558.0,1552.0901460544305,0.8230322239830956,0.8322547085484013
2009,2376.0,1.914725,3936.0,1560.0,1552.8895584901902,0.8240887480190174,0.8326833658434847
2010,2394.0,1.929231,3936.0,1542.0,1553.666734643553,0.8145800316957211,0.8331000997005045
2011,2394.0,1.929231,3936.0,1542.0,1554.382235724647,0.8145800316957211,0.8334837624311943
2012,2383.0,1.920366,3936.0,1553.0,1555.1350639549212,0.8203909138932911,0.8338874405557971
2013,2400.0,1.934066,3936.0,1536.0,1555.8639477658792,0.8114104595879557,0.834278279312938
2014,2383.0,1.920366,3936.0,1553.0,1556.5679023642974,0.8203909138932911,0.8346557506412802
2015,2379.0,1.917143,3936.0,1557.0,1557.2459429569508,0.8225039619651348,0.835019326479486
2016,2383.0,1.920366,3936.0,1553.0,1557.958687488516,0.8203909138932911,0.8354015111057431
2017,2379.0,1.917143,3936.0,1557.0,1558.6680828516216,0.8225039619651348,0.8357818998561439
2018,2378.0,1.916337,3936.0,1558.0,1559.3924322562573,0.8230322239830956,0.8361703071945803
2019,2378.0,1.916337,3936.0,1558.0,1560.1570509887677,0.8230322239830956,0.836580307568588
2020,2379.0,1.917143,3936.0,1557.0,1560.950194736333,0.8225039619651348,0.8370056034962409
2021,2371.0,1.910696,3936.0,1565.0,1561.703174607334,0.8267300581088219,0.8374093629329434
2022,2363.0,1.904249,3936.0,1573.0,1562.4761597247552,0.8309561542525092,0.8378238494917604
2023,2376.0,1.914725,3936.0,1560.0,1563.2607828321873,0.8240887480190174,0.8382445765205713
2024,2370.0,1.90989,3936.0,1566.0,1564.0083010225383,0.8272583201267829,0.8386454073197531
2025,2362.0,1.903443,3936.0,1574.0,1564.7481517697174,0.8314844162704702,0.8390421267174815
2026,2371.0,1.910696,3936.0,1565.0,1565.507816033663,0.8267300581088219,0.8394494704289224
2027,2378.0,1.916337,3936.0,1558.0,1566.2545315739612,0.8230322239830956,0.8398498708347488
2028,2371.0,1.910696,3936.0,1565.0,1567.0390065266608,0.8267300581088219,0.840270518420704
2029,2371.0,1.910696,3936.0,1565.0,1567.793410426093,0.8267300581088219,0.8406750414434458
2030,2363.0,1.904249,3936.0,1573.0,1568.5171767982806,0.8309561542525092,0.8410631361508785
2031,2363.0,1.904249,3936.0,1573.0,1569.2866123026038,0.8309561542525092,0.8414757193523279
2032,2363.0,1.904249,3936.0,1573.0,1570.0190832010926,0.8309561542525092,0.8418684815612059
2033,2363.0,1.904249,3936.0,1573.0,1570.7551612315758,0.8309561542525092,0.8422631779699717
2034,2371.0,1.910696,3936.0,1565.0,1571.455947933207,0.8267300581088219,0.8426389506231281
2035,2362.0,1.903443,3936.0,1574.0,1572.0537174201295,0.8314844162704702,0.8429594838546434
2036,2370.0,1.90989,3936.0,1566.0,1572.6608851461028,0.8272583201267829,0.8432850565670947
2037,2370.0,1.90989,3936.0,1566.0,1573.2385265053267,0.8272583201267829,0.8435947967856564
2038,2371.0,1.910696,3936.0,1565.0,1573.7861534586814,0.8267300581088219,0.8438884428162147
2039,2355.0,1.897802,3936.0,1581.0,1574.3032779670473,0.8351822503961965,0.8441657329646557
2040,2363.0,1.904249,3936.0,1573.0,1574.799679114288,0.8309561542525092,0.8444319109267864
2041,2362.0,1.903443,3936.0,1574.0,1575.2652684345976,0.8314844162704702,0.844681567111424
2042,2351.0,1.894579,3936.0,1585.0,1575.6995666038408,0.8372952984680402,0.8449144444975638
2043,2370.0,1.90989,3936.0,1566.0,1576.102094297882,0.8272583201267829,0.8451302860642013
2044,2383.0,1.920366,3936.0,1553.0,1576.5396361842754,0.8203909138932911,0.8453649027815767
2045,2362.0,1.903443,3936.0,1574.0,1576.8726400912026,0.8314844162704702,0.8455434646197597
2046,2378.0,1.916337,3936.0,1558.0,1577.239760547101,0.8230322239830956,0.8457403202784356
2047,2355.0,1.897802,3936.0,1581.0,1577.5687093718418,0.8351822503961965,0.8459167077189189
2048,2360.0,1.901832,3936.0,1576.0,1577.8686773878494,0.8325409403063919,0.8460775552021472
2049,2363.0,1.904249,3936.0,1573.0,1578.1289878678795,0.8309561542525092,0.8462171377020685
2050,2355.0,1.897802,3936.0,1581.0,1578.3876677743501,0.8351822503961965,0.8463558458632628
2051,2351.0,1.894579,3936.0,1585.0,1578.6032738710046,0.8372952984680402,0.8464714571823532
2052,2362.0,1.903443,3936.0,1574.0,1578.8473012744012,0.8314844162704702,0.8466023084450893
2053,2370.0,1.90989,3936.0,1566.0,1579.093240745349,0.8272583201267829,0.8467341849879787
2054,2347.0,1.891355,3936.0,1589.0,1579.3818818962845,0.8394083465398838,0.8468889588312104
2055,2347.0,1.891355,3936.0,1589.0,1579.6815562173222,0.8394083465398838,0.8470496488306596
2056,2379.0,1.917143,3936.0,1557.0,1580.017635642203,0.8225039619651348,0.8472298598090711
2057,2355.0,1.897802,3936.0,1581.0,1580.3181544452173,0.8351822503961965,0.8473910026327993
2058,2362.0,1.903443,3936.0,1574.0,1580.6452861957355,0.8314844162704702,0.8475664157300196
2059,2355.0,1.897802,3936.0,1581.0,1580.9317407571145,0.8351822503961965,0.847720017090159
2060,2362.0,1.903443,3936.0,1574.0,1581.177491984402,0.8314844162704702,0.8478517926938901
2061,2355.0,1.897802,3936.0,1581.0,1581.3825137326455,0.8351822503961965,0.8479617285218859
2062,2347.0,1.891355,3936.0,1589.0,1581.5659981402312,0.8394083465398838,0.8480601156951738
2063,2354.0,1.896996,3936.0,1582.0,1581.707402246209,0.8357105124141574,0.848135938760804
2064,2351.0,1.894579,3936.0,1585.0,1581.806717335594,0.8372952984680402,0.8481891930456665
2065,2347.0,1.891355,3936.0,1589.0,1581.9318566664053,0.8394083465398838,0.8482562946876409
2066,2355.0,1.897802,3936.0,1581.0,1582.0321948949456,0.8351822503961965,0.8483100975955211
2067,2362.0,1.903443,3936.0,1574.0,1582.0885834577487,0.8314844162704702,0.8483403340138248
2068,2355.0,1.897802,3936.0,1581.0,1582.1203103580292,0.8351822503961965,0.8483573464677814
2069,2363.0,1.904249,3936.0,1573.0,1582.1165376413337,0.8309561542525092,0.8483553234788191
2070,2351.0,1.894579,3936.0,1585.0,1582.1876676000506,0.8372952984680402,0.8483934644612946
2071,2355.0,1.897802,3936.0,1581.0,1582.215959053527,0.8351822503961965,0.8484086347756138
2072,2351.0,1.894579,3936.0,1585.0,1582.1631758797216,0.8372952984680402,0.8483803316225764
2073,2347.0,1.891355,3936.0,1589.0,1582.1603243368643,0.8394083465398838,0.8483788025812539
2074,2351.0,1.894579,3936.0,1585.0,1582.0800976775529,0.8372952984680402,0.8483357838074199
2075,2347.0,1.891355,3936.0,1589.0,1581.9508745051069,0.8394083465398838,0.8482664923464857
2076,2346.0,1.890549,3936.0,1590.0,1581.8311680954973,0.8399366085578447,0.8482023039207719
2077,2351.0,1.894579,3936.0,1585.0,1581.6731767599347,0.8372952984680402,0.8481175865264465
2078,2355.0,1.897802,3936.0,1581.0,1581.573893915992,0.8351822503961965,0.848064349532088
2079,2351.0,1.894579,3936.0,1585.0,1581.4508557678907,0.8372952984680402,0.847998374576736
2080,2363.0,1.904249,3936.0,1573.0,1581.3146780379875,0.8309561542525092,0.8479253539746792
2081,2355.0,1.897802,3936.0,1581.0,1581.1369080455952,0.8351822503961965,0.8478300309590777
2082,2339.0,1.884908,3936.0,1597.0,1580.9179205350392,0.843634442683571,0.847712606473627
2083,2351.0,1.894579,3936.0,1585.0,1580.61702175871,0.8372952984680402,0.8475512599023386
2084,2347.0,1.891355,3936.0,1589.0,1580.3140566596078,0.8394083465398838,0.8473888053368647
2085,2362.0,1.903443,3936.0,1574.0,1579.9709634153764,0.8314844162704702,0.847204833440188
2086,2351.0,1.894579,3936.0,1585.0,1579.58811677034,0.8372952984680402,0.8469995451560034
2087,2347.0,1.891355,3936.0,1589.0,1579.1658914688237,0.8394083465398838,0.8467731414280056
2088,2336.0,1.882491,3936.0,1600.0,1578.7046622551502,0.8452192287374538,0.8465258231998888
2089,2351.0,1.894579,3936.0,1585.0,1578.204803873645,0.8372952984680402,0.8462577914153481
2090,2346.0,1.890549,3936.0,1590.0,1577.6763002103014,0.8399366085578447,0.8459743995882555
2091,2376.0,1.914725,3936.0,1560.0,1577.1092676014446,0.8240887480190174,0.8456703479454941
2092,2355.0,1.897802,3936.0,1581.0,1576.6124219900055,0.8351822503961965,0.8454039316547954
2093,2363.0,1.904249,3936.0,1573.0,1576.0759362725576,0.8309561542525092,0.8451162597270082
2094,2371.0,1.910696,3936.0,1565.0,1575.500289773236,0.8267300581088219,0.844807589183137
2095,2351.0,1.894579,3936.0,1585.0,1574.8962289391595,0.8372952984680402,0.8444836824341071
2096,2347.0,1.891355,3936.0,1589.0,1574.2546326677787,0.8394083465398838,0.8441396486038548
2097,2362.0,1.903443,3936.0,1574.0,1573.5965232441788,0.8314844162704702,0.843786760166335
2098,2370.0,1.90989,3936.0,1566.0,1572.9545234690254,0.8272583201267829,0.8434425099711278
2099,2363.0,1.904249,3936.0,1573.0,1572.2811366779786,0.8309561542525092,0.843081429573222
2100,2347.0,1.891355,3936.0,1589.0,1571.6537850484074,0.8394083465398838,0.8427450339399185
2101,2370.0,1.90989,3936.0,1566.0,1570.9909503603299,0.8272583201267829,0.8423896117426034
2102,2379.0,1.917143,3936.0,1557.0,1570.3028605193,0.8225039619651348,0.8420206473422063
2103,2347.0,1.891355,3936.0,1589.0,1569.5798758812027,0.8394083465398838,0.8416329718126667
2104,2368.0,1.908278,3936.0,1568.0,1568.8328910478901,0.8283148441627047,0.8412324270077667
2105,2378.0,1.916337,3936.0,1558.0,1568.1536303574367,0.8230322239830956,0.840868196934276
2106,2383.0,1.920366,3936.0,1553.0,1567.3722239507033,0.8203909138932911,0.840449194750062
2107,2370.0,1.90989,3936.0,1566.0,1566.6380771607369,0.8272583201267829,0.8400555339022894
2108,2362.0,1.903443,3936.0,1574.0,1565.8750489128583,0.8314844162704702,0.8396463863707064
2109,2378.0,1.916337,3936.0,1558.0,1565.0838712657473,0.8230322239830956,0.839222144696484
2110,2378.0,1.916337,3936.0,1558.0,1564.265276278083,0.8230322239830956,0.8387832014207924
2111,2378.0,1.916337,3936.0,1558.0,1563.419996008546,0.8230322239830956,0.838329949084803
2112,2362.0,1.903443,3936.0,1574.0,1562.5487625158157,0.8314844162704702,0.8378627802296865
2113,2371.0,1.910696,3936.0,1565.0,1561.6523078585717,0.8267300581088219,0.8373820873966136
2114,2351.0,1.894579,3936.0,1585.0,1560.7698006621733,0.8372952984680402,0.8369088734074664
2115,2383.0,1.920366,3936.0,1553.0,1559.8609393533047,0.8203909138932911,0.8364215279361701
2116,2371.0,1.910696,3936.0,1565.0,1558.8546209896997,0.8267300581088219,0.8358819244868871
2117,2368.0,1.908278,3936.0,1568.0,1557.890685337658,0.8283148441627047,0.835365047302151
2118,2371.0,1.910696,3936.0,1565.0,1556.902635324106,0.8267300581088219,0.8348352396243236
2119,2378.0,1.916337,3936.0,1558.0,1556.0264238323537,0.8230322239830956,0.8343654014892455
2120,2371.0,1.910696,3936.0,1565.0,1554.9949392086362,0.8267300581088219,0.8338123035025942
2121,2379.0,1.917143,3936.0,1557.0,1553.942429685337,0.8225039619651348,0.8332479316400547
2122,2386.0,1.922784,3936.0,1550.0,1552.8696708960574,0.8188061278394083,0.8326727018083442
2123,2400.0,1.934066,3936.0,1536.0,1551.7774384743987,0.8114104595879557,0.832087029914179
2124,2370.0,1.90989,3936.0,1566.0,1550.6665080539615,0.8272583201267829,0.8314913318642759
2125,2378.0,1.916337,3936.0,1558.0,1549.6049192600371,0.8230322239830956,0.8309220915565968
2126,2379.0,1.917143,3936.0,1557.0,1548.5998279662192,0.8225039619651348,0.830383146081086
2127,2387.0,1.92359,3936.0,1549.0,1547.565000274531,0.8182778658214475,0.8298282554897546
2128,2383.0,1.920366,3936.0,1553.0,1546.4635552429872,0.8203909138932911,0.8292376436518791
2129,2400.0,1.934066,3936.0,1536.0,1545.4533831133328,0.8114104595879557,0.8286959737537186
2130,2378.0,1.916337,3936.0,1558.0,1544.425785372605,0.8230322239830956,0.8281449599737598
2131,2400.0,1.934066,3936.0,1536.0,1543.3817119540915,0.8114104595879557,0.8275851116809032
2132,2392.0,1.927619,3936.0,1544.0,1542.250242930196,0.8156365557316428,0.8269784005146043
2133,2400.0,1.934066,3936.0,1536.0,1541.1714010818873,0.8114104595879557,0.8263999088526885
2134,2400.0,1.934066,3936.0,1536.0,1540.0212175007434,0.8114104595879557,0.8257831626517443
2135,2400.0,1.934066,3936.0,1536.0,1538.842974284705,0.8114104595879557,0.8251513704411849
2136,2402.0,1.935678,3936.0,1534.0,1537.6773041764907,0.8103539355520338,0.8245263201252341
2137,2415.0,1.946154,3936.0,1521.0,1536.4853522901763,0.803486529318542,0.8238871771139405
2138,2402.0,1.935678,3936.0,1534.0,1535.2885330851395,0.8103539355520338,0.8232454241711716
2139,2408.0,1.940513,3936.0,1528.0,1534.0396810664442,0.8071843634442684,0.8225757704300656
2140,2400.0,1.934066,3936.0,1536.0,1532.7909684874974,0.8114104595879557,0.8219061914587061
2141,2402.0,1.935678,3936.0,1534.0,1531.5047954201104,0.8103539355520338,0.8212165255948631
2142,2415.0,1.946154,3936.0,1521.0,1530.233299257754,0.803486529318542,0.8205347297141841
2143,2410.0,1.942125,3936.0,1526.0,1528.9189776626329,0.8061278394083465,0.8198299701750124
2144,2415.0,1.946154,3936.0,1521.0,1527.613275186967,0.803486529318542,0.8191298323408158
2145,2403.0,1.936484,3936.0,1533.0,1526.3169587493737,0.8098256735340729,0.8184347274452025
2146,2411.0,1.94293,3936.0,1525.0,1525.0307952684695,0.8055995773903857,0.8177450667217796
2147,2419.0,1.949377,3936.0,1517.0,1523.7966201548047,0.8013734812466984,0.8170832829638375
2148,2415.0,1.946154,3936.0,1521.0,1522.5671894785828,0.803486529318542,0.8164240432465307
2149,2424.0,1.953407,3936.0,1512.0,1521.3535634263576,0.7987321711568938,0.8157732782127154
2150,2411.0,1.94293,3936.0,1525.0,1520.1565350616982,0.8055995773903857,0.8151314131153263
2151,2411.0,1.94293,3936.0,1525.0,1518.9768974481744,0.8055995773903857,0.8144988732072987
2152,2415.0,1.946154,3936.0,1521.0,1517.7962253660166,0.803486529318542,0.8138657786012119
2153,2410.0,1.942125,3936.0,1526.0,1516.5877829864423,0.8061278394083465,0.8132177931327346
2154,2426.0,1.955018,3936.0,1510.0,1515.403637983048,0.797675647120972,0.812582836292641
2155,2427.0,1.955824,3936.0,1509.0,1514.2445224145126,0.7971473851030111,0.8119613006221018
2156,2426.0,1.955018,3936.0,1510.0,1513.1111683395166,0.797675647120972,0.811353578662288
2157,2426.0,1.955018,3936.0,1510.0,1512.0043078167396,0.797675647120972,0.8107600629543703
2158,2427.0,1.955824,3936.0,1509.0,1510.924672904861,0.7971473851030111,0.8101811460395195
2159,2411.0,1.94293,3936.0,1525.0,1509.8729956625612,0.8055995773903857,0.8096172204589066
2160,2419.0,1.949377,3936.0,1517.0,1508.850008148519,0.8013734812466984,0.8090686787537021
2161,2427.0,1.955824,3936.0,1509.0,1507.846833279745,0.7971473851030111,0.8085307608948993
2162,2419.0,1.949377,3936.0,1517.0,1506.848266023161,0.8013734812466984,0.8079953137089179
2163,2419.0,1.949377,3936.0,1517.0,1505.8377592381098,0.8013734812466984,0.8074534643633648
2164,2434.0,1.961465,3936.0,1502.0,1504.8454519547365,0.7934495509772848,0.8069213738717051
2165,2442.0,1.967912,3936.0,1494.0,1503.9117328961984,0.7892234548335975,0.8064206992911047
2166,2426.0,1.955018,3936.0,1510.0,1502.997503157012,0.797675647120972,0.805930475184556
2167,2442.0,1.967912,3936.0,1494.0,1502.0758874686453,0.7892234548335975,0.8054362906179796
2168,2426.0,1.955018,3936.0,1510.0,1501.160377498268,0.797675647120972,0.8049453800316928
2169,2434.0,1.961465,3936.0,1502.0,1500.213094438193,0.7934495509772848,0.8044374322239706
2170,2427.0,1.955824,3936.0,1509.0,1499.2325523836012,0.7971473851030111,0.803911650429699
2171,2442.0,1.967912,3936.0,1494.0,1498.267215362086,0.7892234548335975,0.8033940218090069
2172,2427.0,1.955824,3936.0,1509.0,1497.3098403502117,0.7971473851030111,0.8028806625408583
2173,2443.0,1.968718,3936.0,1493.0,1496.382634870927,0.7886951928156366,0.8023834806420568
2174,2442.0,1.967912,3936.0,1494.0,1495.5058150732712,0.7892234548335975,0.801913316323958
2175,2434.0,1.961465,3936.0,1502.0,1494.6899879646157,0.7934495509772848,0.8014758572277413
2176,2427.0,1.955824,3936.0,1509.0,1493.896407596338,0.7971473851030111,0.8010503271773187
2177,2427.0,1.955824,3936.0,1509.0,1493.1042041955764,0.7971473851030111,0.800625535478146
2178,2451.0,1.975165,3936.0,1485.0,1492.341168104212,0.7844690966719493,0.8002163837407648
2179,2456.0,1.979194,3936.0,1480.0,1491.5499059217534,0.7818277865821447,0.7997920967373832
2180,2443.0,1.968718,3936.0,1493.0,1490.687827520012,0.7886951928156366,0.7993298369834565
2181,2446.0,1.971136,3936.0,1490.0,1489.8116107992685,0.7871104067617538,0.7988599960445127
2182,2443.0,1.968718,3936.0,1493.0,1488.9116553328383,0.7886951928156366,0.7983774260234837
2183,2458.0,1.980806,3936.0,1478.0,1488.0750316571891,0.780771262546223,0.7979288154868392
2184,2447.0,1.971941,3936.0,1489.0,1487.301670052447,0.786582144743793,0.797514127049706
2185,2447.0,1.971941,3936.0,1489.0,1486.5915007987371,0.786582144743793,0.7971333233272103
2186,2451.0,1.975165,3936.0,1485.0,1485.9490600453792,0.7844690966719493,0.7967888366726789
2187,2447.0,1.971941,3936.0,1489.0,1485.3692748000221,0.786582144743793,0.79647794686926
2188,2451.0,1.975165,3936.0,1485.0,1484.8623337507902,0.7844690966719493,0.7962061172488915
2189,2442.0,1.967912,3936.0,1494.0,1484.2840213377765,0.7892234548335975,0.7958960172009231
2190,2464.0,1.985641,3936.0,1472.0,1483.788135246107,0.7776016904384575,0.7956301154195448
2191,2447.0,1.971941,3936.0,1489.0,1483.3648571744893,0.786582144743793,0.7954031471799585
2192,2464.0,1.985641,3936.0,1472.0,1482.9569723796094,0.7776016904384575,0.7951844330531103
2193,2464.0,1.985641,3936.0,1472.0,1482.6264627011833,0.7776016904384575,0.7950072086587733
2194,2442.0,1.967912,3936.0,1494.0,1482.3640893843735,0.7892234548335975,0.7948665200339099
2195,2451.0,1.975165,3936.0,1485.0,1482.0605569397942,0.7844690966719493,0.7947037612490284
2196,2451.0,1.975165,3936.0,1485.0,1481.848919646982,0.7844690966719493,0.7945902780638571
2197,2464.0,1.985641,3936.0,1472.0,1481.5846220616431,0.7776016904384575,0.7944485576164878
2198,2472.0,1.992088,3936.0,1464.0,1481.406906973652,0.7733755942947702,0.7943532640414743
2199,2447.0,1.971941,3936.0,1489.0,1481.3152166240156,0.786582144743793,0.79430409825983
2200,2447.0,1.971941,3936.0,1489.0,1481.2513296887357,0.786582144743793,0.7942698410983908
2201,2458.0,1.980806,3936.0,1478.0,1481.206983491214,0.780771262546223,0.7942460619823469
2202,2464.0,1.985641,3936.0,1472.0,1481.222549324641,0.7776016904384575,0.7942544086226467
2203,2435.0,1.962271,3936.0,1501.0,1481.2614904889108,0.7929212889593238,0.7942752894763796
2204,2464.0,1.985641,3936.0,1472.0,1481.3667056226552,0.7776016904384575,0.7943317074561548
2205,2466.0,1.987253,3936.0,1470.0,1481.5373580873838,0.7765451664025357,0.7944232139434917
2206,2447.0,1.971941,3936.0,1489.0,1481.7212407697511,0.786582144743793,0.794521814677869
2207,2464.0,1.985641,3936.0,1472.0,1481.9243809528882,0.7776016904384575,0.7946307415815936
2208,2464.0,1.985641,3936.0,1472.0,1482.213022975322,0.7776016904384575,0.7947855158921362
2209,2458.0,1.980806,3936.0,1478.0,1482.5003141751924,0.780771262546223,0.7949395658707566
2210,2464.0,1.985641,3936.0,1472.0,1482.7628914226345,0.7776016904384575,0.7950803638463748
2211,2451.0,1.975165,3936.0,1485.0,1483.027297945277,0.7844690966719493,0.7952221427076088
2212,2447.0,1.971941,3936.0,1489.0,1483.4051474183257,0.786582144743793,0.7954247514309917
2213,2451.0,1.975165,3936.0,1485.0,1483.8265352098529,0.7844690966719493,0.7956507060731978
2214,2456.0,1.979194,3936.0,1480.0,1484.331802110604,0.7818277865821447,0.7959216379892935
2215,2458.0,1.980806,3936.0,1478.0,1484.8926828120555,0.780771262546223,0.796222390884287
2216,2442.0,1.967912,3936.0,1494.0,1485.3539669301297,0.7892234548335975,0.7964697385529916
2217,2456.0,1.979194,3936.0,1480.0,1485.9359274355638,0.7818277865821447,0.7967817947644611
2218,2447.0,1.971941,3936.0,1489.0,1486.6369084813446,0.786582144743793,0.797157671627952
2219,2435.0,1.962271,3936.0,1501.0,1487.3674559828023,0.7929212889593238,0.7975494024816348
2220,2443.0,1.968718,3936.0,1493.0,1488.1970475376338,0.7886951928156366,0.7979942422864847
2221,2443.0,1.968718,3936.0,1493.0,1489.0835209233792,0.7886951928156366,0.7984695830076182
2222,2442.0,1.967912,3936.0,1494.0,1489.9591241092294,0.7892234548335975,0.798939094959676
2223,2443.0,1.968718,3936.0,1493.0,1490.9868717476863,0.7886951928156366,0.7994901891171124
2224,2431.0,1.959048,3936.0,1505.0,1492.018761618173,0.7950343370311674,0.8000435044033405
2225,2451.0,1.975165,3936.0,1485.0,1493.0703029067183,0.7844690966719493,0.8006073570834504
2226,2435.0,1.962271,3936.0,1501.0,1494.20429666156,0.7929212889593238,0.8012154220494774
2227,2442.0,1.967912,3936.0,1494.0,1495.448093117873,0.7892234548335975,0.8018823649199504
2228,2442.0,1.967912,3936.0,1494.0,1496.618281945438,0.7892234548335975,0.8025098382430093
2229,2427.0,1.955824,3936.0,1509.0,1497.835733004265,0.7971473851030111,0.8031626543044421
2230,2435.0,1.962271,3936.0,1501.0,1499.1543711311012,0.7929212889593238,0.8038697284345889
2231,2440.0,1.9663,3936.0,1496.0,1500.6012415366704,0.7902799788695193,0.8046455626931566
2232,2435.0,1.962271,3936.0,1501.0,1502.0297669003246,0.7929212889593238,0.8054115600569078
2233,2435.0,1.962271,3936.0,1501.0,1503.5529465797702,0.7929212889593238,0.8062283125267347
2234,2434.0,1.961465,3936.0,1502.0,1505.1611975782891,0.7934495509772848,0.8070906815517862
2235,2424.0,1.953407,3936.0,1512.0,1506.8359421638877,0.7987321711568938,0.8079887054652319
2236,2426.0,1.955018,3936.0,1510.0,1508.5598575623064,0.797675647120972,0.8089130955279614
2237,2442.0,1.967912,3936.0,1494.0,1510.422559085424,0.7892234548335975,0.8099119048543242
2238,2435.0,1.962271,3936.0,1501.0,1512.353993946581,0.7929212889593238,0.8109475700581391
2239,2427.0,1.955824,3936.0,1509.0,1514.3847456401202,0.7971473851030111,0.8120364904814386
2240,2419.0,1.949377,3936.0,1517.0,1516.514561431498,0.8013734812466984,0.813178530604057
2241,2424.0,1.953407,3936.0,1512.0,1518.7617140282582,0.7987321711568938,0.8143834885340038
2242,2415.0,1.946154,3936.0,1521.0,1521.0758787536618,0.803486529318542,0.81562437940234
2243,2411.0,1.94293,3936.0,1525.0,1523.4540576531167,0.8055995773903857,0.81689959565951
2244,2427.0,1.955824,3936.0,1509.0,1525.9508466171574,0.7971473851030111,0.8182384124652586
2245,2403.0,1.936484,3936.0,1533.0,1528.5542268109614,0.8098256735340729,0.8196343851347218
2246,2410.0,1.942125,3936.0,1526.0,1531.2816473760586,0.8061278394083465,0.821096870167092
2247,2402.0,1.935678,3936.0,1534.0,1534.1300232080127,0.8103539355520338,0.8226242132817206
2248,2400.0,1.934066,3936.0,1536.0,1536.9329137939997,0.8114104595879557,0.8241271665049362
2249,2408.0,1.940513,3936.0,1528.0,1539.8231903988858,0.8071843634442684,0.825676977461174
2250,2402.0,1.935678,3936.0,1534.0,1542.838653395498,0.8103539355520338,0.8272939152941754
2251,2402.0,1.935678,3936.0,1534.0,1545.884288539195,0.8103539355520338,0.8289270318984563
2252,2400.0,1.934066,3936.0,1536.0,1549.0438895323548,0.8114104595879557,0.8306212587514364
2253,2392.0,1.927619,3936.0,1544.0,1552.303842698029,0.8156365557316428,0.8323692959892713
2254,2400.0,1.934066,3936.0,1536.0,1555.6704019089393,0.8114104595879557,0.8341744970351059
2255,2379.0,1.917143,3936.0,1557.0,1559.1402118961373,0.8225039619651348,0.8360350627419076
2256,2370.0,1.90989,3936.0,1566.0,1562.6791160217235,0.8272583201267829,0.8379326777928812
2257,2371.0,1.910696,3936.0,1565.0,1566.3022931738237,0.8267300581088219,0.8398754813422793
2258,2370.0,1.90989,3936.0,1566.0,1569.9967440818816,0.8272583201267829,0.8418565029804543
2259,2362.0,1.903443,3936.0,1574.0,1573.779595433009,0.8314844162704702,0.8438849263015595
2260,2363.0,1.904249,3936.0,1573.0,1577.5993939600025,0.8309561542525092,0.8459331612690182
2261,2347.0,1.891355,3936.0,1589.0,1581.504024144002,0.8394083465398838,0.8480268842811993
2262,2371.0,1.910696,3936.0,1565.0,1585.490034851232,0.8267300581088219,0.8501642447868694
2263,2370.0,1.90989,3936.0,1566.0,1589.5539749479158,0.8272583201267829,0.8523433922347942
2264,2362.0,1.903443,3936.0,1574.0,1593.6539567335985,0.8314844162704702,0.8545418657930288
2265,2346.0,1.890549,3936.0,1590.0,1597.8249307812466,0.8399366085578447,0.8567784064986139
2266,2347.0,1.891355,3936.0,1589.0,1602.0607791718944,0.8394083465398838,0.8590497338289081
2267,2339.0,1.884908,3936.0,1597.0,1606.3868433368377,0.843634442683571,0.861369436250774
2268,2330.0,1.877656,3936.0,1606.0,1610.8072986250465,0.8483888008452193,0.863739752650818
2269,2338.0,1.884103,3936.0,1598.0,1615.277651555765,0.844162704701532,0.8661368249374513
2270,2336.0,1.882491,3936.0,1600.0,1619.6706136830576,0.8452192287374538,0.8684923990799764
2271,2307.0,1.859121,3936.0,1629.0,1624.259607180808,0.8605388272583201,0.8709530882710712
2272,2323.0,1.872015,3936.0,1613.0,1628.895130851141,0.8520866349709456,0.8734387276593693
2273,2314.0,1.864762,3936.0,1622.0,1633.5635361571722,0.8568409931325938,0.8759419986885898
2274,2315.0,1.865568,3936.0,1621.0,1638.2614416849992,0.8563127311146329,0.8784610881923721
2275,2287.0,1.843004,3936.0,1649.0,1643.0142934457313,0.8711040676175383,0.8810096407148897
2276,2314.0,1.864762,3936.0,1622.0,1647.7256740822565,0.8568409931325938,0.8835359557800808
2277,2299.0,1.852674,3936.0,1637.0,1652.4356158748765,0.8647649234020074,0.8860614993149467
2278,2303.0,1.855897,3936.0,1633.0,1657.2086245227556,0.8626518753301637,0.8886208602716784
2279,2291.0,1.846227,3936.0,1645.0,1662.0605543252998,0.8689910195456947,0.891222539970489
2280,2283.0,1.83978,3936.0,1653.0,1666.8443712966857,0.873217115689382,0.8937876965172209
2281,2287.0,1.843004,3936.0,1649.0,1671.6432111579784,0.8711040676175383,0.8963609085695514
2282,2282.0,1.838974,3936.0,1654.0,1676.4998252645748,0.8737453777073428,0.8989651000645444
2283,2283.0,1.83978,3936.0,1653.0,1681.3576533684818,0.873217115689382,0.9015699425236458
2284,2272.0,1.830916,3936.0,1664.0,1686.1922786982348,0.879027997886952,0.9041623432968758
2285,2248.0,1.811575,3936.0,1688.0,1691.0518210395505,0.8917062863180137,0.9067681049565524
2286,2259.0,1.82044,3936.0,1677.0,1695.9824785241096,0.8858954041204438,0.9094119996544185
2287,2248.0,1.811575,3936.0,1688.0,1700.9451182579892,0.8917062863180137,0.9120730437283404
2288,2240.0,1.805128,3936.0,1696.0,1705.8738235860692,0.895932382461701,0.9147158916497512
2289,2243.0,1.807546,3936.0,1693.0,1710.7560048420555,0.8943475964078182,0.917333792645135
2290,2234.0,1.800293,3936.0,1702.0,1715.850768966648,0.8991019545694665,0.9200656838580357
2291,2218.0,1.787399,3936.0,1718.0,1720.871198632803,0.907554146856841,0.9227577157862166
2292,2218.0,1.787399,3936.0,1718.0,1725.9132893923925,0.907554146856841,0.9254613627272554
2293,2210.0,1.780952,3936.0,1726.0,1730.8743613005986,0.9117802430005283,0.928121566108836
2294,2211.0,1.781758,3936.0,1725.0,1735.8120604924586,0.9112519809825673,0.9307692366789171
2295,2218.0,1.787399,3936.0,1718.0,1740.6744369466628,0.907554146856841,0.9333765180336976
2296,2208.0,1.779341,3936.0,1728.0,1745.448643904881,0.9128367670364501,0.9359365215429412
2297,2195.0,1.768864,3936.0,1741.0,1750.2858479984834,0.9197041732699419,0.9385303050891766
2298,2194.0,1.768059,3936.0,1742.0,1755.0962081974983,0.9202324352879028,0.9411096945245268
2299,2186.0,1.761612,3936.0,1750.0,1759.8439207319989,0.9244585314315901,0.9436554913145632
2300,2168.0,1.747106,3936.0,1768.0,1764.4759810675778,0.9339672477548864,0.9461392736092744
2301,2171.0,1.749524,3936.0,1765.0,1769.0765445784616,0.9323824617010037,0.9486061668201116
2302,2170.0,1.748718,3936.0,1766.0,1773.5701769751956,0.9329107237189646,0.9510157219159767
2303,2147.0,1.730183,3936.0,1789.0,1778.002692930153,0.9450607501320655,0.9533925054318099
2304,2147.0,1.730183,3936.0,1789.0,1782.5160595372963,0.9450607501320655,0.955812642316094
2305,2146.0,1.729377,3936.0,1790.0,1786.9145391211384,0.9455890121500264,0.9581711750040388
2306,2146.0,1.729377,3936.0,1790.0,1791.2422512896094,0.9455890121500264,0.9604917611108499
2307,2131.0,1.717289,3936.0,1805.0,1795.4151766222387,0.9535129424194401,0.9627293481255798
2308,2122.0,1.710037,3936.0,1814.0,1799.4698692491006,0.9582673005810882,0.9649035369373578
2309,2127.0,1.714066,3936.0,1809.0,1803.478722801633,0.9556259904912837,0.9670531461294897
2310,2115.0,1.704396,3936.0,1821.0,1807.3648345155307,0.9619651347068146,0.9691369392519821
2311,2099.0,1.691502,3936.0,1837.0,1811.094387637282,0.9704173269941891,0.9711367832392978
2312,2106.0,1.697143,3936.0,1830.0,1814.665042193606,0.9667194928684627,0.9730514233616224
2313,2106.0,1.697143,3936.0,1830.0,1818.194391210425,0.9667194928684627,0.974943914815695
2314,2091.0,1.685055,3936.0,1845.0,1821.6000711142817,0.9746434231378764,0.9767700929813117
2315,2090.0,1.684249,3936.0,1846.0,1825.0035365406318,0.9751716851558373,0.9785950837098863
2316,2095.0,1.688278,3936.0,1841.0,1828.285260608542,0.9725303750660328,0.9803547948417546
2317,2082.0,1.677802,3936.0,1854.0,1831.4291153681002,0.9793977812995246,0.9820405783210749
2318,2083.0,1.678608,3936.0,1853.0,1834.4531251497986,0.9788695192815636,0.9836620990722458
2319,2080.0,1.67619,3936.0,1856.0,1837.3753927189891,0.9804543053354464,0.9852290640776481
2320,2080.0,1.67619,3936.0,1856.0,1840.1737061952306,0.9804543053354464,0.9867295629839241
2321,2083.0,1.678608,3936.0,1853.0,1842.8541015766373,0.9788695192815636,0.9881668323864894
2322,2080.0,1.67619,3936.0,1856.0,1845.353464075537,0.9804543053354464,0.989507029161378
2323,2059.0,1.659267,3936.0,1877.0,1847.769039844046,0.9915478077126255,0.9908022981973341
2324,2059.0,1.659267,3936.0,1877.0,1850.0948678329153,0.9915478077126255,0.9920494430876815
2325,2058.0,1.658462,3936.0,1878.0,1852.2161185377397,0.9920760697305864,0.9931868904786012
2326,2063.0,1.662491,3936.0,1873.0,1854.10144154556,0.9894347596407819,0.9941978297944533
2327,2058.0,1.658462,3936.0,1878.0,1855.8861317583714,0.9920760697305864,0.9951548082513351
2328,2058.0,1.658462,3936.0,1878.0,1857.4657749494845,0.9920760697305864,0.9960018373282042
2329,2051.0,1.652821,3936.0,1885.0,1858.8661744443643,0.9957739038563127,0.996752753166711
2330,2058.0,1.658462,3936.0,1878.0,1860.09726619659,0.9920760697305864,0.9974128835786266
2331,2056.0,1.65685,3936.0,1880.0,1861.301870497086,0.9931325937665082,0.9980588110098224
2332,2063.0,1.662491,3936.0,1873.0,1862.3927773696357,0.9894347596407819,0.9986437721240821
2333,2058.0,1.658462,3936.0,1878.0,1863.2713070472078,0.9920760697305864,0.9991148533062012
2334,2063.0,1.662491,3936.0,1873.0,1863.955431570389,0.9894347596407819,0.9994816914419231
2335,2043.0,1.646374,3936.0,1893.0,1864.3939286190591,1.0,0.999716820332064
2336,2047.0,1.649597,3936.0,1889.0,1864.750266896403,0.9978869519281564,0.9999078944200668
2337,2051.0,1.652821,3936.0,1885.0,1864.9220366221164,0.9957739038563127,1.0
2338,2043.0,1.646374,3936.0,1893.0,1864.8813908069212,1.0,0.9999782050861125
2339,2051.0,1.652821,3936.0,1885.0,1864.5882762545534,0.9957739038563127,0.9998210325359405
2340,2058.0,1.658462,3936.0,1878.0,1864.312366824156,0.9920760697305864,0.9996730856379044
2341,2054.0,1.655238,3936.0,1882.0,1863.7869125338127,0.99418911780243,0.9993913289317126
2342,2043.0,1.646374,3936.0,1893.0,1863.0227731254386,1.0,0.9989815855787099
2343,2047.0,1.649597,3936.0,1889.0,1862.1692929271903,0.9978869519281564,0.9985239363142966
2344,2062.0,1.661685,3936.0,1874.0,1861.0970300205163,0.9899630216587427,0.997948972382498
2345,2059.0,1.659267,3936.0,1877.0,1859.8836244573931,0.9915478077126255,0.9972983255783447
2346,2058.0,1.658462,3936.0,1878.0,1858.5471833606643,0.9920760697305864,0.9965817052207723
2347,2063.0,1.662491,3936.0,1873.0,1857.0310279585508,0.9894347596407819,0.9957687192769418
2348,2072.0,1.669744,3936.0,1864.0,1855.360677468028,0.9846804014791336,0.994873051545143
2349,2067.0,1.665714,3936.0,1869.0,1853.4603742737247,0.9873217115689382,0.9938540796219278
2350,2080.0,1.67619,3936.0,1856.0,1851.4657705919924,0.9804543053354464,0.9927845423208699
2351,2066.0,1.664908,3936.0,1870.0,1849.3536392467213,0.9878499735868991,0.9916519848713924
2352,2063.0,1.662491,3936.0,1873.0,1847.0567685361275,0.9894347596407819,0.9904203673209054
2353,2063.0,1.662491,3936.0,1873.0,1844.568285823606,0.9894347596407819,0.9890860044555124
2354,2072.0,1.669744,3936.0,1864.0,1841.9903525124093,0.9846804014791336,0.9877036767975338
2355,2080.0,1.67619,3936.0,1856.0,1839.2649346506998,0.9804543053354464,0.9862422656456521
2356,2083.0,1.678608,3936.0,1853.0,1836.390415608895,0.9788695192815636,0.9847009041381162
2357,2091.0,1.685055,3936.0,1845.0,1833.3364297672583,0.9746434231378764,0.9830633097606224
2358,2095.0,1.688278,3936.0,1841.0,1830.0458103148908,0.9725303750660328,0.9812988287862178
2359,2094.0,1.687473,3936.0,1842.0,1826.5402375181914,0.9730586370839936,0.9794190865086001
2360,2104.0,1.695531,3936.0,1832.0,1822.9043277740545,0.9677760169043845,0.9774694555466955
2361,2095.0,1.688278,3936.0,1841.0,1819.2446348378107,0.9725303750660328,0.9755070716698485
2362,2115.0,1.704396,3936.0,1821.0,1815.4793912409275,0.9619651347068146,0.9734880898985231
2363,2114.0,1.70359,3936.0,1822.0,1811.5819483044659,0.9624933967247755,0.9713982207994797
2364,2114.0,1.70359,3936.0,1822.0,1807.5237531254209,0.9624933967247755,0.9692221538651238
2365,2138.0,1.72293,3936.0,1798.0,1803.2994625469291,0.9498151082937136,0.9669570240122195
2366,2144.0,1.727766,3936.0,1792.0,1799.0107847930594,0.9466455361859483,0.9646573687614093
2367,2146.0,1.729377,3936.0,1790.0,1794.6846509082418,0.9455890121500264,0.96233762895467
2368,2138.0,1.72293,3936.0,1798.0,1790.2948218177983,0.9498151082937136,0.9599837347948934
2369,2144.0,1.727766,3936.0,1792.0,1785.7105265680746,0.9466455361859483,0.9575255648769556
2370,2147.0,1.730183,3936.0,1789.0,1781.0063366650813,0.9450607501320655,0.9550031055941463
2371,2147.0,1.730183,3936.0,1789.0,1776.2048910234885,0.9450607501320655,0.9524284962821723
2372,2163.0,1.743077,3936.0,1773.0,1771.2666462736129,0.936608557844691,0.9497805331754571
2373,2175.0,1.752747,3936.0,1761.0,1766.3163765884244,0.93026941362916,0.9471261221127003
2374,2175.0,1.752747,3936.0,1761.0,1761.2398311384738,0.93026941362916,0.9444040000345326
2375,2171.0,1.749524,3936.0,1765.0,1756.0715456634766,0.9323824617010037,0.9416326855379983
2376,2186.0,1.761612,3936.0,1750.0,1750.8917999841483,0.9244585314315901,0.9388552259028973
2377,2191.0,1.765641,3936.0,1745.0,1745.5700009325126,0.9218172213417856,0.9360015950555323
2378,2184.0,1.76,3936.0,1752.0,1740.1203591619417,0.9255150554675119,0.9330794129677267
2379,2211.0,1.781758,3936.0,1725.0,1734.7425689507863,0.9112519809825673,0.9301957587958365
2380,2219.0,1.788205,3936.0,1717.0,1729.3151974510508,0.9070258848388801,0.9272855183712202
2381,2208.0,1.779341,3936.0,1728.0,1723.76993051544,0.9128367670364501,0.9243120605929771
2382,2223.0,1.791429,3936.0,1713.0,1718.1007234308552,0.9049128367670365,0.9212721441925826
2383,2219.0,1.788205,3936.0,1717.0,1712.465147470616,0.9070258848388801,0.9182502613204993
2384,2242.0,1.80674,3936.0,1694.0,1706.8022657216231,0.8948758584257792,0.9152137366627447
2385,2240.0,1.805128,3936.0,1696.0,1701.08767361339,0.895932382461701,0.9121494841116924
2386,2235.0,1.801099,3936.0,1701.0,1695.4547043049504,0.8985736925515055,0.909128998966564
2387,2250.0,1.813187,3936.0,1686.0,1689.8195248764964,0.8906497622820919,0.9061073287209483
2388,2243.0,1.807546,3936.0,1693.0,1684.1093059473762,0.8943475964078182,0.9030454211360807
2389,2255.0,1.817216,3936.0,1681.0,1678.3897027231808,0.8880084521922874,0.8999784815472519
2390,2272.0,1.830916,3936.0,1664.0,1672.6674606017443,0.879027997886952,0.8969101269409644
2391,2282.0,1.838974,3936.0,1654.0,1667.014676033541,0.8737453777073428,0.8938790165475016
2392,2287.0,1.843004,3936.0,1649.0,1661.324023115634,0.8711040676175383,0.890827600560046
2393,2291.0,1.846227,3936.0,1645.0,1655.6992058034919,0.8689910195456947,0.8878114866412409
2394,2303.0,1.855897,3936.0,1633.0,1650.0157932945262,0.8626518753301637,0.8847639530728887
2395,2298.0,1.851868,3936.0,1638.0,1644.28848863872,0.8652931854199684,0.8816928838574808
2396,2314.0,1.864762,3936.0,1622.0,1638.551879865694,0.8568409931325938,0.8786168256307161
2397,2312.0,1.86315,3936.0,1624.0,1632.7706939480627,0.8578975171685156,0.8755168644505144
2398,2339.0,1.884908,3936.0,1597.0,1626.9494103877473,0.843634442683571,0.8723954022949921
2399,2323.0,1.872015,3936.0,1613.0,1621.2670497773852,0.8520866349709456,0.8693484327709179
2400,2336.0,1.882491,3936.0,1600.0,1615.6155619988433,0.8452192287374538,0.8663180177361005
2401,2339.0,1.884908,3936.0,1597.0,1609.9509145940349,0.843634442683571,0.8632805463064269
2402,2351.0,1.894579,3936.0,1585.0,1604.336091625868,0.8372952984680402,0.8602697915092253
2403,2362.0,1.903443,3936.0,1574.0,1598.7340901425778,0.8314844162704702,0.8572659117902443
2404,2362.0,1.903443,3936.0,1574.0,1593.1387259913165,0.8314844162704702,0.8542655911112114
2405,2355.0,1.897802,3936.0,1581.0,1587.5444817155364,0.8351822503961965,0.8512658709267082
2406,2376.0,1.914725,3936.0,1560.0,1581.9561069816705,0.8240887480190174,0.8482692980812353
2407,2371.0,1.910696,3936.0,1565.0,1576.416788022832,0.8267300581088219,0.8452990297000049
2408,2378.0,1.916337,3936.0,1558.0,1570.8902408734596,0.8230322239830956,0.8423356097602724
2409,2383.0,1.920366,3936.0,1553.0,1565.4017843058912,0.8203909138932911,0.8393926145788173
2410,2383.0,1.920366,3936.0,1553.0,1559.9370019931262,0.8203909138932911,0.8364623138984397
2411,2400.0,1.934066,3936.0,1536.0,1554.5808589314304,0.8114104595879557,0.8335902672624328
2412,2400.0,1.934066,3936.0,1536.0,1549.2689888613882,0.8114104595879557,0.8307419604883526
2413,2403.0,1.936484,3936.0,1533.0,1544.0440507595638,0.8098256735340729,0.8279402679783063
2414,2403.0,1.936484,3936.0,1533.0,1538.9557243938605,0.8098256735340729,0.8252118287911542
2415,2424.0,1.953407,3936.0,1512.0,1533.9474181423407,0.7987321711568938,0.8225262976251483
2416,2415.0,1.946154,3936.0,1521.0,1528.9542820639615,0.803486529318542,0.8198489009402858
2417,2426.0,1.955018,3936.0,1510.0,1524.057551141716,0.797675647120972,0.8172231981891322
2418,2415.0,1.946154,3936.0,1521.0,1519.199370080945,0.803486529318542,0.814618166469109
2419,2415.0,1.946154,3936.0,1521.0,1514.3520182596444,0.803486529318542,0.8120189415545488
2420,2435.0,1.962271,3936.0,1501.0,1509.5685612171087,0.7929212889593238,0.8094539780072255
2421,2443.0,1.968718,3936.0,1493.0,1504.833493253304,0.7886951928156366,0.8069149614312933
2422,2442.0,1.967912,3936.0,1494.0,1500.1306419718962,0.7892234548335975,0.8043932199380532
2423,2442.0,1.967912,3936.0,1494.0,1495.5604344942656,0.7892234548335975,0.8019426041010992
2424,2443.0,1.968718,3936.0,1493.0,1491.103443377449,0.7886951928156366,0.7995526966254551
2425,2464.0,1.985641,3936.0,1472.0,1486.7903044056948,0.7776016904384575,0.7972399248918086
2426,2458.0,1.980806,3936.0,1478.0,1482.5132472118676,0.780771262546223,0.7949465007647742
2427,2466.0,1.987253,3936.0,1470.0,1478.3151922220595,0.7765451664025357,0.7926954388397343
2428,2467.0,1.988059,3936.0,1469.0,1474.1390292727697,0.7760169043845747,0.7904561157649456
2429,2474.0,1.9937,3936.0,1462.0,1470.0475201948063,0.7723190702588484,0.7882621854034522
2430,2488.0,2.004982,3936.0,1448.0,1466.0206405687836,0.7649234020073956,0.7861029103522996
2431,2490.0,2.006593,3936.0,1446.0,1462.068500647968,0.7638668779714739,0.7839837118854436
2432,2490.0,2.006593,3936.0,1446.0,1458.165406044199,0.7638668779714739,0.7818908122750993
2433,2479.0,1.997729,3936.0,1457.0,1454.2727371761277,0.7696777601690439,0.7798035031052629
2434,2498.0,2.01304,3936.0,1438.0,1450.421709374456,0.7596407818277866,0.7777385225183816
2435,2506.0,2.019487,3936.0,1430.0,1446.6461350352042,0.7554146856840993,0.7757140012434385
2436,2498.0,2.01304,3936.0,1438.0,1442.9605995560673,0.7596407818277866,0.7737377601959509
2437,2491.0,2.007399,3936.0,1445.0,1439.2776750862217,0.7633386159535129,0.7717629192119726
2438,2491.0,2.007399,3936.0,1445.0,1435.5860704920308,0.7633386159535129,0.7697834238112546
2439,2506.0,2.019487,3936.0,1430.0,1431.9866878615173,0.7554146856840993,0.7678533792518408
2440,2515.0,2.02674,3936.0,1421.0,1428.5221164513716,0.7506603275224512,0.765995622550965
2441,2507.0,2.020293,3936.0,1429.0,1424.9193314909942,0.7548864236661385,0.7640637536097287
2442,2528.0,2.037216,3936.0,1408.0,1421.4039883254156,0.7437929212889594,0.7621787723094134
2443,2515.0,2.02674,3936.0,1421.0,1417.919129303359,0.7506603275224512,0.7603101370776861
2444,2528.0,2.037216,3936.0,1408.0,1414.5654386382403,0.7437929212889594,0.7585118363448614
2445,2528.0,2.037216,3936.0,1408.0,1411.2859412488135,0.7437929212889594,0.7567533191923873
2446,2554.0,2.058168,3936.0,1382.0,1408.161462513811,0.7300581088219757,0.7550779254366989
2447,2536.0,2.043663,3936.0,1400.0,1405.1344042306105,0.739566825145272,0.7534547700319382
2448,2539.0,2.046081,3936.0,1397.0,1402.0451549480717,0.7379820390913894,0.7517982668527843
2449,2555.0,2.058974,3936.0,1381.0,1399.017892734239,0.7295298468040148,0.7501750020972688
2450,2543.0,2.049304,3936.0,1393.0,1396.0031469808328,0.7358689910195457,0.7485584488611524
2451,2547.0,2.052527,3936.0,1389.0,1393.0752408168119,0.7337559429477021,0.7469884603541133
2452,2559.0,2.062198,3936.0,1377.0,1390.1660648970103,0.7274167987321711,0.7454285152933154
2453,2547.0,2.052527,3936.0,1389.0,1387.3356489046657,0.7337559429477021,0.7439108025220774
2454,2543.0,2.049304,3936.0,1393.0,1384.5562068553895,0.7358689910195457,0.7424204227664118
2455,2547.0,2.052527,3936.0,1389.0,1381.705531139083,0.7337559429477021,0.7408918464182714
2456,2555.0,2.058974,3936.0,1381.0,1378.9203154127197,0.7295298468040148,0.7393983707277766
2457,2555.0,2.058974,3936.0,1381.0,1376.1513635900242,0.7295298468040148,0.7379136159936265
2458,2559.0,2.062198,3936.0,1377.0,1373.4795925570634,0.7274167987321711,0.7364809710999021
2459,2570.0,2.071062,3936.0,1366.0,1370.867977574611,0.7216059165346012,0.7350805828095782
2460,2554.0,2.058168,3936.0,1382.0,1368.2741951929975,0.7300581088219757,0.7336897566352512
2461,2571.0,2.071868,3936.0,1365.0,1365.7250901783086,0.7210776545166403,0.7323228871551167
2462,2570.0,2.071062,3936.0,1366.0,1363.252069590901,0.7216059165346012,0.7309968153200245
2463,2559.0,2.062198,3936.0,1377.0,1360.8679627591378,0.7274167987321711,0.7297184204139932
2464,2574.0,2.074286,3936.0,1362.0,1358.5143784168267,0.7194928684627575,0.7284563921382299
2465,2592.0,2.088791,3936.0,1344.0,1356.2110533888736,0.7099841521394612,0.727221313683087
2466,2586.0,2.083956,3936.0,1350.0,1353.8352571661221,0.7131537242472267,0.7259473750539662
2467,2571.0,2.071868,3936.0,1365.0,1351.5377729206346,0.7210776545166403,0.7247154285165931
2468,2592.0,2.088791,3936.0,1344.0,1349.2937786341781,0.7099841521394612,0.7235121641214117
2469,2594.0,2.090403,3936.0,1342.0,1347.102908277413,0.7089276281035394,0.7223373855978369
2470,2584.0,2.082344,3936.0,1352.0,1344.9250171467395,0.7142102482831485,0.7211695667357583
2471,2595.0,2.091209,3936.0,1341.0,1342.779528327629,0.7083993660855784,0.7200191224935975
2472,2594.0,2.090403,3936.0,1342.0,1340.6255345553566,0.7089276281035394,0.7188641177641913
2473,2592.0,2.088791,3936.0,1344.0,1338.5323565579033,0.7099841521394612,0.7177417233925507
2474,2595.0,2.091209,3936.0,1341.0,1336.4301637807077,0.7083993660855784,0.7166144951567778
2475,2594.0,2.090403,3936.0,1342.0,1334.275242734108,0.7089276281035394,0.7154589932085553
2476,2592.0,2.088791,3936.0,1344.0,1332.164874430157,0.7099841521394612,0.7143273811290641
2477,2603.0,2.097656,3936.0,1333.0,1330.1310236882068,0.7041732699418912,0.7132367989481414
2478,2600.0,2.095238,3936.0,1336.0,1328.0824498518098,0.7057580559957739,0.7121383220165761
2479,2602.0,2.09685,3936.0,1334.0,1326.075260861275,0.7047015319598521,0.7110620362785566
2480,2611.0,2.104103,3936.0,1325.0,1324.0687891139469,0.6999471737982039,0.7099861351374224
2481,2607.0,2.100879,3936.0,1329.0,1322.1332704111549,0.7020602218700476,0.7089482801146474
2482,2607.0,2.100879,3936.0,1329.0,1320.1792724556901,0.7020602218700476,0.7079005162311749
2483,2610.0,2.103297,3936.0,1326.0,1318.283271849127,0.7004754358161648,0.70688385142196
2484,2603.0,2.097656,3936.0,1333.0,1316.5595150634224,0.7041732699418912,0.7059595464098175
2485,2602.0,2.09685,3936.0,1334.0,1314.845392692842,0.7047015319598521,0.7050404075198696
2486,2616.0,2.108132,3936.0,1320.0,1313.211105678779,0.6973058637083994,0.7041640775811536
2487,2603.0,2.097656,3936.0,1333.0,1311.4645330642225,0.7041732699418912,0.7032275383691874
2488,2626.0,2.11619,3936.0,1310.0,1309.7718364825005,0.6920232435287903,0.7023198883181494
2489,2611.0,2.104103,3936.0,1325.0,1308.1050207896026,0.6999471737982039,0.7014261159994325
2490,2626.0,2.11619,3936.0,1310.0,1306.4956934905244,0.6920232435287903,0.7005631698453976
2491,2634.0,2.122637,3936.0,1302.0,1304.823429189453,0.687797147385103,0.6996664758988236
2492,2635.0,2.123443,3936.0,1301.0,1303.2062130866025,0.6872688853671421,0.6987992996463622
2493,2635.0,2.123443,3936.0,1301.0,1301.646720682147,0.6872688853671421,0.6979630757325304
2494,2627.0,2.116996,3936.0,1309.0,1300.0552233694123,0.6914949815108293,0.6971096902925592
2495,2634.0,2.122637,3936.0,1302.0,1298.5002662427776,0.687797147385103,0.6962758982647428
2496,2632.0,2.121026,3936.0,1304.0,1296.9112431140807,0.6888536714210248,0.6954238395204667
2497,2635.0,2.123443,3936.0,1301.0,1295.3052675979575,0.6872688853671421,0.6945626906442209
2498,2643.0,2.12989,3936.0,1293.0,1293.7520438816964,0.6830427892234548,0.6937298280978196
2499,2648.0,2.133919,3936.0,1288.0,1292.2437450379134,0.6804014791336503,0.6929210549619115
2500,2656.0,2.140366,3936.0,1280.0,1290.792411688893,0.676175382989963,0.6921428276041346
2501,2658.0,2.141978,3936.0,1278.0,1289.2464684705014,0.6751188589540412,0.6913138689731391
2502,2656.0,2.140366,3936.0,1280.0,1287.7003596674087,0.676175382989963,0.6904848215530693
2503,2658.0,2.141978,3936.0,1278.0,1286.1831959416138,0.6751188589540412,0.6896712949305073
2504,2667.0,2.149231,3936.0,1269.0,1284.7061682044332,0.6703645007923931,0.6888792898449456
2505,2666.0,2.148425,3936.0,1270.0,1283.209246772631,0.6708927628103539,0.6880766174530673
2506,2659.0,2.142784,3936.0,1277.0,1281.758575762416,0.6745905969360803,0.6872987452515877
2507,2671.0,2.152454,3936.0,1265.0,1280.2798494747988,0.6682514527205494,0.6865058293770476
2508,2667.0,2.149231,3936.0,1269.0,1278.820590719072,0.6703645007923931,0.6857233522937858
2509,2667.0,2.149231,3936.0,1269.0,1277.4021093748033,0.6703645007923931,0.6849627406883603
2510,2666.0,2.148425,3936.0,1270.0,1276.0162299152369,0.6708927628103539,0.6842196107170523
2511,2664.0,2.146813,3936.0,1272.0,1274.6842535049566,0.6719492868462758,0.6835053843933113
2512,2671.0,2.152454,3936.0,1265.0,1273.3261347563237,0.6682514527205494,0.6827771401439737
2513,2666.0,2.148425,3936.0,1270.0,1272.0111682523657,0.6708927628103539,0.6820720347947229
2514,2666.0,2.148425,3936.0,1270.0,1270.6976841672342,0.6708927628103539,0.6813677243413431
2515,2666.0,2.148425,3936.0,1270.0,1269.423482873756,0.6708927628103539,0.6806844779275755
2516,2671.0,2.152454,3936.0,1265.0,1268.1802929803491,0.6682514527205494,0.6800178603055012
2517,2675.0,2.155678,3936.0,1261.0,1266.8975736612333,0.6661384046487058,0.6793300463948247
2518,2671.0,2.152454,3936.0,1265.0,1265.6541153463106,0.6682514527205494,0.6786632848409879
2519,2671.0,2.152454,3936.0,1265.0,1264.3183627333403,0.6682514527205494,0.6779470336590405
2520,2687.0,2.165348,3936.0,1249.0,1262.9786020990982,0.6597992604331748,0.6772286333141828
2521,2687.0,2.165348,3936.0,1249.0,1261.7161076440075,0.6597992604331748,0.6765516642879722
2522,2675.0,2.155678,3936.0,1261.0,1260.409477894014,0.6661384046487058,0.6758510292349593
2523,2682.0,2.161319,3936.0,1254.0,1259.1065188954005,0.6624405705229794,0.6751523624955318
2524,2682.0,2.161319,3936.0,1254.0,1257.8351342848425,0.6624405705229794,0.67447062643065
2525,2699.0,2.175018,3936.0,1237.0,1256.5533317820734,0.653460116217644,0.673783304131059
2526,2682.0,2.161319,3936.0,1254.0,1255.3684852224444,0.6624405705229794,0.6731479711056768
2527,2691.0,2.168571,3936.0,1245.0,1254.2104590269446,0.6576862123613312,0.6725270195737848
2528,2691.0,2.168571,3936.0,1245.0,1253.0809874774463,0.6576862123613312,0.6719213794841089
2529,2683.0,2.162125,3936.0,1253.0,1251.9818048558222,0.6619123085050185,0.6713319807853757
2530,2682.0,2.161319,3936.0,1254.0,1250.924254585614,0.6624405705229794,0.6707649059964886
2531,2683.0,2.162125,3936.0,1253.0,1249.8657212651792,0.6619123085050185,0.6701973040808868
2532,2698.0,2.174212,3936.0,1238.0,1248.8526775482035,0.6539883782356049,0.6696540943932525
2533,2683.0,2.162125,3936.0,1253.0,1247.8663234705932,0.6619123085050185,0.669125196102471
2534,2675.0,2.155678,3936.0,1261.0,1246.9083933142201,0.6661384046487058,0.668611539157268
2535,2682.0,2.161319,3936.0,1254.0,1245.9395528690236,0.6624405705229794,0.668092031946687
2536,2698.0,2.174212,3936.0,1238.0,1244.980719840279,0.6539883782356049,0.6675778908673735
2537,2687.0,2.165348,3936.0,1249.0,1243.9411721131037,0.6597992604331748,0.6670204693201123
2538,2687.0,2.165348,3936.0,1249.0,1242.9281963730054,0.6597992604331748,0.6664772960827297
2539,2687.0,2.165348,3936.0,1249.0,1241.9331116241406,0.6597992604331748,0.665943716271175
2540,2683.0,2.162125,3936.0,1253.0,1240.9863227036744,0.6619123085050185,0.6654360334287431
2541,2696.0,2.172601,3936.0,1240.0,1240.0380888388142,0.6550449022715267,0.6649275757848099
2542,2687.0,2.165348,3936.0,1249.0,1239.0930080552673,0.6597992604331748,0.6644208088717765
2543,2699.0,2.175018,3936.0,1237.0,1238.1460518071028,0.653460116217644,0.6639130363056484
2544,2699.0,2.175018,3936.0,1237.0,1237.165978618665,0.653460116217644,0.6633875059246501
2545,2698.0,2.174212,3936.0,1238.0,1236.2016664793016,0.6539883782356049,0.6628704268615973
2546,2699.0,2.175018,3936.0,1237.0,1235.2546056513256,0.653460116217644,0.662362598218159
2547,2699.0,2.175018,3936.0,1237.0,1234.344188717763,0.653460116217644,0.6618744185968749
2548,2699.0,2.175018,3936.0,1237.0,1233.4500731623007,0.653460116217644,0.661394980026305
2549,2698.0,2.174212,3936.0,1238.0,1232.573766677219,0.6539883782356049,0.6609250909543367
2550,2699.0,2.175018,3936.0,1237.0,1231.7552135214798,0.653460116217644,0.6604861701095694
2551,2720.0,2.191941,3936.0,1216.0,1230.944620632384,0.6423666138404649,0.6600515176827237
2552,2699.0,2.175018,3936.0,1237.0,1230.1531309888355,0.653460116217644,0.6596271087111927
2553,2703.0,2.178242,3936.0,1233.0,1229.3789885215012,0.6513470681458003,0.6592120015634769
2554,2691.0,2.168571,3936.0,1245.0,1228.6191211984221,0.6576862123613312,0.6588045489685924
2555,2702.0,2.177436,3936.0,1234.0,1227.921134621241,0.6518753301637612,0.6584302777854145
2556,2703.0,2.178242,3936.0,1233.0,1227.1769577558637,0.6513470681458003,0.6580312386562908
2557,2703.0,2.178242,3936.0,1233.0,1226.5073733124595,0.6513470681458003,0.6576721971359187
2558,2707.0,2.181465,3936.0,1229.0,1225.7536326233308,0.6492340200739567,0.657268029736785
2559,2720.0,2.191941,3936.0,1216.0,1225.0749201053886,0.6423666138404649,0.6569040936018613
2560,2720.0,2.191941,3936.0,1216.0,1224.4111755729523,0.6423666138404649,0.6565481835319484
2561,2722.0,2.193553,3936.0,1214.0,1223.7639415782387,0.6413100898045431,0.6562011266673698
2562,2730.0,2.2,3936.0,1206.0,1223.1039593045168,0.6370839936608558,0.6558472339786882
2563,2722.0,2.193553,3936.0,1214.0,1222.451305461078,0.6413100898045431,0.6554972709075129
2564,2722.0,2.193553,3936.0,1214.0,1221.765761266957,0.6413100898045431,0.6551296715223061
2565,2728.0,2.198388,3936.0,1208.0,1220.99416531803,0.6381405176967776,0.6547159298570916
2566,2722.0,2.193553,3936.0,1214.0,1220.2339859985136,0.6413100898045431,0.6543083099648985
2567,2722.0,2.193553,3936.0,1214.0,1219.49555143628,0.6413100898045431,0.6539123499474111
2568,2722.0,2.193553,3936.0,1214.0,1218.7179865946187,0.6413100898045431,0.6534954076697223
2569,2728.0,2.198388,3936.0,1208.0,1217.930145043491,0.6381405176967776,0.6530729548616925
2570,2720.0,2.191941,3936.0,1216.0,1217.1525697438478,0.6423666138404649,0.6526560069762722
2571,2720.0,2.191941,3936.0,1216.0,1216.3859273919873,0.6423666138404649,0.6522449215063139
2572,2722.0,2.193553,3936.0,1214.0,1215.6308846842069,0.6413100898045431,0.6518400559446693
2573,2720.0,2.191941,3936.0,1216.0,1214.8887662981167,0.6423666138404649,0.6514421206039328
2574,2723.0,2.194359,3936.0,1213.0,1214.0787599274636,0.6407818277865821,0.651007782677335
2575,2722.0,2.193553,3936.0,1214.0,1213.2276580484256,0.6413100898045431,0.6505514087044156
2576,2723.0,2.194359,3936.0,1213.0,1212.3506264766522,0.6407818277865821,0.6500811308297642
2577,2722.0,2.193553,3936.0,1214.0,1211.4743879684484,0.6413100898045431,0.6496112782080475
2578,2731.0,2.200806,3936.0,1205.0,1210.59881179905,0.6365557316428949,0.6491417807426285
2579,2728.0,2.198388,3936.0,1208.0,1209.7333763853626,0.6381405176967776,0.6486777209070469
2580,2722.0,2.193553,3936.0,1214.0,1208.8491322925968,0.6413100898045431,0.6482035755672408
2581,2730.0,2.2,3936.0,1206.0,1207.8952624474014,0.6370839936608558,0.6476920958236034
2582,2723.0,2.194359,3936.0,1213.0,1206.9401463594531,0.6407818277865821,0.6471799478253535
2583,2730.0,2.2,3936.0,1206.0,1205.984899546741,0.6370839936608558,0.646667729730466
2584,2723.0,2.194359,3936.0,1213.0,1205.0299795459387,0.6407818277865821,0.6461556868771723
2585,2731.0,2.200806,3936.0,1205.0,1204.086111016706,0.6365557316428949,0.6456495699936255
2586,2746.0,2.212894,3936.0,1190.0,1203.1832456170237,0.6286318013734813,0.6451654396214426
2587,2730.0,2.2,3936.0,1206.0,1202.2814739478688,0.6370839936608558,0.6446818957244611
2588,2735.0,2.204029,3936.0,1201.0,1201.381955102151,0.6344426835710513,0.6441995598262018
2589,2735.0,2.204029,3936.0,1201.0,1200.48584817278,0.6344426835710513,0.643719053450185
2590,2735.0,2.204029,3936.0,1201.0,1199.6327488193442,0.6344426835710513,0.6432616084006424
2591,2730.0,2.2,3936.0,1206.0,1198.7314468878426,0.6370839936608558,0.6427783163842458
2592,2730.0,2.2,3936.0,1206.0,1197.8311384645485,0.6370839936608558,0.6422955571022948
2593,2747.0,2.2137,3936.0,1189.0,1196.981019635738,0.6281035393555203,0.6418397102560909
2594,2730.0,2.2,3936.0,1206.0,1196.130948739341,0.6370839936608558,0.6413838891119873
2595,2735.0,2.204029,3936.0,1201.0,1195.2602695196108,0.6344426835710513,0.6409170174666142
2596,2735.0,2.204029,3936.0,1201.0,1194.3880608201391,0.6344426835710513,0.6404493256905809
2597,2746.0,2.212894,3936.0,1190.0,1193.4436293029214,0.6286318013734813,0.6399429069241812
2598,2731.0,2.200806,3936.0,1205.0,1192.5530093276548,0.6365557316428949,0.639465342737702
2599,2731.0,2.200806,3936.0,1205.0,1191.6749842476727,0.6365557316428949,0.638994532128604
2600,2739.0,2.207253,3936.0,1197.0,1190.7388694399558,0.6323296354992076,0.6384925729102914
2601,2746.0,2.212894,3936.0,1190.0,1189.8349207677275,0.6286318013734813,0.6380078616706378
2602,2739.0,2.207253,3936.0,1197.0,1188.936145310169,0.6323296354992076,0.6375259243885912
2603,2746.0,2.212894,3936.0,1190.0,1188.0238520404898,0.6286318013734813,0.6370367386469011
2604,2747.0,2.2137,3936.0,1189.0,1187.1088266232382,0.6281035393555203,0.6365460878854844
2605,2746.0,2.212894,3936.0,1190.0,1186.1922455812921,0.6286318013734813,0.6360546029740796
2606,2760.0,2.224176,3936.0,1176.0,1185.2752854375299,0.6212361331220285,0.6355629147824257
2607,2755.0,2.220147,3936.0,1181.0,1184.359122714829,0.623877443211833,0.6350716541802611
2608,2754.0,2.219341,3936.0,1182.0,1183.4449339360685,0.624405705229794,0.6345814520373253
2609,2754.0,2.219341,3936.0,1182.0,1182.5338956241262,0.624405705229794,0.6340929392233567
2610,2752.0,2.217729,3936.0,1184.0,1181.62718430188,0.6254622292657158,0.6336067466080941
2611,2760.0,2.224176,3936.0,1176.0,1180.6849080002753,0.6212361331220285,0.6331014835015937
2612,2746.0,2.212894,3936.0,1190.0,1179.746644948933,0.6286318013734813,0.6325983723618691
2613,2746.0,2.212894,3936.0,1190.0,1178.8135368107933,0.6286318013734813,0.6320980253662222
2614,2752.0,2.217729,3936.0,1184.0,1177.886725248798,0.6254622292657158,0.6316010546919554
2615,2752.0,2.217729,3936.0,1184.0,1176.9769610675576,0.6254622292657158,0.6311132250865482
2616,2754.0,2.219341,3936.0,1182.0,1176.0751275220146,0.624405705229794,0.6306296480104917
2617,2762.0,2.225788,3936.0,1174.0,1175.2496389817832,0.6201796090861067,0.6301870083054418
2618,2767.0,2.229817,3936.0,1169.0,1174.3374328619466,0.6175382989963022,0.6296978692948434
2619,2767.0,2.229817,3936.0,1169.0,1173.405590139525,0.6175382989963022,0.629198200834649
2620,2767.0,2.229817,3936.0,1169.0,1172.4737866345326,0.6175382989963022,0.6286985534034458
2621,2762.0,2.225788,3936.0,1174.0,1171.5424798836443,0.6201796090861067,0.6281991723394658
2622,2771.0,2.23304,3936.0,1165.0,1170.603176263178,0.6154252509244585,0.6276955032305053
2623,2763.0,2.226593,3936.0,1173.0,1169.6672496991218,0.6196513470681458,0.6271936449513509
2624,2762.0,2.225788,3936.0,1174.0,1168.7358069944787,0.6201796090861067,0.6266941909868676
2625,2755.0,2.220147,3936.0,1181.0,1167.8099549522528,0.623877443211833,0.626197734821921
2626,2784.0,2.243516,3936.0,1152.0,1166.890800375448,0.6085578446909667,0.6257048699413763
2627,2776.0,2.23707,3936.0,1160.0,1165.9794500670685,0.612783940834654,0.6252161898300993
2628,2784.0,2.243516,3936.0,1152.0,1165.0770108301174,0.6085578446909667,0.6247322879729548
2629,2771.0,2.23304,3936.0,1165.0,1164.1537880986496,0.6154252509244585,0.6242372416850467
2630,2767.0,2.229817,3936.0,1169.0,1163.2294228327423,0.6175382989963022,0.6237415827525256
2631,2778.0,2.238681,3936.0,1158.0,1162.3145961171324,0.6117274167987322,0.623251038537998
2632,2784.0,2.243516,3936.0,1152.0,1161.4103798948863,0.6085578446909667,0.6227661838338926
2633,2792.0,2.249963,3936.0,1144.0,1160.5178461090711,0.6043317485472794,0.6222875934326382
2634,2784.0,2.243516,3936.0,1152.0,1159.5969982108202,0.6085578446909667,0.6217938205669805
2635,2767.0,2.229817,3936.0,1169.0,1158.553837251161,0.6175382989963022,0.6212344615486547
2636,2795.0,2.252381,3936.0,1141.0,1157.5142058601361,0.6027469624933968,0.6206769951395452
2637,2776.0,2.23707,3936.0,1160.0,1156.4681027217835,0.612783940834654,0.6201160584795616
2638,2784.0,2.243516,3936.0,1152.0,1155.4253940698084,0.6085578446909667,0.619556941995602
2639,2784.0,2.243516,3936.0,1152.0,1154.3869949775612,0.6085578446909667,0.6190001363641301
2640,2784.0,2.243516,3936.0,1152.0,1153.3538205183913,0.6085578446909667,0.6184461322616094
2641,2771.0,2.23304,3936.0,1165.0,1152.3267857656485,0.6154252509244585,0.6178954203645035
2642,2786.0,2.245128,3936.0,1150.0,1151.3068057926826,0.6075013206550449,0.6173484913492758
2643,2794.0,2.251575,3936.0,1142.0,1150.2947956728428,0.6032752245113576,0.61680583589239
2644,2787.0,2.245934,3936.0,1149.0,1149.2916704794793,0.606973058637084,0.6162679446703095
2645,2787.0,2.245934,3936.0,1149.0,1148.298345285941,0.606973058637084,0.6157353083594975
2646,2786.0,2.245128,3936.0,1150.0,1147.3157351655784,0.6075013206550449,0.6152084176364181
2647,2787.0,2.245934,3936.0,1149.0,1146.3831917584205,0.606973058637084,0.6147083734582459
2648,2786.0,2.245128,3936.0,1150.0,1145.4605965058208,0.6075013206550449,0.6142136636341984
2649,2786.0,2.245128,3936.0,1150.0,1144.5873359077461,0.6075013206550449,0.6137454078138873
2650,2795.0,2.252381,3936.0,1141.0,1143.723326265488,0.6027469624933968,0.6132821124989672
2651,2799.0,2.255604,3936.0,1137.0,1142.936816363958,0.6006339144215531,0.6128603737420193
2652,2808.0,2.262857,3936.0,1128.0,1142.1569821403891,0.595879556259905,0.6124422145867007
2653,2776.0,2.23707,3936.0,1160.0,1141.3746022699115,0.612783940834654,0.6120226904161918
2654,2792.0,2.249963,3936.0,1144.0,1140.6579778273438,0.6043317485472794,0.6116384253217294
2655,2795.0,2.252381,3936.0,1141.0,1139.9465954478217,0.6027469624933968,0.6112569711024363
2656,2786.0,2.245128,3936.0,1150.0,1139.241544504381,0.6075013206550449,0.61087891189696
2657,2794.0,2.251575,3936.0,1142.0,1138.4925787551406,0.6032752245113576,0.6104773048943439
2658,2799.0,2.255604,3936.0,1137.0,1137.7282554605977,0.6006339144215531,0.6100674629387374
2659,2794.0,2.251575,3936.0,1142.0,1136.9688212722372,0.6032752245113576,0.6096602425973787
2660,2799.0,2.255604,3936.0,1137.0,1136.2153045582047,0.6006339144215531,0.609256195297151
2661,2794.0,2.251575,3936.0,1142.0,1135.4687336866452,0.6032752245113576,0.6088558724649367
2662,2803.0,2.258828,3936.0,1133.0,1134.719869902721,0.5985208663497095,0.6084543201376981
2663,2799.0,2.255604,3936.0,1137.0,1133.9793420012631,0.6006339144215531,0.6080572376393867
2664,2795.0,2.252381,3936.0,1141.0,1133.1905147854127,0.6027469624933968,0.6076342563027087
2665,2799.0,2.255604,3936.0,1137.0,1132.3748898643923,0.6006339144215531,0.6071969056226247
2666,2810.0,2.264469,3936.0,1126.0,1131.5718363081996,0.5948230322239831,0.6067662959025277
2667,2803.0,2.258828,3936.0,1133.0,1130.839941470172,0.5985208663497095,0.6063738425861664
2668,2810.0,2.264469,3936.0,1126.0,1130.1185874056341,0.5948230322239831,0.6059870413953539
2669,2808.0,2.262857,3936.0,1128.0,1129.4087589078097,0.595879556259905,0.605606420391427
2670,2816.0,2.269304,3936.0,1120.0,1128.7306590532628,0.5916534601162177,0.6052428127760786
2671,2799.0,2.255604,3936.0,1137.0,1128.1058243111524,0.6006339144215531,0.6049077667367052
2672,2810.0,2.264469,3936.0,1126.0,1127.4557867059953,0.5948230322239831,0.6045592065329046
2673,2803.0,2.258828,3936.0,1133.0,1126.8199850276635,0.5985208663497095,0.6042182798529436
2674,2818.0,2.270916,3936.0,1118.0,1126.2762946327093,0.5905969360802958,0.6039267446658004
2675,2818.0,2.270916,3936.0,1118.0,1125.7025819884,0.5905969360802958,0.6036191110848553
2676,2818.0,2.270916,3936.0,1118.0,1125.1383207445451,0.5905969360802958,0.6033165454908122
2677,2819.0,2.271722,3936.0,1117.0,1124.5126781233917,0.5900686740623349,0.6029810662542181
2678,2824.0,2.275751,3936.0,1112.0,1123.8938941948684,0.5874273639725304,0.6026492647545457
2679,2810.0,2.264469,3936.0,1126.0,1123.282945037215,0.5948230322239831,0.6023216643800229
2680,2818.0,2.270916,3936.0,1118.0,1122.6808067286718,0.5905969360802958,0.6019987885188776
2681,2818.0,2.270916,3936.0,1118.0,1122.0781882244942,0.5905969360802958,0.6016756551694163
2682,2808.0,2.262857,3936.0,1128.0,1121.4343304146917,0.595879556259905,0.6013304086673327
2683,2818.0,2.270916,3936.0,1118.0,1120.7776685499814,0.5905969360802958,0.6009782964332472
2684,2831.0,2.281392,3936.0,1105.0,1120.1283272720682,0.583729529846804,0.6006301096108697
2685,2816.0,2.269304,3936.0,1120.0,1119.487212939318,0.5916534601162177,0.6002863342035548
2686,2819.0,2.271722,3936.0,1117.0,1118.8552319100957,0.5900686740623349,0.5999474562146567
2687,2816.0,2.269304,3936.0,1120.0,1118.2634339304034,0.5916534601162177,0.5996301249975491
2688,2818.0,2.270916,3936.0,1118.0,1117.721702663916,0.5905969360802958,0.5993396403253487
2689,2816.0,2.269304,3936.0,1120.0,1117.1899369819553,0.5916534601162177,0.5990544993534913
2690,2819.0,2.271722,3936.0,1117.0,1116.6691042477773,0.5900686740623349,0.5987752207970958
2691,2818.0,2.270916,3936.0,1118.0,1116.1396375786703,0.5905969360802958,0.5984913125914392
2692,2831.0,2.281392,3936.0,1105.0,1115.6217051912615,0.583729529846804,0.5982135892457775
2693,2831.0,2.281392,3936.0,1105.0,1115.034120034971,0.583729529846804,0.5978985170096455
2694,2826.0,2.277363,3936.0,1110.0,1114.4546354565716,0.5863708399366085,0.597587788428493
2695,2827.0,2.278168,3936.0,1109.0,1113.873864546492,0.5858425779186477,0.5972763700964262
2696,2835.0,2.284615,3936.0,1101.0,1113.3022879448304,0.5816164817749604,0.5969698818945403
2697,2826.0,2.277363,3936.0,1110.0,1112.7792137166946,0.5863708399366085,0.5966894014144645
2698,2826.0,2.277363,3936.0,1110.0,1112.2234112365845,0.5863708399366085,0.596391371540188
2699,2831.0,2.281392,3936.0,1105.0,1111.722234277957,0.583729529846804,0.5961226327142286
2700,2824.0,2.275751,3936.0,1112.0,1111.244480582586,0.5874273639725304,0.5958664538038028
2701,2826.0,2.277363,3936.0,1110.0,1110.7294799158897,0.5863708399366085,0.5955903024920679
2702,2826.0,2.277363,3936.0,1110.0,1110.2165664879292,0.5863708399366085,0.595315270389981
2703,2827.0,2.278168,3936.0,1109.0,1109.7066379420849,0.5858425779186477,0.5950418388277866
2704,2827.0,2.278168,3936.0,1109.0,1109.149256306823,0.5858425779186477,0.5947429621861273
2705,2826.0,2.277363,3936.0,1110.0,1108.5727871129852,0.5863708399366085,0.5944338505007499
2706,2818.0,2.270916,3936.0,1118.0,1107.9356825445034,0.5905969360802958,0.5940922251909672
2707,2816.0,2.269304,3936.0,1120.0,1107.3579845378815,0.5916534601162177,0.5937824545971957
2708,2826.0,2.277363,3936.0,1110.0,1106.7212721436924,0.5863708399366085,0.5934410395773259
2709,2831.0,2.281392,3936.0,1105.0,1106.1455872984402,0.583729529846804,0.5931323484717743
2710,2826.0,2.277363,3936.0,1110.0,1105.5125090526965,0.5863708399366085,0.5927928821384307
2711,2827.0,2.278168,3936.0,1109.0,1104.880476605067,0.5858425779186477,0.5924539765781885
2712,2827.0,2.278168,3936.0,1109.0,1104.2502743041368,0.5858425779186477,0.5921160523708734
2713,2824.0,2.275751,3936.0,1112.0,1103.6322956401614,0.5874273639725304,0.591784682666489
2714,2827.0,2.278168,3936.0,1109.0,1103.017066553727,0.5858425779186477,0.5914547873280497
2715,2826.0,2.277363,3936.0,1110.0,1102.4053801084035,0.5863708399366085,0.5911267916084905
2716,2848.0,2.295092,3936.0,1088.0,1101.7980293677604,0.5747490755414686,0.5908011207607465
2717,2827.0,2.278168,3936.0,1109.0,1101.1958073953679,0.5858425779186477,0.5904782000377531
2718,2831.0,2.281392,3936.0,1105.0,1100.5789730088286,0.583729529846804,0.5901474439126034
2719,2827.0,2.278168,3936.0,1109.0,1099.967520125084,0.5858425779186477,0.5898195734323703
2720,2842.0,2.290256,3936.0,1094.0,1099.3622243777347,0.5779186476492341,0.5894950045037701
2721,2827.0,2.278168,3936.0,1109.0,1098.7638614003824,0.5858425779186477,0.5891741530335199
2722,2848.0,2.295092,3936.0,1088.0,1098.230203695334,0.5747490755414686,0.5888879975296604
2723,2827.0,2.278168,3936.0,1109.0,1097.6998184668837,0.5858425779186477,0.5886035967782965
2724,2827.0,2.278168,3936.0,1109.0,1097.1735336385384,0.5858425779186477,0.5883213947248002
2725,2831.0,2.281392,3936.0,1105.0,1096.6521771338046,0.583729529846804,0.5880418353145429
2726,2850.0,2.296703,3936.0,1086.0,1096.1365768761898,0.5736925515055468,0.5877653624928969
2727,2848.0,2.295092,3936.0,1088.0,1095.576225174284,0.5747490755414686,0.5874648932556301
2728,2835.0,2.284615,3936.0,1101.0,1095.0199520850226,0.5816164817749604,0.587166611033458
2729,2842.0,2.290256,3936.0,1094.0,1094.457616852694,0.5779186476492341,0.5868650781965427
2730,2848.0,2.295092,3936.0,1088.0,1093.8886791482732,0.5747490755414686,0.5865600050121155
2731,2848.0,2.295092,3936.0,1088.0,1093.33378215503,0.5747490755414686,0.5862624606738822
2732,2835.0,2.284615,3936.0,1101.0,1092.7840923648957,0.5816164817749604,0.5859677085183821
2733,2848.0,2.295092,3936.0,1088.0,1092.2403854114712,0.5747490755414686,0.5856761644523313
2734,2848.0,2.295092,3936.0,1088.0,1091.6938277866877,0.5747490755414686,0.5853830918122689
2735,2848.0,2.295092,3936.0,1088.0,1091.1451864091623,0.5747490755414686,0.5850889018318023
2736,2848.0,2.295092,3936.0,1088.0,1090.6048286241976,0.5747490755414686,0.5847991536416081
2737,2835.0,2.284615,3936.0,1101.0,1090.032444143493,0.5816164817749604,0.5844922322425016
2738,2848.0,2.295092,3936.0,1088.0,1089.4671928774237,0.5747490755414686,0.5841891357832559
2739,2840.0,2.288645,3936.0,1096.0,1088.909798169685,0.5789751716851559,0.5838902521319327
2740,2831.0,2.281392,3936.0,1105.0,1088.3609833639725,0.583729529846804,0.5835959691565937
2741,2848.0,2.295092,3936.0,1088.0,1087.8572764454082,0.5747490755414686,0.5833258737270407
2742,2835.0,2.284615,3936.0,1101.0,1087.355735200438,0.5816164817749604,0.583056939565118
2743,2842.0,2.290256,3936.0,1094.0,1086.857117832694,0.5779186476492341,0.5827895732313236
2744,2850.0,2.296703,3936.0,1086.0,1086.3108469308938,0.5736925515055468,0.5824966543365533
2745,2848.0,2.295092,3936.0,1088.0,1085.7656828320974,0.5747490755414686,0.5822043289266482
2746,2850.0,2.296703,3936.0,1086.0,1085.201805919049,0.5736925515055468,0.5819019694167196
2747,2850.0,2.296703,3936.0,1086.0,1084.6391316738323,0.5736925515055468,0.5816002547958574
2748,2859.0,2.303956,3936.0,1077.0,1084.0783572951889,0.5689381933438986,0.5812995589127957
2749,2858.0,2.30315,3936.0,1078.0,1083.4585772439623,0.5694664553618595,0.5809672232767445
2750,2835.0,2.284615,3936.0,1101.0,1082.817557033042,0.5816164817749604,0.5806234983390086
2751,2858.0,2.30315,3936.0,1078.0,1082.175142424637,0.5694664553618595,0.5802790257038047
2752,2859.0,2.303956,3936.0,1077.0,1081.531960897615,0.5689381933438986,0.5799341418349933
2753,2858.0,2.30315,3936.0,1078.0,1080.8886399308442,0.5694664553618595,0.5795891831964348
2754,2856.0,2.301538,3936.0,1080.0,1080.2458070031932,0.5705229793977813,0.5792444862519903
2755,2858.0,2.30315,3936.0,1078.0,1079.6040895935305,0.5694664553618595,0.5789003874655203
2756,2858.0,2.30315,3936.0,1078.0,1078.9641151807245,0.5694664553618595,0.5785572233008858
2757,2848.0,2.295092,3936.0,1088.0,1078.336120385313,0.5747490755414686,0.5782204827921249
2758,2858.0,2.30315,3936.0,1078.0,1077.7008651364956,0.5694664553618595,0.5778798491161091
2759,2856.0,2.301538,3936.0,1080.0,1077.0692440361247,0.5705229793977813,0.5775411641266203
2760,2867.0,2.310403,3936.0,1069.0,1076.4514937047372,0.5647120972002113,0.5772099168576962
2761,2858.0,2.30315,3936.0,1078.0,1075.8379832132032,0.5694664553618595,0.5768809430563864
2762,2850.0,2.296703,3936.0,1086.0,1075.2293487553754,0.5736925515055468,0.5765545838596609
2763,2859.0,2.303956,3936.0,1077.0,1074.6262265251066,0.5689381933438986,0.5762311804044895
2764,2863.0,2.307179,3936.0,1073.0,1074.0292527162487,0.566825145272055,0.5759110738278418
2765,2863.0,2.307179,3936.0,1073.0,1073.439063522655,0.566825145272055,0.575594605266688
2766,2863.0,2.307179,3936.0,1073.0,1072.884464581874,0.566825145272055,0.5752972207487885
2767,2863.0,2.307179,3936.0,1073.0,1072.3346588824488,0.566825145272055,0.5750024064409363
2768,2874.0,2.316044,3936.0,1062.0,1071.7184389023016,0.561014263074485,0.5746719797699836
2769,2859.0,2.303956,3936.0,1077.0,1071.1036699670374,0.5689381933438986,0.5743423311717089
2770,2863.0,2.307179,3936.0,1073.0,1070.4909534105718,0.566825145272055,0.5740137830906452
2771,2863.0,2.307179,3936.0,1073.0,1069.8706234438366,0.566825145272055,0.5736811525814048
2772,2858.0,2.30315,3936.0,1078.0,1069.2528818274338,0.5694664553618595,0.5733499099855901
2773,2867.0,2.310403,3936.0,1069.0,1068.648588303277,0.5647120972002113,0.5730258784645452
2774,2874.0,2.316044,3936.0,1062.0,1068.0487350636124,0.561014263074485,0.5727042278926259
2775,2875.0,2.31685,3936.0,1061.0,1067.453923442355,0.560486001056524,0.5723852807143648
2776,2874.0,2.316044,3936.0,1062.0,1066.8647547734208,0.561014263074485,0.5720693593742956
2777,2872.0,2.314432,3936.0,1064.0,1066.2818303907252,0.5620707871104068,0.5717567863169514
2778,2875.0,2.31685,3936.0,1061.0,1065.705751628183,0.560486001056524,0.5714478839868649
2779,2874.0,2.316044,3936.0,1062.0,1065.1371198197103,0.561014263074485,0.5711429748285697
2780,2859.0,2.303956,3936.0,1077.0,1064.5765362992229,0.5689381933438986,0.570842381286599
2781,2874.0,2.316044,3936.0,1062.0,1064.0246024006356,0.561014263074485,0.5705464258054856
2782,2874.0,2.316044,3936.0,1062.0,1063.4819194578645,0.561014263074485,0.5702554308297633
2783,2874.0,2.316044,3936.0,1062.0,1062.9490888048244,0.561014263074485,0.5699697188039645
2784,2867.0,2.310403,3936.0,1069.0,1062.4267117754314,0.5647120972002113,0.5696896121726228
2785,2875.0,2.31685,3936.0,1061.0,1061.915389703601,0.560486001056524,0.5694154333802716
2786,2872.0,2.314432,3936.0,1064.0,1061.4157239232482,0.5620707871104068,0.5691475048714434
2787,2882.0,2.322491,3936.0,1054.0,1060.9283157682887,0.5567881669307977,0.5688861490906719
2788,2882.0,2.322491,3936.0,1054.0,1060.443499449655,0.5567881669307977,0.5686261830925694
2789,2882.0,2.322491,3936.0,1054.0,1059.971476727948,0.5567881669307977,0.5683730772187378
2790,2874.0,2.316044,3936.0,1062.0,1059.5512767887783,0.561014263074485,0.5681477595213124
2791,2874.0,2.316044,3936.0,1062.0,1059.142458619082,0.561014263074485,0.5679285449044714
2792,2875.0,2.31685,3936.0,1061.0,1058.870568539436,0.560486001056524,0.5677827532443877
2793,2874.0,2.316044,3936.0,1062.0,1058.6028747247217,0.561014263074485,0.5676392116863721
2794,2882.0,2.322491,3936.0,1054.0,1058.3401179486034,0.5567881669307977,0.5674983174447049
2795,2875.0,2.31685,3936.0,1061.0,1058.0830389847451,0.560486001056524,0.5673604677336661
2796,2875.0,2.31685,3936.0,1061.0,1057.8323786068113,0.560486001056524,0.5672260597675358
2797,2875.0,2.31685,3936.0,1061.0,1057.5888775884657,0.560486001056524,0.5670954907605941
2798,2882.0,2.322491,3936.0,1054.0,1057.312208211439,0.5567881669307977,0.5669471363674379
2799,2882.0,2.322491,3936.0,1054.0,1057.041512956138,0.5567881669307977,0.5668019853906221
2800,2883.0,2.323297,3936.0,1053.0,1056.7364292443563,0.5562599049128367,0.5666383947923072
2801,2882.0,2.322491,3936.0,1054.0,1056.4360646965638,0.5567881669307977,0.5664773346826113
2802,2883.0,2.323297,3936.0,1053.0,1056.0692205056673,0.5562599049128367,0.5662806271614964
2803,2882.0,2.322491,3936.0,1054.0,1055.7037707122558,0.5567881669307977,0.5660846673378497
2804,2890.0,2.328938,3936.0,1046.0,1055.3403253652295,0.5525620707871104,0.5658897823293135
2805,2875.0,2.31685,3936.0,1061.0,1054.9178917755887,0.560486001056524,0.5656632669140065
2806,2891.0,2.329744,3936.0,1045.0,1054.4946825523466,0.5520338087691495,0.5654363355919826
2807,2882.0,2.322491,3936.0,1054.0,1054.090473737837,0.5567881669307977,0.5652195925825849
2808,2883.0,2.323297,3936.0,1053.0,1053.6853062750565,0.5562599049128367,0.5650023355311778
2809,2890.0,2.328938,3936.0,1046.0,1053.2797553529672,0.5525620707871104,0.5647848728629669
2810,2888.0,2.327326,3936.0,1048.0,1052.8743961605328,0.5536185948230322,0.5645675130031581
2811,2882.0,2.322491,3936.0,1054.0,1052.4698038867148,0.5567881669307977,0.5643505643769566
2812,2875.0,2.31685,3936.0,1061.0,1052.0665537204766,0.560486001056524,0.5641343354095685
2813,2874.0,2.316044,3936.0,1062.0,1051.6652208507803,0.561014263074485,0.563919134526199
2814,2882.0,2.322491,3936.0,1054.0,1051.266380466589,0.5567881669307977,0.5637052701520541
2815,2874.0,2.316044,3936.0,1062.0,1050.9322104947644,0.561014263074485,0.563526083051863
2816,2890.0,2.328938,3936.0,1046.0,1050.6056835641557,0.5525620707871104,0.5633509942684198
2817,2891.0,2.329744,3936.0,1045.0,1050.2874271536311,0.5520338087691495,0.5631803402655849
2818,2891.0,2.329744,3936.0,1045.0,1049.9164660041597,0.5520338087691495,0.5629814251676952
2819,2890.0,2.328938,3936.0,1046.0,1049.551030154723,0.5525620707871104,0.5627854728210231
2820,2890.0,2.328938,3936.0,1046.0,1049.1916947942843,0.5525620707871104,0.5625927916507745
2821,2888.0,2.327326,3936.0,1048.0,1048.8185008658397,0.5536185948230322,0.5623926793023137
2822,2888.0,2.327326,3936.0,1048.0,1048.451224411723,0.5536185948230322,0.5621957399949837
2823,2890.0,2.328938,3936.0,1046.0,1048.1000323325977,0.5525620707871104,0.5620074253779496
2824,2890.0,2.328938,3936.0,1046.0,1047.7552239794595,0.5525620707871104,0.561822533813387
2825,2875.0,2.31685,3936.0,1061.0,1047.335228842421,0.560486001056524,0.5615973259340274
2826,2890.0,2.328938,3936.0,1046.0,1046.9174168089448,0.5525620707871104,0.5613732886685164
2827,2882.0,2.322491,3936.0,1054.0,1046.5022846331358,0.5567881669307977,0.5611506883840772
2828,2895.0,2.332967,3936.0,1041.0,1046.1383747774473,0.5499207606973059,0.560955554298822
2829,2899.0,2.33619,3936.0,1037.0,1045.7748919559886,0.5478077126254622,0.5607606491959164
2830,2890.0,2.328938,3936.0,1046.0,1045.412376497785,0.5525620707871104,0.5605662628081294
2831,2890.0,2.328938,3936.0,1046.0,1045.0513687318628,0.5525620707871104,0.56037268486823
2832,2895.0,2.332967,3936.0,1041.0,1044.644363278897,0.5499207606973059,0.5601544422580975
2833,2891.0,2.329744,3936.0,1045.0,1044.2431925079084,0.5520338087691495,0.5599393282945587
2834,2883.0,2.323297,3936.0,1053.0,1043.848353173001,0.5562599049128367,0.5597276093448366
2835,2890.0,2.328938,3936.0,1046.0,1043.508387736629,0.5525620707871104,0.5595453146270436
2836,2891.0,2.329744,3936.0,1045.0,1043.1244552045512,0.5520338087691495,0.5593394440734556
2837,2890.0,2.328938,3936.0,1046.0,1042.7483879457882,0.5525620707871104,0.5591377910008992
2838,2904.0,2.34022,3936.0,1032.0,1042.3704155914616,0.5451664025356577,0.5589351163866771
2839,2895.0,2.332967,3936.0,1041.0,1041.9595668304273,0.5499207606973059,0.558714812935398
2840,2904.0,2.34022,3936.0,1032.0,1041.554731408548,0.5451664025356577,0.5584977339294507
2841,2891.0,2.329744,3936.0,1045.0,1041.204408213356,0.5520338087691495,0.5583098852214013
2842,2895.0,2.332967,3936.0,1041.0,1040.8769766673788,0.5499207606973059,0.5581343113692256
2843,2883.0,2.323297,3936.0,1053.0,1040.5524167087228,0.5562599049128367,0.5579602773065236
2844,2890.0,2.328938,3936.0,1046.0,1040.2312425214607,0.5525620707871104,0.5577880587467365
2845,2912.0,2.346667,3936.0,1024.0,1039.9139682896644,0.5409403063919704,0.5576179314033056
2846,2904.0,2.34022,3936.0,1032.0,1039.6107173390774,0.5451664025356577,0.5574553235598506
2847,2891.0,2.329744,3936.0,1045.0,1039.311745445773,0.5520338087691495,0.5572950102130011
2848,2899.0,2.33619,3936.0,1037.0,1038.9765070168755,0.5478077126254622,0.557115250189625
2849,2912.0,2.346667,3936.0,1024.0,1038.6439266581845,0.5409403063919704,0.556936915464548
2850,2891.0,2.329744,3936.0,1045.0,1038.253547652233,0.5520338087691495,0.5567275882121024
2851,2895.0,2.332967,3936.0,1041.0,1037.843584333602,0.5499207606973059,0.5565077595487157
2852,2890.0,2.328938,3936.0,1046.0,1037.414455021537,0.5525620707871104,0.5562776537836285
2853,2891.0,2.329744,3936.0,1045.0,1037.0063131346208,0.5520338087691495,0.5560588018000595
2854,2895.0,2.332967,3936.0,1041.0,1036.5990427461325,0.5499207606973059,0.5558404171274081
2855,2912.0,2.346667,3936.0,1024.0,1036.1930621753188,0.5409403063919704,0.5556227240749151
2856,2899.0,2.33619,3936.0,1037.0,1035.7983988830938,0.5478077126254622,0.5554110995219982
2857,2895.0,2.332967,3936.0,1041.0,1035.405212780705,0.5499207606973059,0.5552002670610868
2858,2895.0,2.332967,3936.0,1041.0,1035.0139309023816,0.5499207606973059,0.5549904556745304
2859,2883.0,2.323297,3936.0,1053.0,1034.624980282354,0.5562599049128367,0.5547818943446787
2860,2895.0,2.332967,3936.0,1041.0,1034.2387879548521,0.5499207606973059,0.5545748120538815
2861,2899.0,2.33619,3936.0,1037.0,1033.8557809541053,0.5478077126254622,0.5543694377844881
2862,2899.0,2.33619,3936.0,1037.0,1033.4763863143435,0.5478077126254622,0.5541660005188483
2863,2890.0,2.328938,3936.0,1046.0,1033.1010310697966,0.5525620707871104,0.5539647292393118
2864,2895.0,2.332967,3936.0,1041.0,1032.7198751317114,0.5499207606973059,0.5537603475383075
2865,2891.0,2.329744,3936.0,1045.0,1032.3429459610031,0.5520338087691495,0.5535582322952537
2866,2891.0,2.329744,3936.0,1045.0,1031.9706618769173,0.5520338087691495,0.5533586078193908
2867,2912.0,2.346667,3936.0,1024.0,1031.6034411987,0.5409403063919704,0.5531616984199597
2868,2915.0,2.349084,3936.0,1021.0,1031.2417022455961,0.5393555203380876,0.5529677284062001
2869,2912.0,2.346667,3936.0,1024.0,1030.9242999035314,0.5409403063919704,0.5527975323680646
2870,2912.0,2.346667,3936.0,1024.0,1030.6106188597548,0.5409403063919704,0.5526293317475471
2871,2914.0,2.348278,3936.0,1022.0,1030.4068128518193,0.5398837823560486,0.5525200478182818
2872,2912.0,2.346667,3936.0,1024.0,1030.200492570918,0.5409403063919704,0.552409415697019
2873,2895.0,2.332967,3936.0,1041.0,1029.8146366418089,0.5499207606973059,0.5522025137882357
2874,2912.0,2.346667,3936.0,1024.0,1029.4298395832902,0.5409403063919704,0.5519961796622175
2875,2912.0,2.346667,3936.0,1024.0,1029.046493569655,0.5409403063919704,0.5517906236088772
2876,2895.0,2.332967,3936.0,1041.0,1028.6265542085155,0.5499207606973059,0.5515654456374163
2877,2912.0,2.346667,3936.0,1024.0,1028.2498838728404,0.5409403063919704,0.551363469185705
2878,2912.0,2.346667,3936.0,1024.0,1027.8373696783099,0.5409403063919704,0.5511422727032623
2879,2912.0,2.346667,3936.0,1024.0,1027.4304374312123,0.5409403063919704,0.5509240693472472
2880,2914.0,2.348278,3936.0,1022.0,1027.0191773229196,0.5398837823560486,0.5507035453252148
2881,2914.0,2.348278,3936.0,1022.0,1026.6519836611533,0.5398837823560486,0.5505066504124219
2882,2915.0,2.349084,3936.0,1021.0,1026.2497348466093,0.5393555203380876,0.5502909583852782
2883,2899.0,2.33619,3936.0,1037.0,1025.8538479705915,0.5478077126254622,0.5500786777278331
2884,2914.0,2.348278,3936.0,1022.0,1025.464671632471,0.5398837823560486,0.5498699953644539
2885,2895.0,2.332967,3936.0,1041.0,1025.0928215546023,0.5499207606973059,0.5496706036094279
2886,2915.0,2.349084,3936.0,1021.0,1024.7290459096719,0.5393555203380876,0.5494755414900541
2887,2927.0,2.358755,3936.0,1009.0,1024.4505751453937,0.5330163761225568,0.549326221165231
2888,2912.0,2.346667,3936.0,1024.0,1024.098826178773,0.5409403063919704,0.5491376079365204
2889,2912.0,2.346667,3936.0,1024.0,1023.7562933080313,0.5409403063919704,0.5489539365207641
2890,2923.0,2.355531,3936.0,1013.0,1023.4233338475236,0.5351294241944005,0.5487753985154377
2891,2914.0,2.348278,3936.0,1022.0,1023.1003051116057,0.5398837823560486,0.5486021855180178
2892,2914.0,2.348278,3936.0,1022.0,1022.7054274307678,0.5398837823560486,0.5483904460066154
2893,2912.0,2.346667,3936.0,1024.0,1022.3542980995296,0.5409403063919704,0.5482021650359673
2894,2914.0,2.348278,3936.0,1022.0,1022.044607647056,0.5398837823560486,0.5480361042321416
2895,2914.0,2.348278,3936.0,1022.0,1021.8029088874599,0.5398837823560486,0.5479065016241774
2896,2922.0,2.354725,3936.0,1014.0,1021.4904862874141,0.5356576862123613,0.5477389758006252
2897,2912.0,2.346667,3936.0,1024.0,1021.2468310138462,0.5409403063919704,0.5476083240796508
2898,2895.0,2.332967,3936.0,1041.0,1021.0004915251199,0.5499207606973059,0.5474762330410503
2899,2915.0,2.349084,3936.0,1021.0,1020.7518861404791,0.5393555203380876,0.5473429269940634
2900,2920.0,2.353114,3936.0,1016.0,1020.5014331791714,0.5367142102482831,0.5472086302479316
2901,2915.0,2.349084,3936.0,1021.0,1020.2495509604408,0.5393555203380876,0.5470735671118948
2902,2922.0,2.354725,3936.0,1014.0,1019.9966578035336,0.5356576862123613,0.5469379618951934
2903,2912.0,2.346667,3936.0,1024.0,1019.7431720276953,0.5409403063919704,0.5468020389070682
2904,2920.0,2.353114,3936.0,1016.0,1019.4702936688312,0.5367142102482831,0.5466557173164035
2905,2912.0,2.346667,3936.0,1024.0,1019.1989578621855,0.5409403063919704,0.5465102228660633
2906,2922.0,2.354725,3936.0,1014.0,1018.9295654970346,0.5356576862123613,0.5463657705190693
2907,2922.0,2.354725,3936.0,1014.0,1018.5760351876265,0.5356576862123613,0.5461762021068431
2908,2912.0,2.346667,3936.0,1024.0,1018.3073086472747,0.5409403063919704,0.5460321067853902
2909,2927.0,2.358755,3936.0,1009.0,1017.9647679330471,0.5330163761225568,0.5458484311638355
2910,2915.0,2.349084,3936.0,1021.0,1017.6315304645407,0.5393555203380876,0.5456697440863263
2911,2912.0,2.346667,3936.0,1024.0,1017.336088139871,0.5409403063919704,0.5455113233486933
2912,2915.0,2.349084,3936.0,1021.0,1017.0473302081459,0.5393555203380876,0.5453564868857985
2913,2922.0,2.354725,3936.0,1014.0,1016.7656052687366,0.5356576862123613,0.545205421622009
2914,2920.0,2.353114,3936.0,1016.0,1016.5393076293645,0.5367142102482831,0.5450840773325812
2915,2915.0,2.349084,3936.0,1021.0,1016.3174938494059,0.5393555203380876,0.5449651373578247
2916,2922.0,2.354725,3936.0,1014.0,1016.1293835281627,0.5356576862123613,0.5448642696981858
2917,2915.0,2.349084,3936.0,1021.0,1015.9035251239985,0.5393555203380876,0.5447431609334605
2918,2915.0,2.349084,3936.0,1021.0,1015.6787386629011,0.5393555203380876,0.544622626961164
2919,2922.0,2.354725,3936.0,1014.0,1015.4554076041783,0.5356576862123613,0.5445028733980996
2920,2938.0,2.367619,3936.0,998.0,1015.2339154071398,0.5272054939249868,0.5443841058610718
2921,2927.0,2.358755,3936.0,1009.0,1015.0530820977726,0.5330163761225568,0.5442871402475952
2922,2931.0,2.361978,3936.0,1005.0,1014.8722575033896,0.5309033280507132,0.5441901793072276
2923,2914.0,2.348278,3936.0,1022.0,1014.6534233765568,0.5398837823560486,0.5440728370684983
2924,2927.0,2.358755,3936.0,1009.0,1014.4284225268458,0.5330163761225568,0.543952188137716
2925,2923.0,2.355531,3936.0,1013.0,1014.2078968215641,0.5351294241944005,0.5438339388484957
2926,2914.0,2.348278,3936.0,1022.0,1013.992221005035,0.5398837823560486,0.5437182901445318
2927,2914.0,2.348278,3936.0,1022.0,1013.7913789632538,0.5398837823560486,0.5436105955396973
2928,2922.0,2.354725,3936.0,1014.0,1013.5954870325447,0.5356576862123613,0.5435055552608747
2929,2920.0,2.353114,3936.0,1016.0,1013.4049286722168,0.5367142102482831,0.5434033749248682
2930,2923.0,2.355531,3936.0,1013.0,1013.2200873415784,0.5351294241944005,0.5433042601484815
2931,2915.0,2.349084,3936.0,1021.0,1013.0413464999376,0.5393555203380876,0.5432084165485183
2932,2923.0,2.355531,3936.0,1013.0,1012.869089606603,0.5351294241944005,0.5431160497417822
2933,2923.0,2.355531,3936.0,1013.0,1012.7037001208826,0.5351294241944005,0.5430273653450768
2934,2927.0,2.358755,3936.0,1009.0,1012.4686883687265,0.5330163761225568,0.5429013484137836
2935,2923.0,2.355531,3936.0,1013.0,1012.2465050734338,0.5351294241944005,0.5427822102991978
2936,2915.0,2.349084,3936.0,1021.0,1012.0374639744396,0.5393555203380876,0.5426701192332501
2937,2914.0,2.348278,3936.0,1022.0,1011.8418788111774,0.5398837823560486,0.5425652434478707
2938,2923.0,2.355531,3936.0,1013.0,1011.6600633230817,0.5351294241944005,0.5424677511749899
2939,2923.0,2.355531,3936.0,1013.0,1011.4923312495864,0.5351294241944005,0.5423778106465381
2940,2923.0,2.355531,3936.0,1013.0,1011.3389963301261,0.5351294241944005,0.5422955900944457
2941,2922.0,2.354725,3936.0,1014.0,1011.1593038122016,0.5356576862123613,0.5421992361909603
2942,2923.0,2.355531,3936.0,1013.0,1011.0592331336792,0.5351294241944005,0.5421455767475319
2943,2939.0,2.368425,3936.0,997.0,1010.8337817192809,0.5266772319070259,0.5420246862170052
2944,2927.0,2.358755,3936.0,1009.0,1010.6080950003067,0.5330163761225568,0.5419036695125306
2945,2938.0,2.367619,3936.0,998.0,1010.3823995663485,0.5272054939249868,0.5417826481349468
2946,2927.0,2.358755,3936.0,1009.0,1010.156922006997,0.5330163761225568,0.5416617435850923
2947,2923.0,2.355531,3936.0,1013.0,1009.9318889118443,0.5351294241944005,0.5415410773638061
2948,2938.0,2.367619,3936.0,998.0,1009.707526870481,0.5272054939249868,0.5414207709719262
2949,2939.0,2.368425,3936.0,997.0,1009.4840624724992,0.5266772319070259,0.5413009459102917
2950,2938.0,2.367619,3936.0,998.0,1009.2713314491597,0.5272054939249868,0.5411868762499187
2951,2915.0,2.349084,3936.0,1021.0,1009.0593019820544,0.5393555203380876,0.5410731827748342
2952,2927.0,2.358755,3936.0,1009.0,1008.8482093757602,0.5330163761225568,0.5409599916589866
2953,2923.0,2.355531,3936.0,1013.0,1008.6382889348517,0.5351294241944005,0.5408474290763229
2954,2923.0,2.355531,3936.0,1013.0,1008.4297759639048,0.5351294241944005,0.5407356212007912
2955,2915.0,2.349084,3936.0,1021.0,1008.2229057674954,0.5393555203380876,0.5406246942063394
2956,2938.0,2.367619,3936.0,998.0,1008.0563502168783,0.5272054939249868,0.5405353845476264
2957,2923.0,2.355531,3936.0,1013.0,1007.8508744179538,0.5351294241944005,0.5404252052506427
2958,2939.0,2.368425,3936.0,997.0,1007.6656844879438,0.5266772319070259,0.5403259035498889
2959,2931.0,2.361978,3936.0,1005.0,1007.4407463861197,0.5309033280507132,0.5402052882654925
2960,2931.0,2.361978,3936.0,1005.0,1007.2557830457007,0.5309033280507132,0.540106108065577
2961,2923.0,2.355531,3936.0,1013.0,1007.0315421426195,0.5351294241944005,0.539985866629915
2962,2923.0,2.355531,3936.0,1013.0,1006.809310043415,0.5351294241944005,0.5398667023459178
2963,2923.0,2.355531,3936.0,1013.0,1006.5893046226947,0.5351294241944005,0.5397487320413153
2964,2923.0,2.355531,3936.0,1013.0,1006.3717437550658,0.5351294241944005,0.5396320725438368
2965,2931.0,2.361978,3936.0,1005.0,1006.1568453151351,0.5309033280507132,0.5395168406812116
2966,2938.0,2.367619,3936.0,998.0,1005.9448271775102,0.5272054939249868,0.5394031532811695
2967,2923.0,2.355531,3936.0,1013.0,1005.7359072167972,0.5351294241944005,0.5392911271714392
2968,2923.0,2.355531,3936.0,1013.0,1005.5303033076038,0.5351294241944005,0.5391808791797507
2969,2923.0,2.355531,3936.0,1013.0,1005.328233324537,0.5351294241944005,0.539072526133833
2970,2938.0,2.367619,3936.0,998.0,1005.1299151422038,0.5272054939249868,0.5389661848614159
2971,2938.0,2.367619,3936.0,998.0,1004.9740032018912,0.5272054939249868,0.5388825824709401
2972,2927.0,2.358755,3936.0,1009.0,1004.7812451795302,0.5330163761225568,0.5387792226421774
2973,2939.0,2.368425,3936.0,997.0,1004.5929274416612,0.5266772319070259,0.5386782437625401
2974,2943.0,2.371648,3936.0,993.0,1004.3990007399079,0.5245641838351822,0.5385742572698369
2975,2931.0,2.361978,3936.0,1005.0,1004.2092833755632,0.5309033280507132,0.5384725278888659
2976,2938.0,2.367619,3936.0,998.0,1004.0239845082497,0.5272054939249868,0.5383731677742474
2977,2938.0,2.367619,3936.0,998.0,1003.8433132975904,0.5272054939249868,0.5382762890806014
2978,2927.0,2.358755,3936.0,1009.0,1003.6674789032074,0.5330163761225568,0.5381820039625482
2979,2939.0,2.368425,3936.0,997.0,1003.4453548698082,0.5266772319070259,0.5380628976251051
2980,2936.0,2.366007,3936.0,1000.0,1003.2251524904432,0.5282620179609087,0.5379448217082351
2981,2923.0,2.355531,3936.0,1013.0,1003.0070373498138,0.5351294241944005,0.537827865001013
2982,2954.0,2.380513,3936.0,982.0,1002.7911750326216,0.5187533016376122,0.537712116292513
2983,2927.0,2.358755,3936.0,1009.0,1002.629066738484,0.5330163761225568,0.5376251913214127
2984,2923.0,2.355531,3936.0,1013.0,1002.4728759186739,0.5351294241944005,0.537541439391443
2985,2938.0,2.367619,3936.0,998.0,1002.3228117328149,0.5272054939249868,0.5374609726572246
2986,2927.0,2.358755,3936.0,1009.0,1002.1950117173022,0.5330163761225568,0.5373924443150189
2987,2939.0,2.368425,3936.0,997.0,1002.1172139241106,0.5266772319070259,0.5373507279367125
2988,2927.0,2.358755,3936.0,1009.0,1002.0416428094031,0.5330163761225568,0.5373102055378006
2989,2931.0,2.361978,3936.0,1005.0,1001.9685685376924,0.5309033280507132,0.5372710219846677
2990,2939.0,2.368425,3936.0,997.0,1001.8982612734915,0.5266772319070259,0.5372333221436983
2991,2931.0,2.361978,3936.0,1005.0,1001.7637271896239,0.5309033280507132,0.5371611828900321
2992,2936.0,2.366007,3936.0,1000.0,1001.6529736833677,0.5282620179609087,0.5371017951493753
2993,2947.0,2.374872,3936.0,989.0,1001.4546049541257,0.5224511357633386,0.5369954267729249
2994,2943.0,2.371648,3936.0,993.0,1001.2598573008528,0.5245641838351822,0.5368910000733371
2995,2946.0,2.374066,3936.0,990.0,1001.0688788782827,0.5229793977812995,0.5367885944934685
2996,2943.0,2.371648,3936.0,993.0,1000.881817841147,0.5245641838351822,0.5366882894761744
2997,2927.0,2.358755,3936.0,1009.0,1000.6885552211963,0.5330163761225568,0.5365846590743906
2998,2938.0,2.367619,3936.0,998.0,1000.4988395998487,0.5272054939249868,0.5364829306280414
2999,2939.0,2.368425,3936.0,997.0,1000.312810416852,0.5266772319070259,0.5363831789068737
3000,2954.0,2.380513,3936.0,982.0,1000.1306071119559,0.5187533016376122,0.5362854786806347
3001,2936.0,2.366007,3936.0,1000.0,999.9626362478914,0.5282620179609087,0.5361954101089915
3002,2923.0,2.355531,3936.0,1013.0,999.7994368377215,0.5351294241944005,0.5361079000646223
3003,2938.0,2.367619,3936.0,998.0,999.6616912821455,0.5272054939249868,0.5360340387702245
3004,2943.0,2.371648,3936.0,993.0,999.5482492032382,0.5245641838351822,0.5359732093753867
3005,2939.0,2.368425,3936.0,997.0,999.4374434070767,0.5266772319070259,0.5359137935960749
3006,2939.0,2.368425,3936.0,997.0,999.2910203416506,0.5266772319070259,0.5358352792868702
3007,2939.0,2.368425,3936.0,997.0,999.1783660973225,0.5266772319070259,0.5357748723411021
3008,2927.0,2.358755,3936.0,1009.0,999.0681956235151,0.5330163761225568,0.5357157972314492
3009,2939.0,2.368425,3936.0,997.0,998.9606832199136,0.5266772319070259,0.5356581474200951
3010,2931.0,2.361978,3936.0,1005.0,998.8848306112138,0.5309033280507132,0.5356174740797569
3011,2931.0,2.361978,3936.0,1005.0,998.8100368731042,0.5309033280507132,0.5355773685221835
3012,2923.0,2.355531,3936.0,1013.0,998.7365024502235,0.5351294241944005,0.5355379382288862
3013,2927.0,2.358755,3936.0,1009.0,998.6644277872103,0.5330163761225568,0.5354992906813759
3014,2947.0,2.374872,3936.0,989.0,998.5940133287029,0.5224511357633386,0.5354615333611638
3015,2927.0,2.358755,3936.0,1009.0,998.5254595193396,0.5330163761225568,0.5354247737497607
3016,2938.0,2.367619,3936.0,998.0,998.458966803759,0.5272054939249868,0.5353891193286777
3017,2927.0,2.358755,3936.0,1009.0,998.3947356265999,0.5330163761225568,0.5353546775794261
3018,2938.0,2.367619,3936.0,998.0,998.3425755741706,0.5272054939249868,0.5353267085536948
3019,2931.0,2.361978,3936.0,1005.0,998.2924286831105,0.5309033280507132,0.5352998190161832
3020,2938.0,2.367619,3936.0,998.0,998.2034356211095,0.5272054939249868,0.5352520995618287
3021,2938.0,2.367619,3936.0,998.0,998.1142072545329,0.5272054939249868,0.5352042539335267
3022,2927.0,2.358755,3936.0,1009.0,997.9792435219401,0.5330163761225568,0.535131884295578
3023,2954.0,2.380513,3936.0,982.0,997.8325145605659,0.5187533016376122,0.5350532059602413
3024,2938.0,2.367619,3936.0,998.0,997.7870981629743,0.5272054939249868,0.5350288529863906
3025,2939.0,2.368425,3936.0,997.0,997.6702650836829,0.5266772319070259,0.5349662052847723
3026,2938.0,2.367619,3936.0,998.0,997.5540594832595,0.5272054939249868,0.5349038940470148
3027,2943.0,2.371648,3936.0,993.0,997.4797241533233,0.5245641838351822,0.5348640342949842
3028,2939.0,2.368425,3936.0,997.0,997.3679631948842,0.5266772319070259,0.5348041063429065
3029,2954.0,2.380513,3936.0,982.0,997.2984559662405,0.5187533016376122,0.5347668354933596
3030,2938.0,2.367619,3936.0,998.0,997.2329750603353,0.5272054939249868,0.5347317236202521
3031,2943.0,2.371648,3936.0,993.0,997.1621204951215,0.5245641838351822,0.5346937303080266
3032,2938.0,2.367619,3936.0,998.0,997.064900487958,0.5272054939249868,0.5346415994386098
3033,2954.0,2.380513,3936.0,982.0,997.0107272741593,0.5187533016376122,0.5346125509246586
3034,2939.0,2.368425,3936.0,997.0,996.9517643049988,0.5266772319070259,0.534580934069904
3035,2943.0,2.371648,3936.0,993.0,996.9080882897684,0.5245641838351822,0.5345575143159558
3036,2938.0,2.367619,3936.0,998.0,996.8600321234377,0.5272054939249868,0.5345317458573355
3037,2943.0,2.371648,3936.0,993.0,996.8276725152986,0.5245641838351822,0.5345143941356529
3038,2939.0,2.368425,3936.0,997.0,996.7188145181235,0.5266772319070259,0.5344560227962418
3039,2943.0,2.371648,3936.0,993.0,996.6926076888878,0.5245641838351822,0.5344419702896378
3040,2938.0,2.367619,3936.0,998.0,996.6723880538539,0.5272054939249868,0.5344311282090376
3041,2923.0,2.355531,3936.0,1013.0,996.658364772645,0.5351294241944005,0.534423608709062
3042,2954.0,2.380513,3936.0,982.0,996.6507470048837,0.5187533016376122,0.534419523944331
3043,2938.0,2.367619,3936.0,998.0,996.6497439101929,0.5272054939249868,0.5344189860694649
3044,2939.0,2.368425,3936.0,997.0,996.614496156262,0.5266772319070259,0.534400085679401
3045,2943.0,2.371648,3936.0,993.0,996.5425461175239,0.5245641838351822,0.5343615049573519
3046,2943.0,2.371648,3936.0,993.0,996.400599939524,0.5245641838351822,0.5342853912243313
3047,2939.0,2.368425,3936.0,997.0,996.3278699096925,0.5266772319070259,0.5342463922590108
3048,2946.0,2.374066,3936.0,990.0,996.1853616152064,0.5229793977812995,0.5341699771104482
3049,2938.0,2.367619,3936.0,998.0,996.0404174826128,0.5272054939249868,0.5340922558278706
3050,2947.0,2.374872,3936.0,989.0,995.8931159467713,0.5224511357633386,0.5340132704692611
3051,2938.0,2.367619,3936.0,998.0,995.7435354425397,0.5272054939249868,0.5339330630926017
3052,2938.0,2.367619,3936.0,998.0,995.5917544047768,0.5272054939249868,0.5338516757558753
3053,2939.0,2.368425,3936.0,997.0,995.4378512683411,0.5266772319070259,0.5337691505170646
3054,2946.0,2.374066,3936.0,990.0,995.2819044680912,0.5229793977812995,0.533685529434152
3055,2947.0,2.374872,3936.0,989.0,995.144526684852,0.5224511357633386,0.5336118653449614
3056,2939.0,2.368425,3936.0,997.0,995.0065955001107,0.5266772319070259,0.533537904513338
3057,2939.0,2.368425,3936.0,997.0,994.8682067786949,0.5266772319070259,0.5334636983434832
3058,2931.0,2.361978,3936.0,1005.0,994.8218604922806,0.5309033280507132,0.5334388467488834
3059,2947.0,2.374872,3936.0,989.0,994.6888445586749,0.5224511357633386,0.5333675215508356
3060,2939.0,2.368425,3936.0,997.0,994.6481412245832,0.5266772319070259,0.5333456957944274
3061,2952.0,2.378901,3936.0,984.0,994.6134425146622,0.5198098256735341,0.5333270898102417
3062,2939.0,2.368425,3936.0,997.0,994.6111182283541,0.5266772319070259,0.5333258434920244
3063,2946.0,2.374066,3936.0,990.0,994.6079355160941,0.5229793977812995,0.5333241368725531
3064,2946.0,2.374066,3936.0,990.0,994.6040948225208,0.5229793977812995,0.533322077433339
3065,2954.0,2.380513,3936.0,982.0,994.5484609773562,0.5187533016376122,0.5332922457062899
3066,2954.0,2.380513,3936.0,982.0,994.4892365586675,0.5187533016376122,0.5332604886582601
3067,2927.0,2.358755,3936.0,1009.0,994.3957770672218,0.5330163761225568,0.533210374235453
3068,2938.0,2.367619,3936.0,998.0,994.2970406527927,0.5272054939249868,0.5331574302450394
3069,2939.0,2.368425,3936.0,997.0,994.1931580401449,0.5266772319070259,0.5331017267836571
3070,2938.0,2.367619,3936.0,998.0,994.0842599540429,0.5272054939249868,0.5330433339479441
3071,2947.0,2.374872,3936.0,989.0,993.9704771192503,0.5224511357633386,0.5329823218345376
3072,2939.0,2.368425,3936.0,997.0,993.8108717685984,0.5266772319070259,0.5328967389803928
3073,2936.0,2.366007,3936.0,1000.0,993.576712341905,0.5282620179609087,0.532771179079177
3074,2939.0,2.368425,3936.0,997.0,993.448236043612,0.5266772319070259,0.5327022881036991
3075,2947.0,2.374872,3936.0,989.0,993.3063160105647,0.5224511357633386,0.5326261883900059
3076,2947.0,2.374872,3936.0,989.0,993.1619993568398,0.5224511357633386,0.5325488035712891
3077,2939.0,2.368425,3936.0,997.0,993.0346263755572,0.5266772319070259,0.5324805042114331
3078,2939.0,2.368425,3936.0,997.0,992.8743168541755,0.5266772319070259,0.5323945437700668
3079,2943.0,2.371648,3936.0,993.0,992.7113274751267,0.5245641838351822,0.5323071463476288
3080,2938.0,2.367619,3936.0,998.0,992.5457715332069,0.5272054939249868,0.5322183726945383
3081,2939.0,2.368425,3936.0,997.0,992.3777623232115,0.5266772319070259,0.5321282835612147
3082,2954.0,2.380513,3936.0,982.0,992.2074131399365,0.5187533016376122,0.5320369396980773
3083,2954.0,2.380513,3936.0,982.0,992.0348372781768,0.5187533016376122,0.5319444018555451
3084,2943.0,2.371648,3936.0,993.0,991.8601480327291,0.5245641838351822,0.531850730784038
3085,2939.0,2.368425,3936.0,997.0,991.7655956822543,0.5266772319070259,0.5318000303533401
3086,2946.0,2.374066,3936.0,990.0,991.6744901080631,0.5229793977812995,0.5317511781373213
3087,2947.0,2.374872,3936.0,989.0,991.6158417498356,0.5224511357633386,0.5317197299818082
3088,2939.0,2.368425,3936.0,997.0,991.5590583982444,0.5266772319070259,0.5316892818716588
3089,2946.0,2.374066,3936.0,990.0,991.5043492129123,0.5229793977812995,0.5316599459614932
3090,2947.0,2.374872,3936.0,989.0,991.4519233534621,0.5224511357633386,0.5316318344059319
3091,2947.0,2.374872,3936.0,989.0,991.401989979517,0.5224511357633386,0.531605059359595
3092,2938.0,2.367619,3936.0,998.0,991.3547582506993,0.5272054939249868,0.5315797329771028
3093,2939.0,2.368425,3936.0,997.0,991.2385674657493,0.5266772319070259,0.5315174296836308
3094,2943.0,2.371648,3936.0,993.0,991.1208297710892,0.5245641838351822,0.53145429691328
3095,2954.0,2.380513,3936.0,982.0,991.0016933214519,0.5187533016376122,0.5313904141089065
3096,2954.0,2.380513,3936.0,982.0,990.8813062715698,0.5187533016376122,0.5313258607133662
3097,2955.0,2.381319,3936.0,981.0,990.7598167761761,0.5182250396196514,0.531260716169515
3098,2947.0,2.374872,3936.0,989.0,990.6373729900037,0.5224511357633386,0.5311950599202092
3099,2954.0,2.380513,3936.0,982.0,990.5141230677849,0.5187533016376122,0.5311289714083044
3100,2947.0,2.374872,3936.0,989.0,990.3902151642527,0.5224511357633386,0.5310625300766568
3101,2955.0,2.381319,3936.0,981.0,990.2555303111568,0.5182250396196514,0.5309903099782017
3102,2943.0,2.371648,3936.0,993.0,990.1198170899157,0.5245641838351822,0.5309175384528639
3103,2943.0,2.371648,3936.0,993.0,989.9832149402777,0.5245641838351822,0.53084429027039
3104,2947.0,2.374872,3936.0,989.0,989.8362541603212,0.5224511357633386,0.530765487630349
3105,2946.0,2.374066,3936.0,990.0,989.6893325977945,0.5229793977812995,0.5306867060192996
3106,2954.0,2.380513,3936.0,982.0,989.5425809774608,0.5187533016376122,0.5306080155338788
3107,2946.0,2.374066,3936.0,990.0,989.3646706738222,0.5229793977812995,0.53051261728122
3108,2954.0,2.380513,3936.0,982.0,989.2153350606488,0.5187533016376122,0.5304325412189285
3109,2954.0,2.380513,3936.0,982.0,989.0254669270762,0.5187533016376122,0.5303307309931689
3110,2939.0,2.368425,3936.0,997.0,988.8842763382133,0.5266772319070259,0.5302550224187136
3111,2947.0,2.374872,3936.0,989.0,988.7021305522132,0.5224511357633386,0.530157353034995
3112,2943.0,2.371648,3936.0,993.0,988.5586392074997,0.5245641838351822,0.5300804107597171
3113,2946.0,2.374066,3936.0,990.0,988.415505177142,0.5229793977812995,0.5300036600819157
3114,2947.0,2.374872,3936.0,989.0,988.2728679008886,0.5224511357633386,0.5299271757713373
3115,2943.0,2.371648,3936.0,993.0,988.1693033851669,0.5245641838351822,0.5298716428784399
3116,2954.0,2.380513,3936.0,982.0,988.0639174377307,0.5187533016376122,0.5298151333057249
3117,2952.0,2.378901,3936.0,984.0,987.9568843582648,0.5198098256735341,0.5297577405153755
3118,2955.0,2.381319,3936.0,981.0,987.8099418797757,0.5182250396196514,0.529678947688864
3119,2947.0,2.374872,3936.0,989.0,987.6546887922746,0.5224511357633386,0.5295956985854418
3120,2943.0,2.371648,3936.0,993.0,987.5015229435089,0.5245641838351822,0.5295135686916672
3121,2947.0,2.374872,3936.0,989.0,987.3505750582436,0.5224511357633386,0.5294326281041782
3122,2939.0,2.368425,3936.0,997.0,987.1609073693091,0.5266772319070259,0.5293309253599294
3123,2952.0,2.378901,3936.0,984.0,987.0121208001457,0.5198098256735341,0.5292511437035161
3124,2947.0,2.374872,3936.0,989.0,986.865909508838,0.5224511357633386,0.5291727429508645
3125,2947.0,2.374872,3936.0,989.0,986.7224042201495,0.5224511357633386,0.529095793198612
3126,2938.0,2.367619,3936.0,998.0,986.5817356588453,0.5272054939249868,0.5290203645433964
3127,2955.0,2.381319,3936.0,981.0,986.4440345496895,0.5182250396196514,0.5289465270818555
3128,2955.0,2.381319,3936.0,981.0,986.3094316174457,0.5182250396196514,0.5288743509106266
3129,2947.0,2.374872,3936.0,989.0,986.1780575868787,0.5224511357633386,0.5288039061263476
3130,2939.0,2.368425,3936.0,997.0,986.0500431827528,0.5266772319070259,0.5287352628256562
3131,2947.0,2.374872,3936.0,989.0,985.925519129832,0.5224511357633386,0.5286684911051899
3132,2943.0,2.371648,3936.0,993.0,985.8046161528804,0.5245641838351822,0.5286036610615863
3133,2954.0,2.380513,3936.0,982.0,985.6874649766627,0.5187533016376122,0.5285408427914832
3134,2954.0,2.380513,3936.0,982.0,985.5741963259426,0.5187533016376122,0.5284801063915181
3135,2943.0,2.371648,3936.0,993.0,985.4745500671547,0.5245641838351822,0.5284266745285066
3136,2954.0,2.380513,3936.0,982.0,985.378398517064,0.5187533016376122,0.5283751165822748
3137,2947.0,2.374872,3936.0,989.0,985.2140112545362,0.5224511357633386,0.5282869695931247
3138,2955.0,2.381319,3936.0,981.0,985.0487307061198,0.5182250396196514,0.5281983436102843
3139,2939.0,2.368425,3936.0,997.0,984.8826353066728,0.5266772319070259,0.5281092806917358
3140,2947.0,2.374872,3936.0,989.0,984.7158034910541,0.5224511357633386,0.5280198228954619
3141,2954.0,2.380513,3936.0,982.0,984.5483136941219,0.5187533016376122,0.5279300122794452
3142,2954.0,2.380513,3936.0,982.0,984.4905507782972,0.5187533016376122,0.5278990389118243
3143,2954.0,2.380513,3936.0,982.0,984.3624866987609,0.5187533016376122,0.5278303689744106
3144,2943.0,2.371648,3936.0,993.0,984.3033686028804,0.5245641838351822,0.5277986689383127
3145,2955.0,2.381319,3936.0,981.0,984.246106798652,0.5182250396196514,0.5277679642744695
3146,2959.0,2.384542,3936.0,977.0,984.1908755857617,0.5161119915478077,0.5277383484450644
3147,2947.0,2.374872,3936.0,989.0,984.1378492638946,0.5224511357633386,0.5277099149122809
3148,2955.0,2.381319,3936.0,981.0,984.0872021327366,0.5182250396196514,0.5276827571383025
3149,2947.0,2.374872,3936.0,989.0,984.0391084919736,0.5224511357633386,0.5276569685853127
3150,2938.0,2.367619,3936.0,998.0,983.993742641291,0.5272054939249868,0.5276326427154953
3151,2959.0,2.384542,3936.0,977.0,983.9512788803743,0.5161119915478077,0.5276098729910335
3152,2939.0,2.368425,3936.0,997.0,983.9118915089095,0.5266772319070259,0.527588752874111
3153,2954.0,2.380513,3936.0,982.0,983.8757548265819,0.5187533016376122,0.5275693758269112
3154,2952.0,2.378901,3936.0,984.0,983.8430431330773,0.5198098256735341,0.5275518353116176
3155,2955.0,2.381319,3936.0,981.0,983.7728622361487,0.5182250396196514,0.5275142032307315
3156,2954.0,2.380513,3936.0,982.0,983.6653515755443,0.5187533016376122,0.5274565543539992
3157,2943.0,2.371648,3936.0,993.0,983.6027527149412,0.5245641838351822,0.5274229878780963
3158,2947.0,2.374872,3936.0,989.0,983.5057000354755,0.5224511357633386,0.5273709467323755
3159,2952.0,2.378901,3936.0,984.0,983.4127346836385,0.5198098256735341,0.5273210972748587
3160,2959.0,2.384542,3936.0,977.0,983.3239612392414,0.5161119915478077,0.5272734955828555
3161,2952.0,2.378901,3936.0,984.0,983.2086829131459,0.5198098256735341,0.5272116815639144
3162,2955.0,2.381319,3936.0,981.0,983.0958055652203,0.5182250396196514,0.5271511549865514
3163,2947.0,2.374872,3936.0,989.0,982.985407630323,0.5224511357633386,0.527091957908749
3164,2959.0,2.384542,3936.0,977.0,982.8775675433125,0.5161119915478077,0.5270341323884897
3165,2955.0,2.381319,3936.0,981.0,982.7723637390478,0.5182250396196514,0.5269777204837567
3166,2955.0,2.381319,3936.0,981.0,982.6698746523867,0.5182250396196514,0.5269227642525317
3167,2954.0,2.380513,3936.0,982.0,982.5701787181885,0.5187533016376122,0.5268693057527979
3168,2952.0,2.378901,3936.0,984.0,982.4733543713111,0.5198098256735341,0.5268173870425377
3169,2963.0,2.387766,3936.0,973.0,982.35960378196,0.5139989434759641,0.526756392219635
3170,2963.0,2.387766,3936.0,973.0,982.2488642196791,0.5139989434759641,0.5266970119559531
3171,2954.0,2.380513,3936.0,982.0,982.1508058310275,0.5187533016376122,0.5266444315334334
3172,2958.0,2.383736,3936.0,978.0,982.0552312128964,0.5166402535657686,0.5265931829470292
3173,2955.0,2.381319,3936.0,981.0,981.8903402242772,0.5182250396196514,0.5265047658521689
3174,2959.0,2.384542,3936.0,977.0,981.7234055718436,0.5161119915478077,0.5264152529132066
3175,2947.0,2.374872,3936.0,989.0,981.5544359705804,0.5224511357633386,0.5263246488032517
3176,2947.0,2.374872,3936.0,989.0,981.4553099963542,0.5224511357633386,0.5262714959248581
3177,2946.0,2.374066,3936.0,990.0,981.3588333773497,0.5229793977812995,0.526219763671654
3178,2959.0,2.384542,3936.0,977.0,981.2650758334413,0.5161119915478077,0.5261694894285128
3179,2955.0,2.381319,3936.0,981.0,981.1741070845036,0.5182250396196514,0.5261207105803083
3180,2947.0,2.374872,3936.0,989.0,981.0859968504104,0.5224511357633386,0.5260734645119135
3181,2959.0,2.384542,3936.0,977.0,981.0008148510361,0.5161119915478077,0.526027788608202
3182,2955.0,2.381319,3936.0,981.0,980.9288979292381,0.5182250396196514,0.5259892256439677
3183,2954.0,2.380513,3936.0,982.0,980.8504482552222,0.5187533016376122,0.5259471597170949
3184,2947.0,2.374872,3936.0,989.0,980.8135812572117,0.5224511357633386,0.5259273910633461
3185,2954.0,2.380513,3936.0,982.0,980.7491635793892,0.5187533016376122,0.5258928493095583
3186,2955.0,2.381319,3936.0,981.0,980.6784658838926,0.5182250396196514,0.5258549401132979
3187,2947.0,2.374872,3936.0,989.0,980.6214341552494,0.5224511357633386,0.5258243588195369
3188,2959.0,2.384542,3936.0,977.0,980.5967071303444,0.5161119915478077,0.5258110998068708
3189,2955.0,2.381319,3936.0,981.0,980.5729300387263,0.5182250396196514,0.5257983501631049
3190,2959.0,2.384542,3936.0,977.0,980.5117708935271,0.5161119915478077,0.5257655556848382
3191,2959.0,2.384542,3936.0,977.0,980.4928044732326,0.5161119915478077,0.5257553855973374
3192,2968.0,2.391795,3936.0,968.0,980.4750668657226,0.5113576333861596,0.525745874418231
3193,2954.0,2.380513,3936.0,982.0,980.420226084128,0.5187533016376122,0.5257164679441169
3194,2959.0,2.384542,3936.0,977.0,980.369420340256,0.5161119915478077,0.5256892251195514
3195,2939.0,2.368425,3936.0,997.0,980.3227193539813,0.5266772319070259,0.5256641833294081
3196,2939.0,2.368425,3936.0,997.0,980.3186294118575,0.5266772319070259,0.5256619902392716
3197,2954.0,2.380513,3936.0,982.0,980.3161866017631,0.5187533016376122,0.5256606803667695
3198,2954.0,2.380513,3936.0,982.0,980.3154955035096,0.5187533016376122,0.5256603097892119
3199,2954.0,2.380513,3936.0,982.0,980.3166606969081,0.5187533016376122,0.5256609345839087
3200,2959.0,2.384542,3936.0,977.0,980.3197867617703,0.5161119915478077,0.5256626108281702
3201,2954.0,2.380513,3936.0,982.0,980.3249782779073,0.5187533016376122,0.5256653945993066
3202,2959.0,2.384542,3936.0,977.0,980.3323398251309,0.5161119915478077,0.525669341974628
3203,2946.0,2.374066,3936.0,990.0,980.341975983252,0.5229793977812995,0.5256745090314442
3204,2947.0,2.374872,3936.0,989.0,980.3924278987619,0.5224511357633386,0.525701562127777
3205,2954.0,2.380513,3936.0,982.0,980.4427665194763,0.5187533016376122,0.5257285544736906
3206,2959.0,2.384542,3936.0,977.0,980.4931312851435,0.5161119915478077,0.5257555608389317
3207,2943.0,2.371648,3936.0,993.0,980.505225068832,0.5245641838351822,0.5257620457125356
3208,2946.0,2.374066,3936.0,990.0,980.5202209422872,0.5229793977812995,0.5257700867314954
3209,2955.0,2.381319,3936.0,981.0,980.5382234853197,0.5182250396196514,0.5257797399731211
3210,2955.0,2.381319,3936.0,981.0,980.5593372777408,0.5182250396196514,0.5257910615147225
3211,2955.0,2.381319,3936.0,981.0,980.5452303326831,0.5182250396196514,0.525783497152899
3212,2947.0,2.374872,3936.0,989.0,980.5754774286323,0.5224511357633386,0.5257997161129173
3213,2954.0,2.380513,3936.0,982.0,980.498808225905,0.5187533016376122,0.5257586049022491
3214,2959.0,2.384542,3936.0,977.0,980.4235639231082,0.5161119915478077,0.5257182577449314
3215,2955.0,2.381319,3936.0,981.0,980.3497532352256,0.5182250396196514,0.5256786793140731
3216,2952.0,2.378901,3936.0,984.0,980.2773848772417,0.5198098256735341,0.5256398742827835
3217,2963.0,2.387766,3936.0,973.0,980.2064675641415,0.5139989434759641,0.5256018473241719
3218,2959.0,2.384542,3936.0,977.0,980.137010010908,0.5161119915478077,0.5255646031113473
3219,2963.0,2.387766,3936.0,973.0,980.0690209325263,0.5139989434759641,0.5255281463174188
3220,2955.0,2.381319,3936.0,981.0,980.0409456106603,0.5182250396196514,0.5255130918962073
3221,2959.0,2.384542,3936.0,977.0,980.0117591282981,0.5161119915478077,0.5254974416535757
3222,2959.0,2.384542,3936.0,977.0,979.9815050603612,0.5161119915478077,0.5254812189550699
3223,2955.0,2.381319,3936.0,981.0,980.0367092568006,0.5182250396196514,0.5255108202978367
3224,2959.0,2.384542,3936.0,977.0,980.1761777647691,0.5161119915478077,0.5255856054659186
3225,2959.0,2.384542,3936.0,977.0,980.2404429303668,0.5161119915478077,0.5256200654402959
3226,2976.0,2.398242,3936.0,960.0,980.3174424309982,0.5071315372424723,0.5256613537618018
3227,2954.0,2.380513,3936.0,982.0,980.4457697030599,0.5187533016376122,0.5257301648271127
3228,2963.0,2.387766,3936.0,973.0,980.5434969223089,0.5139989434759641,0.5257825676714836
3229,2959.0,2.384542,3936.0,977.0,980.6505683477058,0.5161119915478077,0.5258399810235135
3230,2976.0,2.398242,3936.0,960.0,980.5846194471445,0.5071315372424723,0.5258046182044432
3231,2954.0,2.380513,3936.0,982.0,980.5202523162307,0.5187533016376122,0.5257701035546885
3232,2963.0,2.387766,3936.0,973.0,980.4575279598541,0.5139989434759641,0.5257364697860135
3233,2954.0,2.380513,3936.0,982.0,980.3965073829048,0.5187533016376122,0.5257037496101826
3234,2955.0,2.381319,3936.0,981.0,980.3372515902727,0.5182250396196514,0.5256719757389599
3235,2955.0,2.381319,3936.0,981.0,980.2798215868477,0.5182250396196514,0.5256411808841095
3236,2954.0,2.380513,3936.0,982.0,980.2242783775196,0.5187533016376122,0.5256113977573956
3237,2959.0,2.384542,3936.0,977.0,980.1706829671789,0.5161119915478077,0.5255826590705829
3238,2955.0,2.381319,3936.0,981.0,980.0882949917657,0.5182250396196514,0.5255384813656734
3239,2955.0,2.381319,3936.0,981.0,980.0059767362266,0.5182250396196514,0.5254943410456371
3240,2955.0,2.381319,3936.0,981.0,979.9237630604991,0.5182250396196514,0.5254502568029111
3241,2954.0,2.380513,3936.0,982.0,979.8416888245199,0.5187533016376122,0.5254062473299319
3242,2954.0,2.380513,3936.0,982.0,979.7597888882262,0.5187533016376122,0.525362331319136
3243,2970.0,2.393407,3936.0,966.0,979.6780981115558,0.5103011093502378,0.5253185274629607
3244,2943.0,2.371648,3936.0,993.0,979.5966513544449,0.5245641838351822,0.525274854453842
3245,2954.0,2.380513,3936.0,982.0,979.6019657518603,0.5187533016376122,0.5252777041158178
3246,2955.0,2.381319,3936.0,981.0,979.5152682167194,0.5182250396196514,0.5252312155584206
3247,2955.0,2.381319,3936.0,981.0,979.5154799908374,0.5182250396196514,0.5252313291149735
3248,2954.0,2.380513,3936.0,982.0,979.510310262161,0.5187533016376122,0.5252285570266101
3249,2959.0,2.384542,3936.0,977.0,979.4998723254857,0.5161119915478077,0.5252229600437495
3250,2955.0,2.381319,3936.0,981.0,979.3977972005786,0.5182250396196514,0.5251682257852107
3251,2976.0,2.398242,3936.0,960.0,979.2965238542249,0.5071315372424723,0.5251139214527158
3252,2968.0,2.391795,3936.0,968.0,979.1960871463625,0.5113576333861596,0.525060065738702
3253,2955.0,2.381319,3936.0,981.0,979.1349585036081,0.5182250396196514,0.5250272876163173
3254,2947.0,2.374872,3936.0,989.0,979.0721391539026,0.5224511357633386,0.5249936029107523
3255,2959.0,2.384542,3936.0,977.0,979.0179659401043,0.5161119915478077,0.5249645543968012
3256,2954.0,2.380513,3936.0,982.0,978.924471588721,0.5187533016376122,0.5249144212815571
3257,2955.0,2.381319,3936.0,981.0,978.8712047332879,0.5182250396196514,0.5248858587709603
3258,2955.0,2.381319,3936.0,981.0,978.8069081937467,0.5182250396196514,0.52485138197339
3259,2959.0,2.384542,3936.0,977.0,978.7515279546249,0.5161119915478077,0.5248216862338179
3260,2970.0,2.393407,3936.0,966.0,978.7435790174608,0.5103011093502378,0.5248174238909381
3261,2954.0,2.380513,3936.0,982.0,978.635098379106,0.5187533016376122,0.5247592548971547
3262,2976.0,2.398242,3936.0,960.0,978.5281341480155,0.5071315372424723,0.5247018990243675
3263,2959.0,2.384542,3936.0,977.0,978.4227211841284,0.5161119915478077,0.5246453749650143
3264,2954.0,2.380513,3936.0,982.0,978.3188943473797,0.5187533016376122,0.5245897014115307
3265,2955.0,2.381319,3936.0,981.0,978.216688497708,0.5182250396196514,0.524534897056354
3266,2955.0,2.381319,3936.0,981.0,978.0750700031169,0.5182250396196514,0.5244589590322383
3267,2959.0,2.384542,3936.0,977.0,977.9324754302863,0.5161119915478077,0.5243824976198949
3268,2968.0,2.391795,3936.0,968.0,977.788904779216,0.5113576333861596,0.5243055128193235
3269,2954.0,2.380513,3936.0,982.0,977.6469899751594,0.5187533016376122,0.5242294159094958
3270,2959.0,2.384542,3936.0,977.0,977.5580666330324,0.5161119915478077,0.5241817338400147
3271,2959.0,2.384542,3936.0,977.0,977.4715006941541,0.5161119915478077,0.524135315846566
3272,2955.0,2.381319,3936.0,981.0,977.3873357334458,0.5182250396196514,0.5240901852946954
3273,2955.0,2.381319,3936.0,981.0,977.3056153258284,0.5182250396196514,0.5240463655499487
3274,2954.0,2.380513,3936.0,982.0,977.2263830462239,0.5187533016376122,0.5240038799778719
3275,2976.0,2.398242,3936.0,960.0,977.1881190362329,0.5071315372424723,0.5239833622247222
3276,2959.0,2.384542,3936.0,977.0,977.1498332387813,0.5161119915478077,0.5239628327887994
3277,2968.0,2.391795,3936.0,968.0,977.073167522048,0.5113576333861596,0.5239217234473751
3278,2963.0,2.387766,3936.0,973.0,976.9992339528873,0.5139989434759641,0.5238820791256775
3279,2959.0,2.384542,3936.0,977.0,976.9665126729002,0.5161119915478077,0.5238645334699641
3280,2959.0,2.384542,3936.0,977.0,976.9340136250122,0.5161119915478077,0.5238471069785345
3281,2976.0,2.398242,3936.0,960.0,976.9498609524315,0.5071315372424723,0.5238556045602608
3282,2955.0,2.381319,3936.0,981.0,976.9628410500218,0.5182250396196514,0.523862564689068
3283,2963.0,2.387766,3936.0,973.0,976.9730759275633,0.5139989434759641,0.5238680527884847
3284,2963.0,2.387766,3936.0,973.0,976.9326418864862,0.5139989434759641,0.5238463714311502
3285,2955.0,2.381319,3936.0,981.0,976.892952976565,0.5182250396196514,0.52382508962465
3286,2955.0,2.381319,3936.0,981.0,976.8438205096753,0.5182250396196514,0.5237987440370464
3287,2955.0,2.381319,3936.0,981.0,976.7949233473613,0.5182250396196514,0.5237725246233906
3288,2976.0,2.398242,3936.0,960.0,976.7463312094974,0.5071315372424723,0.5237464687685561
3289,2959.0,2.384542,3936.0,977.0,976.7461595243071,0.5161119915478077,0.5237463767083055
3290,2947.0,2.374872,3936.0,989.0,976.74318597167,0.5224511357633386,0.5237447822434544
3291,2963.0,2.387766,3936.0,973.0,976.6894781380321,0.5139989434759641,0.5237159832735334
3292,2955.0,2.381319,3936.0,981.0,976.6364413581839,0.5182250396196514,0.5236875441330188
3293,2959.0,2.384542,3936.0,977.0,976.5430768600667,0.5161119915478077,0.5236374806471016
3294,2954.0,2.380513,3936.0,982.0,976.4478560702972,0.5187533016376122,0.5235864217889297
3295,2955.0,2.381319,3936.0,981.0,976.3508138488128,0.5182250396196514,0.5235343862509401
3296,2955.0,2.381319,3936.0,981.0,976.2519850555504,0.5182250396196514,0.5234813927255692
3297,2970.0,2.393407,3936.0,966.0,976.1514045504475,0.5103011093502378,0.5234274599052541
3298,2968.0,2.391795,3936.0,968.0,976.0491071934409,0.5113576333861596,0.5233726064824311
3299,2976.0,2.398242,3936.0,960.0,975.9451278444676,0.5071315372424723,0.5233168511495371
3300,2976.0,2.398242,3936.0,960.0,975.8395013634652,0.5071315372424723,0.5232602125990088
3301,2959.0,2.384542,3936.0,977.0,975.6938260436904,0.5161119915478077,0.5231820992425713
3302,2976.0,2.398242,3936.0,960.0,975.5491703770771,0.5071315372424723,0.5231045326399077
3303,2976.0,2.398242,3936.0,960.0,975.4055343636245,0.5071315372424723,0.5230275127910176
3304,2959.0,2.384542,3936.0,977.0,975.2629180033331,0.5161119915478077,0.5229510396959011
3305,2959.0,2.384542,3936.0,977.0,975.1213212962027,0.5161119915478077,0.5228751133545583
3306,2976.0,2.398242,3936.0,960.0,974.9807442422336,0.5071315372424723,0.5227997337669892
3307,2959.0,2.384542,3936.0,977.0,974.8822553333583,0.5161119915478077,0.5227469224928762
3308,2976.0,2.398242,3936.0,960.0,974.7874528628346,0.5071315372424723,0.522696087943945
3309,2955.0,2.381319,3936.0,981.0,974.7348082572789,0.5182250396196514,0.5226678590933432
3310,2959.0,2.384542,3936.0,977.0,974.6833227446332,0.5161119915478077,0.5226402517662622
3311,2970.0,2.393407,3936.0,966.0,974.6811117531206,0.5103011093502378,0.522639066198464
3312,2976.0,2.398242,3936.0,960.0,974.6289072542714,0.5071315372424723,0.5226110733398758
3313,2955.0,2.381319,3936.0,981.0,974.5781145828761,0.5182250396196514,0.5225838375249742
3314,2955.0,2.381319,3936.0,981.0,974.528803458809,0.5182250396196514,0.5225573961386327
3315,2959.0,2.384542,3936.0,977.0,974.529089310293,0.5161119915478077,0.5225575494166135
3316,2976.0,2.398242,3936.0,960.0,974.5277498172089,0.5071315372424723,0.5225568311597332
3317,2959.0,2.384542,3936.0,977.0,974.4768525660021,0.5161119915478077,0.5225295392675213
3318,2959.0,2.384542,3936.0,977.0,974.3893663247837,0.5161119915478077,0.5224826277937438
3319,2954.0,2.380513,3936.0,982.0,974.3063944454234,0.5187533016376122,0.5224381369905192
3320,2968.0,2.391795,3936.0,968.0,974.238238910842,0.5113576333861596,0.5224015909402057
3321,2976.0,2.398242,3936.0,960.0,974.1753341542907,0.5071315372424723,0.5223678604381706
3322,2970.0,2.393407,3936.0,966.0,974.1074566277077,0.5103011093502378,0.5223314634600397
3323,2959.0,2.384542,3936.0,977.0,974.0442503327004,0.5161119915478077,0.5222975712684272
3324,2976.0,2.398242,3936.0,960.0,973.9857501292055,0.5071315372424723,0.52226620255577
3325,2955.0,2.381319,3936.0,981.0,973.9319908771603,0.5182250396196514,0.5222373760145048
3326,2970.0,2.393407,3936.0,966.0,973.8830074365018,0.5103011093502378,0.5222111103370681
3327,2955.0,2.381319,3936.0,981.0,973.8388346671674,0.5182250396196514,0.5221874242158968
3328,2955.0,2.381319,3936.0,981.0,973.8379439957737,0.5182250396196514,0.522186946624139
3329,2955.0,2.381319,3936.0,981.0,973.8393366502621,0.5182250396196514,0.5221876933869855
3330,2963.0,2.387766,3936.0,973.0,973.8430823505068,0.5139989434759641,0.5221897018893095
3331,2976.0,2.398242,3936.0,960.0,973.8492508163818,0.5071315372424723,0.5221930095159844
3332,2976.0,2.398242,3936.0,960.0,973.8579117677617,0.5071315372424723,0.5221976536518839
3333,2970.0,2.393407,3936.0,966.0,973.9171806328703,0.5103011093502378,0.5222294345327704
3334,2959.0,2.384542,3936.0,977.0,973.9758350915871,0.5161119915478077,0.5222608859594601
3335,2955.0,2.381319,3936.0,981.0,973.9929199467746,0.5182250396196514,0.5222700471226894
3336,2978.0,2.399853,3936.0,958.0,974.0480186919041,0.5060750132065505,0.5222995919208351
3337,2959.0,2.384542,3936.0,977.0,974.1028080550914,0.5161119915478077,0.522328970823605
3338,2959.0,2.384542,3936.0,977.0,974.1574013311322,0.5161119915478077,0.5223582445814183
3339,2968.0,2.391795,3936.0,968.0,974.1708433228896,0.5113576333861596,0.522365452385012
3340,2955.0,2.381319,3936.0,981.0,974.1816490319015,0.5182250396196514,0.5223712465730798
3341,2955.0,2.381319,3936.0,981.0,974.1444831099305,0.5182250396196514,0.5223513176316864
3342,2963.0,2.387766,3936.0,973.0,974.0722794651497,0.5139989434759641,0.5223126009221601
3343,2954.0,2.380513,3936.0,982.0,974.0034746642391,0.5187533016376122,0.5222757067252128
3344,2959.0,2.384542,3936.0,977.0,973.9791371991316,0.5161119915478077,0.522262656600527
3345,2955.0,2.381319,3936.0,981.0,973.9608653630851,0.5182250396196514,0.5222528589598279
3346,2976.0,2.398242,3936.0,960.0,973.9486940160359,0.5071315372424723,0.5222463324955521
3347,2976.0,2.398242,3936.0,960.0,973.9015895259889,0.5071315372424723,0.522221074340454
3348,2955.0,2.381319,3936.0,981.0,973.8579884596237,0.5182250396196514,0.5221976947752447
3349,2959.0,2.384542,3936.0,977.0,973.8178908169397,0.5161119915478077,0.5221761937999243
3350,2959.0,2.384542,3936.0,977.0,973.7812965979373,0.5161119915478077,0.5221565714144927
3351,2959.0,2.384542,3936.0,977.0,973.7482058026166,0.5161119915478077,0.5221388276189501
3352,2970.0,2.393407,3936.0,966.0,973.7186184309775,0.5103011093502378,0.5221229624132964
3353,2963.0,2.387766,3936.0,973.0,973.6925344830198,0.5139989434759641,0.5221089757975316
3354,2976.0,2.398242,3936.0,960.0,973.6699539587438,0.5071315372424723,0.5220968677716556
3355,2968.0,2.391795,3936.0,968.0,973.6098083662163,0.5113576333861596,0.5220646167759859
3356,2959.0,2.384542,3936.0,977.0,973.5504994121801,0.5161119915478077,0.5220328143987972
3357,2955.0,2.381319,3936.0,981.0,973.4919922366979,0.5182250396196514,0.5220014419476527
3358,2968.0,2.391795,3936.0,968.0,973.4753204717653,0.5113576333861596,0.5219925022897982
3359,2963.0,2.387766,3936.0,973.0,973.462047550703,0.5139989434759641,0.5219853851445226
3360,2976.0,2.398242,3936.0,960.0,973.4521734735109,0.5071315372424723,0.5219800905118258
3361,2976.0,2.398242,3936.0,960.0,973.4456982401888,0.5071315372424723,0.5219766183917077
3362,2963.0,2.387766,3936.0,973.0,973.4452537759906,0.5139989434759641,0.5219763800631398
3363,2963.0,2.387766,3936.0,973.0,973.4124035142361,0.5139989434759641,0.5219587652454105
3364,2959.0,2.384542,3936.0,977.0,973.4650542202804,0.5161119915478077,0.5219869973671885
3365,2959.0,2.384542,3936.0,977.0,973.4852991287687,0.5161119915478077,0.5219978529998052
3366,2978.0,2.399853,3936.0,958.0,973.5142067316339,0.5060750132065505,0.5220133537029431
3367,2976.0,2.398242,3936.0,960.0,973.5517770288759,0.5071315372424723,0.5220334994766024
3368,2968.0,2.391795,3936.0,968.0,973.5980100204945,0.5113576333861596,0.5220582903207829
3369,2976.0,2.398242,3936.0,960.0,973.6529057064901,0.5071315372424723,0.5220877262354847
3370,2963.0,2.387766,3936.0,973.0,973.7164640868627,0.5139989434759641,0.522121807220708
3371,2963.0,2.387766,3936.0,973.0,973.7476166696789,0.5139989434759641,0.5221385117167697
3372,2963.0,2.387766,3936.0,973.0,973.7847651616815,0.5139989434759641,0.5221584313119448
3373,2955.0,2.381319,3936.0,981.0,973.8278747029336,0.5182250396196514,0.5221815473137966
3374,2959.0,2.384542,3936.0,977.0,973.7845063266485,0.5161119915478077,0.5221582925206023
3375,2976.0,2.398242,3936.0,960.0,973.7204947670933,0.5071315372424723,0.522123968533702
3376,2959.0,2.384542,3936.0,977.0,973.6549275828437,0.5161119915478077,0.5220888103968137
3377,2968.0,2.391795,3936.0,968.0,973.5876740491357,0.5113576333861596,0.5220527480132998
3378,2963.0,2.387766,3936.0,973.0,973.4570007033047,0.5139989434759641,0.5219826789469985
3379,2959.0,2.384542,3936.0,977.0,973.3203793807014,0.5161119915478077,0.5219094204836845
3380,2955.0,2.381319,3936.0,981.0,973.1776270666552,0.5182250396196514,0.5218328744880649
3381,2954.0,2.380513,3936.0,982.0,973.2031018372116,0.5187533016376122,0.5218465344534984
3382,2970.0,2.393407,3936.0,966.0,973.2334134240444,0.5103011093502378,0.5218627879945246
3383,2955.0,2.381319,3936.0,981.0,973.2685269672173,0.5182250396196514,0.5218816164187071
3384,2968.0,2.391795,3936.0,968.0,973.3084076067925,0.5113576333861596,0.5219030010336089
3385,2954.0,2.380513,3936.0,982.0,973.3530204828331,0.5187533016376122,0.5219269231467936
3386,2963.0,2.387766,3936.0,973.0,973.4023307354022,0.5139989434759641,0.5219533640658244
3387,2970.0,2.393407,3936.0,966.0,973.4947400712421,0.5103011093502378,0.5220029153789759
3388,2968.0,2.391795,3936.0,968.0,973.5891799984195,0.5113576333861596,0.5220535555265654
3389,2959.0,2.384542,3936.0,977.0,973.685650516935,0.5161119915478077,0.5221052845085931
3390,2968.0,2.391795,3936.0,968.0,973.7841516267882,0.5113576333861596,0.5221581023250589
3391,2959.0,2.384542,3936.0,977.0,973.8846833279795,0.5161119915478077,0.5222120089759628
3392,2959.0,2.384542,3936.0,977.0,973.9872456205082,0.5161119915478077,0.5222670044613047
3393,2978.0,2.399853,3936.0,958.0,974.091838504375,0.5060750132065505,0.5223230887810847
3394,2976.0,2.398242,3936.0,960.0,974.1984619795797,0.5071315372424723,0.522380261935303
3395,2963.0,2.387766,3936.0,973.0,974.3071160461219,0.5139989434759641,0.5224385239239591
3396,2959.0,2.384542,3936.0,977.0,974.3253965971529,0.5161119915478077,0.5224483262377674
3397,2959.0,2.384542,3936.0,977.0,974.4321115796923,0.5161119915478077,0.5225055484596317
3398,2954.0,2.380513,3936.0,982.0,974.448374611862,0.5187533016376122,0.5225142689486658
3399,2978.0,2.399853,3936.0,958.0,974.4605895338326,0.5060750132065505,0.5225208187784874
3400,2955.0,2.381319,3936.0,981.0,974.468677910745,0.5182250396196514,0.5225251558911139
3401,2955.0,2.381319,3936.0,981.0,974.526528847911,0.5182250396196514,0.5225561764571376
3402,2968.0,2.391795,3936.0,968.0,974.5886937022965,0.5113576333861596,0.5225895102122033
3403,2959.0,2.384542,3936.0,977.0,974.6551376139649,0.5161119915478077,0.5226251384638748
3404,2959.0,2.384542,3936.0,977.0,974.6847572310459,0.5161119915478077,0.5226410209600324
3405,2976.0,2.398242,3936.0,960.0,974.715919400345,0.5071315372424723,0.5226577305965143
3406,2963.0,2.387766,3936.0,973.0,974.7485544019878,0.5139989434759641,0.5226752299884471
3407,2970.0,2.393407,3936.0,966.0,974.8236610080329,0.5103011093502378,0.5227155033106398
3408,2970.0,2.393407,3936.0,966.0,974.861699299931,0.5103011093502378,0.5227359000302619
3409,2963.0,2.387766,3936.0,973.0,974.901036124487,0.5139989434759641,0.5227569930431512
3410,2955.0,2.381319,3936.0,981.0,974.941601761827,0.5182250396196514,0.5227787449644344
3411,2976.0,2.398242,3936.0,960.0,974.93199087716,0.5071315372424723,0.5227735914596346
3412,2968.0,2.391795,3936.0,968.0,975.0125399908896,0.5113576333861596,0.522816783138508
3413,2959.0,2.384542,3936.0,977.0,975.0967319680493,0.5161119915478077,0.522861928177017
3414,2970.0,2.393407,3936.0,966.0,975.1845319487023,0.5103011093502378,0.5229090078827253
3415,2968.0,2.391795,3936.0,968.0,975.2759050729109,0.5113576333861596,0.5229580035631957
3416,2959.0,2.384542,3936.0,977.0,975.370816480738,0.5161119915478077,0.5230088965259916
3417,2976.0,2.398242,3936.0,960.0,975.4692313122472,0.5071315372424723,0.5230616680786767
3418,2955.0,2.381319,3936.0,981.0,975.5711147075002,0.5182250396196514,0.5231162995288137
3419,2959.0,2.384542,3936.0,977.0,975.6764318065608,0.5161119915478077,0.5231727721839662
3420,2955.0,2.381319,3936.0,981.0,975.8166070997547,0.5182250396196514,0.5232479363412024
3421,2959.0,2.384542,3936.0,977.0,975.9223939364682,0.5161119915478077,0.5233046608769396
3422,2959.0,2.384542,3936.0,977.0,976.0321853084595,0.5161119915478077,0.5233635327063434
3423,2968.0,2.391795,3936.0,968.0,976.145937640807,0.5113576333861596,0.5234245284638677
3424,2976.0,2.398242,3936.0,960.0,976.2636073585899,0.5071315372424723,0.5234876247839669
3425,2963.0,2.387766,3936.0,973.0,976.3659326035462,0.5139989434759641,0.5235424931607392
3426,2959.0,2.384542,3936.0,977.0,976.3842724164705,0.5161119915478077,0.52355232725169
3427,2968.0,2.391795,3936.0,968.0,976.4082595392097,0.5113576333861596,0.523565189517387
3428,2955.0,2.381319,3936.0,981.0,976.5268687322978,0.5182250396196514,0.5236287895986552
3429,2959.0,2.384542,3936.0,977.0,976.6502668092495,0.5161119915478077,0.5236949575534161
3430,2959.0,2.384542,3936.0,977.0,976.7373242732411,0.5161119915478077,0.5237416391102222
3431,2959.0,2.384542,3936.0,977.0,976.8263818261262,0.5161119915478077,0.5237893931455847
3432,2976.0,2.398242,3936.0,960.0,976.8660079881602,0.5071315372424723,0.5238106413056985
3433,2959.0,2.384542,3936.0,977.0,976.9233273112845,0.5161119915478077,0.5238413768120622
3434,2955.0,2.381319,3936.0,981.0,976.9776835397533,0.5182250396196514,0.5238705234613062
3435,2959.0,2.384542,3936.0,977.0,977.0802902787021,0.5161119915478077,0.523925542779505
3436,2952.0,2.378901,3936.0,984.0,977.1830233849231,0.5198098256735341,0.5239806298577868
3437,2959.0,2.384542,3936.0,977.0,977.2665861402176,0.5161119915478077,0.5240254374978133
3438,2976.0,2.398242,3936.0,960.0,977.370635209065,0.5071315372424723,0.5240812302155807
3439,2954.0,2.380513,3936.0,982.0,977.4553396273006,0.5187533016376122,0.5241266500329094
3440,2954.0,2.380513,3936.0,982.0,977.4417564527979,0.5187533016376122,0.5241193665249472
3441,2955.0,2.381319,3936.0,981.0,977.4290839941525,0.5182250396196514,0.5241125713568937
3442,2976.0,2.398242,3936.0,960.0,977.4684748516113,0.5071315372424723,0.52413369334306
3443,2959.0,2.384542,3936.0,977.0,977.5117438770759,0.5161119915478077,0.5241568948628099
3444,2955.0,2.381319,3936.0,981.0,977.5587516307972,0.5182250396196514,0.5241821011463961
3445,2955.0,2.381319,3936.0,981.0,977.657404381377,0.5182250396196514,0.5242350002749615
3446,2954.0,2.380513,3936.0,982.0,977.7562706490713,0.5187533016376122,0.5242880138947016
3447,2955.0,2.381319,3936.0,981.0,977.8072088607045,0.5182250396196514,0.5243153277505266
3448,2954.0,2.380513,3936.0,982.0,977.8614151914435,0.5187533016376122,0.5243443940222927
3449,2963.0,2.387766,3936.0,973.0,977.9187502015395,0.5139989434759641,0.5243751379402528
3450,2955.0,2.381319,3936.0,981.0,977.9790744512449,0.5182250396196514,0.5244074847346607
3451,2959.0,2.384542,3936.0,977.0,978.0038119341309,0.5161119915478077,0.5244207493550579
3452,2959.0,2.384542,3936.0,977.0,978.0749253343781,0.5161119915478077,0.5244588814586261
3453,2959.0,2.384542,3936.0,977.0,978.1538386455576,0.5161119915478077,0.5245011959949069
3454,2955.0,2.381319,3936.0,981.0,978.2404124279218,0.5182250396196514,0.5245476181941539
3455,2955.0,2.381319,3936.0,981.0,978.3345072417219,0.5182250396196514,0.5245980732866201
3456,2955.0,2.381319,3936.0,981.0,978.435983647209,0.5182250396196514,0.5246524865025586
3457,2955.0,2.381319,3936.0,981.0,978.5447022046353,0.5182250396196514,0.5247107830722229
3458,2955.0,2.381319,3936.0,981.0,978.6605234742517,0.5182250396196514,0.5247728882258657
3459,2959.0,2.384542,3936.0,977.0,978.7833080163098,0.5161119915478077,0.5248387271937405
3460,2959.0,2.384542,3936.0,977.0,978.9006753241376,0.5161119915478077,0.524901661356951
3461,2959.0,2.384542,3936.0,977.0,979.020112440733,0.5161119915478077,0.5249657053835913
3462,2955.0,2.381319,3936.0,981.0,979.0901355964463,0.5182250396196514,0.5250032528812015
3463,2968.0,2.391795,3936.0,968.0,979.209934384889,0.5113576333861596,0.5250674908418723
3464,2955.0,2.381319,3936.0,981.0,979.3409240846493,0.5182250396196514,0.5251377295420367
3465,2955.0,2.381319,3936.0,981.0,979.4630889913249,0.5182250396196514,0.5252032362518491
3466,2959.0,2.384542,3936.0,977.0,979.5352124582502,0.5161119915478077,0.5252419099687707
3467,2959.0,2.384542,3936.0,977.0,979.6147576057904,0.5161119915478077,0.5252845633054669
3468,2959.0,2.384542,3936.0,977.0,979.7426099112087,0.5161119915478077,0.5253531196863277
3469,2968.0,2.391795,3936.0,968.0,979.9020435766699,0.5113576333861596,0.5254386104802217
3470,2954.0,2.380513,3936.0,982.0,979.9975118719931,0.5187533016376122,0.5254898020546942
3471,2959.0,2.384542,3936.0,977.0,980.1007103583743,0.5161119915478077,0.5255451386770058
3472,2954.0,2.380513,3936.0,982.0,980.211464736129,0.5187533016376122,0.5256045268849736
3473,2959.0,2.384542,3936.0,977.0,980.3296007055707,0.5161119915478077,0.5256678732164137
3474,2976.0,2.398242,3936.0,960.0,980.454943967014,0.5071315372424723,0.5257350842091425
3475,2955.0,2.381319,3936.0,981.0,980.5873202207734,0.5182250396196514,0.5258060664009768
3476,2970.0,2.393407,3936.0,966.0,980.7265551671632,0.5103011093502378,0.5258807263297328
3477,2954.0,2.380513,3936.0,982.0,980.872474506498,0.5187533016376122,0.5259589705332273
3478,2970.0,2.393407,3936.0,966.0,981.0249039390911,0.5103011093502378,0.5260407055492762
3479,2954.0,2.380513,3936.0,982.0,981.1426006733251,0.5187533016376122,0.5261038163560138
3480,2955.0,2.381319,3936.0,981.0,981.2637921162565,0.5182250396196514,0.5261688010795311
3481,2955.0,2.381319,3936.0,981.0,981.3882691082623,0.5182250396196514,0.526235547565208
3482,2959.0,2.384542,3936.0,977.0,981.5158224897197,0.5161119915478077,0.526303943658424
3483,2954.0,2.380513,3936.0,982.0,981.6366339593363,0.5187533016376122,0.5263687246343813
3484,2955.0,2.381319,3936.0,981.0,981.7094171505719,0.5182250396196514,0.5264077521056677
3485,2959.0,2.384542,3936.0,977.0,981.7819563222475,0.5161119915478077,0.5264466487298971
3486,2955.0,2.381319,3936.0,981.0,981.8539900248346,0.5182250396196514,0.5264852743137942
3487,2954.0,2.380513,3936.0,982.0,981.9252568088049,0.5187533016376122,0.5265234886640837
3488,2955.0,2.381319,3936.0,981.0,981.9954952246302,0.5182250396196514,0.5265611515874907
3489,2955.0,2.381319,3936.0,981.0,982.0740529644514,0.5182250396196514,0.5266032754609173
3490,2959.0,2.384542,3936.0,977.0,982.1504101707412,0.5161119915478077,0.526644219374277
3491,2976.0,2.398242,3936.0,960.0,982.2147049672855,0.5071315372424723,0.5266786952372254
3492,2954.0,2.380513,3936.0,982.0,982.3693471343884,0.5187533016376122,0.5267616167556944
3493,2954.0,2.380513,3936.0,982.0,982.5276713823504,0.5187533016376122,0.5268465126627903
3494,2954.0,2.380513,3936.0,982.0,982.6894946965023,0.5187533016376122,0.5269332848232205
3495,2970.0,2.393407,3936.0,966.0,982.8546340621732,0.5103011093502378,0.5270218351016923
3496,2955.0,2.381319,3936.0,981.0,983.0229064646941,0.5182250396196514,0.5271120653629131
3497,2955.0,2.381319,3936.0,981.0,983.1941288893946,0.5182250396196514,0.5272038774715901
3498,2946.0,2.374066,3936.0,990.0,983.3681183216046,0.5229793977812995,0.5272971732924305
3499,2947.0,2.374872,3936.0,989.0,983.5446917466544,0.5224511357633386,0.5273918546901417
3500,2955.0,2.381319,3936.0,981.0,983.723666149874,0.5182250396196514,0.527487823529431
3501,2954.0,2.380513,3936.0,982.0,983.8856402332536,0.5187533016376122,0.52757467653465
3502,2952.0,2.378901,3936.0,984.0,984.0701660814613,0.5198098256735341,0.5276736221444845
3503,2947.0,2.374872,3936.0,989.0,984.2565264338604,0.5224511357633386,0.5277735514438008
3504,2947.0,2.374872,3936.0,989.0,984.3388377174122,0.5224511357633386,0.5278176880253498
3505,2947.0,2.374872,3936.0,989.0,984.4297594054349,0.5224511357633386,0.5278664416387648
3506,2954.0,2.380513,3936.0,982.0,984.5290126184316,0.5187533016376122,0.5279196627445525
3507,2959.0,2.384542,3936.0,977.0,984.6363184769056,0.5161119915478077,0.5279772018032192
3508,2952.0,2.378901,3936.0,984.0,984.7513981013594,0.5198098256735341,0.5280389092752711
3509,2954.0,2.380513,3936.0,982.0,984.8739726122963,0.5187533016376122,0.5281046356212147
3510,2955.0,2.381319,3936.0,981.0,985.0037631302189,0.5182250396196514,0.5281742313015562
3511,2947.0,2.374872,3936.0,989.0,985.1404907756307,0.5224511357633386,0.5282475467768022
3512,2955.0,2.381319,3936.0,981.0,985.2838766690343,0.5182250396196514,0.528324432507459
3513,2954.0,2.380513,3936.0,982.0,985.4747104228657,0.5187533016376122,0.5284267605137155
3514,2946.0,2.374066,3936.0,990.0,985.6743114508852,0.5229793977812995,0.5285337896678034
3515,2939.0,2.368425,3936.0,997.0,985.8029306749203,0.5266772319070259,0.5286027572822717
3516,2943.0,2.371648,3936.0,993.0,986.0192644727621,0.5245641838351822,0.5287187588059781
3517,2955.0,2.381319,3936.0,981.0,986.2051271995589,0.5182250396196514,0.5288184212707605
3518,2952.0,2.378901,3936.0,984.0,986.4013084677458,0.5198098256735341,0.5289236166968074
3519,2939.0,2.368425,3936.0,997.0,986.6075293978266,0.5266772319070259,0.5290341955446258
3520,2947.0,2.374872,3936.0,989.0,986.8235111103036,0.5224511357633386,0.5291500082747216
3521,2955.0,2.381319,3936.0,981.0,987.0489747256798,0.5182250396196514,0.5292709053476012
3522,2954.0,2.380513,3936.0,982.0,987.3220779311384,0.5187533016376122,0.5294173475044827
3523,2947.0,2.374872,3936.0,989.0,987.5630716485061,0.5224511357633386,0.5295465720579144
3524,2954.0,2.380513,3936.0,982.0,987.8127454902193,0.5187533016376122,0.529680451028086
3525,2943.0,2.371648,3936.0,993.0,988.0708205767809,0.5245641838351822,0.5298188348755035
3526,2939.0,2.368425,3936.0,997.0,988.3370180286938,0.5266772319070259,0.5299615740606736
3527,2943.0,2.371648,3936.0,993.0,988.6110589664607,0.5245641838351822,0.5301085190441021
3528,2954.0,2.380513,3936.0,982.0,988.8926645105852,0.5187533016376122,0.5302595202862957
3529,2943.0,2.371648,3936.0,993.0,989.1815557815703,0.5245641838351822,0.5304144282477612
3530,2938.0,2.367619,3936.0,998.0,989.4678447582478,0.5272054939249868,0.5305679408188262
3531,2955.0,2.381319,3936.0,981.0,989.7615109691208,0.5182250396196514,0.530725409176809
3532,2939.0,2.368425,3936.0,997.0,990.0622668197077,0.5266772319070259,0.5308866791091069
3533,2939.0,2.368425,3936.0,997.0,990.3698247155271,0.5266772319070259,0.5310515964031169
3534,2943.0,2.371648,3936.0,993.0,990.6838970620972,0.5245641838351822,0.531220006846236
3535,2954.0,2.380513,3936.0,982.0,991.0041962649377,0.5187533016376122,0.531391756225862
3536,2954.0,2.380513,3936.0,982.0,991.3304347295668,0.5187533016376122,0.5315666903293916
3537,2946.0,2.374066,3936.0,990.0,991.6623248615028,0.5229793977812995,0.531744654944222
3538,2931.0,2.361978,3936.0,1005.0,991.8912465826423,0.5309033280507132,0.5318674063068226
3539,2954.0,2.380513,3936.0,982.0,992.1943868529291,0.5187533016376122,0.5320299548017913
3540,2952.0,2.378901,3936.0,984.0,992.4995533570612,0.5198098256735341,0.5321935897946433
3541,2938.0,2.367619,3936.0,998.0,992.8064236406208,0.5272054939249868,0.5323581383803393
3542,2939.0,2.368425,3936.0,997.0,993.1146752491888,0.5266772319070259,0.5325234276538396
3543,2947.0,2.374872,3936.0,989.0,993.4239857283476,0.5224511357633386,0.5326892847101051
3544,2939.0,2.368425,3936.0,997.0,993.7340326236781,0.5266772319070259,0.5328555366440959
3545,2947.0,2.374872,3936.0,989.0,994.0541026224316,0.5224511357633386,0.5330271631209503
3546,2954.0,2.380513,3936.0,982.0,994.3640057205214,0.5187533016376122,0.5331933379486397
3547,2939.0,2.368425,3936.0,997.0,994.683295728182,0.5266772319070259,0.533364546182223
3548,2946.0,2.374066,3936.0,990.0,995.0013917829958,0.5229793977812995,0.533535114199849
3549,2939.0,2.368425,3936.0,997.0,995.3179801455287,0.5266772319070259,0.5337048737695875
3550,2939.0,2.368425,3936.0,997.0,995.5558739429872,0.5266772319070259,0.5338324360980854
3551,2938.0,2.367619,3936.0,998.0,995.8448724082785,0.5272054939249868,0.5339874015387934
3552,2939.0,2.368425,3936.0,997.0,996.1263228256827,0.5266772319070259,0.5341383195996439
3553,2947.0,2.374872,3936.0,989.0,996.4608213524148,0.5224511357633386,0.5343176828760507
3554,2939.0,2.368425,3936.0,997.0,996.7486816407584,0.5266772319070259,0.5344720380087002
3555,2939.0,2.368425,3936.0,997.0,997.0408907062595,0.5266772319070259,0.5346287250228289
3556,2931.0,2.361978,3936.0,1005.0,997.3370999495457,0.5309033280507132,0.5347875569940692
3557,2943.0,2.371648,3936.0,993.0,997.636960771247,0.5245641838351822,0.5349483469980548
3558,2938.0,2.367619,3936.0,998.0,997.9401245719912,0.5272054939249868,0.5351109081104182
3559,2938.0,2.367619,3936.0,998.0,998.2462427524069,0.5272054939249868,0.5352750534067922
3560,2927.0,2.358755,3936.0,1009.0,998.5549667131231,0.5330163761225568,0.5354405959628099
3561,2939.0,2.368425,3936.0,997.0,998.8659478547688,0.5266772319070259,0.5356073488541044
3562,2927.0,2.358755,3936.0,1009.0,999.1788375779722,0.5330163761225568,0.5357751251563085
3563,2936.0,2.366007,3936.0,1000.0,999.4932872833622,0.5282620179609087,0.5359437379450552
3564,2939.0,2.368425,3936.0,997.0,999.8089483715673,0.5266772319070259,0.5361130002959773
3565,2947.0,2.374872,3936.0,989.0,1000.1158631015467,0.5224511357633386,0.5362775727145301
3566,2931.0,2.361978,3936.0,1005.0,1000.4239412819277,0.5309033280507132,0.536442768993158
3567,2947.0,2.374872,3936.0,989.0,1000.7328255983547,0.5224511357633386,0.5366083975343845
3568,2947.0,2.374872,3936.0,989.0,1001.0421587364727,0.5224511357633386,0.5367742667407339
3569,2927.0,2.358755,3936.0,1009.0,1001.3515833819253,0.5330163761225568,0.5369401850147295
3570,2938.0,2.367619,3936.0,998.0,1001.6607422203575,0.5272054939249868,0.5371059607588953
3571,2938.0,2.367619,3936.0,998.0,1001.9795450603964,0.5272054939249868,0.5372769077656754
3572,2936.0,2.366007,3936.0,1000.0,1002.2980341610013,0.5282620179609087,0.5374476865405253
3573,2938.0,2.367619,3936.0,998.0,1002.6158609228006,0.5272054939249868,0.5376181101590778
3574,2938.0,2.367619,3936.0,998.0,1002.9326767464235,0.5272054939249868,0.5377879916969659
3575,2923.0,2.355531,3936.0,1013.0,1003.2481330324978,0.5351294241944005,0.5379571442298223
3576,2938.0,2.367619,3936.0,998.0,1003.5824154276198,0.5272054939249868,0.5381363916131218
3577,2943.0,2.371648,3936.0,993.0,1003.9673100939623,0.5245641838351822,0.5383427780779627
3578,2927.0,2.358755,3936.0,1009.0,1004.3544837286944,0.5330163761225568,0.5385503865608532
3579,2927.0,2.358755,3936.0,1009.0,1004.692313122419,0.5330163761225568,0.5387315358995872
3580,2927.0,2.358755,3936.0,1009.0,1005.0285128140829,0.5330163761225568,0.5389118113669054
3581,2938.0,2.367619,3936.0,998.0,1005.3627516342831,0.5272054939249868,0.5390910353846587
3582,2938.0,2.367619,3936.0,998.0,1005.6946984136171,0.5272054939249868,0.5392690303746988
3583,2922.0,2.354725,3936.0,1014.0,1006.0240219826819,0.5356576862123613,0.5394456187588766
3584,2927.0,2.358755,3936.0,1009.0,1006.3298569261087,0.5330163761225568,0.5396096121792026
3585,2927.0,2.358755,3936.0,1009.0,1006.6310729278657,0.5330163761225568,0.5397711288516649
3586,2922.0,2.354725,3936.0,1014.0,1006.9273213885817,0.5356576862123613,0.5399299818518968
3587,2927.0,2.358755,3936.0,1009.0,1007.2182537088852,0.5330163761225568,0.540085984255531
3588,2936.0,2.366007,3936.0,1000.0,1007.5240555353716,0.5282620179609087,0.540249959918042
3589,2923.0,2.355531,3936.0,1013.0,1007.8046431693319,0.5351294241944005,0.540400415341084
3590,2938.0,2.367619,3936.0,998.0,1008.099420540701,0.5272054939249868,0.5405584795204869
3591,2923.0,2.355531,3936.0,1013.0,1008.4401738116524,0.5351294241944005,0.5407411966873495
3592,2923.0,2.355531,3936.0,1013.0,1008.7785696793553,0.5351294241944005,0.54092264977818
3593,2927.0,2.358755,3936.0,1009.0,1009.1143205493286,0.5330163761225568,0.5411026845803756
3594,2923.0,2.355531,3936.0,1013.0,1009.4471388270908,0.5351294241944005,0.5412811468813332
3595,2931.0,2.361978,3936.0,1005.0,1009.7767369181606,0.5309033280507132,0.5414578824684502
3596,2915.0,2.349084,3936.0,1021.0,1010.0514916131406,0.5393555203380876,0.5416052101795203
3597,2931.0,2.361978,3936.0,1005.0,1010.3191174509773,0.5309033280507132,0.5417487152872843
3598,2923.0,2.355531,3936.0,1013.0,1010.6306188771846,0.5351294241944005,0.5419157471631967
3599,2927.0,2.358755,3936.0,1009.0,1010.9376625889313,0.5330163761225568,0.5420803887437653
3600,2923.0,2.355531,3936.0,1013.0,1011.2399609917361,0.5351294241944005,0.5422424858163873
3601,2927.0,2.358755,3936.0,1009.0,1011.5372264911177,0.5330163761225568,0.54240188416846
3602,2920.0,2.353114,3936.0,1016.0,1011.8702399845279,0.5367142102482831,0.5425804511470632
3603,2923.0,2.355531,3936.0,1013.0,1012.2003121707428,0.5351294241944005,0.5427574409513195
3604,2923.0,2.355531,3936.0,1013.0,1012.5271903152179,0.5351294241944005,0.5429327180610625
3605,2914.0,2.348278,3936.0,1022.0,1012.8506216834094,0.5398837823560486,0.5431061469561262
3606,2914.0,2.348278,3936.0,1022.0,1013.1703535407732,0.5398837823560486,0.5432775921163449
3607,2936.0,2.366007,3936.0,1000.0,1013.4861331527645,0.5282620179609087,0.5434469180215518
3608,2922.0,2.354725,3936.0,1014.0,1013.7977077848398,0.5356576862123613,0.5436139891515811
3609,2912.0,2.346667,3936.0,1024.0,1014.1048247024544,0.5409403063919704,0.5437786699862668
3610,2922.0,2.354725,3936.0,1014.0,1014.4072311710643,0.5356576862123613,0.5439408250054426
3611,2912.0,2.346667,3936.0,1024.0,1014.6738730871757,0.5409403063919704,0.5440838025191806
3612,2923.0,2.355531,3936.0,1013.0,1014.9332989963011,0.5351294241944005,0.5442229106985206
3613,2922.0,2.354725,3936.0,1014.0,1015.1852300189435,0.5356576862123613,0.5443580000039687
3614,2915.0,2.349084,3936.0,1021.0,1015.4293872756059,0.5393555203380876,0.5444889208960317
3615,2915.0,2.349084,3936.0,1021.0,1015.6552247638078,0.5393555203380876,0.544610018445295
3616,2923.0,2.355531,3936.0,1013.0,1015.8823311537217,0.5351294241944005,0.5447317963992545
3617,2912.0,2.346667,3936.0,1024.0,1016.1008184241796,0.5409403063919704,0.5448489526482383
3618,2922.0,2.354725,3936.0,1014.0,1016.3001405727023,0.5356576862123613,0.5449558322628326
3619,2923.0,2.355531,3936.0,1013.0,1016.4896191464777,0.5351294241944005,0.5450574336006122
3620,2927.0,2.358755,3936.0,1009.0,1016.679233674008,0.5330163761225568,0.545159107838895
3621,2915.0,2.349084,3936.0,1021.0,1016.9309659950086,0.5393555203380876,0.5452940905974539
3622,2923.0,2.355531,3936.0,1013.0,1017.1773342431834,0.5351294241944005,0.5454261970573149
3623,2912.0,2.346667,3936.0,1024.0,1017.4181205439254,0.5409403063919704,0.5455553103907484
3624,2927.0,2.358755,3936.0,1009.0,1017.6531070226274,0.5330163761225568,0.5456813137700252
3625,2915.0,2.349084,3936.0,1021.0,1017.882075804682,0.5393555203380876,0.5458040903674154
3626,2927.0,2.358755,3936.0,1009.0,1018.1048090154827,0.5330163761225568,0.5459235233551901
3627,2923.0,2.355531,3936.0,1013.0,1018.3210887804221,0.5351294241944005,0.5460394959056197
3628,2899.0,2.33619,3936.0,1037.0,1018.5306972248932,0.5478077126254622,0.5461518911909747
3629,2912.0,2.346667,3936.0,1024.0,1018.7334164742892,0.5409403063919704,0.5462605923835261
3630,2920.0,2.353114,3936.0,1016.0,1018.9290286540027,0.5367142102482831,0.546365482655544
3631,2915.0,2.349084,3936.0,1021.0,1019.1173158894267,0.5393555203380876,0.5464664451792991
3632,2922.0,2.354725,3936.0,1014.0,1019.2980603059541,0.5356576862123613,0.5465633631270621
3633,2914.0,2.348278,3936.0,1022.0,1019.4710440289778,0.5398837823560486,0.5466561196711035
3634,2915.0,2.349084,3936.0,1021.0,1019.6463163068743,0.5393555203380876,0.5467501033736147
3635,2915.0,2.349084,3936.0,1021.0,1019.8140588383508,0.5393555203380876,0.5468400495097977
3636,2912.0,2.346667,3936.0,1024.0,1019.9740624637841,0.5409403063919704,0.5469258459250318
3637,2923.0,2.355531,3936.0,1013.0,1020.126118023552,0.5351294241944005,0.5470073804646972
3638,2922.0,2.354725,3936.0,1014.0,1020.2700163580312,0.5356576862123613,0.5470845409741735
3639,2915.0,2.349084,3936.0,1021.0,1020.4055483075995,0.5393555203380876,0.5471572152988405
3640,2922.0,2.354725,3936.0,1014.0,1020.5222375896501,0.5356576862123613,0.5472197858941572
3641,2914.0,2.348278,3936.0,1022.0,1020.6294754712467,0.5398837823560486,0.5472772885025723
3642,2914.0,2.348278,3936.0,1022.0,1020.7373112007649,0.5398837823560486,0.5473351116862768
3643,2914.0,2.348278,3936.0,1022.0,1020.8359264769124,0.5398837823560486,0.5473879907204728
3644,2914.0,2.348278,3936.0,1022.0,1020.9251121400662,0.5398837823560486,0.54743581345054
3645,2895.0,2.332967,3936.0,1041.0,1021.0046590306033,0.5499207606973059,0.5474784677218582
3646,2912.0,2.346667,3936.0,1024.0,1021.0743579889013,0.5409403063919704,0.547515841379807
3647,2914.0,2.348278,3936.0,1022.0,1021.1339998553369,0.5398837823560486,0.5475478222697662
