Pixel,RawADC,RawVoltageV,DarkADC,DarkCorrectedIntensityADC,SmoothedIntensityADC,NormalizedIntensity,SmoothedNormalizedIntensity
21,2589.0,2.086374,3929.0,1340.0,1337.7348134862716,0.8072289156626506,0.8180962720974889
22,2585.0,2.08315,3929.0,1344.0,1337.717590062834,0.8096385542168675,0.8180857390543439
23,2581.0,2.079927,3929.0,1348.0,1337.6957041228052,0.8120481927710843,0.8180723546333297
24,2577.0,2.076703,3929.0,1352.0,1337.6692602459966,0.8144578313253013,0.8180561827905858
25,2608.0,2.101685,3929.0,1321.0,1337.6383630122195,0.7957831325301205,0.8180372874822509
26,2589.0,2.086374,3929.0,1340.0,1337.603117001286,0.8072289156626506,0.8180157326644646
27,2589.0,2.086374,3929.0,1340.0,1337.5636267930065,0.8072289156626506,0.8179915822933655
28,2601.0,2.096044,3929.0,1328.0,1337.519996967193,0.8,0.8179649003250932
29,2589.0,2.086374,3929.0,1340.0,1337.4723321036563,0.8072289156626506,0.8179357507157863
30,2585.0,2.08315,3929.0,1344.0,1337.4207367822087,0.8096385542168675,0.8179041974215844
31,2581.0,2.079927,3929.0,1348.0,1337.365315582661,0.8120481927710843,0.8178703043986264
32,2601.0,2.096044,3929.0,1328.0,1337.3061730848244,0.8,0.8178341356030514
33,2589.0,2.086374,3929.0,1340.0,1337.2818504351903,0.8072289156626506,0.8178192610039959
34,2593.0,2.089597,3929.0,1336.0,1337.2514185815744,0.8048192771084337,0.8178006503004803
35,2593.0,2.089597,3929.0,1336.0,1337.176580397045,0.8048192771084337,0.8177548827543593
36,2589.0,2.086374,3929.0,1340.0,1337.0985089533467,0.8072289156626506,0.8177071378976036
37,2601.0,2.096044,3929.0,1328.0,1337.017308830291,0.8,0.8176574796863528
38,2589.0,2.086374,3929.0,1340.0,1336.9715211743694,0.8072289156626506,0.8176294780897435
39,2601.0,2.096044,3929.0,1328.0,1336.9490443584064,0.8,0.8176157323165434
40,2585.0,2.08315,3929.0,1344.0,1336.919242598154,0.8096385542168675,0.817597506948766
41,2593.0,2.089597,3929.0,1336.0,1336.882281478313,0.8048192771084337,0.8175749032502978
42,2589.0,2.086374,3929.0,1340.0,1336.7710625918962,0.8072289156626506,0.8175068869622809
43,2591.0,2.087985,3929.0,1338.0,1336.724824371287,0.8060240963855422,0.8174786098213054
44,2589.0,2.086374,3929.0,1340.0,1336.6718625403037,0.8072289156626506,0.8174462208335522
45,2589.0,2.086374,3929.0,1340.0,1336.6123426836475,0.8072289156626506,0.8174098212629084
46,2589.0,2.086374,3929.0,1340.0,1336.5176029610109,0.8072289156626506,0.8173518828635132
47,2593.0,2.089597,3929.0,1336.0,1336.3801476144115,0.8048192771084337,0.8172678215790948
48,2601.0,2.096044,3929.0,1328.0,1336.241149715594,0.8,0.8171828169416244
49,2589.0,2.086374,3929.0,1340.0,1336.1007138443701,0.8072289156626506,0.8170969329072413
50,2601.0,2.096044,3929.0,1328.0,1335.9589445805511,0.8,0.8170102334320845
51,2593.0,2.089597,3929.0,1336.0,1335.8159465039478,0.8048192771084337,0.8169227824722926
52,2589.0,2.086374,3929.0,1340.0,1335.6718241943727,0.8072289156626506,0.8168346439840056
53,2589.0,2.086374,3929.0,1340.0,1335.526682231636,0.8072289156626506,0.816745881923362
54,2608.0,2.101685,3929.0,1321.0,1335.3806251955498,0.7957831325301205,0.8166565602465011
55,2601.0,2.096044,3929.0,1328.0,1335.2337576659256,0.8,0.8165667429095623
56,2609.0,2.102491,3929.0,1320.0,1335.086184222574,0.7951807228915663,0.8164764938686842
57,2609.0,2.102491,3929.0,1320.0,1334.8611363119483,0.7951807228915663,0.8163388650540117
58,2609.0,2.102491,3929.0,1320.0,1334.6023492111708,0.7951807228915663,0.8161806029229236
59,2601.0,2.096044,3929.0,1328.0,1334.3893279788545,0.8,0.8160503290642495
60,2601.0,2.096044,3929.0,1328.0,1334.1426024163243,0.8,0.8158994432078732
61,2597.0,2.092821,3929.0,1332.0,1333.9032410155123,0.8024096385542169,0.8157530609296264
62,2609.0,2.102491,3929.0,1320.0,1333.6712437764193,0.7951807228915663,0.8156111822295092
63,2601.0,2.096044,3929.0,1328.0,1333.5619203990839,0.8,0.8155443251465138
64,2601.0,2.096044,3929.0,1328.0,1333.4521699875188,0.8,0.8154772069092836
65,2601.0,2.096044,3929.0,1328.0,1333.342097121535,0.8,0.8154098914739577
66,2601.0,2.096044,3929.0,1328.0,1333.2318063809446,0.8,0.8153424427966756
67,2593.0,2.089597,3929.0,1336.0,1333.1214023455582,0.8048192771084337,0.8152749248335759
68,2597.0,2.092821,3929.0,1332.0,1333.0878627285472,0.8024096385542169,0.815254413566793
69,2608.0,2.101685,3929.0,1321.0,1333.0492248457308,0.7957831325301205,0.8152307844382278
70,2608.0,2.101685,3929.0,1321.0,1332.9287898634352,0.7957831325301205,0.815157132015451
71,2593.0,2.089597,3929.0,1336.0,1332.808799345338,0.8048192771084337,0.8150837514062654
72,2593.0,2.089597,3929.0,1336.0,1332.6893578712504,0.8048192771084337,0.8150107065668102
73,2601.0,2.096044,3929.0,1328.0,1332.5705700209844,0.8,0.8149380614532246
74,2601.0,2.096044,3929.0,1328.0,1332.4909769410306,0.8,0.814889386034645
75,2601.0,2.096044,3929.0,1328.0,1332.4384770042143,0.8,0.8148572795198397
76,2585.0,2.08315,3929.0,1344.0,1332.3824344262873,0.8096385542168675,0.8148230064908218
77,2609.0,2.102491,3929.0,1320.0,1332.3230147919503,0.7951807228915663,0.8147866682114779
78,2589.0,2.086374,3929.0,1340.0,1332.260383685906,0.8072289156626506,0.8147483659456958
79,2589.0,2.086374,3929.0,1340.0,1332.204315834524,0.8072289156626506,0.8147140774606106
80,2609.0,2.102491,3929.0,1320.0,1332.1447184145081,0.7951807228915663,0.8146776304558305
81,2589.0,2.086374,3929.0,1340.0,1332.0817657255434,0.8072289156626506,0.8146391315249204
82,2585.0,2.08315,3929.0,1344.0,1332.0156320673154,0.8096385542168675,0.8145986872614452
83,2593.0,2.089597,3929.0,1336.0,1331.94649173951,0.8048192771084337,0.8145564042589705
84,2605.0,2.099267,3929.0,1324.0,1331.8745190418126,0.7975903614457831,0.8145123891110612
85,2593.0,2.089597,3929.0,1336.0,1331.7998882739093,0.8048192771084337,0.8144667484112827
86,2589.0,2.086374,3929.0,1340.0,1331.7227737354854,0.8072289156626506,0.8144195887532002
87,2589.0,2.086374,3929.0,1340.0,1331.6433497262267,0.8072289156626506,0.8143710167303788
88,2585.0,2.08315,3929.0,1344.0,1331.5521814041488,0.8096385542168675,0.8143152624331345
89,2601.0,2.096044,3929.0,1328.0,1331.459701476936,0.8,0.8142587060193117
90,2585.0,2.08315,3929.0,1344.0,1331.3660755292906,0.8096385542168675,0.8142014487527981
91,2589.0,2.086374,3929.0,1340.0,1331.271469145913,0.8072289156626506,0.81414359189748
92,2589.0,2.086374,3929.0,1340.0,1331.1856570531752,0.8072289156626506,0.8140911132204941
93,2601.0,2.096044,3929.0,1328.0,1331.0889372861093,0.8,0.8140319639181982
94,2589.0,2.086374,3929.0,1340.0,1330.9917425524002,0.8072289156626506,0.8139725241484371
95,2601.0,2.096044,3929.0,1328.0,1330.9038475784187,0.8,0.813918771678347
96,2593.0,2.089597,3929.0,1336.0,1330.8151595408676,0.8048192771084337,0.8138645342075355
97,2601.0,2.096044,3929.0,1328.0,1330.7258527394324,0.8,0.8138099183295673
98,2593.0,2.089597,3929.0,1336.0,1330.6361014737988,0.8048192771084337,0.8137550306380079
99,2608.0,2.101685,3929.0,1321.0,1330.5364709019825,0.7957831325301205,0.8136941012231731
100,2589.0,2.086374,3929.0,1340.0,1330.4373937316682,0.8072289156626506,0.8136335102429079
101,2609.0,2.102491,3929.0,1320.0,1330.3390355475572,0.7951807228915663,0.8135733589610991
102,2601.0,2.096044,3929.0,1328.0,1330.2415619343508,0.8,0.8135137486416335
103,2589.0,2.086374,3929.0,1340.0,1330.1451384767504,0.8072289156626506,0.8134547805483984
104,2601.0,2.096044,3929.0,1328.0,1330.0211033344478,0.8,0.8133789264355324
105,2609.0,2.102491,3929.0,1320.0,1329.8619607494616,0.7951807228915663,0.8132816022467645
106,2589.0,2.086374,3929.0,1340.0,1329.7088837935357,0.8072289156626506,0.8131879875140653
107,2609.0,2.102491,3929.0,1320.0,1329.5619770464818,0.7951807228915663,0.813098146193574
108,2601.0,2.096044,3929.0,1328.0,1329.4213450881116,0.8,0.8130121422414299
109,2605.0,2.099267,3929.0,1324.0,1329.287092498236,0.7975903614457831,0.8129300396137721
110,2609.0,2.102491,3929.0,1320.0,1329.159323856667,0.7951807228915663,0.8128519022667398
111,2589.0,2.086374,3929.0,1340.0,1329.0643392429715,0.8072289156626506,0.8127938141033852
112,2609.0,2.102491,3929.0,1320.0,1328.901572096022,0.7951807228915663,0.8126942733014288
113,2601.0,2.096044,3929.0,1328.0,1328.810225988265,0.8,0.8126384102787482
114,2601.0,2.096044,3929.0,1328.0,1328.7185617835812,0.8,0.8125823527228105
115,2601.0,2.096044,3929.0,1328.0,1328.6472444527024,0.8,0.8125387383667068
116,2617.0,2.108938,3929.0,1312.0,1328.597738112987,0.7903614457831325,0.8125084625963835
117,2608.0,2.101685,3929.0,1321.0,1328.5509900657974,0.7957831325301205,0.8124798736692299
118,2609.0,2.102491,3929.0,1320.0,1328.507165895834,0.7951807228915663,0.8124530728491322
119,2608.0,2.101685,3929.0,1321.0,1328.466431187799,0.7957831325301205,0.8124281613999775
120,2601.0,2.096044,3929.0,1328.0,1328.400124101384,0.8,0.8123876110759053
121,2601.0,2.096044,3929.0,1328.0,1328.3391854452868,0.8,0.8123503438336408
122,2613.0,2.105714,3929.0,1316.0,1328.2837546592564,0.7927710843373494,0.8123164449480368
123,2605.0,2.099267,3929.0,1324.0,1328.2134369370744,0.7975903614457831,0.8122734419060291
124,2589.0,2.086374,3929.0,1340.0,1328.1681068178273,0.8072289156626506,0.8122457201175282
125,2601.0,2.096044,3929.0,1328.0,1328.128685457924,0.8,0.8122216118508876
126,2589.0,2.086374,3929.0,1340.0,1328.0542438051793,0.8072289156626506,0.8121760868051273
127,2601.0,2.096044,3929.0,1328.0,1327.9833230060851,0.8,0.8121327149493841
128,2601.0,2.096044,3929.0,1328.0,1327.7954540899063,0.8,0.8120178230751356
129,2589.0,2.086374,3929.0,1340.0,1327.6085786819363,0.8072289156626506,0.8119035387842091
130,2593.0,2.089597,3929.0,1336.0,1327.422696782174,0.8048192771084337,0.8117898620766039
131,2601.0,2.096044,3929.0,1328.0,1327.23780839062,0.8,0.8116767929523205
132,2601.0,2.096044,3929.0,1328.0,1327.0539135072745,0.8,0.8115643314113588
133,2589.0,2.086374,3929.0,1340.0,1326.871012132137,0.8072289156626506,0.8114524774537185
134,2613.0,2.105714,3929.0,1316.0,1326.6172344043252,0.7927710843373494,0.8112972788216944
135,2585.0,2.08315,3929.0,1344.0,1326.4316531715208,0.8096385542168675,0.8111837859879892
136,2589.0,2.086374,3929.0,1340.0,1326.2470044420347,0.8072289156626506,0.811070863429858
137,2589.0,2.086374,3929.0,1340.0,1326.063288215867,0.8072289156626506,0.8109585111473007
138,2601.0,2.096044,3929.0,1328.0,1325.8805044930175,0.8,0.8108467291403171
139,2585.0,2.08315,3929.0,1344.0,1325.6986532734861,0.8096385542168675,0.8107355174089073
140,2609.0,2.102491,3929.0,1320.0,1325.5177345572731,0.7951807228915663,0.8106248759530713
141,2609.0,2.102491,3929.0,1320.0,1325.3377483443783,0.7951807228915663,0.8105148047728092
142,2601.0,2.096044,3929.0,1328.0,1325.1586946348016,0.8,0.8104053038681208
143,2609.0,2.102491,3929.0,1320.0,1325.0574465619025,0.7951807228915663,0.8103433852650009
144,2601.0,2.096044,3929.0,1328.0,1324.9519368616893,0.8,0.8102788604492122
145,2601.0,2.096044,3929.0,1328.0,1324.8422352540365,0.8,0.8102117720581805
146,2617.0,2.108938,3929.0,1312.0,1324.7284114588176,0.7903614457831325,0.8101421627293316
147,2609.0,2.102491,3929.0,1320.0,1324.6105351959075,0.7951807228915663,0.8100700751000919
148,2601.0,2.096044,3929.0,1328.0,1324.4886761851803,0.8,0.8099955518078876
149,2601.0,2.096044,3929.0,1328.0,1324.3629041465101,0.8,0.8099186354901444
150,2609.0,2.102491,3929.0,1320.0,1324.2236796581017,0.7951807228915663,0.8098334922810395
151,2600.0,2.095238,3929.0,1329.0,1324.1634678316937,0.8006024096385542,0.8097966695339419
152,2605.0,2.099267,3929.0,1324.0,1323.9945618498155,0.7975903614457831,0.8096933745066193
153,2609.0,2.102491,3929.0,1320.0,1323.8246710747135,0.7951807228915663,0.8095894772256533
154,2608.0,2.101685,3929.0,1321.0,1323.777035842124,0.7957831325301205,0.8095603457372529
155,2608.0,2.101685,3929.0,1321.0,1323.7364858917558,0.7957831325301205,0.8095355472772775
156,2613.0,2.105714,3929.0,1316.0,1323.7031606633577,0.7927710843373494,0.8095151671205795
157,2617.0,2.108938,3929.0,1312.0,1323.6361311047456,0.7903614457831325,0.8094741749661792
158,2617.0,2.108938,3929.0,1312.0,1323.6438342793529,0.7903614457831325,0.8094788858687931
159,2613.0,2.105714,3929.0,1316.0,1323.6571978362517,0.7927710843373494,0.8094870583974368
160,2609.0,2.102491,3929.0,1320.0,1323.6763873601433,0.7951807228915663,0.8094987938159972
161,2601.0,2.096044,3929.0,1328.0,1323.701568435729,0.8,0.8095141933883613
162,2593.0,2.089597,3929.0,1336.0,1323.7425157893806,0.8048192771084337,0.8095392348816653
163,2609.0,2.102491,3929.0,1320.0,1323.7891365978,0.7951807228915663,0.8095677459955166
164,2609.0,2.102491,3929.0,1320.0,1323.8416051606728,0.7951807228915663,0.8095998333234801
165,2608.0,2.101685,3929.0,1321.0,1323.900095777685,0.7957831325301205,0.8096356034591213
166,2605.0,2.099267,3929.0,1324.0,1323.964782748522,0.7975903614457831,0.8096751629960053
167,2601.0,2.096044,3929.0,1328.0,1324.0262312311995,0.8,0.8097127420244478
168,2617.0,2.108938,3929.0,1312.0,1324.1044830750723,0.7903614457831325,0.8097605972055432
169,2617.0,2.108938,3929.0,1312.0,1324.13876782324,0.7903614457831325,0.8097815641598177
170,2608.0,2.101685,3929.0,1321.0,1324.1490924651193,0.7957831325301205,0.8097878782296521
171,2609.0,2.102491,3929.0,1320.0,1324.1663629494724,0.7951807228915663,0.8097984400530599
172,2601.0,2.096044,3929.0,1328.0,1324.229120422789,0.8,0.809836819599177
173,2609.0,2.102491,3929.0,1320.0,1324.2142988490198,0.7951807228915663,0.8098277554153605
174,2609.0,2.102491,3929.0,1320.0,1324.1988410813979,0.7951807228915663,0.8098183021650309
175,2608.0,2.101685,3929.0,1321.0,1324.1828168397976,0.7957831325301205,0.8098085024856144
176,2609.0,2.102491,3929.0,1320.0,1324.1662958440934,0.7951807228915663,0.8097983990145373
177,2601.0,2.096044,3929.0,1328.0,1324.149347814159,0.8,0.8097880343892252
178,2593.0,2.089597,3929.0,1336.0,1324.1320424698692,0.8048192771084337,0.8097774512471047
179,2605.0,2.099267,3929.0,1324.0,1324.114449531098,0.7975903614457831,0.8097666922256013
180,2608.0,2.101685,3929.0,1321.0,1324.0966387177198,0.7957831325301205,0.8097557999621416
181,2601.0,2.096044,3929.0,1328.0,1324.0786797496087,0.8,0.8097448170941514
182,2608.0,2.101685,3929.0,1321.0,1324.0606423466393,0.7957831325301205,0.809733786259057
183,2597.0,2.092821,3929.0,1332.0,1324.0425962286856,0.8024096385542169,0.8097227500942844
184,2601.0,2.096044,3929.0,1328.0,1323.9835426236887,0.8,0.8096866356614275
185,2601.0,2.096044,3929.0,1328.0,1323.9219529582656,0.8,0.8096489702921971
186,2601.0,2.096044,3929.0,1328.0,1323.8989305842863,0.8,0.8096348908811379
187,2608.0,2.101685,3929.0,1321.0,1323.876108654946,0.7957831325301205,0.8096209340526789
188,2609.0,2.102491,3929.0,1320.0,1323.853556890118,0.7951807228915663,0.8096071424442458
189,2609.0,2.102491,3929.0,1320.0,1323.780667376074,0.7951807228915663,0.8095625666141835
190,2617.0,2.108938,3929.0,1312.0,1323.6849777201505,0.7903614457831325,0.809504047279858
191,2601.0,2.096044,3929.0,1328.0,1323.5850569393576,0.8,0.8094429403867371
192,2617.0,2.108938,3929.0,1312.0,1323.4809137486798,0.7903614457831325,0.8093792512644993
193,2608.0,2.101685,3929.0,1321.0,1323.4444267239844,0.7957831325301205,0.8093569375005288
194,2608.0,2.101685,3929.0,1321.0,1323.3365317325727,0.7957831325301205,0.8092909539518001
195,2605.0,2.099267,3929.0,1324.0,1323.2245014811194,0.7975903614457831,0.8092224414707372
196,2601.0,2.096044,3929.0,1328.0,1323.108344684608,0.8,0.8091514053870181
197,2601.0,2.096044,3929.0,1328.0,1323.0188714269732,0.8,0.8090966877121953
198,2609.0,2.102491,3929.0,1320.0,1322.9683576350747,0.7951807228915663,0.8090657958310653
199,2605.0,2.099267,3929.0,1324.0,1322.9184364621076,0.7975903614457831,0.8090352663680571
200,2601.0,2.096044,3929.0,1328.0,1322.8691776279459,0.8,0.8090051419605966
201,2609.0,2.102491,3929.0,1320.0,1322.8206508524638,0.7951807228915663,0.8089754652461099
202,2609.0,2.102491,3929.0,1320.0,1322.7729258555362,0.7951807228915663,0.8089462788620233
203,2601.0,2.096044,3929.0,1328.0,1322.7260723570364,0.8,0.8089176254457625
204,2617.0,2.108938,3929.0,1312.0,1322.680160076839,0.7903614457831325,0.8088895476347537
205,2601.0,2.096044,3929.0,1328.0,1322.6352587348185,0.8,0.8088620880664231
206,2601.0,2.096044,3929.0,1328.0,1322.5914380508493,0.8,0.8088352893781969
207,2601.0,2.096044,3929.0,1328.0,1322.5487677448052,0.8,0.8088091942075009
208,2597.0,2.092821,3929.0,1332.0,1322.5894545204267,0.8024096385542169,0.808834076343425
209,2601.0,2.096044,3929.0,1328.0,1322.6778331760356,0.8,0.8088881246106584
210,2601.0,2.096044,3929.0,1328.0,1322.7345729527053,0.8,0.8089228240139371
211,2597.0,2.092821,3929.0,1332.0,1322.8393183487972,0.8024096385542169,0.8089868814169426
212,2609.0,2.102491,3929.0,1320.0,1322.9538070973165,0.7951807228915663,0.8090568974002426
213,2597.0,2.092821,3929.0,1332.0,1323.0782134979497,0.8024096385542169,0.8091329785574025
214,2601.0,2.096044,3929.0,1328.0,1323.0895063745832,0.8,0.8091398847544917
215,2601.0,2.096044,3929.0,1328.0,1323.1030651471299,0.8,0.8091481766679284
216,2609.0,2.102491,3929.0,1320.0,1323.1189595354642,0.7951807228915663,0.8091578969351387
217,2609.0,2.102491,3929.0,1320.0,1323.1372592594605,0.7951807228915663,0.8091690881935487
218,2589.0,2.086374,3929.0,1340.0,1323.1580340389933,0.8072289156626506,0.8091817930805847
219,2591.0,2.087985,3929.0,1338.0,1323.0992166100707,0.8060240963855422,0.8091458230820089
220,2609.0,2.102491,3929.0,1320.0,1323.0376801060518,0.7951807228915663,0.8091081902238159
221,2613.0,2.105714,3929.0,1316.0,1323.0555615108026,0.7927710843373494,0.8091191256576694
222,2625.0,2.115385,3929.0,1304.0,1323.0760574108383,0.7855421686746988,0.809131659995001
223,2608.0,2.101685,3929.0,1321.0,1323.0992375260328,0.7957831325301205,0.8091458358732365
224,2601.0,2.096044,3929.0,1328.0,1323.1251715762608,0.8,0.8091616959298024
225,2609.0,2.102491,3929.0,1320.0,1323.1128607894632,0.7951807228915663,0.8091541672262924
226,2609.0,2.102491,3929.0,1320.0,1323.0699752233074,0.7951807228915663,0.8091279404125434
227,2589.0,2.086374,3929.0,1340.0,1323.025351017787,0.8072289156626506,0.8091006503279814
228,2605.0,2.099267,3929.0,1324.0,1322.978996887887,0.7975903614457831,0.8090723023022851
229,2605.0,2.099267,3929.0,1324.0,1322.9309215485907,0.7975903614457831,0.8090429016651323
230,2608.0,2.101685,3929.0,1321.0,1322.8708665918998,0.7957831325301205,0.8090061748522434
231,2601.0,2.096044,3929.0,1328.0,1322.8084411594841,0.8,0.8089679983668678
232,2608.0,2.101685,3929.0,1321.0,1322.8205183847028,0.7957831325301205,0.8089753842350004
233,2601.0,2.096044,3929.0,1328.0,1322.825031003564,0.8,0.8089781439424031
234,2589.0,2.086374,3929.0,1340.0,1322.8220487359424,0.8072289156626506,0.8089763201265026
235,2609.0,2.102491,3929.0,1320.0,1322.8500778683922,0.7951807228915663,0.8089934614377222
236,2609.0,2.102491,3929.0,1320.0,1322.8297179221113,0.7951807228915663,0.8089810102433714
237,2613.0,2.105714,3929.0,1316.0,1322.8789802422668,0.7927710843373494,0.8090111367827033
238,2608.0,2.101685,3929.0,1321.0,1322.9158672847414,0.7957831325301205,0.8090336951789062
239,2609.0,2.102491,3929.0,1320.0,1322.9507856122661,0.7951807228915663,0.8090550496007901
240,2608.0,2.101685,3929.0,1321.0,1322.8974011045448,0.7957831325301205,0.8090224021236412
241,2609.0,2.102491,3929.0,1320.0,1322.837929180302,0.7951807228915663,0.8089860318662276
242,2601.0,2.096044,3929.0,1328.0,1322.772448274397,0.8,0.8089459867956544
243,2591.0,2.087985,3929.0,1338.0,1322.6907696987046,0.8060240963855422,0.8088960359850673
244,2609.0,2.102491,3929.0,1320.0,1322.6128394377517,0.7951807228915663,0.8088483774690995
245,2609.0,2.102491,3929.0,1320.0,1322.490690218048,0.7951807228915663,0.8087736766986092
246,2601.0,2.096044,3929.0,1328.0,1322.3167304167846,0.8,0.8086672909908638
247,2609.0,2.102491,3929.0,1320.0,1322.1416376675645,0.7951807228915663,0.8085602124249446
248,2605.0,2.099267,3929.0,1324.0,1321.9654119703878,0.7975903614457831,0.8084524410008517
249,2601.0,2.096044,3929.0,1328.0,1321.788053325254,0.8,0.8083439767185848
250,2609.0,2.102491,3929.0,1320.0,1321.6198288551464,0.7951807228915663,0.8082410984721019
251,2613.0,2.105714,3929.0,1316.0,1321.45113813338,0.7927710843373494,0.8081379350878324
252,2613.0,2.105714,3929.0,1316.0,1321.281989874939,0.7927710843373494,0.8080344918954542
253,2609.0,2.102491,3929.0,1320.0,1321.1123927948072,0.7951807228915663,0.8079307742246455
254,2609.0,2.102491,3929.0,1320.0,1320.9423556079694,0.7951807228915663,0.807826787405085
255,2589.0,2.086374,3929.0,1340.0,1320.8795615317183,0.8072289156626506,0.8077883854743189
256,2609.0,2.102491,3929.0,1320.0,1320.854219228923,0.7951807228915663,0.807772887302907
257,2609.0,2.102491,3929.0,1320.0,1320.8280315726527,0.7951807228915663,0.807756872152704
258,2609.0,2.102491,3929.0,1320.0,1320.801138002655,0.7951807228915663,0.8077404252985617
259,2617.0,2.108938,3929.0,1312.0,1320.7640688170093,0.7903614457831325,0.8077177555120832
260,2601.0,2.096044,3929.0,1328.0,1320.6983944384535,0.8,0.8076775921226528
261,2601.0,2.096044,3929.0,1328.0,1320.6638482407573,0.8,0.8076564652780304
262,2617.0,2.108938,3929.0,1312.0,1320.5578897188536,0.7903614457831325,0.8075916659838112
263,2601.0,2.096044,3929.0,1328.0,1320.5197224451886,0.8,0.8075683246578722
264,2609.0,2.102491,3929.0,1320.0,1320.4103432919537,0.7951807228915663,0.8075014334649359
265,2609.0,2.102491,3929.0,1320.0,1320.2682585457035,0.7951807228915663,0.8074145410554259
266,2609.0,2.102491,3929.0,1320.0,1320.1243131503088,0.7951807228915663,0.8073265107596073
267,2601.0,2.096044,3929.0,1328.0,1319.9785506806918,0.8,0.8072373692258719
268,2608.0,2.101685,3929.0,1321.0,1319.8694512784527,0.7957831325301205,0.8071706491156079
269,2609.0,2.102491,3929.0,1320.0,1319.756024886517,0.7951807228915663,0.8071012828200875
270,2609.0,2.102491,3929.0,1320.0,1319.5614768063842,0.7951807228915663,0.8069823062804208
271,2601.0,2.096044,3929.0,1328.0,1319.3987541058546,0.8,0.8068827926598235
272,2617.0,2.108938,3929.0,1312.0,1319.3159373532146,0.7903614457831325,0.8068321457932556
273,2609.0,2.102491,3929.0,1320.0,1319.1925575777302,0.7951807228915663,0.806756692472195
274,2597.0,2.092821,3929.0,1332.0,1319.108189557888,0.8024096385542169,0.8067050969228967
275,2609.0,2.102491,3929.0,1320.0,1319.0218693815661,0.7951807228915663,0.8066523075256681
276,2609.0,2.102491,3929.0,1320.0,1318.9337016285765,0.7951807228915663,0.8065983882366484
277,2609.0,2.102491,3929.0,1320.0,1318.843790878731,0.7951807228915663,0.8065434030119771
278,2625.0,2.115385,3929.0,1304.0,1318.7522417118396,0.7855421686746988,0.8064874158077926
279,2601.0,2.096044,3929.0,1328.0,1318.7002271996475,0.8,0.8064556061560662
280,2617.0,2.108938,3929.0,1312.0,1318.6494502152243,0.7903614457831325,0.8064245533186531
281,2617.0,2.108938,3929.0,1312.0,1318.600050198317,0.7903614457831325,0.8063943425704047
282,2608.0,2.101685,3929.0,1321.0,1318.5521665886754,0.7957831325301205,0.8063650591861737
283,2609.0,2.102491,3929.0,1320.0,1318.505938826047,0.7951807228915663,0.8063367884408119
284,2601.0,2.096044,3929.0,1328.0,1318.461506350181,0.8,0.8063096156091718
285,2609.0,2.102491,3929.0,1320.0,1318.4190086008257,0.7951807228915663,0.8062836259661053
286,2609.0,2.102491,3929.0,1320.0,1318.3785850177296,0.7951807228915663,0.8062589047864647
287,2597.0,2.092821,3929.0,1332.0,1318.3403750406412,0.8024096385542169,0.806235537345102
288,2601.0,2.096044,3929.0,1328.0,1318.3045181093094,0.8,0.8062136089168697
289,2617.0,2.108938,3929.0,1312.0,1318.271153663482,0.7903614457831325,0.8061932047766194
290,2609.0,2.102491,3929.0,1320.0,1318.2404211429084,0.7951807228915663,0.806174410199204
291,2609.0,2.102491,3929.0,1320.0,1318.212459987336,0.7951807228915663,0.8061573104594747
292,2601.0,2.096044,3929.0,1328.0,1318.1874096365145,0.8,0.8061419908322847
293,2617.0,2.108938,3929.0,1312.0,1318.1654095301915,0.7903614457831325,0.8061285365924853
294,2601.0,2.096044,3929.0,1328.0,1318.06446212425,0.8,0.8060668018632654
295,2609.0,2.102491,3929.0,1320.0,1317.9615102719238,0.7951807228915663,0.8060038413080458
296,2613.0,2.105714,3929.0,1316.0,1317.856623693087,0.7927710843373494,0.8059396975642527
297,2617.0,2.108938,3929.0,1312.0,1317.749872107613,0.7903614457831325,0.8058744132693115
298,2609.0,2.102491,3929.0,1320.0,1317.6413252353775,0.7951807228915663,0.8058080310606491
299,2609.0,2.102491,3929.0,1320.0,1317.5310527962538,0.7951807228915663,0.8057405935756912
300,2613.0,2.105714,3929.0,1316.0,1317.4191245101167,0.7927710843373494,0.8056721434518641
301,2609.0,2.102491,3929.0,1320.0,1317.315877219823,0.7951807228915663,0.8056090022205513
302,2609.0,2.102491,3929.0,1320.0,1317.2117802185621,0.7951807228915663,0.8055453413456085
303,2601.0,2.096044,3929.0,1328.0,1317.1377133101416,0.8,0.8055000454760133
304,2609.0,2.102491,3929.0,1320.0,1317.0649536493638,0.7951807228915663,0.8054555490581573
305,2609.0,2.102491,3929.0,1320.0,1316.9936058160397,0.7951807228915663,0.8054119160481794
306,2621.0,2.112161,3929.0,1308.0,1316.885337823301,0.7879518072289157,0.8053457043892212
307,2609.0,2.102491,3929.0,1320.0,1316.8197244496348,0.7951807228915663,0.8053055783075382
308,2625.0,2.115385,3929.0,1304.0,1316.7558017829192,0.7855421686746988,0.8052664861834377
309,2617.0,2.108938,3929.0,1312.0,1316.6628730340162,0.7903614457831325,0.8052096552911847
310,2625.0,2.115385,3929.0,1304.0,1316.5698440627941,0.7855421686746988,0.8051527631076318
311,2617.0,2.108938,3929.0,1312.0,1316.4767933041105,0.7903614457831325,0.8050958575998829
312,2633.0,2.121832,3929.0,1296.0,1316.3837991928258,0.7807228915662651,0.8050389867350433
313,2617.0,2.108938,3929.0,1312.0,1316.2806730408138,0.7903614457831325,0.8049759195862585
314,2633.0,2.121832,3929.0,1296.0,1316.1770937096192,0.7807228915662651,0.8049125752942041
315,2617.0,2.108938,3929.0,1312.0,1316.073130919116,0.7903614457831325,0.8048489964963064
316,2625.0,2.115385,3929.0,1304.0,1315.968854389179,0.7855421686746988,0.8047852258299913
317,2625.0,2.115385,3929.0,1304.0,1315.8643338396816,0.7855421686746988,0.8047213059326849
318,2609.0,2.102491,3929.0,1320.0,1315.769906113482,0.7951807228915663,0.8046635583357712
319,2609.0,2.102491,3929.0,1320.0,1315.742646514145,0.7951807228915663,0.8046468876351424
320,2613.0,2.105714,3929.0,1316.0,1315.7204337622056,0.7927710843373494,0.8046333033511935
321,2617.0,2.108938,3929.0,1312.0,1315.6477351063174,0.7903614457831325,0.8045888442410851
322,2609.0,2.102491,3929.0,1320.0,1315.5779646851481,0.7951807228915663,0.804546175902872
323,2617.0,2.108938,3929.0,1312.0,1315.5470317199358,0.7903614457831325,0.8045272587428565
324,2609.0,2.102491,3929.0,1320.0,1315.5113752332427,0.7951807228915663,0.8045054528972242
325,2609.0,2.102491,3929.0,1320.0,1315.4711346648166,0.7951807228915663,0.8044808436408272
326,2608.0,2.101685,3929.0,1321.0,1315.426449454406,0.7957831325301205,0.8044535162485172
327,2621.0,2.112161,3929.0,1308.0,1315.3005859084008,0.7879518072289157,0.8043765439691523
328,2609.0,2.102491,3929.0,1320.0,1315.175750730541,0.7951807228915663,0.8043002005918221
329,2617.0,2.108938,3929.0,1312.0,1315.052013640701,0.7903614457831325,0.8042245287539528
330,2621.0,2.112161,3929.0,1308.0,1314.9678809254344,0.7879518072289157,0.8041730771059675
331,2609.0,2.102491,3929.0,1320.0,1314.8823886726202,0.7951807228915663,0.804120794028174
332,2617.0,2.108938,3929.0,1312.0,1314.7956414620687,0.7903614457831325,0.8040677434767108
333,2609.0,2.102491,3929.0,1320.0,1314.7461804402715,0.7951807228915663,0.8040374954207146
334,2621.0,2.112161,3929.0,1308.0,1314.6930765550444,0.7879518072289157,0.8040050195592059
335,2624.0,2.114579,3929.0,1305.0,1314.6364692461357,0.786144578313253,0.8039704011670367
336,2616.0,2.108132,3929.0,1313.0,1314.5764979532937,0.7909638554216868,0.803933725519059
337,2613.0,2.105714,3929.0,1316.0,1314.5133021162671,0.7927710843373494,0.8038950778901252
338,2613.0,2.105714,3929.0,1316.0,1314.4470211748048,0.7927710843373494,0.8038545435550875
339,2609.0,2.102491,3929.0,1320.0,1314.3009214352958,0.7951807228915663,0.8037651957628033
340,2617.0,2.108938,3929.0,1312.0,1314.2443498578225,0.7903614457831325,0.8037305992223148
341,2621.0,2.112161,3929.0,1308.0,1314.09856821524,0.7879518072289157,0.8036414459632871
342,2609.0,2.102491,3929.0,1320.0,1313.9553923529575,0.7951807228915663,0.8035538862780589
343,2617.0,2.108938,3929.0,1312.0,1313.81489199085,0.7903614457831325,0.8034679628040566
344,2601.0,2.096044,3929.0,1328.0,1313.6771368487914,0.8,0.8033837181787062
345,2601.0,2.096044,3929.0,1328.0,1313.5421966466558,0.8,0.8033011950394336
346,2621.0,2.112161,3929.0,1308.0,1313.4101411043182,0.7879518072289157,0.8032204360236652
347,2629.0,2.118608,3929.0,1300.0,1313.2810399416521,0.7831325301204819,0.8031414837688269
348,2608.0,2.101685,3929.0,1321.0,1313.154962878532,0.7957831325301205,0.8030643809123446
349,2609.0,2.102491,3929.0,1320.0,1313.0319796348324,0.7951807228915663,0.8029891700916447
350,2617.0,2.108938,3929.0,1312.0,1312.9121599304272,0.7903614457831325,0.8029158939441531
351,2617.0,2.108938,3929.0,1312.0,1312.7955734851907,0.7903614457831325,0.8028445951072958
352,2613.0,2.105714,3929.0,1316.0,1312.6822900189977,0.7927710843373494,0.8027753162184993
353,2625.0,2.115385,3929.0,1304.0,1312.5723792517215,0.7855421686746988,0.802708099915189
354,2625.0,2.115385,3929.0,1304.0,1312.4659109032373,0.7855421686746988,0.8026429888347916
355,2625.0,2.115385,3929.0,1304.0,1312.3629546934187,0.7855421686746988,0.8025800256147327
356,2625.0,2.115385,3929.0,1304.0,1312.2635803421404,0.7855421686746988,0.8025192528924388
357,2617.0,2.108938,3929.0,1312.0,1312.244730702636,0.7903614457831325,0.8025077253313306
358,2613.0,2.105714,3929.0,1316.0,1312.2244082307875,0.7927710843373494,0.8024952970545964
359,2601.0,2.096044,3929.0,1328.0,1312.2027523663442,0.8,0.8024820533370887
360,2609.0,2.102491,3929.0,1320.0,1312.1799025490534,0.7951807228915663,0.8024680794536588
361,2617.0,2.108938,3929.0,1312.0,1312.1559982186648,0.7903614457831325,0.8024534606791598
362,2625.0,2.115385,3929.0,1304.0,1312.1311788149264,0.7855421686746988,0.8024382822884434
363,2617.0,2.108938,3929.0,1312.0,1312.0287106442279,0.7903614457831325,0.8023756175303672
364,2625.0,2.115385,3929.0,1304.0,1311.9308004103088,0.7855421686746988,0.8023157401940209
365,2609.0,2.102491,3929.0,1320.0,1311.9143909664035,0.7951807228915663,0.8023057049428255
366,2617.0,2.108938,3929.0,1312.0,1311.8206116350345,0.7903614457831325,0.8022483538739744
367,2617.0,2.108938,3929.0,1312.0,1311.7316691199424,0.7903614457831325,0.8021939607765575
368,2617.0,2.108938,3929.0,1312.0,1311.7245062743607,0.7903614457831325,0.8021895803139958
369,2593.0,2.089597,3929.0,1336.0,1311.7171255541718,0.8048192771084337,0.8021850666094775
370,2629.0,2.118608,3929.0,1300.0,1311.7096663991242,0.7831325301204819,0.8021805049378548
371,2621.0,2.112161,3929.0,1308.0,1311.702268248967,0.7879518072289157,0.80217598057398
372,2617.0,2.108938,3929.0,1312.0,1311.6950705434479,0.7903614457831325,0.8021715787927052
373,2601.0,2.096044,3929.0,1328.0,1311.688212722316,0.8,0.8021673848688824
374,2609.0,2.102491,3929.0,1320.0,1311.6818342253196,0.7951807228915663,0.802163484077364
375,2617.0,2.108938,3929.0,1312.0,1311.6760744922074,0.7903614457831325,0.8021599616930022
376,2624.0,2.114579,3929.0,1305.0,1311.6710729627275,0.786144578313253,0.8021569029906488
377,2609.0,2.102491,3929.0,1320.0,1311.666969076629,0.7951807228915663,0.8021543932451561
378,2613.0,2.105714,3929.0,1316.0,1311.6639022736597,0.7927710843373494,0.8021525177313764
379,2617.0,2.108938,3929.0,1312.0,1311.662011993569,0.7903614457831325,0.8021513617241619
380,2625.0,2.115385,3929.0,1304.0,1311.6614376761047,0.7855421686746988,0.8021510104983646
381,2617.0,2.108938,3929.0,1312.0,1311.6623187610155,0.7903614457831325,0.8021515493288366
382,2613.0,2.105714,3929.0,1316.0,1311.626358121371,0.7927710843373494,0.8021295574774331
383,2613.0,2.105714,3929.0,1316.0,1311.5125918450483,0.7927710843373494,0.8020599833244607
384,2633.0,2.121832,3929.0,1296.0,1311.3594913586649,0.7807228915662651,0.8019663542016301
385,2613.0,2.105714,3929.0,1316.0,1311.2465617208336,0.7927710843373494,0.8018972916977709
386,2617.0,2.108938,3929.0,1312.0,1311.053264240946,0.7903614457831325,0.8017790799669348
387,2609.0,2.102491,3929.0,1320.0,1310.9001376096096,0.7951807228915663,0.8016854348550694
388,2617.0,2.108938,3929.0,1312.0,1310.7050448429593,0.7903614457831325,0.8015661252105115
389,2617.0,2.108938,3929.0,1312.0,1310.5037557224846,0.7903614457831325,0.8014430261647111
390,2625.0,2.115385,3929.0,1304.0,1310.334671954927,0.7855421686746988,0.8013396224119519
391,2625.0,2.115385,3929.0,1304.0,1310.23886203222,0.7855421686746988,0.8012810295280661
392,2617.0,2.108938,3929.0,1312.0,1310.1395225408792,0.7903614457831325,0.8012202781244855
393,2617.0,2.108938,3929.0,1312.0,1310.0367232007773,0.7903614457831325,0.8011574108386351
394,2613.0,2.105714,3929.0,1316.0,1309.9305337317899,0.7927710843373494,0.801092470307942
395,2625.0,2.115385,3929.0,1304.0,1309.8594604204707,0.7855421686746988,0.8010490051828292
396,2617.0,2.108938,3929.0,1312.0,1309.8236078466307,0.7903614457831325,0.8010270794194357
397,2629.0,2.118608,3929.0,1300.0,1309.8641839419518,0.7831325301204819,0.801051893868446
398,2629.0,2.118608,3929.0,1300.0,1309.9018928074438,0.7831325301204819,0.8010749548533086
399,2633.0,2.121832,3929.0,1296.0,1309.93694360273,0.7807228915662651,0.8010963902863023
400,2609.0,2.102491,3929.0,1320.0,1309.9695454874325,0.7951807228915663,0.8011163280797046
401,2617.0,2.108938,3929.0,1312.0,1309.999907621174,0.7903614457831325,0.801134896145794
402,2629.0,2.118608,3929.0,1300.0,1310.028239163578,0.7831325301204819,0.801152222396849
403,2613.0,2.105714,3929.0,1316.0,1310.054749274267,0.7927710843373494,0.8011684347451477
404,2625.0,2.115385,3929.0,1304.0,1310.0796471128638,0.7855421686746988,0.8011836611029683
405,2617.0,2.108938,3929.0,1312.0,1310.103141838991,0.7903614457831325,0.8011980293825891
406,2617.0,2.108938,3929.0,1312.0,1310.0433056284057,0.7903614457831325,0.8011614363446248
407,2621.0,2.112161,3929.0,1308.0,1309.9771510542155,0.7879518072289157,0.8011209792899218
408,2641.0,2.128278,3929.0,1288.0,1309.904817556169,0.7759036144578313,0.8010767434933327
409,2625.0,2.115385,3929.0,1304.0,1309.8264445740147,0.7855421686746988,0.8010288142297094
410,2613.0,2.105714,3929.0,1316.0,1309.7524386704843,0.7927710843373494,0.8009835556678621
411,2625.0,2.115385,3929.0,1304.0,1309.7041402275904,0.7855421686746988,0.8009540185909457
412,2625.0,2.115385,3929.0,1304.0,1309.6220947510594,0.7855421686746988,0.8009038434009038
413,2625.0,2.115385,3929.0,1304.0,1309.5352778206336,0.7855421686746988,0.8008507502120145
414,2613.0,2.105714,3929.0,1316.0,1309.443837591046,0.7927710843373494,0.8007948296288083
415,2625.0,2.115385,3929.0,1304.0,1309.3479222170297,0.7855421686746988,0.8007361722558158
416,2609.0,2.102491,3929.0,1320.0,1309.2784812222665,0.7951807228915663,0.8006937053794411
417,2617.0,2.108938,3929.0,1312.0,1309.1684249147531,0.7903614457831325,0.8006264000705041
418,2617.0,2.108938,3929.0,1312.0,1309.058961226171,0.7903614457831325,0.8005594571796888
419,2629.0,2.118608,3929.0,1300.0,1308.9091611043357,0.7831325301204819,0.8004678464060154
420,2617.0,2.108938,3929.0,1312.0,1308.7575656957376,0.7903614457831325,0.8003751377186202
421,2625.0,2.115385,3929.0,1304.0,1308.6479799973758,0.7855421686746988,0.8003081202123095
422,2617.0,2.108938,3929.0,1312.0,1308.5447388075713,0.7903614457831325,0.8002449827117716
423,2617.0,2.108938,3929.0,1312.0,1308.365844582207,0.7903614457831325,0.8001355793401954
424,2617.0,2.108938,3929.0,1312.0,1308.2293086664495,0.7903614457831325,0.8000520803368334
425,2609.0,2.102491,3929.0,1320.0,1308.0557305814975,0.7951807228915663,0.7999459280689958
426,2617.0,2.108938,3929.0,1312.0,1307.883616613905,0.7903614457831325,0.7998406711871056
427,2609.0,2.102491,3929.0,1320.0,1307.7130364835464,0.7951807228915663,0.7997363523285894
428,2633.0,2.121832,3929.0,1296.0,1307.5440599102956,0.7807228915662651,0.799633014130873
429,2613.0,2.105714,3929.0,1316.0,1307.376756614027,0.7927710843373494,0.7995306992313823
430,2625.0,2.115385,3929.0,1304.0,1307.2015871729452,0.7855421686746988,0.7994235737642945
431,2617.0,2.108938,3929.0,1312.0,1307.038488856593,0.7903614457831325,0.7993238304345642
432,2613.0,2.105714,3929.0,1316.0,1306.8772642618617,0.7927710843373494,0.7992252329856601
433,2625.0,2.115385,3929.0,1304.0,1306.717983108625,0.7855421686746988,0.7991278240550076
434,2625.0,2.115385,3929.0,1304.0,1306.560715116758,0.7855421686746988,0.7990316462800333
435,2617.0,2.108938,3929.0,1312.0,1306.4055300061343,0.7903614457831325,0.7989367422981631
436,2625.0,2.115385,3929.0,1304.0,1306.2428883549585,0.7855421686746988,0.7988372782435738
437,2625.0,2.115385,3929.0,1304.0,1306.0927274327737,0.7855421686746988,0.7987454468212203
438,2609.0,2.102491,3929.0,1320.0,1305.944849836471,0.7951807228915663,0.798655011774571
439,2625.0,2.115385,3929.0,1304.0,1305.7993252859246,0.7855421686746988,0.798566015741052
440,2617.0,2.108938,3929.0,1312.0,1305.6562235010085,0.7903614457831325,0.798478501358089
441,2609.0,2.102491,3929.0,1320.0,1305.5156142015974,0.7951807228915663,0.7983925112631084
442,2617.0,2.108938,3929.0,1312.0,1305.3775671075653,0.7903614457831325,0.7983080880935363
443,2625.0,2.115385,3929.0,1304.0,1305.2421519387865,0.7855421686746988,0.7982252744867986
444,2625.0,2.115385,3929.0,1304.0,1305.1094384151354,0.7855421686746988,0.7981441130803215
445,2617.0,2.108938,3929.0,1312.0,1304.9794962564858,0.7903614457831325,0.7980646465115309
446,2625.0,2.115385,3929.0,1304.0,1304.852395182713,0.7855421686746988,0.7979869174178534
447,2625.0,2.115385,3929.0,1304.0,1304.72820491369,0.7855421686746988,0.7979109684367143
448,2625.0,2.115385,3929.0,1304.0,1304.683868302651,0.7855421686746988,0.797883854231535
449,2617.0,2.108938,3929.0,1312.0,1304.6373878054785,0.7903614457831325,0.7978554289255037
450,2625.0,2.115385,3929.0,1304.0,1304.588902861921,0.7855421686746988,0.7978257777934726
451,2625.0,2.115385,3929.0,1304.0,1304.5001163450477,0.7855421686746988,0.7977714800972967
452,2625.0,2.115385,3929.0,1304.0,1304.4122013266024,0.7855421686746988,0.7977177153689466
453,2625.0,2.115385,3929.0,1304.0,1304.325262386397,0.7855421686746988,0.797664547564562
454,2629.0,2.118608,3929.0,1300.0,1304.2394041042423,0.7831325301204819,0.7976120406402811
455,2617.0,2.108938,3929.0,1312.0,1304.1162944932705,0.7903614457831325,0.7975367525392465
456,2633.0,2.121832,3929.0,1296.0,1303.9970717652889,0.7807228915662651,0.7974638414747157
457,2621.0,2.112161,3929.0,1308.0,1303.922874132104,0.7879518072289157,0.7974184656599466
458,2617.0,2.108938,3929.0,1312.0,1303.8143011149155,0.7903614457831325,0.7973520674622494
459,2625.0,2.115385,3929.0,1304.0,1303.7098590002768,0.7855421686746988,0.7972881955320473
460,2621.0,2.112161,3929.0,1308.0,1303.6096175080625,0.7879518072289157,0.7972268925067666
461,2617.0,2.108938,3929.0,1312.0,1303.5136463581464,0.7903614457831325,0.7971682010238331
462,2617.0,2.108938,3929.0,1312.0,1303.422015270403,0.7903614457831325,0.7971121637206731
463,2608.0,2.101685,3929.0,1321.0,1303.3347939647067,0.7957831325301205,0.7970588232347126
464,2633.0,2.121832,3929.0,1296.0,1303.2520521609315,0.7807228915662651,0.7970082222033775
465,2617.0,2.108938,3929.0,1312.0,1303.1738595789518,0.7903614457831325,0.7969604032640942
466,2625.0,2.115385,3929.0,1304.0,1303.1387225053215,0.7855421686746988,0.7969389150672861
467,2625.0,2.115385,3929.0,1304.0,1303.1056770279188,0.7855421686746988,0.7969187059932601
468,2625.0,2.115385,3929.0,1304.0,1303.1132642932353,0.7855421686746988,0.7969233460111532
469,2625.0,2.115385,3929.0,1304.0,1303.1205552490862,0.7855421686746988,0.7969278048199856
470,2629.0,2.118608,3929.0,1300.0,1303.045552351354,0.7831325301204819,0.7968819365429454
471,2640.0,2.127473,3929.0,1289.0,1302.9651984532723,0.7765060240963856,0.7968327958434537
472,2633.0,2.121832,3929.0,1296.0,1302.961700258581,0.7807228915662651,0.7968306565106
473,2637.0,2.125055,3929.0,1292.0,1303.0255880653594,0.7783132530120482,0.7968697273159876
474,2633.0,2.121832,3929.0,1296.0,1303.003055473497,0.7807228915662651,0.7968559474328467
475,2625.0,2.115385,3929.0,1304.0,1302.9711063411173,0.7855421686746988,0.796836408832346
476,2633.0,2.121832,3929.0,1296.0,1302.9394805346544,0.7807228915662651,0.7968170679629087
477,2633.0,2.121832,3929.0,1296.0,1302.8884412292039,0.7807228915662651,0.7967858547021798
478,2633.0,2.121832,3929.0,1296.0,1302.9105232563788,0.7807228915662651,0.7967993590409546
479,2640.0,2.127473,3929.0,1289.0,1302.9290539274587,0.7765060240963856,0.7968106915358385
480,2629.0,2.118608,3929.0,1300.0,1302.9442336870818,0.7831325301204819,0.7968199747694314
481,2629.0,2.118608,3929.0,1300.0,1302.9151944879543,0.7831325301204819,0.7968022157485019
482,2625.0,2.115385,3929.0,1304.0,1302.8805384814564,0.7855421686746988,0.7967810217499336
483,2641.0,2.128278,3929.0,1288.0,1302.7731672606,0.7759036144578313,0.7967153585148683
484,2629.0,2.118608,3929.0,1300.0,1302.5855502074676,0.7831325301204819,0.7966006206683218
485,2640.0,2.127473,3929.0,1289.0,1302.3972272406083,0.7765060240963856,0.7964854511178364
486,2641.0,2.128278,3929.0,1288.0,1302.2466697866384,0.7759036144578313,0.796393377195122
487,2633.0,2.121832,3929.0,1296.0,1302.0928790735,0.7807228915662651,0.7962993259617734
488,2641.0,2.128278,3929.0,1288.0,1302.0031888127564,0.7759036144578313,0.7962444755779619
489,2633.0,2.121832,3929.0,1296.0,1301.9058598682893,0.7807228915662651,0.7961849537311556
490,2625.0,2.115385,3929.0,1304.0,1301.815895957039,0.7855421686746988,0.7961299359954466
491,2633.0,2.121832,3929.0,1296.0,1301.6462962624119,0.7807228915662651,0.7960262167257344
492,2629.0,2.118608,3929.0,1300.0,1301.556140621508,0.7831325301204819,0.795971081737104
493,2633.0,2.121832,3929.0,1296.0,1301.4686953407154,0.7807228915662651,0.7959176042784122
494,2624.0,2.114579,3929.0,1305.0,1301.3840998597832,0.786144578313253,0.7958658696245112
495,2621.0,2.112161,3929.0,1308.0,1301.3024936184602,0.7879518072289157,0.7958159630502536
496,2625.0,2.115385,3929.0,1304.0,1301.2240160564945,0.7855421686746988,0.7957679698304913
497,2641.0,2.128278,3929.0,1288.0,1301.1488066136346,0.7759036144578313,0.7957219752400763
498,2640.0,2.127473,3929.0,1289.0,1301.0770047296294,0.7765060240963856,0.7956780645538609
499,2625.0,2.115385,3929.0,1304.0,1301.008749844227,0.7855421686746988,0.7956363230466973
500,2625.0,2.115385,3929.0,1304.0,1300.9057448304966,0.7855421686746988,0.7955733299804404
501,2617.0,2.108938,3929.0,1312.0,1300.8475993268619,0.7903614457831325,0.7955377709000582
502,2621.0,2.112161,3929.0,1308.0,1300.7933842811387,0.7879518072289157,0.7955046155045713
503,2625.0,2.115385,3929.0,1304.0,1300.7432391330756,0.7855421686746988,0.7954739490688318
504,2629.0,2.118608,3929.0,1300.0,1300.6973033224208,0.7831325301204819,0.7954458568676919
505,2625.0,2.115385,3929.0,1304.0,1300.655716288923,0.7855421686746988,0.7954204241760036
506,2629.0,2.118608,3929.0,1300.0,1300.6186174723307,0.7831325301204819,0.795397736268619
507,2624.0,2.114579,3929.0,1305.0,1300.5861463123924,0.786144578313253,0.7953778784203905
508,2617.0,2.108938,3929.0,1312.0,1300.4763052649907,0.7903614457831325,0.7953107047545065
509,2617.0,2.108938,3929.0,1312.0,1300.3660371833591,0.7903614457831325,0.7952432699343877
510,2625.0,2.115385,3929.0,1304.0,1300.2554117873722,0.7855421686746988,0.7951756165974603
511,2613.0,2.105714,3929.0,1316.0,1300.1444987969037,0.7927710843373494,0.7951077873811502
512,2633.0,2.121832,3929.0,1296.0,1299.994931365149,0.7807228915662651,0.7950163189098866
513,2633.0,2.121832,3929.0,1296.0,1299.8862494106565,0.7807228915662651,0.7949498540912109
514,2633.0,2.121832,3929.0,1296.0,1299.8595911452348,0.7807228915662651,0.7949335511383818
515,2621.0,2.112161,3929.0,1308.0,1299.7997863085927,0.7879518072289157,0.7948969772872589
516,2625.0,2.115385,3929.0,1304.0,1299.704307555289,0.7855421686746988,0.7948385869311474
517,2625.0,2.115385,3929.0,1304.0,1299.6527296638096,0.7855421686746988,0.7948070442963019
518,2625.0,2.115385,3929.0,1304.0,1299.6093525725403,0.7855421686746988,0.794780516888699
519,2617.0,2.108938,3929.0,1312.0,1299.492143877426,0.7903614457831325,0.794708837512814
520,2625.0,2.115385,3929.0,1304.0,1299.416448138443,0.7855421686746988,0.794662545526352
521,2633.0,2.121832,3929.0,1296.0,1299.3412665835333,0.7807228915662651,0.7946165679909076
522,2625.0,2.115385,3929.0,1304.0,1299.2666689325702,0.7855421686746988,0.7945709475439066
523,2633.0,2.121832,3929.0,1296.0,1299.1927249054281,0.7807228915662651,0.7945257268227749
524,2625.0,2.115385,3929.0,1304.0,1299.1195042219815,0.7855421686746988,0.7944809484649388
525,2641.0,2.128278,3929.0,1288.0,1299.0470766021047,0.7759036144578313,0.7944366551078244
526,2637.0,2.125055,3929.0,1292.0,1298.9755117656716,0.7783132530120482,0.7943928893888575
527,2633.0,2.121832,3929.0,1296.0,1298.9048794325574,0.7807228915662651,0.794349693945465
528,2629.0,2.118608,3929.0,1300.0,1298.835249322635,0.7831325301204819,0.7943071114150718
529,2621.0,2.112161,3929.0,1308.0,1298.7666911557797,0.7879518072289157,0.7942651844351049
530,2625.0,2.115385,3929.0,1304.0,1298.6992746518656,0.7855421686746988,0.7942239556429901
531,2609.0,2.102491,3929.0,1320.0,1298.6330695307663,0.7951807228915663,0.7941834676761531
532,2633.0,2.121832,3929.0,1296.0,1298.5681455123568,0.7807228915662651,0.7941437631720204
533,2625.0,2.115385,3929.0,1304.0,1298.545640808444,0.7855421686746988,0.79413000034385
534,2625.0,2.115385,3929.0,1304.0,1298.48878686548,0.7855421686746988,0.7940952311217859
535,2625.0,2.115385,3929.0,1304.0,1298.4797903872054,0.7855421686746988,0.7940897292949184
536,2609.0,2.102491,3929.0,1320.0,1298.4392508948185,0.7951807228915663,0.794064937230557
537,2617.0,2.108938,3929.0,1312.0,1298.4851797334857,0.7903614457831325,0.7940930251679542
538,2625.0,2.115385,3929.0,1304.0,1298.5382112843433,0.7855421686746988,0.7941254567931335
539,2629.0,2.118608,3929.0,1300.0,1298.5574164952068,0.7831325301204819,0.7941372018051148
540,2633.0,2.121832,3929.0,1296.0,1298.581336512567,0.7807228915662651,0.7941518301730347
541,2625.0,2.115385,3929.0,1304.0,1298.5690074243025,0.7855421686746988,0.7941442902772005
542,2641.0,2.128278,3929.0,1288.0,1298.5589355169673,0.7759036144578313,0.7941381307680355
543,2621.0,2.112161,3929.0,1308.0,1298.5511905104352,0.7879518072289157,0.7941333942829658
544,2633.0,2.121832,3929.0,1296.0,1298.545842124581,0.7807228915662651,0.7941301234594178
545,2629.0,2.118608,3929.0,1300.0,1298.5429600792788,0.7831325301204819,0.7941283609348173
546,2633.0,2.121832,3929.0,1296.0,1298.5015456024696,0.7807228915662651,0.7941030337707583
547,2649.0,2.134725,3929.0,1280.0,1298.4600701207708,0.7710843373493976,0.7940776692989518
548,2648.0,2.133919,3929.0,1281.0,1298.4447639938755,0.7716867469879518,0.7940683087850241
549,2633.0,2.121832,3929.0,1296.0,1298.4222549324707,0.7807228915662651,0.7940545432920145
550,2641.0,2.128278,3929.0,1288.0,1298.392603941446,0.7759036144578313,0.7940364101276708
551,2640.0,2.127473,3929.0,1289.0,1298.365481167362,0.7765060240963856,0.7940198231029905
552,2640.0,2.127473,3929.0,1289.0,1298.3210800654394,0.7765060240963856,0.793992669458192
553,2641.0,2.128278,3929.0,1288.0,1298.2024647718622,0.7759036144578313,0.793920129872236
554,2640.0,2.127473,3929.0,1289.0,1298.0815051475126,0.7765060240963856,0.7938461566028279
555,2641.0,2.128278,3929.0,1288.0,1298.025465184081,0.7759036144578313,0.7938118851727135
556,2629.0,2.118608,3929.0,1300.0,1297.9625360255736,0.7831325301204819,0.7937734006319345
557,2629.0,2.118608,3929.0,1300.0,1297.8255146851916,0.7831325301204819,0.7936896047654936
558,2625.0,2.115385,3929.0,1304.0,1297.753535015507,0.7855421686746988,0.7936455853538417
559,2633.0,2.121832,3929.0,1296.0,1297.674788160527,0.7807228915662651,0.7935974274470211
560,2641.0,2.128278,3929.0,1288.0,1297.5893351251414,0.7759036144578313,0.7935451683527794
561,2640.0,2.127473,3929.0,1289.0,1297.4972369142406,0.7765060240963856,0.7934888453788648
562,2625.0,2.115385,3929.0,1304.0,1297.3985545327143,0.7855421686746988,0.7934284958330247
563,2625.0,2.115385,3929.0,1304.0,1297.2933489854527,0.7855421686746988,0.7933641570230071
564,2640.0,2.127473,3929.0,1289.0,1297.1816812773452,0.7765060240963856,0.7932958662565597
565,2633.0,2.121832,3929.0,1296.0,1297.0636124132823,0.7807228915662651,0.7932236608414304
566,2640.0,2.127473,3929.0,1289.0,1296.948812539824,0.7765060240963856,0.7931534545886166
567,2645.0,2.131502,3929.0,1284.0,1296.827084253861,0.7734939759036145,0.793079011241586
568,2633.0,2.121832,3929.0,1296.0,1296.7395657672007,0.7807228915662651,0.7930254890135969
569,2633.0,2.121832,3929.0,1296.0,1296.6383159513048,0.7807228915662651,0.7929635693445415
570,2633.0,2.121832,3929.0,1296.0,1296.5336977939833,0.7807228915662651,0.7928995897548384
571,2629.0,2.118608,3929.0,1300.0,1296.4354163017342,0.7831325301204819,0.7928394853741983
572,2637.0,2.125055,3929.0,1292.0,1296.3743774233176,0.7783132530120482,0.7928021568406338
573,2617.0,2.108938,3929.0,1312.0,1296.3122840318033,0.7903614457831325,0.7927641834160002
574,2625.0,2.115385,3929.0,1304.0,1296.249275566939,0.7855421686746988,0.7927256503751492
575,2625.0,2.115385,3929.0,1304.0,1296.1758823268037,0.7855421686746988,0.7926807664896836
576,2633.0,2.121832,3929.0,1296.0,1296.102502159145,0.7807228915662651,0.7926358905987354
577,2633.0,2.121832,3929.0,1296.0,1296.0292657887264,0.7807228915662651,0.7925911026474782
578,2633.0,2.121832,3929.0,1296.0,1295.965913081983,0.7807228915662651,0.7925523590843359
579,2625.0,2.115385,3929.0,1304.0,1295.90231635568,0.7855421686746988,0.7925134662902024
580,2640.0,2.127473,3929.0,1289.0,1295.8290059078954,0.7765060240963856,0.7924686330366804
581,2633.0,2.121832,3929.0,1296.0,1295.76664670936,0.7807228915662651,0.7924304970568594
582,2637.0,2.125055,3929.0,1292.0,1295.6955019351694,0.7783132530120482,0.7923869882283848
583,2625.0,2.115385,3929.0,1304.0,1295.6253114517583,0.7855421686746988,0.79234406299968
584,2640.0,2.127473,3929.0,1289.0,1295.56581512556,0.7765060240963856,0.7923076778191676
585,2633.0,2.121832,3929.0,1296.0,1295.5068852733398,0.7807228915662651,0.792271639067742
586,2625.0,2.115385,3929.0,1304.0,1295.4486613348467,0.7855421686746988,0.7922360320202556
587,2633.0,2.121832,3929.0,1296.0,1295.3919407311423,0.7807228915662651,0.792201344342269
588,2625.0,2.115385,3929.0,1304.0,1295.336862901975,0.7855421686746988,0.7921676613086344
589,2633.0,2.121832,3929.0,1296.0,1295.2829093057805,0.7807228915662651,0.7921346658034953
590,2625.0,2.115385,3929.0,1304.0,1295.2302193823066,0.7855421686746988,0.7921024431017037
591,2629.0,2.118608,3929.0,1300.0,1295.1789325713025,0.7831325301204819,0.7920710784781123
592,2640.0,2.127473,3929.0,1289.0,1295.1291883125166,0.7765060240963856,0.7920406572075729
593,2641.0,2.128278,3929.0,1288.0,1295.0811260456965,0.7759036144578313,0.7920112645649372
594,2621.0,2.112161,3929.0,1308.0,1295.034885210592,0.7879518072289157,0.7919829858250582
595,2633.0,2.121832,3929.0,1296.0,1294.9906052469507,0.7807228915662651,0.7919559062627876
596,2625.0,2.115385,3929.0,1304.0,1294.948425594522,0.7855421686746988,0.7919301111529776
597,2625.0,2.115385,3929.0,1304.0,1294.9084856930535,0.7855421686746988,0.7919056857704805
598,2633.0,2.121832,3929.0,1296.0,1294.8709249822944,0.7807228915662651,0.7918827153901482
599,2641.0,2.128278,3929.0,1288.0,1294.7537459181267,0.7759036144578313,0.7918110541351693
600,2625.0,2.115385,3929.0,1304.0,1294.6338913537845,0.7855421686746988,0.7917377566689647
601,2633.0,2.121832,3929.0,1296.0,1294.4729944424619,0.7807228915662651,0.7916393596159629
602,2633.0,2.121832,3929.0,1296.0,1294.3147904612829,0.7807228915662651,0.7915426094335435
603,2633.0,2.121832,3929.0,1296.0,1294.1619461954374,0.7807228915662651,0.7914491370032538
604,2640.0,2.127473,3929.0,1289.0,1294.014496504863,0.7765060240963856,0.7913589636438071
605,2640.0,2.127473,3929.0,1289.0,1293.8724762494967,0.7765060240963856,0.7912721106739163
606,2633.0,2.121832,3929.0,1296.0,1293.7769887812078,0.7807228915662651,0.791213714988126
607,2625.0,2.115385,3929.0,1304.0,1293.6896672531925,0.7855421686746988,0.7911603132108657
608,2625.0,2.115385,3929.0,1304.0,1293.6490179520033,0.7855421686746988,0.791135453992558
609,2633.0,2.121832,3929.0,1296.0,1293.6140769655196,0.7807228915662651,0.7911140857135108
610,2625.0,2.115385,3929.0,1304.0,1293.623385440232,0.7855421686746988,0.7911197783428603
611,2625.0,2.115385,3929.0,1304.0,1293.6360143239558,0.7855421686746988,0.7911275015796267
612,2641.0,2.128278,3929.0,1288.0,1293.6521030564397,0.7759036144578313,0.7911373406986623
613,2629.0,2.118608,3929.0,1300.0,1293.6717910774323,0.7831325301204819,0.7911493809748191
614,2633.0,2.121832,3929.0,1296.0,1293.6952178266824,0.7807228915662651,0.7911637076829496
615,2633.0,2.121832,3929.0,1296.0,1293.7225227439378,0.7807228915662651,0.7911804060979055
616,2633.0,2.121832,3929.0,1296.0,1293.7538452689475,0.7807228915662651,0.7911995614945393
617,2629.0,2.118608,3929.0,1300.0,1293.748256349527,0.7831325301204819,0.7911961435718712
618,2633.0,2.121832,3929.0,1296.0,1293.7442971321675,0.7807228915662651,0.7911937222990377
619,2629.0,2.118608,3929.0,1300.0,1293.7010037047473,0.7831325301204819,0.7911672460563463
620,2641.0,2.128278,3929.0,1288.0,1293.6568823538203,0.7759036144578313,0.79114026349422
621,2625.0,2.115385,3929.0,1304.0,1293.6120027992604,0.7855421686746988,0.791112817250085
622,2641.0,2.128278,3929.0,1288.0,1293.5664347609425,0.7759036144578313,0.7910849499613676
623,2641.0,2.128278,3929.0,1288.0,1293.5202479587404,0.7759036144578313,0.7910567042654937
624,2641.0,2.128278,3929.0,1288.0,1293.4016422516456,0.7759036144578313,0.7909841705421836
625,2633.0,2.121832,3929.0,1296.0,1293.2778903463322,0.7807228915662651,0.7909084896438612
626,2633.0,2.121832,3929.0,1296.0,1293.1490009577842,0.7807228915662651,0.7908296669002045
627,2640.0,2.127473,3929.0,1289.0,1293.0431522446822,0.7765060240963856,0.7907649347599313
628,2625.0,2.115385,3929.0,1304.0,1292.9391868396838,0.7855421686746988,0.7907013543631299
629,2641.0,2.128278,3929.0,1288.0,1292.8659757427204,0.7759036144578313,0.7906565818679402
630,2641.0,2.128278,3929.0,1288.0,1292.7825288967165,0.7759036144578313,0.7906055496656339
631,2629.0,2.118608,3929.0,1300.0,1292.6889247365316,0.7831325301204819,0.7905483057233158
632,2633.0,2.121832,3929.0,1296.0,1292.5852416970242,0.7807228915662651,0.7904848980080904
633,2641.0,2.128278,3929.0,1288.0,1292.4331216463725,0.7759036144578313,0.790391868474064
634,2641.0,2.128278,3929.0,1288.0,1292.3455465123145,0.7759036144578313,0.7903383116031663
635,2633.0,2.121832,3929.0,1296.0,1292.2964253749042,0.7807228915662651,0.7903082714046221
636,2625.0,2.115385,3929.0,1304.0,1292.2474611072114,0.7855421686746988,0.7902783271402869
637,2640.0,2.127473,3929.0,1289.0,1292.1192880903714,0.7765060240963856,0.7901999424961832
638,2649.0,2.134725,3929.0,1280.0,1291.9818719612015,0.7710843373493976,0.790115905195317
639,2645.0,2.131502,3929.0,1284.0,1291.7064069950025,0.7734939759036145,0.7899474436589431
640,2640.0,2.127473,3929.0,1289.0,1291.4319660394567,0.7765060240963856,0.7897796083597647
641,2625.0,2.115385,3929.0,1304.0,1291.230357950557,0.7855421686746988,0.7896563142477397
642,2645.0,2.131502,3929.0,1284.0,1291.0343187366136,0.7734939759036145,0.7895364258001228
643,2640.0,2.127473,3929.0,1289.0,1290.8438483976267,0.7765060240963856,0.789419943016914
644,2641.0,2.128278,3929.0,1288.0,1290.6589469335963,0.7759036144578313,0.789306865898113
645,2649.0,2.134725,3929.0,1280.0,1290.4796143445228,0.7710843373493976,0.7891971944437205
646,2641.0,2.128278,3929.0,1288.0,1290.3058506304058,0.7759036144578313,0.789090928653736
647,2640.0,2.127473,3929.0,1289.0,1290.1376557912452,0.7765060240963856,0.7889880685281594
648,2625.0,2.115385,3929.0,1304.0,1290.0903395270798,0.7855421686746988,0.7889591321059829
649,2633.0,2.121832,3929.0,1296.0,1290.040800941923,0.7807228915662651,0.7889288366158504
650,2653.0,2.137949,3929.0,1276.0,1289.9507080489054,0.7686746987951807,0.7888737400009033
651,2649.0,2.134725,3929.0,1280.0,1289.902267551768,0.7710843373493976,0.7888441160502315
652,2641.0,2.128278,3929.0,1288.0,1289.8545155383886,0.7759036144578313,0.788814913144142
653,2640.0,2.127473,3929.0,1289.0,1289.804924663326,0.7765060240963856,0.7887845856759399
654,2640.0,2.127473,3929.0,1289.0,1289.715162939711,0.7765060240963856,0.7887296915887665
655,2633.0,2.121832,3929.0,1296.0,1289.6648051460315,0.7807228915662651,0.7886988951088776
656,2641.0,2.128278,3929.0,1288.0,1289.5744508034854,0.7759036144578313,0.7886436386035826
657,2648.0,2.133919,3929.0,1281.0,1289.4852381238807,0.7716867469879518,0.7885890802861397
658,2621.0,2.112161,3929.0,1308.0,1289.3972368270909,0.7879518072289157,0.7885352627939748
659,2633.0,2.121832,3929.0,1296.0,1289.3489531996706,0.7807228915662651,0.7885057347775117
660,2633.0,2.121832,3929.0,1296.0,1289.3378598961767,0.7807228915662651,0.7884989506300544
661,2641.0,2.128278,3929.0,1288.0,1289.3230278644269,0.7759036144578313,0.7884898800506243
662,2641.0,2.128278,3929.0,1288.0,1289.3045965441675,0.7759036144578313,0.7884786083140722
663,2645.0,2.131502,3929.0,1284.0,1289.3237738670814,0.7734939759036145,0.7884903362710832
664,2641.0,2.128278,3929.0,1288.0,1289.3012290742404,0.7759036144578313,0.7884765489263924
665,2640.0,2.127473,3929.0,1289.0,1289.2755381720744,0.7765060240963856,0.7884608375678505
666,2633.0,2.121832,3929.0,1296.0,1289.326345658943,0.7807228915662651,0.7884919090591376
667,2641.0,2.128278,3929.0,1288.0,1289.3332871439243,0.7759036144578313,0.7884961541478718
668,2641.0,2.128278,3929.0,1288.0,1289.3760419853159,0.7759036144578313,0.7885223010164468
669,2640.0,2.127473,3929.0,1289.0,1289.416382776061,0.7765060240963856,0.7885469715641439
670,2641.0,2.128278,3929.0,1288.0,1289.4545186757832,0.7759036144578313,0.7885702937032415
671,2649.0,2.134725,3929.0,1280.0,1289.4111537854915,0.7710843373493976,0.788543773757188
672,2637.0,2.125055,3929.0,1292.0,1289.3659326035481,0.7783132530120482,0.7885161185896654
673,2645.0,2.131502,3929.0,1284.0,1289.3189945697004,0.7734939759036145,0.7884874134755252
674,2633.0,2.121832,3929.0,1296.0,1289.270479123698,0.7807228915662651,0.7884577436896202
675,2641.0,2.128278,3929.0,1288.0,1289.2205257052892,0.7759036144578313,0.7884271945068027
676,2649.0,2.134725,3929.0,1280.0,1289.130837187542,0.7710843373493976,0.7883723451889265
677,2641.0,2.128278,3929.0,1288.0,1289.0425866422022,0.7759036144578313,0.7883183752679636
678,2633.0,2.121832,3929.0,1296.0,1288.9558786490804,0.7807228915662651,0.7882653487000528
679,2625.0,2.115385,3929.0,1304.0,1288.8708177879876,0.7855421686746988,0.7882133294413328
680,2633.0,2.121832,3929.0,1296.0,1288.7875086387357,0.7807228915662651,0.7881623814479433
681,2633.0,2.121832,3929.0,1296.0,1288.7060557811358,0.7807228915662651,0.7881125686760228
682,2637.0,2.125055,3929.0,1292.0,1288.6265637949996,0.7783132530120482,0.7880639550817109
683,2633.0,2.121832,3929.0,1296.0,1288.5875738268182,0.7807228915662651,0.7880401106341443
684,2641.0,2.128278,3929.0,1288.0,1288.5481568244068,0.7759036144578313,0.7880160050323426
685,2641.0,2.128278,3929.0,1288.0,1288.5495207194467,0.7759036144578313,0.78801683912699
686,2641.0,2.128278,3929.0,1288.0,1288.553403244945,0.7759036144578313,0.7880192134986551
687,2641.0,2.128278,3929.0,1288.0,1288.5599787005858,0.7759036144578313,0.788023234740902
688,2633.0,2.121832,3929.0,1296.0,1288.5283528941227,0.7807228915662651,0.7880038938714645
689,2649.0,2.134725,3929.0,1280.0,1288.4971018319843,0.7710843373493976,0.7879847821781927
690,2641.0,2.128278,3929.0,1288.0,1288.4663649539184,0.7759036144578313,0.787965984935938
691,2641.0,2.128278,3929.0,1288.0,1288.4362816996736,0.7759036144578313,0.7879475874195527
692,2641.0,2.128278,3929.0,1288.0,1288.406991508998,0.7759036144578313,0.7879296749038889
693,2633.0,2.121832,3929.0,1296.0,1288.4170703883208,0.7807228915662651,0.7879358386767964
694,2649.0,2.134725,3929.0,1280.0,1288.4256241453945,0.7710843373493976,0.7879410697560087
695,2633.0,2.121832,3929.0,1296.0,1288.432827079904,0.7807228915662651,0.7879454747350905
696,2641.0,2.128278,3929.0,1288.0,1288.4388534915352,0.7759036144578313,0.7879491602076071
697,2641.0,2.128278,3929.0,1288.0,1288.443877679974,0.7759036144578313,0.7879522327671239
698,2641.0,2.128278,3929.0,1288.0,1288.4480739449064,0.7759036144578313,0.7879547990072062
699,2641.0,2.128278,3929.0,1288.0,1288.3797467251343,0.7759036144578313,0.787913013263713
700,2649.0,2.134725,3929.0,1280.0,1288.3062733071436,0.7710843373493976,0.7878680803452074
701,2645.0,2.131502,3929.0,1284.0,1288.2277669857297,0.7734939759036145,0.7878200695375067
702,2640.0,2.127473,3929.0,1289.0,1288.1340739327052,0.7765060240963856,0.7877627712324704
703,2649.0,2.134725,3929.0,1280.0,1288.0451749925344,0.7710843373493976,0.7877084047834448
704,2653.0,2.137949,3929.0,1276.0,1288.0234441792259,0.7686746987951807,0.7876951152307038
705,2641.0,2.128278,3929.0,1288.0,1288.0017918007761,0.7759036144578313,0.7876818736450673
706,2661.0,2.144396,3929.0,1268.0,1287.9085222959875,0.763855421686747,0.7876248343623943
707,2645.0,2.131502,3929.0,1284.0,1287.8494495180253,0.7734939759036145,0.7875887082042453
708,2649.0,2.134725,3929.0,1280.0,1287.8939595572513,0.7710843373493976,0.7876159284700219
709,2653.0,2.137949,3929.0,1276.0,1287.9005306554006,0.7686746987951807,0.7876199470474301
710,2645.0,2.131502,3929.0,1284.0,1287.895576186836,0.7734939759036145,0.7876169171253393
711,2641.0,2.128278,3929.0,1288.0,1287.8793140261648,0.7759036144578313,0.7876069719457064
712,2633.0,2.121832,3929.0,1296.0,1287.8519620479942,0.7807228915662651,0.7875902447504878
713,2649.0,2.134725,3929.0,1280.0,1287.8137381269314,0.7710843373493976,0.7875668687816402
714,2640.0,2.127473,3929.0,1289.0,1287.7552509959125,0.7765060240963856,0.78753110077787
715,2633.0,2.121832,3929.0,1296.0,1287.6869769375448,0.7807228915662651,0.7874893475454143
716,2633.0,2.121832,3929.0,1296.0,1287.5802976864409,0.7807228915662651,0.787424107486803
717,2629.0,2.118608,3929.0,1300.0,1287.4174939365573,0.7831325301204819,0.7873245443001979
718,2633.0,2.121832,3929.0,1296.0,1287.249382761246,0.7807228915662651,0.7872217353395328
719,2645.0,2.131502,3929.0,1284.0,1287.076103600255,0.7734939759036145,0.7871157658796595
720,2645.0,2.131502,3929.0,1284.0,1286.8696264496364,0.7734939759036145,0.7869894940763906
721,2633.0,2.121832,3929.0,1296.0,1286.699960521129,0.7807228915662651,0.7868857343011239
722,2633.0,2.121832,3929.0,1296.0,1286.5159183545486,0.7807228915662651,0.7867731826885993
723,2633.0,2.121832,3929.0,1296.0,1286.2888119646352,0.7807228915662651,0.7866342950039217
724,2649.0,2.134725,3929.0,1280.0,1286.0598144231326,0.7710843373493976,0.7864942507790618
725,2625.0,2.115385,3929.0,1304.0,1285.8290303098513,0.7855421686746988,0.7863531139701582
726,2649.0,2.134725,3929.0,1280.0,1285.606831327587,0.7710843373493976,0.7862172274273086
727,2645.0,2.131502,3929.0,1284.0,1285.3837216294655,0.7734939759036145,0.7860807839330809
728,2645.0,2.131502,3929.0,1284.0,1285.159814510282,0.7734939759036145,0.7859438527732925
729,2641.0,2.128278,3929.0,1288.0,1284.9249561418492,0.7759036144578313,0.7858002243398026
730,2641.0,2.128278,3929.0,1288.0,1284.688860245648,0.7759036144578313,0.7856558390919998
731,2645.0,2.131502,3929.0,1284.0,1284.4618985244736,0.7734939759036145,0.7855170398799812
732,2641.0,2.128278,3929.0,1288.0,1284.3498848314903,0.7759036144578313,0.7854485375253071
733,2641.0,2.128278,3929.0,1288.0,1284.268268132186,0.7759036144578313,0.7853986245554354
734,2673.0,2.154066,3929.0,1256.0,1284.176232669172,0.7566265060240964,0.7853423399552041
735,2640.0,2.127473,3929.0,1289.0,1284.092591479019,0.7765060240963856,0.7852911889010727
736,2649.0,2.134725,3929.0,1280.0,1283.9964224989592,0.7710843373493976,0.7852323764344425
737,2649.0,2.134725,3929.0,1280.0,1283.8976050351764,0.7710843373493976,0.7851719442785894
738,2665.0,2.147619,3929.0,1264.0,1283.7868088254977,0.7614457831325301,0.7851041864799683
739,2649.0,2.134725,3929.0,1280.0,1283.6547036077493,0.7710843373493976,0.7850233970850335
740,2633.0,2.121832,3929.0,1296.0,1283.482341263105,0.7807228915662651,0.7849179883073132
741,2669.0,2.150842,3929.0,1260.0,1283.3295946050835,0.7590361445783133,0.7848245755694201
742,2665.0,2.147619,3929.0,1264.0,1283.165932429248,0.7614457831325301,0.7847244874095064
743,2645.0,2.131502,3929.0,1284.0,1282.9916249001114,0.7734939759036145,0.7846178890475982
744,2653.0,2.137949,3929.0,1276.0,1282.8069421821867,0.7686746987951807,0.7845049457037219
745,2653.0,2.137949,3929.0,1276.0,1282.6217635816565,0.7686746987951807,0.7843916991011526
746,2649.0,2.134725,3929.0,1280.0,1282.4164917133644,0.7710843373493976,0.7842661643923872
747,2653.0,2.137949,3929.0,1276.0,1282.2112730064762,0.7686746987951807,0.784140662194659
748,2649.0,2.134725,3929.0,1280.0,1281.996119217506,0.7710843373493976,0.7840090841637148
749,2649.0,2.134725,3929.0,1280.0,1281.771309225951,0.7710843373493976,0.7838716008492587
750,2645.0,2.131502,3929.0,1284.0,1281.5371219113076,0.7734939759036145,0.7837283828009947
751,2653.0,2.137949,3929.0,1276.0,1281.293836153074,0.7686746987951807,0.7835796005686279
752,2645.0,2.131502,3929.0,1284.0,1281.0827993226787,0.7734939759036145,0.7834505402776935
753,2641.0,2.128278,3929.0,1288.0,1280.9069570848103,0.7759036144578313,0.7833430033594438
754,2641.0,2.128278,3929.0,1288.0,1280.72822147216,0.7759036144578313,0.783233696988012
755,2641.0,2.128278,3929.0,1288.0,1280.546941084099,0.7759036144578313,0.7831228343505281
756,2653.0,2.137949,3929.0,1276.0,1280.3634645199988,0.7686746987951807,0.7830106286341229
757,2633.0,2.121832,3929.0,1296.0,1280.178140379231,0.7807228915662651,0.7828972930259266
758,2649.0,2.134725,3929.0,1280.0,1279.9913172611666,0.7710843373493976,0.7827830407130695
759,2653.0,2.137949,3929.0,1276.0,1279.752666131574,0.7686746987951807,0.7826370928036009
760,2649.0,2.134725,3929.0,1280.0,1279.5111957045658,0.7710843373493976,0.7824894207432154
761,2645.0,2.131502,3929.0,1284.0,1279.2261425126592,0.7734939759036145,0.7823150954948198
762,2649.0,2.134725,3929.0,1280.0,1278.9458224287166,0.7710843373493976,0.7821436647946874
763,2649.0,2.134725,3929.0,1280.0,1278.660247209251,0.7710843373493976,0.7819690202985639
764,2653.0,2.137949,3929.0,1276.0,1278.3696957337609,0.7686746987951807,0.7817913325561544
765,2649.0,2.134725,3929.0,1280.0,1278.0744468817422,0.7710843373493976,0.7816107721171627
766,2653.0,2.137949,3929.0,1276.0,1277.7747795326923,0.7686746987951807,0.7814275095312933
767,2641.0,2.128278,3929.0,1288.0,1277.4709725661082,0.7759036144578313,0.7812417153482504
768,2653.0,2.137949,3929.0,1276.0,1277.163304861487,0.7686746987951807,0.7810535601177384
769,2649.0,2.134725,3929.0,1280.0,1276.8520552983257,0.7710843373493976,0.7808632143894617
770,2653.0,2.137949,3929.0,1276.0,1276.537502756121,0.7686746987951807,0.7806708487131242
771,2649.0,2.134725,3929.0,1280.0,1276.2199261143705,0.7710843373493976,0.7804766336384308
772,2653.0,2.137949,3929.0,1276.0,1275.8996042525712,0.7686746987951807,0.7802807397150855
773,2657.0,2.141172,3929.0,1272.0,1275.5768160502196,0.7662650602409639,0.7800833374927925
774,2665.0,2.147619,3929.0,1264.0,1275.2518403868132,0.7614457831325301,0.7798845975212564
775,2653.0,2.137949,3929.0,1276.0,1274.924956141849,0.7686746987951807,0.7796846903501813
776,2653.0,2.137949,3929.0,1276.0,1274.5964421948238,0.7686746987951807,0.7794837865292715
777,2645.0,2.131502,3929.0,1284.0,1274.266577425235,0.7734939759036145,0.7792820566082317
778,2657.0,2.141172,3929.0,1272.0,1273.8945722206463,0.7662650602409639,0.7790545555609338
779,2653.0,2.137949,3929.0,1276.0,1273.5191071672973,0.7686746987951807,0.7788249386313668
780,2653.0,2.137949,3929.0,1276.0,1273.0993577928155,0.7686746987951807,0.7785682394746902
781,2649.0,2.134725,3929.0,1280.0,1272.6739698235026,0.7710843373493976,0.7783080920161793
782,2661.0,2.144396,3929.0,1268.0,1272.2431524189817,0.763855421686747,0.7780446241681125
783,2669.0,2.150842,3929.0,1260.0,1271.8071147388757,0.7590361445783133,0.7777779638427682
784,2665.0,2.147619,3929.0,1264.0,1271.4071344347403,0.7614457831325301,0.7775333545282562
785,2653.0,2.137949,3929.0,1276.0,1271.0050189594556,0.7686746987951807,0.7772874394425706
786,2665.0,2.147619,3929.0,1264.0,1270.6010123325814,0.7614457831325301,0.7770403678167025
787,2685.0,2.163736,3929.0,1244.0,1270.195358573678,0.7493975903614458,0.7767922888816434
788,2665.0,2.147619,3929.0,1264.0,1269.8678067609176,0.7614457831325301,0.7765919734572135
789,2664.0,2.146813,3929.0,1265.0,1269.587869264785,0.7620481927710844,0.7764207767299567
790,2665.0,2.147619,3929.0,1264.0,1269.415532193595,0.7614457831325301,0.7763153834083033
791,2653.0,2.137949,3929.0,1276.0,1269.242916242908,0.7686746987951807,0.7762098195369456
792,2657.0,2.141172,3929.0,1272.0,1269.089692875246,0.7662650602409639,0.7761161152656515
793,2657.0,2.141172,3929.0,1272.0,1268.9357984537946,0.7662650602409639,0.7760220006091315
794,2661.0,2.144396,3929.0,1268.0,1268.7817035877047,0.763855421686747,0.7759277633700116
795,2653.0,2.137949,3929.0,1276.0,1268.6278788861277,0.7686746987951807,0.7758336913509178
796,2653.0,2.137949,3929.0,1276.0,1268.4747949582147,0.7686746987951807,0.7757400723544762
797,2653.0,2.137949,3929.0,1276.0,1268.3229224131169,0.7686746987951807,0.7756471941833126
798,2657.0,2.141172,3929.0,1272.0,1268.1727318599856,0.7662650602409639,0.7755553446400532
799,2653.0,2.137949,3929.0,1276.0,1267.9014884321728,0.7686746987951807,0.7753894647998281
800,2657.0,2.141172,3929.0,1272.0,1267.6248678590582,0.7662650602409639,0.7752202965481171
801,2665.0,2.147619,3929.0,1264.0,1267.384304661914,0.7614457831325301,0.7750731793072383
802,2649.0,2.134725,3929.0,1280.0,1267.1225448799978,0.7710843373493976,0.7749130992228959
803,2653.0,2.137949,3929.0,1276.0,1266.8194377266514,0.7686746987951807,0.7747277330130171
804,2669.0,2.150842,3929.0,1260.0,1266.513768367926,0.7590361445783133,0.7745407998777301
805,2653.0,2.137949,3929.0,1276.0,1266.2469538951261,0.7686746987951807,0.774377628579997
806,2653.0,2.137949,3929.0,1276.0,1265.939872708947,0.7686746987951807,0.7741898320368318
807,2649.0,2.134725,3929.0,1280.0,1265.672378467373,0.7710843373493976,0.7740262450241944
808,2681.0,2.160513,3929.0,1248.0,1265.4064180630326,0.7518072289156627,0.7738635960349307
809,2665.0,2.147619,3929.0,1264.0,1265.1423749552343,0.7614457831325301,0.7737021195748842
810,2673.0,2.154066,3929.0,1256.0,1264.8395641113536,0.7566265060240964,0.7735169345740663
811,2669.0,2.150842,3929.0,1260.0,1264.4572656388289,0.7590361445783133,0.7732831386437758
812,2672.0,2.15326,3929.0,1257.0,1264.07526347577,0.7572289156626506,0.7730495239225463
813,2681.0,2.160513,3929.0,1248.0,1263.6938365016733,0.7518072289156627,0.7728162609600816
814,2673.0,2.154066,3929.0,1256.0,1263.2748270293566,0.7566265060240964,0.7725600142930891
815,2665.0,2.147619,3929.0,1264.0,1262.897984136993,0.7614457831325301,0.7723295547413893
816,2677.0,2.157289,3929.0,1252.0,1262.484081645466,0.7542168674698795,0.7720764312658571
817,2665.0,2.147619,3929.0,1264.0,1262.033363574336,0.7614457831325301,0.7718007930974838
818,2661.0,2.144396,3929.0,1268.0,1261.5844756499052,0.763855421686747,0.7715262741615452
819,2657.0,2.141172,3929.0,1272.0,1261.1376270317967,0.7662650602409639,0.7712530023703194
820,2672.0,2.15326,3929.0,1257.0,1260.693026879633,0.7572289156626506,0.7709811056360846
821,2673.0,2.154066,3929.0,1256.0,1260.250884353037,0.7566265060240964,0.7707107118711192
822,2673.0,2.154066,3929.0,1256.0,1259.8524771035645,0.7566265060240964,0.7704670645635331
823,2673.0,2.154066,3929.0,1256.0,1259.4596125840958,0.7566265060240964,0.7702268069313204
824,2677.0,2.157289,3929.0,1252.0,1259.0725348141905,0.7542168674698795,0.7699900882054721
825,2665.0,2.147619,3929.0,1264.0,1258.6530512467293,0.7614457831325301,0.7697335516039825
826,2677.0,2.157289,3929.0,1252.0,1258.319312666627,0.7542168674698795,0.7695294526409561
827,2673.0,2.154066,3929.0,1256.0,1258.0209203197774,0.7566265060240964,0.7693469697870159
828,2681.0,2.160513,3929.0,1248.0,1257.7300097869347,0.7518072289156627,0.7691690624618621
829,2673.0,2.154066,3929.0,1256.0,1257.4468860925485,0.7566265060240964,0.7689959172042335
830,2677.0,2.157289,3929.0,1252.0,1257.1430268360587,0.7542168674698795,0.768810091043121
831,2665.0,2.147619,3929.0,1264.0,1256.8783396909216,0.7614457831325301,0.768648220719851
832,2665.0,2.147619,3929.0,1264.0,1256.631937454308,0.7614457831325301,0.768497532594538
833,2665.0,2.147619,3929.0,1264.0,1256.3842576009988,0.7614457831325301,0.7683460631383923
834,2673.0,2.154066,3929.0,1256.0,1256.1048037864934,0.7566265060240964,0.7681751622082786
835,2672.0,2.15326,3929.0,1257.0,1255.8322827419856,0.7572289156626506,0.7680085010372212
836,2673.0,2.154066,3929.0,1256.0,1255.576573773657,0.7566265060240964,0.7678521213484947
837,2673.0,2.154066,3929.0,1256.0,1255.3276886380208,0.7566265060240964,0.7676999147978453
838,2665.0,2.147619,3929.0,1264.0,1255.0859062145753,0.7614457831325301,0.7675520519349779
839,2681.0,2.160513,3929.0,1248.0,1254.889941949497,0.7518072289156627,0.767432209322594
840,2665.0,2.147619,3929.0,1264.0,1254.6990410902868,0.7614457831325301,0.7673154632532793
841,2677.0,2.157289,3929.0,1252.0,1254.5135173763788,0.7542168674698795,0.7672020055954508
842,2672.0,2.15326,3929.0,1257.0,1254.3336845472074,0.7572289156626506,0.7670920282175261
843,2673.0,2.154066,3929.0,1256.0,1254.1790746255463,0.7566265060240964,0.7669974759944209
844,2677.0,2.157289,3929.0,1252.0,1253.969197759559,0.7542168674698795,0.7668691250836629
845,2677.0,2.157289,3929.0,1252.0,1253.763303641389,0.7542168674698795,0.7667432098358697
846,2665.0,2.147619,3929.0,1264.0,1253.5616711505336,0.7614457831325301,0.7666199008007459
847,2669.0,2.150842,3929.0,1260.0,1253.364579166489,0.7590361445783133,0.7664993685279952
848,2673.0,2.154066,3929.0,1256.0,1253.1723065687527,0.7566265060240964,0.7663817835673223
849,2673.0,2.154066,3929.0,1256.0,1252.9851322368213,0.7566265060240964,0.7662673164684312
850,2673.0,2.154066,3929.0,1256.0,1252.8033350501926,0.7566265060240964,0.7661561377810266
851,2665.0,2.147619,3929.0,1264.0,1252.6271938883633,0.7614457831325301,0.7660484180548128
852,2665.0,2.147619,3929.0,1264.0,1252.4569876308303,0.7614457831325301,0.765944327839494
853,2673.0,2.154066,3929.0,1256.0,1252.2929951570907,0.7566265060240964,0.7658440376847743
854,2673.0,2.154066,3929.0,1256.0,1252.1354953466418,0.7566265060240964,0.7657477181403584
855,2677.0,2.157289,3929.0,1252.0,1251.9847670789802,0.7542168674698795,0.7656555397559502
856,2677.0,2.157289,3929.0,1252.0,1251.841089233603,0.7542168674698795,0.7655676730812543
857,2681.0,2.160513,3929.0,1248.0,1251.7047406900076,0.7518072289156627,0.765484288665975
858,2673.0,2.154066,3929.0,1256.0,1251.534931835758,0.7566265060240964,0.7653804414839848
859,2665.0,2.147619,3929.0,1264.0,1251.3292747651606,0.7614457831325301,0.7652546712034403
860,2665.0,2.147619,3929.0,1264.0,1251.0853467125846,0.7614457831325301,0.7651054961737852
861,2673.0,2.154066,3929.0,1256.0,1250.841758544396,0.7566265060240964,0.7649565290015825
862,2673.0,2.154066,3929.0,1256.0,1250.59868456028,0.7566265060240964,0.764807876280397
863,2685.0,2.163736,3929.0,1244.0,1250.356299059922,0.7493975903614458,0.7646596446037941
864,2681.0,2.160513,3929.0,1248.0,1250.1147763430083,0.7518072289156627,0.7645119405653389
865,2677.0,2.157289,3929.0,1252.0,1249.8845578322073,0.7542168674698795,0.7643711496525546
866,2685.0,2.163736,3929.0,1244.0,1249.6562174005194,0.7493975903614458,0.7642315072854353
867,2705.0,2.179853,3929.0,1224.0,1249.4223028648842,0.7373493975903614,0.764088456056101
868,2687.0,2.165348,3929.0,1242.0,1249.2362980838438,0.7481927710843373,0.7639747042000326
869,2705.0,2.179853,3929.0,1224.0,1249.0599756503411,0.7373493975903614,0.7638668736165107
870,2687.0,2.165348,3929.0,1242.0,1248.8935447239996,0.7481927710843373,0.7637650922178142
871,2687.0,2.165348,3929.0,1242.0,1248.7782829563741,0.7481927710843373,0.7636946034920524
872,2705.0,2.179853,3929.0,1224.0,1248.673365875092,0.7373493975903614,0.7636304410943852
873,2705.0,2.179853,3929.0,1224.0,1248.5764055744598,0.7373493975903614,0.7635711446929692
874,2685.0,2.163736,3929.0,1244.0,1248.5479328493104,0.7493975903614458,0.7635537321011263
875,2685.0,2.163736,3929.0,1244.0,1248.5292731964632,0.7493975903614458,0.7635423207270041
876,2687.0,2.165348,3929.0,1242.0,1248.5207229253833,0.7481927710843373,0.7635370917796631
877,2685.0,2.163736,3929.0,1244.0,1248.522578345537,0.7493975903614458,0.7635382264681647
878,2685.0,2.163736,3929.0,1244.0,1248.5351357663899,0.7493975903614458,0.7635459060015695
879,2697.0,2.173407,3929.0,1232.0,1248.558691497407,0.7421686746987952,0.7635603115889379
880,2687.0,2.165348,3929.0,1242.0,1248.5935418480544,0.7481927710843373,0.7635816244393314
881,2685.0,2.163736,3929.0,1244.0,1248.726465402827,0.7493975903614458,0.7636629142910547
882,2685.0,2.163736,3929.0,1244.0,1248.8654327991992,0.7493975903614458,0.7637479002746511
883,2697.0,2.173407,3929.0,1232.0,1248.8011310306676,0.7421686746987952,0.7637085763095464
884,2681.0,2.160513,3929.0,1248.0,1248.7003971418408,0.7518072289156627,0.7636469721574436
885,2673.0,2.154066,3929.0,1256.0,1248.6018245691166,0.7566265060240964,0.7635866897655497
886,2697.0,2.173407,3929.0,1232.0,1248.4171139632422,0.7421686746987952,0.7634737293667028
887,2673.0,2.154066,3929.0,1256.0,1248.2367739219858,0.7566265060240964,0.7633634418015035
888,2681.0,2.160513,3929.0,1248.0,1248.050615757222,0.7518072289156627,0.7632495961430976
889,2685.0,2.163736,3929.0,1244.0,1247.8785854534785,0.7493975903614458,0.7631443904261188
890,2673.0,2.154066,3929.0,1256.0,1247.7111523039441,0.7566265060240964,0.7630419961144221
891,2681.0,2.160513,3929.0,1248.0,1247.5791961124273,0.7518072289156627,0.762961297856986
892,2673.0,2.154066,3929.0,1256.0,1247.4231926647792,0.7566265060240964,0.7628658934183269
893,2677.0,2.157289,3929.0,1252.0,1247.2720478208691,0.7542168674698795,0.7627734602752981
894,2681.0,2.160513,3929.0,1248.0,1247.1642765822346,0.7518072289156627,0.7627075524080008
895,2677.0,2.157289,3929.0,1252.0,1247.0781420350781,0.7542168674698795,0.7626548765329192
896,2673.0,2.154066,3929.0,1256.0,1246.9829735352146,0.7566265060240964,0.7625966759133536
897,2697.0,2.173407,3929.0,1232.0,1247.0621247654651,0.7421686746987952,0.7626450811172453
898,2685.0,2.163736,3929.0,1244.0,1247.121457249959,0.7493975903614458,0.7626813660998063
899,2673.0,2.154066,3929.0,1256.0,1247.1035863031896,0.7566265060240964,0.7626704370615669
900,2681.0,2.160513,3929.0,1248.0,1247.1478549373514,0.7518072289156627,0.762697509695256
901,2672.0,2.15326,3929.0,1257.0,1247.1826634560737,0.7572289156626506,0.7627187969631934
902,2665.0,2.147619,3929.0,1264.0,1247.1410180321811,0.7614457831325301,0.7626933285626607
903,2681.0,2.160513,3929.0,1248.0,1247.0949976861793,0.7518072289156627,0.7626651846636419
904,2673.0,2.154066,3929.0,1256.0,1247.0448115776899,0.7566265060240964,0.7626344931784145
905,2681.0,2.160513,3929.0,1248.0,1246.990668866336,0.7518072289156627,0.762601382019257
906,2680.0,2.159707,3929.0,1249.0,1246.932778711741,0.7524096385542168,0.762565979098448
907,2681.0,2.160513,3929.0,1248.0,1246.8713502735275,0.7518072289156627,0.7625284123282655
908,2677.0,2.157289,3929.0,1252.0,1246.8065927113175,0.7542168674698795,0.7624888096209875
909,2673.0,2.154066,3929.0,1256.0,1246.7387151847347,0.7566265060240964,0.7624472988888927
910,2681.0,2.160513,3929.0,1248.0,1246.639757409705,0.7518072289156627,0.7623867809252195
911,2681.0,2.160513,3929.0,1248.0,1246.579798317841,0.7518072289156627,0.7623501127387915
912,2673.0,2.154066,3929.0,1256.0,1246.4218958751183,0.7566265060240964,0.7622535469632399
913,2673.0,2.154066,3929.0,1256.0,1246.2585849131492,0.7566265060240964,0.7621536735893599
914,2687.0,2.165348,3929.0,1242.0,1246.1956880000841,0.7481927710843373,0.7621152087683908
915,2697.0,2.173407,3929.0,1232.0,1246.1307430657123,0.7421686746987952,0.7620754914730303
916,2685.0,2.163736,3929.0,1244.0,1246.0639592696566,0.7493975903614458,0.7620346496155569
917,2685.0,2.163736,3929.0,1244.0,1245.9955457715407,0.7493975903614458,0.7619928111082492
918,2685.0,2.163736,3929.0,1244.0,1245.9257117309864,0.7493975903614458,0.761950103863385
919,2693.0,2.170183,3929.0,1236.0,1245.8546663076168,0.744578313253012,0.7619066557932426
920,2685.0,2.163736,3929.0,1244.0,1245.849882652744,0.7493975903614458,0.7619037303328458
921,2697.0,2.173407,3929.0,1232.0,1245.849370211668,0.7421686746987952,0.7619034169477639
922,2697.0,2.173407,3929.0,1232.0,1245.8431407409032,0.7421686746987952,0.761899607293744
923,2685.0,2.163736,3929.0,1244.0,1245.8314731199455,0.7493975903614458,0.7618924719204895
924,2681.0,2.160513,3929.0,1248.0,1245.891519361652,0.7518072289156627,0.7619291934036999
925,2685.0,2.163736,3929.0,1244.0,1245.9030545148485,0.7493975903614458,0.7619362477658448
926,2697.0,2.173407,3929.0,1232.0,1245.9458973775816,0.7421686746987952,0.7619624484641705
927,2685.0,2.163736,3929.0,1244.0,1245.9408914906091,0.7493975903614458,0.7619593870969777
928,2677.0,2.157289,3929.0,1252.0,1245.9294190852997,0.7542168674698795,0.7619523711085164
929,2687.0,2.165348,3929.0,1242.0,1245.9117939010866,0.7481927710843373,0.7619415923672036
930,2704.0,2.179048,3929.0,1225.0,1245.8498931107245,0.7379518072289156,0.7619037367284591
931,2687.0,2.165348,3929.0,1242.0,1245.8235006523232,0.7481927710843373,0.7618875963308169
932,2685.0,2.163736,3929.0,1244.0,1245.7918617733837,0.7493975903614458,0.7618682474668621
933,2681.0,2.160513,3929.0,1248.0,1245.7552902133411,0.7518072289156627,0.7618458820050127
934,2685.0,2.163736,3929.0,1244.0,1245.714099711628,0.7493975903614458,0.7618206918136852
935,2685.0,2.163736,3929.0,1244.0,1245.6686040076795,0.7493975903614458,0.7617928687612973
936,2677.0,2.157289,3929.0,1252.0,1245.6191168409296,0.7542168674698795,0.7617626047162663
937,2687.0,2.165348,3929.0,1242.0,1245.5659519508124,0.7481927710843373,0.7617300915470097
938,2681.0,2.160513,3929.0,1248.0,1245.509423076762,0.7518072289156627,0.7616955211219447
939,2697.0,2.173407,3929.0,1232.0,1245.4472120329601,0.7421686746987952,0.7616574757466547
940,2685.0,2.163736,3929.0,1244.0,1245.3359321416533,0.7493975903614458,0.7615894221508899
941,2697.0,2.173407,3929.0,1232.0,1245.1732303570864,0.7421686746987952,0.7614899213215207
942,2673.0,2.154066,3929.0,1256.0,1244.9977872654981,0.7566265060240964,0.7613826285025355
943,2693.0,2.170183,3929.0,1236.0,1244.789312640482,0.744578313253012,0.7612551351370095
944,2681.0,2.160513,3929.0,1248.0,1244.5672513549696,0.7518072289156627,0.7611193328030765
945,2681.0,2.160513,3929.0,1248.0,1244.331829998552,0.7518072289156627,0.7609753600723711
946,2681.0,2.160513,3929.0,1248.0,1244.0832751608204,0.7518072289156627,0.7608233555165279
947,2681.0,2.160513,3929.0,1248.0,1243.8218134313668,0.7518072289156627,0.7606634577071819
948,2687.0,2.165348,3929.0,1242.0,1243.547671399782,0.7481927710843373,0.7604958052159679
949,2685.0,2.163736,3929.0,1244.0,1243.2610756556574,0.7493975903614458,0.7603205366145204
950,2687.0,2.165348,3929.0,1242.0,1242.9622527885842,0.7481927710843373,0.7601377904744743
951,2687.0,2.165348,3929.0,1242.0,1242.6514293881544,0.7481927710843373,0.7599477053674644
952,2687.0,2.165348,3929.0,1242.0,1242.3288320439585,0.7481927710843373,0.7597504198651253
953,2697.0,2.173407,3929.0,1232.0,1242.015221591555,0.7421686746987952,0.7595586303270079
954,2701.0,2.17663,3929.0,1228.0,1241.6916237671637,0.7397590361445783,0.7593607329776046
955,2697.0,2.173407,3929.0,1232.0,1241.3582825903445,0.7421686746987952,0.7591568770479068
956,2696.0,2.172601,3929.0,1233.0,1241.0154420806575,0.7427710843373494,0.7589472117689058
957,2687.0,2.165348,3929.0,1242.0,1240.6633462576624,0.7481927710843373,0.7587318863715927
958,2687.0,2.165348,3929.0,1242.0,1240.3022391409188,0.7481927710843373,0.7585110500869588
959,2673.0,2.154066,3929.0,1256.0,1239.9323647499873,0.7566265060240964,0.7582848521459956
960,2697.0,2.173407,3929.0,1232.0,1239.5539671044276,0.7421686746987952,0.7580534417796942
961,2687.0,2.165348,3929.0,1242.0,1239.1672902237992,0.7481927710843373,0.757816968219046
962,2673.0,2.154066,3929.0,1256.0,1238.7752100529158,0.7566265060240964,0.7575771902578765
963,2681.0,2.160513,3929.0,1248.0,1238.38060253659,0.7518072289156627,0.7573358666900115
964,2681.0,2.160513,3929.0,1248.0,1237.9837116943827,0.7518072289156627,0.7570931467464427
965,2665.0,2.147619,3929.0,1264.0,1237.5874134711066,0.7614457831325301,0.7568507892209956
966,2685.0,2.163736,3929.0,1244.0,1237.1535153196417,0.7493975903614458,0.7565854373316637
967,2681.0,2.160513,3929.0,1248.0,1236.7617314582242,0.7518072289156627,0.7563458405795555
968,2673.0,2.154066,3929.0,1256.0,1236.3738693397336,0.7566265060240964,0.7561086421826638
969,2705.0,2.179853,3929.0,1224.0,1235.9901729837304,0.7373493975903614,0.7558739913719807
970,2687.0,2.165348,3929.0,1242.0,1235.6108864097735,0.7481927710843373,0.7556420373784967
971,2681.0,2.160513,3929.0,1248.0,1235.236253637424,0.7518072289156627,0.7554129294332037
972,2704.0,2.179048,3929.0,1225.0,1234.8665186862406,0.7379518072289156,0.7551868167670924
973,2705.0,2.179853,3929.0,1224.0,1234.578798709144,0.7373493975903614,0.7550108606371496
974,2709.0,2.183077,3929.0,1220.0,1234.291270461701,0.7349397590361446,0.7548350217601284
975,2687.0,2.165348,3929.0,1242.0,1234.004247683347,0.7481927710843373,0.7546594920044465
976,2705.0,2.179853,3929.0,1224.0,1233.759112605448,0.7373493975903614,0.7545095788143524
977,2687.0,2.165348,3929.0,1242.0,1233.4356402768303,0.7481927710843373,0.7543117582123161
978,2697.0,2.173407,3929.0,1232.0,1233.1212498333334,0.7421686746987952,0.7541194916679943
979,2704.0,2.179048,3929.0,1225.0,1232.8066197277687,0.7379518072289156,0.7539270785575204
980,2697.0,2.173407,3929.0,1232.0,1232.4920375546174,0.7421686746987952,0.7537346947602768
981,2693.0,2.170183,3929.0,1236.0,1232.208592277311,0.744578313253012,0.7535613528375203
982,2701.0,2.17663,3929.0,1228.0,1231.8969688413238,0.7397590361445783,0.753370778466046
983,2697.0,2.173407,3929.0,1232.0,1231.6144517098435,0.7421686746987952,0.7531980041540243
984,2685.0,2.163736,3929.0,1244.0,1231.3017258283448,0.7493975903614458,0.7530067555782504
985,2697.0,2.173407,3929.0,1232.0,1230.990538141572,0.7421686746987952,0.7528164476906892
986,2704.0,2.179048,3929.0,1225.0,1230.6811762440059,0.7379518072289156,0.7526272563707234
987,2687.0,2.165348,3929.0,1242.0,1230.3636606071452,0.7481927710843373,0.7524330786037776
988,2685.0,2.163736,3929.0,1244.0,1230.047879252157,0.7493975903614458,0.7522399614428057
989,2685.0,2.163736,3929.0,1244.0,1229.7341110585382,0.7493975903614458,0.752048075437512
990,2697.0,2.173407,3929.0,1232.0,1229.3815664138522,0.7421686746987952,0.7518324755617682
991,2677.0,2.157289,3929.0,1252.0,1229.0673624710191,0.7542168674698795,0.7516403230725615
992,2697.0,2.173407,3929.0,1232.0,1228.7507096176023,0.7421686746987952,0.7514466729437633
993,2697.0,2.173407,3929.0,1232.0,1228.4318867330992,0.7421686746987952,0.7512516957250785
994,2697.0,2.173407,3929.0,1232.0,1228.0906384510406,0.7421686746987952,0.7510430041782956
995,2717.0,2.189524,3929.0,1212.0,1227.7285421835813,0.7301204819277108,0.7508215629751794
996,2704.0,2.179048,3929.0,1225.0,1227.3676921588744,0.7379518072289156,0.7506008839160543
997,2713.0,2.1863,3929.0,1216.0,1227.0083323964795,0.7325301204819277,0.7503811162319115
998,2705.0,2.179853,3929.0,1224.0,1226.6507069159572,0.7373493975903614,0.7501624091537427
999,2725.0,2.195971,3929.0,1204.0,1226.295059736867,0.7253012048192771,0.7499449119125386
1000,2713.0,2.1863,3929.0,1216.0,1225.9416348787688,0.7325301204819277,0.749728773739291
1001,2705.0,2.179853,3929.0,1224.0,1225.5906763612227,0.7373493975903614,0.749514143864991
1002,2705.0,2.179853,3929.0,1224.0,1225.242428203788,0.7373493975903614,0.7493011715206296
1003,2713.0,2.1863,3929.0,1216.0,1224.8971344260253,0.7325301204819277,0.7490900059371983
1004,2709.0,2.183077,3929.0,1220.0,1224.593475614174,0.7349397590361446,0.7489043023586858
1005,2717.0,2.189524,3929.0,1212.0,1224.2906621557977,0.7301204819277108,0.7487191157589643
1006,2697.0,2.173407,3929.0,1232.0,1223.9889729303943,0.7421686746987952,0.7485346166877387
1007,2705.0,2.179853,3929.0,1224.0,1223.6886868174604,0.7373493975903614,0.7483509756947128
1008,2709.0,2.183077,3929.0,1220.0,1223.3900826964928,0.7349397590361446,0.7481683633295909
1009,2705.0,2.179853,3929.0,1224.0,1223.0934394469891,0.7373493975903614,0.7479869501420778
1010,2713.0,2.1863,3929.0,1216.0,1222.8374725151252,0.7325301204819277,0.7478304126948745
1011,2697.0,2.173407,3929.0,1232.0,1222.6198637150826,0.7421686746987952,0.7476973332935644
1012,2717.0,2.189524,3929.0,1212.0,1222.3998931543,0.7301204819277108,0.7475628095494461
1013,2713.0,2.1863,3929.0,1216.0,1222.1779094321475,0.7325301204819277,0.7474270546496495
1014,2709.0,2.183077,3929.0,1220.0,1221.992697714677,0.7349397590361446,0.7473137877943029
1015,2709.0,2.183077,3929.0,1220.0,1221.8035729692633,0.7349397590361446,0.7471981279134173
1016,2705.0,2.179853,3929.0,1224.0,1221.6109186552153,0.7373493975903614,0.7470803095128365
1017,2713.0,2.1863,3929.0,1216.0,1221.338245098482,0.7325301204819277,0.7469135550724092
1018,2713.0,2.1863,3929.0,1216.0,1221.1090715142964,0.7325301204819277,0.7467734031880481
1019,2713.0,2.1863,3929.0,1216.0,1220.8853099353505,0.7325301204819277,0.7466365610338866
1020,2721.0,2.192747,3929.0,1208.0,1220.6673089610154,0.727710843373494,0.746503241797055
1021,2705.0,2.179853,3929.0,1224.0,1220.455417190662,0.7373493975903614,0.7463736586646833
1022,2713.0,2.1863,3929.0,1216.0,1220.2499832236622,0.7325301204819277,0.7462480248239022
1023,2709.0,2.183077,3929.0,1220.0,1219.9718506007746,0.7349397590361446,0.7460779318730131
1024,2713.0,2.1863,3929.0,1216.0,1219.7008032601084,0.7325301204819277,0.745912171950549
1025,2713.0,2.1863,3929.0,1216.0,1219.4165858351946,0.7325301204819277,0.7457383578182987
1026,2713.0,2.1863,3929.0,1216.0,1219.2155511922604,0.7325301204819277,0.7456154143991032
1027,2717.0,2.189524,3929.0,1212.0,1219.0158935168429,0.7301204819277108,0.7454933130690727
1028,2701.0,2.17663,3929.0,1228.0,1218.817943978345,0.7397590361445783,0.7453722563559814
1029,2705.0,2.179853,3929.0,1224.0,1218.54516061281,0.7373493975903614,0.745205434761608
1030,2713.0,2.1863,3929.0,1216.0,1218.356814986991,0.7325301204819277,0.7450902513539588
1031,2697.0,2.173407,3929.0,1232.0,1218.0942281530668,0.7421686746987952,0.7449296654831498
1032,2717.0,2.189524,3929.0,1212.0,1217.8242675709405,0.7301204819277108,0.7447645701715646
1033,2713.0,2.1863,3929.0,1216.0,1217.5899678330004,0.7325301204819277,0.7446212833704514
1034,2697.0,2.173407,3929.0,1232.0,1217.404515581963,0.7421686746987952,0.7445078694159845
1035,2713.0,2.1863,3929.0,1216.0,1217.2228282041362,0.7325301204819277,0.7443967578825259
1036,2713.0,2.1863,3929.0,1216.0,1217.0452368689223,0.7325301204819277,0.7442881512978495
1037,2717.0,2.189524,3929.0,1212.0,1216.9721120503032,0.7301204819277108,0.7442434315664745
1038,2709.0,2.183077,3929.0,1220.0,1216.9051487255715,0.7349397590361446,0.7442024799176291
1039,2705.0,2.179853,3929.0,1224.0,1216.8447652139728,0.7373493975903614,0.7441655521758697
1040,2705.0,2.179853,3929.0,1224.0,1216.7913798347536,0.7373493975903614,0.7441329041657533
1041,2705.0,2.179853,3929.0,1224.0,1216.7069743404788,0.7373493975903614,0.7440812856988385
1042,2713.0,2.1863,3929.0,1216.0,1216.6330006823903,0.7325301204819277,0.7440360468568007
1043,2705.0,2.179853,3929.0,1224.0,1216.5698423197964,0.7373493975903614,0.7439974221454836
1044,2705.0,2.179853,3929.0,1224.0,1216.5178827120053,0.7373493975903614,0.7439656460707301
1045,2713.0,2.1863,3929.0,1216.0,1216.436436826393,0.7325301204819277,0.7439158375625525
1046,2717.0,2.189524,3929.0,1212.0,1216.3437555830437,0.7301204819277108,0.7438591580331622
1047,2701.0,2.17663,3929.0,1228.0,1216.2978250013798,0.7397590361445783,0.7438310690298293
1048,2717.0,2.189524,3929.0,1212.0,1216.0834015280923,0.7301204819277108,0.7436999376259231
1049,2705.0,2.179853,3929.0,1224.0,1215.8640584461778,0.7373493975903614,0.7435657976186394
1050,2705.0,2.179853,3929.0,1224.0,1215.7118834911253,0.7373493975903614,0.7434727345076402
1051,2713.0,2.1863,3929.0,1216.0,1215.48802168986,0.7325301204819277,0.7433358310621786
1052,2713.0,2.1863,3929.0,1216.0,1215.2599549086785,0.7325301204819277,0.7431963560469568
1053,2705.0,2.179853,3929.0,1224.0,1215.0997708830703,0.7373493975903614,0.7430983949616365
1054,2729.0,2.199194,3929.0,1200.0,1214.9404845008432,0.7228915662650602,0.7430009828331773
1055,2717.0,2.189524,3929.0,1212.0,1214.7823746414945,0.7301204819277108,0.7429042902112831
1056,2713.0,2.1863,3929.0,1216.0,1214.6257201845208,0.7325301204819277,0.7428084876456582
1057,2717.0,2.189524,3929.0,1212.0,1214.470800009419,0.7301204819277108,0.742713745686007
1058,2717.0,2.189524,3929.0,1212.0,1214.394766129046,0.7301204819277108,0.7426672469080285
1059,2709.0,2.183077,3929.0,1220.0,1214.3158301589071,0.7349397590361446,0.7426189733471897
1060,2705.0,2.179853,3929.0,1224.0,1214.2343406983734,0.7373493975903614,0.7425691381906208
1061,2713.0,2.1863,3929.0,1216.0,1214.1917148387492,0.7325301204819277,0.742543070201284
1062,2729.0,2.199194,3929.0,1200.0,1214.1088309807303,0.7228915662650602,0.7424923822961934
1063,2713.0,2.1863,3929.0,1216.0,1214.050272386841,0.7325301204819277,0.7424565705890619
1064,2709.0,2.183077,3929.0,1220.0,1214.0024506535874,0.7349397590361446,0.7424273250455464
1065,2717.0,2.189524,3929.0,1212.0,1213.8630605804774,0.7301204819277108,0.7423420805725545
1066,2717.0,2.189524,3929.0,1212.0,1213.7284724637068,0.7301204819277108,0.7422597727522835
1067,2721.0,2.192747,3929.0,1208.0,1213.5989651827733,0.727710843373494,0.7421805721344382
1068,2713.0,2.1863,3929.0,1216.0,1213.4748176171734,0.7325301204819277,0.7421046492687227
1069,2713.0,2.1863,3929.0,1216.0,1213.3563086464044,0.7325301204819277,0.7420321747048414
1070,2719.0,2.191136,3929.0,1210.0,1213.243717149963,0.7289156626506024,0.7419633189924985
1071,2717.0,2.189524,3929.0,1212.0,1213.0654521464642,0.7301204819277108,0.7418543004236928
1072,2713.0,2.1863,3929.0,1216.0,1212.9459923709098,0.7325301204819277,0.7417812443919133
1073,2705.0,2.179853,3929.0,1224.0,1212.83295641027,0.7373493975903614,0.741712116865979
1074,2713.0,2.1863,3929.0,1216.0,1212.7163560210588,0.7325301204819277,0.7416408095016366
1075,2713.0,2.1863,3929.0,1216.0,1212.5143330989072,0.7325301204819277,0.7415172616969266
1076,2705.0,2.179853,3929.0,1224.0,1212.3450384287305,0.7373493975903614,0.7414137289659538
1077,2705.0,2.179853,3929.0,1224.0,1212.1292109714748,0.7373493975903614,0.7412817389508797
1078,2713.0,2.1863,3929.0,1216.0,1211.946564945377,0.7325301204819277,0.7411700411528127
1079,2725.0,2.195971,3929.0,1204.0,1211.758907803317,0.7253012048192771,0.7410552787897464
1080,2717.0,2.189524,3929.0,1212.0,1211.566483564854,0.7301204819277108,0.7409376010926717
1081,2717.0,2.189524,3929.0,1212.0,1211.449041308161,0.7301204819277108,0.7408657788814093
1082,2717.0,2.189524,3929.0,1212.0,1211.2478846554473,0.7301204819277108,0.7407427608467183
1083,2729.0,2.199194,3929.0,1200.0,1211.0427626848846,0.7228915662650602,0.7406173178084189
1084,2725.0,2.195971,3929.0,1204.0,1210.910792549393,0.7253012048192771,0.7405366110234974
1085,2717.0,2.189524,3929.0,1212.0,1210.77015100454,0.7301204819277108,0.7404506012087073
1086,2713.0,2.1863,3929.0,1216.0,1210.62115178976,0.7325301204819277,0.740359480232466
1087,2729.0,2.199194,3929.0,1200.0,1210.4256720778073,0.7228915662650602,0.7402399339501933
1088,2729.0,2.199194,3929.0,1200.0,1210.1866226734332,0.7228915662650602,0.7400937424744284
1089,2721.0,2.192747,3929.0,1208.0,1209.9453160881294,0.727710843373494,0.7399461706119939
1090,2729.0,2.199194,3929.0,1200.0,1209.660927849524,0.7228915662650602,0.7397722520180499
1091,2713.0,2.1863,3929.0,1216.0,1209.372103683918,0.7325301204819277,0.7395956206178712
1092,2737.0,2.205641,3929.0,1192.0,1209.0790527509353,0.7180722891566265,0.7394164043237366
1093,2737.0,2.205641,3929.0,1192.0,1208.7819842101983,0.7180722891566265,0.7392347310479241
1094,2717.0,2.189524,3929.0,1212.0,1208.4811072213301,0.7301204819277108,0.7390507287027123
1095,2721.0,2.192747,3929.0,1208.0,1208.1766309439531,0.727710843373494,0.738864525200379
1096,2713.0,2.1863,3929.0,1216.0,1207.9360285293794,0.7325301204819277,0.738717383975948
1097,2717.0,2.189524,3929.0,1212.0,1207.6973094229095,0.7301204819277108,0.7385713944949891
1098,2725.0,2.195971,3929.0,1204.0,1207.4504853810568,0.7253012048192771,0.7384204484132485
1099,2725.0,2.195971,3929.0,1204.0,1207.2630992750076,0.7253012048192771,0.7383058518031759
1100,2717.0,2.189524,3929.0,1212.0,1207.0636211282665,0.7301204819277108,0.7381838602645177
1101,2736.0,2.204835,3929.0,1193.0,1206.7851268335307,0.7186746987951808,0.7380135461319804
1102,2717.0,2.189524,3929.0,1212.0,1206.4901559895106,0.7301204819277108,0.7378331557097253
1103,2717.0,2.189524,3929.0,1212.0,1206.198855025372,0.7301204819277108,0.7376550096149853
1104,2741.0,2.208864,3929.0,1188.0,1205.9012356976286,0.7156626506024096,0.7374729995035071
1105,2736.0,2.204835,3929.0,1193.0,1205.597576885777,0.7186746987951808,0.7372872959249944
1106,2737.0,2.205641,3929.0,1192.0,1205.2881574693151,0.7180722891566265,0.7370980694291522
1107,2717.0,2.189524,3929.0,1212.0,1204.9732563277394,0.7301204819277108,0.7369054905656846
1108,2717.0,2.189524,3929.0,1212.0,1204.653152340547,0.7301204819277108,0.7367097298842957
1109,2725.0,2.195971,3929.0,1204.0,1204.3281243872348,0.7253012048192771,0.7365109579346899
1110,2717.0,2.189524,3929.0,1212.0,1203.9984513473,0.7301204819277108,0.7363093452665717
1111,2729.0,2.199194,3929.0,1200.0,1203.66441210024,0.7228915662650602,0.7361050624296454
1112,2737.0,2.205641,3929.0,1192.0,1203.3262855255512,0.7180722891566265,0.735898279973615
1113,2725.0,2.195971,3929.0,1204.0,1203.025418994664,0.7253012048192771,0.7357142840240171
1114,2729.0,2.199194,3929.0,1200.0,1202.7236896803329,0.7228915662650602,0.7355297604362713
1115,2737.0,2.205641,3929.0,1192.0,1202.421411321992,0.7180722891566265,0.7353449010787952
1116,2729.0,2.199194,3929.0,1200.0,1202.1599661510081,0.7228915662650602,0.7351850133958379
1117,2717.0,2.189524,3929.0,1212.0,1201.9012662000737,0.7301204819277108,0.7350268045615326
1118,2725.0,2.195971,3929.0,1204.0,1201.6456600685592,0.7253012048192771,0.7348704877630093
1119,2713.0,2.1863,3929.0,1216.0,1201.4607603475258,0.7325301204819277,0.7347574117101442
1120,2725.0,2.195971,3929.0,1204.0,1201.275106780352,0.7253012048192771,0.7346438746401096
1121,2725.0,2.195971,3929.0,1204.0,1201.089108971299,0.7253012048192771,0.7345301270477838
1122,2729.0,2.199194,3929.0,1200.0,1200.903176524628,0.7228915662650602,0.7344164194280447
1123,2729.0,2.199194,3929.0,1200.0,1200.7177190446005,0.7228915662650602,0.7343030022757709
1124,2729.0,2.199194,3929.0,1200.0,1200.4510091516117,0.7228915662650602,0.7341398949341769
1125,2737.0,2.205641,3929.0,1192.0,1200.1129958717186,0.7180722891566265,0.7339331817639638
1126,2729.0,2.199194,3929.0,1200.0,1199.775827945301,0.7228915662650602,0.7337269855725421
1127,2717.0,2.189524,3929.0,1212.0,1199.4397842518558,0.7301204819277108,0.733521476909616
1128,2717.0,2.189524,3929.0,1212.0,1199.1051436708804,0.7301204819277108,0.7333168263248898
1129,2737.0,2.205641,3929.0,1192.0,1198.772185081871,0.7180722891566265,0.7331132043680675
1130,2729.0,2.199194,3929.0,1200.0,1198.5084513560146,0.7228915662650602,0.732951917111599
1131,2729.0,2.199194,3929.0,1200.0,1198.242412516816,0.7228915662650602,0.7327892201552313
1132,2725.0,2.195971,3929.0,1204.0,1197.9744084486613,0.7253012048192771,0.7326253213564156
1133,2741.0,2.208864,3929.0,1188.0,1197.704779035938,0.7156626506024096,0.7324604285726044
1134,2745.0,2.212088,3929.0,1184.0,1197.3927956710997,0.7132530120481928,0.732269634085418
1135,2737.0,2.205641,3929.0,1192.0,1197.1278775788799,0.7180722891566265,0.7321076225256743
1136,2729.0,2.199194,3929.0,1200.0,1196.8616696689853,0.7228915662650602,0.7319448221735477
1137,2737.0,2.205641,3929.0,1192.0,1196.5945205407886,0.7180722891566265,0.7317814462161693
1138,2737.0,2.205641,3929.0,1192.0,1196.3267787936609,0.7180722891566265,0.7316177078406693
1139,2729.0,2.199194,3929.0,1200.0,1196.0587930269733,0.7228915662650602,0.7314538202341779
1140,2729.0,2.199194,3929.0,1200.0,1195.781302698427,0.7228915662650602,0.7312841200805764
1141,2725.0,2.195971,3929.0,1204.0,1195.4376508237035,0.7253012048192771,0.7310739586085295
1142,2721.0,2.192747,3929.0,1208.0,1195.0589176512485,0.727710843373494,0.7308423430496149
1143,2729.0,2.199194,3929.0,1200.0,1194.6837837673027,0.7228915662650602,0.730612928647822
1144,2729.0,2.199194,3929.0,1200.0,1194.3124931914256,0.7228915662650602,0.7303858646341418
1145,2741.0,2.208864,3929.0,1188.0,1194.0221630765357,0.7156626506024096,0.7302083122655598
1146,2721.0,2.192747,3929.0,1208.0,1193.762429528465,0.727710843373494,0.7300494713314126
1147,2737.0,2.205641,3929.0,1192.0,1193.5054629879044,0.7180722891566265,0.7298923225701133
1148,2745.0,2.212088,3929.0,1184.0,1193.26121248091,0.7132530120481928,0.7297429503423627
1149,2729.0,2.199194,3929.0,1200.0,1193.0197594838703,0.7228915662650602,0.7295952889413334
1150,2741.0,2.208864,3929.0,1188.0,1192.781452596157,0.7156626506024096,0.7294495515541563
1151,2736.0,2.204835,3929.0,1193.0,1192.5466404171407,0.7186746987951808,0.7293059513679612
1152,2741.0,2.208864,3929.0,1188.0,1192.3541081128724,0.7156626506024096,0.7291882075828758
1153,2737.0,2.205641,3929.0,1192.0,1192.1631706507283,0.7180722891566265,0.7290714391289125
1154,2736.0,2.204835,3929.0,1193.0,1191.9742114900162,0.7186746987951808,0.728955880511914
1155,2736.0,2.204835,3929.0,1193.0,1191.7465455981114,0.7186746987951808,0.7288166506618918
1156,2737.0,2.205641,3929.0,1192.0,1191.5189581410657,0.7180722891566265,0.7286774687789743
1157,2745.0,2.212088,3929.0,1184.0,1191.2917977182497,0.7132530120481928,0.7285385480502915
1158,2753.0,2.218535,3929.0,1176.0,1191.065412929035,0.708433734939759,0.728400101662974
1159,2745.0,2.212088,3929.0,1184.0,1190.840152372792,0.7132530120481928,0.7282623428041516
1160,2745.0,2.212088,3929.0,1184.0,1190.6163646488935,0.7132530120481928,0.7281254846609554
1161,2737.0,2.205641,3929.0,1192.0,1190.3533298647767,0.7180722891566265,0.7279646248446835
1162,2737.0,2.205641,3929.0,1192.0,1190.048729834623,0.7180722891566265,0.7277783456609189
1163,2745.0,2.212088,3929.0,1184.0,1189.7797165712884,0.7132530120481928,0.7276138296853608
1164,2737.0,2.205641,3929.0,1192.0,1189.5055353222742,0.7180722891566265,0.7274461532105946
1165,2741.0,2.208864,3929.0,1188.0,1189.1469947684018,0.7156626506024096,0.7272268865162081
1166,2737.0,2.205641,3929.0,1192.0,1188.822280554524,0.7180722891566265,0.7270283064350198
1167,2729.0,2.199194,3929.0,1200.0,1188.4906030682043,0.7228915662650602,0.7268254679409019
1168,2745.0,2.212088,3929.0,1184.0,1188.234378172806,0.7132530120481928,0.7266687727352222
1169,2737.0,2.205641,3929.0,1192.0,1187.9770813343407,0.7180722891566265,0.7265114219791166
1170,2737.0,2.205641,3929.0,1192.0,1187.71906115218,0.7180722891566265,0.7263536288597154
1171,2752.0,2.217729,3929.0,1177.0,1187.4606662256954,0.7090361445783132,0.7261956065641492
1172,2752.0,2.217729,3929.0,1177.0,1187.2022451542578,0.7090361445783132,0.726037568279548
1173,2737.0,2.205641,3929.0,1192.0,1186.9441465372386,0.7180722891566265,0.7258797271930425
1174,2744.0,2.211282,3929.0,1185.0,1186.7277874659424,0.713855421686747,0.7257474120675951
1175,2752.0,2.217729,3929.0,1177.0,1186.5151148329971,0.7090361445783132,0.7256173513960512
1176,2757.0,2.221758,3929.0,1172.0,1186.3065120977124,0.7060240963855422,0.725489779684255
1177,2745.0,2.212088,3929.0,1184.0,1186.0202257355297,0.7132530120481928,0.7253147002863857
1178,2752.0,2.217729,3929.0,1177.0,1185.733442619243,0.7090361445783132,0.7251393170968556
1179,2741.0,2.208864,3929.0,1188.0,1185.4464764882866,0.7156626506024096,0.7249638219840822
1180,2737.0,2.205641,3929.0,1192.0,1185.24177806596,0.7180722891566265,0.7248386379681462
1181,2741.0,2.208864,3929.0,1188.0,1184.9607206943472,0.7156626506024096,0.724666756377233
1182,2745.0,2.212088,3929.0,1184.0,1184.7626282301069,0.7132530120481928,0.7245456122574181
1183,2737.0,2.205641,3929.0,1192.0,1184.4888740153226,0.7180722891566265,0.7243781969368865
1184,2752.0,2.217729,3929.0,1177.0,1184.1755764308548,0.7090361445783132,0.7241865987342186
1185,2745.0,2.212088,3929.0,1184.0,1183.902519414813,0.7132530120481928,0.7240196097879478
1186,2752.0,2.217729,3929.0,1177.0,1183.7084532733113,0.7090361445783132,0.723900927979489
1187,2745.0,2.212088,3929.0,1184.0,1183.4347513484327,0.7132530120481928,0.723733544637027
1188,2753.0,2.218535,3929.0,1176.0,1183.1227958715447,0.708433734939759,0.7235427672048113
1189,2745.0,2.212088,3929.0,1184.0,1182.811302288823,0.7132530120481928,0.723352272245543
1190,2745.0,2.212088,3929.0,1184.0,1182.5005494797658,0.7132530120481928,0.723162230308927
1191,2745.0,2.212088,3929.0,1184.0,1182.2676894572287,0.7132530120481928,0.723019823970662
1192,2753.0,2.218535,3929.0,1176.0,1182.0720023286503,0.708433734939759,0.7229001508420468
1193,2745.0,2.212088,3929.0,1184.0,1181.8754349866597,0.7132530120481928,0.7227799394159274
1194,2752.0,2.217729,3929.0,1177.0,1181.678370890565,0.7090361445783132,0.7226594241981473
1195,2752.0,2.217729,3929.0,1177.0,1181.4811934996744,0.7090361445783132,0.7225388396945497
1196,2745.0,2.212088,3929.0,1184.0,1181.2842862732964,0.7132530120481928,0.722418420410978
1197,2753.0,2.218535,3929.0,1176.0,1181.0880326707397,0.708433734939759,0.7222984008532759
1198,2752.0,2.217729,3929.0,1177.0,1180.8517476593797,0.7090361445783132,0.722153899951455
1199,2745.0,2.212088,3929.0,1184.0,1180.6142164052674,0.7132530120481928,0.7220086369056428
1200,2745.0,2.212088,3929.0,1184.0,1180.375787507774,0.7132530120481928,0.7218628249029699
1201,2757.0,2.221758,3929.0,1172.0,1180.1368095662708,0.7060240963855422,0.7217166771305666
1202,2745.0,2.212088,3929.0,1184.0,1179.8976311801289,0.7132530120481928,0.7215704067755633
1203,2752.0,2.217729,3929.0,1177.0,1179.6586009487198,0.7090361445783132,0.7214242270250905
1204,2737.0,2.205641,3929.0,1192.0,1179.4200674714152,0.7180722891566265,0.7212783510662786
1205,2745.0,2.212088,3929.0,1184.0,1179.1823793475855,0.7132530120481928,0.7211329920862576
1206,2752.0,2.217729,3929.0,1177.0,1178.9843217432824,0.7090361445783132,0.7210118692851557
1207,2761.0,2.224982,3929.0,1168.0,1178.7467730592016,0.7036144578313253,0.7208665955799871
1208,2745.0,2.212088,3929.0,1184.0,1178.5495869533265,0.7132530120481928,0.7207460057467111
1209,2753.0,2.218535,3929.0,1176.0,1178.2699414091676,0.708433734939759,0.7205749875636761
1210,2757.0,2.221758,3929.0,1172.0,1177.9850232995175,0.7060240963855422,0.7204007449252937
1211,2752.0,2.217729,3929.0,1177.0,1177.6951463638104,0.7090361445783132,0.7202234696999813
1212,2753.0,2.218535,3929.0,1176.0,1177.3621877748012,0.708433734939759,0.7200198477431591
1213,2745.0,2.212088,3929.0,1184.0,1177.0659314705993,0.7132530120481928,0.7198386711933604
1214,2761.0,2.224982,3929.0,1168.0,1176.886196249252,0.7036144578313253,0.7197287535078323
1215,2737.0,2.205641,3929.0,1192.0,1176.705458804712,0.7180722891566265,0.7196182229093041
1216,2753.0,2.218535,3929.0,1176.0,1176.524137456225,0.708433734939759,0.7195073352223325
1217,2753.0,2.218535,3929.0,1176.0,1176.3042139563568,0.708433734939759,0.7193728402584765
1218,2741.0,2.208864,3929.0,1188.0,1176.0871402563494,0.7156626506024096,0.7192400880994116
1219,2745.0,2.212088,3929.0,1184.0,1175.8732998155103,0.7132530120481928,0.7191093132509809
1220,2737.0,2.205641,3929.0,1192.0,1175.6630760931491,0.7180722891566265,0.7189807502190285
1221,2745.0,2.212088,3929.0,1184.0,1175.4568525485734,0.7132530120481928,0.7188546335093972
1222,2753.0,2.218535,3929.0,1176.0,1175.2550126410915,0.708433734939759,0.7187311976279305
1223,2753.0,2.218535,3929.0,1176.0,1174.9860699691296,0.708433734939759,0.7185667248227662
1224,2761.0,2.224982,3929.0,1168.0,1174.7073438558123,0.7036144578313253,0.7183962689207875
1225,2752.0,2.217729,3929.0,1177.0,1174.4287571822433,0.7090361445783132,0.7182258982936608
1226,2753.0,2.218535,3929.0,1176.0,1174.1890602545368,0.708433734939759,0.7180793108228012
1227,2757.0,2.221758,3929.0,1172.0,1173.947533180131,0.7060240963855422,0.7179316041195068
1228,2761.0,2.224982,3929.0,1168.0,1173.704524558397,0.7036144578313253,0.7177829913709084
1229,2757.0,2.221758,3929.0,1172.0,1173.4603829887062,0.7060240963855422,0.717633685764136
1230,2752.0,2.217729,3929.0,1177.0,1173.2154570704301,0.7090361445783132,0.7174839004863204
1231,2757.0,2.221758,3929.0,1172.0,1172.9700954029397,0.7060240963855422,0.7173338487245916
1232,2761.0,2.224982,3929.0,1168.0,1172.683578093674,0.7036144578313253,0.7171586280902487
1233,2757.0,2.221758,3929.0,1172.0,1172.4357239406788,0.7060240963855422,0.7170070520405376
1234,2761.0,2.224982,3929.0,1168.0,1172.1884449766465,0.7036144578313253,0.7168558277495918
1235,2761.0,2.224982,3929.0,1168.0,1171.859952817082,0.7036144578313253,0.7166549372528778
1236,2757.0,2.221758,3929.0,1172.0,1171.5658360415216,0.7060240963855422,0.716475069139092
1237,2753.0,2.218535,3929.0,1176.0,1171.2653398974662,0.708433734939759,0.7162912997008198
1238,2757.0,2.221758,3929.0,1172.0,1170.9998466162833,0.7060240963855422,0.7161289363823109
1239,2761.0,2.224982,3929.0,1168.0,1170.7723367225976,0.7036144578313253,0.7159898019335299
1240,2753.0,2.218535,3929.0,1176.0,1170.5447571090374,0.708433734939759,0.7158506248473226
1241,2761.0,2.224982,3929.0,1168.0,1170.3174912349116,0.7036144578313253,0.7157116396295329
1242,2761.0,2.224982,3929.0,1168.0,1170.090922559528,0.7036144578313253,0.7155730807860038
1243,2761.0,2.224982,3929.0,1168.0,1169.8654345421955,0.7036144578313253,0.7154351828225788
1244,2753.0,2.218535,3929.0,1176.0,1169.6414106422228,0.708433734939759,0.7152981802451017
1245,2761.0,2.224982,3929.0,1168.0,1169.380797752238,0.7036144578313253,0.7151388015464183
1246,2761.0,2.224982,3929.0,1168.0,1169.1634495302255,0.7036144578313253,0.7150058815024881
1247,2761.0,2.224982,3929.0,1168.0,1168.8768110826782,0.7036144578313253,0.7148305867856173
1248,2757.0,2.221758,3929.0,1172.0,1168.5397651660403,0.7060240963855422,0.714624465209691
1249,2768.0,2.230623,3929.0,1161.0,1168.2032682934123,0.6993975903614458,0.7144186794034953
1250,2761.0,2.224982,3929.0,1168.0,1167.8341660500885,0.7036144578313253,0.7141929536720261
1251,2768.0,2.230623,3929.0,1161.0,1167.420470103689,0.6993975903614458,0.7139399565098686
1252,2761.0,2.224982,3929.0,1168.0,1167.1137732483166,0.7036144578313253,0.7137523950055147
1253,2761.0,2.224982,3929.0,1168.0,1166.8163238627667,0.7036144578313253,0.7135704888227624
1254,2753.0,2.218535,3929.0,1176.0,1166.5085681368041,0.708433734939759,0.7133822797624999
1255,2753.0,2.218535,3929.0,1176.0,1166.200428951533,0.708433734939759,0.713193836196394
1256,2761.0,2.224982,3929.0,1168.0,1165.892220046388,0.7036144578313253,0.7130053499928621
1257,2769.0,2.231429,3929.0,1160.0,1165.5842551608025,0.6987951807228916,0.7128170130203214
1258,2769.0,2.231429,3929.0,1160.0,1165.2768480342113,0.6987951807228916,0.7126290171471893
1259,2777.0,2.237875,3929.0,1152.0,1164.9703124060484,0.6939759036144578,0.7124415542418833
1260,2753.0,2.218535,3929.0,1176.0,1164.664962015748,0.708433734939759,0.7122548161728207
1261,2761.0,2.224982,3929.0,1168.0,1164.3611106027438,0.7036144578313253,0.7120689948084186
1262,2761.0,2.224982,3929.0,1168.0,1164.0590719064705,0.7036144578313253,0.7118842820170945
1263,2761.0,2.224982,3929.0,1168.0,1163.7591596663622,0.7036144578313253,0.7117008696672659
1264,2773.0,2.234652,3929.0,1156.0,1163.4616876218531,0.6963855421686747,0.7115189496273502
1265,2769.0,2.231429,3929.0,1160.0,1163.1669695123774,0.6987951807228916,0.7113387137657646
1266,2761.0,2.224982,3929.0,1168.0,1162.8753190773689,0.7036144578313253,0.7111603539509264
1267,2769.0,2.231429,3929.0,1160.0,1162.5870500562621,0.6987951807228916,0.7109840620512531
1268,2777.0,2.237875,3929.0,1152.0,1162.302476188491,0.6939759036144578,0.7108100299351618
1269,2761.0,2.224982,3929.0,1168.0,1162.0219112134898,0.7036144578313253,0.7106384494710701
1270,2777.0,2.237875,3929.0,1152.0,1161.7122355764898,0.6939759036144578,0.710449066282687
1271,2768.0,2.230623,3929.0,1161.0,1161.3999323717287,0.6993975903614458,0.7102580761963087
1272,2773.0,2.234652,3929.0,1156.0,1161.085289193688,0.6963855421686747,0.7100656550913175
1273,2777.0,2.237875,3929.0,1152.0,1160.807030203528,0.6939759036144578,0.7098954848600935
1274,2769.0,2.231429,3929.0,1160.0,1160.4859727970547,0.6987951807228916,0.7096991411119028
1275,2769.0,2.231429,3929.0,1160.0,1160.163473060683,0.6987951807228916,0.7095019153019602
1276,2761.0,2.224982,3929.0,1168.0,1159.9116884497766,0.7036144578313253,0.7093479355673541
1277,2781.0,2.241099,3929.0,1148.0,1159.6637035720175,0.691566265060241,0.7091962795724693
1278,2769.0,2.231429,3929.0,1160.0,1159.4198670267767,0.6987951807228916,0.7090471605044362
1279,2769.0,2.231429,3929.0,1160.0,1159.257400546785,0.6987951807228916,0.7089478035763798
1280,2777.0,2.237875,3929.0,1152.0,1159.094585467422,0.6939759036144578,0.708848233461193
1281,2773.0,2.234652,3929.0,1156.0,1158.7830971136914,0.6963855421686747,0.708657741699732
1282,2781.0,2.241099,3929.0,1148.0,1158.4726240556295,0.691566265060241,0.708467870845788
1283,2769.0,2.231429,3929.0,1160.0,1158.240327021077,0.6987951807228916,0.7083258088047387
1284,2757.0,2.221758,3929.0,1172.0,1158.004426340524,0.7060240963855422,0.7081815429417291
1285,2773.0,2.234652,3929.0,1156.0,1157.7652793283255,0.6963855421686747,0.7080352917735674
1286,2768.0,2.230623,3929.0,1161.0,1157.512976175854,0.6993975903614458,0.7078809949231045
1287,2777.0,2.237875,3929.0,1152.0,1157.2574746241514,0.6939759036144578,0.7077247420807208
1288,2769.0,2.231429,3929.0,1160.0,1156.999123272588,0.6987951807228916,0.7075667464335457
1289,2777.0,2.237875,3929.0,1152.0,1156.7382707205354,0.6939759036144578,0.70740722116871
1290,2781.0,2.241099,3929.0,1148.0,1156.4752655673653,0.691566265060241,0.7072463794733442
1291,2769.0,2.231429,3929.0,1160.0,1156.2207235354317,0.6987951807228916,0.7070907134285366
1292,2777.0,2.237875,3929.0,1152.0,1156.0372626583032,0.6939759036144578,0.7069785173055521
1293,2777.0,2.237875,3929.0,1152.0,1155.8580372635363,0.6939759036144578,0.706868911406202
1294,2773.0,2.234652,3929.0,1156.0,1155.683465670376,0.6963855421686747,0.7067621515550426
1295,2769.0,2.231429,3929.0,1160.0,1155.5908393314278,0.6987951807228916,0.7067055056026254
1296,2769.0,2.231429,3929.0,1160.0,1155.33949918472,0.6987951807228916,0.7065517976816106
1297,2753.0,2.218535,3929.0,1176.0,1155.0990710698318,0.708433734939759,0.7064047630507446
1298,2773.0,2.234652,3929.0,1156.0,1154.86030315945,0.6963855421686747,0.7062587437235877
1299,2773.0,2.234652,3929.0,1156.0,1154.6132856449462,0.6963855421686747,0.7061076793229897
1300,2777.0,2.237875,3929.0,1152.0,1154.3679762673614,0.6939759036144578,0.7059576595393303
1301,2777.0,2.237875,3929.0,1152.0,1154.1247236260676,0.6939759036144578,0.7058088975597406
1302,2769.0,2.231429,3929.0,1160.0,1153.8838763204355,0.6987951807228916,0.7056616065713505
1303,2781.0,2.241099,3929.0,1148.0,1153.604714457904,0.691566265060241,0.7054908841854587
1304,2777.0,2.237875,3929.0,1152.0,1153.3259883445867,0.6939759036144578,0.70532042828348
1305,2789.0,2.247546,3929.0,1140.0,1153.1248848532766,0.6867469879518072,0.7051974427598262
1306,2777.0,2.237875,3929.0,1152.0,1152.8427773260578,0.6939759036144578,0.7050249189426827
1307,2777.0,2.237875,3929.0,1152.0,1152.6389896195885,0.6939759036144578,0.7049002918781248
1308,2769.0,2.231429,3929.0,1160.0,1152.4317682093128,0.6987951807228916,0.7047735649203329
1309,2781.0,2.241099,3929.0,1148.0,1152.2214965545377,0.691566265060241,0.7046449725751498
1310,2781.0,2.241099,3929.0,1148.0,1151.9316849812128,0.691566265060241,0.7044677373224244
1311,2773.0,2.234652,3929.0,1156.0,1151.7216573459978,0.6963855421686747,0.7043392942082326
1312,2777.0,2.237875,3929.0,1152.0,1151.509660124335,0.6939759036144578,0.7042096465867542
1313,2781.0,2.241099,3929.0,1148.0,1151.2192036421732,0.691566265060241,0.7040320169378376
1314,2792.0,2.249963,3929.0,1137.0,1150.8916701308797,0.6849397590361446,0.7038317127057321
1315,2781.0,2.241099,3929.0,1148.0,1150.5657750366315,0.691566265060241,0.7036324104531395
1316,2769.0,2.231429,3929.0,1160.0,1150.2828657308585,0.6987951807228916,0.703459396305596
1317,2783.0,2.242711,3929.0,1146.0,1149.963750894382,0.6903614457831325,0.7032642405426895
1318,2781.0,2.241099,3929.0,1148.0,1149.6471459733789,0.691566265060241,0.703070619727122
1319,2781.0,2.241099,3929.0,1148.0,1149.4005938390353,0.691566265060241,0.7029198399313428
1320,2769.0,2.231429,3929.0,1160.0,1149.0853005231672,0.6987951807228916,0.7027270212323536
1321,2781.0,2.241099,3929.0,1148.0,1148.7734147661529,0.691566265060241,0.7025362864375636
1322,2777.0,2.237875,3929.0,1152.0,1148.53247943918,0.6939759036144578,0.7023889416194233
1323,2777.0,2.237875,3929.0,1152.0,1148.290964565752,0.6939759036144578,0.7022412423776785
1324,2769.0,2.231429,3929.0,1160.0,1148.049210030256,0.6987951807228916,0.7020933965697815
1325,2781.0,2.241099,3929.0,1148.0,1147.8171648587497,0.691566265060241,0.7019514885564341
1326,2789.0,2.247546,3929.0,1140.0,1147.5753013859505,0.6867469879518072,0.701803576127559
1327,2777.0,2.237875,3929.0,1152.0,1147.3342266192287,0.6939759036144578,0.7016561460345662
1328,2793.0,2.250769,3929.0,1136.0,1147.1038895846416,0.6843373493975904,0.7015152826381575
1329,2781.0,2.241099,3929.0,1148.0,1146.8743717585774,0.691566265060241,0.7013749202315056
1330,2777.0,2.237875,3929.0,1152.0,1146.6460217404062,0.6939759036144578,0.70123527200174
1331,2781.0,2.241099,3929.0,1148.0,1146.419188129501,0.691566265060241,0.701096551135992
1332,2792.0,2.249963,3929.0,1137.0,1146.194219525232,0.6849397590361446,0.7009589708213916
1333,2777.0,2.237875,3929.0,1152.0,1145.9714645269705,0.6939759036144578,0.700822744245069
1334,2793.0,2.250769,3929.0,1136.0,1145.751271734088,0.6843373493975904,0.7006880845941547
1335,2785.0,2.244322,3929.0,1144.0,1145.5339897459562,0.689156626506024,0.7005552050557794
1336,2777.0,2.237875,3929.0,1152.0,1145.3199671619461,0.6939759036144578,0.7004243188170735
1337,2781.0,2.241099,3929.0,1148.0,1144.9505424642036,0.691566265060241,0.7001983958875084
1338,2801.0,2.257216,3929.0,1128.0,1144.6670719134427,0.6795180722891566,0.7000250385086849
1339,2777.0,2.237875,3929.0,1152.0,1144.3929612558013,0.6939759036144578,0.6998574052043126
1340,2781.0,2.241099,3929.0,1148.0,1144.1284893707762,0.691566265060241,0.6996956665240955
1341,2781.0,2.241099,3929.0,1148.0,1143.8739351378645,0.691566265060241,0.6995399930177382
1342,2793.0,2.250769,3929.0,1136.0,1143.5474404526976,0.6843373493975904,0.6993403240832814
1343,2769.0,2.231429,3929.0,1160.0,1143.2260876082576,0.6987951807228916,0.6991437996589979
1344,2797.0,2.253993,3929.0,1132.0,1142.986958897526,0.6819277108433734,0.6989975596831606
1345,2789.0,2.247546,3929.0,1140.0,1142.7481962161346,0.6867469879518072,0.6988515435538103
1346,2781.0,2.241099,3929.0,1148.0,1142.51007844358,0.691566265060241,0.6987059218206513
1347,2801.0,2.257216,3929.0,1128.0,1142.2728844593594,0.6795180722891566,0.6985608650333878
1348,2781.0,2.241099,3929.0,1148.0,1142.0368931429698,0.691566265060241,0.6984165437417242
1349,2785.0,2.244322,3929.0,1144.0,1141.8023833739082,0.689156626506024,0.6982731284953648
1350,2785.0,2.244322,3929.0,1144.0,1141.5696340316717,0.689156626506024,0.6981307898440139
1351,2793.0,2.250769,3929.0,1136.0,1141.483061120806,0.6843373493975904,0.6980778458861159
1352,2793.0,2.250769,3929.0,1136.0,1141.3890674008235,0.6843373493975904,0.6980203637071795
1353,2781.0,2.241099,3929.0,1148.0,1141.2880624759862,0.691566265060241,0.6979585938020832
1354,2777.0,2.237875,3929.0,1152.0,1141.1804559505545,0.6939759036144578,0.697892786665705
1355,2781.0,2.241099,3929.0,1148.0,1141.06665742879,0.691566265060241,0.6978231927929232
1356,2793.0,2.250769,3929.0,1136.0,1140.9470765149542,0.6843373493975904,0.6977500626786158
1357,2793.0,2.250769,3929.0,1136.0,1140.7810543213752,0.6843373493975904,0.6976485312418295
1358,2793.0,2.250769,3929.0,1136.0,1140.504333525941,0.6843373493975904,0.6974793016988182
1359,2781.0,2.241099,3929.0,1148.0,1140.1916947942852,0.691566265060241,0.6972881064198269
1360,2785.0,2.244322,3929.0,1144.0,1139.881818712647,0.689156626506024,0.6970986006488439
1361,2800.0,2.25641,3929.0,1129.0,1139.5749493005856,0.6801204819277108,0.6969109336168603
1362,2793.0,2.250769,3929.0,1136.0,1139.2713305776622,0.6843373493975904,0.6967252545548679
1363,2793.0,2.250769,3929.0,1136.0,1139.0122750553685,0.6843373493975904,0.6965668282696893
1364,2793.0,2.250769,3929.0,1136.0,1138.71855655459,0.6843373493975904,0.6963872037222001
1365,2793.0,2.250769,3929.0,1136.0,1138.3877871696325,0.6843373493975904,0.6961849205805568
1366,2801.0,2.257216,3929.0,1128.0,1138.0586126267988,0.6795180722891566,0.6959836127700351
1367,2801.0,2.257216,3929.0,1128.0,1137.7312420857118,0.6795180722891566,0.6957834082029132
1368,2785.0,2.244322,3929.0,1144.0,1137.4469531979266,0.689156626506024,0.695609550367301
1369,2801.0,2.257216,3929.0,1128.0,1137.1675534163242,0.6795180722891566,0.6954386824811928
1370,2785.0,2.244322,3929.0,1144.0,1137.0374238855127,0.689156626506024,0.6953591013243197
1371,2801.0,2.257216,3929.0,1128.0,1136.9029325050678,0.6795180722891566,0.6952768526634775
1372,2793.0,2.250769,3929.0,1136.0,1136.764454019314,0.6843373493975904,0.6951921656748316
1373,2781.0,2.241099,3929.0,1148.0,1136.6223631725748,0.691566265060241,0.6951052695345469
1374,2816.0,2.269304,3929.0,1113.0,1136.4770347091744,0.6704819277108434,0.6950163934187884
1375,2785.0,2.244322,3929.0,1144.0,1136.3288433734376,0.689156626506024,0.6949257665037218
1376,2801.0,2.257216,3929.0,1128.0,1136.178163909688,0.6795180722891566,0.694833617965512
1377,2793.0,2.250769,3929.0,1136.0,1135.984302570317,0.6843373493975904,0.6947150614044922
1378,2793.0,2.250769,3929.0,1136.0,1135.786035806391,0.6843373493975904,0.6945938106911121
1379,2801.0,2.257216,3929.0,1128.0,1135.5837035022973,0.6795180722891566,0.6944700736828238
1380,2816.0,2.269304,3929.0,1113.0,1135.377645542423,0.6704819277108434,0.6943440582370793
1381,2781.0,2.241099,3929.0,1148.0,1135.1682018111546,0.691566265060241,0.694215972211331
1382,2781.0,2.241099,3929.0,1148.0,1134.9557121928794,0.691566265060241,0.6940860234630306
1383,2816.0,2.269304,3929.0,1113.0,1134.740516571985,0.6704819277108434,0.6939544198496308
1384,2801.0,2.257216,3929.0,1128.0,1134.5229548328575,0.6795180722891566,0.6938213692285834
1385,2785.0,2.244322,3929.0,1144.0,1134.3033668598846,0.689156626506024,0.6936870794573405
1386,2801.0,2.257216,3929.0,1128.0,1134.0820925374526,0.6795180722891566,0.6935517583933543
1387,2816.0,2.269304,3929.0,1113.0,1133.8184032580164,0.6704819277108434,0.6933904983182451
1388,2793.0,2.250769,3929.0,1136.0,1133.5606497543747,0.6843373493975904,0.6932328682869987
1389,2789.0,2.247546,3929.0,1140.0,1133.2988786429792,0.6867469879518072,0.6930727812740747
1390,2801.0,2.257216,3929.0,1128.0,1133.0334036632632,0.6795180722891566,0.6929104291478899
1391,2785.0,2.244322,3929.0,1144.0,1132.7645385546614,0.689156626506024,0.6927460037768621
1392,2793.0,2.250769,3929.0,1136.0,1132.492597056608,0.6843373493975904,0.6925796970294088
1393,2785.0,2.244322,3929.0,1144.0,1132.2178929085371,0.689156626506024,0.692411700773947
1394,2800.0,2.25641,3929.0,1129.0,1131.9407398498824,0.6801204819277108,0.692242206878894
1395,2793.0,2.250769,3929.0,1136.0,1131.6614516200789,0.6843373493975904,0.6920714072126676
1396,2816.0,2.269304,3929.0,1113.0,1131.421410450493,0.6704819277108434,0.6919246092195165
1397,2801.0,2.257216,3929.0,1128.0,1131.141459881884,0.6795180722891566,0.6917534044977423
1398,2800.0,2.25641,3929.0,1129.0,1130.8507410786954,0.6801204819277108,0.6915756144255101
1399,2793.0,2.250769,3929.0,1136.0,1130.6008946802933,0.6843373493975904,0.6914228200113488
1400,2793.0,2.250769,3929.0,1136.0,1130.3538240043852,0.6843373493975904,0.6912717230997133
1401,2816.0,2.269304,3929.0,1113.0,1130.0688004434253,0.6704819277108434,0.691097415972224
1402,2793.0,2.250769,3929.0,1136.0,1129.6814969554268,0.6843373493975904,0.6908605592077087
1403,2801.0,2.257216,3929.0,1128.0,1129.2666244861493,0.6795180722891566,0.6906068425389862
1404,2801.0,2.257216,3929.0,1128.0,1128.8627939019577,0.6795180722891566,0.6903598785726189
1405,2793.0,2.250769,3929.0,1136.0,1128.470179502538,0.6843373493975904,0.6901197739021724
1406,2816.0,2.269304,3929.0,1113.0,1128.0889555875754,0.6704819277108434,0.6898866351212113
1407,2816.0,2.269304,3929.0,1113.0,1127.7192964567555,0.6704819277108434,0.6896605688233011
1408,2816.0,2.269304,3929.0,1113.0,1127.3613764097643,0.6704819277108434,0.6894416816020069
1409,2801.0,2.257216,3929.0,1128.0,1127.159506871336,0.6795180722891566,0.6893182275996341
1410,2816.0,2.269304,3929.0,1113.0,1126.815848896123,0.6704819277108434,0.6891080623968122
1411,2801.0,2.257216,3929.0,1128.0,1126.6287207536088,0.6795180722891566,0.6889936235452162
1412,2793.0,2.250769,3929.0,1136.0,1126.3002834984454,0.6843373493975904,0.6887927666254752
1413,2793.0,2.250769,3929.0,1136.0,1125.9847182750673,0.6843373493975904,0.688599781640524
1414,2793.0,2.250769,3929.0,1136.0,1125.68219938316,0.6843373493975904,0.6884147751839279
1415,2781.0,2.241099,3929.0,1148.0,1125.3929011224095,0.691566265060241,0.6882378538492522
1416,2793.0,2.250769,3929.0,1136.0,1125.26113491755,0.6843373493975904,0.6881572717788019
1417,2816.0,2.269304,3929.0,1113.0,1125.1331989482824,0.6704819277108434,0.6880790321019469
1418,2793.0,2.250769,3929.0,1136.0,1125.009398239057,0.6843373493975904,0.6880033213574261
1419,2801.0,2.257216,3929.0,1128.0,1124.8900378143237,0.6795180722891566,0.687930326083979
1420,2801.0,2.257216,3929.0,1128.0,1124.7754226985319,0.6795180722891566,0.687860232820344
1421,2801.0,2.257216,3929.0,1128.0,1124.6247894241985,0.6795180722891566,0.6877681125294286
1422,2793.0,2.250769,3929.0,1136.0,1124.4768447225172,0.6843373493975904,0.687677636444257
1423,2801.0,2.257216,3929.0,1128.0,1124.3318587579993,0.6795180722891566,0.6875889697848543
1424,2801.0,2.257216,3929.0,1128.0,1124.1490332032251,0.6795180722891566,0.687477162195415
1425,2816.0,2.269304,3929.0,1113.0,1124.0081084213832,0.6704819277108434,0.6873909791660816
1426,2816.0,2.269304,3929.0,1113.0,1123.8709180103058,0.6704819277108434,0.6873070799038822
1427,2817.0,2.27011,3929.0,1112.0,1123.7377321345068,0.6698795180722892,0.6872256296288436
1428,2816.0,2.269304,3929.0,1113.0,1123.608820958498,0.6704819277108434,0.6871467935609912
1429,2801.0,2.257216,3929.0,1128.0,1123.4844546467928,0.6795180722891566,0.6870707369203515
1430,2816.0,2.269304,3929.0,1113.0,1123.2827663800374,0.6704819277108434,0.6869473937752865
1431,2781.0,2.241099,3929.0,1148.0,1123.0808297362303,0.691566265060241,0.6868238987343912
1432,2801.0,2.257216,3929.0,1128.0,1122.9609821438753,0.6795180722891566,0.686750605531929
1433,2816.0,2.269304,3929.0,1113.0,1122.8466206341263,0.6704819277108434,0.6866806673619317
1434,2816.0,2.269304,3929.0,1113.0,1122.5117412625812,0.6704819277108434,0.6864758707440208
1435,2816.0,2.269304,3929.0,1113.0,1122.1872937272224,0.6704819277108434,0.6862774537509874
1436,2801.0,2.257216,3929.0,1128.0,1121.8733477479238,0.6795180722891566,0.6860854590202569
1437,2801.0,2.257216,3929.0,1128.0,1121.56997304456,0.6795180722891566,0.6858999291892555
1438,2801.0,2.257216,3929.0,1128.0,1121.4213764620542,0.6795180722891566,0.68580905444415
1439,2816.0,2.269304,3929.0,1113.0,1121.1296144752469,0.6704819277108434,0.68563062640943
1440,2800.0,2.25641,3929.0,1129.0,1120.8487636487616,0.6801204819277108,0.6854588711318916
1441,2801.0,2.257216,3929.0,1128.0,1120.5788937024718,0.6795180722891566,0.6852938312489604
1442,2816.0,2.269304,3929.0,1113.0,1120.3200743562522,0.6704819277108434,0.6851355493980626
1443,2793.0,2.250769,3929.0,1136.0,1120.0723753299778,0.6843373493975904,0.6849840682166249
1444,2801.0,2.257216,3929.0,1128.0,1119.8358663435217,0.6795180722891566,0.6848394303420726
1445,2816.0,2.269304,3929.0,1113.0,1119.6106171167587,0.6704819277108434,0.684701678411832
1446,2801.0,2.257216,3929.0,1128.0,1119.3145603856972,0.6795180722891566,0.6845206239116658
1447,2816.0,2.269304,3929.0,1113.0,1119.1067062675618,0.6704819277108434,0.6843935100192318
1448,2816.0,2.269304,3929.0,1113.0,1118.9102513488683,0.6704819277108434,0.684273367345962
1449,2825.0,2.276557,3929.0,1104.0,1118.8694024745394,0.6650602409638554,0.6842483860780223
1450,2816.0,2.269304,3929.0,1113.0,1118.8303532444645,0.6704819277108434,0.6842245053886432
1451,2816.0,2.269304,3929.0,1113.0,1118.7933041032827,0.6704819277108434,0.6842018478604248
1452,2816.0,2.269304,3929.0,1113.0,1118.758455495632,0.6704819277108434,0.684180536075967
1453,2817.0,2.27011,3929.0,1112.0,1118.7260078661513,0.6698795180722892,0.6841606926178698
1454,2816.0,2.269304,3929.0,1113.0,1118.6961616594788,0.6704819277108434,0.684142440068733
1455,2816.0,2.269304,3929.0,1113.0,1118.6691173202535,0.6704819277108434,0.6841259010111571
1456,2817.0,2.27011,3929.0,1112.0,1118.5629383092473,0.6698795180722892,0.6840609668760779
1457,2816.0,2.269304,3929.0,1113.0,1118.3926283434014,0.6704819277108434,0.6839568132375877
1458,2816.0,2.269304,3929.0,1113.0,1118.1532538701133,0.6704819277108434,0.6838104229648236
1459,2800.0,2.25641,3929.0,1129.0,1117.9216880227423,0.6801204819277108,0.6836688080837803
1460,2816.0,2.269304,3929.0,1113.0,1117.6979308012883,0.6704819277108434,0.6835319685944579
1461,2821.0,2.273333,3929.0,1108.0,1117.5641191896177,0.6674698795180722,0.6834501356485201
1462,2817.0,2.27011,3929.0,1112.0,1117.3613127903793,0.6698795180722892,0.6833261087057345
1463,2817.0,2.27011,3929.0,1112.0,1117.1663847369316,0.6698795180722892,0.6832068997920956
1464,2816.0,2.269304,3929.0,1113.0,1117.0614720131418,0.6704819277108434,0.6831427400592676
1465,2825.0,2.276557,3929.0,1104.0,1116.9697712055242,0.6650602409638554,0.6830866601186815
1466,2816.0,2.269304,3929.0,1113.0,1117.0354891590018,0.6704819277108434,0.6831268501565034
1467,2825.0,2.276557,3929.0,1104.0,1117.1048194734644,0.6650602409638554,0.6831692493459642
1468,2817.0,2.27011,3929.0,1112.0,1117.177962593551,0.6698795180722892,0.6832139802696638
1469,2817.0,2.27011,3929.0,1112.0,1117.2551189638998,0.6698795180722892,0.6832611655102022
1470,2816.0,2.269304,3929.0,1113.0,1117.2646191682659,0.6704819277108434,0.6832669753924732
1471,2817.0,2.27011,3929.0,1112.0,1117.201599373922,0.6698795180722892,0.6832284354230401
1472,2825.0,2.276557,3929.0,1104.0,1117.1432630121317,0.6650602409638554,0.6831927596227043
1473,2816.0,2.269304,3929.0,1113.0,1117.0280683498854,0.6704819277108434,0.6831223119354652
1474,2817.0,2.27011,3929.0,1112.0,1116.9232793788722,0.6698795180722892,0.6830582278840683
1475,2801.0,2.257216,3929.0,1128.0,1116.8288960990924,0.6795180722891566,0.6830005074685138
1476,2801.0,2.257216,3929.0,1128.0,1116.7346513875627,0.6795180722891566,0.6829428717948437
1477,2816.0,2.269304,3929.0,1113.0,1116.6315853689423,0.6704819277108434,0.6828798414208389
1478,2793.0,2.250769,3929.0,1136.0,1116.5024275588783,0.6843373493975904,0.6828008545230917
1479,2801.0,2.257216,3929.0,1128.0,1116.3779183214308,0.6795180722891566,0.6827247104757286
1480,2821.0,2.273333,3929.0,1108.0,1116.267597078395,0.6674698795180722,0.6826572431445723
1481,2801.0,2.257216,3929.0,1128.0,1116.1713941098972,0.6795180722891566,0.6825984098921972
1482,2816.0,2.269304,3929.0,1113.0,1116.1276762627422,0.6704819277108434,0.6825716740941742
1483,2816.0,2.269304,3929.0,1113.0,1116.1241676100701,0.6704819277108434,0.6825695283657068
1484,2801.0,2.257216,3929.0,1128.0,1116.1396672096164,0.6795180722891566,0.682579007198492
1485,2793.0,2.250769,3929.0,1136.0,1116.1639079383986,0.6843373493975904,0.682593831698572
1486,2801.0,2.257216,3929.0,1128.0,1116.196889796416,0.6795180722891566,0.6826140018659466
1487,2817.0,2.27011,3929.0,1112.0,1116.2386127836683,0.6698795180722892,0.6826395177006156
1488,2817.0,2.27011,3929.0,1112.0,1116.3616047423527,0.6698795180722892,0.6827147338509941
1489,2793.0,2.250769,3929.0,1136.0,1116.4993206669817,0.6843373493975904,0.6827989544927922
1490,2816.0,2.269304,3929.0,1113.0,1116.5845575707572,0.6704819277108434,0.682851081411013
1491,2801.0,2.257216,3929.0,1128.0,1116.689185314561,0.6795180722891566,0.682915066863362
1492,2801.0,2.257216,3929.0,1128.0,1116.813203898393,0.6795180722891566,0.682990910849839
1493,2793.0,2.250769,3929.0,1136.0,1116.9566133222545,0.6843373493975904,0.6830786133704446
1494,2816.0,2.269304,3929.0,1113.0,1117.1194135861442,0.6704819277108434,0.6831781744251784
1495,2817.0,2.27011,3929.0,1112.0,1117.2194677061964,0.6698795180722892,0.6832393628623764
1496,2816.0,2.269304,3929.0,1113.0,1117.295142529217,0.6704819277108434,0.6832856420576104
1497,2816.0,2.269304,3929.0,1113.0,1117.3874019673272,0.6704819277108434,0.6833420636305731
1498,2816.0,2.269304,3929.0,1113.0,1117.5345780073949,0.6704819277108434,0.6834320696381223
1499,2817.0,2.27011,3929.0,1112.0,1117.6955324376136,0.6698795180722892,0.6835305018670006
1500,2801.0,2.257216,3929.0,1128.0,1117.8317589714295,0.6795180722891566,0.6836138116667846
1501,2816.0,2.269304,3929.0,1113.0,1117.9842215209633,0.6704819277108434,0.6837070506571663
1502,2817.0,2.27011,3929.0,1112.0,1117.9988086616552,0.6698795180722892,0.6837159714726376
1503,2816.0,2.269304,3929.0,1113.0,1118.0194222139787,0.6704819277108434,0.6837285777606258
1504,2817.0,2.27011,3929.0,1112.0,1118.0842634400374,0.6698795180722892,0.6837682316328149
1505,2816.0,2.269304,3929.0,1113.0,1118.1520634032602,0.6704819277108434,0.6838096949307733
1506,2797.0,2.253993,3929.0,1132.0,1118.2226216590088,0.6819277108433734,0.6838528450719011
1507,2816.0,2.269304,3929.0,1113.0,1118.2957377626435,0.6704819277108434,0.6838975594735978
1508,2801.0,2.257216,3929.0,1128.0,1118.371211269527,0.6795180722891566,0.683943715553264
1509,2816.0,2.269304,3929.0,1113.0,1118.602848579769,0.6704819277108434,0.6840853741376689
1510,2801.0,2.257216,3929.0,1128.0,1118.846442848447,0.6795180722891566,0.6842343450406466
1511,2800.0,2.25641,3929.0,1129.0,1119.101924355686,0.6801204819277108,0.6843905856247706
1512,2816.0,2.269304,3929.0,1113.0,1119.3307868149325,0.6704819277108434,0.6845305472396177
1513,2793.0,2.250769,3929.0,1136.0,1119.573994138308,0.6843373493975904,0.6846792815048804
1514,2816.0,2.269304,3929.0,1113.0,1119.8314417460012,0.6704819277108434,0.6848367244644199
1515,2793.0,2.250769,3929.0,1136.0,1120.103025058201,0.6843373493975904,0.685002812162097
1516,2816.0,2.269304,3929.0,1113.0,1120.3886394950953,0.6704819277108434,0.6851774806417724
1517,2816.0,2.269304,3929.0,1113.0,1120.6881804768732,0.6704819277108434,0.6853606659473072
1518,2793.0,2.250769,3929.0,1136.0,1120.9631068570434,0.6843373493975904,0.6855287981095646
1519,2801.0,2.257216,3929.0,1128.0,1121.2927842544705,0.6795180722891566,0.6857304134425221
1520,2801.0,2.257216,3929.0,1128.0,1121.674476164089,0.6795180722891566,0.6859638384272055
1521,2817.0,2.27011,3929.0,1112.0,1121.9130375293435,0.6698795180722892,0.6861097314409881
1522,2801.0,2.257216,3929.0,1128.0,1122.1524050306443,0.6795180722891566,0.6862561174500097
1523,2816.0,2.269304,3929.0,1113.0,1122.3155050899932,0.6704819277108434,0.6863558618456753
1524,2801.0,2.257216,3929.0,1128.0,1122.4842045267437,0.6795180722891566,0.6864590305596232
1525,2801.0,2.257216,3929.0,1128.0,1122.658233176383,0.6795180722891566,0.6865654583718268
1526,2816.0,2.269304,3929.0,1113.0,1122.8373208743983,0.6704819277108434,0.6866749800622605
1527,2821.0,2.273333,3929.0,1108.0,1122.9827608895973,0.6674698795180722,0.6867639243979005
1528,2816.0,2.269304,3929.0,1113.0,1123.1353166894628,0.6704819277108434,0.6868572204158396
1529,2816.0,2.269304,3929.0,1113.0,1123.2946832495454,0.6704819277108434,0.6869546815773391
1530,2800.0,2.25641,3929.0,1129.0,1123.4605555453945,0.6801204819277108,0.6870561213436592
1531,2816.0,2.269304,3929.0,1113.0,1123.632628552561,0.6704819277108434,0.6871613531760615
1532,2816.0,2.269304,3929.0,1113.0,1123.8105972465944,0.6704819277108434,0.6872701905358065
1533,2801.0,2.257216,3929.0,1128.0,1123.9941566030452,0.6795180722891566,0.6873824468841553
1534,2801.0,2.257216,3929.0,1128.0,1124.183001597463,0.6795180722891566,0.6874979356823685
1535,2793.0,2.250769,3929.0,1136.0,1124.3768272053987,0.6843373493975904,0.6876164703917075
1536,2793.0,2.250769,3929.0,1136.0,1124.5368918357224,0.6843373493975904,0.6877143584604355
1537,2801.0,2.257216,3929.0,1128.0,1124.7423606626592,0.6795180722891566,0.6878400136199294
1538,2801.0,2.257216,3929.0,1128.0,1124.9134236031473,0.6795180722891566,0.6879446277426214
1539,2817.0,2.27011,3929.0,1112.0,1125.0421055750692,0.6698795180722892,0.6880233236399353
1540,2793.0,2.250769,3929.0,1136.0,1125.1787007527198,0.6843373493975904,0.6881068588851095
1541,2816.0,2.269304,3929.0,1113.0,1125.3228256767907,0.6704819277108434,0.6881949989723002
1542,2816.0,2.269304,3929.0,1113.0,1125.5125334546528,0.6704819277108434,0.6883110154086614
1543,2800.0,2.25641,3929.0,1129.0,1125.667970428322,0.6801204819277108,0.688406073418233
1544,2816.0,2.269304,3929.0,1113.0,1125.8298216304236,0.6704819277108434,0.6885050540710044
1545,2816.0,2.269304,3929.0,1113.0,1126.0361401683278,0.6704819277108434,0.6886312288741286
1546,2800.0,2.25641,3929.0,1129.0,1126.2070723840516,0.6801204819277108,0.6887357630516466
1547,2816.0,2.269304,3929.0,1113.0,1126.383303310219,0.6704819277108434,0.6888435376735466
1548,2801.0,2.257216,3929.0,1128.0,1126.5644494875223,0.6795180722891566,0.6889543182339853
1549,2800.0,2.25641,3929.0,1129.0,1126.7219580129556,0.6801204819277108,0.6890506431080796
1550,2789.0,2.247546,3929.0,1140.0,1126.886878632521,0.6867469879518072,0.6891515008735338
1551,2800.0,2.25641,3929.0,1129.0,1127.0588017419577,0.6801204819277108,0.6892566410354699
1552,2793.0,2.250769,3929.0,1136.0,1127.2373177370039,0.6843373493975904,0.6893658130990096
1553,2793.0,2.250769,3929.0,1136.0,1127.614460424827,0.6843373493975904,0.6895964559916414
1554,2785.0,2.244322,3929.0,1144.0,1127.966343602206,0.689156626506024,0.6898116513448053
1555,2801.0,2.257216,3929.0,1128.0,1128.3337568815762,0.6795180722891566,0.6900363441846278
1556,2797.0,2.253993,3929.0,1132.0,1128.7548579501204,0.6819277108433734,0.6902938699744027
1557,2789.0,2.247546,3929.0,1140.0,1129.1883342963458,0.6867469879518072,0.6905589639073065
1558,2816.0,2.269304,3929.0,1113.0,1129.6339419006924,0.6704819277108434,0.690831476752348
1559,2793.0,2.250769,3929.0,1136.0,1130.0914367436003,0.6843373493975904,0.691111259278536
1560,2801.0,2.257216,3929.0,1128.0,1130.4065679607613,0.6795180722891566,0.6913039788455099
1561,2800.0,2.25641,3929.0,1129.0,1130.8386682109685,0.6801204819277108,0.6915682312222164
1562,2801.0,2.257216,3929.0,1128.0,1131.1303831368605,0.6795180722891566,0.6917466304766736
1563,2801.0,2.257216,3929.0,1128.0,1131.5794471039737,0.6795180722891566,0.6920212570721131
1564,2801.0,2.257216,3929.0,1128.0,1132.0318349660922,0.6795180722891566,0.6922979164068409
1565,2785.0,2.244322,3929.0,1144.0,1132.497526251718,0.689156626506024,0.6925827114954325
1566,2793.0,2.250769,3929.0,1136.0,1132.9089693746803,0.6843373493975904,0.6928343309357596
1567,2781.0,2.241099,3929.0,1148.0,1133.183678751742,0.691566265060241,0.6930023303890285
1568,2781.0,2.241099,3929.0,1148.0,1133.4653121838162,0.691566265060241,0.6931745642716748
1569,2789.0,2.247546,3929.0,1140.0,1133.7533903467672,0.6867469879518072,0.6933507394513942
1570,2793.0,2.250769,3929.0,1136.0,1133.9705607831,0.6843373493975904,0.6934835507698877
1571,2793.0,2.250769,3929.0,1136.0,1134.275284566031,0.6843373493975904,0.6936699056350837
1572,2793.0,2.250769,3929.0,1136.0,1134.5849453875574,0.6843373493975904,0.6938592797630135
1573,2793.0,2.250769,3929.0,1136.0,1134.8990639235446,0.6843373493975904,0.6940513800213736
1574,2781.0,2.241099,3929.0,1148.0,1135.217160849857,0.691566265060241,0.6942459132778593
1575,2769.0,2.231429,3929.0,1160.0,1135.5387568423585,0.6987951807228916,0.6944425864001662
1576,2777.0,2.237875,3929.0,1152.0,1135.8633725769141,0.6939759036144578,0.6946411062559903
1577,2801.0,2.257216,3929.0,1128.0,1136.190528729388,0.6795180722891566,0.6948411797130271
1578,2789.0,2.247546,3929.0,1140.0,1136.5197459756446,0.6867469879518072,0.6950425136389722
1579,2781.0,2.241099,3929.0,1148.0,1136.8505449915485,0.691566265060241,0.6952448149015216
1580,2793.0,2.250769,3929.0,1136.0,1137.105573319605,0.6843373493975904,0.6954007783423761
1581,2801.0,2.257216,3929.0,1128.0,1137.3664188996697,0.6795180722891566,0.695560299343469
1582,2801.0,2.257216,3929.0,1128.0,1137.6325326877338,0.6795180722891566,0.6957230421350703
1583,2793.0,2.250769,3929.0,1136.0,1137.9033656397867,0.6843373493975904,0.6958886709474491
1584,2793.0,2.250769,3929.0,1136.0,1138.1783687118186,0.6843373493975904,0.6960568500108754
1585,2793.0,2.250769,3929.0,1136.0,1138.6013905628986,0.6843373493975904,0.6963155504617385
1586,2785.0,2.244322,3929.0,1144.0,1138.9708701650422,0.689156626506024,0.6965415069682767
1587,2793.0,2.250769,3929.0,1136.0,1139.358189340012,0.6843373493975904,0.6967783733262125
1588,2789.0,2.247546,3929.0,1140.0,1139.7628600486885,0.6867469879518072,0.6970258510735641
1589,2785.0,2.244322,3929.0,1144.0,1140.030387407203,0.689156626506024,0.697189458338979
1590,2789.0,2.247546,3929.0,1140.0,1140.458296621469,0.6867469879518072,0.6974511476734105
1591,2781.0,2.241099,3929.0,1148.0,1140.9019625273172,0.691566265060241,0.6977224730661357
1592,2793.0,2.250769,3929.0,1136.0,1141.3224605189491,0.6843373493975904,0.6979796300421749
1593,2793.0,2.250769,3929.0,1136.0,1141.7218996225608,0.6843373493975904,0.6982239083836671
1594,2793.0,2.250769,3929.0,1136.0,1142.1407905710907,0.6843373493975904,0.698480082567035
1595,2781.0,2.241099,3929.0,1148.0,1142.5785756055457,0.691566265060241,0.6987478114928707
1596,2773.0,2.234652,3929.0,1156.0,1143.025087825261,0.6963855421686747,0.6990208775585156
1597,2785.0,2.244322,3929.0,1144.0,1143.4227638875525,0.689156626506024,0.6992640777060959
1598,2793.0,2.250769,3929.0,1136.0,1143.8428461744336,0.6843373493975904,0.6995209804564818
1599,2793.0,2.250769,3929.0,1136.0,1144.2847072070372,0.6843373493975904,0.6997912020728395
1600,2777.0,2.237875,3929.0,1152.0,1144.593712661746,0.6939759036144578,0.6999801754089644
1601,2793.0,2.250769,3929.0,1136.0,1144.9132414599758,0.6843373493975904,0.7001755843315882
1602,2785.0,2.244322,3929.0,1144.0,1145.3097993897834,0.689156626506024,0.7004181006814474
1603,2773.0,2.234652,3929.0,1156.0,1145.710819391544,0.6963855421686747,0.7006633458265759
1604,2781.0,2.241099,3929.0,1148.0,1146.1156042665145,0.691566265060241,0.7009108933927126
1605,2781.0,2.241099,3929.0,1148.0,1146.5234568159524,0.691566265060241,0.7011603170055967
1606,2781.0,2.241099,3929.0,1148.0,1146.9336798411155,0.691566265060241,0.7014111902909677
1607,2777.0,2.237875,3929.0,1152.0,1147.35518528493,0.6939759036144578,0.7016689633778135
1608,2781.0,2.241099,3929.0,1148.0,1147.9310243854043,0.691566265060241,0.7020211197369638
1609,2781.0,2.241099,3929.0,1148.0,1148.516502258495,0.691566265060241,0.7023791707202696
1610,2781.0,2.241099,3929.0,1148.0,1149.101452003538,0.691566265060241,0.7027368987250727
1611,2777.0,2.237875,3929.0,1152.0,1149.6955742695386,0.6939759036144578,0.7031002362162444
1612,2769.0,2.231429,3929.0,1160.0,1150.231038590829,0.6987951807228916,0.7034277012419525
1613,2781.0,2.241099,3929.0,1148.0,1150.7790873494228,0.691566265060241,0.7037628623230675
1614,2765.0,2.228205,3929.0,1164.0,1151.3390930664525,0.7012048192771084,0.7041053357227552
1615,2769.0,2.231429,3929.0,1160.0,1151.9104282630494,0.6987951807228916,0.7044547377041808
1616,2781.0,2.241099,3929.0,1148.0,1152.492465460345,0.691566265060241,0.7048106845305093
1617,2761.0,2.224982,3929.0,1168.0,1152.9305703347231,0.7036144578313253,0.7050786090555371
1618,2773.0,2.234652,3929.0,1156.0,1153.3681218075992,0.6963855421686747,0.7053461951459954
1619,2777.0,2.237875,3929.0,1152.0,1153.8043616753405,0.6939759036144578,0.7056129791198753
1620,2781.0,2.241099,3929.0,1148.0,1154.200095167635,0.691566265060241,0.7058549912821712
1621,2777.0,2.237875,3929.0,1152.0,1154.5571611461667,0.6939759036144578,0.7060733561949959
1622,2769.0,2.231429,3929.0,1160.0,1155.0505887407699,0.6987951807228916,0.7063751135176172
1623,2769.0,2.231429,3929.0,1160.0,1155.5471092832954,0.6987951807228916,0.7066787623430533
1624,2777.0,2.237875,3929.0,1152.0,1156.0569245343431,0.6939759036144578,0.7069905415926742
1625,2773.0,2.234652,3929.0,1156.0,1156.579311150219,0.6963855421686747,0.7073100089031854
1626,2769.0,2.231429,3929.0,1160.0,1157.113545787227,0.6987951807228916,0.7076367219112909
1627,2761.0,2.224982,3929.0,1168.0,1157.658905101671,0.7036144578313253,0.7079702382536949
1628,2761.0,2.224982,3929.0,1168.0,1158.2454671188063,0.7036144578313253,0.7083289522489761
1629,2769.0,2.231429,3929.0,1160.0,1158.8847757068138,0.6987951807228916,0.7087199235889576
1630,2777.0,2.237875,3929.0,1152.0,1159.537731960207,0.6939759036144578,0.709119241205094
1631,2781.0,2.241099,3929.0,1148.0,1160.1652369735018,0.691566265060241,0.7095029940288401
1632,2773.0,2.234652,3929.0,1156.0,1160.8076620398886,0.6963855421686747,0.7098958712617673
1633,2769.0,2.231429,3929.0,1160.0,1161.423241468691,0.6987951807228916,0.7102723309537826
1634,2777.0,2.237875,3929.0,1152.0,1162.0188783989597,0.6939759036144578,0.7106365947430359
1635,2773.0,2.234652,3929.0,1156.0,1162.6123749290887,0.6963855421686747,0.7109995495633085
1636,2773.0,2.234652,3929.0,1156.0,1163.1357001487718,0.6963855421686747,0.7113195908801683
1637,2768.0,2.230623,3929.0,1161.0,1163.670154403383,0.6993975903614458,0.7116464381961656
1638,2769.0,2.231429,3929.0,1160.0,1164.2149010544324,0.6987951807228916,0.711979579862188
1639,2769.0,2.231429,3929.0,1160.0,1164.7793705864117,0.6987951807228916,0.7123247831230805
1640,2761.0,2.224982,3929.0,1168.0,1165.3531259341441,0.7036144578313253,0.712675665156159
1641,2753.0,2.218535,3929.0,1176.0,1166.0072090350052,0.708433734939759,0.7130756718996942
1642,2761.0,2.224982,3929.0,1168.0,1166.6735889786892,0.7036144578313253,0.7134831988192544
1643,2752.0,2.217729,3929.0,1177.0,1167.3514988465786,0.7090361445783132,0.713897776903152
1644,2769.0,2.231429,3929.0,1160.0,1167.9632985866979,0.6987951807228916,0.7142719251137062
1645,2753.0,2.218535,3929.0,1176.0,1168.5902885444216,0.708433734939759,0.7146553629534672
1646,2777.0,2.237875,3929.0,1152.0,1169.2316320812588,0.6939759036144578,0.7150475787733224
1647,2761.0,2.224982,3929.0,1168.0,1169.9275610506509,0.7036144578313253,0.7154731764999903
1648,2753.0,2.218535,3929.0,1176.0,1170.6388371073645,0.708433734939759,0.7159081597900739
1649,2753.0,2.218535,3929.0,1176.0,1171.2274985642134,0.708433734939759,0.7162681577048479
1650,2761.0,2.224982,3929.0,1168.0,1171.8145111460362,0.7036144578313253,0.7166271472444952
1651,2769.0,2.231429,3929.0,1160.0,1172.4797546557695,0.6987951807228916,0.71703397917401
1652,2745.0,2.212088,3929.0,1184.0,1173.1633693523704,0.7132530120481928,0.7174520460652968
1653,2761.0,2.224982,3929.0,1168.0,1173.8452480241021,0.7036144578313253,0.717869051284674
1654,2761.0,2.224982,3929.0,1168.0,1174.5642368419058,0.7036144578313253,0.7183087513400176
1655,2753.0,2.218535,3929.0,1176.0,1175.2386258561455,0.708433734939759,0.7187211762338986
1656,2761.0,2.224982,3929.0,1168.0,1175.926444661164,0.7036144578313253,0.7191418141619778
1657,2753.0,2.218535,3929.0,1176.0,1176.5883154719802,0.708433734939759,0.7195465835060062
1658,2745.0,2.212088,3929.0,1184.0,1177.2643307022868,0.7132530120481928,0.7199600029178505
1659,2753.0,2.218535,3929.0,1176.0,1177.9535142738441,0.708433734939759,0.7203814754735451
1660,2752.0,2.217729,3929.0,1177.0,1178.6548901084127,0.7090361445783132,0.7208104042491255
1661,2745.0,2.212088,3929.0,1184.0,1179.3674821277532,0.7132530120481928,0.7212461923206264
1662,2753.0,2.218535,3929.0,1176.0,1180.0903142536254,0.708433734939759,0.7216882427640826
1663,2745.0,2.212088,3929.0,1184.0,1180.8634788997226,0.7132530120481928,0.7221610742313607
1664,2741.0,2.208864,3929.0,1188.0,1181.6475982810637,0.7156626506024096,0.7226406051042119
1665,2745.0,2.212088,3929.0,1184.0,1182.4417311793447,0.7132530120481928,0.7231262597773833
1666,2752.0,2.217729,3929.0,1177.0,1183.1680632429047,0.7090361445783132,0.7235704506196285
1667,2745.0,2.212088,3929.0,1184.0,1183.9077205174328,0.7132530120481928,0.7240227905399333
1668,2737.0,2.205641,3929.0,1192.0,1184.6596920647523,0.7180722891566265,0.7244826612956193
1669,2729.0,2.199194,3929.0,1200.0,1185.4544262969491,0.7228915662650602,0.7249686837165908
1670,2736.0,2.204835,3929.0,1193.0,1186.1544364934807,0.7186746987951808,0.7253967773315879
1671,2737.0,2.205641,3929.0,1192.0,1186.8278799319257,0.7180722891566265,0.7258086239553777
1672,2725.0,2.195971,3929.0,1204.0,1187.5120776609751,0.7253012048192771,0.7262270474021401
1673,2729.0,2.199194,3929.0,1200.0,1188.205914162641,0.7228915662650602,0.7266513654730578
1674,2737.0,2.205641,3929.0,1192.0,1188.9904109028014,0.7180722891566265,0.7271311271209775
1675,2721.0,2.192747,3929.0,1208.0,1189.7876489499824,0.727710843373494,0.727618680758513
1676,2729.0,2.199194,3929.0,1200.0,1190.5581459393911,0.7228915662650602,0.728089880811276
1677,2725.0,2.195971,3929.0,1204.0,1191.3034531382295,0.7253012048192771,0.7285456759619966
1678,2737.0,2.205641,3929.0,1192.0,1192.1045920123756,0.7180722891566265,0.7290356151635213
1679,2736.0,2.204835,3929.0,1193.0,1192.8836087704192,0.7186746987951808,0.7295120255097512
1680,2745.0,2.212088,3929.0,1184.0,1193.6804563863043,0.7132530120481928,0.7299993403777006
1681,2736.0,2.204835,3929.0,1193.0,1194.4940193420432,0.7186746987951808,0.7304968775685525
1682,2737.0,2.205641,3929.0,1192.0,1195.323182119648,0.7180722891566265,0.7310039548834896
1683,2736.0,2.204835,3929.0,1193.0,1196.1283926344513,0.7186746987951808,0.7314963841106976
1684,2737.0,2.205641,3929.0,1192.0,1196.9495690004592,0.7180722891566265,0.7319985773084771
1685,2725.0,2.195971,3929.0,1204.0,1197.785560839748,0.7253012048192771,0.7325098309592988
1686,2741.0,2.208864,3929.0,1188.0,1198.6352177743915,0.7156626506024096,0.7330294415456318
1687,2745.0,2.212088,3929.0,1184.0,1199.5384579183979,0.7132530120481928,0.7335818211257779
1688,2729.0,2.199194,3929.0,1200.0,1200.4146606951663,0.7228915662650602,0.7341176659120906
1689,2729.0,2.199194,3929.0,1200.0,1201.2653076520246,0.7228915662650602,0.7346378819498741
1690,2729.0,2.199194,3929.0,1200.0,1202.1739824602296,0.7228915662650602,0.7351935851173831
1691,2729.0,2.199194,3929.0,1200.0,1203.1010981751765,0.7228915662650602,0.7357605658840901
1692,2725.0,2.195971,3929.0,1204.0,1204.04550441894,0.7253012048192771,0.7363381207324647
1693,2736.0,2.204835,3929.0,1193.0,1204.9649823216614,0.7186746987951808,0.7369004305691446
1694,2729.0,2.199194,3929.0,1200.0,1205.9378517040916,0.7228915662650602,0.7374953921467159
1695,2719.0,2.191136,3929.0,1210.0,1206.8476524882656,0.7289156626506024,0.7380517839086559
1696,2721.0,2.192747,3929.0,1208.0,1207.6573599349583,0.727710843373494,0.7385469632498458
1697,2717.0,2.189524,3929.0,1212.0,1208.5272914090372,0.7301204819277108,0.7390789727996828
1698,2729.0,2.199194,3929.0,1200.0,1209.417720526148,0.7228915662650602,0.7396235177527869
1699,2713.0,2.1863,3929.0,1216.0,1210.3273574686175,0.7325301204819277,0.7401798093167755
1700,2713.0,2.1863,3929.0,1216.0,1211.2959809107053,0.7325301204819277,0.7407721742750988
1701,2717.0,2.189524,3929.0,1212.0,1212.245462761315,0.7301204819277108,0.7413528331280919
1702,2717.0,2.189524,3929.0,1212.0,1213.2155816947056,0.7301204819277108,0.7419461126592045
1703,2713.0,2.1863,3929.0,1216.0,1214.2050478932035,0.7325301204819277,0.742551224076054
1704,2717.0,2.189524,3929.0,1212.0,1215.133066480522,0.7301204819277108,0.7431187569974287
1705,2713.0,2.1863,3929.0,1216.0,1216.1188514696587,0.7325301204819277,0.7437216171581811
1706,2717.0,2.189524,3929.0,1212.0,1217.1226416163233,0.7301204819277108,0.7443354884342185
1707,2717.0,2.189524,3929.0,1212.0,1218.0636071842916,0.7301204819277108,0.7449109391256158
1708,2713.0,2.1863,3929.0,1216.0,1219.0198588346916,0.7325301204819277,0.7454957380726811
1709,2705.0,2.179853,3929.0,1224.0,1219.9900021700385,0.7373493975903614,0.7460890325268928
1710,2705.0,2.179853,3929.0,1224.0,1220.9342062261665,0.7373493975903614,0.7466664637267317
1711,2705.0,2.179853,3929.0,1224.0,1221.8921102375866,0.7373493975903614,0.7472522731807952
1712,2717.0,2.189524,3929.0,1212.0,1222.9033534388095,0.7301204819277108,0.7478707023976804
1713,2705.0,2.179853,3929.0,1224.0,1223.9281048656699,0.7373493975903614,0.7484973926158681
1714,2713.0,2.1863,3929.0,1216.0,1224.9553609790137,0.7325301204819277,0.7491256145835882
1715,2697.0,2.173407,3929.0,1232.0,1226.013862054007,0.7421686746987952,0.7497729445138054
1716,2713.0,2.1863,3929.0,1216.0,1227.072737001826,0.7325301204819277,0.75042050308722
1717,2713.0,2.1863,3929.0,1216.0,1228.2127284088515,0.7325301204819277,0.751117668706974
1718,2705.0,2.179853,3929.0,1224.0,1229.2979748991095,0.7373493975903614,0.751781354886803
1719,2697.0,2.173407,3929.0,1232.0,1230.398951935997,0.7421686746987952,0.7524546611358909
1720,2705.0,2.179853,3929.0,1224.0,1231.5142651220299,0.7373493975903614,0.7531367347057165
1721,2685.0,2.163736,3929.0,1244.0,1232.6093473435492,0.7493975903614458,0.7538064359604296
1722,2697.0,2.173407,3929.0,1232.0,1233.646964701706,0.7421686746987952,0.7544409943826326
1723,2687.0,2.165348,3929.0,1242.0,1234.7024913525638,0.7481927710843373,0.7550865052936597
1724,2685.0,2.163736,3929.0,1244.0,1235.7744283188256,0.7493975903614458,0.7557420519888502
1725,2697.0,2.173407,3929.0,1232.0,1236.8612766231945,0.7421686746987952,0.7564067177635433
1726,2697.0,2.173407,3929.0,1232.0,1237.9615372883745,0.7421686746987952,0.7570795859130784
1727,2685.0,2.163736,3929.0,1244.0,1239.035274770389,0.7493975903614458,0.7577362337197974
1728,2681.0,2.160513,3929.0,1248.0,1240.122023723937,0.7518072289156627,0.7584008387361582
1729,2681.0,2.160513,3929.0,1248.0,1241.2202503117853,0.7518072289156627,0.7590724629387874
1730,2687.0,2.165348,3929.0,1242.0,1242.3284206967003,0.7481927710843373,0.7597501683043113
1731,2693.0,2.170183,3929.0,1236.0,1243.4887014586338,0.744578313253012,0.7604597419480221
1732,2685.0,2.163736,3929.0,1244.0,1244.6253524121842,0.7493975903614458,0.7611548647020994
1733,2687.0,2.165348,3929.0,1242.0,1245.77790821205,0.7481927710843373,0.7618597141190009
1734,2677.0,2.157289,3929.0,1252.0,1246.9448350209977,0.7542168674698795,0.7625733521753528
1735,2669.0,2.150842,3929.0,1260.0,1248.1245990017933,0.7590361445783133,0.7632948408477814
1736,2681.0,2.160513,3929.0,1248.0,1249.2874968735073,0.7518072289156627,0.764006014993874
1737,2681.0,2.160513,3929.0,1248.0,1250.496861298418,0.7518072289156627,0.764745605918512
1738,2681.0,2.160513,3929.0,1248.0,1251.7249629395365,0.7518072289156627,0.7654966556514089
1739,2673.0,2.154066,3929.0,1256.0,1252.9606588179593,0.7566265060240964,0.7662523496659419
1740,2685.0,2.163736,3929.0,1244.0,1254.1454095127613,0.7493975903614458,0.7669768879802707
1741,2685.0,2.163736,3929.0,1244.0,1255.349481327718,0.7493975903614458,0.7677132421913021
1742,2673.0,2.154066,3929.0,1256.0,1256.5712707057207,0.7566265060240964,0.7684604316382355
1743,2673.0,2.154066,3929.0,1256.0,1257.8118060149154,0.7566265060240964,0.769219085223106
1744,2665.0,2.147619,3929.0,1264.0,1259.11318411538,0.7614457831325301,0.77001494742378
1745,2653.0,2.137949,3929.0,1276.0,1260.396963176584,0.7686746987951807,0.7708000468721757
1746,2672.0,2.15326,3929.0,1257.0,1261.7026081333536,0.7572289156626506,0.7715985184833258
1747,2665.0,2.147619,3929.0,1264.0,1263.038782551563,0.7614457831325301,0.772415660490388
1748,2665.0,2.147619,3929.0,1264.0,1264.4661523083016,0.7614457831325301,0.7732885733166973
1749,2665.0,2.147619,3929.0,1264.0,1265.9159195746465,0.7614457831325301,0.7741751834161346
1750,2665.0,2.147619,3929.0,1264.0,1267.3096773800044,0.7614457831325301,0.7750275407393311
1751,2653.0,2.137949,3929.0,1276.0,1268.7279591511333,0.7686746987951807,0.7758948957771511
1752,2653.0,2.137949,3929.0,1276.0,1270.159552189255,0.7686746987951807,0.7767703913655449
1753,2661.0,2.144396,3929.0,1268.0,1271.5412414843784,0.763855421686747,0.7776153681502872
1754,2653.0,2.137949,3929.0,1276.0,1272.9386177512104,0.7686746987951807,0.7784699383558973
1755,2657.0,2.141172,3929.0,1272.0,1274.3500077127687,0.7662650602409639,0.7793330786841494
1756,2649.0,2.134725,3929.0,1280.0,1275.7064741003815,0.7710843373493976,0.7801626303140717
1757,2661.0,2.144396,3929.0,1268.0,1277.0012793597004,0.763855421686747,0.7809544728714023
1758,2649.0,2.134725,3929.0,1280.0,1278.304489349861,0.7710843373493976,0.7817514553704463
1759,2649.0,2.134725,3929.0,1280.0,1279.6239004958031,0.7710843373493976,0.7825583457413758
1760,2653.0,2.137949,3929.0,1276.0,1280.9577000807958,0.7686746987951807,0.7833740354111124
1761,2649.0,2.134725,3929.0,1280.0,1282.2759059444115,0.7710843373493976,0.7841801886875384
1762,2649.0,2.134725,3929.0,1280.0,1283.6081385752302,0.7710843373493976,0.7849949200811238
1763,2641.0,2.128278,3929.0,1288.0,1284.9859924057703,0.7759036144578313,0.7858375512744635
1764,2653.0,2.137949,3929.0,1276.0,1286.3814592195458,0.7686746987951807,0.7866909537475668
1765,2641.0,2.128278,3929.0,1288.0,1287.7927262998255,0.7759036144578313,0.7875540189273552
1766,2641.0,2.128278,3929.0,1288.0,1289.1795443631993,0.7759036144578313,0.7884021322277535
1767,2641.0,2.128278,3929.0,1288.0,1290.5426977582522,0.7759036144578313,0.7892357733198049
1768,2625.0,2.115385,3929.0,1304.0,1291.8829359736324,0.7855421686746988,0.7900554005558396
1769,2641.0,2.128278,3929.0,1288.0,1293.2009736380514,0.7759036144578313,0.7908614509694751
1770,2641.0,2.128278,3929.0,1288.0,1294.535927086963,0.7759036144578313,0.7916778462886132
1771,2625.0,2.115385,3929.0,1304.0,1295.9269126558206,0.7855421686746988,0.7925285082411553
1772,2621.0,2.112161,3929.0,1308.0,1297.3746449733355,0.7879518072289157,0.7934138738607188
1773,2621.0,2.112161,3929.0,1308.0,1298.8209027155096,0.7879518072289157,0.7942983376987207
1774,2633.0,2.121832,3929.0,1296.0,1300.3061704703293,0.7807228915662651,0.7952066582425495
1775,2625.0,2.115385,3929.0,1304.0,1301.8093475178496,0.7855421686746988,0.7961259312752024
1776,2625.0,2.115385,3929.0,1304.0,1303.2901148547855,0.7855421686746988,0.7970314995731776
1777,2617.0,2.108938,3929.0,1312.0,1304.7876236765287,0.7903614457831325,0.7979473061830905
1778,2629.0,2.118608,3929.0,1300.0,1306.2999566865358,0.7831325301204819,0.7988721785757229
1779,2621.0,2.112161,3929.0,1308.0,1307.7483234549065,0.7879518072289157,0.7997579321958639
1780,2617.0,2.108938,3929.0,1312.0,1309.2128739490897,0.7903614457831325,0.8006535830285332
1781,2609.0,2.102491,3929.0,1320.0,1310.691621152669,0.7951807228915663,0.8015579159070879
1782,2617.0,2.108938,3929.0,1312.0,1312.223646541161,0.7903614457831325,0.8024948312407164
1783,2613.0,2.105714,3929.0,1316.0,1313.7301248247277,0.7927710843373494,0.8034161231554943
1784,2613.0,2.105714,3929.0,1316.0,1315.2117009122055,0.7927710843373494,0.8043221860476123
1785,2605.0,2.099267,3929.0,1324.0,1316.7074214191732,0.7975903614457831,0.8052368990075457
1786,2609.0,2.102491,3929.0,1320.0,1318.2152644692783,0.7951807228915663,0.8061590255499389
1787,2593.0,2.089597,3929.0,1336.0,1319.815345170033,0.8048192771084337,0.8071375603410992
1788,2617.0,2.108938,3929.0,1312.0,1321.4192290899282,0.7903614457831325,0.8081184210038518
1789,2597.0,2.092821,3929.0,1332.0,1323.0352224804842,0.8024096385542169,0.8091066872545466
1790,2609.0,2.102491,3929.0,1320.0,1324.5941004785473,0.7951807228915663,0.8100600243928293
1791,2608.0,2.101685,3929.0,1321.0,1326.1657110686479,0.7957831325301205,0.8110211481910502
1792,2609.0,2.102491,3929.0,1320.0,1327.7480323744317,0.7951807228915663,0.8119888221638525
1793,2589.0,2.086374,3929.0,1340.0,1329.300605952865,0.8072289156626506,0.8129383038128821
1794,2609.0,2.102491,3929.0,1320.0,1330.824006992911,0.7951807228915663,0.8138699448969048
1795,2589.0,2.086374,3929.0,1340.0,1332.4009128074613,0.8072289156626506,0.814834307007636
1796,2601.0,2.096044,3929.0,1328.0,1333.9934620187987,0.8,0.815808235890844
1797,2601.0,2.096044,3929.0,1328.0,1335.5995978906328,0.8,0.8167904737424591
1798,2589.0,2.086374,3929.0,1340.0,1337.1788271199925,0.8072289156626506,0.8177562567454143
1799,2589.0,2.086374,3929.0,1340.0,1338.7701266025842,0.8072289156626506,0.81872942135276
1800,2589.0,2.086374,3929.0,1340.0,1340.4740759720116,0.8072289156626506,0.8197714773812926
1801,2585.0,2.08315,3929.0,1344.0,1342.2131136111573,0.8096385542168675,0.8208349917604352
1802,2585.0,2.08315,3929.0,1344.0,1343.9454999742986,0.8096385542168675,0.8218944385291299
1803,2589.0,2.086374,3929.0,1340.0,1345.68844889839,0.8072289156626506,0.8229603448678755
1804,2585.0,2.08315,3929.0,1344.0,1347.460490183014,0.8096385542168675,0.8240440427385883
1805,2585.0,2.08315,3929.0,1344.0,1349.1430111490877,0.8096385542168675,0.8250729941542158
1806,2581.0,2.079927,3929.0,1348.0,1350.8558271435238,0.8120481927710843,0.82612047259741
1807,2577.0,2.076703,3929.0,1352.0,1352.5776631466927,0.8144578313253013,0.8271734672576032
1808,2577.0,2.076703,3929.0,1352.0,1354.3475309142361,0.8144578313253013,0.8282558359065579
1809,2577.0,2.076703,3929.0,1352.0,1356.0480988697618,0.8144578313253013,0.8292958240199256
1810,2577.0,2.076703,3929.0,1352.0,1357.7594124009079,0.8144578313253013,0.830342383626588
1811,2573.0,2.07348,3929.0,1356.0,1359.4793799114466,0.8168674698795181,0.8313942356037622
1812,2569.0,2.070256,3929.0,1360.0,1361.1674732384702,0.8192771084337349,0.8324265948156688
1813,2569.0,2.070256,3929.0,1360.0,1362.8626344177467,0.8192771084337349,0.833463276396644
1814,2557.0,2.060586,3929.0,1372.0,1364.4858638597523,0.8265060240963855,0.834455967879198
1815,2557.0,2.060586,3929.0,1372.0,1366.1171023723136,0.8265060240963855,0.8354535573360727
1816,2561.0,2.06381,3929.0,1368.0,1367.7541537793913,0.8240963855421687,0.8364547016883469
1817,2568.0,2.069451,3929.0,1361.0,1369.438522322133,0.8198795180722892,0.8374847829957653
1818,2549.0,2.054139,3929.0,1380.0,1371.1322420430092,0.8313253012048193,0.8385205830479564
1819,2561.0,2.06381,3929.0,1368.0,1372.8331516259188,0.8240963855421687,0.839560780084712
1820,2569.0,2.070256,3929.0,1360.0,1374.510920311063,0.8192771084337349,0.8405868252267842
1821,2553.0,2.057363,3929.0,1376.0,1376.228253281853,0.8289156626506025,0.8416370660422205
1822,2553.0,2.057363,3929.0,1376.0,1377.9567937224306,0.8289156626506025,0.8426941608238991
1823,2553.0,2.057363,3929.0,1376.0,1379.6943803166935,0.8289156626506025,0.8437567878116117
1824,2537.0,2.044469,3929.0,1392.0,1381.438851748539,0.8385542168674699,0.8448236252451492
1825,2545.0,2.050916,3929.0,1384.0,1383.1880467018661,0.8337349397590361,0.8458933513643038
1826,2545.0,2.050916,3929.0,1384.0,1384.9398038605718,0.8337349397590361,0.8469646444088664
1827,2537.0,2.044469,3929.0,1392.0,1386.733030400488,0.8385542168674699,0.8480612981944612
1828,2553.0,2.057363,3929.0,1376.0,1388.5682317907024,0.8289156626506025,0.8491836218424269
1829,2529.0,2.038022,3929.0,1400.0,1390.3952707266374,0.8433734939759037,0.850300953713734
1830,2544.0,2.05011,3929.0,1385.0,1392.2633825119979,0.8343373493975904,0.8514434038257125
1831,2529.0,2.038022,3929.0,1400.0,1394.1032377038186,0.8433734939759037,0.8525685735218685
1832,2545.0,2.050916,3929.0,1384.0,1395.9051095081434,0.8337349397590361,0.8536705143482973
1833,2525.0,2.034799,3929.0,1404.0,1397.631066827379,0.8457831325301205,0.8547260294133395
1834,2545.0,2.050916,3929.0,1384.0,1399.4021189612868,0.8337349397590361,0.8558091223655698
1835,2521.0,2.031575,3929.0,1408.0,1401.1776680270839,0.8481927710843373,0.8568949654317821
1836,2529.0,2.038022,3929.0,1400.0,1402.936334425329,0.8433734939759037,0.8579704838452694
1837,2525.0,2.034799,3929.0,1404.0,1404.677255372578,0.8457831325301205,0.8590351499678839
1838,2537.0,2.044469,3929.0,1392.0,1406.4187689387584,0.8385542168674699,0.8601001785086201
1839,2517.0,2.028352,3929.0,1412.0,1408.1586789478308,0.8506024096385543,0.8611642263885566
1840,2505.0,2.018681,3929.0,1424.0,1409.9769262076218,0.8578313253012049,0.8622761816804353
1841,2521.0,2.031575,3929.0,1408.0,1411.7945111286074,0.8481927710843373,0.8633877319167663
1842,2513.0,2.025128,3929.0,1416.0,1413.6093072546225,0.8530120481927711,0.8644975766560542
1843,2521.0,2.031575,3929.0,1408.0,1415.4191881295028,0.8481927710843373,0.8656044154568038
1844,2505.0,2.018681,3929.0,1424.0,1417.2220272970821,0.8578313253012049,0.866706947877519
1845,2509.0,2.021905,3929.0,1420.0,1419.0156983011966,0.8554216867469879,0.867803873476705
1846,2505.0,2.018681,3929.0,1424.0,1420.8033385361875,0.8578313253012049,0.8688971109385352
1847,2497.0,2.012234,3929.0,1432.0,1422.708658946942,0.8626506024096385,0.8700623161118439
1848,2497.0,2.012234,3929.0,1432.0,1424.534822898455,0.8626506024096385,0.8711791128834538
1849,2501.0,2.015458,3929.0,1428.0,1426.3618757783652,0.8602409638554217,0.8722964532822464
1850,2505.0,2.018681,3929.0,1424.0,1428.1781168487746,0.8578313253012049,0.8734071816821899
1851,2501.0,2.015458,3929.0,1428.0,1429.9244489297646,0.8602409638554217,0.8744751570020359
1852,2501.0,2.015458,3929.0,1428.0,1431.711649058049,0.8602409638554217,0.8755681253151137
1853,2497.0,2.012234,3929.0,1432.0,1433.4607176441039,0.8626506024096385,0.8766377741539335
1854,2489.0,2.005788,3929.0,1440.0,1435.1721252970804,0.8674698795180723,0.8776843913211211
1855,2489.0,2.005788,3929.0,1440.0,1436.9258128248048,0.8674698795180723,0.8787568648894184
1856,2481.0,1.999341,3929.0,1448.0,1438.681182344496,0.8722891566265061,0.87983036708562
1857,2485.0,2.002564,3929.0,1444.0,1440.4360725400516,0.8698795180722891,0.8809035761495174
1858,2489.0,2.005788,3929.0,1440.0,1442.2293905873025,0.8674698795180723,0.8820002858967338
1859,2489.0,2.005788,3929.0,1440.0,1444.0205734634042,0.8674698795180723,0.8830956898727765
1860,2481.0,1.999341,3929.0,1448.0,1445.8074947121916,0.8722891566265061,0.8841884876361501
1861,2481.0,1.999341,3929.0,1448.0,1447.6290963694332,0.8722891566265061,0.8853024943211912
1862,2473.0,1.992894,3929.0,1456.0,1449.444850272221,0.8771084337349397,0.8864129247921199
1863,2480.0,1.998535,3929.0,1449.0,1451.2526648243277,0.8728915662650603,0.8875184999261538
1864,2473.0,1.992894,3929.0,1456.0,1452.9735752961653,0.8771084337349397,0.8885709285745157
1865,2481.0,1.999341,3929.0,1448.0,1454.697824478482,0.8722891566265061,0.8896253990226192
1866,2480.0,1.998535,3929.0,1449.0,1456.4033835055063,0.8728915662650603,0.8906684394427264
1867,2473.0,1.992894,3929.0,1456.0,1458.1079673257896,0.8771084337349397,0.8917108834718365
1868,2465.0,1.986447,3929.0,1464.0,1459.761377629864,0.8819277108433735,0.8927220321631721
1869,2469.0,1.98967,3929.0,1460.0,1461.4359287428113,0.8795180722891566,0.8937461095880309
1870,2461.0,1.983223,3929.0,1468.0,1463.103263848772,0.8843373493975903,0.89476577403929
1871,2461.0,1.983223,3929.0,1468.0,1464.7612216316452,0.8843373493975903,0.8957797037567419
1872,2461.0,1.983223,3929.0,1468.0,1466.5308462511273,0.8843373493975903,0.8968619237076731
1873,2453.0,1.976777,3929.0,1476.0,1468.2947712708885,0.8891566265060241,0.8979406580490225
1874,2457.0,1.98,3929.0,1472.0,1470.0509399546386,0.8867469879518072,0.8990146489767207
1875,2457.0,1.98,3929.0,1472.0,1471.797295566086,0.8867469879518072,0.9000826386866979
1876,2457.0,1.98,3929.0,1472.0,1473.4549082355816,0.8867469879518072,0.9010963573488906
1877,2457.0,1.98,3929.0,1472.0,1475.1037884908258,0.8867469879518072,0.9021047356734667
1878,2469.0,1.98967,3929.0,1460.0,1476.7828783675873,0.8795180722891566,0.9031315887947631
1879,2461.0,1.983223,3929.0,1468.0,1478.4516497029583,0.8843373493975903,0.9041521315769998
1880,2449.0,1.973553,3929.0,1480.0,1480.1080109007107,0.891566265060241,0.9051650848973942
1881,2449.0,1.973553,3929.0,1480.0,1481.7498703646174,0.891566265060241,0.9061691696331645
1882,2449.0,1.973553,3929.0,1480.0,1483.416204990383,0.891566265060241,0.9071882222373597
1883,2441.0,1.967106,3929.0,1488.0,1485.10758996697,0.8963855421686747,0.908222594468745
1884,2441.0,1.967106,3929.0,1488.0,1486.7835668513458,0.8963855421686747,0.9092475438289669
1885,2457.0,1.98,3929.0,1472.0,1488.4421137671566,0.8867469879518072,0.9102618338326692
1886,2441.0,1.967106,3929.0,1488.0,1490.004335704689,0.8963855421686747,0.9112172159685004
1887,2429.0,1.957436,3929.0,1500.0,1491.6682196768743,0.9036144578313253,0.9122347698671688
1888,2437.0,1.963883,3929.0,1492.0,1493.2561821919842,0.8987951807228916,0.9132058937407087
1889,2421.0,1.950989,3929.0,1508.0,1494.8304186068488,0.908433734939759,0.9141686233709891
1890,2425.0,1.954212,3929.0,1504.0,1496.3799384547897,0.9060240963855422,0.9151162375007567
1891,2425.0,1.954212,3929.0,1504.0,1497.9854886796793,0.9060240963855422,0.9160981171979923
1892,2437.0,1.963883,3929.0,1492.0,1499.5778182734132,0.8987951807228916,0.9170719117733083
1893,2421.0,1.950989,3929.0,1508.0,1501.1549402195735,0.908433734939759,0.9180364060600603
1894,2429.0,1.957436,3929.0,1500.0,1502.7174994269985,0.9036144578313253,0.9189919944544407
1895,2429.0,1.957436,3929.0,1500.0,1504.2661408045237,0.9036144578313253,0.9199390713526395
1896,2417.0,1.947766,3929.0,1512.0,1505.8399458276665,0.9108433734939759,0.9209015371638462
1897,2417.0,1.947766,3929.0,1512.0,1507.3985257732675,0.9108433734939759,0.9218546920271327
1898,2417.0,1.947766,3929.0,1512.0,1508.9399284848475,0.9108433734939759,0.9227973420945689
1899,2417.0,1.947766,3929.0,1512.0,1510.4622018059276,0.9108433734939759,0.9237282935182248
1900,2417.0,1.947766,3929.0,1512.0,1511.9633935800282,0.9108433734939759,0.9246463524501699
1901,2416.0,1.94696,3929.0,1513.0,1513.5236886345363,0.9114457831325301,0.9256005561941382
1902,2417.0,1.947766,3929.0,1512.0,1515.0643313994872,0.9108433734939759,0.9265427415136303
1903,2409.0,1.941319,3929.0,1520.0,1516.593706561259,0.9156626506024096,0.9274780360921001
1904,2417.0,1.947766,3929.0,1512.0,1518.0234581232019,0.9108433734939759,0.9283524055194776
1905,2413.0,1.944542,3929.0,1516.0,1519.433779627687,0.9132530120481928,0.9292148924291749
1906,2425.0,1.954212,3929.0,1504.0,1520.8227276332195,0.9060240963855422,0.93006430830294
1907,2399.0,1.93326,3929.0,1530.0,1522.2602285591865,0.9216867469879518,0.9309434168802263
1908,2401.0,1.934872,3929.0,1528.0,1523.75927296116,0.9204819277108434,0.9318601625794483
1909,2425.0,1.954212,3929.0,1504.0,1525.2411749890496,0.9060240963855422,0.932766424801533
1910,2397.0,1.931648,3929.0,1532.0,1526.7041219261248,0.9228915662650602,0.9336610949734027
1911,2393.0,1.928425,3929.0,1536.0,1528.1463010556547,0.9253012048192771,0.9345430645219789
1912,2397.0,1.931648,3929.0,1532.0,1529.6069681528418,0.9228915662650602,0.9354363404500158
1913,2401.0,1.934872,3929.0,1528.0,1531.0459087942124,0.9204819277108434,0.9363163294901508
1914,2401.0,1.934872,3929.0,1528.0,1532.492804473236,0.9204819277108434,0.9372011834606012
1915,2393.0,1.928425,3929.0,1536.0,1533.8889066093657,0.9253012048192771,0.9380549744672496
1916,2397.0,1.931648,3929.0,1532.0,1535.2248021480782,0.9228915662650602,0.9388719459246075
1917,2389.0,1.925201,3929.0,1540.0,1536.5808153565083,0.927710843373494,0.9397012204112605
1918,2397.0,1.931648,3929.0,1532.0,1538.0250642948054,0.9228915662650602,0.9405844557584235
1919,2397.0,1.931648,3929.0,1532.0,1539.496238177043,0.9228915662650602,0.9414841571465703
1920,2401.0,1.934872,3929.0,1528.0,1540.9850633884469,0.9204819277108434,0.9423946532650648
1921,2385.0,1.921978,3929.0,1544.0,1542.451499805229,0.9301204819277108,0.9432914574401098
1922,2397.0,1.931648,3929.0,1532.0,1543.8939438702812,0.9228915662650602,0.9441735890109051
1923,2385.0,1.921978,3929.0,1544.0,1545.3107920264954,0.9301204819277108,0.9450400673166511
1924,2377.0,1.915531,3929.0,1552.0,1546.741509208697,0.9349397590361446,0.94591502727238
1925,2373.0,1.912308,3929.0,1556.0,1548.1460901530354,0.9373493975903614,0.9467740035230076
1926,2393.0,1.928425,3929.0,1536.0,1549.5229661623393,0.9253012048192771,0.9476160367264468
1927,2384.0,1.921172,3929.0,1545.0,1550.8347638980122,0.9307228915662651,0.9484182710904484
1928,2369.0,1.909084,3929.0,1560.0,1552.123580220132,0.9397590361445783,0.9492064510928786
1929,2369.0,1.909084,3929.0,1560.0,1553.3493750049113,0.9397590361445783,0.9499560900599404
1930,2377.0,1.915531,3929.0,1552.0,1554.6337153111035,0.9349397590361446,0.9507415327396164
1931,2369.0,1.909084,3929.0,1560.0,1555.8981593081787,0.9397590361445783,0.9515148077638249
1932,2369.0,1.909084,3929.0,1560.0,1557.1795748656457,0.9397590361445783,0.9522984618034768
1933,2369.0,1.909084,3929.0,1560.0,1558.396923087658,0.9397590361445783,0.953042935246369
1934,2377.0,1.915531,3929.0,1552.0,1559.6692088275909,0.9349397590361446,0.9538210059150759
1935,2369.0,1.909084,3929.0,1560.0,1560.9564965414677,0.9397590361445783,0.9546082510919395
1936,2369.0,1.909084,3929.0,1560.0,1562.2188855452491,0.9397590361445783,0.9553802693780143
1937,2361.0,1.902637,3929.0,1568.0,1563.4549117215756,0.944578313253012,0.956136165387353
1938,2361.0,1.902637,3929.0,1568.0,1564.6631109530883,0.944578313253012,0.956875043734008
1939,2373.0,1.912308,3929.0,1556.0,1565.8522862454108,0.9373493975903614,0.9576022879259897
1940,2377.0,1.915531,3929.0,1552.0,1567.0113730544979,0.9349397590361446,0.958311131403779
1941,2361.0,1.902637,3929.0,1568.0,1568.1723492721771,0.944578313253012,0.9590211303558149
1942,2361.0,1.902637,3929.0,1568.0,1569.3075901412703,0.944578313253012,0.9597153907679495
1943,2353.0,1.89619,3929.0,1576.0,1570.377229837675,0.9493975903614458,0.9603695325599507
1944,2345.0,1.889744,3929.0,1584.0,1571.4619412278978,0.9542168674698795,0.9610328914975343
1945,2357.0,1.899414,3929.0,1572.0,1572.5629269797696,0.946987951807229,0.9617062030763004
1946,2353.0,1.89619,3929.0,1576.0,1573.6814246210593,0.9493975903614458,0.9623902241105622
1947,2353.0,1.89619,3929.0,1576.0,1574.7776380475384,0.9493975903614458,0.9630606171575135
1948,2345.0,1.889744,3929.0,1584.0,1575.8502077216592,0.9542168674698795,0.9637165507873457
1949,2353.0,1.89619,3929.0,1576.0,1576.9388425978061,0.9493975903614458,0.964382309146082
1950,2353.0,1.89619,3929.0,1576.0,1578.003781431689,0.9493975903614458,0.9650335761096299
1951,2353.0,1.89619,3929.0,1576.0,1579.0436995456964,0.9493975903614458,0.9656695415668934
1952,2341.0,1.88652,3929.0,1588.0,1580.0572722622185,0.9566265060240964,0.9662893954067777
1953,2341.0,1.88652,3929.0,1588.0,1581.0431749036427,0.9566265060240964,0.9668923275181864
1954,2345.0,1.889744,3929.0,1584.0,1582.0000827923593,0.9542168674698795,0.9674775277900248
1955,2333.0,1.880073,3929.0,1596.0,1582.9266712507572,0.9614457831325302,0.968044186111197
1956,2353.0,1.89619,3929.0,1576.0,1583.903752585091,0.9493975903614458,0.9686417235222714
1957,2337.0,1.883297,3929.0,1592.0,1584.853198704265,0.9590361445783132,0.9692223605235836
1958,2353.0,1.89619,3929.0,1576.0,1585.7737546505425,0.9493975903614458,0.9697853296414645
1959,2345.0,1.889744,3929.0,1584.0,1586.6641654661864,0.9542168674698795,0.9703298634022441
1960,2353.0,1.89619,3929.0,1576.0,1587.6053131773267,0.9493975903614458,0.9709054254839173
1961,2353.0,1.89619,3929.0,1576.0,1588.5191394127407,0.9493975903614458,0.9714642790242456
1962,2335.0,1.881685,3929.0,1594.0,1589.4428955012468,0.9602409638554217,0.9720292051999834
1963,2333.0,1.880073,3929.0,1596.0,1590.3754310649192,0.9614457831325302,0.9725995004936003
1964,2335.0,1.881685,3929.0,1594.0,1591.2387574524103,0.9602409638554217,0.9731274706802842
1965,2333.0,1.880073,3929.0,1596.0,1592.1549297615932,0.9614457831325302,0.9736877589699999
1966,2353.0,1.89619,3929.0,1576.0,1593.0459942010584,0.9493975903614458,0.9742326924566492
1967,2329.0,1.87685,3929.0,1600.0,1593.8724335460747,0.963855421686747,0.9747381042471299
1968,2333.0,1.880073,3929.0,1596.0,1594.715269262521,0.9614457831325302,0.9752535432942893
1969,2329.0,1.87685,3929.0,1600.0,1595.5349841256652,0.963855421686747,0.975754842705025
1970,2333.0,1.880073,3929.0,1596.0,1596.3304974774567,0.9614457831325302,0.9762413415992328
1971,2329.0,1.87685,3929.0,1600.0,1597.1417971517778,0.963855421686747,0.9767374946726407
1972,2329.0,1.87685,3929.0,1600.0,1598.0089058424471,0.963855421686747,0.9772677779396891
1973,2329.0,1.87685,3929.0,1600.0,1598.8513424126127,0.963855421686747,0.9777829728875839
1974,2335.0,1.881685,3929.0,1594.0,1599.6681307840347,0.9602409638554217,0.9782824825923597
1975,2329.0,1.87685,3929.0,1600.0,1600.458294878474,0.963855421686747,0.9787657101300519
1976,2329.0,1.87685,3929.0,1600.0,1601.2977317510497,0.963855421686747,0.9792790706026897
1977,2341.0,1.88652,3929.0,1588.0,1602.1033980595305,0.9566265060240964,0.9797717785720704
1978,2320.0,1.869597,3929.0,1609.0,1602.8743874455513,0.9692771084337349,0.9802432797516551
1979,2317.0,1.867179,3929.0,1612.0,1603.6097935507464,0.9710843373493976,0.9806930198549048
1980,2313.0,1.863956,3929.0,1616.0,1604.318977139734,0.9734939759036144,0.9811267234892382
1981,2333.0,1.880073,3929.0,1596.0,1604.9914314274627,0.9614457831325302,0.9815379651945454
1982,2313.0,1.863956,3929.0,1616.0,1605.5801870061418,0.9734939759036144,0.9818980206698446
1983,2321.0,1.870403,3929.0,1608.0,1606.1786807082583,0.9686746987951808,0.9822640315276313
1984,2321.0,1.870403,3929.0,1608.0,1606.9065797259925,0.9686746987951808,0.9827091806460279
1985,2321.0,1.870403,3929.0,1608.0,1607.604107023502,0.9686746987951808,0.9831357558356886
1986,2321.0,1.870403,3929.0,1608.0,1608.193622548811,0.9686746987951808,0.9834962760589322
1987,2317.0,1.867179,3929.0,1612.0,1608.81539745994,0.9710843373493976,0.9838765246192226
1988,2313.0,1.863956,3929.0,1616.0,1609.3904583123176,0.9734939759036144,0.9842282050381042
1989,2305.0,1.857509,3929.0,1624.0,1609.978290102663,0.9783132530120482,0.9845876955675079
1990,2333.0,1.880073,3929.0,1596.0,1610.5370574204262,0.9614457831325302,0.9849294116199149
1991,2320.0,1.869597,3929.0,1609.0,1611.10442991367,0.9692771084337349,0.9852763901966357
1992,2321.0,1.870403,3929.0,1608.0,1611.6001704651019,0.9686746987951808,0.9855795620158673
1993,2313.0,1.863956,3929.0,1616.0,1612.0645806480381,0.9734939759036144,0.9858635736417546
1994,2297.0,1.851062,3929.0,1632.0,1612.4584569771819,0.983132530120482,0.9861044500496131
1995,2313.0,1.863956,3929.0,1616.0,1612.8605027325925,0.9734939759036144,0.9863503224978728
1996,2329.0,1.87685,3929.0,1600.0,1613.1904459370396,0.963855421686747,0.9865521003860169
1997,2321.0,1.870403,3929.0,1608.0,1613.6475634211283,0.9686746987951808,0.9868316521371364
1998,2325.0,1.873626,3929.0,1604.0,1614.0311142368946,0.9662650602409638,0.987066213942193
1999,2321.0,1.870403,3929.0,1608.0,1614.4609747361412,0.9686746987951808,0.9873290965915867
2000,2321.0,1.870403,3929.0,1608.0,1614.8596443066408,0.9686746987951808,0.9875729043224886
2001,2309.0,1.860733,3929.0,1620.0,1615.236762592508,0.9759036144578314,0.9878035322920214
2002,2309.0,1.860733,3929.0,1620.0,1615.653971549072,0.9759036144578314,0.9880586778474855
2003,2313.0,1.863956,3929.0,1616.0,1616.043449425648,0.9734939759036144,0.9882968643667261
2004,2305.0,1.857509,3929.0,1624.0,1616.512970946866,0.9783132530120482,0.9885840018489129
2005,2321.0,1.870403,3929.0,1608.0,1616.992836282929,0.9686746987951808,0.9888774651262263
2006,2313.0,1.863956,3929.0,1616.0,1617.453790974597,0.9734939759036144,0.9891593635346835
2007,2305.0,1.857509,3929.0,1624.0,1617.8851495796418,0.9783132530120482,0.9894231623557701
2008,2305.0,1.857509,3929.0,1624.0,1618.2864937788179,0.9783132530120482,0.98966860576493
2009,2313.0,1.863956,3929.0,1616.0,1618.657405252879,0.9734939759036144,0.9898954379376061
2010,2305.0,1.857509,3929.0,1624.0,1618.9974656825798,0.9783132530120482,0.9901034030492422
2011,2313.0,1.863956,3929.0,1616.0,1619.306256748675,0.9734939759036144,0.9902922452752818
2012,2309.0,1.860733,3929.0,1620.0,1619.583360131919,0.9759036144578314,0.9904617087911687
2013,2313.0,1.863956,3929.0,1616.0,1619.8283575130665,0.9734939759036144,0.9906115377723461
2014,2313.0,1.863956,3929.0,1616.0,1620.0408305728713,0.9734939759036144,0.9907414763942577
2015,2317.0,1.867179,3929.0,1612.0,1620.302497975954,0.9710843373493976,0.9909014999840106
2016,2313.0,1.863956,3929.0,1616.0,1620.6130111229438,0.9734939759036144,0.9910913953544745
2017,2305.0,1.857509,3929.0,1624.0,1620.889954150477,0.9783132530120482,0.9912607608042813
2018,2305.0,1.857509,3929.0,1624.0,1621.1714847457365,0.9783132530120482,0.9914329317967241
2019,2305.0,1.857509,3929.0,1624.0,1621.4573588891626,0.9783132530120482,0.9916077591008117
2020,2305.0,1.857509,3929.0,1624.0,1621.7499993463853,0.9783132530120482,0.9917867243671
2021,2309.0,1.860733,3929.0,1620.0,1622.0107952510398,0.9759036144578314,0.9919462149890269
2022,2297.0,1.851062,3929.0,1632.0,1622.3164454368,0.983132530120482,0.992133136399022
2023,2321.0,1.870403,3929.0,1608.0,1622.5847083399879,0.9686746987951808,0.9922971934892819
2024,2313.0,1.863956,3929.0,1616.0,1622.853915947472,0.9734939759036144,0.9924618283166653
2025,2305.0,1.857509,3929.0,1624.0,1623.082930047445,0.9783132530120482,0.992601882667914
2026,2305.0,1.857509,3929.0,1624.0,1623.2716809200326,0.9783132530120482,0.9927173139056021
2027,2313.0,1.863956,3929.0,1616.0,1623.502235829227,0.9734939759036144,0.9928583105439673
2028,2305.0,1.857509,3929.0,1624.0,1623.6977216416683,0.9783132530120482,0.9929778605570146
2029,2305.0,1.857509,3929.0,1624.0,1623.858138357357,0.9783132530120482,0.9930759639447444
2030,2301.0,1.854286,3929.0,1628.0,1623.9834859762923,0.980722891566265,0.9931526207071562
2031,2305.0,1.857509,3929.0,1624.0,1624.1506376318343,0.9783132530120482,0.993254842870245
2032,2305.0,1.857509,3929.0,1624.0,1624.200652926632,0.9783132530120482,0.9932854298937787
2033,2301.0,1.854286,3929.0,1628.0,1624.2925419779099,0.980722891566265,0.993341624955415
2034,2309.0,1.860733,3929.0,1620.0,1624.344237521677,0.9759036144578314,0.993373239540917
2035,2301.0,1.854286,3929.0,1628.0,1624.355809277807,0.980722891566265,0.9933803162877103
2036,2305.0,1.857509,3929.0,1624.0,1624.4042000995346,0.9783132530120482,0.9934099098592164
2037,2309.0,1.860733,3929.0,1620.0,1624.4895494266068,0.9759036144578314,0.9934621055302865
2038,2313.0,1.863956,3929.0,1616.0,1624.4530563014223,0.9734939759036144,0.9934397880355411
2039,2313.0,1.863956,3929.0,1616.0,1624.55127766028,0.9734939759036144,0.9934998556414013
2040,2301.0,1.854286,3929.0,1628.0,1624.606281412081,0.980722891566265,0.9935334933727709
2041,2313.0,1.863956,3929.0,1616.0,1624.6388981122564,0.9734939759036144,0.993553440226626
2042,2301.0,1.854286,3929.0,1628.0,1624.6686597835815,0.980722891566265,0.9935716410778836
2043,2301.0,1.854286,3929.0,1628.0,1624.6932831001732,0.980722891566265,0.993586699550839
2044,2301.0,1.854286,3929.0,1628.0,1624.6720830294075,0.980722891566265,0.993573734575504
2045,2305.0,1.857509,3929.0,1624.0,1624.713775514215,0.9783132530120482,0.9935992317562993
2046,2297.0,1.851062,3929.0,1632.0,1624.7085334511692,0.983132530120482,0.993596025954826
2047,2305.0,1.857509,3929.0,1624.0,1624.666445306075,0.9783132530120482,0.9935702868066377
2048,2297.0,1.851062,3929.0,1632.0,1624.5777319950696,0.983132530120482,0.9935160338797591
2049,2313.0,1.863956,3929.0,1616.0,1624.4428815572724,0.9734939759036144,0.9934335656361727
2050,2305.0,1.857509,3929.0,1624.0,1624.300818598483,0.9783132530120482,0.9933466865508583
2051,2313.0,1.863956,3929.0,1616.0,1624.110997525825,0.9734939759036144,0.9932306008286799
2052,2313.0,1.863956,3929.0,1616.0,1623.9123778050357,0.9734939759036144,0.9931091342633303
2053,2313.0,1.863956,3929.0,1616.0,1623.664448703176,0.9734939759036144,0.9929575123783863
2054,2305.0,1.857509,3929.0,1624.0,1623.36776797924,0.9783132530120482,0.9927760762732566
2055,2313.0,1.863956,3929.0,1616.0,1623.1050303760871,0.9734939759036144,0.9926153981990133
2056,2321.0,1.870403,3929.0,1608.0,1622.8768633725863,0.9686746987951808,0.9924758618924914
2057,2305.0,1.857509,3929.0,1624.0,1622.6018271836142,0.9783132530120482,0.992307662576288
2058,2329.0,1.87685,3929.0,1600.0,1622.280619007913,0.963855421686747,0.9921112266246634
2059,2289.0,1.844615,3929.0,1640.0,1621.9139360442257,0.9879518072289156,0.991886980411879
2060,2301.0,1.854286,3929.0,1628.0,1621.502475491295,0.980722891566265,0.9916353503121954
2061,2305.0,1.857509,3929.0,1624.0,1621.046934547863,0.9783132530120482,0.9913567626998732
2062,2313.0,1.863956,3929.0,1616.0,1620.624883546032,0.9734939759036144,0.991098655975168
2063,2321.0,1.870403,3929.0,1608.0,1620.1549524205525,0.9686746987951808,0.9908112679981029
2064,2313.0,1.863956,3929.0,1616.0,1619.7147812234014,0.9734939759036144,0.9905420798063599
2065,2305.0,1.857509,3929.0,1624.0,1619.2333367321867,0.9783132530120482,0.990247650791346
2066,2309.0,1.860733,3929.0,1620.0,1618.7326565276635,0.9759036144578314,0.9899414581104768
2067,2297.0,1.851062,3929.0,1632.0,1618.302726308542,0.983132530120482,0.9896785328236566
2068,2321.0,1.870403,3929.0,1608.0,1617.823948602518,0.9686746987951808,0.9893857346901902
2069,2297.0,1.851062,3929.0,1632.0,1617.2254296269466,0.983132530120482,0.9890197083763362
2070,2313.0,1.863956,3929.0,1616.0,1616.565081323885,0.9734939759036144,0.9886158701271
2071,2305.0,1.857509,3929.0,1624.0,1615.891855760047,0.9783132530120482,0.9882041567452667
2072,2321.0,1.870403,3929.0,1608.0,1615.1656256618032,0.9686746987951808,0.9877600282602572
2073,2305.0,1.857509,3929.0,1624.0,1614.3873322474553,0.9783132530120482,0.9872840602773229
2074,2313.0,1.863956,3929.0,1616.0,1613.5579167353064,0.9734939759036144,0.9867768284017163
2075,2305.0,1.857509,3929.0,1624.0,1612.6783203436582,0.9783132530120482,0.986238908238689
2076,2320.0,1.869597,3929.0,1609.0,1611.7879208574939,0.9692771084337349,0.9856943814064911
2077,2313.0,1.863956,3929.0,1616.0,1610.9234989964784,0.9734939759036144,0.9851657412792499
2078,2321.0,1.870403,3929.0,1608.0,1610.0861005587265,0.9686746987951808,0.9846536274183572
2079,2313.0,1.863956,3929.0,1616.0,1609.1999679288667,0.9734939759036144,0.9841117099966352
2080,2321.0,1.870403,3929.0,1608.0,1608.3072851168206,0.9686746987951808,0.9835657867887333
2081,2305.0,1.857509,3929.0,1624.0,1607.4476390671925,0.9783132530120482,0.9830400673251789
2082,2329.0,1.87685,3929.0,1600.0,1606.5401128939156,0.963855421686747,0.9824850666092644
2083,2329.0,1.87685,3929.0,1600.0,1605.5448582028573,0.963855421686747,0.9818764152201146
2084,2309.0,1.860733,3929.0,1620.0,1604.5425652904928,0.9759036144578314,0.9812634595828025
2085,2329.0,1.87685,3929.0,1600.0,1603.5318223293677,0.963855421686747,0.9806453362894494
2086,2313.0,1.863956,3929.0,1616.0,1602.5086204267122,0.9734939759036144,0.9800195936880559
2087,2321.0,1.870403,3929.0,1608.0,1601.4331809082673,0.9686746987951808,0.9793619049951727
2088,2321.0,1.870403,3929.0,1608.0,1600.3452301583868,0.9686746987951808,0.97869656501618
2089,2305.0,1.857509,3929.0,1624.0,1599.2050243627475,0.9783132530120482,0.9779992682863404
2090,2329.0,1.87685,3929.0,1600.0,1598.0138881989612,0.963855421686747,0.9772708249167502
2091,2333.0,1.880073,3929.0,1596.0,1596.7731463446394,0.9614457831325302,0.9765120450185051
2092,2321.0,1.870403,3929.0,1608.0,1595.525191969325,0.9686746987951808,0.975748854278532
2093,2333.0,1.880073,3929.0,1596.0,1594.2329480438868,0.9614457831325302,0.9749585781136421
2094,2333.0,1.880073,3929.0,1596.0,1593.0157157311655,0.9614457831325302,0.9742141755554709
2095,2345.0,1.889744,3929.0,1584.0,1591.7543855979745,0.9542168674698795,0.9734428048253045
2096,2325.0,1.873626,3929.0,1604.0,1590.4504217616734,0.9662650602409638,0.9726453613090909
2097,2341.0,1.88652,3929.0,1588.0,1589.172552331311,0.9566265060240964,0.9718638759155229
2098,2345.0,1.889744,3929.0,1584.0,1587.8504325682538,0.9542168674698795,0.9710553290805903
2099,2333.0,1.880073,3929.0,1596.0,1586.4951967364216,0.9614457831325302,0.970226530001238
2100,2349.0,1.892967,3929.0,1580.0,1585.1365481167443,0.9518072289156626,0.9693956438198792
2101,2341.0,1.88652,3929.0,1588.0,1583.76381433947,0.9566265060240964,0.968556143812517
2102,2353.0,1.89619,3929.0,1576.0,1582.3573980194417,0.9493975903614458,0.967696045131648
2103,2345.0,1.889744,3929.0,1584.0,1580.9086355907846,0.9542168674698795,0.9668100495441141
2104,2345.0,1.889744,3929.0,1584.0,1579.4191306106072,0.9542168674698795,0.9658991377107156
2105,2345.0,1.889744,3929.0,1584.0,1577.9577506277058,0.9542168674698795,0.965005425814997
2106,2353.0,1.89619,3929.0,1576.0,1576.4542903431964,0.9493975903614458,0.9640859795678007
2107,2353.0,1.89619,3929.0,1576.0,1574.9104143190768,0.9493975903614458,0.9631418169376743
2108,2345.0,1.889744,3929.0,1584.0,1573.3277871173452,0.9542168674698795,0.9621739558931655
2109,2361.0,1.902637,3929.0,1568.0,1571.7176824416688,0.944578313253012,0.9611892909060706
2110,2361.0,1.902637,3929.0,1568.0,1570.0715064460471,0.944578313253012,0.9601825663806584
2111,2341.0,1.88652,3929.0,1588.0,1568.3909324074625,0.9566265060240964,0.9591548056151545
2112,2361.0,1.902637,3929.0,1568.0,1566.7160701695766,0.944578313253012,0.9581305379207821
2113,2369.0,1.909084,3929.0,1560.0,1564.9953183104526,0.9397590361445783,0.9570782062725643
2114,2353.0,1.89619,3929.0,1576.0,1563.2380114497555,0.9493975903614458,0.9560035192888856
2115,2377.0,1.915531,3929.0,1552.0,1561.4965266430231,0.9349397590361446,0.9549385083360875
2116,2369.0,1.909084,3929.0,1560.0,1559.7623397641291,0.9397590361445783,0.9538779604558644
2117,2384.0,1.921172,3929.0,1545.0,1558.034596744614,0.9307228915662651,0.9528213533397468
2118,2373.0,1.912308,3929.0,1556.0,1556.3151103012074,0.9373493975903614,0.9517697955608122
2119,2385.0,1.921978,3929.0,1544.0,1554.5672914438987,0.9301204819277108,0.950700910997855
2120,2369.0,1.909084,3929.0,1560.0,1552.7929877493555,0.9397590361445783,0.9496158295426661
2121,2397.0,1.931648,3929.0,1532.0,1550.9940467942454,0.9228915662650602,0.9485156810870363
2122,2385.0,1.921978,3929.0,1544.0,1549.1723161552368,0.9301204819277108,0.9474015955227572
2123,2376.0,1.914725,3929.0,1553.0,1547.288574917064,0.9355421686746987,0.9462495871657874
2124,2384.0,1.921172,3929.0,1545.0,1545.383072363138,0.9307228915662651,0.945084270602203
2125,2385.0,1.921978,3929.0,1544.0,1543.4576212101888,0.9301204819277108,0.9439067544050814
2126,2393.0,1.928425,3929.0,1536.0,1541.5140341749482,0.9253012048192771,0.9427181471475014
2127,2401.0,1.934872,3929.0,1528.0,1539.4719869902801,0.9204819277108434,0.9414693262508765
2128,2393.0,1.928425,3929.0,1536.0,1537.410095786401,0.9253012048192771,0.9402083696768541
2129,2389.0,1.925201,3929.0,1540.0,1535.330103560167,0.927710843373494,0.9389363433610859
2130,2393.0,1.928425,3929.0,1536.0,1533.2337533084344,0.9253012048192771,0.9376543132392238
2131,2405.0,1.938095,3929.0,1524.0,1531.1227880280605,0.9180722891566265,0.9363633452469201
2132,2385.0,1.921978,3929.0,1544.0,1529.0758238492604,0.9301204819277108,0.9351115173458212
2133,2401.0,1.934872,3929.0,1528.0,1527.094673488765,0.9204819277108434,0.9338999381090052
2134,2409.0,1.941319,3929.0,1520.0,1525.10434624982,0.9156626506024096,0.9326827467209815
2135,2417.0,1.947766,3929.0,1512.0,1523.0630241518445,0.9108433734939759,0.9314343692535881
2136,2409.0,1.941319,3929.0,1520.0,1521.0083594129324,0.9156626506024096,0.9301778320487788
2137,2401.0,1.934872,3929.0,1528.0,1519.0243365936178,0.9204819277108434,0.9289644961500085
2138,2397.0,1.931648,3929.0,1532.0,1516.99493136515,0.9228915662650602,0.9277234064846676
2139,2397.0,1.931648,3929.0,1532.0,1515.0015312227474,0.9228915662650602,0.9265043358520897
2140,2425.0,1.954212,3929.0,1504.0,1512.9281118376591,0.9060240963855422,0.9252363291796649
2141,2425.0,1.954212,3929.0,1504.0,1510.894462411846,0.9060240963855422,0.9239926439610116
2142,2417.0,1.947766,3929.0,1512.0,1508.8203283980465,0.9108433734939759,0.9227242002549696
2143,2417.0,1.947766,3929.0,1512.0,1506.787062431542,0.9108433734939759,0.9214807495421596
2144,2429.0,1.957436,3929.0,1500.0,1504.7581103822567,0.9036144578313253,0.9202399370200881
2145,2425.0,1.954212,3929.0,1504.0,1502.73798661205,0.9060240963855422,0.919004523462094
2146,2425.0,1.954212,3929.0,1504.0,1500.690136990847,0.9060240963855422,0.917752154065684
2147,2429.0,1.957436,3929.0,1500.0,1498.6959141539278,0.9036144578313253,0.9165325803114782
2148,2449.0,1.973553,3929.0,1480.0,1496.636626987352,0.891566265060241,0.9152732162453198
2149,2429.0,1.957436,3929.0,1500.0,1494.6293979078896,0.9036144578313253,0.9140456884792789
2150,2433.0,1.960659,3929.0,1496.0,1492.6350060002756,0.9012048192771084,0.912826011329315
2151,2425.0,1.954212,3929.0,1504.0,1490.6552988411772,0.9060240963855422,0.9116153146872188
2152,2449.0,1.973553,3929.0,1480.0,1488.6536874405833,0.891566265060241,0.9103912224317842
2153,2429.0,1.957436,3929.0,1500.0,1486.6730530071577,0.9036144578313253,0.9091799587119214
2154,2441.0,1.967106,3929.0,1488.0,1484.7152082576304,0.8963855421686747,0.9079826321007077
2155,2449.0,1.973553,3929.0,1480.0,1482.7100960478506,0.891566265060241,0.9067563989135164
2156,2441.0,1.967106,3929.0,1488.0,1480.7267320813476,0.8963855421686747,0.9055434659384226
2157,2449.0,1.973553,3929.0,1480.0,1478.7181643802992,0.891566265060241,0.904315119533801
2158,2449.0,1.973553,3929.0,1480.0,1476.7367787152282,0.891566265060241,0.9031033963956719
2159,2441.0,1.967106,3929.0,1488.0,1474.7842832230538,0.8963855421686747,0.9019093411409744
2160,2461.0,1.983223,3929.0,1468.0,1472.8239494740155,0.8843373493975903,0.90071049237365
2161,2457.0,1.98,3929.0,1472.0,1470.8985192370292,0.8867469879518072,0.8995329889677565
2162,2465.0,1.986447,3929.0,1464.0,1469.0096657890763,0.8819277108433735,0.8983778542215196
2163,2469.0,1.98967,3929.0,1460.0,1467.1590624071396,0.8795180722891566,0.8972461114331653
2164,2465.0,1.986447,3929.0,1464.0,1465.3483823682009,0.8819277108433735,0.8961387839009195
2165,2465.0,1.986447,3929.0,1464.0,1463.579298949243,0.8819277108433735,0.8950568949230083
2166,2457.0,1.98,3929.0,1472.0,1461.8534854272475,0.8867469879518072,0.8940014677976572
2167,2473.0,1.992894,3929.0,1456.0,1460.0904780953313,0.8771084337349397,0.8929232946714287
2168,2461.0,1.983223,3929.0,1468.0,1458.368753643961,0.8843373493975903,0.8918703682311171
2169,2473.0,1.992894,3929.0,1456.0,1456.6392379966426,0.8771084337349397,0.8908126770584412
2170,2480.0,1.998535,3929.0,1449.0,1454.9521948252252,0.8728915662650603,0.8897809600727651
2171,2461.0,1.983223,3929.0,1468.0,1453.3091841118949,0.8843373493975903,0.8887761712864968
2172,2473.0,1.992894,3929.0,1456.0,1451.7117658388388,0.8771084337349397,0.8877992647120452
2173,2481.0,1.999341,3929.0,1448.0,1450.012099012688,0.8722891566265061,0.8867598276874095
2174,2489.0,2.005788,3929.0,1440.0,1448.3507467434367,0.8674698795180723,0.8857438220602754
2175,2489.0,2.005788,3929.0,1440.0,1446.6310642128842,0.8674698795180723,0.8846921443635802
2176,2489.0,2.005788,3929.0,1440.0,1444.9646825262037,0.8674698795180723,0.8836730629791225
2177,2477.0,1.996117,3929.0,1452.0,1443.3529263610058,0.8746987951807229,0.8826873880179976
2178,2485.0,2.002564,3929.0,1444.0,1441.797120394902,0.8698795180722891,0.8817359295913013
2179,2496.0,2.011429,3929.0,1433.0,1440.2985893055031,0.8632530120481928,0.880819497810129
2180,2488.0,2.004982,3929.0,1441.0,1438.8490486287496,0.8680722891566265,0.8799330262823265
2181,2496.0,2.011429,3929.0,1433.0,1437.460081450252,0.8632530120481928,0.8790835986832694
2182,2496.0,2.011429,3929.0,1433.0,1436.0508667487707,0.8632530120481928,0.8782217886427112
2183,2497.0,2.012234,3929.0,1432.0,1434.7143968925939,0.8626506024096385,0.8774044659595558
2184,2512.0,2.024322,3929.0,1417.0,1433.287913449757,0.8536144578313253,0.8765320951615257
2185,2497.0,2.012234,3929.0,1432.0,1431.9315420554726,0.8626506024096385,0.8757026016250962
2186,2496.0,2.011429,3929.0,1433.0,1430.6463982277296,0.8632530120481928,0.8749166675490847
2187,2501.0,2.015458,3929.0,1428.0,1429.3514605006496,0.8602409638554217,0.8741247439806447
2188,2509.0,2.021905,3929.0,1420.0,1428.1246478057064,0.8554216867469879,0.8733744825071623
2189,2505.0,2.018681,3929.0,1424.0,1426.9670059410134,0.8578313253012049,0.8726665226900284
2190,2497.0,2.012234,3929.0,1432.0,1425.7590071541392,0.8626506024096385,0.8719277669259734
2191,2517.0,2.028352,3929.0,1412.0,1424.581097721999,0.8506024096385543,0.8712074124090785
2192,2504.0,2.017875,3929.0,1425.0,1423.3983793615316,0.858433734939759,0.8704841169757198
2193,2520.0,2.030769,3929.0,1409.0,1422.2143206364813,0.8487951807228916,0.8697600018378444
2194,2521.0,2.031575,3929.0,1408.0,1421.068125032145,0.8481927710843373,0.8690590420201372
2195,2513.0,2.025128,3929.0,1416.0,1419.9989611738818,0.8530120481927711,0.8684051912285689
2196,2513.0,2.025128,3929.0,1416.0,1418.935691259489,0.8530120481927711,0.8677549448984078
2197,2505.0,2.018681,3929.0,1424.0,1417.907813767766,0.8578313253012049,0.8671263429246279
2198,2513.0,2.025128,3929.0,1416.0,1416.8698931281563,0.8530120481927711,0.8664915990296217
2199,2521.0,2.031575,3929.0,1408.0,1415.9142332251886,0.8481927710843373,0.8659071619677099
2200,2505.0,2.018681,3929.0,1424.0,1415.0413918178583,0.8578313253012049,0.8653733728383023
2201,2525.0,2.034799,3929.0,1404.0,1414.2108581732261,0.8457831325301205,0.8648654571649751
2202,2513.0,2.025128,3929.0,1416.0,1413.3847186236685,0.8530120481927711,0.8643602287154261
2203,2509.0,2.021905,3929.0,1420.0,1412.5660582736227,0.8554216867469879,0.86385957419576
2204,2512.0,2.024322,3929.0,1417.0,1411.796329074329,0.8536144578313253,0.8633888436876515
2205,2521.0,2.031575,3929.0,1408.0,1411.0785115504127,0.8481927710843373,0.862949859941066
2206,2505.0,2.018681,3929.0,1424.0,1410.4539879332413,0.8578313253012049,0.8625679304002526
2207,2513.0,2.025128,3929.0,1416.0,1409.8024984117026,0.8530120481927711,0.8621695097689674
2208,2537.0,2.044469,3929.0,1392.0,1409.1653206373528,0.8385542168674699,0.8617798415353207
2209,2525.0,2.034799,3929.0,1404.0,1408.624731033806,0.8457831325301205,0.8614492421258281
2210,2533.0,2.041245,3929.0,1396.0,1408.180869040811,0.8409638554216867,0.861177796815342
2211,2521.0,2.031575,3929.0,1408.0,1407.8338740981167,0.8481927710843373,0.8609655908787145
2212,2525.0,2.034799,3929.0,1404.0,1407.5838856454711,0.8457831325301205,0.8608127095907978
2213,2521.0,2.031575,3929.0,1408.0,1407.3104695720767,0.8481927710843373,0.8606455010617826
2214,2525.0,2.034799,3929.0,1404.0,1407.0547292298047,0.8457831325301205,0.8604891021862144
2215,2525.0,2.034799,3929.0,1404.0,1406.8166297587168,0.8457831325301205,0.8603434916453795
2216,2505.0,2.018681,3929.0,1424.0,1406.5960665790024,0.8578313253012049,0.8602086054831393
2217,2544.0,2.05011,3929.0,1385.0,1406.4365658081622,0.8343373493975904,0.8601110622445949
2218,2521.0,2.031575,3929.0,1408.0,1406.2584132279603,0.8481927710843373,0.8600021124286386
2219,2521.0,2.031575,3929.0,1408.0,1406.1792367242551,0.8481927710843373,0.8599536917686798
2220,2525.0,2.034799,3929.0,1404.0,1406.1602859909326,0.8457831325301205,0.8599421023833035
2221,2537.0,2.044469,3929.0,1392.0,1406.1654077871956,0.8385542168674699,0.859945234635217
2222,2525.0,2.034799,3929.0,1404.0,1406.2352522857311,0.8457831325301205,0.8599879482756951
2223,2520.0,2.030769,3929.0,1409.0,1406.4078028740362,0.8487951807228916,0.860093472174466
2224,2517.0,2.028352,3929.0,1412.0,1406.644169806248,0.8506024096385543,0.8602380231752624
2225,2521.0,2.031575,3929.0,1408.0,1406.9464969685012,0.8481927710843373,0.8604229123789369
2226,2521.0,2.031575,3929.0,1408.0,1407.316893386991,0.8481927710843373,0.8606494295676278
2227,2525.0,2.034799,3929.0,1404.0,1407.7163647360449,0.8457831325301205,0.8608937276289297
2228,2525.0,2.034799,3929.0,1404.0,1408.14165161154,0.8457831325301205,0.8611538132631728
2229,2525.0,2.034799,3929.0,1404.0,1408.5920568147342,0.8457831325301205,0.8614292600960963
2230,2525.0,2.034799,3929.0,1404.0,1409.0720772775173,0.8457831325301205,0.8617228182416827
2231,2521.0,2.031575,3929.0,1408.0,1409.5669219285649,0.8481927710843373,0.862025442169989
2232,2517.0,2.028352,3929.0,1412.0,1410.07698294217,0.8506024096385543,0.8623373717165372
2233,2505.0,2.018681,3929.0,1424.0,1410.6986567594809,0.8578313253012049,0.8627175584525595
2234,2513.0,2.025128,3929.0,1416.0,1411.392495875642,0.8530120481927711,0.8631418781223807
2235,2505.0,2.018681,3929.0,1424.0,1412.121649851113,0.8578313253012049,0.8635877947144468
2236,2517.0,2.028352,3929.0,1412.0,1412.8850031679053,0.8506024096385543,0.8640546260299401
2237,2525.0,2.034799,3929.0,1404.0,1413.7171752295833,0.8457831325301205,0.8645635436827807
2238,2513.0,2.025128,3929.0,1416.0,1414.6553825050262,0.8530120481927711,0.8651373075310087
2239,2513.0,2.025128,3929.0,1416.0,1415.5804632711431,0.8530120481927711,0.865703043817842
2240,2513.0,2.025128,3929.0,1416.0,1416.6116664008682,0.8530120481927711,0.8663336795968458
2241,2505.0,2.018681,3929.0,1424.0,1417.6707940832314,0.8578313253012049,0.8669813927309299
2242,2509.0,2.021905,3929.0,1420.0,1418.761715771254,0.8554216867469879,0.8676485495972416
2243,2513.0,2.025128,3929.0,1416.0,1419.9651043314432,0.8530120481927711,0.8683844859614974
2244,2512.0,2.024322,3929.0,1417.0,1421.2794956464381,0.8536144578313253,0.8691883064377488
2245,2513.0,2.025128,3929.0,1416.0,1422.5828520483349,0.8530120481927711,0.8699853784753878
2246,2521.0,2.031575,3929.0,1408.0,1423.9915464652547,0.8481927710843373,0.8708468703341541
2247,2497.0,2.012234,3929.0,1432.0,1425.4655736333464,0.8626506024096385,0.8717483166589631
2248,2497.0,2.012234,3929.0,1432.0,1426.972528626553,0.8626506024096385,0.8726699001071415
2249,2513.0,2.025128,3929.0,1416.0,1428.5780108745657,0.8530120481927711,0.8736517382328871
2250,2497.0,2.012234,3929.0,1432.0,1430.2700886924035,0.8626506024096385,0.8746865341736942
2251,2504.0,2.017875,3929.0,1425.0,1432.0156294528208,0.858433734939759,0.8757540255587544
2252,2505.0,2.018681,3929.0,1424.0,1433.8205602166283,0.8578313253012049,0.8768578371022521
2253,2497.0,2.012234,3929.0,1432.0,1435.6920978623102,0.8626506024096385,0.8780023823107544
2254,2496.0,2.011429,3929.0,1433.0,1437.58110295099,0.8632530120481928,0.8791576097933933
2255,2496.0,2.011429,3929.0,1433.0,1439.5576326268185,0.8632530120481928,0.8803663632347958
2256,2496.0,2.011429,3929.0,1433.0,1441.5480043121831,0.8632530120481928,0.8815835818041784
2257,2497.0,2.012234,3929.0,1432.0,1443.6176082771524,0.8626506024096385,0.8828492551434608
2258,2481.0,1.999341,3929.0,1448.0,1445.7645708001057,0.8722891566265061,0.8841622373718172
2259,2489.0,2.005788,3929.0,1440.0,1447.9870181594217,0.8674698795180723,0.8855213826084214
2260,2481.0,1.999341,3929.0,1448.0,1450.2728095104972,0.8722891566265061,0.8869192660784897
2261,2477.0,1.996117,3929.0,1452.0,1452.6296715583965,0.8746987951807229,0.8883606130747674
2262,2481.0,1.999341,3929.0,1448.0,1455.055721866515,0.8722891566265061,0.8898442723867503
2263,2481.0,1.999341,3929.0,1448.0,1457.508009506314,0.8722891566265061,0.8913439772281023
2264,2481.0,1.999341,3929.0,1448.0,1459.992252378982,0.8722891566265061,0.8928632244007297
2265,2489.0,2.005788,3929.0,1440.0,1462.5353344680334,0.8674698795180723,0.8944184548961289
2266,2473.0,1.992894,3929.0,1456.0,1465.12504520899,0.8771084337349397,0.8960022013020896
2267,2461.0,1.983223,3929.0,1468.0,1467.766409661789,0.8843373493975903,0.8976175367110967
2268,2465.0,1.986447,3929.0,1464.0,1470.4137752527654,0.8819277108433735,0.8992365421365536
2269,2461.0,1.983223,3929.0,1468.0,1473.1035915321818,0.8843373493975903,0.9008815084248143
2270,2457.0,1.98,3929.0,1472.0,1475.8338714836218,0.8867469879518072,0.9025512204092355
2271,2448.0,1.972747,3929.0,1481.0,1478.631455515679,0.8921686746987951,0.9042620924329222
2272,2449.0,1.973553,3929.0,1480.0,1481.4731905296098,0.891566265060241,0.9059999651396413
2273,2473.0,1.992894,3929.0,1456.0,1484.3468572459515,0.8771084337349397,0.9077573657875044
2274,2461.0,1.983223,3929.0,1468.0,1487.2505035082256,0.8843373493975903,0.9095331005285818
2275,2449.0,1.973553,3929.0,1480.0,1490.1821771599518,0.891566265060241,0.9113259755149427
2276,2449.0,1.973553,3929.0,1480.0,1493.1399260446524,0.891566265060241,0.9131347968986577
2277,2429.0,1.957436,3929.0,1500.0,1496.121798005846,0.9036144578313253,0.9149583708317954
2278,2437.0,1.963883,3929.0,1492.0,1499.125840887055,0.8987951807228916,0.9167955034664268
2279,2425.0,1.954212,3929.0,1504.0,1502.150102531799,0.9060240963855422,0.9186450009546208
2280,2441.0,1.967106,3929.0,1488.0,1505.2695039169587,0.8963855421686747,0.9205526814744424
2281,2429.0,1.957436,3929.0,1500.0,1508.400025622063,0.9036144578313253,0.9224671626637235
2282,2433.0,1.960659,3929.0,1496.0,1511.6166583438658,0.9012048192771084,0.9244343053379549
2283,2417.0,1.947766,3929.0,1512.0,1514.7533153979043,0.9108433734939759,0.9263525386207306
2284,2413.0,1.944542,3929.0,1516.0,1517.9618606142928,0.9132530120481928,0.9283147353535367
2285,2417.0,1.947766,3929.0,1512.0,1521.1583442924348,0.9108433734939759,0.9302695558116314
2286,2417.0,1.947766,3929.0,1512.0,1524.299885223666,0.9108433734939759,0.9321907758461044
2287,2417.0,1.947766,3929.0,1512.0,1527.4615089646777,0.9108433734939759,0.9341242775911595
2288,2417.0,1.947766,3929.0,1512.0,1530.6387708734856,0.9108433734939759,0.9360673429108838
2289,2397.0,1.931648,3929.0,1532.0,1533.7888246013638,0.9228915662650602,0.937993768975081
2290,2405.0,1.938095,3929.0,1524.0,1536.9867654248774,0.9180722891566265,0.9399494805553805
2291,2405.0,1.938095,3929.0,1524.0,1540.1898167151744,0.9180722891566265,0.9419083174590117
2292,2389.0,1.925201,3929.0,1540.0,1543.3168001366598,0.927710843373494,0.9438206347989193
2293,2393.0,1.928425,3929.0,1536.0,1546.404444119094,0.9253012048192771,0.9457088939711619
2294,2389.0,1.925201,3929.0,1540.0,1549.489477092237,0.927710843373494,0.9475955563717976
2295,2385.0,1.921978,3929.0,1544.0,1552.606030420533,0.9301204819277108,0.9495014951527638
2296,2377.0,1.915531,3929.0,1552.0,1555.7498686216206,0.9349397590361446,0.9514241200904259
2297,2377.0,1.915531,3929.0,1552.0,1558.8783893663337,0.9349397590361446,0.9533373775855787
2298,2369.0,1.909084,3929.0,1560.0,1561.9778526104515,0.9397590361445783,0.955232864867477
2299,2373.0,1.912308,3929.0,1556.0,1565.0255932943512,0.9373493975903614,0.957096721041871
2300,2365.0,1.905861,3929.0,1564.0,1567.968811685757,0.9421686746987952,0.9588966562530231
2301,2377.0,1.915531,3929.0,1552.0,1570.9597550740907,0.9349397590361446,0.9607257778482619
2302,2361.0,1.902637,3929.0,1568.0,1573.9122601527474,0.944578313253012,0.9625313923645673
2303,2361.0,1.902637,3929.0,1568.0,1576.8249673841801,0.944578313253012,0.9643126683721316
2304,2353.0,1.89619,3929.0,1576.0,1579.6965520907772,0.9493975903614458,0.9660687957598587
2305,2345.0,1.889744,3929.0,1584.0,1582.5230925296119,0.9542168674698795,0.9677973761725319
2306,2333.0,1.880073,3929.0,1596.0,1585.2622652510133,0.9614457831325302,0.9694725265606493
2307,2335.0,1.881685,3929.0,1594.0,1587.9128152972462,0.9602409638554217,0.9710934794505421
2308,2329.0,1.87685,3929.0,1600.0,1590.5914293358658,0.963855421686747,0.9727315949703677
2309,2333.0,1.880073,3929.0,1596.0,1593.1763834384012,0.9614457831325302,0.9743124324379343
2310,2321.0,1.870403,3929.0,1608.0,1595.6665272269265,0.9686746987951808,0.9758352883357113
2311,2321.0,1.870403,3929.0,1608.0,1598.17865194881,0.9686746987951808,0.977371586747996
2312,2321.0,1.870403,3929.0,1608.0,1600.591138255391,0.9686746987951808,0.9788469509487351
2313,2285.0,1.841392,3929.0,1644.0,1602.9413769152354,0.9903614457831326,0.9802842473895351
2314,2321.0,1.870403,3929.0,1608.0,1605.3410347649526,0.9686746987951808,0.9817517663038758
2315,2313.0,1.863956,3929.0,1616.0,1607.6634029050617,0.9734939759036144,0.9831720184336009
2316,2313.0,1.863956,3929.0,1616.0,1609.8665762051387,0.9734939759036144,0.9845193765537655
2317,2297.0,1.851062,3929.0,1632.0,1611.9497180266926,0.983132530120482,0.9857933290152571
2318,2293.0,1.847839,3929.0,1636.0,1613.979255722921,0.9855421686746988,0.9870344996917072
2319,2297.0,1.851062,3929.0,1632.0,1615.892152941011,0.983132530120482,0.9882043384872954
2320,2305.0,1.857509,3929.0,1624.0,1617.7260793290243,0.9783132530120482,0.9893258824033312
2321,2289.0,1.844615,3929.0,1640.0,1619.429633909664,0.9879518072289156,0.990367696997439
2322,2289.0,1.844615,3929.0,1640.0,1621.1942761726318,0.9879518072289156,0.9914468699713092
2323,2293.0,1.847839,3929.0,1636.0,1622.8141146142532,0.9855421686746988,0.9924374876760522
2324,2288.0,1.84381,3929.0,1641.0,1624.360470051401,0.9885542168674699,0.9933831665996435
2325,2289.0,1.844615,3929.0,1640.0,1625.7758575762498,0.9879518072289156,0.9942487516513133
2326,2289.0,1.844615,3929.0,1640.0,1627.1220585838762,0.9879518072289156,0.9950720254532135
2327,2277.0,1.834945,3929.0,1652.0,1628.408263896705,0.9951807228915662,0.9958586086840371
2328,2289.0,1.844615,3929.0,1640.0,1629.5519879314986,0.9879518072289156,0.9965580570049898
2329,2296.0,1.850256,3929.0,1633.0,1630.552882088886,0.9837349397590361,0.9971701572289414
2330,2269.0,1.828498,3929.0,1660.0,1631.5259074695348,1.0,0.9977652142077535
2331,2281.0,1.838168,3929.0,1648.0,1632.3578817010691,0.9927710843373494,0.9982740108768973
2332,2281.0,1.838168,3929.0,1648.0,1633.0773969039233,0.9927710843373494,0.9987140328448076
2333,2281.0,1.838168,3929.0,1648.0,1633.643184141526,0.9927710843373494,0.999060041953053
2334,2289.0,1.844615,3929.0,1640.0,1634.1269128301217,0.9879518072289156,0.9993558678767391
2335,2269.0,1.828498,3929.0,1660.0,1634.5433165221375,1.0,0.9996105209699319
2336,2277.0,1.834945,3929.0,1652.0,1634.8923254976999,0.9951807228915662,0.9998239585952052
2337,2281.0,1.838168,3929.0,1648.0,1635.0918027729426,0.9927710843373494,0.9999459496008957
2338,2285.0,1.841392,3929.0,1644.0,1635.1801849145447,0.9903614457831326,1.0
2339,2269.0,1.828498,3929.0,1660.0,1635.116438290512,1.0,0.9999610155354004
2340,2289.0,1.844615,3929.0,1640.0,1634.9294251857903,0.9879518072289156,0.9998466470355574
2341,2285.0,1.841392,3929.0,1644.0,1634.7159560032821,0.9903614457831326,0.9997160992314209
2342,2277.0,1.834945,3929.0,1652.0,1634.4633059944363,0.9951807228915662,0.9995615902597634
2343,2293.0,1.847839,3929.0,1636.0,1634.133317472071,0.9855421686746988,0.9993597846572924
2344,2281.0,1.838168,3929.0,1648.0,1633.6905343941305,0.9927710843373494,0.999088999160975
2345,2281.0,1.838168,3929.0,1648.0,1633.1641676449326,0.9927710843373494,0.9987670977864024
2346,2289.0,1.844615,3929.0,1640.0,1632.4827918277938,0.9879518072289156,0.9983504000894605
2347,2288.0,1.84381,3929.0,1641.0,1631.6564605485821,0.9885542168674699,0.9978450543869899
2348,2285.0,1.841392,3929.0,1644.0,1630.71642835543,0.9903614457831326,0.9972701745041339
2349,2297.0,1.851062,3929.0,1632.0,1629.7837568380032,0.983132530120482,0.9966997960675364
2350,2289.0,1.844615,3929.0,1640.0,1628.7000633579446,0.9879518072289156,0.9960370596363735
2351,2297.0,1.851062,3929.0,1632.0,1627.5044119608017,0.983132530120482,0.995305854960477
2352,2289.0,1.844615,3929.0,1640.0,1626.1948330601272,0.9879518072289156,0.9945049775325604
2353,2289.0,1.844615,3929.0,1640.0,1624.851528913276,0.9879518072289156,0.9936834753157137
2354,2281.0,1.838168,3929.0,1648.0,1623.4368647321232,0.9927710843373494,0.9928183326273397
2355,2297.0,1.851062,3929.0,1632.0,1621.990148581776,0.983132530120482,0.9919335884482615
2356,2289.0,1.844615,3929.0,1640.0,1620.4328514818615,0.9879518072289156,0.9909812181136148
2357,2305.0,1.857509,3929.0,1624.0,1618.8044209372356,0.9783132530120482,0.9899853458790752
2358,2317.0,1.867179,3929.0,1612.0,1617.0648691140173,0.9710843373493976,0.9889215170489152
2359,2313.0,1.863956,3929.0,1616.0,1615.2590119473807,0.9734939759036144,0.9878171389606185
2360,2305.0,1.857509,3929.0,1624.0,1613.311161541829,0.9783132530120482,0.9866259244244336
2361,2321.0,1.870403,3929.0,1608.0,1611.2225031352243,0.9686746987951808,0.9853485982766037
2362,2321.0,1.870403,3929.0,1608.0,1608.9942219654295,0.9686746987951808,0.9839858853533724
2363,2313.0,1.863956,3929.0,1616.0,1606.6659398369864,0.9734939759036144,0.9825620165039802
2364,2312.0,1.86315,3929.0,1617.0,1604.2388768476944,0.9740963855421687,0.9810777378833836
2365,2329.0,1.87685,3929.0,1600.0,1601.7964249391562,0.963855421686747,0.9795840481169155
2366,2329.0,1.87685,3929.0,1600.0,1599.2604385903078,0.963855421686747,0.9780331570455557
2367,2329.0,1.87685,3929.0,1600.0,1596.7118172572461,0.963855421686747,0.9764745390066545
2368,2333.0,1.880073,3929.0,1596.0,1594.0751867839092,0.9614457831325302,0.9748620986788782
2369,2329.0,1.87685,3929.0,1600.0,1591.354712932784,0.963855421686747,0.973198383648435
2370,2345.0,1.889744,3929.0,1584.0,1588.5904009677206,0.9542168674698795,0.9715078592704088
2371,2341.0,1.88652,3929.0,1588.0,1585.7428208138317,0.9566265060240964,0.969766411948481
2372,2353.0,1.89619,3929.0,1576.0,1582.8573461652852,0.9493975903614458,0.9680017901195433
2373,2349.0,1.892967,3929.0,1580.0,1579.8588468855787,0.9518072289156626,0.9661680476932534
2374,2352.0,1.895385,3929.0,1577.0,1576.7490659715686,0.95,0.9642662506052629
2375,2369.0,1.909084,3929.0,1560.0,1573.5708149120444,0.9397590361445783,0.962322580367056
2376,2353.0,1.89619,3929.0,1576.0,1570.328503489053,0.9493975903614458,0.9603397337958318
2377,2365.0,1.905861,3929.0,1564.0,1567.0650129112582,0.9421686746987952,0.9583439350405006
2378,2373.0,1.912308,3929.0,1556.0,1563.7437890485855,0.9373493975903614,0.956312829298569
2379,2369.0,1.909084,3929.0,1560.0,1560.3667491975766,0.9397590361445783,0.954247589099254
2380,2377.0,1.915531,3929.0,1552.0,1556.9769140066444,0.9349397590361446,0.952174523866318
2381,2377.0,1.915531,3929.0,1552.0,1553.5815692026488,0.9349397590361446,0.9500980892107861
2382,2377.0,1.915531,3929.0,1552.0,1550.2086044782905,0.9349397590361446,0.9480353411690254
2383,2393.0,1.928425,3929.0,1536.0,1546.7846414089076,0.9253012048192771,0.9459414049160235
2384,2385.0,1.921978,3929.0,1544.0,1543.2926578872,0.9301204819277108,0.9438058705242035
2385,2393.0,1.928425,3929.0,1536.0,1539.7759185811394,0.9253012048192771,0.9416551966483185
2386,2385.0,1.921978,3929.0,1544.0,1536.3187915105682,0.9301204819277108,0.9395409788376667
2387,2397.0,1.931648,3929.0,1532.0,1532.9209803660203,0.9228915662650602,0.9374630358831871
2388,2385.0,1.921978,3929.0,1544.0,1529.4617198672968,0.9301204819277108,0.9353475133672973
2389,2417.0,1.947766,3929.0,1512.0,1525.943450209996,0.9108433734939759,0.9331959035999097
2390,2413.0,1.944542,3929.0,1516.0,1522.4507485735835,0.9132530120481928,0.9310599300426011
2391,2417.0,1.947766,3929.0,1512.0,1518.909251740173,0.9108433734939759,0.9288941156167153
2392,2425.0,1.954212,3929.0,1504.0,1515.4804797424633,0.9060240963855422,0.9267972384472498
2393,2417.0,1.947766,3929.0,1512.0,1512.0902088023167,0.9108433734939759,0.9247239067304006
2394,2429.0,1.957436,3929.0,1500.0,1508.664284861471,0.9036144578313253,0.9226287712997908
2395,2424.0,1.953407,3929.0,1505.0,1505.205426995021,0.9066265060240963,0.9205134950150364
2396,2449.0,1.973553,3929.0,1480.0,1501.7574227699968,0.891566265060241,0.9184048563115871
2397,2449.0,1.973553,3929.0,1480.0,1498.2845895547514,0.891566265060241,0.9162810333547752
2398,2429.0,1.957436,3929.0,1500.0,1494.8307497762514,0.9036144578313253,0.9141688258987629
2399,2449.0,1.973553,3929.0,1480.0,1491.3602556627877,0.891566265060241,0.9120464334275962
2400,2457.0,1.98,3929.0,1472.0,1487.8758960093303,0.8867469879518072,0.9099155614383178
2401,2457.0,1.98,3929.0,1472.0,1484.3804596108498,0.8867469879518072,0.9077779154279711
2402,2457.0,1.98,3929.0,1472.0,1480.8767352623165,0.8867469879518072,0.9056352008935993
2403,2449.0,1.973553,3929.0,1480.0,1477.367511758701,0.891566265060241,0.9034891233322455
2404,2473.0,1.992894,3929.0,1456.0,1473.9427181513163,0.8771084337349397,0.9013946791609055
2405,2449.0,1.973553,3929.0,1480.0,1470.5853454053379,0.891566265060241,0.8993414664465197
2406,2469.0,1.98967,3929.0,1460.0,1467.2310577637957,0.8795180722891566,0.8972901404382378
2407,2473.0,1.992894,3929.0,1456.0,1463.8827834614083,0.8771084337349397,0.8952424919079554
2408,2481.0,1.999341,3929.0,1448.0,1460.543450732895,0.8722891566265061,0.8932003116275676
2409,2481.0,1.999341,3929.0,1448.0,1457.2159878129744,0.8722891566265061,0.8911653903689698
2410,2461.0,1.983223,3929.0,1468.0,1453.9033229363656,0.8843373493975903,0.8891395189040572
2411,2473.0,1.992894,3929.0,1456.0,1450.6083843377874,0.8771084337349397,0.8871244880047252
2412,2473.0,1.992894,3929.0,1456.0,1447.3341002519587,0.8771084337349397,0.8851220884428691
2413,2485.0,2.002564,3929.0,1444.0,1444.160272046958,0.8698795180722891,0.8831811230163791
2414,2488.0,2.004982,3929.0,1441.0,1441.0846338268716,0.8680722891566265,0.8813002060089075
2415,2505.0,2.018681,3929.0,1424.0,1438.0281162823007,0.8578313253012049,0.8794309823155377
2416,2505.0,2.018681,3929.0,1424.0,1434.9937870877134,0.8578313253012049,0.8775753279830178
2417,2485.0,2.002564,3929.0,1444.0,1431.984713917577,0.8698795180722891,0.8757351190580952
2418,2497.0,2.012234,3929.0,1432.0,1429.0301599461152,0.8626506024096385,0.8739282515344308
2419,2513.0,2.025128,3929.0,1416.0,1426.099785698545,0.8530120481927711,0.8721361712030982
2420,2505.0,2.018681,3929.0,1424.0,1423.196684994287,0.8578313253012049,0.8703607700998798
2421,2512.0,2.024322,3929.0,1417.0,1420.3335607944316,0.8536144578313253,0.8686098167638076
2422,2512.0,2.024322,3929.0,1417.0,1417.47244714145,0.8536144578313253,0.8668600929845096
2423,2521.0,2.031575,3929.0,1408.0,1414.75029042686,0.8481927710843373,0.8651953487931946
2424,2525.0,2.034799,3929.0,1404.0,1412.0566665708102,0.8457831325301205,0.8635480539685019
2425,2521.0,2.031575,3929.0,1408.0,1409.3947478275807,0.8481927710843373,0.8619201485133189
2426,2513.0,2.025128,3929.0,1416.0,1406.7677064514498,0.8530120481927711,0.860313572430532
2427,2533.0,2.041245,3929.0,1396.0,1404.217151263376,0.8409638554216867,0.858753771736025
2428,2529.0,2.038022,3929.0,1400.0,1401.782094019002,0.8433734939759037,0.8572646042015607
2429,2537.0,2.044469,3929.0,1392.0,1399.3836745685517,0.8385542168674699,0.8557978426345009
2430,2545.0,2.050916,3929.0,1384.0,1396.9867331794353,0.8337349397590361,0.8543319849808738
2431,2545.0,2.050916,3929.0,1384.0,1394.5534433338732,0.8337349397590361,0.8528438983051604
2432,2557.0,2.060586,3929.0,1372.0,1392.1638504195043,0.8265060240963855,0.8513825346362422
2433,2553.0,2.057363,3929.0,1376.0,1389.7774262734204,0.8289156626506025,0.8499231088383393
2434,2565.0,2.067033,3929.0,1364.0,1387.4331129313896,0.8216867469879519,0.8484894360457881
2435,2553.0,2.057363,3929.0,1376.0,1385.0519108038877,0.8289156626506025,0.8470332037910985
2436,2553.0,2.057363,3929.0,1376.0,1382.7137606987412,0.8289156626506025,0.8456033001470126
2437,2553.0,2.057363,3929.0,1376.0,1380.421730290418,0.8289156626506025,0.844201601160278
2438,2557.0,2.060586,3929.0,1372.0,1378.2146918948117,0.8265060240963855,0.842851879327805
2439,2545.0,2.050916,3929.0,1384.0,1376.0109791372076,0.8337349397590361,0.8415041913005561
2440,2561.0,2.06381,3929.0,1368.0,1373.9289693921123,0.8240963855421687,0.8402309311642707
2441,2569.0,2.070256,3929.0,1360.0,1371.807526086135,0.8192771084337349,0.838933555299795
2442,2577.0,2.076703,3929.0,1352.0,1369.7265900271034,0.8144578313253013,0.8376609517798712
2443,2569.0,2.070256,3929.0,1360.0,1367.727665456164,0.8192771084337349,0.8364385026642444
2444,2577.0,2.076703,3929.0,1352.0,1365.7727864157876,0.8144578313253013,0.8352429897425423
2445,2565.0,2.067033,3929.0,1364.0,1363.8239869484478,0.8216867469879519,0.8340511948043952
2446,2577.0,2.076703,3929.0,1352.0,1361.8406343114243,0.8144578313253013,0.8328382687578829
2447,2577.0,2.076703,3929.0,1352.0,1359.8615311007368,0.8144578313253013,0.8316279414624901
2448,2569.0,2.070256,3929.0,1360.0,1357.8870084857883,0.8192771084337349,0.8304204154459909
2449,2577.0,2.076703,3929.0,1352.0,1355.9276298990278,0.8144578313253013,0.8292221508114038
2450,2561.0,2.06381,3929.0,1368.0,1354.0048577322475,0.8240963855421687,0.8280462729573795
2451,2581.0,2.079927,3929.0,1348.0,1352.131194501899,0.8120481927710843,0.8269004278403496
2452,2585.0,2.08315,3929.0,1344.0,1350.1863281069657,0.8096385542168675,0.8257110381860009
2453,2577.0,2.076703,3929.0,1352.0,1348.2472885505233,0.8144578313253013,0.8245252119545365
2454,2581.0,2.079927,3929.0,1348.0,1346.3552663342855,0.8120481927710843,0.8233681393372845
2455,2585.0,2.08315,3929.0,1344.0,1344.471946901352,0.8096385542168675,0.8222163889367426
2456,2585.0,2.08315,3929.0,1344.0,1342.597417401566,0.8096385542168675,0.8210700140496937
2457,2589.0,2.086374,3929.0,1340.0,1340.7727986167658,0.8072289156626506,0.819954162230039
2458,2585.0,2.08315,3929.0,1344.0,1339.000774762111,0.8096385542168675,0.8188704750186829
2459,2585.0,2.08315,3929.0,1344.0,1337.201893068894,0.8096385542168675,0.8177703628048653
2460,2577.0,2.076703,3929.0,1352.0,1335.4556411657593,0.8144578313253013,0.8167024365180592
2461,2601.0,2.096044,3929.0,1328.0,1333.7838518313315,0.8,0.8156800480682412
2462,2581.0,2.079927,3929.0,1348.0,1332.0864857610309,0.8120481927710843,0.814642018078666
2463,2601.0,2.096044,3929.0,1328.0,1330.4429782935968,0.8,0.813636925500737
2464,2609.0,2.102491,3929.0,1320.0,1328.8148231424743,0.7951807228915663,0.8126412216840304
2465,2609.0,2.102491,3929.0,1320.0,1327.078710252054,0.7951807228915663,0.8115794959449119
2466,2601.0,2.096044,3929.0,1328.0,1325.3497053028145,0.8,0.8105221170913821
2467,2609.0,2.102491,3929.0,1320.0,1323.6685979071913,0.7951807228915663,0.8094940301495683
2468,2609.0,2.102491,3929.0,1320.0,1322.1338325276408,0.7951807228915663,0.8085554391650949
2469,2601.0,2.096044,3929.0,1328.0,1320.5733082690465,0.8,0.8076010952505888
2470,2601.0,2.096044,3929.0,1328.0,1319.0464011908232,0.8,0.8066673100370019
2471,2613.0,2.105714,3929.0,1316.0,1317.5240224184338,0.7927710843373494,0.8057362941242394
2472,2609.0,2.102491,3929.0,1320.0,1316.0469441343441,0.7951807228915663,0.8048329818790713
2473,2609.0,2.102491,3929.0,1320.0,1314.4890326280376,0.7951807228915663,0.8038802358021073
2474,2608.0,2.101685,3929.0,1321.0,1313.0010013517017,0.7957831325301205,0.8029702252173021
2475,2609.0,2.102491,3929.0,1320.0,1311.5824842759973,0.7951807228915663,0.8021027262781693
2476,2601.0,2.096044,3929.0,1328.0,1310.1562770981623,0.8,0.8012305244309401
2477,2625.0,2.115385,3929.0,1304.0,1308.8041507727219,0.7855421686746988,0.8004036269807908
2478,2625.0,2.115385,3929.0,1304.0,1307.4052005797284,0.7855421686746988,0.799548094235287
2479,2608.0,2.101685,3929.0,1321.0,1306.038530688518,0.7957831325301205,0.798712302618058
2480,2609.0,2.102491,3929.0,1320.0,1304.7063721350655,0.7951807228915663,0.7978976165267377
2481,2625.0,2.115385,3929.0,1304.0,1303.2877504795497,0.7855421686746988,0.7970300536314657
2482,2617.0,2.108938,3929.0,1312.0,1301.9001018781742,0.7903614457831325,0.7961814324127295
2483,2617.0,2.108938,3929.0,1312.0,1300.5044842951702,0.7903614457831325,0.7953279377361921
2484,2617.0,2.108938,3929.0,1312.0,1299.141425893446,0.7903614457831325,0.7944943547376339
2485,2617.0,2.108938,3929.0,1312.0,1297.8514548359087,0.7903614457831325,0.7937054685528342
2486,2617.0,2.108938,3929.0,1312.0,1296.5956290867905,0.7903614457831325,0.7929374640474568
2487,2633.0,2.121832,3929.0,1296.0,1295.2939381183899,0.7807228915662651,0.792141410511333
2488,2617.0,2.108938,3929.0,1312.0,1294.0253118003577,0.7903614457831325,0.7913655777745277
2489,2641.0,2.128278,3929.0,1288.0,1292.7507383770508,0.7759036144578313,0.7905861080652775
2490,2625.0,2.115385,3929.0,1304.0,1291.5106762915027,0.7855421686746988,0.7898277438819366
2491,2633.0,2.121832,3929.0,1296.0,1290.2763460511173,0.7807228915662651,0.7890728850279871
2492,2640.0,2.127473,3929.0,1289.0,1288.9861667054558,0.7765060240963856,0.7882838714638771
2493,2633.0,2.121832,3929.0,1296.0,1287.6464008422236,0.7807228915662651,0.7874645330964041
2494,2640.0,2.127473,3929.0,1289.0,1286.3357691714477,0.7765060240963856,0.7866630118433536
2495,2633.0,2.121832,3929.0,1296.0,1285.0561192697965,0.7807228915662651,0.7858804375965173
2496,2641.0,2.128278,3929.0,1288.0,1283.7374288530546,0.7759036144578313,0.78507398798998
2497,2641.0,2.128278,3929.0,1288.0,1282.4487484846895,0.7759036144578313,0.7842858911305306
2498,2653.0,2.137949,3929.0,1276.0,1281.1815976134963,0.7686746987951807,0.7835109607082545
2499,2653.0,2.137949,3929.0,1276.0,1279.9473632379377,0.7686746987951807,0.7827561604807658
2500,2665.0,2.147619,3929.0,1264.0,1278.6656862309424,0.7614457831325301,0.7819723465507662
2501,2657.0,2.141172,3929.0,1272.0,1277.4535844294678,0.7662650602409639,0.7812310815741863
2502,2672.0,2.15326,3929.0,1257.0,1276.230663846505,0.7572289156626506,0.7804832003350147
2503,2645.0,2.131502,3929.0,1284.0,1274.99600069372,0.7734939759036145,0.7797281378873557
2504,2653.0,2.137949,3929.0,1276.0,1273.7486363228418,0.7686746987951807,0.7789653079666009
2505,2665.0,2.147619,3929.0,1264.0,1272.4875772256619,0.7614457831325301,0.7781941029894285
2506,2665.0,2.147619,3929.0,1264.0,1271.1322899754223,0.7614457831325301,0.7773652724649744
2507,2665.0,2.147619,3929.0,1264.0,1269.8406517413919,0.7614457831325301,0.7765753667127236
2508,2661.0,2.144396,3929.0,1268.0,1268.4909908850054,0.763855421686747,0.7757499770285544
2509,2661.0,2.144396,3929.0,1268.0,1267.1616446569813,0.763855421686747,0.7749370108244088
2510,2661.0,2.144396,3929.0,1268.0,1265.8925137413585,0.763855421686747,0.7741608694992317
2511,2665.0,2.147619,3929.0,1264.0,1264.6824651901816,0.7614457831325301,0.7734208601948503
2512,2673.0,2.154066,3929.0,1256.0,1263.49196434875,0.7566265060240964,0.7726928053588055
2513,2673.0,2.154066,3929.0,1256.0,1262.3898090459868,0.7566265060240964,0.7720187785372166
2514,2665.0,2.147619,3929.0,1264.0,1261.2742649128704,0.7614457831325301,0.7713365637309171
2515,2681.0,2.160513,3929.0,1248.0,1260.1750700902685,0.7518072289156627,0.7706643474010333
2516,2687.0,2.165348,3929.0,1242.0,1259.0527247834184,0.7481927710843373,0.7699779733138199
2517,2681.0,2.160513,3929.0,1248.0,1257.9061309043002,0.7518072289156627,0.769276769929816
2518,2687.0,2.165348,3929.0,1242.0,1256.7341555049577,0.7481927710843373,0.7685600443908481
2519,2681.0,2.160513,3929.0,1248.0,1255.5766992694303,0.7518072289156627,0.7678521980958614
2520,2685.0,2.163736,3929.0,1244.0,1254.4352263150768,0.7493975903614458,0.7671541264308032
2521,2685.0,2.163736,3929.0,1244.0,1253.2290637753908,0.7493975903614458,0.7664164936299575
2522,2697.0,2.173407,3929.0,1232.0,1252.0364791812171,0.7421686746987952,0.7656871644678407
2523,2673.0,2.154066,3929.0,1256.0,1250.858866930041,0.7566265060240964,0.7649669916929744
2524,2685.0,2.163736,3929.0,1244.0,1249.6976214193471,0.7493975903614458,0.7642568280538802
2525,2685.0,2.163736,3929.0,1244.0,1248.5541370466212,0.7493975903614458,0.7635575262990796
2526,2681.0,2.160513,3929.0,1248.0,1247.4298082093483,0.7518072289156627,0.7628699391770941
2527,2687.0,2.165348,3929.0,1242.0,1246.364465871693,0.7481927710843373,0.7622184254494428
2528,2685.0,2.163736,3929.0,1244.0,1245.3158388738923,0.7493975903614458,0.7615771340446943
2529,2677.0,2.157289,3929.0,1252.0,1244.2827245481137,0.7542168674698795,0.760945329467248
2530,2685.0,2.163736,3929.0,1244.0,1243.2254836598477,0.7493975903614458,0.7602987702085071
2531,2685.0,2.163736,3929.0,1244.0,1242.183947173259,0.7493975903614458,0.7596618150299908
2532,2697.0,2.173407,3929.0,1232.0,1241.236382619191,0.7421686746987952,0.7590823287062145
2533,2685.0,2.163736,3929.0,1244.0,1240.3021171311389,0.7493975903614458,0.7585109754714632
2534,2681.0,2.160513,3929.0,1248.0,1239.3826148264611,0.7518072289156627,0.757948650711684
2535,2685.0,2.163736,3929.0,1244.0,1238.4793398225177,0.7493975903614458,0.7573962498128248
2536,2687.0,2.165348,3929.0,1242.0,1237.5937562366676,0.7481927710843373,0.7568546681608331
2537,2687.0,2.165348,3929.0,1242.0,1236.6862596943377,0.7481927710843373,0.7562996855658249
2538,2687.0,2.165348,3929.0,1242.0,1235.6735105438306,0.7481927710843373,0.7556803353805364
2539,2685.0,2.163736,3929.0,1244.0,1234.7105797294762,0.7493975903614458,0.7550914517680526
2540,2697.0,2.173407,3929.0,1232.0,1233.7577582968897,0.7421686746987952,0.7545087505823503
2541,2687.0,2.165348,3929.0,1242.0,1232.854842350299,0.7481927710843373,0.7539565692662357
2542,2697.0,2.173407,3929.0,1232.0,1231.9621577952553,0.7421686746987952,0.7534106449923977
2543,2685.0,2.163736,3929.0,1244.0,1230.998962045379,0.7493975903614458,0.7528215993576949
2544,2697.0,2.173407,3929.0,1232.0,1230.0434529116399,0.7421686746987952,0.7522372544992175
2545,2687.0,2.165348,3929.0,1242.0,1229.0969550716488,0.7481927710843373,0.7516584205280606
2546,2713.0,2.1863,3929.0,1216.0,1228.1607932030167,0.7325301204819277,0.75108590755532
2547,2697.0,2.173407,3929.0,1232.0,1227.2362919833547,0.7421686746987952,0.750520525692091
2548,2697.0,2.173407,3929.0,1232.0,1226.3247760902734,0.7421686746987952,0.7499630850494692
2549,2705.0,2.179853,3929.0,1224.0,1225.5044433347432,0.7373493975903614,0.7494614077645447
2550,2713.0,2.1863,3929.0,1216.0,1224.6945511303838,0.7325301204819277,0.7489661154341758
2551,2713.0,2.1863,3929.0,1216.0,1223.8964938746803,0.7325301204819277,0.748478060806884
2552,2713.0,2.1863,3929.0,1216.0,1223.1116659651177,0.7325301204819277,0.7479980966311905
2553,2709.0,2.183077,3929.0,1220.0,1222.3798983658605,0.7349397590361446,0.7475505816686145
2554,2717.0,2.189524,3929.0,1212.0,1221.6999884090783,0.7301204819277108,0.7471347804235561
2555,2705.0,2.179853,3929.0,1224.0,1220.9501947363312,0.7373493975903614,0.7466762415544674
2556,2717.0,2.189524,3929.0,1212.0,1220.2087848784638,0.7301204819277108,0.7462228298358645
2557,2705.0,2.179853,3929.0,1224.0,1219.515589799641,0.7373493975903614,0.7457989040292666
2558,2713.0,2.1863,3929.0,1216.0,1218.7925336986727,0.7325301204819277,0.7453567166130792
2559,2705.0,2.179853,3929.0,1224.0,1218.1205160316563,0.7373493975903614,0.7449457419246527
2560,2713.0,2.1863,3929.0,1216.0,1217.459897564082,0.7325301204819277,0.7445417384553905
2561,2717.0,2.189524,3929.0,1212.0,1216.8121075533713,0.7301204819277108,0.7441455802725266
2562,2729.0,2.199194,3929.0,1200.0,1216.1785752569465,0.7228915662650602,0.7437581414432958
2563,2725.0,2.195971,3929.0,1204.0,1215.5607299322305,0.7253012048192771,0.7433802960349328
2564,2729.0,2.199194,3929.0,1200.0,1214.8778638527797,0.7228915662650602,0.7429626869630087
2565,2717.0,2.189524,3929.0,1212.0,1214.126072705635,0.7301204819277108,0.7425029265316627
2566,2717.0,2.189524,3929.0,1212.0,1213.38351944183,0.7301204819277108,0.7420488155592725
2567,2709.0,2.183077,3929.0,1220.0,1212.6514938790378,0.7349397590361446,0.7416011428382198
2568,2717.0,2.189524,3929.0,1212.0,1211.9312858349329,0.7301204819277108,0.7411606971608875
2569,2729.0,2.199194,3929.0,1200.0,1211.1523152663065,0.7228915662650602,0.7406843150619525
2570,2717.0,2.189524,3929.0,1212.0,1210.3830749776314,0.7301204819277108,0.7402138835487947
2571,2717.0,2.189524,3929.0,1212.0,1209.6247937816913,0.7301204819277108,0.7397501541060485
2572,2717.0,2.189524,3929.0,1212.0,1208.906869934967,0.7301204819277108,0.7393111053373883
2573,2713.0,2.1863,3929.0,1216.0,1208.2375356116117,0.7325301204819277,0.7389017716568983
2574,2717.0,2.189524,3929.0,1212.0,1207.415370094887,0.7301204819277108,0.7383989735406359
2575,2725.0,2.195971,3929.0,1204.0,1206.6363385213708,0.7253012048192771,0.7379225541339532
2576,2721.0,2.192747,3929.0,1208.0,1205.8989942036712,0.727710843373494,0.7374716287102586
2577,2713.0,2.1863,3929.0,1216.0,1205.163488747655,0.7325301204819277,0.7370218278486768
2578,2729.0,2.199194,3929.0,1200.0,1204.3899737591896,0.7228915662650602,0.7365487821283326
2579,2721.0,2.192747,3929.0,1208.0,1203.53593405895,0.727710843373494,0.7360264912468025
2580,2721.0,2.192747,3929.0,1208.0,1202.6793582982843,0.727710843373494,0.7355026494288989
2581,2713.0,2.1863,3929.0,1216.0,1201.8624304871137,0.7325301204819277,0.7350030544492707
2582,2717.0,2.189524,3929.0,1212.0,1201.0478644366833,0.7301204819277108,0.7345049038124509
2583,2717.0,2.189524,3929.0,1212.0,1200.236810524919,0.7301204819277108,0.7340089010359699
2584,2729.0,2.199194,3929.0,1200.0,1199.389350637813,0.7228915662650602,0.7334906340615263
2585,2717.0,2.189524,3929.0,1212.0,1198.6219099933921,0.7301204819277108,0.7330213031269289
2586,2737.0,2.205641,3929.0,1192.0,1197.8535368456533,0.7180722891566265,0.7325514019167579
2587,2725.0,2.195971,3929.0,1204.0,1197.0854164324583,0.7253012048192771,0.7320816552672563
2588,2737.0,2.205641,3929.0,1192.0,1196.4628711167186,0.7180722891566265,0.7317009355634079
2589,2736.0,2.204835,3929.0,1193.0,1195.7510730324468,0.7186746987951808,0.7312656330255967
2590,2737.0,2.205641,3929.0,1192.0,1195.0281415557536,0.7180722891566265,0.7308235218238083
2591,2729.0,2.199194,3929.0,1200.0,1194.2131859455262,0.7228915662650602,0.7303251329503705
2592,2745.0,2.212088,3929.0,1184.0,1193.3842558580016,0.7132530120481928,0.7298181979378427
2593,2737.0,2.205641,3929.0,1192.0,1192.5425278160578,0.7180722891566265,0.7293034362927904
2594,2729.0,2.199194,3929.0,1200.0,1191.6481098506408,0.7228915662650602,0.7287564519459468
2595,2737.0,2.205641,3929.0,1192.0,1190.7405801913703,0.7180722891566265,0.728201449098161
2596,2737.0,2.205641,3929.0,1192.0,1189.8210805011884,0.7180722891566265,0.7276391259372856
2597,2729.0,2.199194,3929.0,1200.0,1188.890752443035,0.7228915662650602,0.727070180651172
2598,2741.0,2.208864,3929.0,1188.0,1187.9507376798515,0.7156626506024096,0.7264953114276727
2599,2737.0,2.205641,3929.0,1192.0,1187.0021778745793,0.7180722891566265,0.7259152164546395
2600,2729.0,2.199194,3929.0,1200.0,1186.0462146901589,0.7228915662650602,0.7253305939199246
2601,2745.0,2.212088,3929.0,1184.0,1185.0839897895314,0.7132530120481928,0.7247421420113799
2602,2737.0,2.205641,3929.0,1192.0,1184.1166448356378,0.7180722891566265,0.7241505589168574
2603,2729.0,2.199194,3929.0,1200.0,1183.1549306330894,0.7228915662650602,0.7235624193274588
2604,2745.0,2.212088,3929.0,1184.0,1182.189730436828,0.7132530120481928,0.7229721478667562
2605,2753.0,2.218535,3929.0,1176.0,1181.222194624779,0.708433734939759,0.7223804480522801
2606,2753.0,2.218535,3929.0,1176.0,1180.2534735748673,0.708433734939759,0.7217880234015603
2607,2757.0,2.221758,3929.0,1172.0,1179.2847176650187,0.7060240963855422,0.7211955774321278
2608,2753.0,2.218535,3929.0,1176.0,1178.3170772731582,0.708433734939759,0.7206038136615126
2609,2745.0,2.212088,3929.0,1184.0,1177.3517027772111,0.7132530120481928,0.7200134356072447
2610,2745.0,2.212088,3929.0,1184.0,1176.4666176884623,0.7132530120481928,0.7194721588128498
2611,2753.0,2.218535,3929.0,1176.0,1175.5809051208448,0.708433734939759,0.7189304982816198
2612,2753.0,2.218535,3929.0,1176.0,1174.6752509261921,0.708433734939759,0.7183766423805956
2613,2757.0,2.221758,3929.0,1172.0,1173.770076055675,0.7060240963855422,0.7178230796118757
2614,2752.0,2.217729,3929.0,1177.0,1172.8665831771243,0.7090361445783132,0.7172705454710601
2615,2761.0,2.224982,3929.0,1168.0,1171.9659749583711,0.7036144578313253,0.7167197754537483
2616,2768.0,2.230623,3929.0,1161.0,1171.0694540672469,0.6993975903614458,0.7161715050555407
2617,2761.0,2.224982,3929.0,1168.0,1170.1782231715815,0.7036144578313253,0.7156264697720365
2618,2761.0,2.224982,3929.0,1168.0,1169.293484939207,0.7036144578313253,0.7150854050988361
2619,2753.0,2.218535,3929.0,1176.0,1168.3137708081213,0.708433734939759,0.7144862575919594
2620,2761.0,2.224982,3929.0,1168.0,1167.336287713012,0.7036144578313253,0.7138884744827174
2621,2761.0,2.224982,3929.0,1168.0,1166.3621511718673,0.7036144578313253,0.7132927379699271
2622,2773.0,2.234652,3929.0,1156.0,1165.3924767026754,0.6963855421686747,0.712699730252406
2623,2761.0,2.224982,3929.0,1168.0,1164.4283798234242,0.7036144578313253,0.7121101335289711
2624,2773.0,2.234652,3929.0,1156.0,1163.3888390682357,0.6963855421686747,0.711474398846776
2625,2769.0,2.231429,3929.0,1160.0,1162.3107048766508,0.6987951807228916,0.710815062217375
2626,2761.0,2.224982,3929.0,1168.0,1161.1923562615923,0.7036144578313253,0.7101311323206113
2627,2769.0,2.231429,3929.0,1160.0,1160.1527109265928,0.6987951807228916,0.7094953336822774
2628,2781.0,2.241099,3929.0,1148.0,1159.07224111922,0.691566265060241,0.7088345686991026
2629,2768.0,2.230623,3929.0,1161.0,1157.9903943443308,0.6993975903614458,0.7081729616267628
2630,2781.0,2.241099,3929.0,1148.0,1156.9466181067812,0.691566265060241,0.7075346367209334
2631,2777.0,2.237875,3929.0,1152.0,1155.9008897127524,0.6939759036144578,0.706895117967174
2632,2793.0,2.250769,3929.0,1136.0,1154.854254960358,0.6843373493975904,0.7062550449268753
2633,2781.0,2.241099,3929.0,1148.0,1153.8077596477121,0.691566265060241,0.7056150571614288
2634,2777.0,2.237875,3929.0,1152.0,1152.762449572929,0.6939759036144578,0.7049757942322258
2635,2777.0,2.237875,3929.0,1152.0,1151.719370534122,0.6939759036144578,0.7043378957006572
2636,2781.0,2.241099,3929.0,1148.0,1150.6384998374722,0.691566265060241,0.7036768855522825
2637,2777.0,2.237875,3929.0,1152.0,1149.4824118544768,0.6939759036144578,0.7029698760167824
2638,2793.0,2.250769,3929.0,1136.0,1148.4110579206636,0.6843373493975904,0.7023146858770675
2639,2781.0,2.241099,3929.0,1148.0,1147.3433119903434,0.691566265060241,0.7016617022241523
2640,2781.0,2.241099,3929.0,1148.0,1146.2801850016929,0.691566265060241,0.7010115433007146
2641,2789.0,2.247546,3929.0,1140.0,1145.2226878928889,0.6867469879518072,0.7003648273494328
2642,2768.0,2.230623,3929.0,1161.0,1144.1622224604384,0.6993975903614458,0.699716296109736
2643,2781.0,2.241099,3929.0,1148.0,1143.110058050517,0.691566265060241,0.6990728413885815
2644,2793.0,2.250769,3929.0,1136.0,1142.0768060279868,0.6843373493975904,0.6984409526022187
2645,2781.0,2.241099,3929.0,1148.0,1141.0532102080417,0.691566265060241,0.6978149690993679
2646,2781.0,2.241099,3929.0,1148.0,1140.0402815288587,0.691566265060241,0.6971955091227073
2647,2801.0,2.257216,3929.0,1128.0,1139.039030928614,0.6795180722891566,0.6965831909149148
2648,2785.0,2.244322,3929.0,1144.0,1138.050469345485,0.689156626506024,0.6959786327186689
2649,2781.0,2.241099,3929.0,1148.0,1137.1140442843277,0.691566265060241,0.6954059587896448
2650,2789.0,2.247546,3929.0,1140.0,1136.189733051323,0.6867469879518072,0.6948406931134019
2651,2801.0,2.257216,3929.0,1128.0,1135.3170180112645,0.6795180722891566,0.6943069812643288
2652,2801.0,2.257216,3929.0,1128.0,1134.4148428383373,0.6795180722891566,0.6937552529708659
2653,2781.0,2.241099,3929.0,1148.0,1133.522689897335,0.691566265060241,0.693209653807402
2654,2801.0,2.257216,3929.0,1128.0,1132.6416049863717,0.6795180722891566,0.692670823335328
2655,2793.0,2.250769,3929.0,1136.0,1131.7726339035612,0.6843373493975904,0.6921394011160356
2656,2793.0,2.250769,3929.0,1136.0,1130.9168224470172,0.6843373493975904,0.6916160267109154
2657,2793.0,2.250769,3929.0,1136.0,1130.1162849067866,0.6843373493975904,0.6911264552571905
2658,2801.0,2.257216,3929.0,1128.0,1129.2925968823079,0.6795180722891566,0.6906227260461362
2659,2793.0,2.250769,3929.0,1136.0,1128.4852407383746,0.6843373493975904,0.6901289846521408
2660,2801.0,2.257216,3929.0,1128.0,1127.6952622731008,0.6795180722891566,0.6896458706365957
2661,2793.0,2.250769,3929.0,1136.0,1126.8826387926672,0.6843373493975904,0.6891489079850601
2662,2816.0,2.269304,3929.0,1113.0,1126.0457493099975,0.6704819277108434,0.6886371053773779
2663,2817.0,2.27011,3929.0,1112.0,1125.2240064700106,0.6698795180722892,0.6881345657505111
2664,2816.0,2.269304,3929.0,1113.0,1124.3465164900638,0.6704819277108434,0.6875979337707193
2665,2793.0,2.250769,3929.0,1136.0,1123.4711913122128,0.6843373493975904,0.6870626256830075
2666,2816.0,2.269304,3929.0,1113.0,1122.608546436493,0.6704819277108434,0.6865350722771638
2667,2816.0,2.269304,3929.0,1113.0,1121.7594882212695,0.6704819277108434,0.6860158278397271
2668,2816.0,2.269304,3929.0,1113.0,1120.9249230249077,0.6704819277108434,0.6855054466572366
2669,2800.0,2.25641,3929.0,1129.0,1120.1441937724528,0.6801204819277108,0.6850279890292287
2670,2816.0,2.269304,3929.0,1113.0,1119.3771731902746,0.6704819277108434,0.6845589149851237
2671,2801.0,2.257216,3929.0,1128.0,1118.6440207800154,0.6795180722891566,0.6841105531366724
2672,2801.0,2.257216,3929.0,1128.0,1118.021252360678,0.6795180722891566,0.6837296969930604
2673,2816.0,2.269304,3929.0,1113.0,1117.4072425005445,0.6704819277108434,0.6833541971760995
2674,2816.0,2.269304,3929.0,1113.0,1116.8030369977291,0.6704819277108434,0.682984693247181
2675,2816.0,2.269304,3929.0,1113.0,1116.2096816503456,0.6704819277108434,0.6826218247676963
2676,2821.0,2.273333,3929.0,1108.0,1115.6282222565078,0.6674698795180722,0.6822662312990363
2677,2801.0,2.257216,3929.0,1128.0,1114.9443949142901,0.6795180722891566,0.6818480343635999
2678,2833.0,2.283004,3929.0,1096.0,1114.2412778258622,0.6602409638554216,0.6814180407183035
2679,2817.0,2.27011,3929.0,1112.0,1113.517145424335,0.6698795180722892,0.6809751950868509
2680,2817.0,2.27011,3929.0,1112.0,1112.8113057748167,0.6698795180722892,0.6805435364500657
2681,2816.0,2.269304,3929.0,1113.0,1112.1246303757357,0.6704819277108434,0.6801235977757741
2682,2817.0,2.27011,3929.0,1112.0,1111.4579907255202,0.6698795180722892,0.6797159120318018
2683,2817.0,2.27011,3929.0,1112.0,1110.7301213387327,0.6698795180722892,0.6792707810343115
2684,2833.0,2.283004,3929.0,1096.0,1110.037915410626,0.6602409638554216,0.6788474601461961
2685,2825.0,2.276557,3929.0,1104.0,1109.419312753776,0.6650602409638554,0.6784691515887925
2686,2816.0,2.269304,3929.0,1113.0,1108.8520186953906,0.6704819277108434,0.6781222209791758
2687,2825.0,2.276557,3929.0,1104.0,1108.2958711019028,0.6650602409638554,0.6777821070280539
2688,2825.0,2.276557,3929.0,1104.0,1107.7517763316778,0.6650602409638554,0.6774493640219652
2689,2825.0,2.276557,3929.0,1104.0,1107.2206407430808,0.6650602409638554,0.677124546247449
2690,2833.0,2.283004,3929.0,1096.0,1106.6623022025444,0.6602409638554216,0.6767830924152124
2691,2817.0,2.27011,3929.0,1112.0,1106.1929419085354,0.6698795180722892,0.6764960535320733
2692,2821.0,2.273333,3929.0,1108.0,1105.6902956035583,0.6674698795180722,0.6761886584757888
2693,2829.0,2.27978,3929.0,1100.0,1105.1937062126574,0.6626506024096386,0.6758849675458949
2694,2817.0,2.27011,3929.0,1112.0,1104.704080094198,0.6698795180722892,0.6755855350289304
2695,2817.0,2.27011,3929.0,1112.0,1104.2223236065456,0.6698795180722892,0.6752909152114345
2696,2833.0,2.283004,3929.0,1096.0,1103.749343108066,0.6602409638554216,0.6750016623799464
2697,2825.0,2.276557,3929.0,1104.0,1103.2860449571242,0.6650602409638554,0.6747183308210052
2698,2833.0,2.283004,3929.0,1096.0,1102.8333355120858,0.6602409638554216,0.6744414748211497
2699,2825.0,2.276557,3929.0,1104.0,1102.392121131316,0.6650602409638554,0.6741716486669189
2700,2825.0,2.276557,3929.0,1104.0,1101.8811711893143,0.6650602409638554,0.6738591754931883
2701,2817.0,2.27011,3929.0,1112.0,1101.4166320246106,0.6698795180722892,0.6735750849880627
2702,2825.0,2.276557,3929.0,1104.0,1100.9583066437006,0.6650602409638554,0.6732947945435366
2703,2829.0,2.27978,3929.0,1100.0,1100.4686299783323,0.6626506024096386,0.6729953311144382
2704,2833.0,2.283004,3929.0,1096.0,1099.9484386669974,0.6602409638554216,0.6726772063498808
2705,2833.0,2.283004,3929.0,1096.0,1099.4343391296761,0.6602409638554216,0.6723628070304271
2706,2833.0,2.283004,3929.0,1096.0,1098.9245012196686,0.6602409638554216,0.6720510139236423
2707,2833.0,2.283004,3929.0,1096.0,1098.4197267155294,0.6602409638554216,0.6717423173599265
2708,2825.0,2.276557,3929.0,1104.0,1097.918185470559,0.6650602409638554,0.671435598106845
2709,2833.0,2.283004,3929.0,1096.0,1097.459115829991,0.6602409638554216,0.6711548525077955
2710,2825.0,2.276557,3929.0,1104.0,1096.9638493737043,0.6650602409638554,0.6708519706230615
2711,2837.0,2.286227,3929.0,1092.0,1096.4716244469316,0.6578313253012048,0.6705509487960397
2712,2841.0,2.289451,3929.0,1088.0,1095.983242828228,0.655421686746988,0.6702522773571309
2713,2833.0,2.283004,3929.0,1096.0,1095.4995062961466,0.6602409638554216,0.6699564466367344
2714,2817.0,2.27011,3929.0,1112.0,1095.0980897626011,0.6698795180722892,0.669710958991245
2715,2817.0,2.27011,3929.0,1112.0,1094.6977277421543,0.6698795180722892,0.6694661162368254
2716,2825.0,2.276557,3929.0,1104.0,1094.2992917332335,0.6650602409638554,0.669222451341301
2717,2833.0,2.283004,3929.0,1096.0,1093.9036532342675,0.6602409638554216,0.6689804972724981
2718,2833.0,2.283004,3929.0,1096.0,1093.5116837436842,0.6602409638554216,0.6687407869982425
2719,2833.0,2.283004,3929.0,1096.0,1093.1242547599124,0.6602409638554216,0.6685038534863603
2720,2832.0,2.282198,3929.0,1097.0,1092.7422377813803,0.6608433734939759,0.6682702297046778
2721,2825.0,2.276557,3929.0,1104.0,1092.3665043065157,0.6650602409638554,0.6680404486210205
2722,2837.0,2.286227,3929.0,1092.0,1091.9979258337469,0.6578313253012048,0.6678150432032145
2723,2841.0,2.289451,3929.0,1088.0,1091.596305369569,0.655421686746988,0.6675694308432538
2724,2833.0,2.283004,3929.0,1096.0,1091.1598476272209,0.6602409638554216,0.6673025136274174
2725,2833.0,2.283004,3929.0,1096.0,1090.768859443868,0.6602409638554216,0.6670634034749339
2726,2841.0,2.289451,3929.0,1088.0,1090.3446723993893,0.655421686746988,0.6668039904460873
2727,2841.0,2.289451,3929.0,1088.0,1089.8854563470854,0.655421686746988,0.6665231553084429
2728,2841.0,2.289451,3929.0,1088.0,1089.430414772253,0.655421686746988,0.666244873086685
2729,2837.0,2.286227,3929.0,1092.0,1089.0187511601885,0.6578313253012048,0.6659931188054979
2730,2845.0,2.292674,3929.0,1084.0,1088.6101987975126,0.653012048192771,0.6657432672194494
2731,2841.0,2.289451,3929.0,1088.0,1088.2055594627798,0.655421686746988,0.6654958086589399
2732,2833.0,2.283004,3929.0,1096.0,1087.7671983678638,0.6602409638554216,0.6652277274413713
2733,2833.0,2.283004,3929.0,1096.0,1087.3753874899949,0.6602409638554216,0.6649881141672602
2734,2845.0,2.292674,3929.0,1084.0,1086.9898601157936,0.653012048192771,0.6647523435911744
2735,2845.0,2.292674,3929.0,1084.0,1086.611418023814,0.653012048192771,0.664520906043514
2736,2833.0,2.283004,3929.0,1096.0,1086.1587260087438,0.6602409638554216,0.6642440607030148
2737,2841.0,2.289451,3929.0,1088.0,1085.7093892626228,0.655421686746988,0.6639692672886459
2738,2841.0,2.289451,3929.0,1088.0,1085.26413984413,0.655421686746988,0.6636969734933809
2739,2841.0,2.289451,3929.0,1088.0,1084.669702967197,0.655421686746988,0.6633334436008239
2740,2849.0,2.295897,3929.0,1080.0,1084.1092536574672,0.6506024096385542,0.6629906989205127
2741,2833.0,2.283004,3929.0,1096.0,1083.542359616861,0.6602409638554216,0.6626440129431286
2742,2847.0,2.294286,3929.0,1082.0,1082.9696570392296,0.6518072289156627,0.6622937747351837
2743,2841.0,2.289451,3929.0,1088.0,1082.3533455517475,0.655421686746988,0.6619168673501946
2744,2841.0,2.289451,3929.0,1088.0,1081.7350949802624,0.655421686746988,0.6615387741117926
2745,2845.0,2.292674,3929.0,1084.0,1081.1155066586898,0.653012048192771,0.6611598627677777
2746,2841.0,2.289451,3929.0,1088.0,1080.5336184876253,0.655421686746988,0.6608040070789474
2747,2857.0,2.302344,3929.0,1072.0,1079.9489981689878,0.6457831325301204,0.6604464805359823
2748,2857.0,2.302344,3929.0,1072.0,1079.4007184633103,0.6457831325301204,0.6601111782183933
2749,2857.0,2.302344,3929.0,1072.0,1078.8099453657699,0.6457831325301204,0.659749888922577
2750,2857.0,2.302344,3929.0,1072.0,1078.2183835621515,0.6457831325301204,0.6593881172908781
2751,2857.0,2.302344,3929.0,1072.0,1077.6266692463084,0.6457831325301204,0.6590262523898097
2752,2845.0,2.292674,3929.0,1084.0,1077.0738751787724,0.653012048192771,0.658688189298882
2753,2845.0,2.292674,3929.0,1084.0,1076.5196039214006,0.653012048192771,0.6583492228274892
2754,2841.0,2.289451,3929.0,1088.0,1075.983086830009,0.655421686746988,0.6580211139766473
2755,2841.0,2.289451,3929.0,1088.0,1075.4438201610762,0.655421686746988,0.6576913236123146
2756,2845.0,2.292674,3929.0,1084.0,1074.9024923983611,0.653012048192771,0.6573602727790736
2757,2841.0,2.289451,3929.0,1088.0,1074.2925280339323,0.655421686746988,0.6569872469987613
2758,2857.0,2.302344,3929.0,1072.0,1073.7536883992295,0.6457831325301204,0.6566577177886634
2759,2847.0,2.294286,3929.0,1082.0,1073.1859646921187,0.6518072289156627,0.6563105244259083
2760,2841.0,2.289451,3929.0,1088.0,1072.6208206203562,0.655421686746988,0.6559649086479188
2761,2853.0,2.299121,3929.0,1076.0,1071.976781538881,0.6481927710843374,0.655571044358578
2762,2857.0,2.302344,3929.0,1072.0,1071.2928766333032,0.6457831325301204,0.6551527999890051
2763,2857.0,2.302344,3929.0,1072.0,1070.6107321545508,0.6457831325301204,0.6547356322144409
2764,2857.0,2.302344,3929.0,1072.0,1069.969342428297,0.6457831325301204,0.654343388147291
2765,2865.0,2.308791,3929.0,1064.0,1069.3570590065503,0.6409638554216868,0.6539689441395937
2766,2865.0,2.308791,3929.0,1064.0,1068.7533084259142,0.6409638554216868,0.6535997184198803
2767,2853.0,2.299121,3929.0,1076.0,1068.1388419006046,0.6481927710843374,0.6532239393277788
2768,2865.0,2.308791,3929.0,1064.0,1067.5341544591586,0.6409638554216868,0.6528541406676527
2769,2865.0,2.308791,3929.0,1064.0,1066.9296064574612,0.6409638554216868,0.652484427282379
2770,2865.0,2.308791,3929.0,1064.0,1066.3162162327103,0.6409638554216868,0.6521093064055424
2771,2865.0,2.308791,3929.0,1064.0,1065.7144788134437,0.6409638554216868,0.6517413118415072
2772,2857.0,2.302344,3929.0,1072.0,1065.1147545555464,0.6457831325301204,0.65137454843315
2773,2873.0,2.315238,3929.0,1056.0,1064.5176709378868,0.636144578313253,0.6510093999173058
2774,2873.0,2.315238,3929.0,1056.0,1063.9238554393332,0.636144578313253,0.6506462500308089
2775,2865.0,2.308791,3929.0,1064.0,1063.3339355387534,0.6409638554216868,0.6502854825104939
2776,2873.0,2.315238,3929.0,1056.0,1062.7485387150168,0.636144578313253,0.6499274810931962
2777,2865.0,2.308791,3929.0,1064.0,1062.168292446991,0.6409638554216868,0.6495726295157499
2778,2865.0,2.308791,3929.0,1064.0,1061.5527557216114,0.6409638554216868,0.649196195939158
2779,2873.0,2.315238,3929.0,1056.0,1060.9409577244892,0.636144578313253,0.6488220487945396
2780,2869.0,2.312015,3929.0,1060.0,1060.3334910745552,0.6385542168674698,0.6484505505000164
2781,2857.0,2.302344,3929.0,1072.0,1059.689879898808,0.6457831325301204,0.6480569478978782
2782,2865.0,2.308791,3929.0,1064.0,1059.0491185229212,0.6409638554216868,0.647665088100531
2783,2881.0,2.321685,3929.0,1048.0,1058.4117647058888,0.6313253012048192,0.6472753122073833
2784,2873.0,2.315238,3929.0,1056.0,1057.778376206705,0.636144578313253,0.646887961317844
2785,2881.0,2.321685,3929.0,1048.0,1057.1495107843637,0.6313253012048192,0.6465033765313214
2786,2865.0,2.308791,3929.0,1064.0,1056.525726197859,0.6409638554216868,0.6461218989472244
2787,2873.0,2.315238,3929.0,1056.0,1055.9844533395449,0.636144578313253,0.6457908816909563
2788,2881.0,2.321685,3929.0,1048.0,1055.5263196882888,0.6313253012048192,0.6455107084993518
2789,2873.0,2.315238,3929.0,1056.0,1054.9930123256088,0.636144578313253,0.6451845625690132
2790,2889.0,2.328132,3929.0,1040.0,1054.462031863732,0.6265060240963856,0.64485983966277
2791,2873.0,2.315238,3929.0,1056.0,1053.9340057815268,0.636144578313253,0.6445369235174568
2792,2885.0,2.324908,3929.0,1044.0,1053.4095615578624,0.6289156626506024,0.6442161978699088
2793,2881.0,2.321685,3929.0,1048.0,1052.899593794589,0.6313253012048192,0.6439043253509178
2794,2881.0,2.321685,3929.0,1048.0,1052.3951295438903,0.6313253012048192,0.6435958185237481
2795,2881.0,2.321685,3929.0,1048.0,1051.8481013099558,0.6313253012048192,0.6432612815479573
2796,2881.0,2.321685,3929.0,1048.0,1051.3097793453194,0.6313253012048192,0.642932068920748
2797,2885.0,2.324908,3929.0,1044.0,1050.7807562689125,0.6289156626506024,0.6426085430602418
2798,2881.0,2.321685,3929.0,1048.0,1050.2616246996663,0.6313253012048192,0.6422910663845608
2799,2865.0,2.308791,3929.0,1064.0,1049.7529772565122,0.6409638554216868,0.6419800013118265
2800,2881.0,2.321685,3929.0,1048.0,1049.214338066448,0.6313253012048192,0.6416505946843285
2801,2881.0,2.321685,3929.0,1048.0,1048.6847014551472,0.6313253012048192,0.6413266936144728
2802,2889.0,2.328132,3929.0,1040.0,1048.123556689672,0.6265060240963856,0.6409835236258365
2803,2873.0,2.315238,3929.0,1056.0,1047.6082998024376,0.636144578313253,0.6406684165251098
2804,2897.0,2.334579,3929.0,1032.0,1047.098420060506,0.6216867469879518,0.6403565978358696
2805,2889.0,2.328132,3929.0,1040.0,1046.5944752228702,0.6265060240963856,0.640048408657524
2806,2897.0,2.334579,3929.0,1032.0,1046.0970230485252,0.6216867469879518,0.6397441900894822
2807,2880.0,2.320879,3929.0,1049.0,1045.6066212964647,0.6319277108433735,0.6394442832311527
2808,2885.0,2.324908,3929.0,1044.0,1045.1622642923626,0.6289156626506024,0.6391725351949413
2809,2873.0,2.315238,3929.0,1056.0,1044.723476163217,0.636144578313253,0.6389041928231382
2810,2881.0,2.321685,3929.0,1048.0,1044.2908495279592,0.6313253012048192,0.6386396185338646
2811,2873.0,2.315238,3929.0,1056.0,1043.8649770055204,0.636144578313253,0.6383791747452426
2812,2889.0,2.328132,3929.0,1040.0,1043.4848877815114,0.6265060240963856,0.638146729888391
2813,2896.0,2.333773,3929.0,1033.0,1043.1101408428676,0.6222891566265061,0.6379175521243129
2814,2889.0,2.328132,3929.0,1040.0,1042.702927101777,0.6265060240963856,0.6376685191768449
2815,2889.0,2.328132,3929.0,1040.0,1042.3049076691054,0.6265060240963856,0.6374251090399415
2816,2885.0,2.324908,3929.0,1044.0,1041.878238597103,0.6289156626506024,0.6371641781187265
2817,2877.0,2.318462,3929.0,1052.0,1041.4645461366972,0.6337349397590362,0.6369111830884403
2818,2881.0,2.321685,3929.0,1048.0,1041.0643880468824,0.6313253012048192,0.6366664650484919
2819,2896.0,2.333773,3929.0,1033.0,1040.716758653332,0.6222891566265061,0.6364538711112869
2820,2897.0,2.334579,3929.0,1032.0,1040.3016770244317,0.6216867469879518,0.6362000265302862
2821,2881.0,2.321685,3929.0,1048.0,1039.8991711178512,0.6313253012048192,0.6359538726750146
2822,2885.0,2.324908,3929.0,1044.0,1039.5276661533605,0.6289156626506024,0.635726677551249
2823,2889.0,2.328132,3929.0,1040.0,1039.0631810215596,0.6265060240963856,0.6354426200901288
2824,2893.0,2.331355,3929.0,1036.0,1038.6022603183296,0.6240963855421687,0.6351607424674165
2825,2889.0,2.328132,3929.0,1040.0,1038.1453572228543,0.6265060240963856,0.6348813218263822
2826,2893.0,2.331355,3929.0,1036.0,1037.6929249143163,0.6240963855421687,0.6346046353102955
2827,2897.0,2.334579,3929.0,1032.0,1037.2454165718975,0.6216867469879518,0.6343309600624254
2828,2881.0,2.321685,3929.0,1048.0,1036.92649085058,0.6313253012048192,0.6341359199535372
2829,2897.0,2.334579,3929.0,1032.0,1036.621395809319,0.6216867469879518,0.6339493380440476
2830,2889.0,2.328132,3929.0,1040.0,1036.3306892071084,0.6265060240963856,0.633771555433365
2831,2896.0,2.333773,3929.0,1033.0,1036.0549288029422,0.6222891566265061,0.633602913220898
2832,2905.0,2.341026,3929.0,1024.0,1035.7946723558146,0.6168674698795181,0.6334437525060552
2833,2905.0,2.341026,3929.0,1024.0,1035.5504776247196,0.6168674698795181,0.6332944143882455
2834,2889.0,2.328132,3929.0,1040.0,1035.3229023686517,0.6265060240963856,0.6331552399668775
2835,2889.0,2.328132,3929.0,1040.0,1035.0919701006383,0.6265060240963856,0.6330140125534438
2836,2885.0,2.324908,3929.0,1044.0,1034.8158366951445,0.6289156626506024,0.6328451422307472
2837,2897.0,2.334579,3929.0,1032.0,1034.5115765493779,0.6216867469879518,0.6326590709044349
2838,2893.0,2.331355,3929.0,1036.0,1034.2180794091998,0.6240963855421687,0.6324795817307733
2839,2885.0,2.324908,3929.0,1044.0,1034.0511081538327,0.6289156626506024,0.6323774698920246
2840,2905.0,2.341026,3929.0,1024.0,1033.888015066471,0.6168674698795181,0.6322777297601013
2841,2881.0,2.321685,3929.0,1048.0,1033.7293579061093,0.6313253012048192,0.6321807024344124
2842,2897.0,2.334579,3929.0,1032.0,1033.4935574478752,0.6216867469879518,0.6320364978627026
2843,2896.0,2.333773,3929.0,1033.0,1033.2579748642484,0.6222891566265061,0.6318924265329493
2844,2897.0,2.334579,3929.0,1032.0,1033.0230981943482,0.6216867469879518,0.631748786907135
2845,2897.0,2.334579,3929.0,1032.0,1032.789415477295,0.6216867469879518,0.6316058774472424
2846,2889.0,2.328132,3929.0,1040.0,1032.5574147522084,0.6265060240963856,0.631463996615254
2847,2897.0,2.334579,3929.0,1032.0,1032.327584058208,0.6216867469879518,0.6313234428731522
2848,2896.0,2.333773,3929.0,1033.0,1032.1004114344137,0.6222891566265061,0.6311845146829196
2849,2889.0,2.328132,3929.0,1040.0,1031.8763849199458,0.6265060240963856,0.6310475105065392
2850,2897.0,2.334579,3929.0,1032.0,1031.6559925539234,0.6216867469879518,0.6309127288059928
2851,2901.0,2.337802,3929.0,1028.0,1031.4397223754665,0.619277108433735,0.6307804680432634
2852,2897.0,2.334579,3929.0,1032.0,1031.1869939317623,0.6216867469879518,0.6306259111045017
2853,2905.0,2.341026,3929.0,1024.0,1030.936696968673,0.6168674698795181,0.6304728411459746
2854,2885.0,2.324908,3929.0,1044.0,1030.7303531573139,0.6289156626506024,0.630346650886783
2855,2901.0,2.337802,3929.0,1028.0,1030.5300139701258,0.619277108433735,0.6302241327759128
2856,2896.0,2.333773,3929.0,1033.0,1030.2950989542949,0.6222891566265061,0.6300804696995143
2857,2896.0,2.333773,3929.0,1033.0,1030.0644978556838,0.6222891566265061,0.6299394448138542
2858,2897.0,2.334579,3929.0,1032.0,1029.7617907201163,0.6216867469879518,0.6297543232362078
2859,2889.0,2.328132,3929.0,1040.0,1029.428429498833,0.6265060240963856,0.6295504550482499
2860,2897.0,2.334579,3929.0,1032.0,1029.103199357886,0.6216867469879518,0.6293515594501089
2861,2905.0,2.341026,3929.0,1024.0,1028.8633220300046,0.6168674698795181,0.629204861654909
2862,2897.0,2.334579,3929.0,1032.0,1028.6270788505694,0.6216867469879518,0.6290603863355438
2863,2909.0,2.344249,3929.0,1020.0,1028.3948881388253,0.6144578313253012,0.6289183893165692
2864,2905.0,2.341026,3929.0,1024.0,1028.167168214018,0.6168674698795181,0.6287791264225419
2865,2905.0,2.341026,3929.0,1024.0,1027.8622004115275,0.6168674698795181,0.6285926223263548
2866,2905.0,2.341026,3929.0,1024.0,1027.557206464084,0.6168674698795181,0.6284061022411329
2867,2896.0,2.333773,3929.0,1033.0,1027.252534971059,0.6222891566265061,0.6282197793540066
2868,2905.0,2.341026,3929.0,1024.0,1027.015798523513,0.6168674698795181,0.6280750023748516
2869,2897.0,2.334579,3929.0,1032.0,1026.7082728731355,0.6216867469879518,0.6278869340180953
2870,2897.0,2.334579,3929.0,1032.0,1026.46944047187,0.6216867469879518,0.627740875251319
2871,2909.0,2.344249,3929.0,1020.0,1026.160577071405,0.6144578313253012,0.6275519887889497
2872,2909.0,2.344249,3929.0,1020.0,1025.8539011319954,0.6144578313253012,0.6273644400758238
2873,2901.0,2.337802,3929.0,1028.0,1025.5497612530114,0.619277108433735,0.6271784422990713
2874,2901.0,2.337802,3929.0,1028.0,1025.2485060338254,0.619277108433735,0.6269942086458229
2875,2901.0,2.337802,3929.0,1028.0,1025.0273572071671,0.619277108433735,0.6268589643292036
2876,2905.0,2.341026,3929.0,1024.0,1024.8045961084167,0.6168674698795181,0.6267227340221062
2877,2897.0,2.334579,3929.0,1032.0,1024.5037679234604,0.6216867469879518,0.6265387615230926
2878,2896.0,2.333773,3929.0,1033.0,1024.2746222272247,0.6222891566265061,0.626398626693702
2879,2905.0,2.341026,3929.0,1024.0,1024.045698763088,0.6168674698795181,0.6262586277711072
2880,2905.0,2.341026,3929.0,1024.0,1023.7763386433791,0.6168674698795181,0.6260938996743542
2881,2913.0,2.347473,3929.0,1016.0,1023.5053531791015,0.6120481927710844,0.625928177592606
2882,2909.0,2.344249,3929.0,1020.0,1023.2331171145792,0.6144578313253012,0.6257616907020274
2883,2897.0,2.334579,3929.0,1032.0,1023.0106828277395,0.6216867469879518,0.6256256602578648
2884,2928.0,2.35956,3929.0,1001.0,1022.7486964562319,0.6030120481927711,0.6254654416018876
2885,2897.0,2.334579,3929.0,1032.0,1022.4859780260446,0.6216867469879518,0.6253047752529365
2886,2921.0,2.353919,3929.0,1008.0,1022.2229109964859,0.6072289156626506,0.625143895716855
2887,2909.0,2.344249,3929.0,1020.0,1021.9598788268644,0.6144578313253012,0.6249830374994866
2888,2913.0,2.347473,3929.0,1016.0,1021.6972649764883,0.6120481927710844,0.6248224351066746
2889,2901.0,2.337802,3929.0,1028.0,1021.4354529046667,0.619277108433735,0.6246623230442628
2890,2913.0,2.347473,3929.0,1016.0,1021.1748260707071,0.6120481927710844,0.6245029358180941
2891,2917.0,2.350696,3929.0,1012.0,1020.8746994419856,0.6096385542168675,0.6243193923581803
2892,2905.0,2.341026,3929.0,1024.0,1020.5738581845529,0.6168674698795181,0.6241354118646494
2893,2905.0,2.341026,3929.0,1024.0,1020.2726508977802,0.6168674698795181,0.6239512075246314
2894,2905.0,2.341026,3929.0,1024.0,1020.0124946729715,0.6168674698795181,0.6237921081010884
2895,2905.0,2.341026,3929.0,1024.0,1019.755336402757,0.6168674698795181,0.6236348420868676
2896,2929.0,2.360366,3929.0,1000.0,1019.5015595464432,0.6024096385542169,0.623479643987811
2897,2909.0,2.344249,3929.0,1020.0,1019.2104790714069,0.6144578313253012,0.623301632733931
2898,2913.0,2.347473,3929.0,1016.0,1018.9593167103785,0.6120481927710844,0.6231480335383527
2899,2905.0,2.341026,3929.0,1024.0,1018.6663189387998,0.6168674698795181,0.6229688497552555
2900,2921.0,2.353919,3929.0,1008.0,1018.4497759813348,0.6072289156626506,0.6228364221735964
2901,2909.0,2.344249,3929.0,1020.0,1018.2306010986172,0.6144578313253012,0.6227023850291034
2902,2905.0,2.341026,3929.0,1024.0,1018.0092126098912,0.6168674698795181,0.6225669941463319
2903,2913.0,2.347473,3929.0,1016.0,1017.74496034247,0.6120481927710844,0.622405389774007
2904,2909.0,2.344249,3929.0,1020.0,1017.476664322342,0.6144578313253012,0.6222413124309697
2905,2909.0,2.344249,3929.0,1020.0,1017.1739066398654,0.6144578313253012,0.6220561599411892
2906,2921.0,2.353919,3929.0,1008.0,1016.865872034406,0.6072289156626506,0.6218677803312226
2907,2909.0,2.344249,3929.0,1020.0,1016.552917820319,0.6144578313253012,0.6216763921178781
2908,2909.0,2.344249,3929.0,1020.0,1016.2688346061632,0.6144578313253012,0.6215026600626731
2909,2905.0,2.341026,3929.0,1024.0,1015.9159404906075,0.6168674698795181,0.6212868464668312
2910,2909.0,2.344249,3929.0,1020.0,1015.5541867220303,0.6144578313253012,0.6210656147200705
2911,2921.0,2.353919,3929.0,1008.0,1015.2345646734689,0.6072289156626506,0.6208701487698896
2912,2909.0,2.344249,3929.0,1020.0,1014.8779178856811,0.6144578313253012,0.620652040214589
2913,2909.0,2.344249,3929.0,1020.0,1014.5666970819678,0.6144578313253012,0.6204617120742505
2914,2929.0,2.360366,3929.0,1000.0,1014.2628142950206,0.6024096385542169,0.6202758715230068
2915,2921.0,2.353919,3929.0,1008.0,1013.9255496322772,0.6072289156626506,0.6200696161721563
2916,2909.0,2.344249,3929.0,1020.0,1013.5628520309023,0.6144578313253012,0.61984780722124
2917,2921.0,2.353919,3929.0,1008.0,1013.1935693874033,0.6072289156626506,0.6196219711654305
2918,2928.0,2.35956,3929.0,1001.0,1012.837856845931,0.6030120481927711,0.6194044339516397
2919,2917.0,2.350696,3929.0,1012.0,1012.4761257363133,0.6096385542168675,0.6191832160620426
2920,2928.0,2.35956,3929.0,1001.0,1012.1182640797168,0.6030120481927711,0.6189643645495928
2921,2929.0,2.360366,3929.0,1000.0,1011.8516910119811,0.6024096385542169,0.6188013408839472
2922,2921.0,2.353919,3929.0,1008.0,1011.5747505989431,0.6072289156626506,0.6186319770330438
2923,2909.0,2.344249,3929.0,1020.0,1011.2974005816437,0.6144578313253012,0.6184623626872623
2924,2921.0,2.353919,3929.0,1008.0,1011.0199895594548,0.6072289156626506,0.6182927110337331
2925,2909.0,2.344249,3929.0,1020.0,1010.7428661317468,0.6144578313253012,0.6181232352595862
2926,2909.0,2.344249,3929.0,1020.0,1010.4663788978916,0.6144578313253012,0.6179541485519524
2927,2928.0,2.35956,3929.0,1001.0,1010.1908764572603,0.6030120481927711,0.617785664097962
2928,2921.0,2.353919,3929.0,1008.0,1009.9167074092242,0.6072289156626506,0.6176179950847452
2929,2921.0,2.353919,3929.0,1008.0,1009.6442203531548,0.6072289156626506,0.6174513546994329
2930,2929.0,2.360366,3929.0,1000.0,1009.373763888423,0.6024096385542169,0.6172859561291548
2931,2905.0,2.341026,3929.0,1024.0,1009.1056866144003,0.6168674698795181,0.6171220125610418
2932,2905.0,2.341026,3929.0,1024.0,1008.8403371304581,0.6168674698795181,0.6169597371822241
2933,2929.0,2.360366,3929.0,1000.0,1008.5780640359675,0.6024096385542169,0.6167993431798321
2934,2929.0,2.360366,3929.0,1000.0,1008.3192159303002,0.6024096385542169,0.6166410437409963
2935,2913.0,2.347473,3929.0,1016.0,1008.0257048461475,0.6120481927710844,0.6164615460398497
2936,2909.0,2.344249,3929.0,1020.0,1007.7773495815562,0.6144578313253012,0.6163096635336387
2937,2913.0,2.347473,3929.0,1016.0,1007.5334302439647,0.6120481927710844,0.6161604938336621
2938,2921.0,2.353919,3929.0,1008.0,1007.2121584488781,0.6072289156626506,0.6159640189753862
2939,2929.0,2.360366,3929.0,1000.0,1006.8906862091534,0.6024096385542169,0.6157674215345106
2940,2921.0,2.353919,3929.0,1008.0,1006.5692924042872,0.6072289156626506,0.6155708720607393
2941,2928.0,2.35956,3929.0,1001.0,1006.2482559137765,0.6030120481927711,0.6153745411037765
2942,2929.0,2.360366,3929.0,1000.0,1005.9278556171183,0.6024096385542169,0.6151785992133268
2943,2929.0,2.360366,3929.0,1000.0,1005.5314972604508,0.6024096385542169,0.6149362049130997
2944,2921.0,2.353919,3929.0,1008.0,1005.2184001206213,0.6072289156626506,0.6147447292930317
2945,2921.0,2.353919,3929.0,1008.0,1004.9067060932614,0.6072289156626506,0.6145541117511636
2946,2917.0,2.350696,3929.0,1012.0,1004.6377625498011,0.6096385542168675,0.6143896384130315
2947,2929.0,2.360366,3929.0,1000.0,1004.373446662995,0.6024096385542169,0.6142279951340556
2948,2921.0,2.353919,3929.0,1008.0,1004.1140721722767,0.6072289156626506,0.6140693737826527
2949,2929.0,2.360366,3929.0,1000.0,1003.8599528170813,0.6024096385542169,0.6139139662272409
2950,2921.0,2.353919,3929.0,1008.0,1003.6114023368417,0.6072289156626506,0.6137619643362366
2951,2929.0,2.360366,3929.0,1000.0,1003.3687344709932,0.6024096385542169,0.6136135599780581
2952,2937.0,2.366813,3929.0,992.0,1003.1322629589698,0.5975903614457831,0.6134689450211225
2953,2921.0,2.353919,3929.0,1008.0,1002.9023015402053,0.6072289156626506,0.6133283113338469
2954,2929.0,2.360366,3929.0,1000.0,1002.6380954622008,0.6024096385542169,0.6131667352088168
2955,2921.0,2.353919,3929.0,1008.0,1002.3783601711335,0.6072289156626506,0.6130078932087343
2956,2921.0,2.353919,3929.0,1008.0,1002.1233745465,0.6072289156626506,0.6128519558833031
2957,2928.0,2.35956,3929.0,1001.0,1001.8734174677974,0.6030120481927711,0.6126990937822279
2958,2929.0,2.360366,3929.0,1000.0,1001.6287678145233,0.6024096385542169,0.6125494774552132
2959,2921.0,2.353919,3929.0,1008.0,1001.3486359742409,0.6072289156626506,0.612378161876131
2960,2929.0,2.360366,3929.0,1000.0,1001.0717025331907,0.6024096385542169,0.6122088022889705
2961,2929.0,2.360366,3929.0,1000.0,1000.7982115109315,0.6024096385542169,0.6120415479247223
2962,2937.0,2.366813,3929.0,992.0,1000.5284069270241,0.5975903614457831,0.6118765480143781
2963,2929.0,2.360366,3929.0,1000.0,1000.2214643090953,0.6024096385542169,0.6116888362130974
2964,2929.0,2.360366,3929.0,1000.0,999.9160293834469,0.6024096385542169,0.6115020464461555
2965,2921.0,2.353919,3929.0,1008.0,999.6533798016357,0.6072289156626506,0.6113414222016628
2966,2929.0,2.360366,3929.0,1000.0,999.4337595832208,0.6024096385542169,0.6112071127106103
2967,2933.0,2.36359,3929.0,996.0,999.2574476076992,0.6,0.6110992885227023
2968,2921.0,2.353919,3929.0,1008.0,999.0478844811462,0.6072289156626506,0.6109711294803618
2969,2921.0,2.353919,3929.0,1008.0,998.846417574992,0.6072289156626506,0.6108479217091247
2970,2929.0,2.360366,3929.0,1000.0,998.6122572767998,0.6024096385542169,0.6107047201828634
2971,2937.0,2.366813,3929.0,992.0,998.4251526647428,0.5975903614457831,0.6105902957213984
2972,2929.0,2.360366,3929.0,1000.0,998.2469460516387,0.6024096385542169,0.610481312861437
2973,2933.0,2.36359,3929.0,996.0,998.0752843917305,0.6,0.6103763325898487
2974,2937.0,2.366813,3929.0,992.0,997.9078146392625,0.5975903614457831,0.6102739158935035
2975,2929.0,2.360366,3929.0,1000.0,997.7448156737311,0.6024096385542169,0.6101742333221055
2976,2933.0,2.36359,3929.0,996.0,997.5865663746337,0.6,0.6100774554253592
2977,2937.0,2.366813,3929.0,992.0,997.4333456214673,0.5975903614457831,0.6099837527529687
2978,2941.0,2.370037,3929.0,988.0,997.2854322937288,0.5951807228915663,0.6098932958546385
2979,2941.0,2.370037,3929.0,988.0,997.1431052709155,0.5951807228915663,0.6098062552800728
2980,2937.0,2.366813,3929.0,992.0,997.0066434325244,0.5975903614457831,0.6097228015789761
2981,2929.0,2.360366,3929.0,1000.0,996.8763256580525,0.6024096385542169,0.6096431053010526
2982,2937.0,2.366813,3929.0,992.0,996.7524308269968,0.5975903614457831,0.6095673369960067
2983,2921.0,2.353919,3929.0,1008.0,996.6352378188543,0.6072289156626506,0.6094956672135425
2984,2933.0,2.36359,3929.0,996.0,996.5250255131224,0.6,0.6094282665033647
2985,2929.0,2.360366,3929.0,1000.0,996.4220727892974,0.6024096385542169,0.6093653054151772
2986,2941.0,2.370037,3929.0,988.0,996.3266585268772,0.5951807228915663,0.6093069544986845
2987,2933.0,2.36359,3929.0,996.0,996.2390616053582,0.6,0.609253384303591
2988,2929.0,2.360366,3929.0,1000.0,996.1595609042375,0.6024096385542169,0.6092047653796009
2989,2929.0,2.360366,3929.0,1000.0,996.0884353030127,0.6024096385542169,0.6091612682764186
2990,2937.0,2.366813,3929.0,992.0,995.9027582053812,0.5975903614457831,0.6090477168162526
2991,2929.0,2.360366,3929.0,1000.0,995.7180136110684,0.6024096385542169,0.6089347356316607
2992,2929.0,2.360366,3929.0,1000.0,995.534375819759,0.6024096385542169,0.6088224313162076
2993,2929.0,2.360366,3929.0,1000.0,995.3520191311392,0.6024096385542169,0.6087109104634586
2994,2941.0,2.370037,3929.0,988.0,995.1711178448949,0.5951807228915663,0.6086002796669793
2995,2945.0,2.37326,3929.0,984.0,994.9918462607112,0.5927710843373494,0.6084906455203345
2996,2937.0,2.366813,3929.0,992.0,994.8143786782738,0.5975903614457831,0.6083821146170892
2997,2929.0,2.360366,3929.0,1000.0,994.6388893972686,0.6024096385542169,0.6082747935508092
2998,2921.0,2.353919,3929.0,1008.0,994.4655527173815,0.6072289156626506,0.6081687889150593
2999,2937.0,2.366813,3929.0,992.0,994.2945429382977,0.5975903614457831,0.6080642073034049
3000,2941.0,2.370037,3929.0,988.0,994.1260343597029,0.5951807228915663,0.607961155309411
3001,2929.0,2.360366,3929.0,1000.0,993.9602012812826,0.6024096385542169,0.6078597395266427
3002,2941.0,2.370037,3929.0,988.0,993.7972180027231,0.5951807228915663,0.6077600665486657
3003,2937.0,2.366813,3929.0,992.0,993.6372588237094,0.5975903614457831,0.6076622429690447
3004,2937.0,2.366813,3929.0,992.0,993.4804980439275,0.5975903614457831,0.6075663753813451
3005,2937.0,2.366813,3929.0,992.0,993.327109963063,0.5975903614457831,0.607472570379132
3006,2929.0,2.360366,3929.0,1000.0,993.1772688808013,0.6024096385542169,0.6073809345559708
3007,2941.0,2.370037,3929.0,988.0,993.0311490968285,0.5951807228915663,0.6072915745054266
3008,2937.0,2.366813,3929.0,992.0,992.8889249108298,0.5975903614457831,0.6072045968210645
3009,2929.0,2.360366,3929.0,1000.0,992.832907606357,0.6024096385542169,0.6071703392481135
3010,2933.0,2.36359,3929.0,996.0,992.7864680696108,0.6,0.6071419389915701
3011,2929.0,2.360366,3929.0,1000.0,992.7498503201506,0.6024096385542169,0.6071195452824254
3012,2937.0,2.366813,3929.0,992.0,992.6411613936713,0.5975903614457831,0.6070530762000074
3013,2937.0,2.366813,3929.0,992.0,992.5374487232172,0.5975903614457831,0.6069896503638758
3014,2929.0,2.360366,3929.0,1000.0,992.4388866084738,0.6024096385542169,0.6069293743675955
3015,2937.0,2.366813,3929.0,992.0,992.3456493491273,0.5975903614457831,0.6068723548047322
3016,2937.0,2.366813,3929.0,992.0,992.2579112448628,0.5975903614457831,0.6068186982688508
3017,2941.0,2.370037,3929.0,988.0,992.1758465953664,0.5951807228915663,0.6067685113535166
3018,2929.0,2.360366,3929.0,1000.0,992.0996297003236,0.6024096385542169,0.6067219006522949
3019,2928.0,2.35956,3929.0,1001.0,991.9575649985374,0.6030120481927711,0.606635020501045
3020,2941.0,2.370037,3929.0,988.0,991.8888996373754,0.5951807228915663,0.6065930279660354
3021,2929.0,2.360366,3929.0,1000.0,991.7931106306306,0.6024096385542169,0.6065344478733774
3022,2921.0,2.353919,3929.0,1008.0,991.7684114936754,0.6072289156626506,0.6065193430322211
3023,2937.0,2.366813,3929.0,992.0,991.7861839611231,0.5975903614457831,0.6065302118450967
3024,2953.0,2.379707,3929.0,976.0,991.8056035605998,0.5879518072289157,0.6065420879671631
3025,2937.0,2.366813,3929.0,992.0,991.8269143116659,0.5975903614457831,0.606555120629412
3026,2945.0,2.37326,3929.0,984.0,991.7297866833358,0.5927710843373494,0.6064957218981736
3027,2937.0,2.366813,3929.0,992.0,991.6323017406495,0.5975903614457831,0.6064361046501262
3028,2937.0,2.366813,3929.0,992.0,991.5782993405429,0.5975903614457831,0.6064030792987889
3029,2941.0,2.370037,3929.0,988.0,991.4602792803921,0.5951807228915663,0.606330903729858
3030,2941.0,2.370037,3929.0,988.0,991.3456188466824,0.5951807228915663,0.6062607827518963
3031,2937.0,2.366813,3929.0,992.0,991.1959947675293,0.5975903614457831,0.6061692796377236
3032,2929.0,2.360366,3929.0,1000.0,991.0525539697247,0.6024096385542169,0.6060815579302764
3033,2933.0,2.36359,3929.0,996.0,990.9153748881271,0.6,0.6059976655966589
3034,2945.0,2.37326,3929.0,984.0,990.7742688346119,0.5927710843373494,0.6059113717100175
3035,2929.0,2.360366,3929.0,1000.0,990.6389146707232,0.6024096385542169,0.6058285954110277
3036,2937.0,2.366813,3929.0,992.0,990.5478186830148,0.5975903614457831,0.6057728853501129
3037,2937.0,2.366813,3929.0,992.0,990.4600169593654,0.5975903614457831,0.6057191899075803
3038,2941.0,2.370037,3929.0,988.0,990.375614079586,0.5951807228915663,0.605667573039569
3039,2941.0,2.370037,3929.0,988.0,990.294714623488,0.5951807228915663,0.605618098702218
3040,2929.0,2.360366,3929.0,1000.0,990.2174231708831,0.6024096385542169,0.6055708308516669
3041,2941.0,2.370037,3929.0,988.0,990.1438443015826,0.5951807228915663,0.6055258334440543
3042,2937.0,2.366813,3929.0,992.0,990.0740825953977,0.5975903614457831,0.6054831704355196
3043,2937.0,2.366813,3929.0,992.0,990.0082426321402,0.5975903614457831,0.605442905782202
3044,2949.0,2.376484,3929.0,980.0,989.946428991621,0.5903614457831325,0.6054051034402402
3045,2941.0,2.370037,3929.0,988.0,989.8887462536519,0.5951807228915663,0.6053698273657737
3046,2937.0,2.366813,3929.0,992.0,989.8737355647237,0.5975903614457831,0.6053606475279389
3047,2929.0,2.360366,3929.0,1000.0,989.8604678726518,0.6024096385542169,0.605352533625756
3048,2941.0,2.370037,3929.0,988.0,989.8490826171853,0.5951807228915663,0.6053455709340774
3049,2937.0,2.366813,3929.0,992.0,989.7986507461392,0.5975903614457831,0.6053147291519231
3050,2945.0,2.37326,3929.0,984.0,989.7477134060046,0.5927710843373494,0.6052835782484297
3051,2929.0,2.360366,3929.0,1000.0,989.65530668466,0.6024096385542169,0.6052270666039045
3052,2941.0,2.370037,3929.0,988.0,989.5599368686596,0.5951807228915663,0.6051687428687711
3053,2941.0,2.370037,3929.0,988.0,989.4616736778771,0.5951807228915663,0.6051086496804552
3054,2941.0,2.370037,3929.0,988.0,989.3605868321874,0.5951807228915663,0.6050468296763832
3055,2937.0,2.366813,3929.0,992.0,989.2567460514642,0.5975903614457831,0.6049833254939811
3056,2941.0,2.370037,3929.0,988.0,989.1502210555823,0.5951807228915663,0.6049181797706751
3057,2937.0,2.366813,3929.0,992.0,989.0795181310949,0.5975903614457831,0.6048749411568882
3058,2933.0,2.36359,3929.0,996.0,989.003673365881,0.6,0.6048285580329282
3059,2943.0,2.371648,3929.0,986.0,988.925423265005,0.5939759036144578,0.6047807039177683
3060,2937.0,2.366813,3929.0,992.0,988.8859409002115,0.5975903614457831,0.6047565583433798
3061,2949.0,2.376484,3929.0,980.0,988.8469291445692,0.5903614457831325,0.6047327005716173
3062,2945.0,2.37326,3929.0,984.0,988.770090871147,0.5927710843373494,0.6046857098643356
3063,2941.0,2.370037,3929.0,988.0,988.7350357183686,0.5951807228915663,0.6046642717665028
3064,2945.0,2.37326,3929.0,984.0,988.7034665593039,0.5927710843373494,0.6046449655399745
3065,2941.0,2.370037,3929.0,988.0,988.6755228337001,0.5951807228915663,0.6046278764596018
3066,2933.0,2.36359,3929.0,996.0,988.6129074146272,0.6,0.6045895837872403
3067,2941.0,2.370037,3929.0,988.0,988.5952299405087,0.5951807228915663,0.604578773067858
3068,2945.0,2.37326,3929.0,984.0,988.5815613591598,0.5927710843373494,0.6045704140004751
3069,2941.0,2.370037,3929.0,988.0,988.5720411103295,0.5951807228915663,0.6045645918599439
3070,2929.0,2.360366,3929.0,1000.0,988.5668086337666,0.6024096385542169,0.604561391921117
3071,2941.0,2.370037,3929.0,988.0,988.5660033692188,0.5951807228915663,0.6045608994588457
3072,2937.0,2.366813,3929.0,992.0,988.4876277725691,0.5975903614457831,0.6045129685963189
3073,2933.0,2.36359,3929.0,996.0,988.408624697051,0.6,0.6044646539969574
3074,2941.0,2.370037,3929.0,988.0,988.329063862539,0.5951807228915663,0.6044159982981873
3075,2941.0,2.370037,3929.0,988.0,988.2874515555869,0.5951807228915663,0.6043905501504321
3076,2953.0,2.379707,3929.0,976.0,988.242823864073,0.5879518072289157,0.6043632579339989
3077,2937.0,2.366813,3929.0,992.0,988.1952853678088,0.5975903614457831,0.6043341856050269
3078,2941.0,2.370037,3929.0,988.0,988.1449406466054,0.5951807228915663,0.6043033971196552
3079,2941.0,2.370037,3929.0,988.0,988.0918942802747,0.5951807228915663,0.6042709564340231
3080,2941.0,2.370037,3929.0,988.0,988.0362508486274,0.5951807228915663,0.6042369275042693
3081,2941.0,2.370037,3929.0,988.0,987.9781149314755,0.5951807228915663,0.6042013742865332
3082,2941.0,2.370037,3929.0,988.0,987.9560276753097,0.5951807228915663,0.6041878667499513
3083,2960.0,2.385348,3929.0,969.0,987.9290600279458,0.5837349397590361,0.6041713745935439
3084,2941.0,2.370037,3929.0,988.0,987.8973514291324,0.5951807228915663,0.6041519830921632
3085,2937.0,2.366813,3929.0,992.0,987.9283053103073,0.5975903614457831,0.6041709130434069
3086,2953.0,2.379707,3929.0,976.0,987.9240567554693,0.5879518072289157,0.604168314825255
3087,2941.0,2.370037,3929.0,988.0,987.877144866575,0.5951807228915663,0.6041396257001499
3088,2945.0,2.37326,3929.0,984.0,987.8261456500521,0.5927710843373494,0.604108436955941
3089,2953.0,2.379707,3929.0,976.0,987.7711985456493,0.5879518072289157,0.6040748338674803
3090,2941.0,2.370037,3929.0,988.0,987.7797069848041,0.5951807228915663,0.6040800372323653
3091,2941.0,2.370037,3929.0,988.0,987.7127375595833,0.5951807228915663,0.6040390818527449
3092,2941.0,2.370037,3929.0,988.0,987.6422995706182,0.5951807228915663,0.6039960052611772
3093,2937.0,2.366813,3929.0,992.0,987.5685324576574,0.5975903614457831,0.6039508927325145
3094,2941.0,2.370037,3929.0,988.0,987.5737126443149,0.5951807228915663,0.6039540606932722
3095,2945.0,2.37326,3929.0,984.0,987.4990391729885,0.5927710843373494,0.6039083938780702
3096,2949.0,2.376484,3929.0,980.0,987.4215246167859,0.5903614457831325,0.6038609895877554
3097,2945.0,2.37326,3929.0,984.0,987.341308415456,0.5927710843373494,0.6038119330971803
3098,2953.0,2.379707,3929.0,976.0,987.2585300087468,0.5879518072289157,0.6037613096811966
3099,2941.0,2.370037,3929.0,988.0,987.173328836407,0.5951807228915663,0.6037092046146567
3100,2953.0,2.379707,3929.0,976.0,987.0858443381854,0.5879518072289157,0.6036557031724128
3101,2953.0,2.379707,3929.0,976.0,986.9962159538301,0.5879518072289157,0.6036008906293168
3102,2953.0,2.379707,3929.0,976.0,986.9045831230898,0.5879518072289157,0.603544852260221
3103,2945.0,2.37326,3929.0,984.0,986.8110852857134,0.5927710843373494,0.6034876733399779
3104,2941.0,2.370037,3929.0,988.0,986.783125873138,0.5951807228915663,0.6034705746661845
3105,2937.0,2.366813,3929.0,992.0,986.74903546912,0.5975903614457831,0.6034497265637352
3106,2937.0,2.366813,3929.0,992.0,986.6417505266085,0.5975903614457831,0.6033841160924849
3107,2937.0,2.366813,3929.0,992.0,986.5332803462345,0.5975903614457831,0.6033177807849911
3108,2929.0,2.360366,3929.0,1000.0,986.4237643677467,0.6024096385542169,0.6032508059161062
3109,2953.0,2.379707,3929.0,976.0,986.3133420308933,0.5879518072289157,0.6031832767606822
3110,2937.0,2.366813,3929.0,992.0,986.2021527754231,0.5975903614457831,0.6031152785935713
3111,2941.0,2.370037,3929.0,988.0,986.0903360410845,0.5951807228915663,0.6030468966896256
3112,2953.0,2.379707,3929.0,976.0,985.9780312676263,0.5879518072289157,0.6029782163236976
3113,2937.0,2.366813,3929.0,992.0,985.826941328117,0.5975903614457831,0.6028858167576417
3114,2941.0,2.370037,3929.0,988.0,985.678239294301,0.5951807228915663,0.602794877523429
3115,2949.0,2.376484,3929.0,980.0,985.53202974599,0.5903614457831325,0.6027054625771987
3116,2941.0,2.370037,3929.0,988.0,985.3884172629951,0.5951807228915663,0.6026176358750898
3117,2941.0,2.370037,3929.0,988.0,985.2064379331947,0.5951807228915663,0.6025063457974095
3118,2949.0,2.376484,3929.0,980.0,985.0245980431431,0.5903614457831325,0.6023951409945816
3119,2941.0,2.370037,3929.0,988.0,984.8840358046472,0.5951807228915663,0.6023091796798636
3120,2937.0,2.366813,3929.0,992.0,984.7464192308386,0.5975903614457831,0.6022250197963974
3121,2937.0,2.366813,3929.0,992.0,984.611852901529,0.5975903614457831,0.6021427253003223
3122,2953.0,2.379707,3929.0,976.0,984.5188779632091,0.5879518072289157,0.6020858661607745
3123,2961.0,2.386154,3929.0,968.0,984.4265653636951,0.5831325301204819,0.6020294120767747
3124,2953.0,2.379707,3929.0,976.0,984.3612500424912,0.5879518072289157,0.6019894682700881
3125,2945.0,2.37326,3929.0,984.0,984.289664290096,0.5927710843373494,0.6019456897598936
3126,2945.0,2.37326,3929.0,984.0,984.2119736912111,0.5927710843373494,0.6018981778100781
3127,2945.0,2.37326,3929.0,984.0,984.1283438305375,0.5927710843373494,0.6018470336845284
3128,2941.0,2.370037,3929.0,988.0,984.0389402927769,0.5951807228915663,0.6017923586471318
3129,2953.0,2.379707,3929.0,976.0,983.9439286626305,0.5879518072289157,0.6017342539617747
3130,2945.0,2.37326,3929.0,984.0,983.8434745247994,0.5927710843373494,0.6016728208923443
3131,2953.0,2.379707,3929.0,976.0,983.6704794722958,0.5879518072289157,0.6015670251799822
3132,2949.0,2.376484,3929.0,980.0,983.4969179458142,0.5903614457831325,0.6014608830385333
3133,2953.0,2.379707,3929.0,976.0,983.3228945251655,0.5879518072289157,0.6013544584241365
3134,2945.0,2.37326,3929.0,984.0,983.148513790161,0.5927710843373494,0.601247815292931
3135,2937.0,2.366813,3929.0,992.0,982.9738803206125,0.5975903614457831,0.6011410176010561
3136,2953.0,2.379707,3929.0,976.0,982.799098696331,0.5879518072289157,0.6010341293046506
3137,2941.0,2.370037,3929.0,988.0,982.6242734971285,0.5951807228915663,0.6009272143598541
3138,2941.0,2.370037,3929.0,988.0,982.4495093028155,0.5951807228915663,0.6008203367228051
3139,2949.0,2.376484,3929.0,980.0,982.2749106932041,0.5903614457831325,0.6007135603496432
3140,2945.0,2.37326,3929.0,984.0,982.1005822481055,0.5927710843373494,0.6006069491965074
3141,2933.0,2.36359,3929.0,996.0,981.926628547331,0.6,0.6005005672195367
3142,2945.0,2.37326,3929.0,984.0,981.753154170692,0.5927710843373494,0.6003944783748703
3143,2945.0,2.37326,3929.0,984.0,981.5802636980001,0.5927710843373494,0.6002887466186474
3144,2937.0,2.366813,3929.0,992.0,981.4080617090664,0.5975903614457831,0.600183435907007
3145,2941.0,2.370037,3929.0,988.0,981.2366527837022,0.5951807228915663,0.600078610196088
3146,2953.0,2.379707,3929.0,976.0,981.0661415017195,0.5879518072289157,0.5999743334420301
3147,2945.0,2.37326,3929.0,984.0,980.896632442929,0.5927710843373494,0.5998706696009719
3148,2965.0,2.389377,3929.0,964.0,980.7282301871425,0.5807228915662651,0.5997676826290528
3149,2941.0,2.370037,3929.0,988.0,980.5610393141711,0.5951807228915663,0.5996654364824117
3150,2949.0,2.376484,3929.0,980.0,980.3951644038267,0.5903614457831325,0.599563995117188
3151,2941.0,2.370037,3929.0,988.0,980.23071003592,0.5951807228915663,0.5994634224895204
3152,2949.0,2.376484,3929.0,980.0,980.0677807902631,0.5903614457831325,0.5993637825555487
3153,2941.0,2.370037,3929.0,988.0,979.9064812466664,0.5951807228915663,0.5992651392714111
3154,2953.0,2.379707,3929.0,976.0,979.7469159849426,0.5879518072289157,0.5991675565932476
3155,2949.0,2.376484,3929.0,980.0,979.5891895849021,0.5903614457831325,0.5990710984771968
3156,2960.0,2.385348,3929.0,969.0,979.4334066263567,0.5837349397590361,0.598975828879398
3157,2961.0,2.386154,3929.0,968.0,979.2796716891177,0.5831325301204819,0.5988818117559902
3158,2941.0,2.370037,3929.0,988.0,979.1280893529964,0.5951807228915663,0.5987891110631126
3159,2941.0,2.370037,3929.0,988.0,978.9787641978043,0.5951807228915663,0.5986977907569043
3160,2953.0,2.379707,3929.0,976.0,978.8318008033526,0.5879518072289157,0.5986079147935044
3161,2961.0,2.386154,3929.0,968.0,978.6873037494532,0.5831325301204819,0.5985195471290523
3162,2960.0,2.385348,3929.0,969.0,978.5453776159169,0.5837349397590361,0.5984327517196866
3163,2953.0,2.379707,3929.0,976.0,978.4061269825557,0.5879518072289157,0.5983475925215469
3164,2960.0,2.385348,3929.0,969.0,978.2696564291801,0.5837349397590361,0.5982641334907718
3165,2953.0,2.379707,3929.0,976.0,978.1360705356022,0.5879518072289157,0.5981824385835008
3166,2953.0,2.379707,3929.0,976.0,978.0054738816335,0.5879518072289157,0.5981025717558732
3167,2953.0,2.379707,3929.0,976.0,977.8779710470848,0.5879518072289157,0.5980245969640277
3168,2960.0,2.385348,3929.0,969.0,977.7536666117677,0.5837349397590361,0.5979485781641034
3169,2961.0,2.386154,3929.0,968.0,977.632665155494,0.5831325301204819,0.5978745793122399
3170,2953.0,2.379707,3929.0,976.0,977.5150712580745,0.5879518072289157,0.5978026643645757
3171,2953.0,2.379707,3929.0,976.0,977.4009894993209,0.5879518072289157,0.5977328972772504
3172,2949.0,2.376484,3929.0,980.0,977.2494559671119,0.5903614457831325,0.5976402264305712
3173,2941.0,2.370037,3929.0,988.0,977.0989769480008,0.5951807228915663,0.5975482004749614
3174,2945.0,2.37326,3929.0,984.0,976.9085536699292,0.5927710843373494,0.5974317464720152
3175,2953.0,2.379707,3929.0,976.0,976.7166575595138,0.5879518072289157,0.597314391753443
3176,2961.0,2.386154,3929.0,968.0,976.5233234766918,0.5831325301204819,0.597196157637958
3177,2949.0,2.376484,3929.0,980.0,976.3696547733334,0.5903614457831325,0.5971021810201051
3178,2961.0,2.386154,3929.0,968.0,976.2172846026328,0.5831325301204819,0.5970089985243128
3179,2960.0,2.385348,3929.0,969.0,976.1073511763977,0.5837349397590361,0.596941768363839
3180,2960.0,2.385348,3929.0,969.0,976.0015225077598,0.5837349397590361,0.5968770484818259
3181,2941.0,2.370037,3929.0,988.0,975.8999031765304,0.5951807228915663,0.5968149028344123
3182,2953.0,2.379707,3929.0,976.0,975.8436662544536,0.5879518072289157,0.5967805109535691
3183,2961.0,2.386154,3929.0,968.0,975.7945146145987,0.5831325301204819,0.5967504521011513
3184,2937.0,2.366813,3929.0,992.0,975.7525876967136,0.5975903614457831,0.5967248115520106
3185,2945.0,2.37326,3929.0,984.0,975.7180249405476,0.5927710843373494,0.5967036745809998
3186,2953.0,2.379707,3929.0,976.0,975.6909657858489,0.5879518072289157,0.5966871264629708
3187,2953.0,2.379707,3929.0,976.0,975.6304811804328,0.5879518072289157,0.5966501368969437
3188,2961.0,2.386154,3929.0,968.0,975.5751122707907,0.5831325301204819,0.5966162758520552
3189,2953.0,2.379707,3929.0,976.0,975.5922276284231,0.5879518072289157,0.5966267428071897
3190,2941.0,2.370037,3929.0,988.0,975.6197321188188,0.5951807228915663,0.5966435632717779
3191,2949.0,2.376484,3929.0,980.0,975.6379237770101,0.5903614457831325,0.5966546884421776
3192,2949.0,2.376484,3929.0,980.0,975.6668444523517,0.5903614457831325,0.5966723749794831
3193,2937.0,2.366813,3929.0,992.0,975.696401321546,0.5975903614457831,0.5966904505833015
3194,2945.0,2.37326,3929.0,984.0,975.7267686842782,0.5927710843373494,0.596709021847198
3195,2949.0,2.376484,3929.0,980.0,975.7581208402349,0.5903614457831325,0.5967281953647381
3196,2960.0,2.385348,3929.0,969.0,975.7906320891007,0.5837349397590361,0.5967480777294863
3197,2949.0,2.376484,3929.0,980.0,975.783408238629,0.5903614457831325,0.5967436599591769
3198,2953.0,2.379707,3929.0,976.0,975.7750252952474,0.5879518072289157,0.5967385333416585
3199,2960.0,2.385348,3929.0,969.0,975.7656226987051,0.5837349397590361,0.596732783151784
3200,2969.0,2.392601,3929.0,960.0,975.7553398887503,0.5783132530120482,0.5967264946644053
3201,2965.0,2.389377,3929.0,964.0,975.7443163051312,0.5807228915662651,0.5967197531543743
3202,2937.0,2.366813,3929.0,992.0,975.7230822459269,0.5975903614457831,0.5967067673932941
3203,2960.0,2.385348,3929.0,969.0,975.7020355588845,0.5837349397590361,0.5966938962202964
3204,2961.0,2.386154,3929.0,968.0,975.6813069687685,0.5831325301204819,0.5966812195805553
3205,2960.0,2.385348,3929.0,969.0,975.5937632086537,0.5837349397590361,0.5966276818964992
3206,2941.0,2.370037,3929.0,988.0,975.5113438592971,0.5951807228915663,0.5965772780632599
3207,2945.0,2.37326,3929.0,984.0,975.4341186405726,0.5927710843373494,0.5965300507182634
3208,2961.0,2.386154,3929.0,968.0,975.3210887804223,0.5831325301204819,0.5964609269231043
3209,2953.0,2.379707,3929.0,976.0,975.210725705462,0.5879518072289157,0.5963934340094923
3210,2949.0,2.376484,3929.0,980.0,975.1441327675623,0.5903614457831325,0.5963527088719729
3211,2953.0,2.379707,3929.0,976.0,975.0418746279847,0.5879518072289157,0.5962901725591427
3212,2961.0,2.386154,3929.0,968.0,974.9834912052795,0.5831325301204819,0.5962544679785443
3213,2961.0,2.386154,3929.0,968.0,974.9306156526402,0.5831325301204819,0.5962221317546057
3214,2960.0,2.385348,3929.0,969.0,974.8833176899423,0.5837349397590361,0.5961932065247538
3215,2953.0,2.379707,3929.0,976.0,974.9185401704184,0.5879518072289157,0.5962147469524088
3216,2953.0,2.379707,3929.0,976.0,974.9542855499517,0.5879518072289157,0.5962366071607597
3217,2953.0,2.379707,3929.0,976.0,975.0317617602233,0.5879518072289157,0.5962839880004899
3218,2953.0,2.379707,3929.0,976.0,975.0716380423065,0.5879518072289157,0.5963083744763359
3219,2953.0,2.379707,3929.0,976.0,975.1124904026295,0.5879518072289157,0.596333357876147
3220,2953.0,2.379707,3929.0,976.0,975.15445828094,0.5879518072289157,0.5963590234747751
3221,2969.0,2.392601,3929.0,960.0,975.1976811169877,0.5783132530120482,0.5963854565470729
3222,2953.0,2.379707,3929.0,976.0,975.2422983505207,0.5879518072289157,0.5964127423678922
3223,2949.0,2.376484,3929.0,980.0,975.2884494212872,0.5903614457831325,0.5964409662120852
3224,2960.0,2.385348,3929.0,969.0,975.3362737690359,0.5837349397590361,0.596470213354504
3225,2949.0,2.376484,3929.0,980.0,975.3859108335155,0.5903614457831325,0.596500569070001
3226,2953.0,2.379707,3929.0,976.0,975.3964315625412,0.5879518072289157,0.5965070030575963
3227,2960.0,2.385348,3929.0,969.0,975.4063771026044,0.5837349397590361,0.5965130852864264
3228,2953.0,2.379707,3929.0,976.0,975.4158520335166,0.5879518072289157,0.5965188797126307
3229,2961.0,2.386154,3929.0,968.0,975.4249609350886,0.5831325301204819,0.5965244502923479
3230,2961.0,2.386154,3929.0,968.0,975.4338083871321,0.5831325301204819,0.5965298609817172
3231,2953.0,2.379707,3929.0,976.0,975.4424989694589,0.5879518072289157,0.5965351757368782
3232,2953.0,2.379707,3929.0,976.0,975.4511372618797,0.5879518072289157,0.5965404585139693
3233,2961.0,2.386154,3929.0,968.0,975.4187593522729,0.5831325301204819,0.596520657693298
3234,2945.0,2.37326,3929.0,984.0,975.3838715271932,0.5927710843373494,0.5964993219252881
3235,2953.0,2.379707,3929.0,976.0,975.3465435065145,0.5879518072289157,0.5964764938473656
3236,2961.0,2.386154,3929.0,968.0,975.2349751492279,0.5831325301204819,0.5964082638392503
3237,2941.0,2.370037,3929.0,988.0,975.1883090228903,0.5951807228915663,0.5963797250110722
3238,2949.0,2.376484,3929.0,980.0,975.1393508556864,0.5903614457831325,0.5963497844775116
3239,2953.0,2.379707,3929.0,976.0,975.0881703674904,0.5879518072289157,0.5963184848759948
3240,2941.0,2.370037,3929.0,988.0,975.0348372781764,0.5951807228915663,0.5962858688439477
3241,2961.0,2.386154,3929.0,968.0,974.8979423050669,0.5831325301204819,0.5962021502578417
3242,2953.0,2.379707,3929.0,976.0,974.8268864237159,0.5879518072289157,0.5961586957920854
3243,2961.0,2.386154,3929.0,968.0,974.7640757889949,0.5831325301204819,0.5961202837349308
3244,2953.0,2.379707,3929.0,976.0,974.6993129977946,0.5879518072289157,0.5960806778298459
3245,2953.0,2.379707,3929.0,976.0,974.6326677699894,0.5879518072289157,0.596039920714257
3246,2953.0,2.379707,3929.0,976.0,974.5642098254534,0.5879518072289157,0.5959980550255901
3247,2953.0,2.379707,3929.0,976.0,974.4940088840609,0.5879518072289157,0.5959551234012712
3248,2953.0,2.379707,3929.0,976.0,974.422134665686,0.5879518072289157,0.5959111684787263
3249,2961.0,2.386154,3929.0,968.0,974.3486568902028,0.5831325301204819,0.5958662328953813
3250,2949.0,2.376484,3929.0,980.0,974.2736452774864,0.5903614457831325,0.595820359288663
3251,2953.0,2.379707,3929.0,976.0,974.1971695474103,0.5879518072289157,0.5957735902959969
3252,2949.0,2.376484,3929.0,980.0,974.1192994198491,0.5903614457831325,0.5957259685548092
3253,2961.0,2.386154,3929.0,968.0,974.0401046146771,0.5831325301204819,0.5956775367025261
3254,2953.0,2.379707,3929.0,976.0,973.9596548517682,0.5879518072289157,0.5956283373765734
3255,2953.0,2.379707,3929.0,976.0,973.8061499901141,0.5879518072289157,0.5955344609566717
3256,2953.0,2.379707,3929.0,976.0,973.6468627363888,0.5879518072289157,0.5954370482952446
3257,2953.0,2.379707,3929.0,976.0,973.630544799818,0.5879518072289157,0.5954270690056708
3258,2953.0,2.379707,3929.0,976.0,973.5310615112361,0.5879518072289157,0.5953662296623985
3259,2953.0,2.379707,3929.0,976.0,973.4306195743832,0.5879518072289157,0.5953048040545178
3260,2945.0,2.37326,3929.0,984.0,973.3292887091333,0.5927710843373494,0.5952428348194544
3261,2961.0,2.386154,3929.0,968.0,973.2271386353613,0.5831325301204819,0.5951803645946349
3262,2960.0,2.385348,3929.0,969.0,973.2011122062996,0.5837349397590361,0.5951644480434795
3263,2961.0,2.386154,3929.0,968.0,973.1307753111523,0.5831325301204819,0.5951214332761796
3264,2953.0,2.379707,3929.0,976.0,973.0599329469164,0.5879518072289157,0.5950781093875407
3265,2949.0,2.376484,3929.0,980.0,973.0297581853367,0.5903614457831325,0.5950596559095337
3266,2961.0,2.386154,3929.0,968.0,972.960885407549,0.5831325301204819,0.5950175365281817
3267,2953.0,2.379707,3929.0,976.0,972.8944876852972,0.5879518072289157,0.5949769307754553
3268,2965.0,2.389377,3929.0,964.0,972.8691061650728,0.5807228915662651,0.5949614086204912
3269,2961.0,2.386154,3929.0,968.0,972.8438117946912,0.5831325301204819,0.5949459397623097
3270,2937.0,2.366813,3929.0,992.0,972.8187440139008,0.5975903614457831,0.5949306094757629
3271,2961.0,2.386154,3929.0,968.0,972.7940422624504,0.5831325301204819,0.5949155030357031
3272,2965.0,2.389377,3929.0,964.0,972.7314094134088,0.5807228915662651,0.594877199703985
3273,2953.0,2.379707,3929.0,976.0,972.6309500465875,0.5879518072289157,0.5948157634367479
3274,2961.0,2.386154,3929.0,968.0,972.5311704485399,0.5831325301204819,0.5947547428844148
3275,2969.0,2.392601,3929.0,960.0,972.3602704782578,0.5783132530120482,0.5946502284267062
3276,2953.0,2.379707,3929.0,976.0,972.1855228424153,0.5879518072289157,0.5945433609160462
3277,2969.0,2.392601,3929.0,960.0,972.0069362559963,0.5783132530120482,0.5944341456821126
3278,2960.0,2.385348,3929.0,969.0,971.8245194339847,0.5837349397590361,0.5943225880545836
3279,2953.0,2.379707,3929.0,976.0,971.6382810913657,0.5879518072289157,0.5942086933631378
3280,2969.0,2.392601,3929.0,960.0,971.4482299431229,0.5783132530120482,0.5940924669374533
3281,2953.0,2.379707,3929.0,976.0,971.254374704241,0.5879518072289157,0.5939739141072085
3282,2949.0,2.376484,3929.0,980.0,971.1285939505865,0.5903614457831325,0.593896992459787
3283,2961.0,2.386154,3929.0,968.0,971.0036934103446,0.5831325301204819,0.5938206091098699
3284,2949.0,2.376484,3929.0,980.0,970.8797428033896,0.5903614457831325,0.5937448066948832
3285,2953.0,2.379707,3929.0,976.0,970.7568118495955,0.5879518072289157,0.5936696278522526
3286,2953.0,2.379707,3929.0,976.0,970.6349702688367,0.5879518072289157,0.5935951152194047
3287,2961.0,2.386154,3929.0,968.0,970.5142877809876,0.5831325301204819,0.5935213114337654
3288,2961.0,2.386154,3929.0,968.0,970.3948341059223,0.5831325301204819,0.5934482591327607
3289,2949.0,2.376484,3929.0,980.0,970.276678963515,0.5903614457831325,0.5933760009538167
3290,2961.0,2.386154,3929.0,968.0,970.1598920736403,0.5831325301204819,0.5933045795343596
3291,2949.0,2.376484,3929.0,980.0,970.0445431561722,0.5903614457831325,0.5932340375118154
3292,2965.0,2.389377,3929.0,964.0,969.9307019309847,0.5807228915662651,0.5931644175236099
3293,2941.0,2.370037,3929.0,988.0,969.8184381179525,0.5951807228915663,0.5930957622071696
3294,2969.0,2.392601,3929.0,960.0,969.7078214369496,0.5783132530120482,0.5930281141999204
3295,2961.0,2.386154,3929.0,968.0,969.5989216078505,0.5831325301204819,0.5929615161392884
3296,2961.0,2.386154,3929.0,968.0,969.4918083505293,0.5831325301204819,0.5928960106626997
3297,2961.0,2.386154,3929.0,968.0,969.3865513848602,0.5831325301204819,0.5928316404075804
3298,2953.0,2.379707,3929.0,976.0,969.3216569973973,0.5879518072289157,0.5927919540243539
3299,2961.0,2.386154,3929.0,968.0,969.2561612760188,0.5831325301204819,0.5927518998933274
3300,2960.0,2.385348,3929.0,969.0,969.1901688005362,0.5837349397590361,0.5927115419706401
3301,2965.0,2.389377,3929.0,964.0,969.0853475840811,0.5807228915662651,0.5926474381994337
3302,2961.0,2.386154,3929.0,968.0,968.9828358384613,0.5831325301204819,0.5925847467929662
3303,2961.0,2.386154,3929.0,968.0,968.8827032835503,0.5831325301204819,0.5925235103886637
3304,2961.0,2.386154,3929.0,968.0,968.7850196392228,0.5831325301204819,0.5924637716239523
3305,2949.0,2.376484,3929.0,980.0,968.6898546253528,0.5903614457831325,0.5924055731362577
3306,2961.0,2.386154,3929.0,968.0,968.5972779618149,0.5831325301204819,0.5923489575630067
3307,2961.0,2.386154,3929.0,968.0,968.507359368483,0.5831325301204819,0.5922939675416246
3308,2961.0,2.386154,3929.0,968.0,968.4201685652315,0.5831325301204819,0.5922406457095378
3309,2953.0,2.379707,3929.0,976.0,968.335775271935,0.5879518072289157,0.5921890347041727
3310,2969.0,2.392601,3929.0,960.0,968.2542492084672,0.5783132530120482,0.592139177162955
3311,2961.0,2.386154,3929.0,968.0,968.1756600947026,0.5831325301204819,0.5920911157233109
3312,2969.0,2.392601,3929.0,960.0,968.1000776505155,0.5783132530120482,0.5920448930226664
3313,2953.0,2.379707,3929.0,976.0,968.0275715957803,0.5879518072289157,0.5920005516984478
3314,2961.0,2.386154,3929.0,968.0,967.9582116503709,0.5831325301204819,0.5919581343880809
3315,2961.0,2.386154,3929.0,968.0,967.8920675341619,0.5831325301204819,0.5919176837289919
3316,2969.0,2.392601,3929.0,960.0,967.8292089670272,0.5783132530120482,0.5918792423586067
3317,2960.0,2.385348,3929.0,969.0,967.7697056688414,0.5837349397590361,0.5918428529143518
3318,2960.0,2.385348,3929.0,969.0,967.7136273594788,0.5837349397590361,0.591808558033653
3319,2953.0,2.379707,3929.0,976.0,967.6610437588132,0.5879518072289157,0.5917764003539363
3320,2953.0,2.379707,3929.0,976.0,967.6120245867193,0.5879518072289157,0.591746422512628
3321,2961.0,2.386154,3929.0,968.0,967.5666395630712,0.5831325301204819,0.591718667147154
3322,2961.0,2.386154,3929.0,968.0,967.524958407743,0.5831325301204819,0.5916931768949404
3323,2961.0,2.386154,3929.0,968.0,967.4870508406093,0.5831325301204819,0.5916699943934134
3324,2961.0,2.386154,3929.0,968.0,967.4529865815443,0.5831325301204819,0.5916491622799991
3325,2961.0,2.386154,3929.0,968.0,967.422835350422,0.5831325301204819,0.5916307231921233
3326,2960.0,2.385348,3929.0,969.0,967.3966668671169,0.5837349397590361,0.5916147197672124
3327,2961.0,2.386154,3929.0,968.0,967.3745508515032,0.5831325301204819,0.5916011946426923
3328,2969.0,2.392601,3929.0,960.0,967.356557023455,0.5783132530120482,0.5915901904559892
3329,2961.0,2.386154,3929.0,968.0,967.3427551028468,0.5831325301204819,0.5915817498445289
3330,2969.0,2.392601,3929.0,960.0,967.3332148095527,0.5783132530120482,0.5915759154457378
3331,2953.0,2.379707,3929.0,976.0,967.3280058634471,0.5879518072289157,0.5915727298970419
3332,2960.0,2.385348,3929.0,969.0,967.327197984404,0.5837349397590361,0.5915722358358673
3333,2969.0,2.392601,3929.0,960.0,967.330860892298,0.5783132530120482,0.5915744758996399
3334,2969.0,2.392601,3929.0,960.0,967.3390643070031,0.5783132530120482,0.5915794927257859
3335,2953.0,2.379707,3929.0,976.0,967.3518779483937,0.5879518072289157,0.5915873289517314
3336,2977.0,2.399048,3929.0,952.0,967.369371536344,0.5734939759036145,0.5915980272149024
3337,2953.0,2.379707,3929.0,976.0,967.3916147907283,0.5879518072289157,0.5916116301527251
3338,2961.0,2.386154,3929.0,968.0,967.4186774314209,0.5831325301204819,0.5916281804026255
3339,2961.0,2.386154,3929.0,968.0,967.4506291782958,0.5831325301204819,0.5916477206020296
3340,2969.0,2.392601,3929.0,960.0,967.4156698903449,0.5783132530120482,0.591626341130658
3341,2969.0,2.392601,3929.0,960.0,967.3708051512585,0.5783132530120482,0.5915989039469762
3342,2965.0,2.389377,3929.0,964.0,967.3359112256896,0.5807228915662651,0.5915775644481914
3343,2961.0,2.386154,3929.0,968.0,967.2911205639696,0.5831325301204819,0.5915501725667748
3344,2969.0,2.392601,3929.0,960.0,967.2460423077682,0.5783132530120482,0.5915226048059755
3345,2961.0,2.386154,3929.0,968.0,967.2006764570856,0.5831325301204819,0.5914948611657938
3346,2961.0,2.386154,3929.0,968.0,967.1550230119217,0.5831325301204819,0.5914669416462295
3347,2969.0,2.392601,3929.0,960.0,967.1090819722763,0.5783132530120482,0.5914388462472824
3348,2965.0,2.389377,3929.0,964.0,967.0628533381496,0.5807228915662651,0.5914105749689529
3349,2953.0,2.379707,3929.0,976.0,967.0163371095416,0.5879518072289157,0.5913821278112408
3350,2965.0,2.389377,3929.0,964.0,966.9695332864524,0.5807228915662651,0.5913535047741462
3351,2961.0,2.386154,3929.0,968.0,966.9224418688816,0.5831325301204819,0.5913247058576688
3352,2953.0,2.379707,3929.0,976.0,966.8750628568298,0.5879518072289157,0.591295731061809
3353,2961.0,2.386154,3929.0,968.0,966.8376633732796,0.5831325301204819,0.5912728592805245
3354,2961.0,2.386154,3929.0,968.0,966.800642991546,0.5831325301204819,0.5912502193402445
3355,2961.0,2.386154,3929.0,968.0,966.7640104266128,0.5831325301204819,0.5912278165706468
3356,2969.0,2.392601,3929.0,960.0,966.7996442543472,0.5783132530120482,0.5912496085591158
3357,2953.0,2.379707,3929.0,976.0,966.840350202934,0.5879518072289157,0.5912745024203321
3358,2961.0,2.386154,3929.0,968.0,966.8861979922474,0.5831325301204819,0.5913025407917215
3359,2961.0,2.386154,3929.0,968.0,966.937257342162,0.5831325301204819,0.5913337663107107
3360,2961.0,2.386154,3929.0,968.0,966.9935979725517,0.5831325301204819,0.5913682216147251
3361,2961.0,2.386154,3929.0,968.0,967.0552896032908,0.5831325301204819,0.5914059493411912
3362,2973.0,2.395824,3929.0,956.0,967.1224019542536,0.5759036144578313,0.5914469921275348
3363,2965.0,2.389377,3929.0,964.0,967.1950047453145,0.5807228915662651,0.5914913926111822
3364,2969.0,2.392601,3929.0,960.0,967.2731676963476,0.5783132530120482,0.5915391934295594
3365,2961.0,2.386154,3929.0,968.0,967.3569605272273,0.5831325301204819,0.5915904372200925
3366,2969.0,2.392601,3929.0,960.0,967.3643159739618,0.5783132530120482,0.5915949354685439
3367,2961.0,2.386154,3929.0,968.0,967.3721071699102,0.5831325301204819,0.5915997002009081
3368,2953.0,2.379707,3929.0,976.0,967.3803341150731,0.5879518072289157,0.5916047314171856
3369,2961.0,2.386154,3929.0,968.0,967.3889968094497,0.5831325301204819,0.5916100291173758
3370,2961.0,2.386154,3929.0,968.0,967.3980952530408,0.5831325301204819,0.5916155933014792
3371,2973.0,2.395824,3929.0,956.0,967.4076294458458,0.5759036144578313,0.5916214239694955
3372,2953.0,2.379707,3929.0,976.0,967.4175993878652,0.5879518072289157,0.5916275211214248
3373,2969.0,2.392601,3929.0,960.0,967.4280050790985,0.5783132530120482,0.5916338847572671
3374,2969.0,2.392601,3929.0,960.0,967.4388465195459,0.5783132530120482,0.5916405148770224
3375,2965.0,2.389377,3929.0,964.0,967.4501237092074,0.5807228915662651,0.5916474114806907
3376,2961.0,2.386154,3929.0,968.0,967.4618366480832,0.5831325301204819,0.591654574568272
3377,2969.0,2.392601,3929.0,960.0,967.4643761945031,0.5783132530120482,0.5916561276365169
3378,2953.0,2.379707,3929.0,976.0,967.4680007564662,0.5879518072289157,0.5916583442497051
3379,2961.0,2.386154,3929.0,968.0,967.4054376272987,0.5831325301204819,0.5916200835554131
3380,2961.0,2.386154,3929.0,968.0,967.3484869480093,0.5831325301204819,0.5915852551739204
3381,2953.0,2.379707,3929.0,976.0,967.2970789987237,0.5879518072289157,0.5915538164678011
3382,2961.0,2.386154,3929.0,968.0,967.3184080512567,0.5831325301204819,0.5915668603223744
3383,2961.0,2.386154,3929.0,968.0,967.3405955297414,0.5831325301204819,0.5915804291502561
3384,2953.0,2.379707,3929.0,976.0,967.363632719194,0.5879518072289157,0.5915945176217683
3385,2961.0,2.386154,3929.0,968.0,967.3875109046297,0.5831325301204819,0.5916091204072326
3386,2969.0,2.392601,3929.0,960.0,967.4218305127343,0.5783132530120482,0.59163010868022
3387,2960.0,2.385348,3929.0,969.0,967.4563244205245,0.5837349397590361,0.5916512035467726
3388,2965.0,2.389377,3929.0,964.0,967.4909926280005,0.5807228915662651,0.5916724050068904
3389,2961.0,2.386154,3929.0,968.0,967.5258351351621,0.5831325301204819,0.5916937130605735
3390,2960.0,2.385348,3929.0,969.0,967.5608519420091,0.5837349397590361,0.5917151277078215
3391,2961.0,2.386154,3929.0,968.0,967.596043048542,0.5831325301204819,0.591736648948635
3392,2953.0,2.379707,3929.0,976.0,967.5648024443843,0.5879518072289157,0.5917175436509767
3393,2961.0,2.386154,3929.0,968.0,967.6164701002017,0.5831325301204819,0.5917491411815082
3394,2960.0,2.385348,3929.0,969.0,967.6586506241291,0.5837349397590361,0.5917749368242861
3395,2969.0,2.392601,3929.0,960.0,967.6240800244772,0.5783132530120482,0.5917537950565648
3396,2969.0,2.392601,3929.0,960.0,967.5948255652377,0.5783132530120482,0.5917359043925821
3397,2960.0,2.385348,3929.0,969.0,967.6476906598955,0.5837349397590361,0.5917682342209065
3398,2961.0,2.386154,3929.0,968.0,967.7005383245846,0.5831325301204819,0.5918005533898744
3399,2961.0,2.386154,3929.0,968.0,967.6764954259461,0.5831325301204819,0.591785849873491
3400,2969.0,2.392601,3929.0,960.0,967.6576292279713,0.5783132530120482,0.5917743121859941
3401,2960.0,2.385348,3929.0,969.0,967.643870010786,0.5837349397590361,0.5917658976899574
3402,2953.0,2.379707,3929.0,976.0,967.6351480545161,0.5879518072289157,0.5917605637479548
3403,2961.0,2.386154,3929.0,968.0,967.6986576309764,0.5831325301204819,0.5917994032453059
3404,2961.0,2.386154,3929.0,968.0,967.7625201643004,0.5831325301204819,0.5918384585946265
3405,2965.0,2.389377,3929.0,964.0,967.8267269395036,0.5807228915662651,0.5918777244662383
3406,2969.0,2.392601,3929.0,960.0,967.8912692416017,0.5783132530120482,0.5919171955304633
3407,2961.0,2.386154,3929.0,968.0,967.95613835561,0.5831325301204819,0.5919568664576228
3408,2953.0,2.379707,3929.0,976.0,967.9391885826791,0.5879518072289157,0.5919465007663752
3409,2969.0,2.392601,3929.0,960.0,967.9993516051751,0.5783132530120482,0.5919832936672744
3410,2957.0,2.38293,3929.0,972.0,968.0693547164243,0.5855421686746988,0.5920261043078968
3411,2961.0,2.386154,3929.0,968.0,968.138930793444,0.5831325301204819,0.5920686537942847
3412,2961.0,2.386154,3929.0,968.0,968.2080798362338,0.5831325301204819,0.5921109421264378
3413,2961.0,2.386154,3929.0,968.0,968.1850557192578,0.5831325301204819,0.592096861649443
3414,2953.0,2.379707,3929.0,976.0,968.1979887559329,0.5879518072289157,0.5921047708919805
3415,2961.0,2.386154,3929.0,968.0,968.1822033049019,0.5831325301204819,0.5920951172457484
3416,2961.0,2.386154,3929.0,968.0,968.1299944485605,0.5831325301204819,0.5920631887421969
3417,2953.0,2.379707,3929.0,976.0,968.12076266571,0.5879518072289157,0.5920575430140161
3418,2969.0,2.392601,3929.0,960.0,968.1160016697966,0.5783132530120482,0.5920546314107829
3419,2953.0,2.379707,3929.0,976.0,968.0361366823331,0.5879518072289157,0.5920057897062415
3420,2961.0,2.386154,3929.0,968.0,967.9989698888634,0.5831325301204819,0.5919830602273666
3421,2961.0,2.386154,3929.0,968.0,967.9633282176432,0.5831325301204819,0.5919612634421871
3422,2969.0,2.392601,3929.0,960.0,967.929107088861,0.5783132530120482,0.5919403353945641
3423,2961.0,2.386154,3929.0,968.0,967.9372704146384,0.5831325301204819,0.5919453277041902
3424,2953.0,2.379707,3929.0,976.0,967.9493119084216,0.5879518072289157,0.5919526917206418
3425,2960.0,2.385348,3929.0,969.0,967.9651618503361,0.5837349397590361,0.591962384806493
3426,2961.0,2.386154,3929.0,968.0,967.984750520508,0.5831325301204819,0.5919743643243177
3427,2961.0,2.386154,3929.0,968.0,968.0080081990628,0.5831325301204819,0.5919885876366899
3428,2961.0,2.386154,3929.0,968.0,968.0348651661263,0.5831325301204819,0.5920050121061834
3429,2953.0,2.379707,3929.0,976.0,968.0652517018242,0.5879518072289157,0.5920235950953722
3430,2969.0,2.392601,3929.0,960.0,968.0990980862822,0.5783132530120482,0.59204429396683
3431,2953.0,2.379707,3929.0,976.0,968.1363345996261,0.5879518072289157,0.592067066083131
3432,2961.0,2.386154,3929.0,968.0,968.1768915219818,0.5831325301204819,0.592091868806849
3433,2941.0,2.370037,3929.0,988.0,968.2206991334748,0.5951807228915663,0.592118659500558
3434,2973.0,2.395824,3929.0,956.0,968.2676877142308,0.5759036144578313,0.5921473955268317
3435,2941.0,2.370037,3929.0,988.0,968.3177875443757,0.5951807228915663,0.5921780342482443
3436,2961.0,2.386154,3929.0,968.0,968.3324923373558,0.5831325301204819,0.5921870270143723
3437,2961.0,2.386154,3929.0,968.0,968.3527660052921,0.5831325301204819,0.5921994254449082
3438,2961.0,2.386154,3929.0,968.0,968.3016308350145,0.5831325301204819,0.5921681535577185
3439,2960.0,2.385348,3929.0,969.0,968.261049510703,0.5837349397590361,0.5921433359109013
3440,2961.0,2.386154,3929.0,968.0,968.2308477326718,0.5831325301204819,0.5921248659108916
3441,2941.0,2.370037,3929.0,988.0,968.2108512012355,0.5951807228915663,0.5921126369641243
3442,2961.0,2.386154,3929.0,968.0,968.2008856167085,0.5831325301204819,0.5921065424770342
3443,2960.0,2.385348,3929.0,969.0,968.2007766794048,0.5837349397590361,0.5921064758560559
3444,2969.0,2.392601,3929.0,960.0,968.2103500896392,0.5783132530120482,0.5921123305076244
3445,2965.0,2.389377,3929.0,964.0,968.2294315477259,0.5807228915662651,0.5921239998381744
3446,2953.0,2.379707,3929.0,976.0,968.2578467539789,0.5879518072289157,0.5921413772541406
3447,2961.0,2.386154,3929.0,968.0,968.2954214087132,0.5831325301204819,0.5921643561619583
3448,2949.0,2.376484,3929.0,980.0,968.4188543456019,0.5903614457831325,0.5922398419940563
3449,2961.0,2.386154,3929.0,968.0,968.5048355090349,0.5831325301204819,0.5922924240668006
3450,2961.0,2.386154,3929.0,968.0,968.5916620259432,0.5831325301204819,0.5923455231183359
3451,2961.0,2.386154,3929.0,968.0,968.6791944565784,0.5831325301204819,0.5923990538738103
3452,2953.0,2.379707,3929.0,976.0,968.8083618531249,0.5879518072289157,0.5924780466342033
3453,2961.0,2.386154,3929.0,968.0,968.8637499357326,0.5831325301204819,0.5925119194043841
3454,2941.0,2.370037,3929.0,988.0,968.9273213885816,0.5951807228915663,0.5925507967424508
3455,2953.0,2.379707,3929.0,976.0,968.998901911986,0.5879518072289157,0.5925945720548383
3456,2960.0,2.385348,3929.0,969.0,969.0783172062605,0.5837349397590361,0.5926431387479815
3457,2953.0,2.379707,3929.0,976.0,969.1653929717196,0.5879518072289157,0.5926963902283152
3458,2953.0,2.379707,3929.0,976.0,969.2599549086771,0.5879518072289157,0.592754219902274
3459,2961.0,2.386154,3929.0,968.0,969.3618287174476,0.5831325301204819,0.5928165211762928
3460,2961.0,2.386154,3929.0,968.0,969.4708400983455,0.5831325301204819,0.5928831874568065
3461,2969.0,2.392601,3929.0,960.0,969.5483781850056,0.5783132530120482,0.5929306061372525
3462,2961.0,2.386154,3929.0,968.0,969.6353023097379,0.5831325301204819,0.5929837648811843
3463,2953.0,2.379707,3929.0,976.0,969.7314033129197,0.5879518072289157,0.5930425357763238
3464,2953.0,2.379707,3929.0,976.0,969.8364720349283,0.5879518072289157,0.5931067909103928
3465,2969.0,2.392601,3929.0,960.0,969.9887358828205,0.5783132530120482,0.5931999083841103
3466,2953.0,2.379707,3929.0,976.0,970.1469520649778,0.5879518072289157,0.5932966660280794
3467,2953.0,2.379707,3929.0,976.0,970.310946281714,0.5879518072289157,0.5933969572487345
3468,2961.0,2.386154,3929.0,968.0,970.4805442333442,0.5831325301204819,0.5935006754525111
3469,2961.0,2.386154,3929.0,968.0,970.6555716201822,0.5831325301204819,0.5936077140458432
3470,2961.0,2.386154,3929.0,968.0,970.8358541425428,0.5831325301204819,0.5937179664351664
3471,2953.0,2.379707,3929.0,976.0,971.0212175007399,0.5879518072289157,0.5938313260269148
3472,2961.0,2.386154,3929.0,968.0,971.2114873950883,0.5831325301204819,0.5939476862275238
3473,2953.0,2.379707,3929.0,976.0,971.4064895259017,0.5879518072289157,0.5940669404434276
3474,2953.0,2.379707,3929.0,976.0,971.6060495934954,0.5879518072289157,0.5941889820810616
3475,2943.0,2.371648,3929.0,986.0,971.7715567315031,0.5939759036144578,0.5942901985338627
3476,2961.0,2.386154,3929.0,968.0,971.9438702722356,0.5831325301204819,0.5943955774653849
3477,2961.0,2.386154,3929.0,968.0,972.12278105607,0.5831325301204819,0.5945049909633497
3478,2945.0,2.37326,3929.0,984.0,972.3080799233834,0.5927710843373494,0.5946183111154791
3479,2953.0,2.379707,3929.0,976.0,972.4995577145532,0.5879518072289157,0.5947354100094948
3480,2960.0,2.385348,3929.0,969.0,972.6970052699567,0.5837349397590361,0.5948561597331185
3481,2960.0,2.385348,3929.0,969.0,972.9002134299704,0.5837349397590361,0.5949804323740717
3482,2961.0,2.386154,3929.0,968.0,973.1089730349728,0.5831325301204819,0.595108100020077
3483,2961.0,2.386154,3929.0,968.0,973.3230749253399,0.5831325301204819,0.5952390347588552
3484,2949.0,2.376484,3929.0,980.0,973.5423099414498,0.5903614457831325,0.5953731086781288
3485,2961.0,2.386154,3929.0,968.0,973.7664689236789,0.5831325301204819,0.5955101938656188
3486,2961.0,2.386154,3929.0,968.0,973.9953427124052,0.5831325301204819,0.5956501624090477
3487,2953.0,2.379707,3929.0,976.0,974.2287221480052,0.5879518072289157,0.5957928863961367
3488,2953.0,2.379707,3929.0,976.0,974.4663980708566,0.5879518072289157,0.595938237914608
3489,2961.0,2.386154,3929.0,968.0,974.7081613213367,0.5831325301204819,0.5960860890521832
3490,2941.0,2.370037,3929.0,988.0,974.9538027398224,0.5951807228915663,0.596236311896584
3491,2961.0,2.386154,3929.0,968.0,975.203113166691,0.5831325301204819,0.5963887785355322
3492,2960.0,2.385348,3929.0,969.0,975.4558834423198,0.5837349397590361,0.5965433610567495
3493,2953.0,2.379707,3929.0,976.0,975.7119044070861,0.5879518072289157,0.596699931547958
3494,2949.0,2.376484,3929.0,980.0,975.9325303346872,0.5903614457831325,0.5968348560838815
3495,2949.0,2.376484,3929.0,980.0,976.1201491308166,0.5903614457831325,0.5969495949963637
3496,2945.0,2.37326,3929.0,984.0,976.3155504079107,0.5927710843373494,0.5970690933115321
3497,2953.0,2.379707,3929.0,976.0,976.5184552864715,0.5879518072289157,0.5971931804796821
3498,2941.0,2.370037,3929.0,988.0,976.7285848870029,0.5951807228915663,0.5973216859511095
3499,2953.0,2.379707,3929.0,976.0,976.9456603300074,0.5879518072289157,0.5974544391761102
3500,2953.0,2.379707,3929.0,976.0,977.1694027359878,0.5879518072289157,0.5975912696049794
3501,2953.0,2.379707,3929.0,976.0,977.3995332254475,0.5879518072289157,0.5977320066880133
3502,2953.0,2.379707,3929.0,976.0,977.6357729188891,0.5879518072289157,0.5978764798755073
3503,2937.0,2.366813,3929.0,992.0,977.8778429368157,0.5975903614457831,0.5980245186177571
3504,2961.0,2.386154,3929.0,968.0,978.1254643997307,0.5831325301204819,0.5981759523650588
3505,2953.0,2.379707,3929.0,976.0,978.3783584281363,0.5879518072289157,0.5983306105677074
3506,2953.0,2.379707,3929.0,976.0,978.6362461425357,0.5879518072289157,0.5984883226759989
3507,2961.0,2.386154,3929.0,968.0,978.898848663432,0.5831325301204819,0.5986489181402291
3508,2953.0,2.379707,3929.0,976.0,979.1658871113283,0.5879518072289157,0.5988122264106936
3509,2941.0,2.370037,3929.0,988.0,979.4370826067271,0.5951807228915663,0.598978076937688
3510,2960.0,2.385348,3929.0,969.0,979.7121562701317,0.5837349397590361,0.5991462991715081
3511,2961.0,2.386154,3929.0,968.0,979.9908292220451,0.5831325301204819,0.5993167225624495
3512,2949.0,2.376484,3929.0,980.0,980.27282258297,0.5903614457831325,0.5994891765608079
3513,2941.0,2.370037,3929.0,988.0,980.5578574734099,0.5951807228915663,0.5996634906168792
3514,2937.0,2.366813,3929.0,992.0,980.845655013867,0.5975903614457831,0.5998394941809587
3515,2949.0,2.376484,3929.0,980.0,981.1359363248445,0.5903614457831325,0.6000170167033422
3516,2937.0,2.366813,3929.0,992.0,981.4284225268456,0.5975903614457831,0.6001958876343254
3517,2937.0,2.366813,3929.0,992.0,981.7228347403731,0.5975903614457831,0.6003759364242042
3518,2941.0,2.370037,3929.0,988.0,982.0188940859301,0.5951807228915663,0.6005569925232741
3519,2953.0,2.379707,3929.0,976.0,982.3163216840195,0.5879518072289157,0.6007388853818307
3520,2941.0,2.370037,3929.0,988.0,982.6052295134742,0.5951807228915663,0.6009155679469206
3521,2933.0,2.36359,3929.0,996.0,982.9052062444664,0.6,0.6010990197363684
3522,2941.0,2.370037,3929.0,988.0,983.2057058745154,0.5951807228915663,0.6012827913065117
3523,2953.0,2.379707,3929.0,976.0,983.496840382454,0.5879518072289157,0.6014608356043967
3524,2949.0,2.376484,3929.0,980.0,983.7885892967848,0.5903614457831325,0.6016392556445992
3525,2961.0,2.386154,3929.0,968.0,984.0806650230264,0.5831325301204819,0.6018178755477366
3526,2941.0,2.370037,3929.0,988.0,984.3727799666973,0.5951807228915663,0.6019965194344261
3527,2949.0,2.376484,3929.0,980.0,984.5973825416262,0.5903614457831325,0.6021338759025395
3528,2953.0,2.379707,3929.0,976.0,984.836261132309,0.5879518072289157,0.6022799629166109
3529,2937.0,2.366813,3929.0,992.0,985.0794667126875,0.5975903614457831,0.602428696115938
3530,2941.0,2.370037,3929.0,988.0,985.3985292592582,0.5951807228915663,0.6026238199007748
3531,2941.0,2.370037,3929.0,988.0,985.7259059008347,0.5951807228915663,0.6028240281986718
3532,2941.0,2.370037,3929.0,988.0,986.0228811912398,0.5951807228915663,0.6030056444469267
3533,2941.0,2.370037,3929.0,988.0,986.2967765887693,0.5951807228915663,0.6031731461082459
3534,2937.0,2.366813,3929.0,992.0,986.5350111421134,0.5975903614457831,0.6033188392590937
3535,2937.0,2.366813,3929.0,992.0,986.7782785988804,0.5975903614457831,0.6034676102991365
3536,2953.0,2.379707,3929.0,976.0,987.0262042147468,0.5879518072289157,0.6036192300522094
3537,2929.0,2.360366,3929.0,1000.0,987.2681461224043,0.6024096385542169,0.6037671904481887
3538,2933.0,2.36359,3929.0,996.0,987.5133300042154,0.6,0.603917133484481
3539,2941.0,2.370037,3929.0,988.0,987.7998089675503,0.5951807228915663,0.6040923306682396
3540,2937.0,2.366813,3929.0,992.0,988.0477293544262,0.5975903614457831,0.6042439472235056
3541,2941.0,2.370037,3929.0,988.0,988.3362127641461,0.5951807228915663,0.6044203702332639
3542,2941.0,2.370037,3929.0,988.0,988.5854055387271,0.5951807228915663,0.6045727649215558
3543,2933.0,2.36359,3929.0,996.0,988.9565662613388,0.6,0.6047997495230302
3544,2945.0,2.37326,3929.0,984.0,989.249337443326,0.5927710843373494,0.6049787947344926
3545,2945.0,2.37326,3929.0,984.0,989.5402436186763,0.5927710843373494,0.6051566993948071
3546,2941.0,2.370037,3929.0,988.0,989.9110731718857,0.5951807228915663,0.605383481468508
3547,2937.0,2.366813,3929.0,992.0,990.2462375234164,0.5975903614457831,0.6055884523668975
3548,2941.0,2.370037,3929.0,988.0,990.5043544419026,0.5951807228915663,0.6057463046457273
3549,2937.0,2.366813,3929.0,992.0,990.6850404680354,0.5975903614457831,0.6058568037991539
3550,2949.0,2.376484,3929.0,980.0,990.9521163903638,0.5903614457831325,0.6060201349872347
3551,2937.0,2.366813,3929.0,992.0,991.2283256162209,0.5975903614457831,0.6061890516781323
3552,2937.0,2.366813,3929.0,992.0,991.5132846862971,0.5975903614457831,0.6063633193660025
3553,2941.0,2.370037,3929.0,988.0,991.8066101412846,0.5951807228915663,0.6065427035450023
3554,2933.0,2.36359,3929.0,996.0,992.0360486609923,0.6,0.6066830174515823
3555,2929.0,2.360366,3929.0,1000.0,992.2684197729109,0.6024096385542169,0.6068251247948967
3556,2937.0,2.366813,3929.0,992.0,992.5032790128423,0.5975903614457831,0.6069687537613544
3557,2941.0,2.370037,3929.0,988.0,992.740181916588,0.5951807228915663,0.6071136325373641
3558,2941.0,2.370037,3929.0,988.0,992.9786840199492,0.5951807228915663,0.6072594893093343
3559,2936.0,2.366007,3929.0,993.0,993.2183408587282,0.5981927710843373,0.6074060522636741
3560,2937.0,2.366813,3929.0,992.0,993.4587079687262,0.5975903614457831,0.6075530495867921
3561,2941.0,2.370037,3929.0,988.0,993.6890737627616,0.5951807228915663,0.6076939305711391
3562,2937.0,2.366813,3929.0,992.0,993.9185942033214,0.5975903614457831,0.6078342945766947
3563,2937.0,2.366813,3929.0,992.0,994.1468161112232,0.5975903614457831,0.6079738644601896
3564,2937.0,2.366813,3929.0,992.0,994.3835534302675,0.5975903614457831,0.6081186419723124
3565,2941.0,2.370037,3929.0,988.0,994.6187525545859,0.5951807228915663,0.6082624787962221
3566,2929.0,2.360366,3929.0,1000.0,994.9238388808626,0.6024096385542169,0.6084490553760336
3567,2933.0,2.36359,3929.0,996.0,995.2311649581002,0.6,0.6086370016831579
3568,2929.0,2.360366,3929.0,1000.0,995.5403473269896,0.6024096385542169,0.6088260832117514
3569,2937.0,2.366813,3929.0,992.0,995.851002528223,0.5975903614457831,0.609016065455971
3570,2941.0,2.370037,3929.0,988.0,996.2038155944244,0.5951807228915663,0.6092318294858047
3571,2929.0,2.360366,3929.0,1000.0,996.5189328676106,0.6024096385542169,0.6094245405252934
3572,2941.0,2.370037,3929.0,988.0,996.8344074551522,0.5951807228915663,0.6096174700815906
3573,2929.0,2.360366,3929.0,1000.0,997.1498558977408,0.6024096385542169,0.609810383648853
3574,2929.0,2.360366,3929.0,1000.0,997.4648947360685,0.6024096385542169,0.6100030467212373
3575,2929.0,2.360366,3929.0,1000.0,997.7791405108263,0.6024096385542169,0.6101952247928999
3576,2933.0,2.36359,3929.0,996.0,998.0922097627057,0.6,0.6103866833579973
3577,2929.0,2.360366,3929.0,1000.0,998.4037190323987,0.6024096385542169,0.6105771879106863
3578,2937.0,2.366813,3929.0,992.0,998.7132848605969,0.5975903614457831,0.6107665039451234
3579,2937.0,2.366813,3929.0,992.0,999.0205237879915,0.5975903614457831,0.610954396955465
3580,2929.0,2.360366,3929.0,1000.0,999.3250523552744,0.6024096385542169,0.6111406324358679
3581,2929.0,2.360366,3929.0,1000.0,999.6264871031366,0.6024096385542169,0.6113249758804884
3582,2929.0,2.360366,3929.0,1000.0,999.9244445722703,0.6024096385542169,0.6115071927834833
3583,2928.0,2.35956,3929.0,1001.0,1000.2185413033668,0.6030120481927711,0.611687048639009
3584,2929.0,2.360366,3929.0,1000.0,1000.508393837118,0.6024096385542169,0.6118643089412222
3585,2937.0,2.366813,3929.0,992.0,1000.7936187142149,0.5975903614457831,0.6120387391842794
3586,2921.0,2.353919,3929.0,1008.0,1001.0738324753491,0.6072289156626506,0.6122101048623371
3587,2929.0,2.360366,3929.0,1000.0,1001.3897201531457,0.6024096385542169,0.6124032870453838
3588,2929.0,2.360366,3929.0,1000.0,1001.7024965815534,0.6024096385542169,0.6125945665332918
3589,2937.0,2.366813,3929.0,992.0,1002.093950145067,0.5975903614457831,0.6128339612905943
3590,2937.0,2.366813,3929.0,992.0,1002.4869288308299,0.5975903614457831,0.6130742887415923
3591,2921.0,2.353919,3929.0,1008.0,1002.8811537593455,0.6072289156626506,0.6133153783365816
3592,2933.0,2.36359,3929.0,996.0,1003.2763460511159,0.6,0.6135570595258574
3593,2929.0,2.360366,3929.0,1000.0,1003.6722268266452,0.6024096385542169,0.6137991617597162
3594,2929.0,2.360366,3929.0,1000.0,1004.0685172064356,0.6024096385542169,0.6140415144884529
3595,2917.0,2.350696,3929.0,1012.0,1004.4649383109899,0.6096385542168675,0.6142839471623635
3596,2929.0,2.360366,3929.0,1000.0,1004.8612112608115,0.6024096385542169,0.6145262892317436
3597,2928.0,2.35956,3929.0,1001.0,1005.2570571764035,0.6030120481927711,0.6147683701468891
3598,2921.0,2.353919,3929.0,1008.0,1005.6521971782685,0.6072289156626506,0.6150100193580956
3599,2928.0,2.35956,3929.0,1001.0,1005.9642154030438,0.6030120481927711,0.615200835163995
3600,2929.0,2.360366,3929.0,1000.0,1006.269636384717,0.6024096385542169,0.6153876164034516
3601,2929.0,2.360366,3929.0,1000.0,1006.5681115239171,0.6024096385542169,0.6155701498893351
3602,2921.0,2.353919,3929.0,1008.0,1006.8592922212728,0.6072289156626506,0.6157482224345152
3603,2909.0,2.344249,3929.0,1020.0,1007.1428298774125,0.6144578313253012,0.6159216208518612
3604,2929.0,2.360366,3929.0,1000.0,1007.5005128768311,0.6024096385542169,0.6161403631059066
3605,2913.0,2.347473,3929.0,1016.0,1007.8551892066724,0.6120481927710844,0.6163572666209525
3606,2909.0,2.344249,3929.0,1020.0,1008.2065799874391,0.6144578313253012,0.6165721608472943
3607,2921.0,2.353919,3929.0,1008.0,1008.5544063396343,0.6072289156626506,0.6167848752352278
3608,2929.0,2.360366,3929.0,1000.0,1008.8983893837609,0.6024096385542169,0.6169952392350488
3609,2909.0,2.344249,3929.0,1020.0,1009.2382502403219,0.6144578313253012,0.6172030822970529
3610,2921.0,2.353919,3929.0,1008.0,1009.5737100298201,0.6072289156626506,0.6174082338715356
3611,2917.0,2.350696,3929.0,1012.0,1009.9044898727587,0.6096385542168675,0.6176105234087929
3612,2921.0,2.353919,3929.0,1008.0,1010.2713793815734,0.6072289156626506,0.6178348959349521
3613,2909.0,2.344249,3929.0,1020.0,1010.6356979700248,0.6144578313253012,0.6180576962060246
3614,2909.0,2.344249,3929.0,1020.0,1010.997201618553,0.6144578313253012,0.6182787749910192
3615,2905.0,2.341026,3929.0,1024.0,1011.355646307598,0.6168674698795181,0.6184979830589447
3616,2921.0,2.353919,3929.0,1008.0,1011.6697195256669,0.6072289156626506,0.6186900556029776
3617,2929.0,2.360366,3929.0,1000.0,1011.9775789599424,0.6024096385542169,0.6188783280864114
3618,2921.0,2.353919,3929.0,1008.0,1012.2789457309276,0.6072289156626506,0.6190626299595416
3619,2917.0,2.350696,3929.0,1012.0,1012.5735409591251,0.6096385542168675,0.6192427906726639
3620,2929.0,2.360366,3929.0,1000.0,1012.861085765038,0.6024096385542169,0.6194186396760737
3621,2905.0,2.341026,3929.0,1024.0,1013.1413012691695,0.6168674698795181,0.6195900064200672
3622,2921.0,2.353919,3929.0,1008.0,1013.4139085920223,0.6072289156626506,0.6197567203549398
3623,2909.0,2.344249,3929.0,1020.0,1013.6786288540992,0.6144578313253012,0.6199186109309871
3624,2905.0,2.341026,3929.0,1024.0,1013.9351831759035,0.6168674698795181,0.6200755075985049
3625,2921.0,2.353919,3929.0,1008.0,1014.1832926779379,0.6072289156626506,0.6202272398077888
3626,2917.0,2.350696,3929.0,1012.0,1014.4637469726384,0.6096385542168675,0.6203987525849666
3627,2909.0,2.344249,3929.0,1020.0,1014.7378654737657,0.6144578313253012,0.6205663906860494
3628,2909.0,2.344249,3929.0,1020.0,1015.0054041617599,0.6144578313253012,0.620730004880046
3629,2905.0,2.341026,3929.0,1024.0,1015.2661190170605,0.6168674698795181,0.6208894459359651
3630,2913.0,2.347473,3929.0,1016.0,1015.519766020108,0.6120481927710844,0.6210445646228153
3631,2921.0,2.353919,3929.0,1008.0,1015.7661011513427,0.6072289156626506,0.6211952117096057
3632,2905.0,2.341026,3929.0,1024.0,1016.0048803912044,0.6168674698795181,0.6213412379653447
3633,2909.0,2.344249,3929.0,1020.0,1016.2358597201331,0.6144578313253012,0.621482494159041
3634,2905.0,2.341026,3929.0,1024.0,1016.4587951185691,0.6168674698795181,0.6216188310597035
3635,2909.0,2.344249,3929.0,1020.0,1016.6734425669523,0.6144578313253012,0.6217500994363407
3636,2909.0,2.344249,3929.0,1020.0,1016.8795580457232,0.6144578313253012,0.6218761500579618
3637,2905.0,2.341026,3929.0,1024.0,1017.0768975353216,0.6168674698795181,0.6219968336935752
3638,2909.0,2.344249,3929.0,1020.0,1017.2652170161872,0.6144578313253012,0.6221120011121893
3639,2909.0,2.344249,3929.0,1020.0,1017.4442724687609,0.6144578313253012,0.6222215030828134
3640,2905.0,2.341026,3929.0,1024.0,1017.6138198734819,0.6168674698795181,0.6223251903744559
3641,2909.0,2.344249,3929.0,1020.0,1017.7736152107913,0.6144578313253012,0.6224229137561257
3642,2897.0,2.334579,3929.0,1032.0,1017.9234144611281,0.6216867469879518,0.6225145239968312
3643,2913.0,2.347473,3929.0,1016.0,1018.0629736049333,0.6120481927710844,0.6225998718655814
3644,2917.0,2.350696,3929.0,1012.0,1018.1920486226464,0.6096385542168675,0.622678808131385
3645,2905.0,2.341026,3929.0,1024.0,1018.3514639866409,0.6168674698795181,0.6227762991390826
3646,2901.0,2.337802,3929.0,1028.0,1018.5436424625469,0.619277108433735,0.6228938265392303
3647,2909.0,2.344249,3929.0,1020.0,1018.7299731839997,0.6144578313253012,0.6230077777252658
