Pixel,RawADC,RawVoltageV,DarkADC,DarkCorrectedIntensityADC,SmoothedIntensityADC,NormalizedIntensity,SmoothedNormalizedIntensity
21,2597.0,2.092821,3927.0,1330.0,1329.0582099945254,0.80557238037553,0.8143087201933822
22,2599.0,2.094432,3927.0,1328.0,1328.9855662430389,0.8043609933373713,0.8142642116535318
23,2596.0,2.092015,3927.0,1331.0,1328.9144824737386,0.8061780738946094,0.8142206589086105
24,2588.0,2.085568,3927.0,1339.0,1328.8449586866245,0.8110236220472441,0.8141780619586183
25,2596.0,2.092015,3927.0,1331.0,1328.7673857400273,0.8061780738946094,0.8141305333203764
26,2596.0,2.092015,3927.0,1331.0,1328.6920220419456,0.8061780738946094,0.8140843582799814
27,2596.0,2.092015,3927.0,1331.0,1328.6188588773953,0.8061780738946094,0.8140395314977965
28,2596.0,2.092015,3927.0,1331.0,1328.5574966730621,0.8061780738946094,0.814001935117365
29,2581.0,2.079927,3927.0,1346.0,1328.4976683059626,0.8152634766807996,0.8139652785129531
30,2590.0,2.087179,3927.0,1337.0,1328.545074334466,0.8098122350090854,0.8139943239995313
31,2596.0,2.092015,3927.0,1331.0,1328.5868722705836,0.8061780738946094,0.8140199334300369
32,2599.0,2.094432,3927.0,1328.0,1328.6231579791424,0.8043609933373713,0.8140421655404708
33,2596.0,2.092015,3927.0,1331.0,1328.6540273249695,0.8061780738946094,0.8140610790668346
34,2582.0,2.080733,3927.0,1345.0,1328.679576172892,0.8146577831617202,0.8140767327451293
35,2596.0,2.092015,3927.0,1331.0,1328.6999003877374,0.8061780738946094,0.8140891853113564
36,2591.0,2.087985,3927.0,1336.0,1328.7150958343325,0.809206541490006,0.814098495501517
37,2598.0,2.093626,3927.0,1329.0,1328.7252583775044,0.8049666868564507,0.8141047220516124
38,2597.0,2.092821,3927.0,1330.0,1328.6440016070508,0.80557238037553,0.8140549363490318
39,2589.0,2.086374,3927.0,1338.0,1328.5637470597896,0.8104179285281647,0.814005764704646
40,2608.0,2.101685,3927.0,1319.0,1328.4845121656897,0.7989097516656571,0.813957217797728
41,2604.0,2.098462,3927.0,1323.0,1328.4063143547194,0.8013325257419746,0.8139093063075508
42,2599.0,2.094432,3927.0,1328.0,1328.3291710568476,0.8043609933373713,0.8138620409133873
43,2583.0,2.081538,3927.0,1344.0,1328.2530997020422,0.8140520896426409,0.8138154322945104
44,2591.0,2.087985,3927.0,1336.0,1328.2261634286217,0.809206541490006,0.8137989285460885
45,2597.0,2.092821,3927.0,1330.0,1328.19708762656,0.80557238037553,0.8137811139169117
46,2608.0,2.101685,3927.0,1319.0,1328.1659333007467,0.7989097516656571,0.813762025784435
47,2596.0,2.092015,3927.0,1331.0,1328.132761456072,0.8061780738946094,0.8137417015261141
48,2599.0,2.094432,3927.0,1328.0,1328.0399782474065,0.8043609933373713,0.8136848536203296
49,2589.0,2.086374,3927.0,1338.0,1327.939585985964,0.8104179285281647,0.8136233436779374
50,2612.0,2.104908,3927.0,1315.0,1327.841851794728,0.7964869775893398,0.8135634623246709
51,2596.0,2.092015,3927.0,1331.0,1327.7563848153677,0.8061780738946094,0.8135110970437085
52,2597.0,2.092821,3927.0,1330.0,1327.6633174982144,0.80557238037553,0.8134540750657748
53,2597.0,2.092821,3927.0,1330.0,1327.5729169662518,0.80557238037553,0.8133986870166031
54,2583.0,2.081538,3927.0,1344.0,1327.4851832194795,0.8140520896426409,0.8133449328961931
55,2608.0,2.101685,3927.0,1319.0,1327.400116257898,0.7989097516656571,0.8132928127045451
56,2604.0,2.098462,3927.0,1323.0,1327.3177160815067,0.8013325257419746,0.813242326441659
57,2608.0,2.101685,3927.0,1319.0,1327.237982690306,0.7989097516656571,0.8131934741075345
58,2613.0,2.105714,3927.0,1314.0,1327.1513069426253,0.7958812840702605,0.8131403682189927
59,2604.0,2.098462,3927.0,1323.0,1327.0679472464644,0.8013325257419746,0.8130892940621304
60,2615.0,2.107326,3927.0,1312.0,1326.987894886839,0.7946698970321018,0.8130402462973111
61,2612.0,2.104908,3927.0,1315.0,1326.9207502904344,0.7964869775893398,0.8129991070680771
62,2624.0,2.114579,3927.0,1303.0,1326.8562463342673,0.7892186553603876,0.8129595857486956
63,2591.0,2.087985,3927.0,1336.0,1326.8136013016779,0.809206541490006,0.8129334573055248
64,2612.0,2.104908,3927.0,1315.0,1326.7722983766675,0.7964869775893398,0.8129081511663712
65,2608.0,2.101685,3927.0,1319.0,1326.732354989205,0.7989097516656571,0.8128836780105078
66,2599.0,2.094432,3927.0,1328.0,1326.6937885692596,0.8043609933373713,0.8128600485172078
67,2609.0,2.102491,3927.0,1318.0,1326.704662255149,0.7983040581465778,0.8128667107816397
68,2597.0,2.092821,3927.0,1330.0,1326.6656557284973,0.80557238037553,0.8128428116366978
69,2608.0,2.101685,3927.0,1319.0,1326.6281220341891,0.7989097516656571,0.8128198148903203
70,2599.0,2.094432,3927.0,1328.0,1326.5920786021936,0.8043609933373713,0.8127977312217805
71,2599.0,2.094432,3927.0,1328.0,1326.5575428624788,0.8043609933373713,0.812776571310351
72,2604.0,2.098462,3927.0,1323.0,1326.5053139616734,0.8013325257419746,0.8127445708689466
73,2599.0,2.094432,3927.0,1328.0,1326.4559261457446,0.8043609933373713,0.8127143111490339
74,2588.0,2.085568,3927.0,1339.0,1326.409379414692,0.8110236220472441,0.8126857921506127
75,2608.0,2.101685,3927.0,1319.0,1326.365673768515,0.7989097516656571,0.8126590138736824
76,2599.0,2.094432,3927.0,1328.0,1326.3248092072142,0.8043609933373713,0.8126339763182436
77,2599.0,2.094432,3927.0,1328.0,1326.2867857307895,0.8043609933373713,0.8126106794842961
78,2591.0,2.087985,3927.0,1336.0,1326.2708216225808,0.809206541490006,0.8126008983381984
79,2597.0,2.092821,3927.0,1330.0,1326.342882341619,0.80557238037553,0.8126450496563686
80,2588.0,2.085568,3927.0,1339.0,1326.4106596458828,0.8110236220472441,0.8126865765432109
81,2604.0,2.098462,3927.0,1323.0,1326.474249400199,0.8013325257419746,0.8127255377347261
82,2591.0,2.087985,3927.0,1336.0,1326.533747469394,0.809206541490006,0.8127619919669155
83,2583.0,2.081538,3927.0,1344.0,1326.5892497182958,0.8140520896426409,0.8127959979757804
84,2599.0,2.094432,3927.0,1328.0,1326.640852011731,0.8043609933373713,0.812827614497322
85,2599.0,2.094432,3927.0,1328.0,1326.6886502145271,0.8043609933373713,0.8128569002675415
86,2596.0,2.092015,3927.0,1331.0,1326.7327401915109,0.8061780738946094,0.8128839140224403
87,2599.0,2.094432,3927.0,1328.0,1326.7732178075096,0.8043609933373713,0.8129087144980196
88,2599.0,2.094432,3927.0,1328.0,1326.8101789273503,0.8043609933373713,0.8129313604302806
89,2596.0,2.092015,3927.0,1331.0,1326.8437194158598,0.8061780738946094,0.8129519105552243
90,2598.0,2.093626,3927.0,1329.0,1326.8739351378656,0.8049666868564507,0.8129704236088522
91,2599.0,2.094432,3927.0,1328.0,1326.900921958195,0.8043609933373713,0.8129869583271657
92,2597.0,2.092821,3927.0,1330.0,1326.9247757416747,0.80557238037553,0.8130015734461657
93,2604.0,2.098462,3927.0,1323.0,1326.945592353132,0.8013325257419746,0.8130143277018539
94,2597.0,2.092821,3927.0,1330.0,1326.963467657394,0.80557238037553,0.813025279830231
95,2599.0,2.094432,3927.0,1328.0,1326.9784975192874,0.8043609933373713,0.8130344885672984
96,2604.0,2.098462,3927.0,1323.0,1326.99077780364,0.8013325257419746,0.8130420126490576
97,2599.0,2.094432,3927.0,1328.0,1327.0004043752785,0.8043609933373713,0.8130479108115097
98,2588.0,2.085568,3927.0,1339.0,1327.00747309903,0.8110236220472441,0.8130522417906558
99,2596.0,2.092015,3927.0,1331.0,1327.031956104375,0.8061780738946094,0.8130672424314096
100,2596.0,2.092015,3927.0,1331.0,1327.0540904214556,0.8061780738946094,0.8130808040401328
101,2597.0,2.092821,3927.0,1330.0,1327.0643802033978,0.80557238037553,0.8130871085489206
102,2609.0,2.102491,3927.0,1318.0,1327.0731971529965,0.7983040581465778,0.813092510659144
103,2590.0,2.087179,3927.0,1337.0,1327.080645850063,0.8098122350090854,0.8130970744464407
104,2596.0,2.092015,3927.0,1331.0,1327.0868308744084,0.8061780738946094,0.8131008639864482
105,2597.0,2.092821,3927.0,1330.0,1327.1302933725237,0.80557238037553,0.8131274932875207
106,2613.0,2.105714,3927.0,1314.0,1327.131667725545,0.7958812840702605,0.8131283353481928
107,2608.0,2.101685,3927.0,1319.0,1327.1705635718963,0.7989097516656571,0.8131521666797517
108,2609.0,2.102491,3927.0,1318.0,1327.206051859393,0.7983040581465778,0.8131739102134479
109,2608.0,2.101685,3927.0,1319.0,1327.2382720277842,0.7989097516656571,0.8131936513834657
110,2624.0,2.114579,3927.0,1303.0,1327.2673635168176,0.7892186553603876,0.8132114756239881
111,2612.0,2.104908,3927.0,1315.0,1327.2934657662422,0.7964869775893398,0.8132274683691992
112,2597.0,2.092821,3927.0,1330.0,1327.3167182158065,0.80557238037553,0.8132417150532825
113,2599.0,2.094432,3927.0,1328.0,1327.3468694469286,0.8043609933373713,0.8132601885936005
114,2599.0,2.094432,3927.0,1328.0,1327.3539242267054,0.8043609933373713,0.8132645110293283
115,2599.0,2.094432,3927.0,1328.0,1327.3578895445537,0.8043609933373713,0.813266940563925
116,2608.0,2.101685,3927.0,1319.0,1327.3588961252383,0.7989097516656571,0.813267557291938
117,2598.0,2.093626,3927.0,1329.0,1327.3570746935234,0.8049666868564507,0.8132664413079145
118,2609.0,2.102491,3927.0,1318.0,1327.352555974173,0.7983040581465778,0.8132636727064014
119,2604.0,2.098462,3927.0,1323.0,1327.3454706919513,0.8013325257419746,0.813259331581946
120,2589.0,2.086374,3927.0,1338.0,1327.315415325656,0.8104179285281647,0.813240916777629
121,2593.0,2.089597,3927.0,1334.0,1327.3022556993894,0.8079951544518473,0.8132328539265494
122,2608.0,2.101685,3927.0,1319.0,1327.2869042545758,0.7989097516656571,0.813223448156896
123,2608.0,2.101685,3927.0,1319.0,1327.2797588389626,0.7989097516656571,0.8132190701889488
124,2591.0,2.087985,3927.0,1336.0,1327.261082627645,0.809206541490006,0.8132076273479794
125,2604.0,2.098462,3927.0,1323.0,1327.2406154870578,0.8013325257419746,0.8131950872117142
126,2596.0,2.092015,3927.0,1331.0,1327.1896607169544,0.8061780738946094,0.8131638674251627
127,2598.0,2.093626,3927.0,1329.0,1327.1391242660968,0.8049666868564507,0.8131329039411621
128,2597.0,2.092821,3927.0,1330.0,1327.117938139306,0.80557238037553,0.8131199232848875
129,2597.0,2.092821,3927.0,1330.0,1326.9705128506876,0.80557238037553,0.8130295963923585
130,2608.0,2.101685,3927.0,1319.0,1326.7584685681095,0.7989097516656571,0.8128996776972464
131,2589.0,2.086374,3927.0,1338.0,1326.5490257083395,0.8104179285281647,0.8127713528836225
132,2597.0,2.092821,3927.0,1330.0,1326.3421406964567,0.80557238037553,0.8126445952533045
133,2596.0,2.092015,3927.0,1331.0,1326.0967014656062,0.8061780738946094,0.8124942156051776
134,2597.0,2.092821,3927.0,1330.0,1325.8510661476093,0.80557238037553,0.81234371581523
135,2591.0,2.087985,3927.0,1336.0,1325.605156307608,0.809206541490006,0.8121930478267336
136,2591.0,2.087985,3927.0,1336.0,1325.404307293839,0.809206541490006,0.8120699884286393
137,2596.0,2.092015,3927.0,1331.0,1325.1945167061965,0.8061780738946094,0.8119414505635201
138,2604.0,2.098462,3927.0,1323.0,1324.9757496847433,0.8013325257419746,0.8118074128728302
139,2599.0,2.094432,3927.0,1328.0,1324.7787727384912,0.8043609933373713,0.8116867258752225
140,2599.0,2.094432,3927.0,1328.0,1324.536313160767,0.8043609933373713,0.8115381718488069
141,2608.0,2.101685,3927.0,1319.0,1324.2516172832154,0.7989097516656571,0.811363739808171
142,2599.0,2.094432,3927.0,1328.0,1324.0143788525752,0.8043609933373713,0.8112183847579689
143,2596.0,2.092015,3927.0,1331.0,1323.9040680675205,0.8061780738946094,0.8111507977753026
144,2609.0,2.102491,3927.0,1318.0,1323.7418769810326,0.7983040581465778,0.8110514239366915
145,2604.0,2.098462,3927.0,1323.0,1323.6272217763135,0.8013325257419746,0.8109811751452419
146,2608.0,2.101685,3927.0,1319.0,1323.512135179872,0.7989097516656571,0.8109106620417864
147,2599.0,2.094432,3927.0,1328.0,1323.3966956265672,0.8043609933373713,0.8108399326830538
148,2593.0,2.089597,3927.0,1334.0,1323.2809815512574,0.8079951544518473,0.8107690351257719
149,2596.0,2.092015,3927.0,1331.0,1323.1650713888014,0.8061780738946094,0.8106980174266696
150,2589.0,2.086374,3927.0,1338.0,1323.0586527157277,0.8104179285281647,0.810632815125654
151,2597.0,2.092821,3927.0,1330.0,1322.951545558895,0.80557238037553,0.8105671909933564
152,2588.0,2.085568,3927.0,1339.0,1322.8438370681472,0.8110236220472441,0.810501198426142
153,2608.0,2.101685,3927.0,1319.0,1322.7356143933268,0.7989097516656571,0.8104348908203756
154,2612.0,2.104908,3927.0,1315.0,1322.6474989302433,0.7964869775893398,0.8103809028238882
155,2615.0,2.107326,3927.0,1312.0,1322.5507678336976,0.7946698970321018,0.8103216360627796
156,2608.0,2.101685,3927.0,1319.0,1322.4557840915013,0.7989097516656571,0.8102634398987852
157,2599.0,2.094432,3927.0,1328.0,1322.3626435684803,0.8043609933373713,0.8102063730679052
158,2613.0,2.105714,3927.0,1314.0,1322.2817092524454,0.7958812840702605,0.8101567849318744
159,2608.0,2.101685,3927.0,1319.0,1322.1932094585545,0.7989097516656571,0.810102561457418
160,2597.0,2.092821,3927.0,1330.0,1322.057487522329,0.80557238037553,0.8100194051627133
161,2604.0,2.098462,3927.0,1323.0,1321.9246153859638,0.8013325257419746,0.8099379949291364
162,2608.0,2.101685,3927.0,1319.0,1321.8049124623478,0.7989097516656571,0.8098646534202394
163,2608.0,2.101685,3927.0,1319.0,1321.6785634917183,0.7989097516656571,0.8097872399045654
164,2612.0,2.104908,3927.0,1315.0,1321.5552299056503,0.7964869775893398,0.8097116739031122
165,2599.0,2.094432,3927.0,1328.0,1321.4349639940501,0.8043609933373713,0.8096379874536989
166,2613.0,2.105714,3927.0,1314.0,1321.328085169806,0.7958812840702605,0.8095725032198771
167,2608.0,2.101685,3927.0,1319.0,1321.2436055981648,0.7989097516656571,0.8095207429197274
168,2608.0,2.101685,3927.0,1319.0,1321.1604114867055,0.7989097516656571,0.8094697702159582
169,2599.0,2.094432,3927.0,1328.0,1321.0785812702863,0.8043609933373713,0.8094196331652976
170,2604.0,2.098462,3927.0,1323.0,1320.998193383766,0.8013325257419746,0.8093703798244739
171,2624.0,2.114579,3927.0,1303.0,1320.9193262620029,0.7892186553603876,0.8093220582502153
172,2609.0,2.102491,3927.0,1318.0,1320.862592585822,0.7983040581465778,0.8092872977507163
173,2612.0,2.104908,3927.0,1315.0,1320.8088699367108,0.7964869775893398,0.80925438209562
174,2608.0,2.101685,3927.0,1319.0,1320.7582541794964,0.7989097516656571,0.8092233700209275
175,2597.0,2.092821,3927.0,1330.0,1320.7108411790057,0.80557238037553,0.8091943202626403
176,2613.0,2.105714,3927.0,1314.0,1320.6769939230492,0.7958812840702605,0.8091735821824924
177,2604.0,2.098462,3927.0,1323.0,1320.6472078497684,0.8013325257419746,0.8091553323729427
178,2612.0,2.104908,3927.0,1315.0,1320.6215875389746,0.7964869775893398,0.8091396349096288
179,2599.0,2.094432,3927.0,1328.0,1320.5995795891658,0.8043609933373713,0.8091261507256343
180,2608.0,2.101685,3927.0,1319.0,1320.5806305988403,0.7989097516656571,0.8091145407540433
181,2612.0,2.104908,3927.0,1315.0,1320.4519067949934,0.7964869775893398,0.8090356721874292
182,2612.0,2.104908,3927.0,1315.0,1320.319117450979,0.7964869775893398,0.808954312680399
183,2608.0,2.101685,3927.0,1319.0,1320.2110987067908,0.7989097516656571,0.8088881300221261
184,2624.0,2.114579,3927.0,1303.0,1320.0586474867368,0.7892186553603876,0.8087947237612411
185,2599.0,2.094432,3927.0,1328.0,1319.9412688494294,0.8043609933373713,0.8087228063333926
186,2613.0,2.105714,3927.0,1314.0,1319.8179291628726,0.7958812840702605,0.8086472365941938
187,2614.0,2.10652,3927.0,1313.0,1319.6886632870035,0.7952755905511811,0.808568035902191
188,2615.0,2.107326,3927.0,1312.0,1319.5535060817595,0.7946698970321018,0.80848522561593
189,2608.0,2.101685,3927.0,1319.0,1319.5048965139267,0.7989097516656571,0.8084554427255544
190,2612.0,2.104908,3927.0,1315.0,1319.456465603272,0.7964869775893398,0.8084257692977267
191,2608.0,2.101685,3927.0,1319.0,1319.4083266445905,0.7989097516656571,0.8083962747477208
192,2613.0,2.105714,3927.0,1314.0,1319.3605929326782,0.7958812840702605,0.8083670284908112
193,2612.0,2.104908,3927.0,1315.0,1319.313377762331,0.7964869775893398,0.808338099942272
194,2599.0,2.094432,3927.0,1328.0,1319.266794428344,0.8043609933373713,0.8083095585173773
195,2612.0,2.104908,3927.0,1315.0,1319.1696206105967,0.7964869775893398,0.8082500205027358
196,2615.0,2.107326,3927.0,1312.0,1319.0699717373136,0.7946698970321018,0.8081889660313352
197,2599.0,2.094432,3927.0,1328.0,1318.9679175283686,0.8043609933373713,0.808126437820267
198,2609.0,2.102491,3927.0,1318.0,1318.8635277036356,0.7983040581465778,0.8080624785866231
199,2613.0,2.105714,3927.0,1314.0,1318.8184747208884,0.7958812840702605,0.8080348748018935
200,2624.0,2.114579,3927.0,1303.0,1318.7854928628713,0.7892186553603876,0.8080146669476478
201,2591.0,2.087985,3927.0,1336.0,1318.7551037126782,0.809206541490006,0.807996047635254
202,2613.0,2.105714,3927.0,1314.0,1318.7171708720898,0.7958812840702605,0.8079728063335258
203,2612.0,2.104908,3927.0,1315.0,1318.69169261554,0.7964869775893398,0.8079571959062866
204,2599.0,2.094432,3927.0,1328.0,1318.6307539594427,0.8043609933373713,0.8079198590321874
205,2599.0,2.094432,3927.0,1328.0,1318.5755192605588,0.8043609933373713,0.8078860169501627
206,2599.0,2.094432,3927.0,1328.0,1318.5260843837145,0.8043609933373713,0.8078557283962128
207,2612.0,2.104908,3927.0,1315.0,1318.4825451937372,0.7964869775893398,0.8078290521063392
208,2593.0,2.089597,3927.0,1334.0,1318.4449975554546,0.8079951544518473,0.8078060468165436
209,2599.0,2.094432,3927.0,1328.0,1318.4238044566764,0.8043609933373713,0.8077930618885598
210,2615.0,2.107326,3927.0,1312.0,1318.4094613355442,0.7946698970321018,0.8077842739148465
211,2608.0,2.101685,3927.0,1319.0,1318.4020727718696,0.7989097516656571,0.8077797469710418
212,2599.0,2.094432,3927.0,1328.0,1318.3914762224802,0.8043609933373713,0.8077732545070497
213,2599.0,2.094432,3927.0,1328.0,1318.3873766938739,0.8043609933373713,0.8077707427420512
214,2624.0,2.114579,3927.0,1303.0,1318.3693358049106,0.7892186553603876,0.807759689160581
215,2615.0,2.107326,3927.0,1312.0,1318.3950868404686,0.7946698970321018,0.807775466718442
216,2608.0,2.101685,3927.0,1319.0,1318.4236746034105,0.7989097516656571,0.8077929823279763
217,2598.0,2.093626,3927.0,1329.0,1318.4552123885321,0.8049666868564507,0.8078123054044577
218,2604.0,2.098462,3927.0,1323.0,1318.4384778757128,0.8013325257419746,0.8078020522344953
219,2599.0,2.094432,3927.0,1328.0,1318.434485541413,0.8043609933373713,0.8077996061470255
220,2599.0,2.094432,3927.0,1328.0,1318.4363366040748,0.8043609933373713,0.8078007402858132
221,2612.0,2.104908,3927.0,1315.0,1318.4441094985564,0.7964869775893398,0.8078055027075867
222,2608.0,2.101685,3927.0,1319.0,1318.4578826597162,0.7989097516656571,0.8078139414690741
223,2612.0,2.104908,3927.0,1315.0,1318.49826876838,0.7964869775893398,0.8078386858784704
224,2609.0,2.102491,3927.0,1318.0,1318.5461454060346,0.7983040581465778,0.8078680197054183
225,2615.0,2.107326,3927.0,1312.0,1318.601608437507,0.7946698970321018,0.807902001685919
226,2604.0,2.098462,3927.0,1323.0,1318.6647537276242,0.8013325257419746,0.8079406905559737
227,2596.0,2.092015,3927.0,1331.0,1318.7741137078935,0.8061780738946094,0.8080076949843004
228,2608.0,2.101685,3927.0,1319.0,1318.888750611146,0.7989097516656571,0.8080779325625135
229,2615.0,2.107326,3927.0,1312.0,1318.988260916179,0.7946698970321018,0.8081389021336941
230,2609.0,2.102491,3927.0,1318.0,1318.9995720942795,0.7983040581465778,0.8081458324478773
231,2608.0,2.101685,3927.0,1319.0,1319.0092012804132,0.7989097516656571,0.8081517322122203
232,2609.0,2.102491,3927.0,1318.0,1319.0171833345173,0.7983040581465778,0.808156622785269
233,2613.0,2.105714,3927.0,1314.0,1319.0235531165295,0.7958812840702605,0.8081605255255698
234,2583.0,2.081538,3927.0,1344.0,1319.0475637697264,0.8140520896426409,0.8081752367580266
235,2598.0,2.093626,3927.0,1329.0,1319.0783424797169,0.8049666868564507,0.8081940947521709
236,2599.0,2.094432,3927.0,1328.0,1319.1921654034372,0.8043609933373713,0.8082638336083372
237,2597.0,2.092821,3927.0,1330.0,1319.2967678737868,0.80557238037553,0.8083279231291113
238,2612.0,2.104908,3927.0,1315.0,1319.392289330514,0.7964869775893398,0.8083864487486767
239,2605.0,2.099267,3927.0,1322.0,1319.4788692133668,0.8007268322228952,0.8084394959012169
240,2612.0,2.104908,3927.0,1315.0,1319.556646962095,0.7964869775893398,0.8084871500209163
241,2608.0,2.101685,3927.0,1319.0,1319.625762016446,0.7989097516656571,0.8085294965419575
242,2613.0,2.105714,3927.0,1314.0,1319.6863538161685,0.7958812840702605,0.8085666208985246
243,2604.0,2.098462,3927.0,1323.0,1319.7385618010114,0.8013325257419746,0.8085986085248014
244,2599.0,2.094432,3927.0,1328.0,1319.782525410723,0.8043609933373713,0.8086255448549712
245,2604.0,2.098462,3927.0,1323.0,1319.7126835266831,0.8013325257419746,0.8085827530082479
246,2608.0,2.101685,3927.0,1319.0,1319.6420180766281,0.7989097516656571,0.8085394565658772
247,2608.0,2.101685,3927.0,1319.0,1319.5897909188195,0.7989097516656571,0.8085074571924001
248,2608.0,2.101685,3927.0,1319.0,1319.5163105288416,0.7989097516656571,0.8084624360474478
249,2608.0,2.101685,3927.0,1319.0,1319.4421547275815,0.7989097516656571,0.8084170010806684
250,2608.0,2.101685,3927.0,1319.0,1319.3474908253077,0.7989097516656571,0.8083590008813322
251,2608.0,2.101685,3927.0,1319.0,1319.2810486566361,0.7989097516656571,0.8083182920267983
252,2624.0,2.114579,3927.0,1303.0,1319.222346265506,0.7892186553603876,0.8082823253034193
253,2609.0,2.102491,3927.0,1318.0,1319.161835515137,0.7983040581465778,0.8082452506054711
254,2613.0,2.105714,3927.0,1314.0,1319.0995774104194,0.7958812840702605,0.8082071053104096
255,2583.0,2.081538,3927.0,1344.0,1319.0356329562433,0.8140520896426409,0.8081679267956899
256,2608.0,2.101685,3927.0,1319.0,1318.9289946655656,0.7989097516656571,0.8081025899358351
257,2624.0,2.114579,3927.0,1303.0,1318.8591937419517,0.7892186553603876,0.8080598231854031
258,2615.0,2.107326,3927.0,1312.0,1318.7467861316788,0.7946698970321018,0.8079909514862007
259,2608.0,2.101685,3927.0,1319.0,1318.7167168214091,0.7989097516656571,0.8079725281384657
260,2599.0,2.094432,3927.0,1328.0,1318.6766862841043,0.8043609933373713,0.8079480015862378
261,2624.0,2.114579,3927.0,1303.0,1318.6267990995757,0.7892186553603876,0.8079174359051546
262,2612.0,2.104908,3927.0,1315.0,1318.567159847635,0.7964869775893398,0.8078808951708543
263,2608.0,2.101685,3927.0,1319.0,1318.4978731080937,0.7989097516656571,0.8078384434589745
264,2613.0,2.105714,3927.0,1314.0,1318.4087763377797,0.7958812840702605,0.8077838542194196
265,2612.0,2.104908,3927.0,1315.0,1318.319841666173,0.7964869775893398,0.807729364297103
266,2612.0,2.104908,3927.0,1315.0,1318.221564531416,0.7964869775893398,0.8076691502844838
267,2624.0,2.114579,3927.0,1303.0,1318.1140495133193,0.7892186553603876,0.8076032762571992
268,2598.0,2.093626,3927.0,1329.0,1317.9974011916945,0.8049666868564507,0.8075318062908873
269,2599.0,2.094432,3927.0,1328.0,1317.871724146353,0.8043609933373713,0.8074548044611854
270,2608.0,2.101685,3927.0,1319.0,1317.7371229571065,0.7989097516656571,0.8073723348437319
271,2612.0,2.104908,3927.0,1315.0,1317.5937022037658,0.7964869775893398,0.8072844615141638
272,2608.0,2.101685,3927.0,1319.0,1317.4415664661426,0.7989097516656571,0.8071912485481191
273,2612.0,2.104908,3927.0,1315.0,1317.2808203240481,0.7964869775893398,0.8070927600212354
274,2624.0,2.114579,3927.0,1303.0,1317.0250860822648,0.7892186553603876,0.8069360726605388
275,2612.0,2.104908,3927.0,1315.0,1316.7667939925946,0.7964869775893398,0.8067778181165364
276,2624.0,2.114579,3927.0,1303.0,1316.5059701999903,0.7892186553603876,0.8066180124081375
277,2599.0,2.094432,3927.0,1328.0,1316.2734422183546,0.8043609933373713,0.8064755434314508
278,2604.0,2.098462,3927.0,1323.0,1316.040434912583,0.8013325257419746,0.8063327807747577
279,2608.0,2.101685,3927.0,1319.0,1315.8626814786614,0.7989097516656571,0.8062238719472902
280,2614.0,2.10652,3927.0,1313.0,1315.810182413344,0.7952755905511811,0.8061917059771554
281,2604.0,2.098462,3927.0,1323.0,1315.6717544744986,0.8013325257419746,0.8061068917253247
282,2612.0,2.104908,3927.0,1315.0,1315.5399412087236,0.7964869775893398,0.8060261302575796
283,2599.0,2.094432,3927.0,1328.0,1315.5013643307973,0.8043609933373713,0.8060024943567161
284,2608.0,2.101685,3927.0,1319.0,1315.463837608477,0.7989097516656571,0.805979501882048
285,2608.0,2.101685,3927.0,1319.0,1315.4275789163692,0.7989097516656571,0.8059572863244869
286,2596.0,2.092015,3927.0,1331.0,1315.392806129082,0.8061780738946094,0.8059359811749454
287,2605.0,2.099267,3927.0,1322.0,1315.1808507393434,0.8007268322228952,0.8058061169441253
288,2624.0,2.114579,3927.0,1303.0,1314.9706601339221,0.7892186553603876,0.8056773339896917
289,2612.0,2.104908,3927.0,1315.0,1314.8487775927372,0.7964869775893398,0.8056026570377118
290,2612.0,2.104908,3927.0,1315.0,1314.7229384486884,0.7964869775893398,0.8055255558907718
291,2604.0,2.098462,3927.0,1323.0,1314.6343506334563,0.8013325257419746,0.8054712784859871
292,2615.0,2.107326,3927.0,1312.0,1314.5960874949637,0.7946698970321018,0.8054478348120365
293,2596.0,2.092015,3927.0,1331.0,1314.5089855845522,0.8061780738946094,0.8053944678152712
294,2615.0,2.107326,3927.0,1312.0,1314.3801964183237,0.7946698970321018,0.8053155592013839
295,2604.0,2.098462,3927.0,1323.0,1314.2482960027057,0.8013325257419746,0.8052347443372739
296,2613.0,2.105714,3927.0,1314.0,1314.113423777448,0.7958812840702605,0.8051521086571258
297,2608.0,2.101685,3927.0,1319.0,1313.9757191822982,0.7989097516656571,0.8050677375951228
298,2608.0,2.101685,3927.0,1319.0,1313.8353216570051,0.7989097516656571,0.8049817165854485
299,2604.0,2.098462,3927.0,1323.0,1313.6923706413172,0.8013325257419746,0.8048941310622864
300,2612.0,2.104908,3927.0,1315.0,1313.5470055749831,0.7964869775893398,0.8048050664598204
301,2628.0,2.117802,3927.0,1299.0,1313.389098774768,0.7867958812840703,0.8047083175865009
302,2604.0,2.098462,3927.0,1323.0,1313.2283901071062,0.8013325257419746,0.8046098520200542
303,2608.0,2.101685,3927.0,1319.0,1313.0650102967616,0.7989097516656571,0.8045097498550274
304,2612.0,2.104908,3927.0,1315.0,1312.8990900684987,0.7964869775893398,0.8044080911859677
305,2612.0,2.104908,3927.0,1315.0,1312.7307601470816,0.7964869775893398,0.8043049561074221
306,2612.0,2.104908,3927.0,1315.0,1312.5704183802582,0.7964869775893398,0.8042067153396711
307,2625.0,2.115385,3927.0,1302.0,1312.4085950661065,0.7886129618413082,0.8041075668337191
308,2615.0,2.107326,3927.0,1312.0,1312.2454296443755,0.7946698970321018,0.8040075960237497
309,2624.0,2.114579,3927.0,1303.0,1312.0810615548132,0.7892186553603876,0.8039068883439464
310,2624.0,2.114579,3927.0,1303.0,1311.9156302371687,0.7892186553603876,0.8038055292284931
311,2599.0,2.094432,3927.0,1328.0,1311.7800765001396,0.8043609933373713,0.8037224759887722
312,2612.0,2.104908,3927.0,1315.0,1311.5496470867192,0.7964869775893398,0.8035812927965492
313,2614.0,2.10652,3927.0,1313.0,1311.317482519928,0.7952755905511811,0.8034390464827036
314,2624.0,2.114579,3927.0,1303.0,1311.1131379259634,0.7892186553603876,0.8033138453564186
315,2624.0,2.114579,3927.0,1303.0,1310.9161662087017,0.7892186553603876,0.8031931615625926
316,2628.0,2.117802,3927.0,1299.0,1310.7074362346461,0.7867958812840703,0.8030652735312325
317,2608.0,2.101685,3927.0,1319.0,1310.4979428279676,0.7989097516656571,0.8029369177477171
318,2625.0,2.115385,3927.0,1302.0,1310.276821889259,0.7886129618413082,0.8028014378212146
319,2631.0,2.12022,3927.0,1296.0,1310.0626772954693,0.7849788007268322,0.8026702322737118
320,2613.0,2.105714,3927.0,1314.0,1309.8555526215184,0.7958812840702605,0.8025433278033907
321,2608.0,2.101685,3927.0,1319.0,1309.6747097256684,0.7989097516656571,0.802432526074792
322,2612.0,2.104908,3927.0,1315.0,1309.4996753668427,0.7964869775893398,0.8023252832139048
323,2628.0,2.117802,3927.0,1299.0,1309.416992824961,0.7867958812840703,0.802274623946797
324,2609.0,2.102491,3927.0,1318.0,1309.3343974329218,0.7983040581465778,0.8022240180760537
325,2624.0,2.114579,3927.0,1303.0,1309.252028630474,0.7892186553603876,0.8021735510358587
326,2615.0,2.107326,3927.0,1312.0,1309.170025857366,0.7946698970321018,0.8021233082603959
327,2609.0,2.102491,3927.0,1318.0,1309.0885285533466,0.7983040581465778,0.8020733751838488
328,2615.0,2.107326,3927.0,1312.0,1309.0076761581638,0.7946698970321018,0.8020238372404008
329,2609.0,2.102491,3927.0,1318.0,1308.9276081115665,0.7983040581465778,0.8019747798642357
330,2624.0,2.114579,3927.0,1303.0,1308.8381967303199,0.7892186553603876,0.801919997863804
331,2608.0,2.101685,3927.0,1319.0,1308.7491818808583,0.7989097516656571,0.801865458816832
332,2624.0,2.114579,3927.0,1303.0,1308.6606942879455,0.7892186553603876,0.8018112428178669
333,2624.0,2.114579,3927.0,1303.0,1308.5728646763462,0.7892186553603876,0.8017574299614557
334,2608.0,2.101685,3927.0,1319.0,1308.4550224018747,0.7989097516656571,0.8016852284649464
335,2615.0,2.107326,3927.0,1312.0,1308.3771679612853,0.7946698970321018,0.8016375273564464
336,2608.0,2.101685,3927.0,1319.0,1308.2599357357135,0.7989097516656571,0.8015656996344904
337,2624.0,2.114579,3927.0,1303.0,1308.1418668716508,0.7892186553603876,0.8014933593074328
338,2624.0,2.114579,3927.0,1303.0,1308.0230659489082,0.7892186553603876,0.8014205704509111
339,2624.0,2.114579,3927.0,1303.0,1307.9036375472972,0.7892186553603876,0.801347397140563
340,2608.0,2.101685,3927.0,1319.0,1307.7836862466295,0.7989097516656571,0.8012739034520265
341,2624.0,2.114579,3927.0,1303.0,1307.663316626716,0.7892186553603876,0.801200153460939
342,2624.0,2.114579,3927.0,1303.0,1307.5426332673687,0.7892186553603876,0.8011262112429385
343,2615.0,2.107326,3927.0,1312.0,1307.4217407483982,0.7946698970321018,0.8010521408736623
344,2624.0,2.114579,3927.0,1303.0,1307.3007436496166,0.7892186553603876,0.8009780064287486
345,2624.0,2.114579,3927.0,1303.0,1307.1797465508346,0.7892186553603876,0.8009038719838346
346,2614.0,2.10652,3927.0,1313.0,1307.0588540318645,0.7952755905511811,0.8008298016145587
347,2624.0,2.114579,3927.0,1303.0,1306.938170672517,0.7892186553603876,0.800755859396558
348,2629.0,2.118608,3927.0,1298.0,1306.856237619283,0.7861901877649909,0.8007056593381869
349,2613.0,2.105714,3927.0,1314.0,1306.7336892532992,0.7958812840702605,0.8006305744379804
350,2612.0,2.104908,3927.0,1315.0,1306.611698646309,0.7964869775893398,0.800555831274508
351,2624.0,2.114579,3927.0,1303.0,1306.4903703781247,0.7892186553603876,0.8004814939234083
352,2613.0,2.105714,3927.0,1314.0,1306.369809028557,0.7958812840702605,0.8004076264603183
353,2615.0,2.107326,3927.0,1312.0,1306.250119177418,0.7946698970321018,0.8003342929608761
354,2624.0,2.114579,3927.0,1303.0,1306.131405404518,0.7892186553603876,0.8002615575007191
355,2612.0,2.104908,3927.0,1315.0,1306.0548407816023,0.7964869775893398,0.8002146466584176
356,2624.0,2.114579,3927.0,1303.0,1305.8956459067101,0.7892186553603876,0.8001171085868267
357,2624.0,2.114579,3927.0,1303.0,1305.7462858915806,0.7892186553603876,0.8000255962949997
358,2624.0,2.114579,3927.0,1303.0,1305.6068217411043,0.7892186553603876,0.7999401471603921
359,2615.0,2.107326,3927.0,1312.0,1305.4773144601709,0.7946698970321018,0.799860798560459
360,2612.0,2.104908,3927.0,1315.0,1305.3578250536702,0.7964869775893398,0.7997875878726558
361,2608.0,2.101685,3927.0,1319.0,1305.3348968015212,0.7989097516656571,0.7997735398230493
362,2628.0,2.117802,3927.0,1299.0,1305.316265036624,0.7867958812840703,0.7997621242142263
363,2624.0,2.114579,3927.0,1303.0,1305.302069198726,0.7892186553603876,0.7997534264803695
364,2609.0,2.102491,3927.0,1318.0,1305.2924487275764,0.7983040581465778,0.7997475320556628
365,2624.0,2.114579,3927.0,1303.0,1305.3259796296036,0.7892186553603876,0.7997680763070067
366,2615.0,2.107326,3927.0,1312.0,1305.282262653947,0.7946698970321018,0.7997412910885491
367,2624.0,2.114579,3927.0,1303.0,1305.250516580701,0.7892186553603876,0.7997218403947558
368,2624.0,2.114579,3927.0,1303.0,1305.2205875816778,0.7892186553603876,0.7997035030151677
369,2615.0,2.107326,3927.0,1312.0,1305.192588951673,0.7946698970321018,0.7996863483650591
370,2629.0,2.118608,3927.0,1298.0,1305.198093335746,0.7861901877649909,0.7996897208794579
371,2624.0,2.114579,3927.0,1303.0,1305.2186798716184,0.7892186553603876,0.799702334168743
372,2624.0,2.114579,3927.0,1303.0,1305.2346204493695,0.7892186553603876,0.7997121008978223
373,2631.0,2.12022,3927.0,1296.0,1305.2563216317315,0.7849788007268322,0.7997253971266127
374,2631.0,2.12022,3927.0,1296.0,1305.2839228584528,0.7849788007268322,0.7997423082892978
375,2624.0,2.114579,3927.0,1303.0,1305.3175635692817,0.7892186553603876,0.7997629198200611
376,2624.0,2.114579,3927.0,1303.0,1305.357383203967,0.7892186553603876,0.7997873171530863
377,2624.0,2.114579,3927.0,1303.0,1305.403521202257,0.7892186553603876,0.7998155857225571
378,2628.0,2.117802,3927.0,1299.0,1305.4150485119676,0.7867958812840703,0.7998226484597247
379,2612.0,2.104908,3927.0,1315.0,1305.4305062795895,0.7964869775893398,0.7998321193729432
380,2624.0,2.114579,3927.0,1303.0,1305.4499990849342,0.7892186553603876,0.7998440625378505
381,2612.0,2.104908,3927.0,1315.0,1305.4736315078133,0.7964869775893398,0.7998585420300841
382,2624.0,2.114579,3927.0,1303.0,1305.5015081280378,0.7892186553603876,0.7998756219252818
383,2614.0,2.10652,3927.0,1313.0,1305.5337335254192,0.7952755905511811,0.7998953662990812
384,2613.0,2.105714,3927.0,1314.0,1305.570412279769,0.7958812840702605,0.7999178392271202
385,2624.0,2.114579,3927.0,1303.0,1305.5911147249324,0.7892186553603876,0.7999305235335705
386,2624.0,2.114579,3927.0,1303.0,1305.604879171108,0.7892186553603876,0.7999389569554216
387,2628.0,2.117802,3927.0,1299.0,1305.538598229646,0.7867958812840703,0.7998983468841626
388,2612.0,2.104908,3927.0,1315.0,1305.506932334255,0.7964869775893398,0.7998789453150247
389,2624.0,2.114579,3927.0,1303.0,1305.4688565679248,0.7892186553603876,0.7998556164432585
390,2612.0,2.104908,3927.0,1315.0,1305.4436327889157,0.7964869775893398,0.7998401619334041
391,2609.0,2.102491,3927.0,1318.0,1305.4107877561514,0.7983040581465778,0.799820037911451
392,2613.0,2.105714,3927.0,1314.0,1305.351164191183,0.7958812840702605,0.7997835067884966
393,2615.0,2.107326,3927.0,1312.0,1305.2853399148971,0.7946698970321018,0.7997431765141889
394,2624.0,2.114579,3927.0,1303.0,1305.2133585022154,0.7892186553603876,0.7996990737867103
395,2608.0,2.101685,3927.0,1319.0,1305.1544818113996,0.7989097516656571,0.7996630002706018
396,2612.0,2.104908,3927.0,1315.0,1305.2011749541882,0.7964869775893398,0.799691608974916
397,2624.0,2.114579,3927.0,1303.0,1305.24789424193,0.7892186553603876,0.7997202336981397
398,2624.0,2.114579,3927.0,1303.0,1305.2742622983758,0.7892186553603876,0.7997363893022637
399,2613.0,2.105714,3927.0,1314.0,1305.320171092579,0.7958812840702605,0.7997645174392948
400,2629.0,2.118608,3927.0,1298.0,1305.4146049192675,0.7861901877649909,0.799822376672228
401,2608.0,2.101685,3927.0,1319.0,1305.5166957311467,0.7989097516656571,0.7998849273097693
402,2640.0,2.127473,3927.0,1287.0,1305.5862421772197,0.7795275590551181,0.7999275381428163
403,2624.0,2.114579,3927.0,1303.0,1305.6522546971662,0.7892186553603876,0.799967983753272
404,2628.0,2.117802,3927.0,1299.0,1305.714916305656,0.7867958812840703,0.8000063762735025
405,2624.0,2.114579,3927.0,1303.0,1305.7263643090093,0.7892186553603876,0.800013390419978
406,2624.0,2.114579,3927.0,1303.0,1305.7380737618917,0.7892186553603876,0.8000205647555481
407,2599.0,2.094432,3927.0,1328.0,1305.7501841040505,0.8043609933373713,0.8000279847143958
408,2624.0,2.114579,3927.0,1303.0,1305.762834775235,0.7892186553603876,0.8000357357307053
409,2624.0,2.114579,3927.0,1303.0,1305.7761652151935,0.7892186553603876,0.8000439032386598
410,2625.0,2.115385,3927.0,1302.0,1305.6979107568254,0.7886129618413082,0.7999959570408456
411,2624.0,2.114579,3927.0,1303.0,1305.61461468005,0.7892186553603876,0.7999449218633295
412,2624.0,2.114579,3927.0,1303.0,1305.526337989757,0.7892186553603876,0.7998908350835672
413,2624.0,2.114579,3927.0,1303.0,1305.4331416908365,0.7892186553603876,0.7998337340790137
414,2624.0,2.114579,3927.0,1303.0,1305.3254776465085,0.7892186553603876,0.7997677687439454
415,2615.0,2.107326,3927.0,1312.0,1305.223274411332,0.7946698970321018,0.7997051492250934
416,2615.0,2.107326,3927.0,1312.0,1305.1163258672134,0.7946698970321018,0.7996396222741796
417,2628.0,2.117802,3927.0,1299.0,1305.0046930190435,0.7867958812840703,0.7995712252686602
418,2624.0,2.114579,3927.0,1303.0,1304.8788277300416,0.7892186553603876,0.7994941081028105
419,2629.0,2.118608,3927.0,1298.0,1304.749049413097,0.7861901877649909,0.7994145934401831
420,2631.0,2.12022,3927.0,1296.0,1304.6058012164451,0.7849788007268322,0.7993268258354173
421,2624.0,2.114579,3927.0,1303.0,1304.4497846963209,0.7892186553603876,0.7992312351292495
422,2624.0,2.114579,3927.0,1303.0,1304.2528652689648,0.7892186553603876,0.7991105833732424
423,2624.0,2.114579,3927.0,1303.0,1304.0561114263105,0.7892186553603876,0.7989900330703286
424,2624.0,2.114579,3927.0,1303.0,1303.8595231683576,0.7892186553603876,0.7988695842205077
425,2630.0,2.119414,3927.0,1297.0,1303.755504601955,0.7855844942459116,0.7988058524553776
426,2628.0,2.117802,3927.0,1299.0,1303.6960884536122,0.7867958812840703,0.7987694484157712
427,2628.0,2.117802,3927.0,1299.0,1303.6403195261914,0.7867958812840703,0.7987352790140302
428,2624.0,2.114579,3927.0,1303.0,1303.5883111144883,0.7892186553603876,0.7987034136654286
429,2615.0,2.107326,3927.0,1312.0,1303.540176513299,0.7946698970321018,0.798673921785241
430,2625.0,2.115385,3927.0,1302.0,1303.4132340522397,0.7886129618413082,0.7985961446403228
431,2615.0,2.107326,3927.0,1312.0,1303.2837424582779,0.7946698970321018,0.7985168056517353
432,2615.0,2.107326,3927.0,1312.0,1303.2441494131842,0.7946698970321018,0.7984925471492588
433,2624.0,2.114579,3927.0,1303.0,1303.208094651709,0.7892186553603876,0.7984704565391914
434,2615.0,2.107326,3927.0,1312.0,1303.102514360123,0.7946698970321018,0.7984057679112047
435,2615.0,2.107326,3927.0,1312.0,1302.9934175723788,0.7946698970321018,0.7983389247398995
436,2631.0,2.12022,3927.0,1296.0,1302.8808652933672,0.7849788007268322,0.7982699644027318
437,2609.0,2.102491,3927.0,1318.0,1302.764918527977,0.7983040581465778,0.798198924277156
438,2624.0,2.114579,3927.0,1303.0,1302.738042387948,0.7892186553603876,0.7981824573722258
439,2624.0,2.114579,3927.0,1303.0,1302.6850666129899,0.7892186553603876,0.7981499993239756
440,2628.0,2.117802,3927.0,1299.0,1302.5156743349887,0.7867958812840703,0.7980462133437435
441,2624.0,2.114579,3927.0,1303.0,1302.3759853379174,0.7892186553603876,0.7979606264465144
442,2628.0,2.117802,3927.0,1299.0,1302.2352331127643,0.7867958812840703,0.7978743881136356
443,2628.0,2.117802,3927.0,1299.0,1302.0934525194657,0.7867958812840703,0.7977875197036525
444,2628.0,2.117802,3927.0,1299.0,1301.9506784179587,0.7867958812840703,0.797700042575111
445,2612.0,2.104908,3927.0,1315.0,1301.816554809851,0.7964869775893398,0.7976178655697362
446,2625.0,2.115385,3927.0,1302.0,1301.6808581470796,0.7886129618413082,0.7975347247599772
447,2624.0,2.114579,3927.0,1303.0,1301.5436320045671,0.7892186553603876,0.7974506468440168
448,2624.0,2.114579,3927.0,1303.0,1301.4049199572344,0.7892186553603876,0.797365658520037
449,2624.0,2.114579,3927.0,1303.0,1301.2839838633429,0.7892186553603876,0.7972915614525788
450,2625.0,2.115385,3927.0,1302.0,1301.1603504818154,0.7886129618413082,0.7972158117676307
451,2624.0,2.114579,3927.0,1303.0,1301.0340808175429,0.7892186553603876,0.7971384468426486
452,2624.0,2.114579,3927.0,1303.0,1300.9052358754147,0.7892186553603876,0.7970595040550876
453,2624.0,2.114579,3927.0,1303.0,1300.7738766603209,0.7892186553603876,0.796979020782403
454,2608.0,2.101685,3927.0,1319.0,1300.6881098855015,0.7989097516656571,0.7969264718179461
455,2613.0,2.105714,3927.0,1314.0,1300.596704515851,0.7958812840702605,0.7968704681086884
456,2624.0,2.114579,3927.0,1303.0,1300.499765131181,0.7892186553603876,0.7968110737302683
457,2613.0,2.105714,3927.0,1314.0,1300.397396311303,0.7958812840702605,0.7967483527583231
458,2624.0,2.114579,3927.0,1303.0,1300.2897026360288,0.7892186553603876,0.7966823692684909
459,2629.0,2.118608,3927.0,1298.0,1300.1767886851692,0.7861901877649909,0.7966131873364093
460,2624.0,2.114579,3927.0,1303.0,1300.0587590385358,0.7892186553603876,0.7965408710377158
461,2612.0,2.104908,3927.0,1315.0,1299.93571827594,0.7964869775893398,0.7964654844480483
462,2631.0,2.12022,3927.0,1296.0,1299.8077709771928,0.7849788007268322,0.7963870916430444
463,2612.0,2.104908,3927.0,1315.0,1299.7296472435887,0.7964869775893398,0.7963392255397771
464,2631.0,2.12022,3927.0,1296.0,1299.6670065510614,0.7849788007268322,0.7963008458346743
465,2625.0,2.115385,3927.0,1302.0,1299.5898623816906,0.7886129618413082,0.796253579906547
466,2629.0,2.118608,3927.0,1298.0,1299.5175724585656,0.7861901877649909,0.7962092881559373
467,2631.0,2.12022,3927.0,1296.0,1299.4708104674007,0.7849788007268322,0.7961806372684948
468,2631.0,2.12022,3927.0,1296.0,1299.440782117557,0.7849788007268322,0.7961622390170512
469,2644.0,2.130696,3927.0,1283.0,1299.407776729082,0.7771047849788008,0.7961420167457867
470,2624.0,2.114579,3927.0,1303.0,1299.3815603133633,0.7892186553603876,0.7961259540513378
471,2624.0,2.114579,3927.0,1303.0,1299.3622897401178,0.7892186553603876,0.7961141470471609
472,2628.0,2.117802,3927.0,1299.0,1299.4160699081253,0.7867958812840703,0.796147097943858
473,2644.0,2.130696,3927.0,1283.0,1299.4699328684837,0.7771047849788008,0.7961800995671018
474,2636.0,2.124249,3927.0,1291.0,1299.4316923889503,0.7819503331314355,0.796156669776206
475,2636.0,2.124249,3927.0,1291.0,1299.3879701843032,0.7819503331314355,0.7961298813539665
476,2628.0,2.117802,3927.0,1299.0,1299.3389056942913,0.7867958812840703,0.796099819734567
477,2631.0,2.12022,3927.0,1296.0,1299.2846383586625,0.7849788007268322,0.796066570352191
478,2641.0,2.128278,3927.0,1286.0,1299.2253076171655,0.7789218655360388,0.796030218641022
479,2644.0,2.130696,3927.0,1283.0,1299.1226163428692,0.7771047849788008,0.7959673001025271
480,2631.0,2.12022,3927.0,1296.0,1299.017737607518,0.7849788007268322,0.7959030413152769
481,2636.0,2.124249,3927.0,1291.0,1298.9107759909232,0.7819503331314355,0.7958375063549086
482,2631.0,2.12022,3927.0,1296.0,1298.8018360728963,0.7849788007268322,0.7957707592970602
483,2640.0,2.127473,3927.0,1287.0,1298.6910224332485,0.7795275590551181,0.7957028642173691
484,2631.0,2.12022,3927.0,1296.0,1298.5784396517915,0.7849788007268322,0.7956338851914735
485,2628.0,2.117802,3927.0,1299.0,1298.5026288750164,0.7867958812840703,0.7955874362277273
486,2629.0,2.118608,3927.0,1298.0,1298.4226610507385,0.7861901877649909,0.7955384402573817
487,2628.0,2.117802,3927.0,1299.0,1298.3386756187062,0.7867958812840703,0.7954869827146205
488,2641.0,2.128278,3927.0,1286.0,1298.2508120186683,0.7789218655360388,0.795433149033627
489,2631.0,2.12022,3927.0,1296.0,1298.159209690373,0.7849788007268322,0.7953770246485852
490,2631.0,2.12022,3927.0,1296.0,1298.02557150689,0.7849788007268322,0.7952951450609623
491,2629.0,2.118608,3927.0,1298.0,1297.8910705399621,0.7861901877649909,0.7952127368493279
492,2631.0,2.12022,3927.0,1296.0,1297.7077656610522,0.7849788007268322,0.7951004266734245
493,2630.0,2.119414,3927.0,1297.0,1297.5750991983164,0.7855844942459116,0.7950191424552686
494,2641.0,2.128278,3927.0,1286.0,1297.441840116649,0.7789218655360388,0.7949374951418322
495,2624.0,2.114579,3927.0,1303.0,1297.3080929958617,0.7892186553603876,0.794855548808753
496,2624.0,2.114579,3927.0,1303.0,1297.1739624157663,0.7892186553603876,0.7947733675316689
497,2624.0,2.114579,3927.0,1303.0,1297.0779895228534,0.7892186553603876,0.7947145653189341
498,2631.0,2.12022,3927.0,1296.0,1296.9792452649388,0.7849788007268322,0.7946540651017997
499,2624.0,2.114579,3927.0,1303.0,1296.836800589838,0.7892186553603876,0.7945667898115172
500,2628.0,2.117802,3927.0,1299.0,1296.6437828609453,0.7867958812840703,0.7944485286107607
501,2624.0,2.114579,3927.0,1303.0,1296.5022663316704,0.7892186553603876,0.7943618219917628
502,2640.0,2.127473,3927.0,1287.0,1296.3129742585586,0.7795275590551181,0.7942458434856001
503,2624.0,2.114579,3927.0,1303.0,1296.127303261416,0.7892186553603876,0.7941320835983934
504,2628.0,2.117802,3927.0,1299.0,1295.945314345133,0.7867958812840703,0.7940205797075981
505,2631.0,2.12022,3927.0,1296.0,1295.7670685145993,0.7849788007268322,0.7939113691906694
506,2629.0,2.118608,3927.0,1298.0,1295.5926267747047,0.7861901877649909,0.7938044894250628
507,2628.0,2.117802,3927.0,1299.0,1295.5144542371893,0.7867958812840703,0.7937565934198315
508,2629.0,2.118608,3927.0,1298.0,1295.4942537751208,0.7861901877649909,0.7937442166764425
509,2631.0,2.12022,3927.0,1296.0,1295.4808727882535,0.7849788007268322,0.7937360181985963
510,2631.0,2.12022,3927.0,1296.0,1295.4744942912569,0.7849788007268322,0.793732110118659
511,2615.0,2.107326,3927.0,1312.0,1295.5137378654813,0.7946698970321018,0.7937561545017132
512,2631.0,2.12022,3927.0,1296.0,1295.465348786751,0.7849788007268322,0.7937265067041406
513,2636.0,2.124249,3927.0,1291.0,1295.4159487698441,0.7819503331314355,0.7936962395087367
514,2636.0,2.124249,3927.0,1291.0,1295.365677254509,0.7819503331314355,0.7936654383496852
515,2628.0,2.117802,3927.0,1299.0,1295.314673680494,0.7867958812840703,0.7936341886611696
516,2624.0,2.114579,3927.0,1303.0,1295.2220089956147,0.7892186553603876,0.7935774133744412
517,2624.0,2.114579,3927.0,1303.0,1295.167292838295,0.7892186553603876,0.7935438890007863
518,2624.0,2.114579,3927.0,1303.0,1295.1019609586212,0.7892186553603876,0.7935038604159397
519,2625.0,2.115385,3927.0,1302.0,1295.0357532230269,0.7886129618413082,0.7934632951976269
520,2629.0,2.118608,3927.0,1298.0,1294.9688003562765,0.7861901877649909,0.7934222734403955
521,2631.0,2.12022,3927.0,1296.0,1294.8730636394375,0.7849788007268322,0.793363615931809
522,2636.0,2.124249,3927.0,1291.0,1294.808276446281,0.7819503331314355,0.7933239210742419
523,2629.0,2.118608,3927.0,1298.0,1294.7149407076124,0.7861901877649909,0.793266734635505
524,2629.0,2.118608,3927.0,1298.0,1294.6246203535047,0.7861901877649909,0.7932113957109886
525,2628.0,2.117802,3927.0,1299.0,1294.5374199637706,0.7867958812840703,0.7931579683763311
526,2641.0,2.128278,3927.0,1286.0,1294.4534441182211,0.7789218655360388,0.7931065167071699
527,2636.0,2.124249,3927.0,1291.0,1294.3247516883177,0.7819503331314355,0.7930276673632471
528,2631.0,2.12022,3927.0,1296.0,1294.2027392938671,0.7849788007268322,0.7929529108506839
529,2636.0,2.124249,3927.0,1291.0,1294.0874679397589,0.7819503331314355,0.7928822845469351
530,2629.0,2.118608,3927.0,1298.0,1293.9789986308836,0.7861901877649909,0.7928158258294566
531,2636.0,2.124249,3927.0,1291.0,1293.8773923721303,0.7819503331314355,0.7927535720757032
532,2631.0,2.12022,3927.0,1296.0,1293.7827101683897,0.7849788007268322,0.7926955606631305
533,2644.0,2.130696,3927.0,1283.0,1293.6950130245511,0.7771047849788008,0.7926418289691936
534,2640.0,2.127473,3927.0,1287.0,1293.6143619455056,0.7795275590551181,0.7925924143713483
535,2624.0,2.114579,3927.0,1303.0,1293.5408179361423,0.7892186553603876,0.7925473542470496
536,2636.0,2.124249,3927.0,1291.0,1293.4744420013512,0.7819503331314355,0.7925066859737528
537,2631.0,2.12022,3927.0,1296.0,1293.4152951460226,0.7849788007268322,0.7924704469289136
538,2640.0,2.127473,3927.0,1287.0,1293.353171252063,0.7795275590551181,0.7924323838642537
539,2631.0,2.12022,3927.0,1296.0,1293.256663259115,0.7849788007268322,0.792373253797839
540,2645.0,2.131502,3927.0,1282.0,1293.164225163827,0.7764990914597214,0.792316617341659
541,2630.0,2.119414,3927.0,1297.0,1293.0553401502013,0.7855844942459116,0.7922499039235206
542,2625.0,2.115385,3927.0,1302.0,1292.9492265015774,0.7886129618413082,0.7921848885097815
543,2631.0,2.12022,3927.0,1296.0,1292.8568093222518,0.7849788007268322,0.7921282648687291
544,2631.0,2.12022,3927.0,1296.0,1292.7691461668524,0.7849788007268322,0.7920745539993747
545,2630.0,2.119414,3927.0,1297.0,1292.6766366086933,0.7855844942459116,0.7920178737581756
546,2640.0,2.127473,3927.0,1287.0,1292.5786226664616,0.7795275590551181,0.7919578210025779
547,2631.0,2.12022,3927.0,1296.0,1292.4840467855292,0.7849788007268322,0.7918998747335703
548,2641.0,2.128278,3927.0,1286.0,1292.383291109242,0.7789218655360388,0.7918381421283369
549,2640.0,2.127473,3927.0,1287.0,1292.2962144722849,0.7795275590551181,0.7917847906165175
550,2640.0,2.127473,3927.0,1287.0,1292.2125410366896,0.7795275590551181,0.7917335242327418
551,2640.0,2.127473,3927.0,1287.0,1292.0809264725567,0.7795275590551181,0.7916528845087087
552,2640.0,2.127473,3927.0,1287.0,1292.0070190483486,0.7795275590551181,0.7916076017215689
553,2640.0,2.127473,3927.0,1287.0,1291.8811703178167,0.7795275590551181,0.7915304947010284
554,2636.0,2.124249,3927.0,1291.0,1291.8027180293059,0.7819503331314355,0.7914824272934664
555,2628.0,2.117802,3927.0,1299.0,1291.6722808595487,0.7867958812840703,0.7914025089543208
556,2631.0,2.12022,3927.0,1296.0,1291.5924864634578,0.7849788007268322,0.7913536192427411
557,2636.0,2.124249,3927.0,1291.0,1291.5152891326832,0.7819503331314355,0.7913063207428314
558,2628.0,2.117802,3927.0,1299.0,1291.4887345755747,0.7867958812840703,0.7912900508704873
559,2640.0,2.127473,3927.0,1287.0,1291.4615307521367,0.7795275590551181,0.7912733831952256
560,2645.0,2.131502,3927.0,1282.0,1291.472157803971,0.7764990914597214,0.7912798943479452
561,2645.0,2.131502,3927.0,1282.0,1291.4796256740028,0.7764990914597214,0.7912844698824422
562,2640.0,2.127473,3927.0,1287.0,1291.4840127970904,0.7795275590551181,0.7912871578554443
563,2631.0,2.12022,3927.0,1296.0,1291.485397608093,0.7849788007268322,0.7912880063236806
564,2640.0,2.127473,3927.0,1287.0,1291.483858541869,0.7795275590551181,0.791287063343879
565,2640.0,2.127473,3927.0,1287.0,1291.4897411562597,0.7795275590551181,0.7912906675985006
566,2631.0,2.12022,3927.0,1296.0,1291.483256336455,0.7849788007268322,0.7912866943749983
567,2631.0,2.12022,3927.0,1296.0,1291.4740916589835,0.7849788007268322,0.7912810792132796
568,2624.0,2.114579,3927.0,1303.0,1291.4623255587035,0.7892186553603876,0.7912738701700723
569,2636.0,2.124249,3927.0,1291.0,1291.4583035934575,0.7819503331314355,0.7912714059278386
570,2647.0,2.133114,3927.0,1280.0,1291.4140672047374,0.7752877044215627,0.7912443024670469
571,2628.0,2.117802,3927.0,1299.0,1291.3329585890167,0.7867958812840703,0.7911946075382864
572,2641.0,2.128278,3927.0,1286.0,1291.266988772493,0.7789218655360388,0.7911541880920494
573,2640.0,2.127473,3927.0,1287.0,1291.247643250383,0.7795275590551181,0.7911423351669987
574,2647.0,2.133114,3927.0,1280.0,1291.2365464608959,0.7752877044215627,0.791135536207873
575,2631.0,2.12022,3927.0,1296.0,1291.2337594089222,0.7849788007268322,0.7911338285921278
576,2640.0,2.127473,3927.0,1287.0,1291.2393430993523,0.7795275590551181,0.7911372496972184
577,2628.0,2.117802,3927.0,1299.0,1291.212290045142,0.7867958812840703,0.7911206743976675
578,2624.0,2.114579,3927.0,1303.0,1291.1910629579254,0.7892186553603876,0.7911076686451017
579,2631.0,2.12022,3927.0,1296.0,1291.1756879826542,0.7849788007268322,0.7910982484584297
580,2636.0,2.124249,3927.0,1291.0,1291.2142369726312,0.7819503331314355,0.7911218672724567
581,2631.0,2.12022,3927.0,1296.0,1291.2451769098307,0.7849788007268322,0.7911408240498757
582,2631.0,2.12022,3927.0,1296.0,1291.2781779408135,0.7849788007268322,0.7911610436513218
583,2660.0,2.14359,3927.0,1267.0,1291.3517376371485,0.7674136886735312,0.7912061133869661
584,2630.0,2.119414,3927.0,1297.0,1291.4248833717306,0.7855844942459116,0.7912509294898781
585,2636.0,2.124249,3927.0,1291.0,1291.477176763419,0.7819503331314355,0.791282969444592
586,2640.0,2.127473,3927.0,1287.0,1291.5375236720838,0.7795275590551181,0.7913199437573745
587,2640.0,2.127473,3927.0,1287.0,1291.624571549593,0.7795275590551181,0.7913732776483936
588,2644.0,2.130696,3927.0,1283.0,1291.707632321793,0.7771047849788008,0.7914241686557248
589,2636.0,2.124249,3927.0,1291.0,1291.786819283479,0.7819503331314355,0.791472686194642
590,2647.0,2.133114,3927.0,1280.0,1291.902656240067,0.7752877044215627,0.791543659040798
591,2640.0,2.127473,3927.0,1287.0,1292.0469981672463,0.7795275590551181,0.7916320967699416
592,2624.0,2.114579,3927.0,1303.0,1292.1603905707434,0.7892186553603876,0.7917015718480661
593,2641.0,2.128278,3927.0,1286.0,1292.2718090303,0.7789218655360388,0.7917698374985283
594,2628.0,2.117802,3927.0,1299.0,1292.3910108423195,0.7867958812840703,0.7918428719783279
595,2640.0,2.127473,3927.0,1287.0,1292.5078857535354,0.7795275590551181,0.7919144807751882
596,2641.0,2.128278,3927.0,1286.0,1292.612323510682,0.7789218655360388,0.7919784693768329
597,2636.0,2.124249,3927.0,1291.0,1292.7044722684918,0.7819503331314355,0.7920349285570819
598,2631.0,2.12022,3927.0,1296.0,1292.804347731366,0.7849788007268322,0.7920961218590308
599,2652.0,2.137143,3927.0,1275.0,1292.8922217893858,0.7722592368261659,0.7921499619475884
600,2624.0,2.114579,3927.0,1303.0,1292.9579667593143,0.7892186553603876,0.7921902436312039
601,2640.0,2.127473,3927.0,1287.0,1293.0209229342731,0.7795275590551181,0.7922288166311473
602,2628.0,2.117802,3927.0,1299.0,1293.081212324041,0.7867958812840703,0.7922657557023286
603,2628.0,2.117802,3927.0,1299.0,1293.1389569383987,0.7867958812840703,0.792301135599659
604,2640.0,2.127473,3927.0,1287.0,1293.194278787126,0.7795275590551181,0.792335031078049
605,2644.0,2.130696,3927.0,1283.0,1293.1479185567366,0.7771047849788008,0.792306626347848
606,2624.0,2.114579,3927.0,1303.0,1293.099292430434,0.7892186553603876,0.7922768333121633
607,2631.0,2.12022,3927.0,1296.0,1293.0484352681547,0.7849788007268322,0.7922456733295403
608,2636.0,2.124249,3927.0,1291.0,1292.9953819298364,0.7819503331314355,0.7922131677585255
609,2631.0,2.12022,3927.0,1296.0,1292.940167275416,0.7849788007268322,0.7921793379576642
610,2625.0,2.115385,3927.0,1302.0,1292.8828261648307,0.7886129618413082,0.7921442052855029
611,2640.0,2.127473,3927.0,1287.0,1292.8233934580178,0.7795275590551181,0.7921077911005872
612,2624.0,2.114579,3927.0,1303.0,1292.7619040149139,0.7892186553603876,0.7920701167614628
613,2631.0,2.12022,3927.0,1296.0,1292.6983926954565,0.7849788007268322,0.7920312036266759
614,2640.0,2.127473,3927.0,1287.0,1292.684229974499,0.7795275590551181,0.7920225261834378
615,2631.0,2.12022,3927.0,1296.0,1292.7098851452297,0.7849788007268322,0.7920382450052975
616,2629.0,2.118608,3927.0,1298.0,1292.7344030105116,0.7861901877649909,0.7920532670045971
617,2631.0,2.12022,3927.0,1296.0,1292.7578968651405,0.7849788007268322,0.7920676615966107
618,2636.0,2.124249,3927.0,1291.0,1292.7804800039119,0.7819503331314355,0.7920814981966126
619,2629.0,2.118608,3927.0,1298.0,1292.8022657216213,0.7861901877649909,0.7920948462198767
620,2628.0,2.117802,3927.0,1299.0,1292.784930746385,0.7867958812840703,0.7920842251489612
621,2630.0,2.119414,3927.0,1297.0,1292.8080585716737,0.7855844942459116,0.7920983954762426
622,2624.0,2.114579,3927.0,1303.0,1292.8306940003506,0.7892186553603876,0.7921122641140632
623,2640.0,2.127473,3927.0,1287.0,1292.7605462203624,0.7795275590551181,0.7920692848460996
624,2625.0,2.115385,3927.0,1302.0,1292.7033506500145,0.7886129618413082,0.7920342413458673
625,2637.0,2.125055,3927.0,1290.0,1292.6386253332466,0.7813446396123561,0.7919945843997193
626,2636.0,2.124249,3927.0,1291.0,1292.5664225599644,0.7819503331314355,0.7919503460454743
627,2624.0,2.114579,3927.0,1303.0,1292.4867946200732,0.7892186553603876,0.7919015583209511
628,2630.0,2.119414,3927.0,1297.0,1292.399793803479,0.7855844942459116,0.7918482532639688
629,2640.0,2.127473,3927.0,1287.0,1292.3150815417575,0.7795275590551181,0.7917963503955253
630,2628.0,2.117802,3927.0,1299.0,1292.2635202087486,0.7867958812840703,0.7917647589702753
631,2640.0,2.127473,3927.0,1287.0,1292.1971599609294,0.7795275590551181,0.7917241003083243
632,2631.0,2.12022,3927.0,1296.0,1292.135964212796,0.7849788007268322,0.7916866059149492
633,2640.0,2.127473,3927.0,1287.0,1292.1274165562113,0.7795275590551181,0.7916813687994928
634,2629.0,2.118608,3927.0,1298.0,1292.0524075579906,0.7861901877649909,0.7916354110823027
635,2636.0,2.124249,3927.0,1291.0,1291.9726358208586,0.7819503331314355,0.7915865352537776
636,2631.0,2.12022,3927.0,1296.0,1291.8471287177108,0.7849788007268322,0.7915096375469873
637,2644.0,2.130696,3927.0,1283.0,1291.6855563951065,0.7771047849788008,0.7914106428225658
638,2640.0,2.127473,3927.0,1287.0,1291.5187550819326,0.7795275590551181,0.7913084443162582
639,2647.0,2.133114,3927.0,1280.0,1291.3467596381263,0.7752877044215627,0.7912030633866106
640,2644.0,2.130696,3927.0,1283.0,1291.169604923625,0.7771047849788008,0.7910945213921691
641,2640.0,2.127473,3927.0,1287.0,1291.0283942902984,0.7795275590551181,0.7910080021944114
642,2640.0,2.127473,3927.0,1287.0,1290.8559334663314,0.7795275590551181,0.790902336128176
643,2628.0,2.117802,3927.0,1299.0,1290.7632304355216,0.7867958812840703,0.7908455373470472
644,2645.0,2.131502,3927.0,1282.0,1290.5913883754386,0.7764990914597214,0.7907402503950016
645,2631.0,2.12022,3927.0,1296.0,1290.4192979383035,0.7849788007268322,0.7906348112633164
646,2646.0,2.132308,3927.0,1281.0,1290.2470026990381,0.775893397940642,0.7905292466501741
647,2636.0,2.124249,3927.0,1291.0,1290.0745462325635,0.7819503331314355,0.7904235832537571
648,2631.0,2.12022,3927.0,1296.0,1289.860903621868,0.7849788007268322,0.7902926852693151
649,2629.0,2.118608,3927.0,1298.0,1289.6733475736253,0.7861901877649909,0.7901777704187386
650,2631.0,2.12022,3927.0,1296.0,1289.4522841538133,0.7849788007268322,0.7900423257338369
651,2644.0,2.130696,3927.0,1283.0,1289.3497549782244,0.7771047849788008,0.7899795065125805
652,2624.0,2.114579,3927.0,1303.0,1289.1972540827599,0.7892186553603876,0.7898860698157675
653,2636.0,2.124249,3927.0,1291.0,1289.0942325105593,0.7819503331314355,0.7898229489050504
654,2628.0,2.117802,3927.0,1299.0,1288.9927578480688,0.7867958812840703,0.7897607757798077
655,2631.0,2.12022,3927.0,1296.0,1288.9025525317538,0.7849788007268322,0.789705507338493
656,2640.0,2.127473,3927.0,1287.0,1288.8326897317515,0.7795275590551181,0.7896627026766421
657,2628.0,2.117802,3927.0,1299.0,1288.7627746418434,0.7867958812840703,0.7896198659769722
658,2640.0,2.127473,3927.0,1287.0,1288.692946701778,0.7795275590551181,0.7895770826736671
659,2644.0,2.130696,3927.0,1283.0,1288.5720097363878,0.7771047849788008,0.7895029850722449
660,2636.0,2.124249,3927.0,1291.0,1288.4961510271987,0.7819503331314355,0.7894565067404978
661,2644.0,2.130696,3927.0,1283.0,1288.414174399044,0.7771047849788008,0.7894062799839446
662,2645.0,2.131502,3927.0,1282.0,1288.285150799738,0.7764990914597214,0.7893272277338358
663,2646.0,2.132308,3927.0,1281.0,1288.1764488007823,0.775893397940642,0.7892606264480634
664,2640.0,2.127473,3927.0,1287.0,1288.0573977579904,0.7795275590551181,0.7891876843439746
665,2641.0,2.128278,3927.0,1286.0,1287.928128396128,0.7789218655360388,0.7891084815161173
666,2645.0,2.131502,3927.0,1282.0,1287.7887714399583,0.7764990914597214,0.7890230980590384
667,2647.0,2.133114,3927.0,1280.0,1287.6394576142457,0.7752877044215627,0.7889316140672847
668,2636.0,2.124249,3927.0,1291.0,1287.4707085020848,0.7819503331314355,0.7888282221522247
669,2652.0,2.137143,3927.0,1275.0,1287.225649244549,0.7722592368261659,0.7886780753122482
670,2647.0,2.133114,3927.0,1280.0,1286.9666015657415,0.7752877044215627,0.7885193578217633
671,2644.0,2.130696,3927.0,1283.0,1286.7134940202209,0.7771047849788008,0.7883642798275007
672,2646.0,2.132308,3927.0,1281.0,1286.497188981827,0.775893397940642,0.7882317505841152
673,2655.0,2.13956,3927.0,1272.0,1286.2382772567744,0.7704421562689279,0.7880731163919592
674,2636.0,2.124249,3927.0,1291.0,1286.0163249085654,0.7819503331314355,0.7879371270641369
675,2645.0,2.131502,3927.0,1282.0,1285.792991235348,0.7764990914597214,0.7878002914039332
676,2645.0,2.131502,3927.0,1282.0,1285.5683721019482,0.7764990914597214,0.7876626681473486
677,2646.0,2.132308,3927.0,1281.0,1285.3425633731945,0.775893397940642,0.7875243160303856
678,2629.0,2.118608,3927.0,1298.0,1285.1669965288293,0.7861901877649909,0.7874167469177099
679,2645.0,2.131502,3927.0,1282.0,1284.9937653002517,0.7764990914597214,0.78731060882761
680,2636.0,2.124249,3927.0,1291.0,1284.8230091272103,0.7819503331314355,0.7872059871942693
681,2647.0,2.133114,3927.0,1280.0,1284.6548674494538,0.7752877044215627,0.7871029674518717
682,2628.0,2.117802,3927.0,1299.0,1284.489479706731,0.7867958812840703,0.7870016350346009
683,2640.0,2.127473,3927.0,1287.0,1284.375031047139,0.7795275590551181,0.7869315127925355
684,2640.0,2.127473,3927.0,1287.0,1284.2603688704323,0.7795275590551181,0.7868612597293766
685,2640.0,2.127473,3927.0,1287.0,1284.1456761912805,0.7795275590551181,0.7867909879774899
686,2647.0,2.133114,3927.0,1280.0,1284.0311360243538,0.7752877044215627,0.7867208096692417
687,2636.0,2.124249,3927.0,1291.0,1283.916931384322,0.7819503331314355,0.7866508369369979
688,2640.0,2.127473,3927.0,1287.0,1283.8032452858547,0.7795275590551181,0.7865811819131242
689,2647.0,2.133114,3927.0,1280.0,1283.6902607436223,0.7752877044215627,0.786511956729987
690,2647.0,2.133114,3927.0,1280.0,1283.5781607722947,0.7752877044215627,0.7864432735199522
691,2631.0,2.12022,3927.0,1296.0,1283.4671283865416,0.7849788007268322,0.7863752444153858
692,2644.0,2.130696,3927.0,1283.0,1283.357346601033,0.7771047849788008,0.7863079815486537
693,2631.0,2.12022,3927.0,1296.0,1283.2489984304389,0.7849788007268322,0.7862415970521219
694,2644.0,2.130696,3927.0,1283.0,1283.1813614374223,0.7771047849788008,0.7862001561334272
695,2647.0,2.133114,3927.0,1280.0,1283.1142429859701,0.7752877044215627,0.7861590329231025
696,2640.0,2.127473,3927.0,1287.0,1283.0581280736737,0.7795275590551181,0.7861246515377935
697,2636.0,2.124249,3927.0,1291.0,1282.9933670254702,0.7819503331314355,0.7860849726991359
698,2653.0,2.137949,3927.0,1274.0,1282.929786857637,0.7716535433070866,0.7860460173812208
699,2640.0,2.127473,3927.0,1287.0,1282.8778725677644,0.7795275590551181,0.7860142097006934
700,2653.0,2.137949,3927.0,1274.0,1282.8179744807908,0.7716535433070866,0.7859775103791898
701,2647.0,2.133114,3927.0,1280.0,1282.731092187983,0.7752877044215627,0.7859242779412636
702,2644.0,2.130696,3927.0,1283.0,1282.648218787945,0.7771047849788008,0.7858735017361167
703,2646.0,2.132308,3927.0,1281.0,1282.507943272432,0.775893397940642,0.785787555481353
704,2655.0,2.13956,3927.0,1272.0,1282.4193955461276,0.7704421562689279,0.7857333026388961
705,2646.0,2.132308,3927.0,1281.0,1282.2833773004368,0.775893397940642,0.7856499647965514
706,2645.0,2.131502,3927.0,1282.0,1282.2186275817128,0.7764990914597214,0.7856102928994211
707,2647.0,2.133114,3927.0,1280.0,1282.1375485969386,0.7752877044215627,0.7855606161254246
708,2653.0,2.137949,3927.0,1274.0,1282.080075890091,0.7716535433070866,0.7855254028247526
709,2660.0,2.14359,3927.0,1267.0,1281.9841491865943,0.7674136886735312,0.7854666289120908
710,2644.0,2.130696,3927.0,1283.0,1281.9357583648673,0.7771047849788008,0.7854369800465909
711,2654.0,2.138755,3927.0,1273.0,1281.8523176193526,0.7710478497880072,0.7853858562311093
712,2655.0,2.13956,3927.0,1272.0,1281.7621794084168,0.7704421562689279,0.7853306289049955
713,2636.0,2.124249,3927.0,1291.0,1281.6655267467297,0.7819503331314355,0.7852714102006153
714,2644.0,2.130696,3927.0,1283.0,1281.5625426489619,0.7771047849788008,0.7852083122503353
715,2644.0,2.130696,3927.0,1283.0,1281.4534101297825,0.7771047849788008,0.7851414471865207
716,2636.0,2.124249,3927.0,1291.0,1281.3383122038615,0.7819503331314355,0.7850709271415379
717,2631.0,2.12022,3927.0,1296.0,1281.2078227441991,0.7849788007268322,0.7849909767645737
718,2644.0,2.130696,3927.0,1283.0,1281.0723831734645,0.7771047849788008,0.7849079934740909
719,2631.0,2.12022,3927.0,1296.0,1280.8841220829934,0.7849788007268322,0.7847926466469235
720,2660.0,2.14359,3927.0,1267.0,1280.6945058124663,0.7674136886735312,0.7846764695062839
721,2641.0,2.128278,3927.0,1286.0,1280.5447335785807,0.7789218655360388,0.7845847046496518
722,2647.0,2.133114,3927.0,1280.0,1280.447870014274,0.7752877044215627,0.7845253567260689
723,2628.0,2.117802,3927.0,1299.0,1280.35607857082,0.7867958812840703,0.7844691164709156
724,2644.0,2.130696,3927.0,1283.0,1280.269568407841,0.7771047849788008,0.7844161120354669
725,2631.0,2.12022,3927.0,1296.0,1280.2462035349795,0.7849788007268322,0.7844017964700731
726,2631.0,2.12022,3927.0,1296.0,1280.2246426638644,0.7849788007268322,0.78438858620943
727,2647.0,2.133114,3927.0,1280.0,1280.1474923940048,0.7752877044215627,0.7843413165435571
728,2647.0,2.133114,3927.0,1280.0,1280.1342194729425,0.7752877044215627,0.7843331842772032
729,2640.0,2.127473,3927.0,1287.0,1280.1427008956468,0.7795275590551181,0.7843383808114227
730,2647.0,2.133114,3927.0,1280.0,1280.152681295647,0.7752877044215627,0.7843444957631155
731,2647.0,2.133114,3927.0,1280.0,1280.1131039375248,0.7752877044215627,0.7843202468719844
732,2644.0,2.130696,3927.0,1283.0,1280.0722498342052,0.7771047849788008,0.7842952157241094
733,2644.0,2.130696,3927.0,1283.0,1280.030354290264,0.7771047849788008,0.7842695464896756
734,2645.0,2.131502,3927.0,1282.0,1279.9465841183435,0.7764990914597214,0.7842182208359352
735,2652.0,2.137143,3927.0,1275.0,1279.859576329762,0.7722592368261659,0.7841649115072438
736,2652.0,2.137143,3927.0,1275.0,1279.7695313691581,0.7722592368261659,0.7841097413152402
737,2655.0,2.13956,3927.0,1272.0,1279.666382558187,0.7704421562689279,0.7840465424458306
738,2660.0,2.14359,3927.0,1267.0,1279.5771751075724,0.7674136886735312,0.7839918853928923
739,2676.0,2.156484,3927.0,1251.0,1279.4796099870314,0.7577225923682617,0.7839321076285733
740,2655.0,2.13956,3927.0,1272.0,1279.460378631215,0.7704421562689279,0.7839203246527603
741,2646.0,2.132308,3927.0,1281.0,1279.4170974047722,0.775893397940642,0.7838938064161263
742,2660.0,2.14359,3927.0,1267.0,1279.3596543288709,0.7674136886735312,0.7838586112702182
743,2663.0,2.146007,3927.0,1264.0,1279.2883282830073,0.7655966081162932,0.7838149100834026
744,2645.0,2.131502,3927.0,1282.0,1279.1553524383294,0.7764990914597214,0.7837334363081518
745,2644.0,2.130696,3927.0,1283.0,1279.0116397330153,0.7771047849788008,0.7836453841007619
746,2654.0,2.138755,3927.0,1273.0,1278.8952040570066,0.7710478497880072,0.7835740444215796
747,2636.0,2.124249,3927.0,1291.0,1278.7652470828841,0.7819503331314355,0.7834944202964044
748,2647.0,2.133114,3927.0,1280.0,1278.6226969564732,0.7752877044215627,0.7834070803965202
749,2644.0,2.130696,3927.0,1283.0,1278.458214700617,0.7771047849788008,0.7833063027674791
750,2652.0,2.137143,3927.0,1275.0,1278.2631106044873,0.7722592368261659,0.7831867632577504
751,2647.0,2.133114,3927.0,1280.0,1278.0588209149237,0.7752877044215627,0.7830615957711751
752,2647.0,2.133114,3927.0,1280.0,1277.8744170764958,0.7752877044215627,0.782948612267112
753,2644.0,2.130696,3927.0,1283.0,1277.679367884767,0.7771047849788008,0.7828291063970929
754,2653.0,2.137949,3927.0,1274.0,1277.4739435042502,0.7716535433070866,0.7827032436898486
755,2644.0,2.130696,3927.0,1283.0,1277.2584140994575,0.7771047849788008,0.7825711896741094
756,2653.0,2.137949,3927.0,1274.0,1277.084385449818,0.7716535433070866,0.7824645630072719
757,2647.0,2.133114,3927.0,1280.0,1276.9041255864165,0.7752877044215627,0.7823541185003534
758,2640.0,2.127473,3927.0,1287.0,1276.6891208236777,0.7795275590551181,0.7822223859307303
759,2652.0,2.137143,3927.0,1275.0,1276.4704601250323,0.7722592368261659,0.7820884133836052
760,2640.0,2.127473,3927.0,1287.0,1276.2388219432921,0.7795275590551181,0.781946489583803
761,2652.0,2.137143,3927.0,1275.0,1276.0047522809366,0.7722592368261659,0.7818030760254234
762,2660.0,2.14359,3927.0,1267.0,1275.7685300174635,0.7674136886735312,0.7816583435768343
763,2655.0,2.13956,3927.0,1272.0,1275.5304340323696,0.7704421562689279,0.7815124631064028
764,2652.0,2.137143,3927.0,1275.0,1275.290743205152,0.7722592368261659,0.7813656054824959
765,2647.0,2.133114,3927.0,1280.0,1275.0497364153077,0.7752877044215627,0.7812179415734811
766,2644.0,2.130696,3927.0,1283.0,1274.7666240504009,0.7771047849788008,0.7810444797447933
767,2661.0,2.144396,3927.0,1266.0,1274.480086696671,0.7668079951544519,0.7808689194389701
768,2647.0,2.133114,3927.0,1280.0,1274.190368373678,0.7752877044215627,0.7806914101658331
769,2655.0,2.13956,3927.0,1272.0,1273.9361496676613,0.7704421562689279,0.7805356513679197
770,2647.0,2.133114,3927.0,1280.0,1273.6766409661852,0.7752877044215627,0.780376651410665
771,2660.0,2.14359,3927.0,1267.0,1273.4531896406795,0.7674136886735312,0.7802397436653686
772,2655.0,2.13956,3927.0,1272.0,1273.186604371966,0.7704421562689279,0.780076407923295
773,2660.0,2.14359,3927.0,1267.0,1272.9156006062215,0.7674136886735312,0.7799103649855278
774,2652.0,2.137143,3927.0,1275.0,1272.6500663646125,0.7722592368261659,0.7797476732036133
775,2668.0,2.150037,3927.0,1259.0,1272.3594878726708,0.7625681405208964,0.779569636908356
776,2647.0,2.133114,3927.0,1280.0,1272.0825718615893,0.7752877044215627,0.7793999715612033
777,2658.0,2.141978,3927.0,1269.0,1271.7990716798818,0.7686250757116899,0.7792262721186922
778,2647.0,2.133114,3927.0,1280.0,1271.5092749220303,0.7752877044215627,0.7790487147888269
779,2652.0,2.137143,3927.0,1275.0,1271.2134691825158,0.7722592368261659,0.7788674757796108
780,2647.0,2.133114,3927.0,1280.0,1270.9016749328368,0.7752877044215627,0.7786764406733149
781,2654.0,2.138755,3927.0,1273.0,1270.58378019416,0.7710478497880072,0.7784816678214853
782,2647.0,2.133114,3927.0,1280.0,1270.2703309689657,0.7752877044215627,0.7782896187182224
783,2663.0,2.146007,3927.0,1264.0,1270.009002578771,0.7655966081162932,0.7781295038448713
784,2655.0,2.13956,3927.0,1272.0,1269.6954897341916,0.7704421562689279,0.7779374157622623
785,2661.0,2.144396,3927.0,1266.0,1269.4096025182891,0.7668079951544519,0.7777622537933203
786,2652.0,2.137143,3927.0,1275.0,1269.114560211398,0.7722592368261659,0.7775814825362596
787,2672.0,2.15326,3927.0,1255.0,1268.8107026979048,0.7601453664445791,0.7773953102369028
788,2663.0,2.146007,3927.0,1264.0,1268.5868260811662,0.7655966081162932,0.7772581419173463
789,2660.0,2.14359,3927.0,1267.0,1268.3529185175184,0.7674136886735312,0.7771148276762053
790,2661.0,2.144396,3927.0,1266.0,1268.1093983262074,0.7668079951544519,0.7769656238160308
791,2652.0,2.137143,3927.0,1275.0,1267.856683826478,0.7722592368261659,0.7768107866393735
792,2676.0,2.156484,3927.0,1251.0,1267.6144116209161,0.7577225923682617,0.7766623474151424
793,2672.0,2.15326,3927.0,1255.0,1267.4028937233888,0.7601453664445791,0.7765327512340736
794,2655.0,2.13956,3927.0,1272.0,1267.1527048261044,0.7704421562689279,0.776379461484067
795,2655.0,2.13956,3927.0,1272.0,1266.9239181872213,0.7704421562689279,0.7762392848133197
796,2653.0,2.137949,3927.0,1274.0,1266.6881769908803,0.7716535433070866,0.776094847112664
797,2676.0,2.156484,3927.0,1251.0,1266.4459518462334,0.7577225923682617,0.7759464367224698
798,2653.0,2.137949,3927.0,1274.0,1266.1977133624314,0.7716535433070866,0.7757943419831067
799,2653.0,2.137949,3927.0,1274.0,1265.943932148626,0.7716535433070866,0.7756388512349446
800,2661.0,2.144396,3927.0,1266.0,1265.6542774450184,0.7668079951544519,0.7754613809411539
801,2663.0,2.146007,3927.0,1264.0,1265.3888225097662,0.7655966081162932,0.7752987377499312
802,2672.0,2.15326,3927.0,1255.0,1265.0691908747217,0.7601453664445791,0.7751029007085517
803,2652.0,2.137143,3927.0,1275.0,1264.745171245091,0.7722592368261659,0.7749043751602063
804,2672.0,2.15326,3927.0,1255.0,1264.417190655104,0.7601453664445791,0.7747034227470824
805,2655.0,2.13956,3927.0,1272.0,1264.0856761389903,0.7704421562689279,0.7745003051113671
806,2647.0,2.133114,3927.0,1280.0,1263.7311784663268,0.7752877044215627,0.7742831057863359
807,2663.0,2.146007,3927.0,1264.0,1263.3534492600616,0.7655966081162932,0.774051672592349
808,2663.0,2.146007,3927.0,1264.0,1262.8952258444679,0.7655966081162932,0.7737709209139734
809,2662.0,2.145201,3927.0,1265.0,1262.4389676578294,0.7662023016353725,0.773491373323623
810,2663.0,2.146007,3927.0,1264.0,1261.984997154565,0.7655966081162932,0.7732132273878477
811,2663.0,2.146007,3927.0,1264.0,1261.482301174177,0.7655966081162932,0.7729052275445318
812,2668.0,2.150037,3927.0,1259.0,1260.931158596163,0.7625681405208964,0.7725675446620427
813,2677.0,2.157289,3927.0,1250.0,1260.4311860483633,0.7571168988491823,0.7722612134551258
814,2677.0,2.157289,3927.0,1250.0,1259.9005254264096,0.7571168988491823,0.7719360797862836
815,2654.0,2.138755,3927.0,1273.0,1259.3202111815065,0.7710478497880072,0.7715805235386164
816,2668.0,2.150037,3927.0,1259.0,1258.7417880881926,0.7625681405208964,0.7712261259920645
817,2679.0,2.158901,3927.0,1248.0,1258.2519475811198,0.7559055118110236,0.7709260026465152
818,2677.0,2.157289,3927.0,1250.0,1257.7585731479205,0.7571168988491823,0.7706237140783747
819,2678.0,2.158095,3927.0,1249.0,1257.2722195060594,0.756511205330103,0.7703257271213798
820,2679.0,2.158901,3927.0,1248.0,1256.8554436842146,0.7559055118110236,0.7700703702201231
821,2662.0,2.145201,3927.0,1265.0,1256.4516061280358,0.7662023016353725,0.7698229405431797
822,2660.0,2.14359,3927.0,1267.0,1255.95471432718,0.7674136886735312,0.7695184968977572
823,2672.0,2.15326,3927.0,1255.0,1255.5247152596835,0.7601453664445791,0.7692550381660745
824,2673.0,2.154066,3927.0,1254.0,1255.1003373570488,0.7595396729254997,0.7689950234999192
825,2678.0,2.158095,3927.0,1249.0,1254.62425693866,0.756511205330103,0.768703330906403
826,2677.0,2.157289,3927.0,1250.0,1254.1583556219132,0.7571168988491823,0.7684178750082915
827,2676.0,2.156484,3927.0,1251.0,1253.702912286305,0.7577225923682617,0.7681388266739516
828,2679.0,2.158901,3927.0,1248.0,1253.2582058113333,0.7559055118110236,0.7678663567717511
829,2668.0,2.150037,3927.0,1259.0,1252.8245150764944,0.7625681405208964,0.7676006361700569
830,2673.0,2.154066,3927.0,1254.0,1252.4021189612859,0.7595396729254997,0.7673418357372365
831,2676.0,2.156484,3927.0,1251.0,1251.9912963452045,0.7577225923682617,0.767090126341657
832,2655.0,2.13956,3927.0,1272.0,1251.592326107747,0.7704421562689279,0.7668456788516854
833,2663.0,2.146007,3927.0,1264.0,1251.2054871284113,0.7655966081162932,0.7666086641356896
834,2677.0,2.157289,3927.0,1250.0,1250.7797226717773,0.7571168988491823,0.7663477999333708
835,2676.0,2.156484,3927.0,1251.0,1250.363313750771,0.7577225923682617,0.76609266783081
836,2676.0,2.156484,3927.0,1251.0,1249.9564956699676,0.7577225923682617,0.7658434119981914
837,2672.0,2.15326,3927.0,1255.0,1249.5595037339424,0.7601453664445791,0.7656001766057001
838,2672.0,2.15326,3927.0,1255.0,1249.1725732472717,0.7601453664445791,0.7653631058235213
839,2672.0,2.15326,3927.0,1255.0,1248.84398522288,0.7601453664445791,0.7651617812377349
840,2668.0,2.150037,3927.0,1259.0,1248.570728633698,0.7625681405208964,0.7649943580039383
841,2672.0,2.15326,3927.0,1255.0,1248.330617744238,0.7601453664445791,0.7648472430095532
842,2679.0,2.158901,3927.0,1248.0,1248.1028089265913,0.7559055118110236,0.7647076654460186
843,2672.0,2.15326,3927.0,1255.0,1247.8773923721303,0.7601453664445791,0.7645695536126971
844,2672.0,2.15326,3927.0,1255.0,1247.6547253952097,0.7601453664445791,0.7644331264346833
845,2676.0,2.156484,3927.0,1251.0,1247.4043639412369,0.7577225923682617,0.7642797309598747
846,2676.0,2.156484,3927.0,1251.0,1247.1458574629532,0.7577225923682617,0.7641213450608149
847,2677.0,2.157289,3927.0,1250.0,1246.8897955377608,0.7571168988491823,0.7639644569297867
848,2688.0,2.166154,3927.0,1239.0,1246.636500620078,0.7504542701393095,0.7638092641333398
849,2668.0,2.150037,3927.0,1259.0,1246.3862951643239,0.7625681405208964,0.7636559642380242
850,2679.0,2.158901,3927.0,1248.0,1246.0818467748968,0.7559055118110236,0.7634694299113145
851,2676.0,2.156484,3927.0,1251.0,1245.7850283542086,0.7577225923682617,0.7632875704363398
852,2692.0,2.169377,3927.0,1235.0,1245.5173022940526,0.7480314960629921,0.7631235357358513
853,2679.0,2.158901,3927.0,1248.0,1245.2700050285534,0.7559055118110236,0.7629720176772279
854,2672.0,2.15326,3927.0,1255.0,1245.0331657441925,0.7601453664445791,0.7628269071823759
855,2688.0,2.166154,3927.0,1239.0,1244.8262990337769,0.7504542701393095,0.7627001607652947
856,2672.0,2.15326,3927.0,1255.0,1244.6291843907732,0.7601453664445791,0.7625793894014307
857,2695.0,2.171795,3927.0,1232.0,1244.421601308649,0.7462144155057541,0.7624522040662308
858,2679.0,2.158901,3927.0,1248.0,1244.243598626177,0.7559055118110236,0.7623431425251599
859,2676.0,2.156484,3927.0,1251.0,1244.0941741201643,0.7577225923682617,0.7622515907200234
860,2686.0,2.164542,3927.0,1241.0,1243.9415416284369,0.7516656571774682,0.7621580733946994
861,2692.0,2.169377,3927.0,1235.0,1243.7442971321675,0.7480314960629921,0.762037222470252
862,2692.0,2.169377,3927.0,1235.0,1243.540498096219,0.7480314960629921,0.7619123556052102
863,2692.0,2.169377,3927.0,1235.0,1243.3400238267745,0.7480314960629921,0.7617895258114846
864,2679.0,2.158901,3927.0,1248.0,1243.1431444883465,0.7559055118110236,0.7616688986178055
865,2679.0,2.158901,3927.0,1248.0,1242.9501302454473,0.7559055118110236,0.7615506395529035
866,2692.0,2.169377,3927.0,1235.0,1242.7612512625906,0.7480314960629921,0.7614349141455098
867,2704.0,2.179048,3927.0,1223.0,1242.5767777042888,0.74076317383404,0.7613218879243552
868,2694.0,2.170989,3927.0,1233.0,1242.4072468580375,0.7468201090248334,0.7612180170439031
869,2695.0,2.171795,3927.0,1232.0,1242.2433284616643,0.7462144155057541,0.761117584889342
870,2695.0,2.171795,3927.0,1232.0,1242.1366370095825,0.7462144155057541,0.7610522154577046
871,2708.0,2.182271,3927.0,1219.0,1242.0394492478606,0.7383403997577226,0.7609926688996449
872,2704.0,2.179048,3927.0,1223.0,1241.9520876309173,0.74076317383404,0.7609391427817126
873,2700.0,2.175824,3927.0,1227.0,1241.8748746131707,0.7431859479103574,0.7608918346704571
874,2685.0,2.163736,3927.0,1242.0,1241.80813264904,0.7522713506965475,0.7608509421324284
875,2695.0,2.171795,3927.0,1232.0,1241.752184192943,0.7462144155057541,0.760816662734176
876,2695.0,2.171795,3927.0,1232.0,1241.6457489613988,0.7462144155057541,0.7607514502878507
877,2695.0,2.171795,3927.0,1232.0,1241.54675196894,0.7462144155057541,0.7606907952212586
878,2693.0,2.170183,3927.0,1234.0,1241.5170661179784,0.7474258025439128,0.7606726068175284
879,2692.0,2.169377,3927.0,1235.0,1241.4377562750137,0.7480314960629921,0.7606240139897367
880,2693.0,2.170183,3927.0,1234.0,1241.3462132086117,0.7474258025439128,0.760567925914223
881,2693.0,2.170183,3927.0,1234.0,1241.2715170783263,0.7474258025439128,0.7605221598899821
882,2684.0,2.16293,3927.0,1243.0,1241.2036622107025,0.7528770442156268,0.7604805854803752
883,2676.0,2.156484,3927.0,1251.0,1241.133300913599,0.7577225923682617,0.7604374753913177
884,2679.0,2.158901,3927.0,1248.0,1241.0709530445433,0.7559055118110236,0.7603992750980004
885,2684.0,2.16293,3927.0,1243.0,1241.0168713380795,0.7528770442156268,0.7603661394498812
886,2700.0,2.175824,3927.0,1227.0,1240.9713085287524,0.7431859479103574,0.7603382232964181
887,2679.0,2.158901,3927.0,1248.0,1240.9345173511053,0.7559055118110236,0.7603156814870685
888,2692.0,2.169377,3927.0,1235.0,1240.877923114673,0.7480314960629921,0.7602810064217531
889,2692.0,2.169377,3927.0,1235.0,1240.7812181630804,0.7480314960629921,0.7602217556795542
890,2679.0,2.158901,3927.0,1248.0,1240.6926312193468,0.7559055118110236,0.7601674788087331
891,2679.0,2.158901,3927.0,1248.0,1240.548768616303,0.7559055118110236,0.7600793347595957
892,2688.0,2.166154,3927.0,1239.0,1240.4054419847923,0.7504542701393095,0.7599915190981014
893,2679.0,2.158901,3927.0,1248.0,1240.2723911912494,0.7559055118110236,0.7599099994019768
894,2672.0,2.15326,3927.0,1255.0,1240.1394885524394,0.7601453664445791,0.7598285704796723
895,2688.0,2.166154,3927.0,1239.0,1240.0774274063672,0.7504542701393095,0.7597905458603955
896,2688.0,2.166154,3927.0,1239.0,1240.0940433954001,0.7504542701393095,0.7598007264113018
897,2689.0,2.16696,3927.0,1238.0,1240.0657432269395,0.7498485766202302,0.7597833870097713
898,2688.0,2.166154,3927.0,1239.0,1240.0311987722403,0.7504542701393095,0.7597622217587052
899,2677.0,2.157289,3927.0,1250.0,1240.0009124588619,0.7571168988491823,0.7597436654540219
900,2677.0,2.157289,3927.0,1250.0,1239.9655191646934,0.7571168988491823,0.759721980122363
901,2679.0,2.158901,3927.0,1248.0,1239.9560642782453,0.7559055118110236,0.7597161871507495
902,2685.0,2.163736,3927.0,1242.0,1239.9439905390202,0.7522713506965475,0.7597087896183748
903,2673.0,2.154066,3927.0,1254.0,1239.8603301759017,0.7595396729254997,0.7596575312440541
904,2679.0,2.158901,3927.0,1248.0,1239.7271425571057,0.7559055118110236,0.7595759277156369
905,2684.0,2.16293,3927.0,1243.0,1239.5959288822496,0.7528770442156268,0.7594955336148816
906,2676.0,2.156484,3927.0,1251.0,1239.4668547360347,0.7577225923682617,0.7594164503948813
907,2704.0,2.179048,3927.0,1223.0,1239.3400857031627,0.74076317383404,0.759338779508729
908,2688.0,2.166154,3927.0,1239.0,1239.215787368335,0.7504542701393095,0.759262622409518
909,2679.0,2.158901,3927.0,1248.0,1239.1249266852021,0.7559055118110236,0.7592069524275402
910,2678.0,2.158095,3927.0,1249.0,1239.0388679584091,0.756511205330103,0.7591542245852612
911,2679.0,2.158901,3927.0,1248.0,1238.9680700405931,0.7559055118110236,0.7591108469804162
912,2679.0,2.158901,3927.0,1248.0,1238.903124234723,0.7559055118110236,0.7590710549414654
913,2684.0,2.16293,3927.0,1243.0,1238.8442309854368,0.7528770442156268,0.7590349712800474
914,2678.0,2.158095,3927.0,1249.0,1238.7915907373736,0.756511205330103,0.7590027188078015
915,2693.0,2.170183,3927.0,1234.0,1238.7454039351715,0.7474258025439128,0.7589744203363664
916,2695.0,2.171795,3927.0,1232.0,1238.7058710234692,0.7462144155057541,0.7589501986773813
917,2689.0,2.16696,3927.0,1238.0,1238.7212381552545,0.7498485766202302,0.7589596140583805
918,2695.0,2.171795,3927.0,1232.0,1238.7404137351714,0.7462144155057541,0.75897136286052
919,2695.0,2.171795,3927.0,1232.0,1238.8405149161385,0.7462144155057541,0.7590326944590536
920,2692.0,2.169377,3927.0,1235.0,1238.927477386802,0.7480314960629921,0.7590859760216355
921,2693.0,2.170183,3927.0,1234.0,1239.0092413693405,0.7474258025439128,0.759136072491059
922,2692.0,2.169377,3927.0,1235.0,1239.0861118882046,0.7480314960629921,0.7591831707546008
923,2684.0,2.16293,3927.0,1243.0,1239.158393967844,0.7528770442156268,0.7592274576995377
924,2695.0,2.171795,3927.0,1232.0,1239.2263926327082,0.7462144155057541,0.7592691202131463
925,2685.0,2.163736,3927.0,1242.0,1239.2801457842643,0.7522713506965475,0.7593020545569702
926,2686.0,2.164542,3927.0,1241.0,1239.3295588736478,0.7516656571774682,0.7593323297618289
927,2679.0,2.158901,3927.0,1248.0,1239.3543939643575,0.7559055118110236,0.7593475461238962
928,2693.0,2.170183,3927.0,1234.0,1239.3645390775612,0.7474258025439128,0.7593537619947188
929,2679.0,2.158901,3927.0,1248.0,1239.3705315007535,0.7559055118110236,0.7593574335287598
930,2688.0,2.166154,3927.0,1239.0,1239.3630322567783,0.7504542701393095,0.7593528387715717
931,2685.0,2.163736,3927.0,1242.0,1239.3429607764772,0.7522713506965475,0.7593405410548024
932,2692.0,2.169377,3927.0,1235.0,1239.330446059047,0.7480314960629921,0.7593328733368218
933,2688.0,2.166154,3927.0,1239.0,1239.315482431034,0.7504542701393095,0.7593237051809916
934,2695.0,2.171795,3927.0,1232.0,1239.2264614810838,0.7462144155057541,0.7592691623962743
935,2679.0,2.158901,3927.0,1248.0,1239.1103133995566,0.7559055118110236,0.759197998925096
936,2692.0,2.169377,3927.0,1235.0,1239.0165828721,0.7480314960629921,0.7591405706008266
937,2692.0,2.169377,3927.0,1235.0,1238.9159936520127,0.7480314960629921,0.7590789399826502
938,2692.0,2.169377,3927.0,1235.0,1238.8087548989179,0.7480314960629921,0.759013235221842
939,2692.0,2.169377,3927.0,1235.0,1238.6334730345386,0.7480314960629921,0.7589058407152791
940,2684.0,2.16293,3927.0,1243.0,1238.4575689202818,0.7528770442156268,0.7587980649586719
941,2692.0,2.169377,3927.0,1235.0,1238.261331876195,0.7480314960629921,0.7586778312962009
942,2686.0,2.164542,3927.0,1241.0,1238.0647950366495,0.7516656571774682,0.7585574139502353
943,2708.0,2.182271,3927.0,1219.0,1237.837322617396,0.7383403997577226,0.7584180424966688
944,2692.0,2.169377,3927.0,1235.0,1237.588013933524,0.7480314960629921,0.7582652920499462
945,2694.0,2.170989,3927.0,1233.0,1237.3266175664523,0.7468201090248334,0.7581051355274308
946,2678.0,2.158095,3927.0,1249.0,1237.0532729559295,0.756511205330103,0.7579376583633061
947,2692.0,2.169377,3927.0,1235.0,1236.7681195417038,0.7480314960629921,0.7577629459917554
948,2695.0,2.171795,3927.0,1232.0,1236.5193424718732,0.7462144155057541,0.7576105212628581
949,2688.0,2.166154,3927.0,1239.0,1236.2077434378418,0.7504542701393095,0.757419605764419
950,2688.0,2.166154,3927.0,1239.0,1235.884797494275,0.7504542701393095,0.7572217380592878
951,2692.0,2.169377,3927.0,1235.0,1235.5506440809206,0.7480314960629921,0.7570170035816474
952,2686.0,2.164542,3927.0,1241.0,1235.1862043541878,0.7516656571774682,0.7567937127993237
953,2695.0,2.171795,3927.0,1232.0,1234.832668815789,0.7462144155057541,0.7565771029701593
954,2704.0,2.179048,3927.0,1223.0,1234.4709586221334,0.74076317383404,0.75635548456198
955,2692.0,2.169377,3927.0,1235.0,1234.0916040712991,0.7480314960629921,0.7561230555257901
956,2692.0,2.169377,3927.0,1235.0,1233.705003011034,0.7480314960629921,0.7558861865818699
957,2688.0,2.166154,3927.0,1239.0,1233.3215532890854,0.7504542701393095,0.7556512484504996
958,2695.0,2.171795,3927.0,1232.0,1232.9413943452023,0.7462144155057541,0.755418326565863
959,2693.0,2.170183,3927.0,1234.0,1232.6461533366696,0.7474258025439128,0.7552374335650909
960,2695.0,2.171795,3927.0,1232.0,1232.3585257384061,0.7462144155057541,0.7550612052707446
961,2688.0,2.166154,3927.0,1239.0,1232.068479732004,0.7504542701393095,0.7548834952272759
962,2689.0,2.16696,3927.0,1238.0,1231.7762506220392,0.7498485766202302,0.75470444760487
963,2692.0,2.169377,3927.0,1235.0,1231.5334093280032,0.7480314960629921,0.7545556597023767
964,2695.0,2.171795,3927.0,1232.0,1231.2408534061283,0.7462144155057541,0.754376411843603
965,2686.0,2.164542,3927.0,1241.0,1230.9372547276682,0.7516656571774682,0.7541903981314495
966,2676.0,2.156484,3927.0,1251.0,1230.684442620115,0.7577225923682617,0.7540355011508637
967,2688.0,2.166154,3927.0,1239.0,1230.4346415396312,0.7504542701393095,0.7538824490146803
968,2704.0,2.179048,3927.0,1223.0,1230.0861084022104,0.74076317383404,0.7536689041368534
969,2692.0,2.169377,3927.0,1235.0,1229.735775620536,0.7480314960629921,0.7534542566240946
970,2693.0,2.170183,3927.0,1234.0,1229.3838262092768,0.7474258025439128,0.753238618608769
971,2695.0,2.171795,3927.0,1232.0,1229.0304431831028,0.7462144155057541,0.7530221022232428
972,2704.0,2.179048,3927.0,1223.0,1228.6758095566843,0.74076317383404,0.7528048195998824
973,2708.0,2.182271,3927.0,1219.0,1228.4317307348806,0.7383403997577226,0.7526552734690097
974,2704.0,2.179048,3927.0,1223.0,1228.1298663382931,0.74076317383404,0.7524703223445153
975,2708.0,2.182271,3927.0,1219.0,1227.828097806533,0.7383403997577226,0.7522854299560221
976,2704.0,2.179048,3927.0,1223.0,1227.5882544670903,0.74076317383404,0.752138478888477
977,2708.0,2.182271,3927.0,1219.0,1227.3529603494433,0.7383403997577226,0.7519943151111725
978,2700.0,2.175824,3927.0,1227.0,1227.1224943330888,0.7431859479103574,0.7518531094924762
979,2695.0,2.171795,3927.0,1232.0,1226.8971352975238,0.7462144155057541,0.7517150329007553
980,2695.0,2.171795,3927.0,1232.0,1226.6771621222454,0.7462144155057541,0.7515802562043766
981,2695.0,2.171795,3927.0,1232.0,1226.4628536867506,0.7462144155057541,0.7514489502717079
982,2695.0,2.171795,3927.0,1232.0,1226.2544888705365,0.7462144155057541,0.7513212859711161
983,2695.0,2.171795,3927.0,1232.0,1226.0523465531,0.7462144155057541,0.7511974341709687
984,2700.0,2.175824,3927.0,1227.0,1225.8567056139386,0.7431859479103574,0.7510775657396329
985,2695.0,2.171795,3927.0,1232.0,1225.744718065908,0.7462144155057541,0.7510089514109085
986,2700.0,2.175824,3927.0,1227.0,1225.6826412328635,0.7431859479103574,0.7509709171802856
987,2692.0,2.169377,3927.0,1235.0,1225.6195316741814,0.7480314960629921,0.7509322502027402
988,2688.0,2.166154,3927.0,1239.0,1225.5557815641548,0.7504542701393095,0.750893190761914
989,2688.0,2.166154,3927.0,1239.0,1225.491783077076,0.7504542701393095,0.750853979141448
990,2695.0,2.171795,3927.0,1232.0,1225.3765927723216,0.7462144155057541,0.7507834024963186
991,2693.0,2.170183,3927.0,1234.0,1225.2072693426967,0.7474258025439128,0.7506796586992149
992,2700.0,2.175824,3927.0,1227.0,1225.0013621520502,0.7431859479103574,0.7505535001761096
993,2700.0,2.175824,3927.0,1227.0,1224.7777103819062,0.7431859479103574,0.7504164696191743
994,2708.0,2.182271,3927.0,1219.0,1224.5461933384472,0.7383403997577226,0.7502746200403189
995,2711.0,2.184689,3927.0,1216.0,1224.2590354778365,0.7365233192004845,0.7500986795523786
996,2711.0,2.184689,3927.0,1216.0,1223.9677990045816,0.7365233192004845,0.7499202401145674
997,2717.0,2.189524,3927.0,1210.0,1223.673368489587,0.7328891580860085,0.7497398436999874
998,2711.0,2.184689,3927.0,1216.0,1223.3766285037573,0.7365233192004845,0.749558032281741
999,2719.0,2.191136,3927.0,1208.0,1223.0681964950143,0.7316777710478498,0.7493690572071976
1000,2710.0,2.183883,3927.0,1217.0,1222.7585574609484,0.7371290127195639,0.7491793425930023
1001,2717.0,2.189524,3927.0,1210.0,1222.509532014066,0.7328891580860085,0.7490267656844656
1002,2704.0,2.179048,3927.0,1223.0,1222.2733446105299,0.74076317383404,0.7488820545944223
1003,2711.0,2.184689,3927.0,1216.0,1222.0598832715073,0.7365233192004845,0.748751267674419
1004,2711.0,2.184689,3927.0,1216.0,1221.8393009188276,0.7365233192004845,0.7486161177374508
1005,2708.0,2.182271,3927.0,1219.0,1221.6214942886418,0.7383403997577226,0.7484826684747004
1006,2709.0,2.183077,3927.0,1218.0,1221.386216729465,0.7377347062386432,0.7483385148427054
1007,2704.0,2.179048,3927.0,1223.0,1221.1529566891495,0.74076317383404,0.7481955973365546
1008,2716.0,2.188718,3927.0,1211.0,1220.9219843322082,0.7334948516050879,0.7480540814849791
1009,2708.0,2.182271,3927.0,1219.0,1220.693569823154,0.7383403997577226,0.7479141328167094
1010,2708.0,2.182271,3927.0,1219.0,1220.5037879679253,0.7383403997577226,0.7477978542229766
1011,2711.0,2.184689,3927.0,1216.0,1220.3092433737868,0.7365233192004845,0.7476786575179097
1012,2710.0,2.183883,3927.0,1217.0,1220.1102410651872,0.7371290127195639,0.7475567295887846
1013,2719.0,2.191136,3927.0,1208.0,1219.9070860665774,0.7316777710478498,0.7474322573228788
1014,2709.0,2.183077,3927.0,1218.0,1219.7000834024066,0.7377347062386432,0.7473054276074683
1015,2719.0,2.191136,3927.0,1208.0,1219.4703198137854,0.7316777710478498,0.7471646523634721
1016,2708.0,2.182271,3927.0,1219.0,1219.238617141161,0.7383403997577226,0.7470226890503596
1017,2724.0,2.195165,3927.0,1203.0,1219.0052629790152,0.728649303452453,0.7468797138761349
1018,2708.0,2.182271,3927.0,1219.0,1218.7705449218292,0.7383403997577226,0.7467359030488017
1019,2716.0,2.188718,3927.0,1211.0,1218.5347505640846,0.7334948516050879,0.7465914327763636
1020,2710.0,2.183883,3927.0,1217.0,1218.298167500262,0.7371290127195639,0.7464464792668243
1021,2711.0,2.184689,3927.0,1216.0,1218.0610833248434,0.7365233192004845,0.7463012187281877
1022,2718.0,2.19033,3927.0,1209.0,1217.8237856323096,0.7322834645669292,0.7461558273684572
1023,2708.0,2.182271,3927.0,1219.0,1217.5769528754724,0.7383403997577226,0.7460045939124578
1024,2718.0,2.19033,3927.0,1209.0,1217.331131056812,0.7322834645669292,0.7458539798542896
1025,2711.0,2.184689,3927.0,1216.0,1217.0865990558252,0.7365233192004845,0.7457041560623199
1026,2719.0,2.191136,3927.0,1208.0,1216.8628540353495,0.7316777710478498,0.7455670683712744
1027,2719.0,2.191136,3927.0,1208.0,1216.6492672005536,0.7316777710478498,0.7454362045605061
1028,2704.0,2.179048,3927.0,1223.0,1216.4358764529036,0.74076317383404,0.7453054608915581
1029,2709.0,2.183077,3927.0,1218.0,1216.2710325251999,0.7377347062386432,0.7452044616676035
1030,2704.0,2.179048,3927.0,1223.0,1216.1421849685764,0.74076317383404,0.7451255172781516
1031,2704.0,2.179048,3927.0,1223.0,1216.0086487504088,0.74076317383404,0.7450437001642751
1032,2705.0,2.179853,3927.0,1222.0,1215.8605402070227,0.7401574803149606,0.7449529546442464
1033,2711.0,2.184689,3927.0,1216.0,1215.7078432244118,0.7365233192004845,0.7448593978056126
1034,2708.0,2.182271,3927.0,1219.0,1215.561199669883,0.7383403997577226,0.7447695498784753
1035,2711.0,2.184689,3927.0,1216.0,1215.3729472943962,0.7365233192004845,0.7446542083909443
1036,2716.0,2.188718,3927.0,1211.0,1215.1845031892556,0.7334948516050879,0.7445387494314111
1037,2711.0,2.184689,3927.0,1216.0,1214.948170245482,0.7365233192004845,0.7443939491694387
1038,2710.0,2.183883,3927.0,1217.0,1214.715589102442,0.7371290127195639,0.7442514476209694
1039,2711.0,2.184689,3927.0,1216.0,1214.5178661535354,0.7365233192004845,0.7441303035504793
1040,2705.0,2.179853,3927.0,1222.0,1214.3265051431551,0.7401574803149606,0.7440130574146172
1041,2711.0,2.184689,3927.0,1216.0,1214.1418372407034,0.7365233192004845,0.7438999121195689
1042,2705.0,2.179853,3927.0,1222.0,1213.9333922466342,0.7401574803149606,0.7437721986943217
1043,2709.0,2.183077,3927.0,1218.0,1213.7303026104064,0.7377347062386432,0.7436477664756893
1044,2708.0,2.182271,3927.0,1219.0,1213.4937788084767,0.7383403997577226,0.7435028492756779
1045,2716.0,2.188718,3927.0,1211.0,1213.293328940988,0.7334948516050879,0.7433800344329342
1046,2711.0,2.184689,3927.0,1216.0,1213.0779137024897,0.7365233192004845,0.7432480503664332
1047,2709.0,2.183077,3927.0,1218.0,1212.7746261489688,0.7377347062386432,0.7430622272793019
1048,2704.0,2.179048,3927.0,1223.0,1212.4413215750835,0.74076317383404,0.7428580128822544
1049,2711.0,2.184689,3927.0,1216.0,1212.1089756494691,0.7365233192004845,0.7426543858452193
1050,2704.0,2.179048,3927.0,1223.0,1211.7777626718116,0.74076317383404,0.7424514529609261
1051,2717.0,2.189524,3927.0,1210.0,1211.4766843668067,0.7328891580860085,0.7422669834716419
1052,2711.0,2.184689,3927.0,1216.0,1211.1751398101426,0.7365233192004845,0.7420822283118063
1053,2711.0,2.184689,3927.0,1216.0,1210.8733294464573,0.7365233192004845,0.7418973102930577
1054,2709.0,2.183077,3927.0,1218.0,1210.6125222123233,0.7377347062386432,0.7417375147299682
1055,2711.0,2.184689,3927.0,1216.0,1210.405852460552,0.7365233192004845,0.7416108889886711
1056,2711.0,2.184689,3927.0,1216.0,1210.2055533622915,0.7365233192004845,0.7414881665216385
1057,2719.0,2.191136,3927.0,1208.0,1210.0119037970387,0.7316777710478498,0.7413695181972377
1058,2711.0,2.184689,3927.0,1216.0,1209.8732283526394,0.7365233192004845,0.7412845522997309
1059,2705.0,2.179853,3927.0,1222.0,1209.7769504352768,0.7401574803149606,0.7412255631997194
1060,2724.0,2.195165,3927.0,1203.0,1209.6823588673726,0.728649303452453,0.7411676073193659
1061,2727.0,2.197582,3927.0,1200.0,1209.5898109632826,0.726832222895215,0.7411109035837663
1062,2727.0,2.197582,3927.0,1200.0,1209.4996640373627,0.726832222895215,0.741055670918016
1063,2710.0,2.183883,3927.0,1217.0,1209.4122754039681,0.7371290127195639,0.7410021282472107
1064,2724.0,2.195165,3927.0,1203.0,1209.3280023774544,0.728649303452453,0.7409504944964455
1065,2724.0,2.195165,3927.0,1203.0,1209.2472022721774,0.728649303452453,0.7409009885908164
1066,2727.0,2.197582,3927.0,1200.0,1209.1702324024925,0.726832222895215,0.7408538294554187
1067,2719.0,2.191136,3927.0,1208.0,1209.0974500827556,0.7316777710478498,0.7408092360153481
1068,2724.0,2.195165,3927.0,1203.0,1208.9778770124055,0.728649303452453,0.7407359740670346
1069,2724.0,2.195165,3927.0,1203.0,1208.8598726392265,0.728649303452453,0.7406636732532869
1070,2711.0,2.184689,3927.0,1216.0,1208.6616137187864,0.7365233192004845,0.7405422007951534
1071,2727.0,2.197582,3927.0,1200.0,1208.429416035055,0.726832222895215,0.7403999341906893
1072,2711.0,2.184689,3927.0,1216.0,1208.192324887649,0.7365233192004845,0.7402546693803435
1073,2709.0,2.183077,3927.0,1218.0,1207.950558151175,0.7377347062386432,0.7401065398550277
1074,2719.0,2.191136,3927.0,1208.0,1207.7043337002408,0.7316777710478498,0.7399556791056544
1075,2711.0,2.184689,3927.0,1216.0,1207.4538694094533,0.7365233192004845,0.7398022206231353
1076,2718.0,2.19033,3927.0,1209.0,1207.1993831534194,0.7322834645669292,0.7396462978983822
1077,2732.0,2.201612,3927.0,1195.0,1206.9410928067462,0.7238037552998183,0.7394880444223071
1078,2717.0,2.189524,3927.0,1210.0,1206.6792162440404,0.7328891580860085,0.7393275936858217
1079,2711.0,2.184689,3927.0,1216.0,1206.4242384628926,0.7365233192004845,0.7391713698055712
1080,2719.0,2.191136,3927.0,1208.0,1206.1667769112248,0.7316777710478498,0.7390136241289251
1081,2719.0,2.191136,3927.0,1208.0,1205.9173253016106,0.7316777710478498,0.7388607861121643
1082,2727.0,2.197582,3927.0,1200.0,1205.6767769199398,0.726832222895215,0.7387134030680284
1083,2719.0,2.191136,3927.0,1208.0,1205.4254995211184,0.7316777710478498,0.7385594463974258
1084,2727.0,2.197582,3927.0,1200.0,1205.1733375513925,0.726832222895215,0.7384049477537209
1085,2736.0,2.204835,3927.0,1191.0,1204.9205263153376,0.7213809812235009,0.7382500513070986
1086,2727.0,2.197582,3927.0,1200.0,1204.676910259199,0.726832222895215,0.7381007887109227
1087,2719.0,2.191136,3927.0,1208.0,1204.4221991565705,0.7316777710478498,0.7379447282235484
1088,2719.0,2.191136,3927.0,1208.0,1204.1662374536977,0.7316777710478498,0.73778790149834
1089,2736.0,2.204835,3927.0,1191.0,1203.9092604551556,0.7213809812235009,0.7376304527054818
1090,2727.0,2.197582,3927.0,1200.0,1203.6515034655206,0.726832222895215,0.7374725260151591
1091,2719.0,2.191136,3927.0,1208.0,1203.4117620913942,0.7316777710478498,0.7373256374213607
1092,2727.0,2.197582,3927.0,1200.0,1203.188973104694,0.726832222895215,0.7371891354884366
1093,2725.0,2.195971,3927.0,1202.0,1202.9532632822966,0.7280436099333737,0.7370447170104721
1094,2725.0,2.195971,3927.0,1202.0,1202.7145032154006,0.7280436099333737,0.7368984296597412
1095,2736.0,2.204835,3927.0,1191.0,1202.4729543535339,0.7213809812235009,0.7367504336253374
1096,2718.0,2.19033,3927.0,1209.0,1202.228878146225,0.7322834645669292,0.7366008890963555
1097,2724.0,2.195165,3927.0,1203.0,1201.9825360430032,0.728649303452453,0.7364499562618898
1098,2727.0,2.197582,3927.0,1200.0,1201.7341894933963,0.726832222895215,0.7362977953110346
1099,2724.0,2.195165,3927.0,1203.0,1201.4327643320164,0.728649303452453,0.7361131133042182
1100,2724.0,2.195165,3927.0,1203.0,1201.177859756737,0.728649303452453,0.7359569342769143
1101,2736.0,2.204835,3927.0,1191.0,1200.9216915087363,0.7213809812235009,0.7357999810023211
1102,2724.0,2.195165,3927.0,1203.0,1200.7702215959123,0.728649303452453,0.7357071759845033
1103,2726.0,2.196777,3927.0,1201.0,1200.631403225771,0.7274379164142943,0.7356221225169584
1104,2736.0,2.204835,3927.0,1191.0,1200.4863928592972,0.7213809812235009,0.735533275237697
1105,2736.0,2.204835,3927.0,1191.0,1200.3355652408147,0.7213809812235009,0.7354408637510874
1106,2727.0,2.197582,3927.0,1200.0,1200.1895622376314,0.726832222895215,0.7353514082872314
1107,2737.0,2.205641,3927.0,1190.0,1200.039158167385,0.7207752877044216,0.7352592563069545
1108,2732.0,2.201612,3927.0,1195.0,1199.8847364893845,0.7238037552998183,0.7351646427542621
1109,2752.0,2.217729,3927.0,1175.0,1199.7164135399548,0.7116898849182314,0.7350615119474257
1110,2736.0,2.204835,3927.0,1191.0,1199.5339060821073,0.7213809812235009,0.7349496903482602
1111,2724.0,2.195165,3927.0,1203.0,1199.3369221638675,0.728649303452453,0.7348289990789432
1112,2727.0,2.197582,3927.0,1200.0,1199.135428241262,0.726832222895215,0.7347055445477497
1113,2736.0,2.204835,3927.0,1191.0,1198.9297816286457,0.7213809812235009,0.7345795456797751
1114,2727.0,2.197582,3927.0,1200.0,1198.720339640374,0.726832222895215,0.7344512214001148
1115,2724.0,2.195165,3927.0,1203.0,1198.5074595908034,0.728649303452453,0.7343207906338647
1116,2724.0,2.195165,3927.0,1203.0,1198.3017659172717,0.728649303452453,0.7341947629318529
1117,2727.0,2.197582,3927.0,1200.0,1198.0940155074497,0.726832222895215,0.734067475075633
1118,2727.0,2.197582,3927.0,1200.0,1197.8845743906768,0.726832222895215,0.7339391513299364
1119,2719.0,2.191136,3927.0,1208.0,1197.684075719276,0.7316777710478498,0.7338163065852283
1120,2732.0,2.201612,3927.0,1195.0,1197.483285095902,0.7238037552998183,0.7336932829626985
1121,2724.0,2.195165,3927.0,1203.0,1197.2825772648787,0.728649303452453,0.7335703100667152
1122,2727.0,2.197582,3927.0,1200.0,1197.08232697053,0.726832222895215,0.7334476175016469
1123,2724.0,2.195165,3927.0,1203.0,1196.8829089571802,0.728649303452453,0.733325434871862
1124,2727.0,2.197582,3927.0,1200.0,1196.6641637231876,0.726832222895215,0.7331914105302632
1125,2724.0,2.195165,3927.0,1203.0,1196.4456668662463,0.728649303452453,0.7330575383683036
1126,2736.0,2.204835,3927.0,1191.0,1196.2373848423833,0.7213809812235009,0.7329299247942587
1127,2719.0,2.191136,3927.0,1208.0,1196.029416557954,0.7316777710478498,0.7328025034471265
1128,2719.0,2.191136,3927.0,1208.0,1195.812518900629,0.7316777710478498,0.7326696111084606
1129,2727.0,2.197582,3927.0,1200.0,1195.5973163077467,0.726832222895215,0.7325377573290894
1130,2736.0,2.204835,3927.0,1191.0,1195.3841660936632,0.7213809812235009,0.7324071610341084
1131,2727.0,2.197582,3927.0,1200.0,1195.1734255727338,0.726832222895215,0.7322780411486133
1132,2732.0,2.201612,3927.0,1195.0,1194.965452059314,0.7238037552998183,0.7321506165976993
1133,2736.0,2.204835,3927.0,1191.0,1194.7606028677594,0.7213809812235009,0.7320251063064622
1134,2724.0,2.195165,3927.0,1203.0,1194.559235312426,0.728649303452453,0.7319017291999977
1135,2737.0,2.205641,3927.0,1190.0,1194.3617067076686,0.7207752877044216,0.7317807042034009
1136,2727.0,2.197582,3927.0,1200.0,1194.0862373839775,0.726832222895215,0.731611925235903
1137,2736.0,2.204835,3927.0,1191.0,1193.758652454277,0.7213809812235009,0.7314112152422751
1138,2752.0,2.217729,3927.0,1175.0,1193.4272416464762,0.7116898849182314,0.731208161148234
1139,2740.0,2.208059,3927.0,1187.0,1193.0922489801355,0.7189582071471835,0.7310029124636009
1140,2732.0,2.201612,3927.0,1195.0,1192.7539184748146,0.7238037552998183,0.7307956186981974
1141,2724.0,2.195165,3927.0,1203.0,1192.4124941500734,0.728649303452453,0.7305864293618447
1142,2736.0,2.204835,3927.0,1191.0,1192.0682200254716,0.7213809812235009,0.730375493964364
1143,2736.0,2.204835,3927.0,1191.0,1191.7213401205697,0.7213809812235009,0.7301629620155771
1144,2727.0,2.197582,3927.0,1200.0,1191.3720984549273,0.726832222895215,0.7299489830253049
1145,2736.0,2.204835,3927.0,1191.0,1191.0591756147837,0.7213809812235009,0.7297572564360852
1146,2736.0,2.204835,3927.0,1191.0,1190.7546810359395,0.7213809812235009,0.729570693809302
1147,2752.0,2.217729,3927.0,1175.0,1190.4903616631395,0.7116898849182314,0.7294087463727124
1148,2741.0,2.208864,3927.0,1186.0,1190.235738581852,0.7183525136281042,0.7292527398156664
1149,2736.0,2.204835,3927.0,1191.0,1189.9815338198107,0.7213809812235009,0.7290969895611716
1150,2752.0,2.217729,3927.0,1175.0,1189.7383456694008,0.7116898849182314,0.728947989141147
1151,2732.0,2.201612,3927.0,1195.0,1189.5065140150089,0.7238037552998183,0.7288059468014145
1152,2736.0,2.204835,3927.0,1191.0,1189.276120333024,0.7213809812235009,0.728664785501701
1153,2727.0,2.197582,3927.0,1200.0,1189.0564643831735,0.726832222895215,0.7285302031680903
1154,2725.0,2.195971,3927.0,1202.0,1188.874756960883,0.7280436099333737,0.7284188717475532
1155,2736.0,2.204835,3927.0,1191.0,1188.6896637671982,0.7213809812235009,0.7283054658782449
1156,2736.0,2.204835,3927.0,1191.0,1188.4535312680632,0.7213809812235009,0.7281607884279114
1157,2752.0,2.217729,3927.0,1175.0,1188.2660893861146,0.7116898849182314,0.7280459435265727
1158,2736.0,2.204835,3927.0,1191.0,1188.0763946807288,0.7213809812235009,0.7279297183292047
1159,2727.0,2.197582,3927.0,1200.0,1187.8848393261992,0.726832222895215,0.7278123531194493
1160,2752.0,2.217729,3927.0,1175.0,1187.643769788468,0.7116898849182314,0.7276646507650518
1161,2732.0,2.201612,3927.0,1195.0,1187.3227332979573,0.7238037552998183,0.7274679529742724
1162,2737.0,2.205641,3927.0,1190.0,1186.9988818675233,0.7207752877044216,0.727269530480911
1163,2736.0,2.204835,3927.0,1191.0,1186.672494376663,0.7213809812235009,0.727069554153335
1164,2737.0,2.205641,3927.0,1190.0,1186.3438497048737,0.7207752877044216,0.7268681948599115
1165,2741.0,2.208864,3927.0,1186.0,1186.0612724400019,0.7183525136281042,0.7266950608849033
1166,2752.0,2.217729,3927.0,1175.0,1185.7942836675163,0.7116898849182314,0.726531477917661
1167,2740.0,2.208059,3927.0,1187.0,1185.5240049884637,0.7189582071471835,0.7263658792376485
1168,2737.0,2.205641,3927.0,1190.0,1185.2507762872317,0.7207752877044216,0.7261984730906887
1169,2752.0,2.217729,3927.0,1175.0,1184.974937448207,0.7116898849182314,0.7260294677226042
1170,2752.0,2.217729,3927.0,1175.0,1184.696828355777,0.7116898849182314,0.7258590713792178
1171,2752.0,2.217729,3927.0,1175.0,1184.4552254610076,0.7116898849182314,0.7257110422390679
1172,2737.0,2.205641,3927.0,1190.0,1184.2094350162904,0.7207752877044216,0.7255604474035909
1173,2741.0,2.208864,3927.0,1186.0,1183.9598317659502,0.7183525136281042,0.7254075164771558
1174,2741.0,2.208864,3927.0,1186.0,1183.7170575772934,0.7183525136281042,0.7252587696898636
1175,2736.0,2.204835,3927.0,1191.0,1183.4718867679592,0.7213809812235009,0.7251085545025404
1176,2752.0,2.217729,3927.0,1175.0,1183.2247027972553,0.7116898849182314,0.7249571058591909
1177,2740.0,2.208059,3927.0,1187.0,1182.9553548785245,0.7189582071471835,0.7247920774523544
1178,2752.0,2.217729,3927.0,1175.0,1182.6731602014627,0.7116898849182314,0.7246191778873876
1179,2752.0,2.217729,3927.0,1175.0,1182.3880852220955,0.7116898849182314,0.7244445135725652
1180,2752.0,2.217729,3927.0,1175.0,1182.049151639862,0.7116898849182314,0.7242368503043174
1181,2752.0,2.217729,3927.0,1175.0,1181.6636504106134,0.7116898849182314,0.7240006552225206
1182,2741.0,2.208864,3927.0,1186.0,1181.2702969805264,0.7183525136281042,0.7237596491282584
1183,2756.0,2.220952,3927.0,1171.0,1180.8693702290977,0.709267110841914,0.7235140028898981
1184,2753.0,2.218535,3927.0,1174.0,1180.4611490358245,0.711084191399152,0.7232638873758067
1185,2752.0,2.217729,3927.0,1175.0,1180.0459122802042,0.7116898849182314,0.7230094734543518
1186,2756.0,2.220952,3927.0,1171.0,1179.6650073336664,0.709267110841914,0.7227760944968329
1187,2737.0,2.205641,3927.0,1190.0,1179.2899205106353,0.7207752877044216,0.7225462802806255
1188,2752.0,2.217729,3927.0,1175.0,1178.9524336157929,0.7116898849182314,0.7223395033920329
1189,2753.0,2.218535,3927.0,1174.0,1178.624734519798,0.711084191399152,0.7221387234491671
1190,2752.0,2.217729,3927.0,1175.0,1178.287312987338,0.7116898849182314,0.7219319866078482
1191,2741.0,2.208864,3927.0,1186.0,1177.9604025974204,0.7183525136281042,0.7217316899020833
1192,2753.0,2.218535,3927.0,1174.0,1177.6341022564036,0.711084191399152,0.7215317669708723
1193,2752.0,2.217729,3927.0,1175.0,1177.3087779936257,0.7116898849182314,0.7213324420789463
1194,2756.0,2.220952,3927.0,1171.0,1177.0136232634375,0.709267110841914,0.7211516019405753
1195,2752.0,2.217729,3927.0,1175.0,1176.749030240131,0.7116898849182314,0.7209894868394002
1196,2752.0,2.217729,3927.0,1175.0,1176.4557884489927,0.7116898849182314,0.7208098187512357
1197,2736.0,2.204835,3927.0,1191.0,1176.1631174893248,0.7213809812235009,0.7206305004092604
1198,2759.0,2.22337,3927.0,1168.0,1175.8714095354203,0.7074500302846759,0.7204517720971158
1199,2752.0,2.217729,3927.0,1175.0,1175.621467272191,0.7116898849182314,0.7202986334588214
1200,2753.0,2.218535,3927.0,1174.0,1175.3650140442041,0.711084191399152,0.7201415055781154
1201,2752.0,2.217729,3927.0,1175.0,1175.1127352936887,0.7116898849182314,0.7199869353832816
1202,2756.0,2.220952,3927.0,1171.0,1174.8630753959505,0.709267110841914,0.7198339697492093
1203,2759.0,2.22337,3927.0,1168.0,1174.6144787262947,0.7074500302846759,0.7196816555507871
1204,2752.0,2.217729,3927.0,1175.0,1174.3673636039666,0.7116898849182314,0.7195302490905658
1205,2756.0,2.220952,3927.0,1171.0,1174.1221483482125,0.709267110841914,0.7193800066710966
1206,2736.0,2.204835,3927.0,1191.0,1173.8792512782773,0.7213809812235009,0.71923118459493
1207,2752.0,2.217729,3927.0,1175.0,1173.6390907134069,0.7116898849182314,0.719084039164617
1208,2752.0,2.217729,3927.0,1175.0,1173.4020849728468,0.7116898849182314,0.7189388266827087
1209,2752.0,2.217729,3927.0,1175.0,1173.117316760926,0.7116898849182314,0.7187643503230902
1210,2752.0,2.217729,3927.0,1175.0,1172.792138038386,0.7116898849182314,0.7185651146030935
1211,2752.0,2.217729,3927.0,1175.0,1172.4461069729532,0.7116898849182314,0.7183531027348994
1212,2741.0,2.208864,3927.0,1186.0,1172.1000802650121,0.7183525136281042,0.7181410935365232
1213,2752.0,2.217729,3927.0,1175.0,1171.7543803689819,0.7116898849182314,0.717929284574515
1214,2752.0,2.217729,3927.0,1175.0,1171.4093297392806,0.7116898849182314,0.7177178734154243
1215,2752.0,2.217729,3927.0,1175.0,1171.065250830327,0.7116898849182314,0.7175070576258008
1216,2759.0,2.22337,3927.0,1168.0,1170.7224660965394,0.7074500302846759,0.7172970347721942
1217,2752.0,2.217729,3927.0,1175.0,1170.381297992336,0.7116898849182314,0.7170880024211538
1218,2752.0,2.217729,3927.0,1175.0,1170.0612872554752,0.7116898849182314,0.7168919331055876
1219,2759.0,2.22337,3927.0,1168.0,1169.742239524378,0.7074500302846759,0.7166964538198523
1220,2759.0,2.22337,3927.0,1168.0,1169.4244946834308,0.7074500302846759,0.7165017728097701
1221,2752.0,2.217729,3927.0,1175.0,1169.1083926170209,0.7116898849182314,0.7163080983211638
1222,2741.0,2.208864,3927.0,1186.0,1168.7942732095353,0.7183525136281042,0.7161156385998559
1223,2756.0,2.220952,3927.0,1171.0,1168.4824763453607,0.709267110841914,0.7159246018916688
1224,2757.0,2.221758,3927.0,1170.0,1168.1733419088848,0.7086614173228346,0.7157351964424257
1225,2752.0,2.217729,3927.0,1175.0,1167.8672097844942,0.7116898849182314,0.7155476304979486
1226,2768.0,2.230623,3927.0,1159.0,1167.5644198565758,0.7019987886129618,0.7153621123040602
1227,2752.0,2.217729,3927.0,1175.0,1167.2653120095167,0.7116898849182314,0.7151788501065832
1228,2759.0,2.22337,3927.0,1168.0,1166.9702261277039,0.7074500302846759,0.71499805215134
1229,2764.0,2.227399,3927.0,1163.0,1166.6795020955249,0.7044215626892792,0.7148199266841537
1230,2764.0,2.227399,3927.0,1163.0,1166.3934797973661,0.7044215626892792,0.7146446819508464
1231,2752.0,2.217729,3927.0,1175.0,1166.1124991176148,0.7116898849182314,0.7144725261972407
1232,2768.0,2.230623,3927.0,1159.0,1165.8272907989879,0.7019987886129618,0.7142977801859802
1233,2764.0,2.227399,3927.0,1163.0,1165.5484531338718,0.7044215626892792,0.7141269374489843
1234,2759.0,2.22337,3927.0,1168.0,1165.2763172916686,0.7074500302846759,0.7139602008924386
1235,2759.0,2.22337,3927.0,1168.0,1165.0016053001118,0.7074500302846759,0.7137918859393506
1236,2772.0,2.233846,3927.0,1155.0,1164.7349067366026,0.6995760145366444,0.7136284807820028
1237,2764.0,2.227399,3927.0,1163.0,1164.4662769325764,0.7044215626892792,0.7134638923612118
1238,2757.0,2.221758,3927.0,1170.0,1164.224857052477,0.7086614173228346,0.713315975353428
1239,2759.0,2.22337,3927.0,1168.0,1163.990444019741,0.7074500302846759,0.7131723514133714
1240,2752.0,2.217729,3927.0,1175.0,1163.763369003771,0.7116898849182314,0.7130332234472282
1241,2756.0,2.220952,3927.0,1171.0,1163.5439631739694,0.709267110841914,0.7128987943611842
1242,2772.0,2.233846,3927.0,1155.0,1163.3017563307894,0.6995760145366444,0.7127503951842267
1243,2772.0,2.233846,3927.0,1155.0,1163.0556138007073,0.6995760145366444,0.7125995846274361
1244,2764.0,2.227399,3927.0,1163.0,1162.8154410348588,0.7044215626892792,0.7124524317216321
1245,2768.0,2.230623,3927.0,1159.0,1162.5815343427098,0.7019987886129618,0.712309118014455
1246,2768.0,2.230623,3927.0,1159.0,1162.354190033725,0.7019987886129618,0.7121698250535443
1247,2759.0,2.22337,3927.0,1168.0,1162.133704417371,0.7074500302846759,0.7120347343865412
1248,2759.0,2.22337,3927.0,1168.0,1161.9780286531322,0.7074500302846759,0.7119393524601596
1249,2759.0,2.22337,3927.0,1168.0,1161.8451268858205,0.7074500302846759,0.7118579240718188
1250,2769.0,2.231429,3927.0,1158.0,1161.7052217571395,0.7013930950938825,0.7117722047516054
1251,2768.0,2.230623,3927.0,1159.0,1161.5785468460977,0.7019987886129618,0.7116945915335271
1252,2768.0,2.230623,3927.0,1159.0,1161.4455919173822,0.7019987886129618,0.7116131305734039
1253,2759.0,2.22337,3927.0,1168.0,1161.2136521971852,0.7074500302846759,0.7114710220221793
1254,2768.0,2.230623,3927.0,1159.0,1160.9784312854063,0.7019987886129618,0.7113269030978213
1255,2768.0,2.230623,3927.0,1159.0,1160.7401993465573,0.7019987886129618,0.7111809393290606
1256,2757.0,2.221758,3927.0,1170.0,1160.4992265451517,0.7086614173228346,0.711033296244628
1257,2759.0,2.22337,3927.0,1168.0,1160.2557830457022,0.7074500302846759,0.7108841393732545
1258,2775.0,2.236264,3927.0,1152.0,1160.010139012721,0.6977589339794065,0.7107336342436703
1259,2759.0,2.22337,3927.0,1168.0,1159.7625646107215,0.7074500302846759,0.7105819463846068
1260,2772.0,2.233846,3927.0,1155.0,1159.5133300042162,0.6995760145366444,0.7104292413247945
1261,2768.0,2.230623,3927.0,1159.0,1159.2627053577178,0.7019987886129618,0.7102756845929642
1262,2772.0,2.233846,3927.0,1155.0,1159.010960835739,0.6995760145366444,0.7101214417178465
1263,2773.0,2.234652,3927.0,1154.0,1158.7583666027926,0.6989703210175651,0.7099666782281724
1264,2768.0,2.230623,3927.0,1159.0,1158.5051928233916,0.7019987886129618,0.7098115596526726
1265,2768.0,2.230623,3927.0,1159.0,1158.2517096620486,0.7019987886129618,0.709656251520078
1266,2769.0,2.231429,3927.0,1158.0,1158.0462329916259,0.7013930950938825,0.7095303567750147
1267,2764.0,2.227399,3927.0,1163.0,1157.7896952282915,0.7044215626892792,0.7093731770998349
1268,2773.0,2.234652,3927.0,1154.0,1157.5337021514752,0.6989703210175651,0.709216331151935
1269,2768.0,2.230623,3927.0,1159.0,1157.3265696340386,0.7019987886129618,0.7090894218759412
1270,2773.0,2.234652,3927.0,1154.0,1157.1172758005002,0.6989703210175651,0.7089611883701011
1271,2780.0,2.240293,3927.0,1147.0,1156.9157435319637,0.6947304663840097,0.7088377103445072
1272,2772.0,2.233846,3927.0,1155.0,1156.7120281598636,0.6995760145366444,0.7087128947399752
1273,2775.0,2.236264,3927.0,1152.0,1156.50645213862,0.6977589339794065,0.7085869391230561
1274,2772.0,2.233846,3927.0,1155.0,1156.299337922651,0.6995760145366444,0.708460041060299
1275,2768.0,2.230623,3927.0,1159.0,1156.1102262497138,0.7019987886129618,0.7083441730846115
1276,2768.0,2.230623,3927.0,1159.0,1155.9189227582297,0.7019987886129618,0.70822696219035
1277,2783.0,2.242711,3927.0,1144.0,1155.7155002096024,0.6929133858267716,0.7081023259976043
1278,2775.0,2.236264,3927.0,1152.0,1155.5098989149042,0.6977589339794065,0.7079763548957392
1279,2768.0,2.230623,3927.0,1159.0,1155.3127171665215,0.7019987886129618,0.7078555424166743
1280,2780.0,2.240293,3927.0,1147.0,1155.1146857071712,0.6947304663840097,0.707734209323053
1281,2781.0,2.241099,3927.0,1146.0,1154.9161444212402,0.6941247728649304,0.7076125638606975
1282,2775.0,2.236264,3927.0,1152.0,1154.7174331931158,0.6977589339794065,0.7074908142754309
1283,2772.0,2.233846,3927.0,1155.0,1154.518891907185,0.6995760145366444,0.7073691688130757
1284,2775.0,2.236264,3927.0,1152.0,1154.3208604478348,0.6977589339794065,0.7072478357194543
1285,2772.0,2.233846,3927.0,1155.0,1154.123678699452,0.6995760145366444,0.7071270232403893
1286,2773.0,2.234652,3927.0,1154.0,1153.9276865464237,0.6989703210175651,0.7070069396217034
1287,2775.0,2.236264,3927.0,1152.0,1153.7332238731374,0.6977589339794065,0.7068877931092192
1288,2772.0,2.233846,3927.0,1155.0,1153.5406305639794,0.6995760145366444,0.7067697919487593
1289,2780.0,2.240293,3927.0,1147.0,1153.3502465033368,0.6947304663840097,0.706653144386146
1290,2773.0,2.234652,3927.0,1154.0,1153.2488938506265,0.6989703210175651,0.7065910460158141
1291,2759.0,2.22337,3927.0,1168.0,1153.144586818244,0.7074500302846759,0.7065271375087167
1292,2780.0,2.240293,3927.0,1147.0,1153.0377437254356,0.6947304663840097,0.7064616751674044
1293,2775.0,2.236264,3927.0,1152.0,1152.9287828914464,0.6977589339794065,0.7063949152944284
1294,2772.0,2.233846,3927.0,1155.0,1152.8277317771922,0.6995760145366444,0.7063330016755187
1295,2769.0,2.231429,3927.0,1158.0,1152.7151411522495,0.7013930950938825,0.7062640178439503
1296,2788.0,2.24674,3927.0,1139.0,1152.5606279669141,0.6898849182313749,0.7061693482250749
1297,2775.0,2.236264,3927.0,1152.0,1152.444080739107,0.6977589339794065,0.706097940198546
1298,2783.0,2.242711,3927.0,1144.0,1152.286412729461,0.6929133858267716,0.7060013376312658
1299,2775.0,2.236264,3927.0,1152.0,1152.0880073972853,0.6977589339794065,0.7058797754672398
1300,2765.0,2.228205,3927.0,1162.0,1151.9287184005632,0.7038158691701999,0.7057821797275752
1301,2788.0,2.24674,3927.0,1139.0,1151.7678607066698,0.6898849182313749,0.7056836228533446
1302,2775.0,2.236264,3927.0,1152.0,1151.5955506519308,0.6977589339794065,0.7055780491628202
1303,2783.0,2.242711,3927.0,1144.0,1151.4217721223404,0.6929133858267716,0.7054715757435495
1304,2775.0,2.236264,3927.0,1152.0,1151.226365616256,0.6977589339794065,0.7053518509484349
1305,2789.0,2.247546,3927.0,1138.0,1150.977571116457,0.6892792247122955,0.7051994155402647
1306,2775.0,2.236264,3927.0,1152.0,1150.723748070727,0.6977589339794065,0.7050438991618474
1307,2774.0,2.235458,3927.0,1153.0,1150.5165458334159,0.6983646274984857,0.7049169471687615
1308,2768.0,2.230623,3927.0,1159.0,1150.2569403956145,0.7019987886129618,0.7047578879415421
1309,2772.0,2.233846,3927.0,1155.0,1149.9932912051058,0.6995760145366444,0.7045963511229976
1310,2773.0,2.234652,3927.0,1154.0,1149.7259120013243,0.6989703210175651,0.7044325289400409
1311,2772.0,2.233846,3927.0,1155.0,1149.5064521386203,0.6995760145366444,0.7042980667482509
1312,2782.0,2.241905,3927.0,1145.0,1149.2872232229993,0.693519079345851,0.7041637460568273
1313,2775.0,2.236264,3927.0,1152.0,1149.0685825688179,0.6977589339794065,0.7040297857908662
1314,2769.0,2.231429,3927.0,1158.0,1148.850887490431,0.7013930950938825,0.7038964048754627
1315,2783.0,2.242711,3927.0,1144.0,1148.6344953021944,0.6929133858267716,0.7037638222357124
1316,2775.0,2.236264,3927.0,1152.0,1148.3684277035472,0.6977589339794065,0.7036008036680456
1317,2775.0,2.236264,3927.0,1152.0,1148.1010441422734,0.6977589339794065,0.7034369788152706
1318,2775.0,2.236264,3927.0,1152.0,1147.8422674994772,0.6977589339794065,0.7032784273874801
1319,2775.0,2.236264,3927.0,1152.0,1147.5821531065933,0.6977589339794065,0.7031190563254902
1320,2783.0,2.242711,3927.0,1144.0,1147.3210234180408,0.6929133858267716,0.702959063195851
1321,2775.0,2.236264,3927.0,1152.0,1147.0592008882375,0.6977589339794065,0.7027986455651117
1322,2791.0,2.249158,3927.0,1136.0,1146.7559394796692,0.6880678376741369,0.7026128384968899
1323,2775.0,2.236264,3927.0,1152.0,1146.4499633534972,0.6977589339794065,0.7024253681319057
1324,2772.0,2.233846,3927.0,1155.0,1146.1415601042029,0.6995760145366444,0.7022364106781631
1325,2788.0,2.24674,3927.0,1139.0,1145.8598447512768,0.6898849182313749,0.7020638047932026
1326,2783.0,2.242711,3927.0,1144.0,1145.5743296652033,0.6929133858267716,0.7018888708267382
1327,2781.0,2.241099,3927.0,1146.0,1145.2853285854167,0.6941247728649304,0.7017118010056831
1328,2789.0,2.247546,3927.0,1138.0,1144.9547186846717,0.6892792247122955,0.7015092376242342
1329,2782.0,2.241905,3927.0,1145.0,1144.6622839010774,0.693519079345851,0.7013300639864072
1330,2783.0,2.242711,3927.0,1144.0,1144.3672694821362,0.6929133858267716,0.7011493098161834
1331,2780.0,2.240293,3927.0,1147.0,1144.0699891672812,0.6947304663840097,0.7009671673404755
1332,2783.0,2.242711,3927.0,1144.0,1143.780365837617,0.6929133858267716,0.7007897162693761
1333,2780.0,2.240293,3927.0,1147.0,1143.4788456829085,0.6947304663840097,0.7006049760605224
1334,2788.0,2.24674,3927.0,1139.0,1143.1856187072435,0.6898849182313749,0.7004253170497399
1335,2783.0,2.242711,3927.0,1144.0,1142.8907402420566,0.6929133858267716,0.7002446461778449
1336,2780.0,2.240293,3927.0,1147.0,1142.5945327417671,0.6947304663840097,0.7000631610113875
1337,2788.0,2.24674,3927.0,1139.0,1142.3165369441324,0.6898849182313749,0.699892834083275
1338,2788.0,2.24674,3927.0,1139.0,1142.0070730812504,0.6898849182313749,0.6997032267957728
1339,2783.0,2.242711,3927.0,1144.0,1141.6684288364952,0.6929133858267716,0.6994957408034561
1340,2783.0,2.242711,3927.0,1144.0,1141.3124748899581,0.6929133858267716,0.6992776492251696
1341,2788.0,2.24674,3927.0,1139.0,1140.9696247937882,0.6898849182313749,0.6990675863242891
1342,2783.0,2.242711,3927.0,1144.0,1140.6298903044994,0.6929133858267716,0.6988594323434493
1343,2783.0,2.242711,3927.0,1144.0,1140.2928923202753,0.6929133858267716,0.698652955008463
1344,2791.0,2.249158,3927.0,1136.0,1139.9589097206128,0.6880678376741369,0.6984483251876976
1345,2789.0,2.247546,3927.0,1138.0,1139.6262474410696,0.6892792247122955,0.6982445043218586
1346,2783.0,2.242711,3927.0,1144.0,1139.2932104172016,0.6929133858267716,0.6980404538516508
1347,2791.0,2.249158,3927.0,1136.0,1138.9600775285069,0.6880678376741369,0.697836344645442
1348,2788.0,2.24674,3927.0,1139.0,1138.6271276544821,0.6898849182313749,0.6976323475715991
1349,2789.0,2.247546,3927.0,1138.0,1138.323467099634,0.6892792247122955,0.6974462959480268
1350,2791.0,2.249158,3927.0,1136.0,1137.9795049714694,0.6880678376741369,0.6972355517095319
1351,2800.0,2.25641,3927.0,1127.0,1137.6461890681046,0.6826165960024227,0.697031330370957
1352,2775.0,2.236264,3927.0,1152.0,1137.275752560687,0.6977589339794065,0.6968043653847736
1353,2791.0,2.249158,3927.0,1136.0,1136.917143158439,0.6880678376741369,0.6965846468192528
1354,2800.0,2.25641,3927.0,1127.0,1136.5583725289819,0.6826165960024227,0.696364829470457
1355,2791.0,2.249158,3927.0,1136.0,1136.1996934068595,0.6880678376741369,0.6961450681878442
1356,2800.0,2.25641,3927.0,1127.0,1135.8413585266167,0.6826165960024227,0.6959255178208723
1357,2789.0,2.247546,3927.0,1138.0,1135.483620622797,0.6892792247122955,0.695706333218999
1358,2780.0,2.240293,3927.0,1147.0,1135.097905004935,0.6947304663840097,0.6954700067821449
1359,2782.0,2.241905,3927.0,1145.0,1134.7440670565816,0.693519079345851,0.6952532116675948
1360,2791.0,2.249158,3927.0,1136.0,1134.3915581433314,0.6880678376741369,0.6950372308476074
1361,2791.0,2.249158,3927.0,1136.0,1134.0502401413985,0.6880678376741369,0.6948281066548198
1362,2800.0,2.25641,3927.0,1127.0,1133.7306416232946,0.6826165960024227,0.6946322899040591
1363,2788.0,2.24674,3927.0,1139.0,1133.4042140435067,0.6898849182313749,0.6944322890141553
1364,2791.0,2.249158,3927.0,1136.0,1133.0814946895312,0.6880678376741369,0.6942345601395723
1365,2807.0,2.262051,3927.0,1120.0,1132.7627537258804,0.6783767413688674,0.6940392688090409
1366,2791.0,2.249158,3927.0,1136.0,1132.4578704587373,0.6880678376741369,0.6938524680344708
1367,2801.0,2.257216,3927.0,1126.0,1132.1664657862855,0.6820109024833434,0.6936739255416754
1368,2804.0,2.259634,3927.0,1123.0,1131.8785601800232,0.6801938219261053,0.6934975269129253
1369,2800.0,2.25641,3927.0,1127.0,1131.573906988465,0.6826165960024227,0.6933108671047582
1370,2790.0,2.248352,3927.0,1137.0,1131.271994659464,0.6886735311932163,0.6931258866122632
1371,2805.0,2.26044,3927.0,1122.0,1130.9730933575327,0.6795881284070261,0.6929427509641708
1372,2783.0,2.242711,3927.0,1144.0,1130.6870823888532,0.6929133858267716,0.6927675131723907
1373,2804.0,2.259634,3927.0,1123.0,1130.3943643682705,0.6801938219261053,0.6925881659963785
1374,2796.0,2.253187,3927.0,1131.0,1130.1150857249493,0.6850393700787402,0.6924170530737765
1375,2800.0,2.25641,3927.0,1127.0,1129.8392582154042,0.6826165960024227,0.6922480546472196
1376,2807.0,2.262051,3927.0,1120.0,1129.5671607191323,0.6783767413688674,0.6920813415850747
1377,2791.0,2.249158,3927.0,1136.0,1129.29907211563,0.6880678376741369,0.6919170847557088
1378,2788.0,2.24674,3927.0,1139.0,1129.0352712843949,0.6898849182313749,0.6917554550274895
1379,2801.0,2.257216,3927.0,1126.0,1128.7760371049237,0.6820109024833434,0.6915966232687839
1380,2800.0,2.25641,3927.0,1127.0,1128.5216484567136,0.6826165960024227,0.6914407603479593
1381,2804.0,2.259634,3927.0,1123.0,1128.2723842192618,0.6801938219261053,0.691288037133383
1382,2804.0,2.259634,3927.0,1123.0,1128.028523272065,0.6801938219261053,0.6911386244934221
1383,2800.0,2.25641,3927.0,1127.0,1127.8486573259531,0.6826165960024227,0.6910284213380725
1384,2788.0,2.24674,3927.0,1139.0,1127.672172793743,0.6898849182313749,0.6909202899616758
1385,2791.0,2.249158,3927.0,1136.0,1127.5090099865072,0.6880678376741369,0.6908203207535973
1386,2800.0,2.25641,3927.0,1127.0,1127.3787270719724,0.6826165960024227,0.6907404969260178
1387,2789.0,2.247546,3927.0,1138.0,1127.2515466918423,0.6892792247122955,0.6906625740090239
1388,2800.0,2.25641,3927.0,1127.0,1127.1470531587966,0.6826165960024227,0.690598551233706
1389,2804.0,2.259634,3927.0,1123.0,1127.02456144021,0.6801938219261053,0.6905235010411361
1390,2800.0,2.25641,3927.0,1127.0,1126.8844375654235,0.6826165960024227,0.6904376476960472
1391,2796.0,2.253187,3927.0,1131.0,1126.7475643797743,0.6850393700787402,0.690353786035364
1392,2804.0,2.259634,3927.0,1123.0,1126.6142904826338,0.6801938219261053,0.6902721296445457
1393,2807.0,2.262051,3927.0,1120.0,1126.4657461900333,0.6783767413688674,0.6901811171426929
1394,2801.0,2.257216,3927.0,1126.0,1126.3227969173424,0.6820109024833434,0.6900935326874583
1395,2788.0,2.24674,3927.0,1139.0,1126.1857738339634,0.6898849182313749,0.6900095791850276
1396,2800.0,2.25641,3927.0,1127.0,1126.0550081092997,0.6826165960024227,0.6899294595415874
1397,2801.0,2.257216,3927.0,1126.0,1125.930830912753,0.6820109024833434,0.689853376663323
1398,2812.0,2.266081,3927.0,1115.0,1125.803964272057,0.6753482737734706,0.6897756459732424
1399,2791.0,2.249158,3927.0,1136.0,1125.5753493183643,0.6880678376741369,0.6896355744933337
1400,2805.0,2.26044,3927.0,1122.0,1125.314450576895,0.6795881284070261,0.689475722864061
1401,2807.0,2.262051,3927.0,1120.0,1125.0714794295934,0.6783767413688674,0.6893268554009844
1402,2800.0,2.25641,3927.0,1127.0,1124.8267600564452,0.6826165960024227,0.6891769168068308
1403,2807.0,2.262051,3927.0,1120.0,1124.6003604517566,0.6783767413688674,0.6890382026625143
1404,2804.0,2.259634,3927.0,1123.0,1124.3726047955142,0.6801938219261053,0.6888986576707623
1405,2800.0,2.25641,3927.0,1127.0,1124.153293959041,0.6826165960024227,0.6887642867867558
1406,2800.0,2.25641,3927.0,1127.0,1123.9426196719921,0.6826165960024227,0.6886352074824978
1407,2800.0,2.25641,3927.0,1127.0,1123.7599919473612,0.6826165960024227,0.6885233121963488
1408,2807.0,2.262051,3927.0,1120.0,1123.5850856988045,0.6783767413688674,0.688416147828118
1409,2807.0,2.262051,3927.0,1120.0,1123.418110085945,0.6783767413688674,0.688313842529081
1410,2807.0,2.262051,3927.0,1120.0,1123.2592742684053,0.6783767413688674,0.6882165244505131
1411,2805.0,2.26044,3927.0,1122.0,1123.089569122469,0.6795881284070261,0.6881125467773318
1412,2791.0,2.249158,3927.0,1136.0,1122.9489389070955,0.6880678376741369,0.6880263831993635
1413,2807.0,2.262051,3927.0,1120.0,1122.7978402526019,0.6783767413688674,0.6879338056500595
1414,2791.0,2.249158,3927.0,1136.0,1122.647389992939,0.6880678376741369,0.6878416253697094
1415,2791.0,2.249158,3927.0,1136.0,1122.5176474074296,0.6880678376741369,0.6877621325995913
1416,2813.0,2.266886,3927.0,1114.0,1122.3985371027452,0.6747425802543913,0.6876891541859748
1417,2800.0,2.25641,3927.0,1127.0,1122.2389151936231,0.6826165960024227,0.6875913544721965
1418,2801.0,2.257216,3927.0,1126.0,1122.1383111580624,0.6820109024833434,0.6875297147766379
1419,2800.0,2.25641,3927.0,1127.0,1122.0680893007077,0.6826165960024227,0.6874866901217642
1420,2812.0,2.266081,3927.0,1115.0,1121.9565889202986,0.6753482737734706,0.687418374278719
1421,2807.0,2.262051,3927.0,1120.0,1121.8520213098861,0.6783767413688674,0.6873543061164907
1422,2804.0,2.259634,3927.0,1123.0,1121.7442849311885,0.6801938219261053,0.6872882964624397
1423,2791.0,2.249158,3927.0,1136.0,1121.6431457955932,0.6880678376741369,0.6872263289132016
1424,2807.0,2.262051,3927.0,1120.0,1121.5487607728166,0.6783767413688674,0.6871684995822328
1425,2807.0,2.262051,3927.0,1120.0,1121.461286732576,0.6783767413688674,0.6871149045829897
1426,2800.0,2.25641,3927.0,1127.0,1121.360346298622,0.6826165960024227,0.6870530587774633
1427,2804.0,2.259634,3927.0,1123.0,1121.2652971940431,0.6801938219261053,0.6869948225661949
1428,2807.0,2.262051,3927.0,1120.0,1121.1762788585877,0.6783767413688674,0.6869402813833684
1429,2800.0,2.25641,3927.0,1127.0,1121.1414764403537,0.6826165960024227,0.6869189580790626
1430,2800.0,2.25641,3927.0,1127.0,1121.0616916307456,0.6826165960024227,0.6868700742410829
1431,2800.0,2.25641,3927.0,1127.0,1120.988399484428,0.6826165960024227,0.6868251684322785
1432,2805.0,2.26044,3927.0,1122.0,1120.9217394411496,0.6795881284070261,0.6867843260868327
1433,2807.0,2.262051,3927.0,1120.0,1120.8618509406583,0.6783767413688674,0.686747632638929
1434,2813.0,2.266886,3927.0,1114.0,1120.8088734227035,0.6747425802543913,0.6867151735227516
1435,2804.0,2.259634,3927.0,1123.0,1120.762946327033,0.6801938219261053,0.6866870341724836
1436,2801.0,2.257216,3927.0,1126.0,1120.7242090933955,0.6820109024833434,0.6866633000223087
1437,2800.0,2.25641,3927.0,1127.0,1120.6928011615398,0.6826165960024227,0.6866440565064107
1438,2807.0,2.262051,3927.0,1120.0,1120.668861971214,0.6783767413688674,0.6866293890589731
1439,2791.0,2.249158,3927.0,1136.0,1120.652530962167,0.6880678376741369,0.6866193831141796
1440,2805.0,2.26044,3927.0,1122.0,1120.6439475741472,0.6795881284070261,0.6866141241062138
1441,2813.0,2.266886,3927.0,1114.0,1120.550847140054,0.6747425802543913,0.6865570818376617
1442,2800.0,2.25641,3927.0,1127.0,1120.4405546564662,0.6826165960024227,0.686489506068232
1443,2814.0,2.267692,3927.0,1113.0,1120.3336479442726,0.6741368867353119,0.6864240047475736
1444,2804.0,2.259634,3927.0,1123.0,1120.2301705783943,0.6801938219261053,0.6863606045738689
1445,2807.0,2.262051,3927.0,1120.0,1120.110289869099,0.6783767413688674,0.6862871541363876
1446,2806.0,2.261245,3927.0,1121.0,1120.0041753489766,0.6789824348879467,0.6862221381886849
1447,2812.0,2.266081,3927.0,1115.0,1119.9022527362938,0.6753482737734706,0.6861596906061274
1448,2804.0,2.259634,3927.0,1123.0,1119.8045568909884,0.6801938219261053,0.6860998327472612
1449,2805.0,2.26044,3927.0,1122.0,1119.711122672997,0.6795881284070261,0.6860425859706318
1450,2807.0,2.262051,3927.0,1120.0,1119.6630534341898,0.6783767413688674,0.6860131341377179
1451,2817.0,2.27011,3927.0,1110.0,1119.5809138358286,0.6723198061780739,0.6859628075299623
1452,2801.0,2.257216,3927.0,1126.0,1119.50317530453,0.6820109024833434,0.6859151774386274
1453,2807.0,2.262051,3927.0,1120.0,1119.4490909835708,0.6783767413688674,0.6858820401886171
1454,2812.0,2.266081,3927.0,1115.0,1119.4077880585605,0.6753482737734706,0.6858567340494635
1455,2804.0,2.259634,3927.0,1123.0,1119.3594512697357,0.6801938219261053,0.6858271182897095
1456,2807.0,2.262051,3927.0,1120.0,1119.295181746646,0.6783767413688674,0.6857877406065493
1457,2807.0,2.262051,3927.0,1120.0,1119.2355485951946,0.6783767413688674,0.6857512036099948
1458,2807.0,2.262051,3927.0,1120.0,1119.1805866753189,0.6783767413688674,0.6857175286585917
1459,2813.0,2.266886,3927.0,1114.0,1119.1303308469548,0.6747425802543913,0.6856867371108855
1460,2822.0,2.274139,3927.0,1105.0,1119.0848159700408,0.6692913385826772,0.6856588503254227
1461,2815.0,2.268498,3927.0,1112.0,1119.044076904514,0.6735311932162326,0.6856338896607493
1462,2812.0,2.266081,3927.0,1115.0,1119.0081485103108,0.6753482737734706,0.6856118764754109
1463,2817.0,2.27011,3927.0,1110.0,1118.9770656473686,0.6723198061780739,0.6855928321279534
1464,2820.0,2.272527,3927.0,1107.0,1118.9508631756248,0.6705027256208359,0.685576777976923
1465,2820.0,2.272527,3927.0,1107.0,1118.9295759550164,0.6705027256208359,0.6855637353808652
1466,2807.0,2.262051,3927.0,1120.0,1118.9132388454805,0.6783767413688674,0.6855537256983263
1467,2832.0,2.282198,3927.0,1095.0,1118.901886706954,0.6632344033918837,0.6855467702878518
1468,2815.0,2.268498,3927.0,1112.0,1118.9243818243838,0.6735311932162326,0.685560552957525
1469,2813.0,2.266886,3927.0,1114.0,1118.9397167107272,0.6747425802543913,0.6855699485818691
1470,2812.0,2.266081,3927.0,1115.0,1118.93833451422,0.6753482737734706,0.685569101715524
1471,2807.0,2.262051,3927.0,1120.0,1118.940804340766,0.6783767413688674,0.6855706149685016
1472,2813.0,2.266886,3927.0,1114.0,1118.937551908632,0.6747425802543913,0.6855686222161688
1473,2801.0,2.257216,3927.0,1126.0,1118.938870485754,0.6820109024833434,0.6855694301031677
1474,2815.0,2.268498,3927.0,1112.0,1118.906349650405,0.6735311932162326,0.6855495047156914
1475,2815.0,2.268498,3927.0,1112.0,1118.8810491795343,0.6735311932162326,0.6855340032170362
1476,2801.0,2.257216,3927.0,1126.0,1118.8321589892075,0.6820109024833434,0.6855040483903659
1477,2791.0,2.249158,3927.0,1136.0,1118.7500350778182,0.6880678376741369,0.6854537313939562
1478,2791.0,2.249158,3927.0,1136.0,1118.6756762174246,0.6880678376741369,0.6854081720136469
1479,2805.0,2.26044,3927.0,1122.0,1118.6500811800852,0.6795881284070261,0.6853924900352788
1480,2816.0,2.269304,3927.0,1111.0,1118.5937100472506,0.6729254996971532,0.6853579516646573
1481,2807.0,2.262051,3927.0,1120.0,1118.544929665726,0.6783767413688674,0.6853280641174068
1482,2800.0,2.25641,3927.0,1127.0,1118.503670315637,0.6826165960024227,0.6853027846764355
1483,2807.0,2.262051,3927.0,1120.0,1118.4595951541266,0.6783767413688674,0.6852757799989188
1484,2812.0,2.266081,3927.0,1115.0,1118.4325020109893,0.6753482737734706,0.6852591801370405
1485,2801.0,2.257216,3927.0,1126.0,1118.4408814683768,0.6820109024833434,0.6852643141975127
1486,2807.0,2.262051,3927.0,1120.0,1118.4532306011051,0.6783767413688674,0.6852718804624
1487,2804.0,2.259634,3927.0,1123.0,1118.4695058342527,0.6801938219261053,0.68528185223352
1488,2815.0,2.268498,3927.0,1112.0,1118.4691293469316,0.6735311932162326,0.6852816215612241
1489,2791.0,2.249158,3927.0,1136.0,1118.4917926635585,0.6880678376741369,0.6852955072858816
1490,2805.0,2.26044,3927.0,1122.0,1118.5593024178047,0.6795881284070261,0.685336870245884
1491,2817.0,2.27011,3927.0,1110.0,1118.5569981759604,0.6723198061780739,0.6853354584459995
1492,2804.0,2.259634,3927.0,1123.0,1118.5675964683467,0.6801938219261053,0.6853419519779189
1493,2800.0,2.25641,3927.0,1127.0,1118.580751737121,0.6826165960024227,0.6853500121591803
1494,2812.0,2.266081,3927.0,1115.0,1118.6059859741108,0.6753482737734706,0.6853654730765981
1495,2807.0,2.262051,3927.0,1120.0,1118.6432120294737,0.6783767413688674,0.6853882813338079
1496,2800.0,2.25641,3927.0,1127.0,1118.6615413844165,0.6826165960024227,0.6853995116572454
1497,2807.0,2.262051,3927.0,1120.0,1118.7377338775034,0.6783767413688674,0.6854461944970693
1498,2807.0,2.262051,3927.0,1120.0,1118.8203841739435,0.6783767413688674,0.6854968340075225
1499,2805.0,2.26044,3927.0,1122.0,1118.909422553863,0.6795881284070261,0.685551387471513
1500,2813.0,2.266886,3927.0,1114.0,1118.9739779284373,0.6747425802543913,0.6855909402947498
1501,2807.0,2.262051,3927.0,1120.0,1119.073583226799,0.6783767413688674,0.685651968067968
1502,2807.0,2.262051,3927.0,1120.0,1119.1312955957146,0.6783767413688674,0.6856873282086433
1503,2791.0,2.249158,3927.0,1136.0,1119.2394058472382,0.6880678376741369,0.6857535669330994
1504,2812.0,2.266081,3927.0,1115.0,1119.4048127629267,0.6753482737734706,0.6858549110975705
1505,2812.0,2.266081,3927.0,1115.0,1119.487031667645,0.6753482737734706,0.6859052862960181
1506,2812.0,2.266081,3927.0,1115.0,1119.5783533734464,0.6753482737734706,0.6859612387447654
1507,2800.0,2.25641,3927.0,1127.0,1119.678664585535,0.6826165960024227,0.6860226990285383
1508,2823.0,2.274945,3927.0,1104.0,1119.7878520091156,0.6686856450635978,0.6860895977320628
1509,2807.0,2.262051,3927.0,1120.0,1119.9366037183415,0.6783767413688674,0.6861807373172634
1510,2800.0,2.25641,3927.0,1127.0,1120.0652037694117,0.6826165960024227,0.6862595300610396
1511,2807.0,2.262051,3927.0,1120.0,1120.2023662925387,0.6783767413688674,0.6863435689976536
1512,2807.0,2.262051,3927.0,1120.0,1120.3088834449352,0.6783767413688674,0.6864088316365616
1513,2807.0,2.262051,3927.0,1120.0,1120.4250175824875,0.6783767413688674,0.6864799865643216
1514,2815.0,2.268498,3927.0,1112.0,1120.5608876734457,0.6735311932162326,0.6865632336328463
1515,2805.0,2.26044,3927.0,1122.0,1120.7067451363916,0.6795881284070261,0.6866525999247731
1516,2807.0,2.262051,3927.0,1120.0,1120.862450531577,0.6783767413688674,0.6867480000059186
1517,2807.0,2.262051,3927.0,1120.0,1121.01759729627,0.6783767413688674,0.6868430578163661
1518,2797.0,2.253993,3927.0,1130.0,1121.171379294424,0.6844336765596608,0.6869372794397411
1519,2800.0,2.25641,3927.0,1127.0,1121.3332487979924,0.6826165960024227,0.6870364562457666
1520,2805.0,2.26044,3927.0,1122.0,1121.503048937258,0.6795881284070261,0.6871404921209857
1521,2800.0,2.25641,3927.0,1127.0,1121.6325771341535,0.6826165960024227,0.6872198535360463
1522,2807.0,2.262051,3927.0,1120.0,1121.7729685589577,0.6783767413688674,0.6873058708079751
1523,2804.0,2.259634,3927.0,1123.0,1121.9137556440483,0.6801938219261053,0.6873921304994001
1524,2804.0,2.259634,3927.0,1123.0,1122.0553872111159,0.6801938219261053,0.6874789076015996
1525,2807.0,2.262051,3927.0,1120.0,1122.1983033668664,0.6783767413688674,0.6875664717662155
1526,2813.0,2.266886,3927.0,1114.0,1122.3518866633792,0.6747425802543913,0.6876605716458791
1527,2804.0,2.259634,3927.0,1123.0,1122.535128794402,0.6801938219261053,0.6877728433763998
1528,2800.0,2.25641,3927.0,1127.0,1122.7272863543462,0.6826165960024227,0.6878905775550361
1529,2806.0,2.261245,3927.0,1121.0,1122.928150183588,0.6789824348879467,0.6880136460305123
1530,2804.0,2.259634,3927.0,1123.0,1123.1375111225057,0.6801938219261053,0.6881419206515532
1531,2813.0,2.266886,3927.0,1114.0,1123.3551600114756,0.6747425802543913,0.6882752732668833
1532,2820.0,2.272527,3927.0,1107.0,1123.5808876908757,0.6705027256208359,0.6884135757252273
1533,2807.0,2.262051,3927.0,1120.0,1123.8144850010829,0.6783767413688674,0.6885566998753097
1534,2791.0,2.249158,3927.0,1136.0,1124.0044071675584,0.6880678376741369,0.6886730644371897
1535,2800.0,2.25641,3927.0,1127.0,1124.246492872457,0.6826165960024227,0.6888213893932004
1536,2791.0,2.249158,3927.0,1136.0,1124.4308845099065,0.6880678376741369,0.6889343654217721
1537,2800.0,2.25641,3927.0,1127.0,1124.6457768493483,0.6826165960024227,0.6890660291100849
1538,2804.0,2.259634,3927.0,1123.0,1124.81077154628,0.6801938219261053,0.6891671207097505
1539,2804.0,2.259634,3927.0,1123.0,1124.9371728068156,0.6801938219261053,0.6892445662632436
1540,2812.0,2.266081,3927.0,1115.0,1125.054810279156,0.6753482737734706,0.6893166422782955
1541,2804.0,2.259634,3927.0,1123.0,1125.1941628778338,0.6801938219261053,0.6894020230655564
1542,2807.0,2.262051,3927.0,1120.0,1125.3357072950585,0.6783767413688674,0.689488746771391
1543,2815.0,2.268498,3927.0,1112.0,1125.5079659313901,0.6735311932162326,0.6895942889580603
1544,2807.0,2.262051,3927.0,1120.0,1125.6715653593387,0.6783767413688674,0.6896945256819264
1545,2789.0,2.247546,3927.0,1138.0,1125.7609279366732,0.6892792247122955,0.6897492777803936
1546,2804.0,2.259634,3927.0,1123.0,1125.8578333329046,0.6801938219261053,0.6898086513342317
1547,2807.0,2.262051,3927.0,1120.0,1125.9330968086667,0.6783767413688674,0.6898547649688072
1548,2805.0,2.26044,3927.0,1122.0,1126.0459636986113,0.6795881284070261,0.6899239180668519
1549,2796.0,2.253187,3927.0,1131.0,1126.1755424424161,0.6850393700787402,0.6900033104518043
1550,2800.0,2.25641,3927.0,1127.0,1126.363210913956,0.6826165960024227,0.6901182941836913
1551,2800.0,2.25641,3927.0,1127.0,1126.5811526263983,0.6826165960024227,0.6902518262108073
1552,2804.0,2.259634,3927.0,1123.0,1126.7810342769112,0.6801938219261053,0.6903742929092523
1553,2791.0,2.249158,3927.0,1136.0,1127.0221709200216,0.6880678376741369,0.6905220363788508
1554,2796.0,2.253187,3927.0,1131.0,1127.2734735922973,0.6850393700787402,0.690676008534399
1555,2796.0,2.253187,3927.0,1131.0,1127.5346546992573,0.6850393700787402,0.6908360331678937
1556,2791.0,2.249158,3927.0,1136.0,1127.80542664642,0.6880678376741369,0.6910019340713306
1557,2796.0,2.253187,3927.0,1131.0,1128.0855018393042,0.6850393700787402,0.6911735350367062
1558,2791.0,2.249158,3927.0,1136.0,1128.3540584374628,0.6880678376741369,0.691338078604551
1559,2800.0,2.25641,3927.0,1127.0,1128.6011822747746,0.6826165960024227,0.6914894904044085
1560,2789.0,2.247546,3927.0,1138.0,1128.8477344091177,0.6892792247122955,0.6916405519241133
1561,2800.0,2.25641,3927.0,1127.0,1129.1036420790879,0.6826165960024227,0.6917973455435755
1562,2801.0,2.257216,3927.0,1126.0,1129.3890996462655,0.6820109024833434,0.6919722442684395
1563,2804.0,2.259634,3927.0,1123.0,1129.6640321269247,0.6801938219261053,0.6921406943143302
1564,2801.0,2.257216,3927.0,1126.0,1129.9678521659855,0.6820109024833434,0.6923268436532504
1565,2807.0,2.262051,3927.0,1120.0,1130.2912861486723,0.6783767413688674,0.6925250103780244
1566,2789.0,2.247546,3927.0,1138.0,1130.6141440708977,0.6892792247122955,0.6927228241528273
1567,2791.0,2.249158,3927.0,1136.0,1130.9072760532345,0.6880678376741369,0.6929024249615724
1568,2788.0,2.24674,3927.0,1139.0,1131.211393273259,0.6898849182313749,0.6930887563820961
1569,2791.0,2.249158,3927.0,1136.0,1131.526138416616,0.6880678376741369,0.6932815994893029
1570,2791.0,2.249158,3927.0,1136.0,1131.8306199229837,0.6880678376741369,0.6934681541066314
1571,2796.0,2.253187,3927.0,1131.0,1132.0956356230279,0.6850393700787402,0.6936305281801756
1572,2796.0,2.253187,3927.0,1131.0,1132.3721028124191,0.6850393700787402,0.6937999185360499
1573,2801.0,2.257216,3927.0,1126.0,1132.659603171912,0.6820109024833434,0.6939760688717036
1574,2791.0,2.249158,3927.0,1136.0,1132.9577183822616,0.6880678376741369,0.6941587228845861
1575,2805.0,2.26044,3927.0,1122.0,1133.2660301242213,0.6795881284070261,0.6943476242721459
1576,2800.0,2.25641,3927.0,1127.0,1133.584120078546,0.6826165960024227,0.6945425167318325
1577,2800.0,2.25641,3927.0,1127.0,1133.9115699259903,0.6826165960024227,0.6947431439610952
1578,2775.0,2.236264,3927.0,1152.0,1134.247961347308,0.6977589339794065,0.6949492496573825
1579,2788.0,2.24674,3927.0,1139.0,1134.5928760232548,0.6898849182313749,0.6951605775181443
1580,2791.0,2.249158,3927.0,1136.0,1134.8945600196676,0.6880678376741369,0.6953454181121637
1581,2791.0,2.249158,3927.0,1136.0,1135.2231053406363,0.6880678376741369,0.6955467165337313
1582,2800.0,2.25641,3927.0,1127.0,1135.531995757552,0.6826165960024227,0.6957359724731531
1583,2800.0,2.25641,3927.0,1127.0,1135.8419528885445,0.6826165960024227,0.6959258819840799
1584,2791.0,2.249158,3927.0,1136.0,1136.1627645324606,0.6880678376741369,0.6961224420122382
1585,2791.0,2.249158,3927.0,1136.0,1136.4939513651652,0.6880678376741369,0.6963253588776218
1586,2783.0,2.242711,3927.0,1144.0,1136.8350340625227,0.6929133858267716,0.6965343389002248
1587,2800.0,2.25641,3927.0,1127.0,1137.1855333003973,0.6826165960024227,0.6967490884000406
1588,2788.0,2.24674,3927.0,1139.0,1137.5449697546535,0.6898849182313749,0.696969313697063
1589,2788.0,2.24674,3927.0,1139.0,1137.912864101156,0.6898849182313749,0.6971947211112861
1590,2788.0,2.24674,3927.0,1139.0,1138.2887370157691,0.6898849182313749,0.6974250169627035
1591,2788.0,2.24674,3927.0,1139.0,1138.6721091743573,0.6898849182313749,0.697659907571309
1592,2791.0,2.249158,3927.0,1136.0,1139.0625012527853,0.6880678376741369,0.6978990992570966
1593,2781.0,2.241099,3927.0,1146.0,1139.4799681728837,0.6941247728649304,0.6981548795915259
1594,2796.0,2.253187,3927.0,1131.0,1139.904829757146,0.6850393700787402,0.6984151906075057
1595,2780.0,2.240293,3927.0,1147.0,1140.336624111405,0.6947304663840097,0.6986797493043025
1596,2788.0,2.24674,3927.0,1139.0,1140.7851564644768,0.6898849182313749,0.6989545633069163
1597,2781.0,2.241099,3927.0,1146.0,1141.12505479547,0.6941247728649304,0.6991628176729219
1598,2788.0,2.24674,3927.0,1139.0,1141.4789668211897,0.6898849182313749,0.699379658174382
1599,2781.0,2.241099,3927.0,1146.0,1141.8463347826414,0.6941247728649304,0.6996047430745618
1600,2783.0,2.242711,3927.0,1144.0,1142.2266009208315,0.6929133858267716,0.6998377306367272
1601,2791.0,2.249158,3927.0,1136.0,1142.6192074767655,0.6880678376741369,0.7000782791241432
1602,2775.0,2.236264,3927.0,1152.0,1142.9947692664398,0.6977589339794065,0.7003083843505384
1603,2775.0,2.236264,3927.0,1152.0,1143.3738946131875,0.6977589339794065,0.7005406729542891
1604,2775.0,2.236264,3927.0,1152.0,1143.7457237750937,0.6977589339794065,0.7007684912143815
1605,2783.0,2.242711,3927.0,1144.0,1144.1185978636152,0.6929133858267716,0.7009969496968872
1606,2791.0,2.249158,3927.0,1136.0,1144.5117743795215,0.6880678376741369,0.7012378473965291
1607,2783.0,2.242711,3927.0,1144.0,1144.9355683782087,0.6929133858267716,0.7014975043070402
1608,2791.0,2.249158,3927.0,1136.0,1145.3701689574066,0.6880678376741369,0.7017637823667825
1609,2791.0,2.249158,3927.0,1136.0,1145.814983498184,0.6880678376741369,0.7020363184804755
1610,2781.0,2.241099,3927.0,1146.0,1146.230982814929,0.6941247728649304,0.7022911996201221
1611,2788.0,2.24674,3927.0,1139.0,1146.6586079207073,0.6898849182313749,0.7025532038348287
1612,2780.0,2.240293,3927.0,1147.0,1147.1356679033295,0.6947304663840097,0.7028454966034848
1613,2772.0,2.233846,3927.0,1155.0,1147.6205016519318,0.6995760145366444,0.7031425523278783
1614,2788.0,2.24674,3927.0,1139.0,1148.0740799809034,0.6898849182313749,0.7034204579800121
1615,2783.0,2.242711,3927.0,1144.0,1148.4887981949594,0.6929133858267716,0.7036745541930969
1616,2788.0,2.24674,3927.0,1139.0,1148.9153208552254,0.6898849182313749,0.7039358829437887
1617,2780.0,2.240293,3927.0,1147.0,1149.3529769079128,0.6947304663840097,0.7042040330800797
1618,2768.0,2.230623,3927.0,1159.0,1149.8010952992315,0.7019987886129618,0.7044785934499611
1619,2772.0,2.233846,3927.0,1155.0,1150.2282036064416,0.6995760145366444,0.7047402810242244
1620,2783.0,2.242711,3927.0,1144.0,1150.6624320558105,0.6929133858267716,0.7050063310814891
1621,2772.0,2.233846,3927.0,1155.0,1151.1236176945624,0.6995760145366444,0.7052888977023034
1622,2789.0,2.247546,3927.0,1138.0,1151.5822533289129,0.6892792247122955,0.7055699019454844
1623,2759.0,2.22337,3927.0,1168.0,1152.0389664377306,0.7074500302846759,0.7058497282648586
1624,2756.0,2.220952,3927.0,1171.0,1152.4559392182202,0.709267110841914,0.7061052058418997
1625,2768.0,2.230623,3927.0,1159.0,1152.9152258618967,0.7019987886129618,0.7063866089559256
1626,2769.0,2.231429,3927.0,1158.0,1153.3879422963528,0.7013930950938825,0.7066762404497621
1627,2772.0,2.233846,3927.0,1155.0,1153.854155609537,0.6995760145366444,0.7069618875068595
1628,2772.0,2.233846,3927.0,1155.0,1154.3266907723198,0.6995760145366444,0.7072514079362571
1629,2772.0,2.233846,3927.0,1155.0,1154.817706059274,0.6995760145366444,0.7075522510648036
1630,2780.0,2.240293,3927.0,1147.0,1155.326460696735,0.6947304663840097,0.7078639630233979
1631,2768.0,2.230623,3927.0,1159.0,1155.8329956276993,0.7019987886129618,0.7081743149765818
1632,2772.0,2.233846,3927.0,1155.0,1156.3763051778405,0.6995760145366444,0.7085071985938058
1633,2775.0,2.236264,3927.0,1152.0,1156.9158960441882,0.6977589339794065,0.7088378037881452
1634,2775.0,2.236264,3927.0,1152.0,1157.4619351274064,0.6977589339794065,0.7091723597795135
1635,2768.0,2.230623,3927.0,1159.0,1158.023922631862,0.7019987886129618,0.7095166873056343
1636,2768.0,2.230623,3927.0,1159.0,1158.521586580325,0.7019987886129618,0.7098216040428486
1637,2769.0,2.231429,3927.0,1158.0,1159.0335953929173,0.7013930950938825,0.7101353098217034
1638,2757.0,2.221758,3927.0,1170.0,1159.5591124311475,0.7086614173228346,0.710457292037097
1639,2764.0,2.227399,3927.0,1163.0,1160.0973010565247,0.7044215626892792,0.7107870380839276
1640,2759.0,2.22337,3927.0,1168.0,1160.647324630557,0.7074500302846759,0.7111240353570932
1641,2769.0,2.231429,3927.0,1158.0,1161.2083465147537,0.7013930950938825,0.7114677712514921
1642,2768.0,2.230623,3927.0,1159.0,1161.8719341774733,0.7019987886129618,0.7118743487936207
1643,2768.0,2.230623,3927.0,1159.0,1162.5508471400537,0.7019987886129618,0.7122903160864933
1644,2764.0,2.227399,3927.0,1163.0,1163.2443271988625,0.7044215626892792,0.7127152085817365
1645,2769.0,2.231429,3927.0,1158.0,1163.951616150267,0.7013930950938825,0.7131485617309771
1646,2759.0,2.22337,3927.0,1168.0,1164.5854735156051,0.7074500302846759,0.7135369236372293
1647,2759.0,2.22337,3927.0,1168.0,1165.2374667632355,0.7074500302846759,0.7139363973269895
1648,2756.0,2.220952,3927.0,1171.0,1165.8554236397504,0.709267110841914,0.7143150170664904
1649,2759.0,2.22337,3927.0,1168.0,1166.4865096400868,0.7074500302846759,0.7147016809683431
1650,2756.0,2.220952,3927.0,1171.0,1167.1106262674923,0.709267110841914,0.7150840747629054
1651,2759.0,2.22337,3927.0,1168.0,1167.7666284078928,0.7074500302846759,0.7154860046854449
1652,2759.0,2.22337,3927.0,1168.0,1168.4331016019082,0.7074500302846759,0.7158943501812108
1653,2753.0,2.218535,3927.0,1174.0,1169.1605012510431,0.711084191399152,0.7163400250755848
1654,2759.0,2.22337,3927.0,1168.0,1169.8999450084564,0.7074500302846759,0.7167930793475693
1655,2759.0,2.22337,3927.0,1168.0,1170.5581921288076,0.7074500302846759,0.717196384760465
1656,2759.0,2.22337,3927.0,1168.0,1171.2843864956158,0.7074500302846759,0.717641321183114
1657,2736.0,2.204835,3927.0,1191.0,1171.9835478526784,0.7213809812235009,0.7180696945873764
1658,2752.0,2.217729,3927.0,1175.0,1172.695847048547,0.7116898849182314,0.7185061174936274
1659,2741.0,2.208864,3927.0,1186.0,1173.42038643984,0.7183525136281042,0.7189500399193095
1660,2756.0,2.220952,3927.0,1171.0,1174.1562683831771,0.709267110841914,0.7194009118818662
1661,2752.0,2.217729,3927.0,1175.0,1174.9025952351765,0.7116898849182314,0.7198581833987397
1662,2752.0,2.217729,3927.0,1175.0,1175.6584693524576,0.7116898849182314,0.7203213044873736
1663,2752.0,2.217729,3927.0,1175.0,1176.4249670355791,0.7116898849182314,0.7207909345928726
1664,2752.0,2.217729,3927.0,1175.0,1177.19355544343,0.7116898849182314,0.7212618456771621
1665,2752.0,2.217729,3927.0,1175.0,1177.9255496322783,0.7116898849182314,0.7217103356278863
1666,2741.0,2.208864,3927.0,1186.0,1178.671335283754,0.7183525136281042,0.7221672755533349
1667,2753.0,2.218535,3927.0,1174.0,1179.4299624645698,0.711084191399152,0.7226320834331318
1668,2736.0,2.204835,3927.0,1191.0,1180.1716538164294,0.7213809812235009,0.7230865147973635
1669,2752.0,2.217729,3927.0,1175.0,1180.9262346300425,0.7116898849182314,0.723548843483944
1670,2752.0,2.217729,3927.0,1175.0,1181.6927288271702,0.7116898849182314,0.7240184714535882
1671,2752.0,2.217729,3927.0,1175.0,1182.4317237628932,0.7116898849182314,0.7244712507342944
1672,2752.0,2.217729,3927.0,1175.0,1183.2346126058828,0.7116898849182314,0.7249631775598284
1673,2740.0,2.208059,3927.0,1187.0,1184.0523822845353,0.7189582071471835,0.7254642218146463
1674,2740.0,2.208059,3927.0,1187.0,1184.884065435595,0.7189582071471835,0.7259737907990993
1675,2740.0,2.208059,3927.0,1187.0,1185.6531375250734,0.7189582071471835,0.7264449982332133
1676,2737.0,2.205641,3927.0,1190.0,1186.4227961329943,0.7207752877044216,0.7269165650248623
1677,2727.0,2.197582,3927.0,1200.0,1187.212520992225,0.726832222895215,0.7274004263294983
1678,2736.0,2.204835,3927.0,1191.0,1188.0007233437022,0.7213809812235009,0.7278833547996422
1679,2736.0,2.204835,3927.0,1191.0,1188.7575038193488,0.7213809812235009,0.7283470312104696
1680,2740.0,2.208059,3927.0,1187.0,1189.5330825160925,0.7189582071471835,0.728822225217177
1681,2736.0,2.204835,3927.0,1191.0,1190.307125632606,0.7213809812235009,0.7292964783799374
1682,2732.0,2.201612,3927.0,1195.0,1191.0894253252284,0.7238037552998183,0.7297757903142955
1683,2740.0,2.208059,3927.0,1187.0,1191.841061345653,0.7189582071471835,0.730236314737711
1684,2738.0,2.206447,3927.0,1189.0,1192.612184070933,0.7201695941853422,0.7307087785882878
1685,2752.0,2.217729,3927.0,1175.0,1193.4016082632065,0.7116898849182314,0.7311924556754656
1686,2732.0,2.201612,3927.0,1195.0,1194.1568130696946,0.7238037552998183,0.7316551666800181
1687,2727.0,2.197582,3927.0,1200.0,1194.975951000879,0.726832222895215,0.7321570492577626
1688,2725.0,2.195971,3927.0,1202.0,1195.748846353962,0.7280436099333737,0.7326305991903989
1689,2727.0,2.197582,3927.0,1200.0,1196.5358643390757,0.726832222895215,0.7331128020039458
1690,2736.0,2.204835,3927.0,1191.0,1197.3595915809835,0.7213809812235009,0.7336174964342591
1691,2736.0,2.204835,3927.0,1191.0,1198.2098568215304,0.7213809812235009,0.7341384505916074
1692,2740.0,2.208059,3927.0,1187.0,1199.0758395362307,0.7189582071471835,0.7346690347833412
1693,2727.0,2.197582,3927.0,1200.0,1199.9563283422692,0.726832222895215,0.7352085067999904
1694,2727.0,2.197582,3927.0,1200.0,1200.8097013462109,0.726832222895215,0.7357313650717061
1695,2727.0,2.197582,3927.0,1200.0,1201.6661716555666,0.726832222895215,0.7362561210502256
1696,2724.0,2.195165,3927.0,1203.0,1202.570816655039,0.728649303452453,0.7368103934712603
1697,2736.0,2.204835,3927.0,1191.0,1203.4968700134018,0.7213809812235009,0.7373777827093001
1698,2726.0,2.196777,3927.0,1201.0,1204.4739042868207,0.7274379164142943,0.7379764077528007
1699,2719.0,2.191136,3927.0,1208.0,1205.4410880135047,0.7316777710478498,0.7385689974051916
1700,2711.0,2.184689,3927.0,1216.0,1206.4260198056802,0.7365233192004845,0.7391724612272671
1701,2716.0,2.188718,3927.0,1211.0,1207.4274708505634,0.7334948516050879,0.7397860463302842
1702,2708.0,2.182271,3927.0,1219.0,1208.4153849103602,0.7383403997577226,0.740391337375962
1703,2711.0,2.184689,3927.0,1216.0,1209.4212823402243,0.7365233192004845,0.7410076467615093
1704,2718.0,2.19033,3927.0,1209.0,1210.4054716157389,0.7322834645669292,0.741610655646557
1705,2719.0,2.191136,3927.0,1208.0,1211.4057574672236,0.7316777710478498,0.7422235268401772
1706,2709.0,2.183077,3927.0,1218.0,1212.420850077004,0.7377347062386432,0.742845470076171
1707,2708.0,2.182271,3927.0,1219.0,1213.3629773523774,0.7383403997577226,0.7434227077397281
1708,2719.0,2.191136,3927.0,1208.0,1214.3231751476605,0.7316777710478498,0.7440110171395193
1709,2708.0,2.182271,3927.0,1219.0,1215.2712477853115,0.7383403997577226,0.7445918975030807
1710,2695.0,2.171795,3927.0,1232.0,1216.2289670390655,0.7462144155057541,0.7451786883102586
1711,2719.0,2.191136,3927.0,1208.0,1217.2174379863577,0.7316777710478498,0.745784320558707
1712,2695.0,2.171795,3927.0,1232.0,1218.2256570880347,0.7462144155057541,0.7464020524234118
1713,2692.0,2.169377,3927.0,1235.0,1219.2522299466107,0.7480314960629921,0.7470310295625363
1714,2704.0,2.179048,3927.0,1223.0,1220.2573255979207,0.74076317383404,0.7476468477015278
1715,2704.0,2.179048,3927.0,1223.0,1221.2805832764752,0.74076317383404,0.7482737936429363
1716,2704.0,2.179048,3927.0,1223.0,1222.320573724852,0.74076317383404,0.7489109916863799
1717,2708.0,2.182271,3927.0,1219.0,1223.3758676856294,0.7383403997577226,0.7495575661314765
1718,2695.0,2.171795,3927.0,1232.0,1224.4380586849682,0.7462144155057541,0.750208366364881
1719,2704.0,2.179048,3927.0,1223.0,1225.5089986570279,0.74076317383404,0.750864527059344
1720,2695.0,2.171795,3927.0,1232.0,1226.5782897540612,0.7462144155057541,0.7515196774945857
1721,2693.0,2.170183,3927.0,1234.0,1227.665002104676,0.7474258025439128,0.7521855018631445
1722,2704.0,2.179048,3927.0,1223.0,1228.770961498078,0.74076317383404,0.7528631188188613
1723,2688.0,2.166154,3927.0,1239.0,1229.8979937234756,0.7504542701393095,0.7535536470155789
1724,2711.0,2.184689,3927.0,1216.0,1231.0446346635085,0.7365233192004845,0.7542561893943687
1725,2679.0,2.158901,3927.0,1248.0,1232.2094202008177,0.7559055118110236,0.7549698488963027
1726,2695.0,2.171795,3927.0,1232.0,1233.3908862180438,0.7462144155057541,0.755693728462453
1727,2695.0,2.171795,3927.0,1232.0,1234.5875685978272,0.7462144155057541,0.7564269310338915
1728,2692.0,2.169377,3927.0,1235.0,1235.7980032228081,0.7480314960629921,0.7571685595516898
1729,2688.0,2.166154,3927.0,1239.0,1237.0207259756278,0.7504542701393095,0.7579177169569203
1730,2695.0,2.171795,3927.0,1232.0,1238.2542727389261,0.7462144155057541,0.7586735061906548
1731,2695.0,2.171795,3927.0,1232.0,1239.3914788369748,0.7462144155057541,0.759370267878995
1732,2684.0,2.16293,3927.0,1243.0,1240.5456965843432,0.7528770442156268,0.7600774525377375
1733,2695.0,2.171795,3927.0,1232.0,1241.7481413117343,0.7462144155057541,0.7608141856768145
1734,2685.0,2.163736,3927.0,1242.0,1242.9691097382179,0.7522713506965475,0.7615622682132223
1735,2688.0,2.166154,3927.0,1239.0,1244.2077260078734,0.7504542701393095,0.7623211635134951
1736,2688.0,2.166154,3927.0,1239.0,1245.4624562834672,0.7504542701393095,0.7630899318016131
1737,2689.0,2.16696,3927.0,1238.0,1246.731766727766,0.7498485766202302,0.7638676333015566
1738,2688.0,2.166154,3927.0,1239.0,1247.9276412285058,0.7504542701393095,0.7646003408886933
1739,2673.0,2.154066,3927.0,1254.0,1249.1408716204448,0.7595396729254997,0.7653436823618736
1740,2679.0,2.158901,3927.0,1248.0,1250.3698456314908,0.7559055118110236,0.7660966698883491
1741,2679.0,2.158901,3927.0,1248.0,1251.5841235645405,0.7559055118110236,0.7668406531858337
1742,2684.0,2.16293,3927.0,1243.0,1252.7648226631497,0.7528770442156268,0.7675640628639742
1743,2679.0,2.158901,3927.0,1248.0,1253.9423782669285,0.7559055118110236,0.7682855465352375
1744,2676.0,2.156484,3927.0,1251.0,1255.0779703498877,0.7577225923682617,0.768981319322902
1745,2672.0,2.15326,3927.0,1255.0,1256.2314499380873,0.7601453664445791,0.769688051714435
1746,2672.0,2.15326,3927.0,1255.0,1257.3818470363465,0.7601453664445791,0.7703928954765464
1747,2662.0,2.145201,3927.0,1265.0,1258.5479267488213,0.7662023016353725,0.771107347914497
1748,2672.0,2.15326,3927.0,1255.0,1259.8415162678325,0.7601453664445791,0.7718999251077006
1749,2676.0,2.156484,3927.0,1251.0,1261.165508881012,0.7577225923682617,0.7727111301567167
1750,2672.0,2.15326,3927.0,1255.0,1262.4983637617079,0.7601453664445791,0.7735277650820652
1751,2660.0,2.14359,3927.0,1267.0,1263.8198473309128,0.7674136886735312,0.7743374328497399
1752,2655.0,2.13956,3927.0,1272.0,1265.14945239397,0.7704421562689279,0.7751520766246466
1753,2652.0,2.137143,3927.0,1275.0,1266.5265393058937,0.7722592368261659,0.7759958123409688
1754,2660.0,2.14359,3927.0,1267.0,1267.930865772691,0.7674136886735312,0.7768562376250624
1755,2647.0,2.133114,3927.0,1280.0,1269.26466710068,0.7752877044215627,0.7776734524349325
1756,2672.0,2.15326,3927.0,1255.0,1270.6185956848701,0.7601453664445791,0.7785029991352456
1757,2653.0,2.137949,3927.0,1274.0,1271.9812906717495,0.7716535433070866,0.7793379169758903
1758,2647.0,2.133114,3927.0,1280.0,1273.3612587574771,0.7752877044215627,0.7801834179760317
1759,2655.0,2.13956,3927.0,1272.0,1274.7567395152275,0.7704421562689279,0.7810384235291015
1760,2647.0,2.133114,3927.0,1280.0,1276.0987085264867,0.7752877044215627,0.7818606426462777
1761,2640.0,2.127473,3927.0,1287.0,1277.4982827123547,0.7795275590551181,0.7827181562266006
1762,2647.0,2.133114,3927.0,1280.0,1278.9152389343742,0.7752877044215627,0.783586319711876
1763,2640.0,2.127473,3927.0,1287.0,1280.2875038454943,0.7795275590551181,0.7844271010073356
1764,2646.0,2.132308,3927.0,1281.0,1281.6145545466584,0.775893397940642,0.7852401797347912
1765,2654.0,2.138755,3927.0,1273.0,1282.9779528327697,0.7710478497880072,0.7860755284840997
1766,2640.0,2.127473,3927.0,1287.0,1284.3612125680606,0.7795275590551181,0.7869230462649383
1767,2641.0,2.128278,3927.0,1286.0,1285.7657499374777,0.7789218655360388,0.7877836007682346
1768,2631.0,2.12022,3927.0,1296.0,1287.15125465272,0.7849788007268322,0.7886324940394296
1769,2641.0,2.128278,3927.0,1286.0,1288.5568866241626,0.7789218655360388,0.7894937192010673
1770,2641.0,2.128278,3927.0,1286.0,1289.980737270248,0.7789218655360388,0.7903661068727593
1771,2625.0,2.115385,3927.0,1302.0,1291.3728523010684,0.7886129618413082,0.7912190502582217
1772,2631.0,2.12022,3927.0,1296.0,1292.7826151750612,0.7849788007268322,0.7920828064075494
1773,2631.0,2.12022,3927.0,1296.0,1294.2183408587298,0.7849788007268322,0.7929624698679043
1774,2636.0,2.124249,3927.0,1291.0,1295.689011014876,0.7819503331314355,0.7938635436686395
1775,2624.0,2.114579,3927.0,1303.0,1297.2248169635502,0.7892186553603876,0.7948045259124009
1776,2628.0,2.117802,3927.0,1299.0,1298.7860976827806,0.7867958812840703,0.7957611164475471
1777,2624.0,2.114579,3927.0,1303.0,1300.3613703092763,0.7892186553603876,0.7967262797690563
1778,2636.0,2.124249,3927.0,1291.0,1301.9020313756942,0.7819503331314355,0.7976702367242988
1779,2631.0,2.12022,3927.0,1296.0,1303.5101507779507,0.7849788007268322,0.7986555251356884
1780,2625.0,2.115385,3927.0,1302.0,1305.135809086076,0.7886129618413082,0.7996515595654872
1781,2624.0,2.114579,3927.0,1303.0,1306.777132578449,0.7892186553603876,0.8006571919918525
1782,2615.0,2.107326,3927.0,1312.0,1308.452781779416,0.7946698970321018,0.8016838556444085
1783,2599.0,2.094432,3927.0,1328.0,1310.121147868018,0.8043609933373713,0.8027060569627609
1784,2612.0,2.104908,3927.0,1315.0,1311.8201096519401,0.7964869775893398,0.8037470041428914
1785,2615.0,2.107326,3927.0,1312.0,1313.4331591208054,0.7946698970321018,0.8047353131866357
1786,2590.0,2.087179,3927.0,1337.0,1315.0616820442644,0.8098122350090854,0.8057331027549445
1787,2604.0,2.098462,3927.0,1323.0,1316.744803472755,0.8013325257419746,0.8067643446118152
1788,2604.0,2.098462,3927.0,1323.0,1318.4325691163697,0.8013325257419746,0.8077984319609645
1789,2608.0,2.101685,3927.0,1319.0,1320.1333288015494,0.7989097516656571,0.8088404807081002
1790,2608.0,2.101685,3927.0,1319.0,1321.8163378067427,0.7989097516656571,0.8098716536836604
1791,2608.0,2.101685,3927.0,1319.0,1323.510454059404,0.7989097516656571,0.8109096320259102
1792,2598.0,2.093626,3927.0,1329.0,1325.2041249763686,0.8049666868564507,0.811947337512736
1793,2591.0,2.087985,3927.0,1336.0,1326.9056655241402,0.809206541490006,0.8129898646913001
1794,2608.0,2.101685,3927.0,1319.0,1328.5746869795598,0.7989097516656571,0.8140124675503153
1795,2589.0,2.086374,3927.0,1338.0,1330.2502708181444,0.8104179285281647,0.8150390911555975
1796,2599.0,2.094432,3927.0,1328.0,1331.882384315128,0.8043609933373713,0.8160390806541347
1797,2596.0,2.092015,3927.0,1331.0,1333.6127366009375,0.8061780738946094,0.8170992606708902
1798,2583.0,2.081538,3927.0,1344.0,1335.2760201107058,0.8140520896426409,0.8181183479132494
1799,2596.0,2.092015,3927.0,1331.0,1336.9523499519446,0.8061780738946094,0.8191454285914138
1800,2591.0,2.087985,3927.0,1336.0,1338.639704248301,0.809206541490006,0.8201792639097213
1801,2591.0,2.087985,3927.0,1336.0,1340.3565953693878,0.809206541490006,0.8212311963239752
1802,2591.0,2.087985,3927.0,1336.0,1342.051657197844,0.809206541490006,0.8222697540167827
1803,2591.0,2.087985,3927.0,1336.0,1343.733126265314,0.809206541490006,0.8232999834785772
1804,2591.0,2.087985,3927.0,1336.0,1345.4194887964597,0.809206541490006,0.8243332111462541
1805,2567.0,2.068645,3927.0,1360.0,1347.0318236366138,0.8237431859479104,0.8253210823398074
1806,2580.0,2.079121,3927.0,1347.0,1348.6501500284623,0.8158691701998788,0.8263126245334385
1807,2596.0,2.092015,3927.0,1331.0,1350.2647150330945,0.8061780738946094,0.8273018621399661
1808,2576.0,2.075897,3927.0,1351.0,1351.8882651865217,0.8182919442761962,0.8282966049117012
1809,2567.0,2.068645,3927.0,1360.0,1353.5213059578327,0.8237431859479104,0.8292971625475593
1810,2576.0,2.075897,3927.0,1351.0,1355.1617108908622,0.8182919442761962,0.8303022321762399
1811,2577.0,2.076703,3927.0,1350.0,1356.7593078210962,0.8176862507571169,0.8312810735105476
1812,2580.0,2.079121,3927.0,1347.0,1358.3440440490244,0.8158691701998788,0.8322520351433068
1813,2576.0,2.075897,3927.0,1351.0,1359.9246572178888,0.8182919442761962,0.8332204705940491
1814,2567.0,2.068645,3927.0,1360.0,1361.5400196435826,0.8237431859479104,0.8342101967773143
1815,2559.0,2.062198,3927.0,1368.0,1363.1694009929931,0.8285887341005451,0.8352085122998157
1816,2564.0,2.066227,3927.0,1363.0,1364.8139298565852,0.8255602665051484,0.8362161086444772
1817,2557.0,2.060586,3927.0,1370.0,1366.464476416825,0.8298001211387038,0.837227392008126
1818,2567.0,2.068645,3927.0,1360.0,1368.118888072593,0.8237431859479104,0.8382410435005517
1819,2548.0,2.053333,3927.0,1379.0,1369.8058135917233,0.8352513628104179,0.8392746161087448
1820,2549.0,2.054139,3927.0,1378.0,1371.4078168180104,0.8346456692913385,0.840256157163255
1821,2551.0,2.055751,3927.0,1376.0,1373.1015792423098,0.8334342822531798,0.8412939187162637
1822,2551.0,2.055751,3927.0,1376.0,1374.7471565185112,0.8334342822531798,0.8423021574191935
1823,2545.0,2.050916,3927.0,1382.0,1376.3963461556975,0.837068443367656,0.8433126094014425
1824,2549.0,2.054139,3927.0,1378.0,1378.027759839443,0.8346456692913385,0.8443121701271703
1825,2548.0,2.053333,3927.0,1379.0,1379.659744354659,0.8352513628104179,0.8453120805990876
1826,2544.0,2.05011,3927.0,1383.0,1381.3831743284532,0.8376741368867353,0.84636801934259
1827,2535.0,2.042857,3927.0,1392.0,1383.1306506868796,0.8431253785584494,0.8474386912110585
1828,2549.0,2.054139,3927.0,1378.0,1384.8808635503708,0.8346456692913385,0.8485110397253809
1829,2535.0,2.042857,3927.0,1392.0,1386.602893897689,0.8431253785584494,0.8495661209232651
1830,2544.0,2.05011,3927.0,1383.0,1388.36715182985,0.8376741368867353,0.8506470747957331
1831,2544.0,2.05011,3927.0,1383.0,1390.0953393135635,0.8376741368867353,0.8517059284467878
1832,2534.0,2.042051,3927.0,1393.0,1391.8469413455493,0.8437310720775287,0.8527791280991646
1833,2534.0,2.042051,3927.0,1393.0,1393.6109064542381,0.8437310720775287,0.8538599025598468
1834,2527.0,2.03641,3927.0,1400.0,1395.4268695166488,0.8479709267110842,0.8549725359615669
1835,2527.0,2.03641,3927.0,1400.0,1397.196691094776,0.8479709267110842,0.8560568986579618
1836,2525.0,2.034799,3927.0,1402.0,1398.9407877822975,0.8491823137492429,0.8571254998154046
1837,2519.0,2.029963,3927.0,1408.0,1400.6397974986335,0.8528164748637189,0.8581664763635359
1838,2540.0,2.046886,3927.0,1387.0,1402.342894542598,0.8400969109630527,0.8592099572011748
1839,2527.0,2.03641,3927.0,1400.0,1404.0581847210722,0.8479709267110842,0.860260908724208
1840,2517.0,2.028352,3927.0,1410.0,1405.8252419061844,0.8540278619018776,0.8613435776879121
1841,2508.0,2.021099,3927.0,1419.0,1407.5939113633895,0.8594791035735918,0.8624272344843648
1842,2512.0,2.024322,3927.0,1415.0,1409.3620840664898,0.8570563294972744,0.8635105869215379
1843,2508.0,2.021099,3927.0,1419.0,1411.0988235642799,0.8594791035735918,0.8645746803578672
1844,2512.0,2.024322,3927.0,1415.0,1412.8424051962302,0.8570563294972744,0.8656429659427943
1845,2497.0,2.012234,3927.0,1430.0,1414.5907025061763,0.8661417322834646,0.8667141408050192
1846,2500.0,2.014652,3927.0,1427.0,1416.3634479615296,0.8643246517262265,0.8678002949494515
1847,2503.0,2.01707,3927.0,1424.0,1418.1336704289333,0.8625075711689885,0.868884903269124
1848,2503.0,2.01707,3927.0,1424.0,1419.9025682187266,0.8625075711689885,0.8699686999640523
1849,2512.0,2.024322,3927.0,1415.0,1421.648831451341,0.8570563294972744,0.8710386285551236
1850,2503.0,2.01707,3927.0,1424.0,1423.3908853465466,0.8625075711689885,0.8721059781017763
1851,2503.0,2.01707,3927.0,1424.0,1425.078575169798,0.8625075711689885,0.8731400189960881
1852,2496.0,2.011429,3927.0,1431.0,1426.7610839348936,0.8667474258025439,0.8741708854765147
1853,2484.0,2.001758,3927.0,1443.0,1428.3805781346355,0.8740157480314961,0.8751631431814333
1854,2508.0,2.021099,3927.0,1419.0,1430.0100126454504,0.8594791035735918,0.8761614912757174
1855,2496.0,2.011429,3927.0,1431.0,1431.649165235239,0.8667474258025439,0.8771657935986367
1856,2484.0,2.001758,3927.0,1443.0,1433.286239301276,0.8740157480314961,0.8781688224182562
1857,2496.0,2.011429,3927.0,1431.0,1434.9190473825065,0.8667474258025439,0.8791692374858202
1858,2496.0,2.011429,3927.0,1431.0,1436.6378061247253,0.8667474258025439,0.8802223141841713
1859,2485.0,2.002564,3927.0,1442.0,1438.3539242267066,0.8734100545124167,0.88127377297267
1860,2501.0,2.015458,3927.0,1426.0,1440.0960940312032,0.8637189582071472,0.8823411935364878
1861,2471.0,1.991282,3927.0,1456.0,1441.8744737238953,0.8818897637795275,0.8834307997559024
1862,2500.0,2.014652,3927.0,1427.0,1443.6101421501176,0.8643246517262265,0.884494236950909
1863,2481.0,1.999341,3927.0,1446.0,1445.3420849205586,0.8758328285887341,0.8855553914513217
1864,2484.0,2.001758,3927.0,1443.0,1447.0586100123055,0.8740157480314961,0.8866070996008435
1865,2480.0,1.998535,3927.0,1447.0,1448.8089614440464,0.8764385221078135,0.8876795330153856
1866,2485.0,2.002564,3927.0,1442.0,1450.5526459128118,0.8734100545124167,0.8887478816080234
1867,2480.0,1.998535,3927.0,1447.0,1452.28760668231,0.8764385221078135,0.889810885224548
1868,2486.0,2.00337,3927.0,1441.0,1453.9253047412217,0.8728043609933374,0.8908142963621392
1869,2453.0,1.976777,3927.0,1474.0,1455.6073446401626,0.8927922471229558,0.8918448755701233
1870,2471.0,1.991282,3927.0,1456.0,1457.2650287725294,0.8818897637795275,0.8928605320960462
1871,2463.0,1.984835,3927.0,1464.0,1458.9379745853719,0.8867353119321624,0.8938855393933671
1872,2476.0,1.995311,3927.0,1451.0,1460.6048721991215,0.8788612961841308,0.8949068409829727
1873,2476.0,1.995311,3927.0,1451.0,1462.324574774138,0.8788612961841308,0.8959604959639541
1874,2471.0,1.991282,3927.0,1456.0,1464.027121031096,0.8818897637795275,0.8970036393365677
1875,2462.0,1.984029,3927.0,1465.0,1465.7207300716718,0.8873410054512417,0.8980413069119744
1876,2452.0,1.975971,3927.0,1475.0,1467.37452644955,0.8933979406420351,0.8990545814260651
1877,2463.0,1.984835,3927.0,1464.0,1469.007628225751,0.8867353119321624,0.9000551764393784
1878,2460.0,1.982418,3927.0,1467.0,1470.6282196420148,0.8885523924894003,0.9010481064045299
1879,2463.0,1.984835,3927.0,1464.0,1472.2342178170966,0.8867353119321624,0.9020320951484008
1880,2460.0,1.982418,3927.0,1467.0,1473.7851033030747,0.8885523924894003,0.9029823165651577
1881,2452.0,1.975971,3927.0,1475.0,1475.319826850701,0.8933979406420351,0.9039226356260688
1882,2444.0,1.969524,3927.0,1483.0,1476.9011633632608,0.8982434887946699,0.9048915142666385
1883,2448.0,1.972747,3927.0,1479.0,1478.5034838149754,0.8958207147183526,0.9058732496839162
1884,2439.0,1.965495,3927.0,1488.0,1480.0670940495045,0.9012719563900666,0.9068312675038926
1885,2437.0,1.963883,3927.0,1490.0,1481.6309971075052,0.9024833434282253,0.9077894647356545
1886,2436.0,1.963077,3927.0,1491.0,1483.1835271110178,0.9030890369473047,0.9087406937418148
1887,2423.0,1.952601,3927.0,1504.0,1484.6745816154007,0.9109630526953362,0.9096542569522685
1888,2448.0,1.972747,3927.0,1479.0,1486.1533959243593,0.8958207147183526,0.9105603206432913
1889,2444.0,1.969524,3927.0,1483.0,1487.71027383353,0.8982434887946699,0.9115142135940894
1890,2432.0,1.959853,3927.0,1495.0,1489.25671119153,0.905511811023622,0.9124617096603884
1891,2423.0,1.952601,3927.0,1504.0,1490.7906861220063,0.9109630526953362,0.913401570046526
1892,2432.0,1.959853,3927.0,1495.0,1492.3313689758845,0.905511811023622,0.9143455403508596
1893,2436.0,1.963077,3927.0,1491.0,1493.8903123363302,0.9030890369473047,0.9153006987955027
1894,2439.0,1.965495,3927.0,1488.0,1495.4585606854941,0.9012719563900666,0.9162615583700117
1895,2432.0,1.959853,3927.0,1495.0,1497.0284918981233,0.905511811023622,0.9172234490283245
1896,2421.0,1.950989,3927.0,1506.0,1498.591834582635,0.9121744397334949,0.9181813029214612
1897,2421.0,1.950989,3927.0,1506.0,1500.1671708285162,0.9121744397334949,0.9191465052223167
1898,2416.0,1.94696,3927.0,1511.0,1501.7333476259164,0.9152029073288915,0.9201060955652354
1899,2420.0,1.950183,3927.0,1507.0,1503.2986973713078,0.9127801332525742,0.9210651791766522
1900,2432.0,1.959853,3927.0,1495.0,1504.8414177885118,0.905511811023622,0.9220103978879942
1901,2423.0,1.952601,3927.0,1504.0,1506.3794504156697,0.9109630526953362,0.9229527444088752
1902,2423.0,1.952601,3927.0,1504.0,1507.9224523268658,0.9109630526953362,0.9238981355904753
1903,2405.0,1.938095,3927.0,1522.0,1509.4602217614988,0.9218655360387644,0.924840320854335
1904,2417.0,1.947766,3927.0,1510.0,1510.9716405696552,0.9145972138098122,0.9257663611933439
1905,2420.0,1.950183,3927.0,1507.0,1512.4650672927598,0.9127801332525742,0.9266813778528468
1906,2416.0,1.94696,3927.0,1511.0,1514.0309974561048,0.9152029073288915,0.9276408170840531
1907,2412.0,1.943736,3927.0,1515.0,1515.5811186379615,0.917625681405209,0.928590570214691
1908,2412.0,1.943736,3927.0,1515.0,1517.1142586729432,0.917625681405209,0.929529919063654
1909,2407.0,1.939707,3927.0,1520.0,1518.6292453956648,0.9206541490006057,0.9304581454498365
1910,2397.0,1.931648,3927.0,1530.0,1520.1242486594263,0.9267110841913991,0.931374128049578
1911,2412.0,1.943736,3927.0,1515.0,1521.6404807534016,0.917625681405209,0.9323031174698129
1912,2404.0,1.937289,3927.0,1523.0,1523.168511193099,0.9224712295578438,0.93323933568991
1913,2399.0,1.93326,3927.0,1528.0,1524.6469420427488,0.9254996971532404,0.9341451644369275
1914,2390.0,1.926007,3927.0,1537.0,1526.1157044888355,0.9309509388249546,0.9350450693912379
1915,2388.0,1.924396,3927.0,1539.0,1527.5872269704448,0.9321623258631133,0.9359466654084206
1916,2399.0,1.93326,3927.0,1528.0,1529.063688233647,0.9254996971532404,0.9368512873975947
1917,2404.0,1.937289,3927.0,1523.0,1530.5754538981778,0.9224712295578438,0.9377775402541354
1918,2404.0,1.937289,3927.0,1523.0,1532.0727701187677,0.9224712295578438,0.9386949399933977
1919,2391.0,1.926813,3927.0,1536.0,1533.5949972504313,0.9303452453058753,0.939627602549565
1920,2396.0,1.930842,3927.0,1531.0,1535.0539797411564,0.9273167777104785,0.9405215153638214
1921,2412.0,1.943736,3927.0,1515.0,1536.4993363539559,0.917625681405209,0.9414070796564469
1922,2389.0,1.925201,3927.0,1538.0,1537.9038127184826,0.931556632344034,0.9422675967822877
1923,2397.0,1.931648,3927.0,1530.0,1539.2997571133967,0.9267110841913991,0.9431228864040179
1924,2384.0,1.921172,3927.0,1543.0,1540.685426541842,0.9345850999394306,0.9439718805943423
1925,2384.0,1.921172,3927.0,1543.0,1542.0590780069615,0.9345850999394306,0.9448135114259655
1926,2391.0,1.926813,3927.0,1536.0,1543.5438873536077,0.9303452453058753,0.9457232482529202
1927,2389.0,1.925201,3927.0,1538.0,1545.004752280938,0.931556632344034,0.9466183144286557
1928,2368.0,1.908278,3927.0,1559.0,1546.4400430868911,0.9442761962447002,0.9474977114411507
1929,2368.0,1.908278,3927.0,1559.0,1547.9199999302891,0.9442761962447002,0.9484044751585156
1930,2373.0,1.912308,3927.0,1554.0,1549.3757901222714,0.9412477286493035,0.9492964320639306
1931,2369.0,1.909084,3927.0,1558.0,1550.8058449656676,0.9436705027256208,0.9501726210228303
1932,2375.0,1.913919,3927.0,1552.0,1552.160550054957,0.9400363416111448,0.9510026434847534
1933,2373.0,1.912308,3927.0,1554.0,1553.4896287329639,0.9412477286493035,0.9518169647456172
1934,2380.0,1.917949,3927.0,1547.0,1554.7145955942358,0.937007874015748,0.9525674971072402
1935,2375.0,1.913919,3927.0,1552.0,1555.915905630673,0.9400363416111448,0.9533035350256476
1936,2384.0,1.921172,3927.0,1543.0,1557.2048152031243,0.9345850999394306,0.9540932448340631
1937,2369.0,1.909084,3927.0,1558.0,1558.474037626082,0.9436705027256208,0.9548708924036783
1938,2368.0,1.908278,3927.0,1559.0,1559.7219867724054,0.9442761962447002,0.9556355059206538
1939,2368.0,1.908278,3927.0,1559.0,1560.9573436379394,0.9442761962447002,0.9563924041968844
1940,2368.0,1.908278,3927.0,1559.0,1562.1689216688585,0.9442761962447002,0.9571347332749888
1941,2369.0,1.909084,3927.0,1558.0,1563.385944821957,0.9436705027256208,0.9578803985579635
1942,2352.0,1.895385,3927.0,1575.0,1564.5780344050238,0.9539672925499697,0.9586107871409789
1943,2356.0,1.898608,3927.0,1571.0,1565.753906273839,0.9515445184736523,0.9593312391944749
1944,2359.0,1.901026,3927.0,1568.0,1566.9024087345144,0.9497274379164143,0.9600349221196158
1945,2368.0,1.908278,3927.0,1559.0,1568.0630677267661,0.9442761962447002,0.9607460533036783
1946,2359.0,1.901026,3927.0,1568.0,1569.1959389916326,0.9497274379164143,0.961440159056835
1947,2356.0,1.898608,3927.0,1571.0,1570.3508504517501,0.9515445184736523,0.9621477687506413
1948,2349.0,1.892967,3927.0,1578.0,1571.4782922814086,0.9557843731072078,0.962838547910273
1949,2349.0,1.892967,3927.0,1578.0,1572.658937347115,0.9557843731072078,0.9635619244826671
1950,2368.0,1.908278,3927.0,1559.0,1573.7952998346857,0.9442761962447002,0.9642581692941967
1951,2356.0,1.898608,3927.0,1571.0,1574.9065021626325,0.9515445184736523,0.9649389985752181
1952,2357.0,1.899414,3927.0,1570.0,1575.9815233618317,0.9509388249545729,0.9655976598214432
1953,2343.0,1.888132,3927.0,1584.0,1577.0490862774818,0.9594185342216839,0.9662517514067716
1954,2353.0,1.89619,3927.0,1574.0,1578.098836636757,0.9533615990308903,0.9668949293091054
1955,2352.0,1.895385,3927.0,1575.0,1579.1300380234852,0.9539672925499697,0.9675267423291626
1956,2348.0,1.892161,3927.0,1579.0,1580.2131746160487,0.9563900666262871,0.9681903758448749
1957,2348.0,1.892161,3927.0,1579.0,1581.2700573184604,0.9563900666262871,0.968837923705701
1958,2335.0,1.881685,3927.0,1592.0,1582.350047801698,0.9642640823743186,0.9694996296126455
1959,2340.0,1.885714,3927.0,1587.0,1583.4442384803249,0.9612356147789218,0.9701700359232642
1960,2335.0,1.881685,3927.0,1592.0,1584.5129552598944,0.9642640823743186,0.9708248344764623
1961,2343.0,1.888132,3927.0,1584.0,1585.5645697543075,0.9594185342216839,0.9714691545270385
1962,2340.0,1.885714,3927.0,1587.0,1586.6389216427135,0.9612356147789218,0.972127405689182
1963,2335.0,1.881685,3927.0,1592.0,1587.7073142248673,0.9642640823743186,0.9727820056079028
1964,2340.0,1.885714,3927.0,1587.0,1588.7596285325185,0.9612356147789218,0.9734267544312882
1965,2335.0,1.881685,3927.0,1592.0,1589.7850963310877,0.9642640823743186,0.9740550545045077
1966,2335.0,1.881685,3927.0,1592.0,1590.7825585276644,0.9642640823743186,0.9746661956559092
1967,2332.0,1.879267,3927.0,1595.0,1591.7919245212731,0.9660811629315567,0.9752846302167744
1968,2334.0,1.880879,3927.0,1593.0,1592.7736335122606,0.964869775893398,0.9758861194412807
1969,2324.0,1.872821,3927.0,1603.0,1593.7265612676558,0.9709267110841914,0.9764699745163234
1970,2327.0,1.875238,3927.0,1600.0,1594.649583554485,0.9691096305269533,0.9770355066287965
1971,2332.0,1.879267,3927.0,1595.0,1595.6339802466257,0.9660811629315567,0.9776386425971925
1972,2327.0,1.875238,3927.0,1600.0,1596.499819164085,0.9691096305269533,0.9781691386849243
1973,2324.0,1.872821,3927.0,1603.0,1597.4248624557692,0.9709267110841914,0.9787359090590962
1974,2327.0,1.875238,3927.0,1600.0,1598.3215820485354,0.9691096305269533,0.9792853256147193
1975,2335.0,1.881685,3927.0,1592.0,1599.209466390236,0.9642640823743186,0.9798293288468823
1976,2322.0,1.871209,3927.0,1605.0,1600.0682688293862,0.9721380981223501,0.9803555137121234
1977,2332.0,1.879267,3927.0,1595.0,1600.907228120823,0.9660811629315567,0.9808695407590704
1978,2327.0,1.875238,3927.0,1600.0,1601.7157154697163,0.9691096305269533,0.9813648977670772
1979,2325.0,1.873626,3927.0,1602.0,1602.492711222904,0.970321017565112,0.9818409599986756
1980,2316.0,1.866374,3927.0,1611.0,1603.3448702295354,0.9757722592368262,0.9823630744590303
1981,2326.0,1.874432,3927.0,1601.0,1604.1705714153834,0.9697153240460327,0.9828689783170056
1982,2321.0,1.870403,3927.0,1606.0,1605.0003590573615,0.9727437916414294,0.9833773859305248
1983,2324.0,1.872821,3927.0,1603.0,1605.7949163753779,0.9709267110841914,0.9838642080635877
1984,2327.0,1.875238,3927.0,1600.0,1606.553363156019,0.9691096305269533,0.9843289054129093
1985,2324.0,1.872821,3927.0,1603.0,1607.1979460525135,0.9709267110841914,0.9847238388097732
1986,2327.0,1.875238,3927.0,1600.0,1607.861187730357,0.9691096305269533,0.9851302043683335
1987,2316.0,1.866374,3927.0,1611.0,1608.524937491784,0.9757722592368262,0.9855368812277003
1988,2316.0,1.866374,3927.0,1611.0,1609.210823313289,0.9757722592368262,0.985957120763718
1989,2320.0,1.869597,3927.0,1607.0,1609.8699628480306,0.9733494851605088,0.9863609729553888
1990,2321.0,1.870403,3927.0,1606.0,1610.5015194575185,0.9727437916414294,0.9867479251976115
1991,2327.0,1.875238,3927.0,1600.0,1611.104656503261,0.9691096305269533,0.9871174648852837
1992,2311.0,1.862344,3927.0,1616.0,1611.6785373467667,0.9788007268322229,0.987469079413304
1993,2316.0,1.866374,3927.0,1611.0,1612.2223253495451,0.9757722592368262,0.9878022561765707
1994,2316.0,1.866374,3927.0,1611.0,1612.7659852420545,0.9757722592368262,0.9881353544471811
1995,2321.0,1.870403,3927.0,1606.0,1613.346485116123,0.9727437916414294,0.9884910244291054
1996,2303.0,1.855897,3927.0,1624.0,1613.8905476409066,0.9836462749848577,0.9888243693909213
1997,2300.0,1.85348,3927.0,1627.0,1614.4076904507397,0.9854633555420957,0.9891412207496245
1998,2303.0,1.855897,3927.0,1624.0,1614.9388992452045,0.9836462749848577,0.9894666902816008
1999,2303.0,1.855897,3927.0,1624.0,1615.4354311172094,0.9836462749848577,0.9897709134000369
2000,2317.0,1.867179,3927.0,1610.0,1615.8402499806184,0.9751665657177468,0.9900189443200476
2001,2303.0,1.855897,3927.0,1624.0,1616.292398180669,0.9836462749848577,0.9902959737378353
2002,2316.0,1.866374,3927.0,1611.0,1616.7603945796372,0.9757722592368262,0.9905827132845558
2003,2316.0,1.866374,3927.0,1611.0,1617.1955572753218,0.9757722592368262,0.9908493357508512
2004,2316.0,1.866374,3927.0,1611.0,1617.689654180718,0.9757722592368262,0.9911520669748556
2005,2317.0,1.867179,3927.0,1610.0,1618.224225216119,0.9751665657177468,0.9914795965385845
2006,2303.0,1.855897,3927.0,1624.0,1618.7762654375144,0.9836462749848577,0.9918178294036308
2007,2317.0,1.867179,3927.0,1610.0,1619.2939860508054,0.9751665657177468,0.9921350347802323
2008,2300.0,1.85348,3927.0,1627.0,1619.776933876809,0.9854633555420957,0.9924309350072922
2009,2303.0,1.855897,3927.0,1624.0,1620.2246557363426,0.9836462749848577,0.9927052524237137
2010,2303.0,1.855897,3927.0,1624.0,1620.6366984502235,0.9836462749848577,0.9929577093683999
2011,2311.0,1.862344,3927.0,1616.0,1621.0126088392694,0.9788007268322229,0.9931880281802543
2012,2320.0,1.869597,3927.0,1607.0,1621.3999794326467,0.9733494851605088,0.9934253686140755
2013,2303.0,1.855897,3927.0,1624.0,1621.7881335031109,0.9836462749848577,0.9936631890812158
2014,2303.0,1.855897,3927.0,1624.0,1622.147868881328,0.9836462749848577,0.9938835975277693
2015,2303.0,1.855897,3927.0,1624.0,1622.526865246308,0.9836462749848577,0.9941158071049
2016,2303.0,1.855897,3927.0,1624.0,1622.8734732437003,0.9836462749848577,0.994328172457029
2017,2321.0,1.870403,3927.0,1606.0,1623.1771207260722,0.9727437916414294,0.9945142160711467
2018,2303.0,1.855897,3927.0,1624.0,1623.4375026689731,0.9836462749848577,0.9946737510599761
2019,2301.0,1.854286,3927.0,1626.0,1623.7371090131328,0.9848576620230164,0.9948573186846593
2020,2303.0,1.855897,3927.0,1624.0,1623.99948930193,0.9836462749848577,0.995018078052133
2021,2320.0,1.869597,3927.0,1607.0,1624.2840370247482,0.9733494851605088,0.9951924193189485
2022,2303.0,1.855897,3927.0,1624.0,1624.530940372958,0.9836462749848577,0.9953436960260034
2023,2288.0,1.84381,3927.0,1639.0,1624.7400163318898,0.9927316777710479,0.9954717960409317
2024,2316.0,1.866374,3927.0,1611.0,1624.9488604722394,0.9757722592368262,0.9955997540215297
2025,2288.0,1.84381,3927.0,1639.0,1625.1258652890112,0.9927316777710479,0.995708204174224
2026,2303.0,1.855897,3927.0,1624.0,1625.2708913424567,0.9836462749848577,0.995797061064831
2027,2301.0,1.854286,3927.0,1626.0,1625.4043421537783,0.9848576620230164,0.99587882585027
2028,2295.0,1.849451,3927.0,1632.0,1625.5267711244776,0.9884918231374924,0.9959538375974568
2029,2300.0,1.85348,3927.0,1627.0,1625.6560021404093,0.9854633555420957,0.9960330169309136
2030,2302.0,1.855092,3927.0,1625.0,1625.7406647267205,0.984251968503937,0.9960848893634293
2031,2300.0,1.85348,3927.0,1627.0,1625.8217925154063,0.9854633555420957,0.9961345960393898
2032,2302.0,1.855092,3927.0,1625.0,1625.8993855064675,0.984251968503937,0.9961821369587956
2033,2300.0,1.85348,3927.0,1627.0,1625.983745682824,0.9854633555420957,0.9962338241059255
2034,2301.0,1.854286,3927.0,1626.0,1626.0365149126549,0.9848576620230164,0.9962661556047914
2035,2303.0,1.855897,3927.0,1624.0,1626.1263603001187,0.9836462749848577,0.9963212035191196
2036,2303.0,1.855897,3927.0,1624.0,1626.1828848166767,0.9836462749848577,0.9963558358673431
2037,2303.0,1.855897,3927.0,1624.0,1626.2824691990766,0.9836462749848577,0.9964168508254341
2038,2300.0,1.85348,3927.0,1627.0,1626.3842889749444,0.9854633555420957,0.996479235400281
2039,2303.0,1.855897,3927.0,1624.0,1626.4405860304128,0.9836462749848577,0.9965137283839927
2040,2316.0,1.866374,3927.0,1611.0,1626.4516479599627,0.9757722592368262,0.9965205059845724
2041,2316.0,1.866374,3927.0,1611.0,1626.4177623580754,0.9757722592368262,0.9964997444100241
2042,2300.0,1.85348,3927.0,1627.0,1626.3392168192322,0.9854633555420957,0.9964516198683515
2043,2303.0,1.855897,3927.0,1624.0,1626.2746117692475,0.9836462749848577,0.9964120366091869
2044,2303.0,1.855897,3927.0,1624.0,1626.2030948652282,0.9836462749848577,0.9963682184843325
2045,2300.0,1.85348,3927.0,1627.0,1626.0852883221921,0.9854633555420957,0.9962960388803328
2046,2303.0,1.855897,3927.0,1624.0,1625.9729024993799,0.9836462749848577,0.9962271805302214
2047,2301.0,1.854286,3927.0,1626.0,1625.8663557160367,0.9848576620230164,0.9961618997365492
2048,2302.0,1.855092,3927.0,1625.0,1625.7628199597632,0.984251968503937,0.9960984637872798
2049,2320.0,1.869597,3927.0,1607.0,1625.6402925097416,0.9733494851605088,0.9960233917022009
2050,2303.0,1.855897,3927.0,1624.0,1625.468503611063,0.9836462749848577,0.9959181373219379
2051,2311.0,1.862344,3927.0,1616.0,1625.2479848777684,0.9788007268322229,0.9957830263643159
2052,2303.0,1.855897,3927.0,1624.0,1625.0080953489094,0.9836462749848577,0.9956360469966975
2053,2301.0,1.854286,3927.0,1626.0,1624.776904245862,0.9848576620230164,0.9954943971202459
2054,2303.0,1.855897,3927.0,1624.0,1624.4940768609413,0.9836462749848577,0.995321109897671
2055,2311.0,1.862344,3927.0,1616.0,1624.1993177910397,0.9788007268322229,0.9951405121787961
2056,2311.0,1.862344,3927.0,1616.0,1623.9009071427233,0.9788007268322229,0.9949576771522373
2057,2303.0,1.855897,3927.0,1624.0,1623.5481977848347,0.9836462749848577,0.994741573520611
2058,2317.0,1.867179,3927.0,1610.0,1623.1514873428016,0.9751665657177468,0.9944985105983778
2059,2320.0,1.869597,3927.0,1607.0,1622.7306912987078,0.9733494851605088,0.9942406905228147
2060,2316.0,1.866374,3927.0,1611.0,1622.2563896086106,0.9757722592368262,0.9939500877491031
2061,2303.0,1.855897,3927.0,1624.0,1621.7293056162064,0.9836462749848577,0.9936271454670711
2062,2303.0,1.855897,3927.0,1624.0,1621.1809640341405,0.9836462749848577,0.9932911787437454
2063,2301.0,1.854286,3927.0,1626.0,1620.5524855571014,0.9848576620230164,0.9929061124611265
2064,2303.0,1.855897,3927.0,1624.0,1619.904222322744,0.9836462749848577,0.9925089241357783
2065,2303.0,1.855897,3927.0,1624.0,1619.3432823593996,0.9836462749848577,0.9921652384339623
2066,2303.0,1.855897,3927.0,1624.0,1618.7781330586463,0.9836462749848577,0.9918189736877278
2067,2311.0,1.862344,3927.0,1616.0,1618.1802040875116,0.9788007268322229,0.9914526249668142
2068,2303.0,1.855897,3927.0,1624.0,1617.5298937033456,0.9836462749848577,0.9910541823608572
2069,2316.0,1.866374,3927.0,1611.0,1616.8281344094687,0.9757722592368262,0.9906242172109613
2070,2311.0,1.862344,3927.0,1616.0,1616.162340984227,0.9788007268322229,0.9902162882068405
2071,2303.0,1.855897,3927.0,1624.0,1615.5308924405447,0.9836462749848577,0.9898294021761104
2072,2303.0,1.855897,3927.0,1624.0,1614.845763951174,0.9836462749848577,0.9894096266545026
2073,2320.0,1.869597,3927.0,1607.0,1614.199791014686,0.9733494851605088,0.9890138415856206
2074,2311.0,1.862344,3927.0,1616.0,1613.5070011826324,0.9788007268322229,0.9885893719895862
2075,2303.0,1.855897,3927.0,1624.0,1612.7877805462472,0.9836462749848577,0.9881487083440458
2076,2311.0,1.862344,3927.0,1616.0,1612.022780097425,0.9788007268322229,0.9876799955880934
2077,2303.0,1.855897,3927.0,1624.0,1611.0797124752478,0.9836462749848577,0.9871021817777607
2078,2325.0,1.873626,3927.0,1602.0,1610.1422233145097,0.970321017565112,0.9865277858687365
2079,2303.0,1.855897,3927.0,1624.0,1609.178661535293,0.9836462749848577,0.9859374153692649
2080,2325.0,1.873626,3927.0,1602.0,1608.1593761465745,0.970321017565112,0.9853129032341624
2081,2321.0,1.870403,3927.0,1606.0,1607.0951266679483,0.9727437916414294,0.9846608417786223
2082,2316.0,1.866374,3927.0,1611.0,1606.0152416360208,0.9757722592368262,0.9839992004812795
2083,2311.0,1.862344,3927.0,1616.0,1604.9504004099617,0.9788007268322229,0.9833467764644226
2084,2326.0,1.874432,3927.0,1601.0,1603.833277993192,0.9697153240460327,0.9826623199683427
2085,2321.0,1.870403,3927.0,1606.0,1602.7472663273145,0.9727437916414294,0.9819969249065572
2086,2316.0,1.866374,3927.0,1611.0,1601.6168169565797,0.9757722592368262,0.9813043030383771
2087,2321.0,1.870403,3927.0,1606.0,1600.491300266949,0.9727437916414294,0.980614703404443
2088,2341.0,1.88652,3927.0,1586.0,1599.3399671793786,0.9606299212598425,0.9799092861653744
2089,2333.0,1.880073,3927.0,1594.0,1598.1532782720717,0.9654754694124773,0.9791822065550835
2090,2335.0,1.881685,3927.0,1592.0,1596.9992339528906,0.9642640823743186,0.9784751281551067
2091,2327.0,1.875238,3927.0,1600.0,1595.7971613553284,0.9691096305269533,0.9777386230185076
2092,2325.0,1.873626,3927.0,1602.0,1594.5485245967452,0.970321017565112,0.9769735882042141
2093,2343.0,1.888132,3927.0,1584.0,1593.302833502849,0.9594185342216839,0.9762103581870494
2094,2332.0,1.879267,3927.0,1595.0,1592.0486967176846,0.9660811629315567,0.9754419535281754
2095,2340.0,1.885714,3927.0,1587.0,1590.7465883015373,0.9612356147789218,0.9746441568403159
2096,2327.0,1.875238,3927.0,1600.0,1589.4076599482944,0.9691096305269533,0.9738238007223065
2097,2343.0,1.888132,3927.0,1584.0,1588.0520232271851,0.9594185342216839,0.972993207453244
2098,2327.0,1.875238,3927.0,1600.0,1586.650454181415,0.9691096305269533,0.9721344716301317
2099,2340.0,1.885714,3927.0,1587.0,1585.204530223139,0.9612356147789218,0.971248559727172
2100,2335.0,1.881685,3927.0,1592.0,1583.831138464551,0.9642640823743186,0.9704070880167157
2101,2335.0,1.881685,3927.0,1592.0,1582.4292896677853,0.9642640823743186,0.9695481807912725
2102,2341.0,1.88652,3927.0,1586.0,1580.9814649714372,0.9606299212598425,0.968661104313597
2103,2348.0,1.892161,3927.0,1579.0,1579.4996309204246,0.9563900666262871,0.967753190438535
2104,2348.0,1.892161,3927.0,1579.0,1577.9656193870146,0.9563900666262871,0.9668133076259243
2105,2353.0,1.89619,3927.0,1574.0,1576.4010060577946,0.9533615990308903,0.9658546752137895
2106,2348.0,1.892161,3927.0,1579.0,1574.7876228050316,0.9563900666262871,0.9648661616619683
2107,2343.0,1.888132,3927.0,1584.0,1573.1367781923298,0.9594185342216839,0.9638546956827522
2108,2352.0,1.895385,3927.0,1575.0,1571.4501716416246,0.9539672925499697,0.9628213185052543
2109,2368.0,1.908278,3927.0,1559.0,1569.728844593538,0.9442761962447002,0.9617666682160337
2110,2358.0,1.90022,3927.0,1569.0,1568.002665913701,0.9503331314354937,0.9607090453511865
2111,2368.0,1.908278,3927.0,1559.0,1566.319432933412,0.9442761962447002,0.959677735146969
2112,2343.0,1.888132,3927.0,1584.0,1564.5981459742532,0.9594185342216839,0.9586231094200762
2113,2368.0,1.908278,3927.0,1559.0,1562.8399423416731,0.9442761962447002,0.9575458649930685
2114,2368.0,1.908278,3927.0,1559.0,1561.046617322435,0.9442761962447002,0.9564471018310602
2115,2359.0,1.901026,3927.0,1568.0,1559.2487936283096,0.9497274379164143,0.9553455823487024
2116,2368.0,1.908278,3927.0,1559.0,1557.4174913220634,0.9442761962447002,0.95422355065282
2117,2375.0,1.913919,3927.0,1552.0,1555.554531835411,0.9400363416111448,0.9530821227274364
2118,2368.0,1.908278,3927.0,1559.0,1553.6617366000671,0.9442761962447002,0.9519224145565751
2119,2373.0,1.912308,3927.0,1554.0,1551.7409270477472,0.9412477286493035,0.9507455421242598
2120,2390.0,1.926007,3927.0,1537.0,1549.803533751836,0.9309509388249546,0.9495585088976932
2121,2389.0,1.925201,3927.0,1538.0,1547.8411197360494,0.931556632344034,0.9483561455748021
2122,2375.0,1.913919,3927.0,1552.0,1545.8555151470873,0.9400363416111448,0.9471395734792469
2123,2380.0,1.917949,3927.0,1547.0,1543.8485501316486,0.937007874015748,0.9459099139346875
2124,2388.0,1.924396,3927.0,1539.0,1541.812445694763,0.9321623258631133,0.9446624007816051
2125,2373.0,1.912308,3927.0,1554.0,1539.7592903911286,0.9412477286493035,0.9434044406297561
2126,2385.0,1.921978,3927.0,1542.0,1537.6909056524605,0.9339794064203513,0.9421371494631644
2127,2406.0,1.938901,3927.0,1521.0,1535.6091129104739,0.9212598425196851,0.9408616432658534
2128,2399.0,1.93326,3927.0,1528.0,1533.5157335968834,0.9254996971532404,0.9395790380218467
2129,2391.0,1.926813,3927.0,1536.0,1531.4125891434044,0.9303452453058753,0.938290449715168
2130,2405.0,1.938095,3927.0,1522.0,1529.3015009817518,0.9218655360387644,0.9369969943298408
2131,2396.0,1.930842,3927.0,1531.0,1527.1405901264543,0.9273167777104785,0.9356730127767405
2132,2404.0,1.937289,3927.0,1523.0,1524.9962752157264,0.9224712295578438,0.9343591994933828
2133,2396.0,1.930842,3927.0,1531.0,1522.8395675973486,0.9273167777104785,0.9330377932469552
2134,2412.0,1.943736,3927.0,1515.0,1520.6722799880517,0.917625681405209,0.9317099046818451
2135,2407.0,1.939707,3927.0,1520.0,1518.4962251045667,0.9206541490006057,0.9303766444424395
2136,2407.0,1.939707,3927.0,1520.0,1516.3953526474902,0.9206541490006057,0.9290894481789903
2137,2407.0,1.939707,3927.0,1520.0,1514.3715450534273,0.9206541490006057,0.9278494692529764
2138,2420.0,1.950183,3927.0,1507.0,1512.3446174949909,0.9127801332525742,0.9266075787371035
2139,2407.0,1.939707,3927.0,1520.0,1510.2973038453213,0.9206541490006057,0.925353197743585
2140,2421.0,1.950989,3927.0,1506.0,1508.2712913602352,0.9121744397334949,0.9241118678895427
2141,2404.0,1.937289,3927.0,1523.0,1506.2479979502446,0.9224712295578438,0.9228722040020806
2142,2423.0,1.952601,3927.0,1504.0,1504.2293757718294,0.9109630526953362,0.92163540215977
2143,2423.0,1.952601,3927.0,1504.0,1502.2173769814694,0.9109630526953362,0.920402658441182
2144,2448.0,1.972747,3927.0,1479.0,1500.2139537356434,0.8958207147183526,0.9191751689248868
2145,2436.0,1.963077,3927.0,1491.0,1498.2018399074905,0.9030890369473047,0.917942354723097
2146,2423.0,1.952601,3927.0,1504.0,1496.1117583439525,0.9109630526953362,0.916661769997533
2147,2432.0,1.959853,3927.0,1495.0,1494.0327055930243,0.905511811023622,0.9153879425819303
2148,2439.0,1.965495,3927.0,1488.0,1491.918492238008,0.9012719563900666,0.9140925724029626
2149,2437.0,1.963883,3927.0,1490.0,1489.8222666105507,0.9024833434282253,0.9128082232336826
2150,2448.0,1.972747,3927.0,1479.0,1487.7458414273833,0.8958207147183526,0.9115360057184774
2151,2432.0,1.959853,3927.0,1495.0,1485.773166389103,0.905511811023622,0.910327355507599
2152,2439.0,1.965495,3927.0,1488.0,1483.7471138150886,0.9012719563900666,0.9090860010912285
2153,2439.0,1.965495,3927.0,1488.0,1481.7463695554309,0.9012719563900666,0.9078601529791862
2154,2453.0,1.976777,3927.0,1474.0,1479.7727463268604,0.8927922471229558,0.906650921815859
2155,2445.0,1.97033,3927.0,1482.0,1477.8280568461078,0.8976377952755905,0.9054594182456341
2156,2455.0,1.978388,3927.0,1472.0,1475.8627782149879,0.8915808600847971,0.9042552997842335
2157,2455.0,1.978388,3927.0,1472.0,1473.8561713854035,0.8915808600847971,0.9030258596987334
2158,2449.0,1.973553,3927.0,1478.0,1471.8977427319294,0.8952150211992732,0.9018259381916031
2159,2448.0,1.972747,3927.0,1479.0,1469.9494652921478,0.8958207147183526,0.9006322362930409
2160,2462.0,1.984029,3927.0,1465.0,1468.0335814489445,0.8873410054512417,0.8994583818232622
2161,2455.0,1.978388,3927.0,1472.0,1466.1421901975689,0.8915808600847971,0.8982995338678375
2162,2455.0,1.978388,3927.0,1472.0,1464.2968672246084,0.8915808600847971,0.8971689117647912
2163,2463.0,1.984835,3927.0,1464.0,1462.4281087874144,0.8867353119321624,0.8960239308452962
2164,2476.0,1.995311,3927.0,1451.0,1460.5670561393229,0.8788612961841308,0.8948836712323736
2165,2471.0,1.991282,3927.0,1456.0,1458.735873228361,0.8818897637795275,0.8937617126895108
2166,2460.0,1.982418,3927.0,1467.0,1456.88484542669,0.8885523924894003,0.8926275952604273
2167,2471.0,1.991282,3927.0,1456.0,1455.0635871398292,0.8818897637795275,0.8915117174955842
2168,2471.0,1.991282,3927.0,1456.0,1453.2832674916353,0.8818897637795275,0.8904209226730897
2169,2496.0,2.011429,3927.0,1431.0,1451.545446464296,0.8667474258025439,0.8893561665878738
2170,2484.0,2.001758,3927.0,1443.0,1449.86195116298,0.8740157480314961,0.8883246956605981
2171,2480.0,1.998535,3927.0,1447.0,1448.1863045765085,0.8764385221078135,0.8872980336099333
2172,2484.0,2.001758,3927.0,1443.0,1446.5687442317785,0.8740157480314961,0.8863069607703485
2173,2496.0,2.011429,3927.0,1431.0,1444.9985716140848,0.8667474258025439,0.8853449222041054
2174,2476.0,1.995311,3927.0,1451.0,1443.390847000616,0.8788612961841308,0.8843598756782483
2175,2481.0,1.999341,3927.0,1446.0,1441.7881030006647,0.8758328285887341,0.8833778807546373
2176,2496.0,2.011429,3927.0,1431.0,1440.2398058650188,0.8667474258025439,0.8824292452099142
2177,2496.0,2.011429,3927.0,1431.0,1438.7371090131323,0.8667474258025439,0.8815085487790909
2178,2496.0,2.011429,3927.0,1431.0,1437.2333785641101,0.8667474258025439,0.8805872190673817
2179,2496.0,2.011429,3927.0,1431.0,1435.7710425474334,0.8667474258025439,0.8796912515610091
2180,2485.0,2.002564,3927.0,1442.0,1434.3097165974348,0.8734100545124167,0.8787959029185041
2181,2496.0,2.011429,3927.0,1431.0,1432.9090033631212,0.8667474258025439,0.8779376914476938
2182,2497.0,2.012234,3927.0,1430.0,1431.5701926621662,0.8661417322834646,0.8771174074147767
2183,2496.0,2.011429,3927.0,1431.0,1430.253505820311,0.8667474258025439,0.8763106785830193
2184,2496.0,2.011429,3927.0,1431.0,1428.8833246619326,0.8667474258025439,0.875471173994641
2185,2508.0,2.021099,3927.0,1419.0,1427.5353013510926,0.8594791035735918,0.8746452454320046
2186,2500.0,2.014652,3927.0,1427.0,1426.171448142802,0.8643246517262265,0.8738096179536722
2187,2517.0,2.028352,3927.0,1410.0,1424.8716404825052,0.8540278619018776,0.8730132309298425
2188,2512.0,2.024322,3927.0,1415.0,1423.5541030581837,0.8570563294972744,0.8722059809495648
2189,2517.0,2.028352,3927.0,1410.0,1422.30625936317,0.8540278619018776,0.8714414320421906
2190,2512.0,2.024322,3927.0,1415.0,1421.0810049074162,0.8570563294972744,0.8706907234725635
2191,2509.0,2.021905,3927.0,1418.0,1419.9305729492205,0.8588734100545125,0.8699858583519066
2192,2509.0,2.021905,3927.0,1418.0,1418.8270337069534,0.8588734100545125,0.869309724213239
2193,2508.0,2.021099,3927.0,1419.0,1417.8020600479936,0.8594791035735918,0.8686817268974081
2194,2516.0,2.027546,3927.0,1411.0,1416.7571421475027,0.854633555420957,0.8680415098235003
2195,2513.0,2.025128,3927.0,1414.0,1415.7719114313663,0.856450635978195,0.8674378628518936
2196,2516.0,2.027546,3927.0,1411.0,1414.8375256765305,0.854633555420957,0.8668653683874183
2197,2512.0,2.024322,3927.0,1415.0,1413.9374813172606,0.8570563294972744,0.8663139147604795
2198,2518.0,2.029158,3927.0,1409.0,1413.0724755522988,0.8534221683827983,0.8657839291419949
2199,2519.0,2.029963,3927.0,1408.0,1412.2302629572291,0.8528164748637189,0.8652679088087509
2200,2512.0,2.024322,3927.0,1415.0,1411.4293471866808,0.8570563294972744,0.8647771908769152
2201,2512.0,2.024322,3927.0,1415.0,1410.6613435542754,0.8570563294972744,0.8643066380822332
2202,2512.0,2.024322,3927.0,1415.0,1409.9781105739862,0.8570563294972744,0.8638880239315592
2203,2508.0,2.021099,3927.0,1419.0,1409.3493697759206,0.8594791035735918,0.8635027969258826
2204,2508.0,2.021099,3927.0,1419.0,1408.7242822992653,0.8594791035735918,0.8631198082958162
2205,2525.0,2.034799,3927.0,1402.0,1408.1052491221917,0.8491823137492429,0.8627405291112108
2206,2524.0,2.033993,3927.0,1403.0,1407.543963173971,0.8497880072683223,0.8623966314258265
2207,2519.0,2.029963,3927.0,1408.0,1406.9702017257498,0.8528164748637189,0.8620450900508259
2208,2503.0,2.01707,3927.0,1424.0,1406.3971078453246,0.8625075711689885,0.8616939576919793
2209,2527.0,2.03641,3927.0,1400.0,1405.9069841012627,0.8479709267110842,0.8613936608082445
2210,2516.0,2.027546,3927.0,1411.0,1405.4890622589846,0.854633555420957,0.8611376017447911
2211,2519.0,2.029963,3927.0,1408.0,1405.1050451915594,0.8528164748637189,0.8609023160030863
2212,2527.0,2.03641,3927.0,1400.0,1404.8070136450594,0.8479709267110842,0.8607197132507143
2213,2512.0,2.024322,3927.0,1415.0,1404.6053131773263,0.8570563294972744,0.8605961321701363
2214,2527.0,2.03641,3927.0,1400.0,1404.4615856565388,0.8479709267110842,0.8605080708853642
2215,2527.0,2.03641,3927.0,1400.0,1404.2920243078427,0.8479709267110842,0.8604041813161846
2216,2527.0,2.03641,3927.0,1400.0,1404.0869502696935,0.8479709267110842,0.8602785332623263
2217,2525.0,2.034799,3927.0,1402.0,1403.9518723708065,0.8491823137492429,0.8601957715667573
2218,2524.0,2.033993,3927.0,1403.0,1403.848136169895,0.8497880072683223,0.8601322128058492
2219,2535.0,2.042857,3927.0,1392.0,1403.8460166857178,0.8431253785584494,0.8601309142062583
2220,2535.0,2.042857,3927.0,1392.0,1403.9164076137672,0.8431253785584494,0.8601740424500794
2221,2524.0,2.033993,3927.0,1403.0,1403.9589646250158,0.8497880072683223,0.8602001169629221
2222,2532.0,2.04044,3927.0,1395.0,1404.0597516752464,0.8449424591156874,0.8602618687908467
2223,2519.0,2.029963,3927.0,1408.0,1404.2183155852763,0.8528164748637189,0.8603590202727563
2224,2513.0,2.025128,3927.0,1414.0,1404.4649696849353,0.856450635978195,0.8605101442662079
2225,2519.0,2.029963,3927.0,1408.0,1404.6935166617511,0.8528164748637189,0.8606501740969522
2226,2519.0,2.029963,3927.0,1408.0,1405.00602641164,0.8528164748637189,0.860841647587403
2227,2519.0,2.029963,3927.0,1408.0,1405.4210984540575,0.8528164748637189,0.8610959605897285
2228,2503.0,2.01707,3927.0,1424.0,1405.8228043250813,0.8625075711689885,0.8613420841915901
2229,2525.0,2.034799,3927.0,1402.0,1406.2431959939051,0.8491823137492429,0.8615996565080211
2230,2519.0,2.029963,3927.0,1408.0,1406.729517390324,0.8528164748637189,0.8618976237083606
2231,2519.0,2.029963,3927.0,1408.0,1407.2143258654723,0.8528164748637189,0.8621946639478086
2232,2512.0,2.024322,3927.0,1415.0,1407.7128778708336,0.8570563294972744,0.8625001247939796
2233,2527.0,2.03641,3927.0,1400.0,1408.2370528014837,0.8479709267110842,0.8628212847053555
2234,2516.0,2.027546,3927.0,1411.0,1408.8549905050334,0.854633555420957,0.8631998926976562
2235,2517.0,2.028352,3927.0,1410.0,1409.584793746833,0.8540278619018776,0.8636470402637701
2236,2513.0,2.025128,3927.0,1414.0,1410.4061287255556,0.856450635978195,0.8641502689638708
2237,2519.0,2.029963,3927.0,1408.0,1411.32878759754,0.8528164748637189,0.8647155784135027
2238,2512.0,2.024322,3927.0,1415.0,1412.2817327829036,0.8570563294972744,0.8652994441678183
2239,2527.0,2.03641,3927.0,1400.0,1413.2836291634833,0.8479709267110842,0.8659133021262592
2240,2497.0,2.012234,3927.0,1430.0,1414.3736235771785,0.8661417322834646,0.8665811374019148
2241,2517.0,2.028352,3927.0,1410.0,1415.3632553603775,0.8540278619018776,0.8671874808899421
2242,2508.0,2.021099,3927.0,1419.0,1416.4614061278623,0.8594791035735918,0.8678603135313759
2243,2508.0,2.021099,3927.0,1419.0,1417.6666117622738,0.8594791035735918,0.8685987382672884
2244,2519.0,2.029963,3927.0,1408.0,1418.9260725313363,0.8528164748637189,0.869370404910086
2245,2503.0,2.01707,3927.0,1424.0,1420.2452579591854,0.8625075711689885,0.8701786646156214
2246,2512.0,2.024322,3927.0,1415.0,1421.661062060283,0.8570563294972744,0.8710461222009548
2247,2513.0,2.025128,3927.0,1414.0,1423.1328477344175,0.856450635978195,0.871947879475159
2248,2518.0,2.029158,3927.0,1409.0,1424.6206010027547,0.8534221683827983,0.8728594200313158
2249,2497.0,2.012234,3927.0,1430.0,1426.193228631521,0.8661417322834646,0.8738229627731545
2250,2503.0,2.01707,3927.0,1424.0,1427.8497327550156,0.8625075711689885,0.8748378963122984
2251,2512.0,2.024322,3927.0,1415.0,1429.4755104584256,0.8570563294972744,0.8758340038951169
2252,2497.0,2.012234,3927.0,1430.0,1431.1744931583103,0.8661417322834646,0.8768749638903751
2253,2503.0,2.01707,3927.0,1424.0,1432.9263426958494,0.8625075711689885,0.8779483151884275
2254,2503.0,2.01707,3927.0,1424.0,1434.7600564382467,0.8625075711689885,0.879071824361723
2255,2484.0,2.001758,3927.0,1443.0,1436.6642212420854,0.8740157480314961,0.8802384986223317
2256,2496.0,2.011429,3927.0,1431.0,1438.6472915136185,0.8667474258025439,0.8814535179515997
2257,2496.0,2.011429,3927.0,1431.0,1440.7074545361145,0.8667474258025439,0.8827157717051394
2258,2496.0,2.011429,3927.0,1431.0,1442.8044610261632,0.8667474258025439,0.8840005993058476
2259,2476.0,1.995311,3927.0,1451.0,1444.9775318990303,0.8788612961841308,0.8853320312537238
2260,2476.0,1.995311,3927.0,1451.0,1447.1665067467138,0.8788612961841308,0.8866732075042058
2261,2496.0,2.011429,3927.0,1431.0,1449.390019948608,0.8667474258025439,0.8880355452680084
2262,2476.0,1.995311,3927.0,1451.0,1451.6030943423284,0.8788612961841308,0.8893914872152393
2263,2476.0,1.995311,3927.0,1451.0,1453.8703314918662,0.8788612961841308,0.8907806144692086
2264,2480.0,1.998535,3927.0,1447.0,1456.189718235852,0.8764385221078135,0.8922016935738901
2265,2468.0,1.988864,3927.0,1459.0,1458.5791089625857,0.8837068443367656,0.8936656638425335
2266,2471.0,1.991282,3927.0,1456.0,1460.9954220187653,0.8818897637795275,0.8951461293161806
2267,2471.0,1.991282,3927.0,1456.0,1463.4750546647476,0.8818897637795275,0.896665390452612
2268,2468.0,1.988864,3927.0,1459.0,1466.0537548945617,0.8837068443367656,0.898245349906691
2269,2463.0,1.984835,3927.0,1464.0,1468.6782000768749,0.8867353119321624,0.8998533371126358
2270,2455.0,1.978388,3927.0,1472.0,1471.3848397619502,0.8915808600847971,0.901511684566046
2271,2460.0,1.982418,3927.0,1467.0,1474.1203861783922,0.8885523924894003,0.9031877430596854
2272,2463.0,1.984835,3927.0,1464.0,1476.8924875964076,0.8867353119321624,0.9048861986585262
2273,2455.0,1.978388,3927.0,1472.0,1479.699183144532,0.8915808600847971,0.9066058499443604
2274,2453.0,1.976777,3927.0,1474.0,1482.5769485179824,0.8927922471229558,0.9083690454316978
2275,2448.0,1.972747,3927.0,1479.0,1485.4930563362818,0.8958207147183526,0.9101557331836776
2276,2454.0,1.977582,3927.0,1473.0,1488.4648075862285,0.8921865536038764,0.9119765134466332
2277,2448.0,1.972747,3927.0,1479.0,1491.4595097472832,0.8958207147183526,0.9138113556422499
2278,2437.0,1.963883,3927.0,1490.0,1494.4752716678563,0.9024833434282253,0.9156591010694122
2279,2445.0,1.97033,3927.0,1482.0,1497.5102021963592,0.8976377952755905,0.917518591027005
2280,2448.0,1.972747,3927.0,1479.0,1500.6104558895515,0.8958207147183526,0.9194181042298079
2281,2432.0,1.959853,3927.0,1495.0,1503.7228495558495,0.905511811023622,0.9213250555462228
2282,2437.0,1.963883,3927.0,1490.0,1506.8044671266523,0.9024833434282253,0.9232131504703843
2283,2423.0,1.952601,3927.0,1504.0,1509.8898887880944,0.9109630526953362,0.9251035761458678
2284,2423.0,1.952601,3927.0,1504.0,1512.9752581596306,0.9109630526953362,0.9269939697835324
2285,2423.0,1.952601,3927.0,1504.0,1516.0586928046562,0.9109630526953362,0.9288831780218992
2286,2416.0,1.94696,3927.0,1511.0,1519.138310286566,0.9152029073288915,0.9307700474994892
2287,2416.0,1.94696,3927.0,1511.0,1522.2891013021144,0.9152029073288915,0.9327005247202566
2288,2417.0,1.947766,3927.0,1510.0,1525.431461441868,0.9145972138098122,0.9346258363766962
2289,2412.0,1.943736,3927.0,1515.0,1528.5576648722601,0.917625681405209,0.936541248881072
2290,2396.0,1.930842,3927.0,1531.0,1531.676183429512,0.9273167777104785,0.9384519528940028
2291,2391.0,1.926813,3927.0,1536.0,1534.7743141525336,0.9303452453058753,0.9403501653613603
2292,2399.0,1.93326,3927.0,1528.0,1537.915577947264,0.9254996971532404,0.9422748052915311
2293,2391.0,1.926813,3927.0,1536.0,1541.0449658329128,0.9303452453058753,0.9441921688990753
2294,2398.0,1.932454,3927.0,1529.0,1544.130003163548,0.9261053906723198,0.9460823590965902
2295,2384.0,1.921172,3927.0,1543.0,1547.1690166621875,0.9345850999394306,0.9479443506738723
2296,2388.0,1.924396,3927.0,1539.0,1550.2481312895043,0.9321623258631133,0.9498309120544377
2297,2384.0,1.921172,3927.0,1543.0,1553.2945403238052,0.9345850999394306,0.9516974348472336
2298,2380.0,1.917949,3927.0,1547.0,1556.4117089299916,0.937007874015748,0.953607311750474
2299,2380.0,1.917949,3927.0,1547.0,1559.516036006838,0.937007874015748,0.9555093206993663
2300,2368.0,1.908278,3927.0,1559.0,1562.567664445226,0.9442761962447002,0.9573790414004482
2301,2368.0,1.908278,3927.0,1559.0,1565.6606158530883,0.9442761962447002,0.9592740805218475
2302,2368.0,1.908278,3927.0,1559.0,1568.6806359149823,0.9442761962447002,0.9611244348953926
2303,2353.0,1.89619,3927.0,1574.0,1571.626408668281,0.9533615990308903,0.962929298235975
2304,2352.0,1.895385,3927.0,1575.0,1574.5062272920284,0.9539672925499697,0.9646937517416664
2305,2341.0,1.88652,3927.0,1586.0,1577.3661722656175,0.9606299212598425,0.9664460287403362
2306,2356.0,1.898608,3927.0,1571.0,1580.191431601762,0.9515445184736523,0.9681770539858292
2307,2332.0,1.879267,3927.0,1595.0,1582.9294583027308,0.9660811629315567,0.9698546321400099
2308,2327.0,1.875238,3927.0,1600.0,1585.6380117983545,0.9691096305269533,0.9715141521775902
2309,2327.0,1.875238,3927.0,1600.0,1588.2351119744844,0.9691096305269533,0.9731053852061625
2310,2325.0,1.873626,3927.0,1602.0,1590.807380545898,0.970321017565112,0.9746814040085219
2311,2327.0,1.875238,3927.0,1600.0,1593.302366379691,0.9691096305269533,0.9762100719825341
2312,2317.0,1.867179,3927.0,1610.0,1595.7663591148798,0.9751665657177468,0.9777197506073444
2313,2303.0,1.855897,3927.0,1624.0,1598.136060949123,0.9836462749848577,0.9791716575692603
2314,2321.0,1.870403,3927.0,1606.0,1600.4097855329605,0.9727437916414294,0.9805647596486226
2315,2324.0,1.872821,3927.0,1603.0,1602.6557511488613,0.9709267110841914,0.9819408539178797
2316,2316.0,1.866374,3927.0,1611.0,1604.946591090332,0.9757722592368262,0.9833444425093189
2317,2303.0,1.855897,3927.0,1624.0,1607.1563154440942,0.9836462749848577,0.9846983319002881
2318,2303.0,1.855897,3927.0,1624.0,1609.2437380659273,0.9836462749848577,0.9859772875027629
2319,2303.0,1.855897,3927.0,1624.0,1611.2080833222303,0.9836462749848577,0.9871808340890968
2320,2303.0,1.855897,3927.0,1624.0,1613.0485755794025,0.9836462749848577,0.9883084964316439
2321,2303.0,1.855897,3927.0,1624.0,1614.7644392038424,0.9836462749848577,0.9893597993027572
2322,2300.0,1.85348,3927.0,1627.0,1616.5497133206006,0.9854633555420957,0.9904536297085885
2323,2292.0,1.847033,3927.0,1635.0,1618.2561089861165,0.9903089036947305,0.991499131598634
2324,2295.0,1.849451,3927.0,1632.0,1619.8188424932264,0.9884918231374924,0.9924566122511806
2325,2293.0,1.847839,3927.0,1634.0,1621.3585963297805,0.9897032101756511,0.993400013350266
2326,2289.0,1.844615,3927.0,1638.0,1622.7576423876008,0.9921259842519685,0.9942572033486182
2327,2285.0,1.841392,3927.0,1642.0,1624.044363627499,0.9945487583282859,0.9950455723743146
2328,2294.0,1.848645,3927.0,1633.0,1625.2355860696296,0.9890975166565718,0.9957754296635005
2329,2279.0,1.836557,3927.0,1648.0,1626.370029517661,0.9981829194427619,0.9964704986870777
2330,2293.0,1.847839,3927.0,1634.0,1627.3589414431578,0.9897032101756511,0.9970764011211319
2331,2284.0,1.840586,3927.0,1643.0,1628.269947509658,0.9951544518473653,0.9976345709428309
2332,2288.0,1.84381,3927.0,1639.0,1629.0508188163567,0.9927316777710479,0.9981130077107706
2333,2292.0,1.847033,3927.0,1635.0,1629.7672855177093,0.9903089036947305,0.9985519840311847
2334,2288.0,1.84381,3927.0,1639.0,1630.3268040671176,0.9927316777710479,0.9988947988382917
2335,2277.0,1.834945,3927.0,1650.0,1630.8524405006324,0.9993943064809206,0.9992168542067049
2336,2279.0,1.836557,3927.0,1648.0,1631.2699187502103,0.9981829194427619,0.9994726414826616
2337,2278.0,1.835751,3927.0,1649.0,1631.6395255911245,0.9987886129618413,0.9996990981354524
2338,2276.0,1.834139,3927.0,1651.0,1631.9574002853376,1.0,0.9998938587061182
2339,2277.0,1.834945,3927.0,1650.0,1632.1210459027027,0.9993943064809206,0.9999941237300575
2340,2276.0,1.834139,3927.0,1651.0,1632.1306367429056,1.0,1.0
2341,2279.0,1.836557,3927.0,1648.0,1632.0376827205482,0.9981829194427619,0.9999430474373406
2342,2288.0,1.84381,3927.0,1639.0,1631.7943560018878,0.9927316777710479,0.9997939621170956
2343,2276.0,1.834139,3927.0,1651.0,1631.4701123971613,1.0,0.999595299340093
2344,2284.0,1.840586,3927.0,1643.0,1631.024162293932,0.9951544518473653,0.999322067471767
2345,2284.0,1.840586,3927.0,1643.0,1630.5638272376468,0.9951544518473653,0.9990400219994733
2346,2288.0,1.84381,3927.0,1639.0,1629.949084447335,0.9927316777710479,0.998663371517905
2347,2288.0,1.84381,3927.0,1639.0,1629.2207714678475,0.9927316777710479,0.9982171370296283
2348,2295.0,1.849451,3927.0,1632.0,1628.4492461102934,0.9884918231374924,0.9977444264878461
2349,2295.0,1.849451,3927.0,1632.0,1627.525417687418,0.9884918231374924,0.9971784004589989
2350,2292.0,1.847033,3927.0,1635.0,1626.4601110811984,0.9903089036947305,0.9965256913055542
2351,2292.0,1.847033,3927.0,1635.0,1625.331423880286,0.9903089036947305,0.99583414911187
2352,2288.0,1.84381,3927.0,1639.0,1624.1476361912466,0.9927316777710479,0.9951088470665621
2353,2300.0,1.85348,3927.0,1627.0,1622.8197078911658,0.9854633555420957,0.9942952306377136
2354,2300.0,1.85348,3927.0,1627.0,1621.3573309140625,0.9854633555420957,0.9933992380350494
2355,2303.0,1.855897,3927.0,1624.0,1619.819576294903,0.9836462749848577,0.992457061848572
2356,2300.0,1.85348,3927.0,1627.0,1618.2476824678133,0.9854633555420957,0.9914939687041245
2357,2292.0,1.847033,3927.0,1635.0,1616.5630768774997,0.9903089036947305,0.9904618175071619
2358,2295.0,1.849451,3927.0,1632.0,1614.7769940102003,0.9884918231374924,0.9893674915830657
2359,2303.0,1.855897,3927.0,1624.0,1612.934803202591,0.9836462749848577,0.9882387885453692
2360,2303.0,1.855897,3927.0,1624.0,1611.0279846860383,0.9836462749848577,0.9870704883654534
2361,2303.0,1.855897,3927.0,1624.0,1608.9755605695852,0.9836462749848577,0.9858129762091049
2362,2311.0,1.862344,3927.0,1616.0,1606.8691201090505,0.9788007268322229,0.9845223684519107
2363,2320.0,1.869597,3927.0,1607.0,1604.631711736217,0.9733494851605088,0.9831515171717102
2364,2324.0,1.872821,3927.0,1603.0,1602.3126274021854,0.9709267110841914,0.9817306233524142
2365,2321.0,1.870403,3927.0,1606.0,1599.892631393648,0.9727437916414294,0.980247901348392
2366,2321.0,1.870403,3927.0,1606.0,1597.4680931353028,0.9727437916414294,0.9787623963258384
2367,2335.0,1.881685,3927.0,1592.0,1594.9930715875043,0.9642640823743186,0.9772459603910669
2368,2332.0,1.879267,3927.0,1595.0,1592.4081384009312,0.9660811629315567,0.9756621820289796
2369,2342.0,1.887326,3927.0,1585.0,1589.7469447443939,0.9600242277407631,0.9740316791779039
2370,2335.0,1.881685,3927.0,1592.0,1586.963022321698,0.9642640823743186,0.9723259808961465
2371,2335.0,1.881685,3927.0,1592.0,1584.0887499139485,0.9642640823743186,0.9705649255351092
2372,2357.0,1.899414,3927.0,1570.0,1581.1764087118556,0.9509388249545729,0.9687805455740144
2373,2343.0,1.888132,3927.0,1584.0,1578.1481669337895,0.9594185342216839,0.9669251537874174
2374,2356.0,1.898608,3927.0,1571.0,1575.0467663486654,0.9515445184736523,0.965024937888454
2375,2356.0,1.898608,3927.0,1571.0,1571.845087668393,0.9515445184736523,0.9630632819963364
2376,2368.0,1.908278,3927.0,1559.0,1568.657786097691,0.9442761962447002,0.961110434902514
2377,2369.0,1.909084,3927.0,1558.0,1565.4002007932463,0.9436705027256208,0.959114525242399
2378,2368.0,1.908278,3927.0,1559.0,1562.0722053877864,0.9442761962447002,0.9570754755912625
2379,2368.0,1.908278,3927.0,1559.0,1558.8161234181307,0.9442761962447002,0.95508048701844
2380,2375.0,1.913919,3927.0,1552.0,1555.4981328146266,0.9400363416111448,0.9530475672699782
2381,2380.0,1.917949,3927.0,1547.0,1552.1017212965542,0.937007874015748,0.9509665993366451
2382,2384.0,1.921172,3927.0,1543.0,1548.741883953021,0.9345850999394306,0.9489080402557138
2383,2389.0,1.925201,3927.0,1538.0,1545.397218525625,0.931556632344034,0.9468587769479246
2384,2384.0,1.921172,3927.0,1543.0,1542.0348181052145,0.9345850999394306,0.9447986474799057
2385,2391.0,1.926813,3927.0,1536.0,1538.6281385926607,0.9303452453058753,0.9427113883868761
2386,2380.0,1.917949,3927.0,1547.0,1535.2069922061983,0.937007874015748,0.9406152654972956
2387,2399.0,1.93326,3927.0,1528.0,1531.742921907649,0.9254996971532404,0.9384928432961768
2388,2397.0,1.931648,3927.0,1530.0,1528.2581657224066,0.9267110841913991,0.9363577469339172
2389,2399.0,1.93326,3927.0,1528.0,1524.7935568378289,0.9254996971532404,0.9342349947432642
2390,2404.0,1.937289,3927.0,1523.0,1521.3124670464742,0.9224712295578438,0.9321021447660702
2391,2432.0,1.959853,3927.0,1495.0,1517.827664671815,0.905511811023622,0.9299670201037371
2392,2423.0,1.952601,3927.0,1504.0,1514.4244894544418,0.9109630526953362,0.9278819080785351
2393,2423.0,1.952601,3927.0,1504.0,1510.9806806228517,0.9109630526953362,0.9257718999982613
2394,2420.0,1.950183,3927.0,1507.0,1507.5085053889193,0.9127801332525742,0.923644511935219
2395,2423.0,1.952601,3927.0,1504.0,1503.9907542731833,0.9109630526953362,0.9214891997092589
2396,2423.0,1.952601,3927.0,1504.0,1500.4787890355124,0.9109630526953362,0.9193374324679556
2397,2452.0,1.975971,3927.0,1475.0,1496.9438432557874,0.8933979406420351,0.9171715851392275
2398,2439.0,1.965495,3927.0,1488.0,1493.4091528251017,0.9012719563900666,0.915005894261848
2399,2449.0,1.973553,3927.0,1478.0,1489.899953723442,0.8952150211992732,0.9128558218211623
2400,2449.0,1.973553,3927.0,1478.0,1486.3812387304445,0.8952150211992732,0.910699919031408
2401,2452.0,1.975971,3927.0,1475.0,1482.866055049078,0.8933979406420351,0.9085461798623539
2402,2460.0,1.982418,3927.0,1467.0,1479.3373239246446,0.8885523924894003,0.906384140228397
2403,2455.0,1.978388,3927.0,1472.0,1475.817719131752,0.8915808600847971,0.9042276922617585
2404,2463.0,1.984835,3927.0,1464.0,1472.3209807146195,0.8867353119321624,0.9020852544333071
2405,2463.0,1.984835,3927.0,1464.0,1468.9076046081436,0.8867353119321624,0.8999938923636093
2406,2481.0,1.999341,3927.0,1446.0,1465.4983733481924,0.8758328285887341,0.8979050698250196
2407,2469.0,1.98967,3927.0,1458.0,1462.0866060278147,0.8831011508176863,0.8958146934522151
2408,2480.0,1.998535,3927.0,1447.0,1458.6752308817297,0.8764385221078135,0.8937245573630521
2409,2471.0,1.991282,3927.0,1456.0,1455.3082446365895,0.8818897637795275,0.8916616181783191
2410,2480.0,1.998535,3927.0,1447.0,1451.9501738203703,0.8764385221078135,0.8896041414417016
2411,2496.0,2.011429,3927.0,1431.0,1448.6937537093236,0.8667474258025439,0.8876089456909833
2412,2496.0,2.011429,3927.0,1431.0,1445.4631787556655,0.8667474258025439,0.8856295851662
2413,2480.0,1.998535,3927.0,1447.0,1442.2614992038946,0.8764385221078135,0.8836679287401188
2414,2486.0,2.00337,3927.0,1441.0,1439.1007251738506,0.8728043609933374,0.8817313349657677
2415,2496.0,2.011429,3927.0,1431.0,1435.973665932002,0.8667474258025439,0.8798153981090899
2416,2496.0,2.011429,3927.0,1431.0,1432.911576026481,0.8667474258025439,0.8779392677083816
2417,2496.0,2.011429,3927.0,1431.0,1429.9238946567646,0.8667474258025439,0.8761087271239105
2418,2512.0,2.024322,3927.0,1415.0,1426.9521826242471,0.8570563294972744,0.874287970889319
2419,2512.0,2.024322,3927.0,1415.0,1423.986695705003,0.8570563294972744,0.872471028757063
2420,2503.0,2.01707,3927.0,1424.0,1421.0478156327729,0.8625075711689885,0.8706703885349696
2421,2500.0,2.014652,3927.0,1427.0,1418.0976113099664,0.8643246517262265,0.8688628099892387
2422,2513.0,2.025128,3927.0,1414.0,1415.1776218376676,0.856450635978195,0.8670737439631724
2423,2519.0,2.029963,3927.0,1408.0,1412.3005588919505,0.8528164748637189,0.8653109788505349
2424,2519.0,2.029963,3927.0,1408.0,1409.4784848825611,0.8528164748637189,0.863581905242174
2425,2527.0,2.03641,3927.0,1400.0,1406.710580600976,0.8479709267110842,0.8618860212122604
2426,2519.0,2.029963,3927.0,1408.0,1403.9768259853026,0.8528164748637189,0.8602110605478807
2427,2535.0,2.042857,3927.0,1392.0,1401.2687840592562,0.8431253785584494,0.8585518539469614
2428,2532.0,2.04044,3927.0,1395.0,1398.6459311045714,0.8449424591156874,0.8569448422926008
2429,2533.0,2.041245,3927.0,1394.0,1396.0601124755956,0.8443367655966081,0.8553605214234478
2430,2544.0,2.05011,3927.0,1383.0,1393.5241182832608,0.8376741368867353,0.8538067277899948
2431,2559.0,2.062198,3927.0,1368.0,1390.979535473916,0.8285887341005451,0.8522476719447943
2432,2548.0,2.053333,3927.0,1379.0,1388.4967741485764,0.8352513628104179,0.850726493878868
2433,2559.0,2.062198,3927.0,1368.0,1386.0584636005694,0.8285887341005451,0.8492325506287903
2434,2540.0,2.046886,3927.0,1387.0,1383.6369660002406,0.8400969109630527,0.8477489086054035
2435,2559.0,2.062198,3927.0,1368.0,1381.2642461669407,0.8285887341005451,0.8462951525273761
2436,2556.0,2.05978,3927.0,1371.0,1378.9914872033617,0.8304058146577832,0.8449026420797353
2437,2548.0,2.053333,3927.0,1379.0,1376.7705344638496,0.8352513628104179,0.8435418731011294
2438,2548.0,2.053333,3927.0,1379.0,1374.5608685004822,0.8352513628104179,0.8421880194857245
2439,2572.0,2.072674,3927.0,1355.0,1372.3474725238418,0.8207147183525136,0.8408318805059076
2440,2565.0,2.067033,3927.0,1362.0,1370.1974231534557,0.824954572986069,0.8395145537417482
2441,2572.0,2.072674,3927.0,1355.0,1368.0926481264175,0.8207147183525136,0.8382249663890847
2442,2565.0,2.067033,3927.0,1362.0,1366.0535117465,0.824954572986069,0.836975595576472
2443,2565.0,2.067033,3927.0,1362.0,1364.0073336592818,0.824954572986069,0.835721910337586
2444,2576.0,2.075897,3927.0,1351.0,1361.972478079644,0.8182919442761962,0.8344751623544108
2445,2572.0,2.072674,3927.0,1355.0,1359.9808401070632,0.8207147183525136,0.8332548936285229
2446,2583.0,2.081538,3927.0,1344.0,1358.0547056993464,0.8140520896426409,0.8320747586783203
2447,2572.0,2.072674,3927.0,1355.0,1356.1335832790908,0.8207147183525136,0.8308976945530555
2448,2576.0,2.075897,3927.0,1351.0,1354.2467185905507,0.8182919442761962,0.8297416200048162
2449,2580.0,2.079121,3927.0,1347.0,1352.27328970613,0.8158691701998788,0.8285325079153827
2450,2566.0,2.067839,3927.0,1361.0,1350.3411437022553,0.8243488794669896,0.8273486896839386
2451,2576.0,2.075897,3927.0,1351.0,1348.4429416906628,0.8182919442761962,0.8261856688026074
2452,2577.0,2.076703,3927.0,1350.0,1346.478273979941,0.8176862507571169,0.8249819246497234
2453,2589.0,2.086374,3927.0,1338.0,1344.5556647833666,0.8104179285281647,0.8238039495824757
2454,2591.0,2.087985,3927.0,1336.0,1342.6779377558473,0.809206541490006,0.8226534736430825
2455,2589.0,2.086374,3927.0,1338.0,1340.8376494293072,0.8104179285281647,0.821525936248029
2456,2583.0,2.081538,3927.0,1344.0,1338.9856211474403,0.8140520896426409,0.820391205828678
2457,2588.0,2.085568,3927.0,1339.0,1337.1309347953672,0.8110236220472441,0.8192548468202016
2458,2588.0,2.085568,3927.0,1339.0,1335.2955277315239,0.8110236220472441,0.8181303001555387
2459,2583.0,2.081538,3927.0,1344.0,1333.4718257630705,0.8140520896426409,0.8170129251566276
2460,2608.0,2.101685,3927.0,1319.0,1331.7009235268922,0.7989097516656571,0.8159279003453096
2461,2591.0,2.087985,3927.0,1336.0,1329.93414347828,0.809206541490006,0.8148454011820453
2462,2596.0,2.092015,3927.0,1331.0,1328.230438999911,0.8061780738946094,0.8138015481717441
2463,2596.0,2.092015,3927.0,1331.0,1326.5192474785447,0.8061780738946094,0.8127531078797456
2464,2599.0,2.094432,3927.0,1328.0,1324.840260438598,0.8043609933373713,0.8117243991464195
2465,2609.0,2.102491,3927.0,1318.0,1323.2152496538051,0.7983040581465778,0.810728761451611
2466,2604.0,2.098462,3927.0,1323.0,1321.5954329996446,0.8013325257419746,0.8097363061801426
2467,2608.0,2.101685,3927.0,1319.0,1319.8959195572172,0.7989097516656571,0.8086950210010231
2468,2608.0,2.101685,3927.0,1319.0,1318.2977317510488,0.7989097516656571,0.8077158176393622
2469,2613.0,2.105714,3927.0,1314.0,1316.7397418098835,0.7958812840702605,0.8067612433509496
2470,2608.0,2.101685,3927.0,1319.0,1315.2340077859749,0.7989097516656571,0.8058386860568144
2471,2613.0,2.105714,3927.0,1314.0,1313.772720181907,0.7958812840702605,0.8049433609087099
2472,2615.0,2.107326,3927.0,1312.0,1312.3583366232476,0.7946698970321018,0.8040767736841222
2473,2613.0,2.105714,3927.0,1314.0,1310.8578681928425,0.7958812840702605,0.8031574425983462
2474,2599.0,2.094432,3927.0,1328.0,1309.26510546439,0.8043609933373713,0.802181563160392
2475,2612.0,2.104908,3927.0,1315.0,1307.737999684525,0.7964869775893398,0.8012459114757251
2476,2624.0,2.114579,3927.0,1303.0,1306.1883778712681,0.7892186553603876,0.8002964643062576
2477,2614.0,2.10652,3927.0,1313.0,1304.6684645679318,0.7952755905511811,0.7993652194235749
2478,2615.0,2.107326,3927.0,1312.0,1303.1599217045887,0.7946698970321018,0.7984409411646032
2479,2604.0,2.098462,3927.0,1323.0,1301.642411122419,0.8013325257419746,0.7975111684196972
2480,2628.0,2.117802,3927.0,1299.0,1300.1449127586575,0.7867958812840703,0.7965936570820324
2481,2615.0,2.107326,3927.0,1312.0,1298.6880959415266,0.7946698970321018,0.7957010711674405
2482,2624.0,2.114579,3927.0,1303.0,1297.2124669593234,0.7892186553603876,0.79479695911355
2483,2624.0,2.114579,3927.0,1303.0,1295.8052488607411,0.7892186553603876,0.7939347621380735
2484,2624.0,2.114579,3927.0,1303.0,1294.3440030885981,0.7892186553603876,0.7930394626202242
2485,2629.0,2.118608,3927.0,1298.0,1292.926825505978,0.7861901877649909,0.7921711635081824
2486,2628.0,2.117802,3927.0,1299.0,1291.545462151267,0.7867958812840703,0.7913248076322411
2487,2624.0,2.114579,3927.0,1303.0,1290.2787993191932,0.7892186553603876,0.7905487283138591
2488,2636.0,2.124249,3927.0,1291.0,1288.985180169235,0.7819503331314355,0.7897561329658913
2489,2641.0,2.128278,3927.0,1286.0,1287.6216189129175,0.7789218655360388,0.7889206843653805
2490,2628.0,2.117802,3927.0,1299.0,1286.286150408435,0.7867958812840703,0.7881024480830524
2491,2644.0,2.130696,3927.0,1283.0,1284.9807180972823,0.7771047849788008,0.7873026148578408
2492,2631.0,2.12022,3927.0,1296.0,1283.6880471376144,0.7849788007268322,0.7865106004623218
2493,2631.0,2.12022,3927.0,1296.0,1282.4498160702642,0.7849788007268322,0.7857519411739813
2494,2641.0,2.128278,3927.0,1286.0,1281.206365598827,0.7789218655360388,0.7849900839773548
2495,2644.0,2.130696,3927.0,1283.0,1279.9672395025907,0.7771047849788008,0.7842308763083479
2496,2644.0,2.130696,3927.0,1283.0,1278.6707435363214,0.7771047849788008,0.7834365183463795
2497,2653.0,2.137949,3927.0,1274.0,1277.405163976794,0.7716535433070866,0.7826611027448116
2498,2647.0,2.133114,3927.0,1280.0,1276.1620377027723,0.7752877044215627,0.7818994441826621
2499,2645.0,2.131502,3927.0,1282.0,1274.8911664047887,0.7764990914597214,0.7811207863538258
2500,2653.0,2.137949,3927.0,1274.0,1273.6519479297192,0.7716535433070866,0.7803615220846724
2501,2644.0,2.130696,3927.0,1283.0,1272.4941709827697,0.7771047849788008,0.7796521567183926
2502,2655.0,2.13956,3927.0,1272.0,1271.2861495369364,0.7704421562689279,0.7789120067459344
2503,2661.0,2.144396,3927.0,1266.0,1270.0551379625658,0.7668079951544519,0.7781577708124511
2504,2661.0,2.144396,3927.0,1266.0,1268.8405881220067,0.7668079951544519,0.7774136209183085
2505,2660.0,2.14359,3927.0,1267.0,1267.63323947296,0.7674136886735312,0.7766738831657863
2506,2663.0,2.146007,3927.0,1264.0,1266.4026218158785,0.7655966081162932,0.7759198885838715
2507,2663.0,2.146007,3927.0,1264.0,1265.1861433492977,0.7655966081162932,0.7751745570281766
2508,2660.0,2.14359,3927.0,1267.0,1263.9519656211373,0.7674136886735312,0.7744183812047614
2509,2672.0,2.15326,3927.0,1255.0,1262.7400851802638,0.7601453664445791,0.7736758668412714
2510,2668.0,2.150037,3927.0,1259.0,1261.6385442838928,0.7625681405208964,0.773000957081248
2511,2663.0,2.146007,3927.0,1264.0,1260.484049400024,0.7655966081162932,0.7722936026220654
2512,2676.0,2.156484,3927.0,1251.0,1259.373611376199,0.7577225923682617,0.771613241627163
2513,2668.0,2.150037,3927.0,1259.0,1258.2472310316261,0.7625681405208964,0.770923112835254
2514,2661.0,2.144396,3927.0,1266.0,1257.1353132034694,0.7668079951544519,0.7702418451700777
2515,2679.0,2.158901,3927.0,1248.0,1255.977832565986,0.7559055118110236,0.7695326613514385
2516,2687.0,2.165348,3927.0,1240.0,1254.8339690914438,0.7510599636583889,0.7688318207147937
2517,2684.0,2.16293,3927.0,1243.0,1253.7052479020924,0.7528770442156268,0.7681402576965272
2518,2692.0,2.169377,3927.0,1235.0,1252.530933400969,0.7480314960629921,0.7674207598360697
2519,2679.0,2.158901,3927.0,1248.0,1251.3598861474525,0.7559055118110236,0.7667032638053272
2520,2689.0,2.16696,3927.0,1238.0,1250.2038373818864,0.7498485766202302,0.7659949572889608
2521,2705.0,2.179853,3927.0,1222.0,1249.06425122163,0.7401574803149606,0.7652967373458988
2522,2692.0,2.169377,3927.0,1235.0,1247.9425917840426,0.7480314960629921,0.7646095010350691
2523,2676.0,2.156484,3927.0,1251.0,1246.8088638362212,0.7577225923682617,0.7639148703956468
2524,2677.0,2.157289,3927.0,1250.0,1245.683065652598,0.7571168988491823,0.7632250982914544
2525,2695.0,2.171795,3927.0,1232.0,1244.5768936135794,0.7462144155057541,0.7625473510486073
2526,2692.0,2.169377,3927.0,1235.0,1243.481509853604,0.7480314960629921,0.7618762137417545
2527,2692.0,2.169377,3927.0,1235.0,1242.4079440567798,0.7480314960629921,0.761218444214821
2528,2692.0,2.169377,3927.0,1235.0,1241.3364245382656,0.7480314960629921,0.7605619284345324
2529,2673.0,2.154066,3927.0,1254.0,1240.361813901976,0.7595396729254997,0.7599647883439361
2530,2692.0,2.169377,3927.0,1235.0,1239.3501384375325,0.7480314960629921,0.7593449387794047
2531,2709.0,2.183077,3927.0,1218.0,1238.3508731107077,0.7377347062386432,0.7587326928572161
2532,2685.0,2.163736,3927.0,1242.0,1237.3654471789228,0.7522713506965475,0.758128926277752
2533,2679.0,2.158901,3927.0,1248.0,1236.3850227766186,0.7559055118110236,0.7575282241156625
2534,2705.0,2.179853,3927.0,1222.0,1235.4206295879017,0.7401574803149606,0.7569373442148712
2535,2695.0,2.171795,3927.0,1232.0,1234.5121247218904,0.7462144155057541,0.756380706868841
2536,2688.0,2.166154,3927.0,1239.0,1233.5705334180498,0.7504542701393095,0.7558037975929268
2537,2689.0,2.16696,3927.0,1238.0,1232.5959515412085,0.7498485766202302,0.755206675123131
2538,2676.0,2.156484,3927.0,1251.0,1231.6666204772573,0.7577225923682617,0.7546372776478126
2539,2692.0,2.169377,3927.0,1235.0,1230.7319410274515,0.7480314960629921,0.7540646032375883
2540,2692.0,2.169377,3927.0,1235.0,1229.7605148464188,0.7480314960629921,0.7534694142501607
2541,2704.0,2.179048,3927.0,1223.0,1228.8017210351036,0.74076317383404,0.7528819650658057
2542,2708.0,2.182271,3927.0,1219.0,1227.8158244941678,0.7383403997577226,0.7522779101459721
2543,2695.0,2.171795,3927.0,1232.0,1226.8425603229496,0.7462144155057541,0.7516815950292113
2544,2708.0,2.182271,3927.0,1219.0,1225.9889276124761,0.7383403997577226,0.7511585776363285
2545,2692.0,2.169377,3927.0,1235.0,1225.1331152844332,0.7480314960629921,0.7506342248003626
2546,2711.0,2.184689,3927.0,1216.0,1224.305994427646,0.7365233192004845,0.7501274511156055
2547,2705.0,2.179853,3927.0,1222.0,1223.4480233979968,0.7401574803149606,0.7496017756516847
2548,2704.0,2.179048,3927.0,1223.0,1222.5887398917146,0.74076317383404,0.7490752960385104
2549,2710.0,2.183883,3927.0,1217.0,1221.7679400130273,0.7371290127195639,0.7485723951920897
2550,2704.0,2.179048,3927.0,1223.0,1220.956208075486,0.74076317383404,0.7480750502374228
2551,2708.0,2.182271,3927.0,1219.0,1220.1549297615916,0.7383403997577226,0.7475841101767097
2552,2719.0,2.191136,3927.0,1208.0,1219.3552236308617,0.7316777710478498,0.7470941333864168
2553,2704.0,2.179048,3927.0,1223.0,1218.5776849341528,0.74076317383404,0.7466177384954658
2554,2711.0,2.184689,3927.0,1216.0,1217.822383391339,0.7365233192004845,0.7461549682209483
2555,2700.0,2.175824,3927.0,1227.0,1217.079788295609,0.7431859479103574,0.7456999831364137
2556,2704.0,2.179048,3927.0,1223.0,1216.258889937599,0.74076317383404,0.7451970219521006
2557,2704.0,2.179048,3927.0,1223.0,1215.4474865549653,0.74076317383404,0.744699878301729
2558,2705.0,2.179853,3927.0,1222.0,1214.6468941103335,0.7401574803149606,0.7442093584704063
2559,2719.0,2.191136,3927.0,1208.0,1213.9160834163508,0.7316777710478498,0.7437615936423156
2560,2710.0,2.183883,3927.0,1217.0,1213.1948199876495,0.7371290127195639,0.743319678385985
2561,2727.0,2.197582,3927.0,1200.0,1212.4844720767617,0.726832222895215,0.7428844510243411
2562,2727.0,2.197582,3927.0,1200.0,1211.7549485859574,0.726832222895215,0.742437474860558
2563,2711.0,2.184689,3927.0,1216.0,1211.0357610665124,0.7365233192004845,0.7419968315056361
2564,2727.0,2.197582,3927.0,1200.0,1210.3083753613525,0.726832222895215,0.7415511651546807
2565,2708.0,2.182271,3927.0,1219.0,1209.5926764501153,0.7383403997577226,0.7411126592562401
2566,2719.0,2.191136,3927.0,1208.0,1208.8886730477855,0.7316777710478498,0.7406813191499514
2567,2726.0,2.196777,3927.0,1201.0,1208.1463542170575,0.7274379164142943,0.7402265033318932
2568,2716.0,2.188718,3927.0,1211.0,1207.3637111540543,0.7334948516050879,0.7397469810158579
2569,2717.0,2.189524,3927.0,1210.0,1206.6476819449128,0.7328891580860085,0.739308272745195
2570,2727.0,2.197582,3927.0,1200.0,1205.9263705837975,0.726832222895215,0.7388663281208635
2571,2717.0,2.189524,3927.0,1210.0,1205.2573970607916,0.7328891580860085,0.7384564506833926
2572,2724.0,2.195165,3927.0,1203.0,1204.5907504385887,0.728649303452453,0.7380479989288606
2573,2727.0,2.197582,3927.0,1200.0,1203.96619196148,0.726832222895215,0.737665334414729
2574,2709.0,2.183077,3927.0,1218.0,1203.2953089854173,0.7377347062386432,0.7372542870629057
2575,2719.0,2.191136,3927.0,1208.0,1202.6479974273436,0.7316777710478498,0.7368576818258609
2576,2740.0,2.208059,3927.0,1187.0,1201.903701166682,0.7189582071471835,0.7364016544442862
2577,2718.0,2.19033,3927.0,1209.0,1201.162389788137,0.7322834645669292,0.7359474558882048
2578,2719.0,2.191136,3927.0,1208.0,1200.4047752884946,0.7316777710478498,0.7354832684741665
2579,2727.0,2.197582,3927.0,1200.0,1199.5999691489626,0.726832222895215,0.7349901669286075
2580,2727.0,2.197582,3927.0,1200.0,1198.7972023157524,0.726832222895215,0.7344983148579839
2581,2724.0,2.195165,3927.0,1203.0,1197.9873929037437,0.728649303452453,0.7340021478271237
2582,2724.0,2.195165,3927.0,1203.0,1197.1813265774845,0.728649303452453,0.7335082741701302
2583,2724.0,2.195165,3927.0,1203.0,1196.359645613886,0.728649303452453,0.7330048334864615
2584,2736.0,2.204835,3927.0,1191.0,1195.542727389198,0.7213809812235009,0.7325043109141274
2585,2740.0,2.208059,3927.0,1187.0,1194.73173099633,0.7189582071471835,0.7320074166247791
2586,2727.0,2.197582,3927.0,1200.0,1193.9662520948712,0.726832222895215,0.7315384107227842
2587,2740.0,2.208059,3927.0,1187.0,1193.1550805308189,0.7189582071471835,0.7310414091067426
2588,2737.0,2.205641,3927.0,1190.0,1192.3474123904487,0.7207752877044216,0.7305465540245649
2589,2752.0,2.217729,3927.0,1175.0,1191.5417661264319,0.7116898849182314,0.7300529377380497
2590,2740.0,2.208059,3927.0,1187.0,1190.7148099828473,0.7189582071471835,0.7295462649724218
2591,2741.0,2.208864,3927.0,1186.0,1189.864387001085,0.7183525136281042,0.7290252141676533
2592,2740.0,2.208059,3927.0,1187.0,1189.0101730011597,0.7189582071471835,0.7285018406210173
2593,2732.0,2.201612,3927.0,1195.0,1188.101947886144,0.7238037552998183,0.727945374677318
2594,2752.0,2.217729,3927.0,1175.0,1187.1580279385034,0.7116898849182314,0.7273670386505375
2595,2740.0,2.208059,3927.0,1187.0,1186.2082863813623,0.7189582071471835,0.7267851357465908
2596,2752.0,2.217729,3927.0,1175.0,1185.2537690128345,0.7116898849182314,0.726200306721855
2597,2741.0,2.208864,3927.0,1186.0,1184.274987385067,0.7183525136281042,0.7256006110812409
2598,2740.0,2.208059,3927.0,1187.0,1183.2613867805958,0.7189582071471835,0.7249795819910119
2599,2732.0,2.201612,3927.0,1195.0,1182.242796847623,0.7238037552998183,0.7243554959589001
2600,2736.0,2.204835,3927.0,1191.0,1181.2202198093405,0.7213809812235009,0.7237289670431002
2601,2752.0,2.217729,3927.0,1175.0,1180.1946578889415,0.7116898849182314,0.7231006093018071
2602,2752.0,2.217729,3927.0,1175.0,1179.1671133096181,0.7116898849182314,0.7224710367932156
2603,2740.0,2.208059,3927.0,1187.0,1178.1385882945629,0.7189582071471835,0.7218408635755204
2604,2740.0,2.208059,3927.0,1187.0,1177.1100850669686,0.7189582071471835,0.7212107037069164
2605,2741.0,2.208864,3927.0,1186.0,1176.1306515583767,0.7183525136281042,0.7206106086614938
2606,2757.0,2.221758,3927.0,1170.0,1175.1596070936555,0.7086614173228346,0.7200156535501437
2607,2752.0,2.217729,3927.0,1175.0,1174.1781299212496,0.7116898849182314,0.7194143063599675
2608,2752.0,2.217729,3927.0,1175.0,1173.207142103926,0.7116898849182314,0.7188193859562544
2609,2752.0,2.217729,3927.0,1175.0,1172.2682324007496,0.7116898849182314,0.7182441196864845
2610,2758.0,2.222564,3927.0,1169.0,1171.3336540447617,0.7080557238037553,0.7176715072160434
2611,2752.0,2.217729,3927.0,1175.0,1170.4237059773532,0.7116898849182314,0.7171139856262125
2612,2759.0,2.22337,3927.0,1168.0,1169.518952040577,0.7074500302846759,0.7165596464597218
2613,2757.0,2.221758,3927.0,1170.0,1168.6665620868623,0.7086614173228346,0.7160373904990005
2614,2756.0,2.220952,3927.0,1171.0,1167.7567133702744,0.709267110841914,0.7154799297810254
2615,2753.0,2.218535,3927.0,1174.0,1166.9001437100976,0.711084191399152,0.71495511293065
2616,2752.0,2.217729,3927.0,1175.0,1166.0466504393728,0.7116898849182314,0.7144321809719508
2617,2768.0,2.230623,3927.0,1159.0,1165.2069756477263,0.7019987886129618,0.7139177155408489
2618,2757.0,2.221758,3927.0,1170.0,1164.331583364496,0.7086614173228346,0.7133813661436113
2619,2768.0,2.230623,3927.0,1159.0,1163.3682708338304,0.7019987886129618,0.7127911483577433
2620,2773.0,2.234652,3927.0,1154.0,1162.404548698903,0.6989703210175651,0.7122006796089606
2621,2772.0,2.233846,3927.0,1155.0,1161.4407873465468,0.6995760145366444,0.7116101868318141
2622,2753.0,2.218535,3927.0,1174.0,1160.477357163593,0.711084191399152,0.7110198969608535
2623,2772.0,2.233846,3927.0,1155.0,1159.5152865181876,0.6995760145366444,0.7104304400731835
2624,2773.0,2.234652,3927.0,1154.0,1158.5728481178753,0.6989703210175651,0.7098530117846041
2625,2769.0,2.231429,3927.0,1158.0,1157.6978175064928,0.7013930950938825,0.7093168839822803
2626,2768.0,2.230623,3927.0,1159.0,1156.7906042011523,0.7019987886129618,0.7087610379703759
2627,2768.0,2.230623,3927.0,1159.0,1155.9119176538634,0.7019987886129618,0.7082226701905501
2628,2775.0,2.236264,3927.0,1152.0,1155.044304365604,0.6977589339794065,0.7076910869528316
2629,2775.0,2.236264,3927.0,1152.0,1154.179270712692,0.6977589339794065,0.70716108424751
2630,2772.0,2.233846,3927.0,1155.0,1153.3179322131157,0.6995760145366444,0.7066333455480545
2631,2789.0,2.247546,3927.0,1138.0,1152.4511372618806,0.6892792247122955,0.7061022637022012
2632,2775.0,2.236264,3927.0,1152.0,1151.55116523698,0.6977589339794065,0.7055508543942449
2633,2788.0,2.24674,3927.0,1139.0,1150.6985931400936,0.6898849182313749,0.7050284868351212
2634,2782.0,2.241905,3927.0,1145.0,1149.8021236673765,0.693519079345851,0.704479223527065
2635,2781.0,2.241099,3927.0,1146.0,1148.9108657552604,0.6941247728649304,0.703933153321622
2636,2775.0,2.236264,3927.0,1152.0,1148.0156155088441,0.6977589339794065,0.7033846370287089
2637,2775.0,2.236264,3927.0,1152.0,1147.136645724566,0.6977589339794065,0.7028460957106976
2638,2791.0,2.249158,3927.0,1136.0,1146.1826155236593,0.6880678376741369,0.7022615651716406
2639,2781.0,2.241099,3927.0,1146.0,1145.2313915476916,0.6941247728649304,0.7016787539955291
2640,2783.0,2.242711,3927.0,1144.0,1144.2743581632014,0.6929133858267716,0.7010923834177425
2641,2783.0,2.242711,3927.0,1144.0,1143.3612038530757,0.6929133858267716,0.7005328973756522
2642,2783.0,2.242711,3927.0,1144.0,1142.4518797785418,0.6929133858267716,0.699975758103793
2643,2775.0,2.236264,3927.0,1152.0,1141.577548980397,0.6977589339794065,0.6994400590742781
2644,2800.0,2.25641,3927.0,1127.0,1140.6796284627967,0.6826165960024227,0.6988899067167486
2645,2791.0,2.249158,3927.0,1136.0,1139.7982324268944,0.6880678376741369,0.6983498788439422
2646,2800.0,2.25641,3927.0,1127.0,1138.9241221178524,0.6826165960024227,0.6978143149072304
2647,2789.0,2.247546,3927.0,1138.0,1138.058325903816,0.6892792247122955,0.6972838449837173
2648,2796.0,2.253187,3927.0,1131.0,1137.2114812946004,0.6850393700787402,0.6967649866336862
2649,2800.0,2.25641,3927.0,1127.0,1136.383967392021,0.6826165960024227,0.6962579721313233
2650,2800.0,2.25641,3927.0,1127.0,1135.5665628712104,0.6826165960024227,0.695757151607274
2651,2791.0,2.249158,3927.0,1136.0,1134.750704388611,0.6880678376741369,0.6952572783347353
2652,2807.0,2.262051,3927.0,1120.0,1133.89636053542,0.6783767413688674,0.6947338252275158
2653,2791.0,2.249158,3927.0,1136.0,1133.0621796698654,0.6880678376741369,0.694222725903249
2654,2801.0,2.257216,3927.0,1126.0,1132.2388968921562,0.6820109024833434,0.6937183037943961
2655,2788.0,2.24674,3927.0,1139.0,1131.427514425484,0.6898849182313749,0.6932211729591516
2656,2791.0,2.249158,3927.0,1136.0,1130.6290344930426,0.6880678376741369,0.692731947455711
2657,2796.0,2.253187,3927.0,1131.0,1129.844459318024,0.6850393700787402,0.6922512413422688
2658,2800.0,2.25641,3927.0,1127.0,1129.043989754671,0.6826165960024227,0.6917607967998206
2659,2796.0,2.253187,3927.0,1131.0,1128.2574293062328,0.6850393700787402,0.691278874317189
2660,2800.0,2.25641,3927.0,1127.0,1127.485754050949,0.6826165960024227,0.6908060719336594
2661,2791.0,2.249158,3927.0,1136.0,1126.6375359602102,0.6880678376741369,0.6902863720569195
2662,2791.0,2.249158,3927.0,1136.0,1125.7898878294436,0.6880678376741369,0.6897670213924052
2663,2812.0,2.266081,3927.0,1115.0,1124.9225063597662,0.6753482737734706,0.689235580189017
2664,2800.0,2.25641,3927.0,1127.0,1124.0650817596313,0.6826165960024227,0.6887102395203031
2665,2806.0,2.261245,3927.0,1121.0,1123.2184768124832,0.6789824348879467,0.6881915280102749
2666,2807.0,2.262051,3927.0,1120.0,1122.3835543017663,0.6783767413688674,0.6876799742829439
2667,2812.0,2.266081,3927.0,1115.0,1121.6284410026128,0.6753482737734706,0.6872173193445743
2668,2804.0,2.259634,3927.0,1123.0,1120.8821908424752,0.6801938219261053,0.6867600948165017
2669,2807.0,2.262051,3927.0,1120.0,1120.1162422033638,0.6783767413688674,0.686290801108101
2670,2820.0,2.272527,3927.0,1107.0,1119.371903239279,0.6705027256208359,0.6858347475623076
2671,2814.0,2.267692,3927.0,1113.0,1118.6596894502566,0.6741368867353119,0.6853983769844942
2672,2800.0,2.25641,3927.0,1127.0,1117.9695995203338,0.6826165960024227,0.6849755616078403
2673,2807.0,2.262051,3927.0,1120.0,1117.2922988298458,0.6783767413688674,0.684560582147716
2674,2800.0,2.25641,3927.0,1127.0,1116.6184527591272,0.6826165960024227,0.6841477193194908
2675,2807.0,2.262051,3927.0,1120.0,1115.968861361165,0.6783767413688674,0.6837497172335435
2676,2807.0,2.262051,3927.0,1120.0,1115.3925028476276,0.6783767413688674,0.6833965846468729
2677,2813.0,2.266886,3927.0,1114.0,1114.8287592738393,0.6747425802543913,0.6830511811840022
2678,2806.0,2.261245,3927.0,1121.0,1114.2978337163634,0.6789824348879467,0.6827258851902113
2679,2820.0,2.272527,3927.0,1107.0,1113.769927029443,0.6705027256208359,0.6824024388464958
2680,2812.0,2.266081,3927.0,1115.0,1113.1427035101406,0.6753482737734706,0.6820181414715295
2681,2807.0,2.262051,3927.0,1120.0,1112.5227613602062,0.6783767413688674,0.6816383053628394
2682,2804.0,2.259634,3927.0,1123.0,1111.9109982230211,0.6801938219261053,0.6812634805029827
2683,2813.0,2.266886,3927.0,1114.0,1111.308311741966,0.6747425802543913,0.6808942168745161
2684,2823.0,2.274945,3927.0,1104.0,1110.7155995604226,0.6686856450635978,0.6805310644599972
2685,2815.0,2.268498,3927.0,1112.0,1110.1337593217713,0.6735311932162326,0.6801745732419827
2686,2812.0,2.266081,3927.0,1115.0,1109.522620177461,0.6753482737734706,0.6798001307000978
2687,2813.0,2.266886,3927.0,1114.0,1108.9522828465642,0.6747425802543913,0.6794506872682687
2688,2823.0,2.274945,3927.0,1104.0,1108.3948088324687,0.6686856450635978,0.6791091251398793
2689,2823.0,2.274945,3927.0,1104.0,1107.8202856946214,0.6686856450635978,0.6787571170806507
2690,2823.0,2.274945,3927.0,1104.0,1107.2481365184922,0.6686856450635978,0.6784065635383981
2691,2815.0,2.268498,3927.0,1112.0,1106.7368702225608,0.6735311932162326,0.6780933126965711
2692,2823.0,2.274945,3927.0,1104.0,1106.2360488352924,0.6686856450635978,0.6777864614090615
2693,2817.0,2.27011,3927.0,1110.0,1105.785006566747,0.6723198061780739,0.6775101095911423
2694,2822.0,2.274139,3927.0,1105.0,1105.3916531366601,0.6692913385826772,0.6772691034968803
2695,2821.0,2.273333,3927.0,1106.0,1104.892690655539,0.6698970321017566,0.676963391153831
2696,2832.0,2.282198,3927.0,1095.0,1104.4043090368352,0.6632344033918837,0.676664161663428
2697,2820.0,2.272527,3927.0,1107.0,1103.916472104649,0.6705027256208359,0.6763652659003048
2698,2823.0,2.274945,3927.0,1104.0,1103.5158930810933,0.6686856450635978,0.6761198327134398
2699,2837.0,2.286227,3927.0,1090.0,1103.1111352225741,0.660205935796487,0.6758718391708843
2700,2823.0,2.274945,3927.0,1104.0,1102.6723645233972,0.6686856450635978,0.675603006095088
2701,2832.0,2.282198,3927.0,1095.0,1102.2293496268744,0.6632344033918837,0.6753315726163275
2702,2836.0,2.285421,3927.0,1091.0,1101.7830317513087,0.6608116293155664,0.6750581154153424
2703,2828.0,2.278974,3927.0,1099.0,1101.3343521150025,0.6656571774682011,0.6747832111728722
2704,2839.0,2.287839,3927.0,1088.0,1100.873984813275,0.6589945487583283,0.6745011459439233
2705,2832.0,2.282198,3927.0,1095.0,1100.3919372451478,0.6632344033918837,0.6742057973013115
2706,2821.0,2.273333,3927.0,1106.0,1099.9083427673104,0.6698970321017566,0.673909500873225
2707,2823.0,2.274945,3927.0,1104.0,1099.4241164531127,0.6686856450635978,0.673612817321494
2708,2839.0,2.287839,3927.0,1088.0,1098.940173375904,0.6589945487583283,0.6733163073079484
2709,2822.0,2.274139,3927.0,1105.0,1098.4574286090342,0.6692913385826772,0.6730205314944187
2710,2833.0,2.283004,3927.0,1094.0,1097.9151944879534,0.6626287098728043,0.6726883067883357
2711,2828.0,2.278974,3927.0,1099.0,1097.371988646125,0.6656571774682011,0.6723554867127856
2712,2832.0,2.282198,3927.0,1095.0,1096.828673866993,0.6632344033918837,0.6720225998917796
2713,2832.0,2.282198,3927.0,1095.0,1096.2758458110186,0.6632344033918837,0.6716838843235958
2714,2839.0,2.287839,3927.0,1088.0,1095.723967688331,0.6589945487583283,0.6713457507757881
2715,2836.0,2.285421,3927.0,1091.0,1095.1841606903727,0.6608116293155664,0.6710150131584638
2716,2836.0,2.285421,3927.0,1091.0,1094.6271442129519,0.6608116293155664,0.6706737313609893
2717,2837.0,2.286227,3927.0,1090.0,1094.0729818928837,0.660205935796487,0.670334198294461
2718,2820.0,2.272527,3927.0,1107.0,1093.5225190836434,0.6705027256208359,0.6699969319036169
2719,2823.0,2.274945,3927.0,1104.0,1092.9766011387064,0.6686856450635978,0.6696624501331954
2720,2837.0,2.286227,3927.0,1090.0,1092.3744706736486,0.660205935796487,0.6692935271735361
2721,2839.0,2.287839,3927.0,1088.0,1091.7540413560928,0.6589945487583283,0.6689133925791668
2722,2838.0,2.287033,3927.0,1089.0,1091.083971488064,0.6596002422774077,0.6685028434154271
2723,2828.0,2.278974,3927.0,1099.0,1090.422647978261,0.6656571774682011,0.6680976531108552
2724,2839.0,2.287839,3927.0,1088.0,1089.777130835451,0.6589945487583283,0.6677021473049608
2725,2839.0,2.287839,3927.0,1088.0,1089.1372531589702,0.6589945487583283,0.6673100967778304
2726,2836.0,2.285421,3927.0,1091.0,1088.426250752763,0.6608116293155664,0.6668744684094872
2727,2839.0,2.287839,3927.0,1088.0,1087.7839633831284,0.6589945487583283,0.6664809414728712
2728,2839.0,2.287839,3927.0,1088.0,1087.1419200330533,0.6589945487583283,0.6660875640460763
2729,2832.0,2.282198,3927.0,1095.0,1086.5297150461652,0.6632344033918837,0.6657124684666501
2730,2836.0,2.285421,3927.0,1091.0,1085.917340117083,0.6608116293155664,0.6653372687643125
2731,2838.0,2.287033,3927.0,1089.0,1085.3055883093773,0.6596002422774077,0.664962450845983
2732,2839.0,2.287839,3927.0,1088.0,1084.6952526866178,0.6589945487583283,0.6645885006185811
2733,2844.0,2.291868,3927.0,1083.0,1084.0582988873641,0.6559660811629315,0.6641982415394888
2734,2855.0,2.300733,3927.0,1072.0,1083.4262951991825,0.6493034524530588,0.663811015373915
2735,2839.0,2.287839,3927.0,1088.0,1082.8288359657006,0.6589945487583283,0.6634449544594074
2736,2847.0,2.294286,3927.0,1080.0,1082.2070854565275,0.6541490006056935,0.6630640103761483
2737,2837.0,2.286227,3927.0,1090.0,1081.5803708923072,0.660205935796487,0.6626800248359522
2738,2833.0,2.283004,3927.0,1094.0,1080.9282582493922,0.6626287098728043,0.6622804779931724
2739,2847.0,2.294286,3927.0,1080.0,1080.2822809554123,0.6541490006056935,0.661884690254472
2740,2823.0,2.274945,3927.0,1104.0,1079.602102577114,0.6686856450635978,0.661467947646383
2741,2839.0,2.287839,3927.0,1088.0,1078.9063226339533,0.6589945487583283,0.6610416460210736
2742,2846.0,2.29348,3927.0,1081.0,1078.2045720550602,0.6547546941247728,0.6606116862108139
2743,2823.0,2.274945,3927.0,1104.0,1077.5071310358953,0.6686856450635978,0.6601843668507921
2744,2853.0,2.299121,3927.0,1074.0,1076.8146706302477,0.6505148394912175,0.6597600990930166
2745,2852.0,2.298315,3927.0,1075.0,1076.127861891907,0.6511205330102968,0.659339294089496
2746,2847.0,2.294286,3927.0,1080.0,1075.4473758746637,0.6541490006056935,0.6589223629922395
2747,2838.0,2.287033,3927.0,1089.0,1074.773883632307,0.6596002422774077,0.6585097169532552
2748,2844.0,2.291868,3927.0,1083.0,1074.1080562186269,0.6559660811629315,0.6581017671245523
2749,2844.0,2.291868,3927.0,1083.0,1073.4505646874127,0.6559660811629315,0.657698924658139
2750,2853.0,2.299121,3927.0,1074.0,1072.8020800924548,0.6505148394912175,0.6573016007060245
2751,2847.0,2.294286,3927.0,1080.0,1072.1728826292124,0.6541490006056935,0.6569160939033962
2752,2855.0,2.300733,3927.0,1072.0,1071.5629940851466,0.6493034524530588,0.6565424175993456
2753,2864.0,2.307985,3927.0,1063.0,1070.9724449627017,0.6438522107813447,0.6561805904826
2754,2864.0,2.307985,3927.0,1063.0,1070.3916653376375,0.6438522107813447,0.6558247490983447
2755,2864.0,2.307985,3927.0,1063.0,1069.8213524086966,0.6438522107813447,0.6554753206174976
2756,2847.0,2.294286,3927.0,1080.0,1069.2589134680554,0.6541490006056935,0.6551307164982075
2757,2855.0,2.300733,3927.0,1072.0,1068.6914886849063,0.6493034524530588,0.6547830575728892
2758,2860.0,2.304762,3927.0,1067.0,1068.0915970993108,0.646274984857662,0.6544155063658408
2759,2852.0,2.298315,3927.0,1075.0,1067.4913516853533,0.6511205330102968,0.6540477383695514
2760,2847.0,2.294286,3927.0,1080.0,1066.9010064935408,0.6541490006056935,0.6536860362002994
2761,2855.0,2.300733,3927.0,1072.0,1066.3212064327106,0.6493034524530588,0.6533307949911844
2762,2864.0,2.307985,3927.0,1063.0,1065.732062165732,0.6438522107813447,0.6529698286238388
2763,2847.0,2.294286,3927.0,1080.0,1065.1534194548137,0.6541490006056935,0.6526152965184474
2764,2860.0,2.304762,3927.0,1067.0,1064.5518145033086,0.646274984857662,0.6522466955388679
2765,2864.0,2.307985,3927.0,1063.0,1064.0149889014738,0.6438522107813447,0.6519177846111825
2766,2855.0,2.300733,3927.0,1072.0,1063.4730423748742,0.6493034524530588,0.6515857361131033
2767,2869.0,2.312015,3927.0,1058.0,1062.9720336154435,0.6408237431859479,0.6512787700234094
2768,2855.0,2.300733,3927.0,1072.0,1062.4613067770392,0.6493034524530588,0.6509658497050802
2769,2855.0,2.300733,3927.0,1072.0,1061.9229726114252,0.6493034524530588,0.6506360144863208
2770,2871.0,2.313626,3927.0,1056.0,1061.3891353777008,0.6396123561477892,0.6503089345199833
2771,2880.0,2.320879,3927.0,1047.0,1060.8988765513825,0.6341611144760751,0.6500085548718831
2772,2880.0,2.320879,3927.0,1047.0,1060.4015402863286,0.6341611144760751,0.6497038389050005
2773,2880.0,2.320879,3927.0,1047.0,1059.9074067779982,0.6341611144760751,0.6494010852545228
2774,2864.0,2.307985,3927.0,1063.0,1059.4171470801816,0.6438522107813447,0.6491007050724591
2775,2870.0,2.312821,3927.0,1057.0,1058.8800966317522,0.6402180496668686,0.6487716563821525
2776,2880.0,2.320879,3927.0,1047.0,1058.3038601279945,0.6341611144760751,0.6484185985503924
2777,2880.0,2.320879,3927.0,1047.0,1057.72746675452,0.6341611144760751,0.6480654446051759
2778,2880.0,2.320879,3927.0,1047.0,1057.1515091302595,0.6341611144760751,0.6477125576417831
2779,2884.0,2.324103,3927.0,1043.0,1056.5765798741445,0.6317383403997577,0.6473603007554948
2780,2881.0,2.321685,3927.0,1046.0,1056.0128807467756,0.6335554209569958,0.6470149245247698
2781,2855.0,2.300733,3927.0,1072.0,1055.450745959086,0.6493034524530588,0.6466705067587928
2782,2864.0,2.307985,3927.0,1063.0,1054.9099951283301,0.6438522107813447,0.6463391908588383
2783,2880.0,2.320879,3927.0,1047.0,1054.411781264359,0.6341611144760751,0.6460339371905625
2784,2868.0,2.311209,3927.0,1059.0,1053.877252932381,0.6414294367050273,0.6457064337910523
2785,2880.0,2.320879,3927.0,1047.0,1053.3454654629595,0.6341611144760751,0.6453806097072138
2786,2884.0,2.324103,3927.0,1043.0,1052.8170376199791,0.6317383403997577,0.6450568440532372
2787,2880.0,2.320879,3927.0,1047.0,1052.2925881673236,0.6341611144760751,0.644735515943312
2788,2880.0,2.320879,3927.0,1047.0,1051.7432504625542,0.6341611144760751,0.6443989388995371
2789,2880.0,2.320879,3927.0,1047.0,1051.218978795578,0.6341611144760751,0.644077719718196
2790,2885.0,2.324908,3927.0,1042.0,1050.6998489693287,0.6311326468806784,0.6437596509223763
2791,2880.0,2.320879,3927.0,1047.0,1050.1775198723494,0.6341611144760751,0.6434396219460061
2792,2880.0,2.320879,3927.0,1047.0,1049.6416677342588,0.6341611144760751,0.6431113074557151
2793,2880.0,2.320879,3927.0,1047.0,1049.1107787797168,0.6341611144760751,0.6427860338883973
2794,2880.0,2.320879,3927.0,1047.0,1048.5751697896876,0.6341611144760751,0.6424578683739639
2795,2887.0,2.32652,3927.0,1040.0,1048.0552922177872,0.6299212598425197,0.6421393414373348
2796,2896.0,2.333773,3927.0,1031.0,1047.5318537033083,0.6244700181708056,0.6418186327252408
2797,2880.0,2.320879,3927.0,1047.0,1047.0150385768845,0.6341611144760751,0.6415019821368693
2798,2881.0,2.321685,3927.0,1046.0,1046.5054220274778,0.6335554209569958,0.6411897420882273
2799,2880.0,2.320879,3927.0,1047.0,1045.993312121068,0.6341611144760751,0.6408759743695893
2800,2880.0,2.320879,3927.0,1047.0,1045.47861735032,0.6341611144760751,0.6405606229147726
2801,2887.0,2.32652,3927.0,1040.0,1044.971504615898,0.6299212598425197,0.6402499169436906
2802,2900.0,2.336996,3927.0,1027.0,1044.5308445081282,0.6220472440944882,0.6399799262347059
2803,2896.0,2.333773,3927.0,1031.0,1044.0963023193253,0.6244700181708056,0.6397136839505281
2804,2884.0,2.324103,3927.0,1043.0,1043.6101752670554,0.6317383403997577,0.6394158358240816
2805,2880.0,2.320879,3927.0,1047.0,1043.1820115752485,0.6341611144760751,0.6391535016198407
2806,2900.0,2.336996,3927.0,1027.0,1042.7130312545546,0.6220472440944882,0.638866159228162
2807,2884.0,2.324103,3927.0,1043.0,1042.3320008122432,0.6317383403997577,0.6386327033798779
2808,2887.0,2.32652,3927.0,1040.0,1041.9574107433161,0.6299212598425197,0.6384031935229496
2809,2887.0,2.32652,3927.0,1040.0,1041.5898885266424,0.6299212598425197,0.638178014111204
2810,2880.0,2.320879,3927.0,1047.0,1041.23006164109,0.6341611144760751,0.6379575495984672
2811,2887.0,2.32652,3927.0,1040.0,1040.8785575655277,0.6299212598425197,0.6377421844385657
2812,2880.0,2.320879,3927.0,1047.0,1040.5360037788237,0.6341611144760751,0.6375323030853257
2813,2881.0,2.321685,3927.0,1046.0,1040.2030277598456,0.6335554209569958,0.6373282899925731
2814,2887.0,2.32652,3927.0,1040.0,1039.8802569874629,0.6299212598425197,0.6371305296141351
2815,2880.0,2.320879,3927.0,1047.0,1039.568318940543,0.6341611144760751,0.6369394064038371
2816,2897.0,2.334579,3927.0,1030.0,1039.2678410979547,0.6238643246517263,0.636755304815506
2817,2884.0,2.324103,3927.0,1043.0,1039.027496646916,0.6317383403997577,0.6366080467188634
2818,2884.0,2.324103,3927.0,1043.0,1038.676705457068,0.6317383403997577,0.6363931183412257
2819,2887.0,2.32652,3927.0,1040.0,1038.382679317344,0.6299212598425197,0.6362129696857781
2820,2869.0,2.312015,3927.0,1058.0,1038.0479629160047,0.6408237431859479,0.6360078902676213
2821,2884.0,2.324103,3927.0,1043.0,1037.725774304572,0.6317383403997577,0.6358104865768998
2822,2881.0,2.321685,3927.0,1046.0,1037.396145711057,0.6335554209569958,0.635608524438518
2823,2886.0,2.325714,3927.0,1041.0,1037.0877956231668,0.630526953361599,0.6354195995565578
2824,2880.0,2.320879,3927.0,1047.0,1036.7903566955981,0.6341611144760751,0.6352373598994663
2825,2884.0,2.324103,3927.0,1043.0,1036.5043866873452,0.6317383403997577,0.6350621472039779
2826,2884.0,2.324103,3927.0,1043.0,1036.2304433574018,0.6317383403997577,0.6348943032068269
2827,2885.0,2.324908,3927.0,1042.0,1035.9074817268631,0.6311326468806784,0.6346964258903499
2828,2900.0,2.336996,3927.0,1027.0,1035.5936621148367,0.6220472440944882,0.6345041498525367
2829,2901.0,2.337802,3927.0,1026.0,1035.2689557444444,0.6214415505754088,0.6343052035408369
2830,2887.0,2.32652,3927.0,1040.0,1035.0011146464958,0.6299212598425197,0.6341410983571469
2831,2887.0,2.32652,3927.0,1040.0,1034.7393348201158,0.6299212598425197,0.6339807068906266
2832,2900.0,2.336996,3927.0,1027.0,1034.4841478793453,0.6220472440944882,0.6338243548591006
2833,2892.0,2.330549,3927.0,1035.0,1034.236085438226,0.6268927922471229,0.6336723679803944
2834,2887.0,2.32652,3927.0,1040.0,1033.9956791107986,0.6299212598425197,0.6335250719723328
2835,2896.0,2.333773,3927.0,1031.0,1033.7634605111048,0.6244700181708056,0.633382792552741
2836,2887.0,2.32652,3927.0,1040.0,1033.5399612531858,0.6299212598425197,0.633245855439444
2837,2884.0,2.324103,3927.0,1043.0,1033.3449312344226,0.6317383403997577,0.6331263613166253
2838,2885.0,2.324908,3927.0,1042.0,1033.1583852528581,0.6311326468806784,0.6330120653299164
2839,2900.0,2.336996,3927.0,1027.0,1032.9904814941726,0.6220472440944882,0.6329091913595946
2840,2887.0,2.32652,3927.0,1040.0,1032.8315105943768,0.6299212598425197,0.6328117905166615
2841,2892.0,2.330549,3927.0,1035.0,1032.6820303124646,0.6268927922471229,0.6327202045378512
2842,2896.0,2.333773,3927.0,1031.0,1032.4912627925135,0.6244700181708056,0.6326033220312328
2843,2900.0,2.336996,3927.0,1027.0,1032.3942502019756,0.6220472440944882,0.6325438827998663
2844,2900.0,2.336996,3927.0,1027.0,1032.258112561,0.6220472440944882,0.6324604718045017
2845,2903.0,2.339414,3927.0,1024.0,1031.9840263053143,0.6202301635372501,0.6322925402373126
2846,2900.0,2.336996,3927.0,1027.0,1031.7128769993321,0.6220472440944882,0.6321264081276162
2847,2884.0,2.324103,3927.0,1043.0,1031.4348332692841,0.6317383403997577,0.6319560518315033
2848,2896.0,2.333773,3927.0,1031.0,1031.1496641680867,0.6244700181708056,0.631781329848607
2849,2887.0,2.32652,3927.0,1040.0,1030.774993049806,0.6299212598425197,0.6315517703330596
2850,2900.0,2.336996,3927.0,1027.0,1030.3976420738584,0.6220472440944882,0.6313205688792958
2851,2896.0,2.333773,3927.0,1031.0,1030.017951124631,0.6244700181708056,0.631087933733138
2852,2900.0,2.336996,3927.0,1027.0,1029.6362600865107,0.6220472440944882,0.6308540731404086
2853,2900.0,2.336996,3927.0,1027.0,1029.2529088438848,0.6220472440944882,0.6306191953469307
2854,2903.0,2.339414,3927.0,1024.0,1028.86823728114,0.6202301635372501,0.6303835085985265
2855,2908.0,2.343443,3927.0,1019.0,1028.4825852826632,0.6172016959418534,0.6301472211410186
2856,2896.0,2.333773,3927.0,1031.0,1028.096292732842,0.6244700181708056,0.6299105412202297
2857,2903.0,2.339414,3927.0,1024.0,1027.7096995160628,0.6202301635372501,0.6296736770819824
2858,2903.0,2.339414,3927.0,1024.0,1027.3231455167129,0.6202301635372501,0.6294368369720993
2859,2901.0,2.337802,3927.0,1026.0,1026.9369706191792,0.6214415505754088,0.6292002291364028
2860,2896.0,2.333773,3927.0,1031.0,1026.551514707849,0.6244700181708056,0.6289640618207157
2861,2903.0,2.339414,3927.0,1024.0,1026.1671176671093,0.6202301635372501,0.6287285432708607
2862,2901.0,2.337802,3927.0,1026.0,1025.832165089696,0.6214415505754088,0.6285233191485553
2863,2908.0,2.343443,3927.0,1019.0,1025.4957048200022,0.6172016959418534,0.6283171712691397
2864,2908.0,2.343443,3927.0,1019.0,1025.1581203173357,0.6172016959418534,0.6281103345766185
2865,2900.0,2.336996,3927.0,1027.0,1024.8582316076852,0.6220472440944882,0.6279265939477132
2866,2911.0,2.345861,3927.0,1016.0,1024.5553885183626,0.6153846153846154,0.6277410431820424
2867,2896.0,2.333773,3927.0,1031.0,1024.2500093686137,0.6244700181708056,0.6275539385821567
2868,2909.0,2.344249,3927.0,1018.0,1023.9425124776843,0.6165960024227741,0.6273655364506073
2869,2896.0,2.333773,3927.0,1031.0,1023.6333161648203,0.6244700181708056,0.6271760930899453
2870,2896.0,2.333773,3927.0,1031.0,1023.322838749266,0.6244700181708056,0.6269858648027208
2871,2903.0,2.339414,3927.0,1024.0,1023.0114985502684,0.6202301635372501,0.6267951078914854
2872,2903.0,2.339414,3927.0,1024.0,1022.6997138870719,0.6202301635372501,0.6266040786587895
2873,2908.0,2.343443,3927.0,1019.0,1022.3879030789227,0.6172016959418534,0.6264130334071842
2874,2916.0,2.34989,3927.0,1011.0,1022.0662173220829,0.6123561477892187,0.6262159378134874
2875,2900.0,2.336996,3927.0,1027.0,1021.6830726245843,0.6220472440944882,0.6259811865693938
2876,2908.0,2.343443,3927.0,1019.0,1021.3272825197517,0.6172016959418534,0.625763195376273
2877,2903.0,2.339414,3927.0,1024.0,1021.0012044108338,0.6202301635372501,0.6255634086057921
2878,2903.0,2.339414,3927.0,1024.0,1020.6456191081319,0.6202301635372501,0.6253455428941285
2879,2897.0,2.334579,3927.0,1030.0,1020.2897374959642,0.6238643246517263,0.6251274956348246
2880,2916.0,2.34989,3927.0,1011.0,1019.90314166469,0.6123561477892187,0.6248906298946865
2881,2918.0,2.351502,3927.0,1009.0,1019.515016353674,0.61114476075106,0.6246528270483466
2882,2911.0,2.345861,3927.0,1016.0,1019.1257188772719,0.6153846153846154,0.6244143060209005
2883,2903.0,2.339414,3927.0,1024.0,1018.7356065498394,0.6202301635372501,0.624175285737444
2884,2911.0,2.345861,3927.0,1016.0,1018.3758380546818,0.6153846153846154,0.6239548570002715
2885,2897.0,2.334579,3927.0,1030.0,1018.0179694260981,0.6238643246517263,0.6237355923038512
2886,2932.0,2.362784,3927.0,995.0,1017.6315827544464,0.6026650514839491,0.6234988547149884
2887,2909.0,2.344249,3927.0,1018.0,1017.2766641480422,0.6165960024227741,0.6232813974855154
2888,2916.0,2.34989,3927.0,1011.0,1016.8939682722342,0.6123561477892187,0.6230469212327004
2889,2911.0,2.345861,3927.0,1016.0,1016.5434812353375,0.6153846153846154,0.6228321792083755
2890,2928.0,2.35956,3927.0,999.0,1016.196759071651,0.6050878255602665,0.6226197439070087
2891,2900.0,2.336996,3927.0,1027.0,1015.8541852404829,0.6220472440944882,0.6224098502726048
2892,2916.0,2.34989,3927.0,1011.0,1015.5161432011415,0.6123561477892187,0.6222027332491684
2893,2909.0,2.344249,3927.0,1018.0,1015.1926255546056,0.6165960024227741,0.6220045152638841
2894,2908.0,2.343443,3927.0,1019.0,1014.9025847771943,0.6172016959418534,0.6218268084241976
2895,2918.0,2.351502,3927.0,1009.0,1014.6156378192031,0.61114476075106,0.62165099715546
2896,2916.0,2.34989,3927.0,1011.0,1014.3322029998782,0.6123561477892187,0.6214773377602227
2897,2897.0,2.334579,3927.0,1030.0,1014.0526986384642,0.6238643246517263,0.6213060865410361
2898,2919.0,2.352308,3927.0,1008.0,1013.7775430542073,0.6105390672319806,0.6211374998004515
2899,2903.0,2.339414,3927.0,1024.0,1013.5167637080227,0.6202301635372501,0.6209777213241985
2900,2903.0,2.339414,3927.0,1024.0,1013.260520511157,0.6202301635372501,0.6208207221287315
2901,2911.0,2.345861,3927.0,1016.0,1013.0092404978404,0.6153846153846154,0.6206667638562381
2902,2924.0,2.356337,3927.0,1003.0,1012.7530835793195,0.6075105996365839,0.6205098175231724
2903,2903.0,2.339414,3927.0,1024.0,1012.4918100935263,0.6202301635372501,0.6203497362895313
2904,2911.0,2.345861,3927.0,1016.0,1012.2251716634089,0.6153846153846154,0.6201863679756753
2905,2919.0,2.352308,3927.0,1008.0,1011.9631783199138,0.6105390672319806,0.6200258456880612
2906,2917.0,2.350696,3927.0,1010.0,1011.6677943856386,0.6117504542701393,0.6198448651172506
2907,2916.0,2.34989,3927.0,1011.0,1011.36755533362,0.6123561477892187,0.619660909834959
2908,2901.0,2.337802,3927.0,1026.0,1011.0601865529593,0.6214415505754088,0.6194725861960657
2909,2916.0,2.34989,3927.0,1011.0,1010.8076393809282,0.6123561477892187,0.6193178515404287
2910,2911.0,2.345861,3927.0,1016.0,1010.5622602834698,0.6153846153846154,0.6191675087357938
2911,2918.0,2.351502,3927.0,1009.0,1010.3244414348761,0.61114476075106,0.6190217980658023
2912,2919.0,2.352308,3927.0,1008.0,1010.0945750094401,0.6105390672319806,0.6188809598140954
2913,2903.0,2.339414,3927.0,1024.0,1009.8730531814546,0.6202301635372501,0.6187452342643149
2914,2919.0,2.352308,3927.0,1008.0,1009.6890955502221,0.6105390672319806,0.6186325241496395
2915,2928.0,2.35956,3927.0,999.0,1009.4609834511222,0.6050878255602665,0.6184927607667554
2916,2928.0,2.35956,3927.0,999.0,1009.2371373368286,0.6050878255602665,0.6183556111359267
2917,2909.0,2.344249,3927.0,1018.0,1008.9768634597325,0.6165960024227741,0.6181961423585894
2918,2919.0,2.352308,3927.0,1008.0,1008.6778697789676,0.6105390672319806,0.6180129501103503
2919,2928.0,2.35956,3927.0,999.0,1008.4653801606928,0.6050878255602665,0.6178827585598143
2920,2917.0,2.350696,3927.0,1010.0,1008.2019601742707,0.6117504542701393,0.617721362173709
2921,2928.0,2.35956,3927.0,999.0,1007.9419172442582,0.6050878255602665,0.6175620348967384
2922,2928.0,2.35956,3927.0,999.0,1007.7310050381386,0.6050878255602665,0.6174328098204048
2923,2919.0,2.352308,3927.0,1008.0,1007.5156394750503,0.6105390672319806,0.6173008561898314
2924,2919.0,2.352308,3927.0,1008.0,1007.2962040143021,0.6105390672319806,0.6171664089490234
2925,2919.0,2.352308,3927.0,1008.0,1007.0730821152025,0.6105390672319806,0.617029703041986
2926,2911.0,2.345861,3927.0,1016.0,1006.8466572370595,0.6153846153846154,0.6168909734127237
2927,2919.0,2.352308,3927.0,1008.0,1006.6173128391821,0.6105390672319806,0.6167504550052418
2928,2932.0,2.362784,3927.0,995.0,1006.3854323808783,0.6026650514839491,0.6166083827635452
2929,2919.0,2.352308,3927.0,1008.0,1006.151399321457,0.6105390672319806,0.616464991631639
2930,2928.0,2.35956,3927.0,999.0,1005.9155971202266,0.6050878255602665,0.6163205165535283
2931,2919.0,2.352308,3927.0,1008.0,1005.6681421135116,0.6105390672319806,0.6161689018474844
2932,2919.0,2.352308,3927.0,1008.0,1005.4190181873067,0.6105390672319806,0.6160162646010554
2933,2919.0,2.352308,3927.0,1008.0,1005.148065839969,0.6105390672319806,0.6158502531671431
2934,2928.0,2.35956,3927.0,999.0,1004.8748606691946,0.6050878255602665,0.615682861437202
2935,2911.0,2.345861,3927.0,1016.0,1004.5997599893386,0.6153846153846154,0.615514308336327
2936,2919.0,2.352308,3927.0,1008.0,1004.2366388397274,0.6105390672319806,0.615291825441002
2937,2919.0,2.352308,3927.0,1008.0,1003.9646624817369,0.6105390672319806,0.6151251865998041
2938,2928.0,2.35956,3927.0,999.0,1003.6917841228732,0.6050878255602665,0.6149579951062308
2939,2933.0,2.36359,3927.0,994.0,1003.3524130484288,0.6020593579648698,0.6147500637882319
2940,2932.0,2.362784,3927.0,995.0,1002.9994971454129,0.6026650514839491,0.6145338336072212
2941,2924.0,2.356337,3927.0,1003.0,1002.6525335766615,0.6075105996365839,0.614321250397924
2942,2919.0,2.352308,3927.0,1008.0,1002.3323354676387,0.6105390672319806,0.6141250662801735
2943,2933.0,2.36359,3927.0,994.0,1001.999446598504,0.6020593579648698,0.6139211065837861
2944,2932.0,2.362784,3927.0,995.0,1001.7598464071227,0.6026650514839491,0.6137743044920985
2945,2928.0,2.35956,3927.0,999.0,1001.5214881010023,0.6050878255602665,0.6136282632986092
2946,2928.0,2.35956,3927.0,999.0,1001.2847289944972,0.6050878255602665,0.613483201928413
2947,2928.0,2.35956,3927.0,999.0,1001.0499264019637,0.6050878255602665,0.6133393393066059
2948,2924.0,2.356337,3927.0,1003.0,1000.8174376377573,0.6075105996365839,0.6131968943582834
2949,2928.0,2.35956,3927.0,999.0,1000.5876200162332,0.6050878255602665,0.6130560860085408
2950,2928.0,2.35956,3927.0,999.0,1000.3608308517472,0.6050878255602665,0.6129171331824738
2951,2929.0,2.360366,3927.0,998.0,1000.1374274586555,0.6044821320411872,0.6127802548051782
2952,2932.0,2.362784,3927.0,995.0,999.9273762929828,0.6026650514839491,0.6126515572849284
2953,2928.0,2.35956,3927.0,999.0,999.6694406461694,0.6050878255602665,0.6124935211320576
2954,2928.0,2.35956,3927.0,999.0,999.4023795393144,0.6050878255602665,0.6123298938458325
2955,2928.0,2.35956,3927.0,999.0,999.1881094497504,0.6050878255602665,0.6121986114075643
2956,2934.0,2.364396,3927.0,993.0,998.9276063685676,0.6014536644457904,0.6120390021977875
2957,2919.0,2.352308,3927.0,1008.0,998.7205653584659,0.6105390672319806,0.6119121489879765
2958,2928.0,2.35956,3927.0,999.0,998.3506787665567,0.6050878255602665,0.6116855209328551
2959,2935.0,2.365201,3927.0,992.0,997.9874329926703,0.600847970926711,0.6114629616807284
2960,2919.0,2.352308,3927.0,1008.0,997.6310371964302,0.6105390672319806,0.6112445993828727
2961,2928.0,2.35956,3927.0,999.0,997.281700537459,0.6050878255602665,0.6110305621905628
2962,2928.0,2.35956,3927.0,999.0,996.9396321753792,0.6050878255602665,0.6108209782550744
2963,2928.0,2.35956,3927.0,999.0,996.605041269814,0.6050878255602665,0.6106159757276831
2964,2919.0,2.352308,3927.0,1008.0,996.2781369803857,0.6105390672319806,0.610415682759664
2965,2932.0,2.362784,3927.0,995.0,995.9591284667177,0.6026650514839491,0.6102202275022928
2966,2944.0,2.372454,3927.0,983.0,995.6482248884323,0.595396729254997,0.6100297381068447
2967,2928.0,2.35956,3927.0,999.0,995.3456354051526,0.6050878255602665,0.6098443427245954
2968,2919.0,2.352308,3927.0,1008.0,995.0002335615847,0.6105390672319806,0.6096327163781546
2969,2928.0,2.35956,3927.0,999.0,994.7115662656962,0.6050878255602665,0.6094558510651766
2970,2933.0,2.36359,3927.0,994.0,994.4669436288732,0.6020593579648698,0.6093059717409878
2971,2948.0,2.375678,3927.0,979.0,994.2941211330584,0.5929739551786796,0.6092000840798385
2972,2929.0,2.360366,3927.0,998.0,994.0396575359835,0.6044821320411872,0.6090441752381401
2973,2932.0,2.362784,3927.0,995.0,993.7961835340889,0.6026650514839491,0.6088949996780388
2974,2935.0,2.365201,3927.0,992.0,993.5433914709993,0.600847970926711,0.6087401149786167
2975,2932.0,2.362784,3927.0,995.0,993.3007087896775,0.6026650514839491,0.6085914242575075
2976,2933.0,2.36359,3927.0,994.0,993.0683446497461,0.6020593579648698,0.6084490556659865
2977,2928.0,2.35956,3927.0,999.0,992.8465082108281,0.6050878255602665,0.6083131373553292
2978,2935.0,2.365201,3927.0,992.0,992.6354086325463,0.600847970926711,0.6081837974768113
2979,2933.0,2.36359,3927.0,994.0,992.4352550745233,0.6020593579648698,0.6080611641817079
2980,2944.0,2.372454,3927.0,983.0,992.2462566963819,0.595396729254997,0.6079453656212945
2981,2934.0,2.364396,3927.0,993.0,992.1037693178578,0.6014536644457904,0.607858064166793
2982,2929.0,2.360366,3927.0,998.0,991.9636785600118,0.6044821320411872,0.6077722311123228
2983,2919.0,2.352308,3927.0,1008.0,991.8262284424028,0.6105390672319806,0.6076880159677046
2984,2928.0,2.35956,3927.0,999.0,991.7300995512713,0.6050878255602665,0.6076291181754769
2985,2928.0,2.35956,3927.0,999.0,991.6345022741809,0.6050878255602665,0.6075705461010741
2986,2948.0,2.375678,3927.0,979.0,991.5397154906291,0.5929739551786796,0.6075124706128637
2987,2932.0,2.362784,3927.0,995.0,991.446018080112,0.6026650514839491,0.6074550625792127
2988,2935.0,2.365201,3927.0,992.0,991.3331546761613,0.600847970926711,0.6073859116170226
2989,2932.0,2.362784,3927.0,995.0,991.2206050116447,0.6026650514839491,0.6073169528817456
2990,2948.0,2.375678,3927.0,979.0,991.0695359880978,0.5929739551786796,0.6072243934872057
2991,2932.0,2.362784,3927.0,995.0,990.9109755640613,0.6026650514839491,0.6071272441411504
2992,2935.0,2.365201,3927.0,992.0,990.765017878796,0.600847970926711,0.607037816443404
2993,2944.0,2.372454,3927.0,983.0,990.6216223989097,0.595396729254997,0.6069499585987816
2994,2935.0,2.365201,3927.0,992.0,990.3886116071446,0.600847970926711,0.6068071938062342
2995,2944.0,2.372454,3927.0,983.0,990.152615933263,0.595396729254997,0.6066626001881934
2996,2948.0,2.375678,3927.0,979.0,990.0061876388462,0.5929739551786796,0.6065728841500772
2997,2928.0,2.35956,3927.0,999.0,989.863071038457,0.6050878255602665,0.6064851971738221
2998,2944.0,2.372454,3927.0,983.0,989.7234927216867,0.595396729254997,0.6063996780899767
2999,2935.0,2.365201,3927.0,992.0,989.5876792781263,0.600847970926711,0.6063164657290891
3000,2935.0,2.365201,3927.0,992.0,989.4846847223766,0.600847970926711,0.6062533613712449
3001,2944.0,2.372454,3927.0,983.0,989.3839604200331,0.595396729254997,0.606191647988703
3002,2944.0,2.372454,3927.0,983.0,989.2857591056392,0.595396729254997,0.606131480430921
3003,2944.0,2.372454,3927.0,983.0,989.1903335137393,0.595396729254997,0.606073013547357
3004,2935.0,2.365201,3927.0,992.0,989.0691089538675,0.600847970926711,0.605998739737931
3005,2944.0,2.372454,3927.0,983.0,988.9531133845659,0.595396729254997,0.6059276697103912
3006,2944.0,2.372454,3927.0,983.0,988.8714008204347,0.595396729254997,0.6058776047448231
3007,2932.0,2.362784,3927.0,995.0,988.7645952020584,0.6026650514839491,0.6058121653639478
3008,2944.0,2.372454,3927.0,983.0,988.6637244879786,0.595396729254997,0.6057503622755129
3009,2944.0,2.372454,3927.0,983.0,988.5690152677868,0.595396729254997,0.6056923343100672
3010,2932.0,2.362784,3927.0,995.0,988.4806941310738,0.6026650514839491,0.6056382202981586
3011,2944.0,2.372454,3927.0,983.0,988.3989876674317,0.595396729254997,0.6055881590703361
3012,2945.0,2.37326,3927.0,982.0,988.3145133247812,0.5947910357359176,0.6055364019739684
3013,2935.0,2.365201,3927.0,992.0,988.1864204857962,0.600847970926711,0.6054579199970352
3014,2932.0,2.362784,3927.0,995.0,988.0629291585129,0.6026650514839491,0.6053822573481619
3015,2935.0,2.365201,3927.0,992.0,987.9442136426163,0.600847970926711,0.6053095208200776
3016,2944.0,2.372454,3927.0,983.0,987.7893797458594,0.595396729254997,0.6052146547025798
3017,2948.0,2.375678,3927.0,979.0,987.6754400413496,0.5929739551786796,0.6051448442952848
3018,2932.0,2.362784,3927.0,995.0,987.5230637701601,0.6026650514839491,0.6050514839552733
3019,2935.0,2.365201,3927.0,992.0,987.3734588639725,0.600847970926711,0.6049598216196613
3020,2944.0,2.372454,3927.0,983.0,987.2267647625356,0.595396729254997,0.6048699427226328
3021,2944.0,2.372454,3927.0,983.0,987.083120905597,0.595396729254997,0.6047819326983708
3022,2934.0,2.364396,3927.0,993.0,986.9811032995857,0.6014536644457904,0.6047194269137757
3023,2944.0,2.372454,3927.0,983.0,986.8798177522544,0.595396729254997,0.6046573696586448
3024,2948.0,2.375678,3927.0,979.0,986.7794385632883,0.5929739551786796,0.6045958677257074
3025,2944.0,2.372454,3927.0,983.0,986.680140032373,0.595396729254997,0.6045350279076929
3026,2948.0,2.375678,3927.0,979.0,986.5820964591948,0.5929739551786796,0.6044749569973312
3027,2948.0,2.375678,3927.0,979.0,986.4854821434386,0.5929739551786796,0.6044157617873517
3028,2950.0,2.377289,3927.0,977.0,986.3904713847909,0.5917625681405209,0.604357549070484
3029,2944.0,2.372454,3927.0,983.0,986.2972384829362,0.595396729254997,0.6043004256394572
3030,2935.0,2.365201,3927.0,992.0,986.2059577375611,0.600847970926711,0.6042444982870013
3031,2945.0,2.37326,3927.0,982.0,986.1168034483507,0.5947910357359176,0.6041898738058457
3032,2935.0,2.365201,3927.0,992.0,986.0299499149909,0.600847970926711,0.6041366589887198
3033,2935.0,2.365201,3927.0,992.0,985.9167440121578,0.600847970926711,0.6040672981788161
3034,2944.0,2.372454,3927.0,983.0,985.8081352635337,0.595396729254997,0.6040007540271538
3035,2932.0,2.362784,3927.0,995.0,985.7330992488614,0.6026650514839491,0.6039547797570906
3036,2951.0,2.378095,3927.0,976.0,985.6610088988763,0.5911568746214415,0.603910610284156
3037,2935.0,2.365201,3927.0,992.0,985.5632110882545,0.600847970926711,0.6038506899515429
3038,2934.0,2.364396,3927.0,993.0,985.461046199009,0.6014536644457904,0.6037880939270914
3039,2935.0,2.365201,3927.0,992.0,985.4033573605507,0.600847970926711,0.6037527482034345
3040,2935.0,2.365201,3927.0,992.0,985.3492503806327,0.600847970926711,0.6037195970703696
3041,2944.0,2.372454,3927.0,983.0,985.2604629922607,0.595396729254997,0.6036651973879096
3042,2948.0,2.375678,3927.0,979.0,985.1782031271164,0.5929739551786796,0.6036147970931707
3043,2935.0,2.365201,3927.0,992.0,985.1026102249481,0.600847970926711,0.6035684816203363
3044,2928.0,2.35956,3927.0,999.0,985.0235566025211,0.6050878255602665,0.6035200457778569
3045,2928.0,2.35956,3927.0,999.0,984.9199807573204,0.6050878255602665,0.60345658526626
3046,2944.0,2.372454,3927.0,983.0,984.859251260846,0.595396729254997,0.6034193765434365
3047,2944.0,2.372454,3927.0,983.0,984.8004390609137,0.595396729254997,0.6033833425406377
3048,2932.0,2.362784,3927.0,995.0,984.7052470305924,0.6026650514839491,0.6033250187593311
3049,2944.0,2.372454,3927.0,983.0,984.6148482416265,0.595396729254997,0.6032696317780865
3050,2944.0,2.372454,3927.0,983.0,984.5190801508444,0.595396729254997,0.6032109550468089
3051,2935.0,2.365201,3927.0,992.0,984.4660843314225,0.600847970926711,0.6031784847173948
3052,2928.0,2.35956,3927.0,999.0,984.4149230161922,0.6050878255602665,0.6031471383814591
3053,2932.0,2.362784,3927.0,995.0,984.3657269299174,0.6026650514839491,0.6031169961335487
3054,2929.0,2.360366,3927.0,998.0,984.2801902306825,0.6044821320411872,0.6030645881354944
3055,2944.0,2.372454,3927.0,983.0,984.1994772752481,0.595396729254997,0.6030151356262299
3056,2944.0,2.372454,3927.0,983.0,984.1621204951214,0.595396729254997,0.6029922472744731
3057,2935.0,2.365201,3927.0,992.0,984.1682506150656,0.600847970926711,0.6029960031747706
3058,2949.0,2.376484,3927.0,978.0,984.1385281611701,0.5923682616596002,0.6029777923445673
3059,2948.0,2.375678,3927.0,979.0,984.1217875478619,0.5929739551786796,0.6029675354368594
3060,2948.0,2.375678,3927.0,979.0,984.1085590732192,0.5929739551786796,0.6029594304026514
3061,2951.0,2.378095,3927.0,976.0,984.0989821769912,0.5911568746214415,0.6029535626761273
3062,2933.0,2.36359,3927.0,994.0,984.0931962989263,0.6020593579648698,0.6029500176914707
3063,2951.0,2.378095,3927.0,976.0,984.0913408787725,0.5911568746214415,0.6029488808828648
3064,2950.0,2.377289,3927.0,977.0,984.0935553562787,0.5917625681405209,0.6029502376844935
3065,2948.0,2.375678,3927.0,979.0,984.0691778022436,0.5929739551786796,0.6029353016533412
3066,2944.0,2.372454,3927.0,983.0,984.0471489364726,0.595396729254997,0.6029218046542192
3067,2944.0,2.372454,3927.0,983.0,984.0564094787711,0.595396729254997,0.6029274785519392
3068,2945.0,2.37326,3927.0,982.0,984.0662974999382,0.5947910357359176,0.6029335369034856
3069,2944.0,2.372454,3927.0,983.0,984.076952439722,0.595396729254997,0.602940065143042
3070,2944.0,2.372454,3927.0,983.0,983.9865004893521,0.595396729254997,0.602884645590015
3071,2948.0,2.375678,3927.0,979.0,983.9937565852657,0.5929739551786796,0.6028890913713454
3072,2945.0,2.37326,3927.0,982.0,984.0021107691989,0.5947910357359176,0.6028942099468718
3073,2948.0,2.375678,3927.0,979.0,983.9096892323811,0.5929739551786796,0.6028375836360012
3074,2951.0,2.378095,3927.0,976.0,983.8229028044005,0.5911568746214415,0.6027844099340762
3075,2935.0,2.365201,3927.0,992.0,983.7315453671633,0.600847970926711,0.6027284355928192
3076,2945.0,2.37326,3927.0,982.0,983.6356779255606,0.5947910357359176,0.6026696979896858
3077,2948.0,2.375678,3927.0,979.0,983.5353614844813,0.5929739551786796,0.6026082345021311
3078,2935.0,2.365201,3927.0,992.0,983.4306570488155,0.600847970926711,0.6025440825076102
3079,2949.0,2.376484,3927.0,978.0,983.3216256234538,0.5923682616596002,0.6024772793835788
3080,2951.0,2.378095,3927.0,976.0,983.1987190716155,0.5911568746214415,0.6024019750243128
3081,2944.0,2.372454,3927.0,983.0,983.0818659478601,0.595396729254997,0.6023303795765436
3082,2956.0,2.382125,3927.0,971.0,982.9608601340944,0.5881284070260449,0.6022562397919935
3083,2935.0,2.365201,3927.0,992.0,982.8357626352075,0.600847970926711,0.6021795930481173
3084,2945.0,2.37326,3927.0,982.0,982.7066344560905,0.5947910357359176,0.602100476722371
3085,2948.0,2.375678,3927.0,979.0,982.5639274599622,0.5929739551786796,0.6020130407090302
3086,2935.0,2.365201,3927.0,992.0,982.4179610597129,0.600847970926711,0.6019236076716474
3087,2944.0,2.372454,3927.0,983.0,982.3708007937664,0.595396729254997,0.601894712762818
3088,2951.0,2.378095,3927.0,976.0,982.23343259701,0.5911568746214415,0.601810547810783
3089,2951.0,2.378095,3927.0,976.0,982.0923997493627,0.5911568746214415,0.6017241375416095
3090,2944.0,2.372454,3927.0,983.0,982.0401673625639,0.595396729254997,0.6016921349643507
3091,2944.0,2.372454,3927.0,983.0,981.9903926013325,0.595396729254997,0.6016616381645781
3092,2944.0,2.372454,3927.0,983.0,981.9432149054174,0.595396729254997,0.6016327325764756
3093,2948.0,2.375678,3927.0,979.0,981.8987737145673,0.5929739551786796,0.6016055036342269
3094,2944.0,2.372454,3927.0,983.0,981.8572084685301,0.595396729254997,0.6015800367720154
3095,2951.0,2.378095,3927.0,976.0,981.7262545002055,0.5911568746214415,0.6014998017924271
3096,2948.0,2.375678,3927.0,979.0,981.592455089513,0.5929739551786796,0.6014178234215293
3097,2944.0,2.372454,3927.0,983.0,981.4558712413419,0.595396729254997,0.6013341390367771
3098,2951.0,2.378095,3927.0,976.0,981.3165639605824,0.5911568746214415,0.6012487860156258
3099,2935.0,2.365201,3927.0,992.0,981.1745942521248,0.600847970926711,0.6011618017355311
3100,2944.0,2.372454,3927.0,983.0,981.030023120859,0.595396729254997,0.6010732235739482
3101,2948.0,2.375678,3927.0,979.0,980.8829115716745,0.5929739551786796,0.6009830889083322
3102,2951.0,2.378095,3927.0,976.0,980.7333206094619,0.5911568746214415,0.6008914351161387
3103,2949.0,2.376484,3927.0,978.0,980.5710441161276,0.5923682616596002,0.6007920089490899
3104,2949.0,2.376484,3927.0,978.0,980.405743523247,0.5923682616596002,0.6006907299281836
3105,2935.0,2.365201,3927.0,992.0,980.2381291020398,0.600847970926711,0.600588033233793
3106,2934.0,2.364396,3927.0,993.0,980.0785202653941,0.6014536644457904,0.6004902415294694
3107,2948.0,2.375678,3927.0,979.0,979.9071017535475,0.5929739551786796,0.6003852140837567
3108,2945.0,2.37326,3927.0,982.0,979.7341929793885,0.5947910357359176,0.6002792735602064
3109,2944.0,2.372454,3927.0,983.0,979.6618594813422,0.595396729254997,0.6002349551114144
3110,2949.0,2.376484,3927.0,978.0,979.5838821594741,0.5923682616596002,0.6001871787140399
3111,2948.0,2.375678,3927.0,979.0,979.5202680032022,0.5929739551786796,0.6001482025715427
3112,2944.0,2.372454,3927.0,983.0,979.4608893292918,0.595396729254997,0.6001118214923731
3113,2948.0,2.375678,3927.0,979.0,979.405885577491,0.5929739551786796,0.6000781209107147
3114,2949.0,2.376484,3927.0,978.0,979.3553961875485,0.5923682616596002,0.600047186260751
3115,2944.0,2.372454,3927.0,983.0,979.3095605992129,0.595396729254997,0.6000191029766659
3116,2935.0,2.365201,3927.0,992.0,979.2685182522329,0.600847970926711,0.5999939564926432
3117,2944.0,2.372454,3927.0,983.0,979.2324085863567,0.595396729254997,0.599971832242866
3118,2960.0,2.385348,3927.0,967.0,979.2013710413329,0.5857056329497274,0.5999528156615183
3119,2956.0,2.382125,3927.0,971.0,979.17554505691,0.5881284070260449,0.5999369921827835
3120,2944.0,2.372454,3927.0,983.0,979.2031157811862,0.595396729254997,0.5999538846567408
3121,2944.0,2.372454,3927.0,983.0,979.1405265070659,0.595396729254997,0.5999155364554932
3122,2948.0,2.375678,3927.0,979.0,979.07436408939,0.5929739551786796,0.5998749990032902
3123,2944.0,2.372454,3927.0,983.0,979.0971372148185,0.595396729254997,0.5998889520073671
3124,2960.0,2.385348,3927.0,967.0,979.1225466229928,0.5857056329497274,0.5999045202514784
3125,2948.0,2.375678,3927.0,979.0,979.1507753285823,0.5929739551786796,0.5999218158679898
3126,2944.0,2.372454,3927.0,983.0,979.1820063462571,0.595396729254997,0.5999409509892673
3127,2932.0,2.362784,3927.0,995.0,979.2164226906875,0.6026650514839491,0.5999620377476772
3128,2935.0,2.365201,3927.0,992.0,979.2061616681932,0.600847970926711,0.5999557508596896
3129,2951.0,2.378095,3927.0,976.0,979.2026983334393,0.5911568746214415,0.5999536288881538
3130,2951.0,2.378095,3927.0,976.0,979.2061721261742,0.5911568746214415,0.5999557572672533
3131,2960.0,2.385348,3927.0,967.0,979.2167224861468,0.5857056329497274,0.599962221431172
3132,2944.0,2.372454,3927.0,983.0,979.1420847462558,0.595396729254997,0.5999164911824953
3133,2944.0,2.372454,3927.0,983.0,979.0688021864208,0.595396729254997,0.5998715912472908
3134,2951.0,2.378095,3927.0,976.0,978.9969358115319,0.5911568746214415,0.5998275590030139
3135,2948.0,2.375678,3927.0,979.0,978.9335238428953,0.5929739551786796,0.5997887067400829
3136,2948.0,2.375678,3927.0,979.0,978.8657369521491,0.5929739551786796,0.5997471739796406
3137,2945.0,2.37326,3927.0,982.0,978.7936448591672,0.5947910357359176,0.5997030034387789
3138,2951.0,2.378095,3927.0,976.0,978.7173172838238,0.5911568746214415,0.5996562378345895
3139,2951.0,2.378095,3927.0,976.0,978.6368239459937,0.5911568746214415,0.5996069198841645
3140,2951.0,2.378095,3927.0,976.0,978.5906711322302,0.5911568746214415,0.5995786422373116
3141,2948.0,2.375678,3927.0,979.0,978.5686962993618,0.5929739551786796,0.5995651783439359
3142,2944.0,2.372454,3927.0,983.0,978.5524698701263,0.595396729254997,0.5995552364747802
3143,2960.0,2.385348,3927.0,967.0,978.5222550196188,0.5857056329497274,0.5995367239551158
3144,2944.0,2.372454,3927.0,983.0,978.4493550475937,0.595396729254997,0.5994920584299526
3145,2944.0,2.372454,3927.0,983.0,978.3749343108117,0.595396729254997,0.5994464611382244
3146,2966.0,2.390183,3927.0,961.0,978.2990886740994,0.5820714718352513,0.5993999908159323
3147,2951.0,2.378095,3927.0,976.0,978.2219140022838,0.5911568746214415,0.5993527061990774
3148,2951.0,2.378095,3927.0,976.0,978.1435061601924,0.5911568746214415,0.5993046660236611
3149,2950.0,2.377289,3927.0,977.0,978.0159153043024,0.5917625681405209,0.5992264916097891
3150,2951.0,2.378095,3927.0,976.0,977.8905293394361,0.5911568746214415,0.5991496681239457
3151,2944.0,2.372454,3927.0,983.0,977.7365991865489,0.595396729254997,0.5990553557267504
3152,2945.0,2.37326,3927.0,982.0,977.5829784156041,0.5947910357359176,0.5989612328866502
3153,2951.0,2.378095,3927.0,976.0,977.429693171554,0.5911568746214415,0.5988673156225542
3154,2956.0,2.382125,3927.0,971.0,977.2767695993517,0.5881284070260449,0.5987736199533721
3155,2951.0,2.378095,3927.0,976.0,977.203080921249,0.5911568746214415,0.5987284711911077
3156,2951.0,2.378095,3927.0,976.0,977.1285599621477,0.5911568746214415,0.59868281249356
3157,2945.0,2.37326,3927.0,982.0,976.9744555095751,0.5947910357359176,0.5985883933036353
3158,2950.0,2.377289,3927.0,977.0,976.8998038257095,0.5917625681405209,0.5985426545115404
3159,2948.0,2.375678,3927.0,979.0,976.8629743021316,0.5929739551786796,0.5985200892077904
3160,2951.0,2.378095,3927.0,976.0,976.784592604993,0.5911568746214415,0.5984720650512835
3161,2948.0,2.375678,3927.0,979.0,976.7058230910537,0.5929739551786796,0.5984238032809533
3162,2964.0,2.388571,3927.0,963.0,976.6267616251413,0.58328285887341,0.5983753626328014
3163,2951.0,2.378095,3927.0,976.0,976.5962077617448,0.5911568746214415,0.598356642401278
3164,2948.0,2.375678,3927.0,979.0,976.563623307011,0.5929739551786796,0.5983366780344557
3165,2951.0,2.378095,3927.0,976.0,976.5291477006876,0.5911568746214415,0.5983155549665178
3166,2951.0,2.378095,3927.0,976.0,976.4929203825237,0.5911568746214415,0.5982933586316483
3167,2956.0,2.382125,3927.0,971.0,976.4550807922674,0.5881284070260449,0.5982701744640305
3168,2960.0,2.385348,3927.0,967.0,976.3746998777342,0.5857056329497274,0.5982209253949158
3169,2951.0,2.378095,3927.0,976.0,976.3313872773487,0.5911568746214415,0.5981943879355909
3170,2951.0,2.378095,3927.0,976.0,976.2868458641791,0.5911568746214415,0.5981670975875226
3171,2960.0,2.385348,3927.0,967.0,976.2412150779741,0.5857056329497274,0.5981391397848947
3172,2945.0,2.37326,3927.0,982.0,976.156197791803,0.5947910357359176,0.5980870500291747
3173,2948.0,2.375678,3927.0,979.0,976.0318985854766,0.5929739551786796,0.5980108923959999
3174,2951.0,2.378095,3927.0,976.0,975.9452603122287,0.5911568746214415,0.5979578094678951
3175,2960.0,2.385348,3927.0,967.0,975.7688367849087,0.5857056329497274,0.5978497154689539
3176,2944.0,2.372454,3927.0,983.0,975.5950582553181,0.595396729254997,0.5977432420496832
3177,2956.0,2.382125,3927.0,971.0,975.4239508684105,0.5881284070260449,0.5976384052289927
3178,2951.0,2.378095,3927.0,976.0,975.2555407691378,0.5911568746214415,0.5975352210257915
3179,2949.0,2.376484,3927.0,978.0,975.1763363774832,0.5923682616596002,0.5974866928076012
3180,2951.0,2.378095,3927.0,976.0,975.0940381664079,0.5911568746214415,0.5974362690184618
3181,2945.0,2.37326,3927.0,982.0,975.0087507157237,0.5947910357359176,0.5973840137340108
3182,2950.0,2.377289,3927.0,977.0,974.9205786052422,0.5917625681405209,0.5973299910298862
3183,2951.0,2.378095,3927.0,976.0,974.8296264147743,0.5911568746214415,0.5972742649817253
3184,2950.0,2.377289,3927.0,977.0,974.7668000930817,0.5917625681405209,0.5972357715423656
3185,2956.0,2.382125,3927.0,971.0,974.7034029399182,0.5881284070260449,0.5971969283568165
3186,2944.0,2.372454,3927.0,983.0,974.6087643110992,0.595396729254997,0.5971389436424263
3187,2951.0,2.378095,3927.0,976.0,974.5118162114451,0.5911568746214415,0.5970795439243697
3188,2951.0,2.378095,3927.0,976.0,974.4434645897171,0.5911568746214415,0.5970376651554836
3189,2935.0,2.365201,3927.0,992.0,974.3852798686534,0.600847970926711,0.5970020156065113
3190,2951.0,2.378095,3927.0,976.0,974.2867238543992,0.5911568746214415,0.5969416307255248
3191,2951.0,2.378095,3927.0,976.0,974.1863376934456,0.5911568746214415,0.5968801245208781
3192,2951.0,2.378095,3927.0,976.0,974.125294457537,0.5911568746214415,0.5968427235711414
3193,2944.0,2.372454,3927.0,983.0,974.0749061614123,0.595396729254997,0.596811850860961
3194,2960.0,2.385348,3927.0,967.0,974.025053836821,0.5857056329497274,0.596781306538424
3195,2951.0,2.378095,3927.0,976.0,973.9758856384959,0.5911568746214415,0.5967511813773503
3196,2960.0,2.385348,3927.0,967.0,973.9275497211696,0.5857056329497274,0.59672156615156
3197,2961.0,2.386154,3927.0,966.0,973.8295166059725,0.5850999394306481,0.5966615016487622
3198,2960.0,2.385348,3927.0,967.0,973.7402037040481,0.5857056329497274,0.5966067799862226
3199,2956.0,2.382125,3927.0,971.0,973.6809165374727,0.5881284070260449,0.5965704549732361
3200,2948.0,2.375678,3927.0,979.0,973.6236251022979,0.5929739551786796,0.5965353527370026
3201,2951.0,2.378095,3927.0,976.0,973.568468838272,0.5911568746214415,0.5965015587117057
3202,2956.0,2.382125,3927.0,971.0,973.4745186932112,0.5881284070260449,0.5964439958285971
3203,2964.0,2.388571,3927.0,963.0,973.380315813606,0.58328285887341,0.5963862780960306
3204,2956.0,2.382125,3927.0,971.0,973.285964779268,0.5881284070260449,0.596328469589644
3205,2951.0,2.378095,3927.0,976.0,973.2326386619417,0.5911568746214415,0.5962957968880073
3206,2951.0,2.378095,3927.0,976.0,973.1820403346959,0.5911568746214415,0.5962647954925879
3207,2949.0,2.376484,3927.0,978.0,973.093240745346,0.5923682616596002,0.5962103883346369
3208,2951.0,2.378095,3927.0,976.0,973.0047810403829,0.5911568746214415,0.5961561894225084
3209,2960.0,2.385348,3927.0,967.0,972.9167657996185,0.5857056329497274,0.5961022628318403
3210,2951.0,2.378095,3927.0,976.0,972.8292996028639,0.5911568746214415,0.5960486726382703
3211,2956.0,2.382125,3927.0,971.0,972.7424870299302,0.5881284070260449,0.5959954829174359
3212,2960.0,2.385348,3927.0,967.0,972.6564326606293,0.5857056329497274,0.5959427577449751
3213,2956.0,2.382125,3927.0,971.0,972.5712410747723,0.5881284070260449,0.5958905611965254
3214,2960.0,2.385348,3927.0,967.0,972.4966259938407,0.5857056329497274,0.5958448448309037
3215,2948.0,2.375678,3927.0,979.0,972.4128244479767,0.5929739551786796,0.5957934999544721
3216,2948.0,2.375678,3927.0,979.0,972.3302081399751,0.5929739551786796,0.5957428812686011
3217,2965.0,2.389377,3927.0,962.0,972.2488816496474,0.5826771653543307,0.5956930528489287
3218,2960.0,2.385348,3927.0,967.0,972.1381481878552,0.5857056329497274,0.5956252068938934
3219,2960.0,2.385348,3927.0,967.0,972.0365227561368,0.5857056329497274,0.59556294139294
3220,2956.0,2.382125,3927.0,971.0,971.9338253813515,0.5881284070260449,0.5955000191166997
3221,2960.0,2.385348,3927.0,967.0,971.8404103363256,0.5857056329497274,0.5954427840872707
3222,2948.0,2.375678,3927.0,979.0,971.7268880795631,0.5929739551786796,0.595373229448563
3223,2951.0,2.378095,3927.0,976.0,971.6132133105755,0.5911568746214415,0.5953035813662167
3224,2951.0,2.378095,3927.0,976.0,971.5097315872048,0.5911568746214415,0.5952401785226936
3225,2951.0,2.378095,3927.0,976.0,971.3966537946403,0.5911568746214415,0.5951708962054459
3226,2967.0,2.390989,3927.0,960.0,971.322104076091,0.581465778316172,0.595125219887098
3227,2956.0,2.382125,3927.0,971.0,971.2547363760887,0.5881284070260449,0.5950839439631703
3228,2950.0,2.377289,3927.0,977.0,971.1747964397604,0.5917625681405209,0.5950349650796614
3229,2951.0,2.378095,3927.0,976.0,971.0926646848849,0.5911568746214415,0.5949846432775786
3230,2964.0,2.388571,3927.0,963.0,971.018063547928,0.58328285887341,0.5949389354553752
3231,2949.0,2.376484,3927.0,978.0,970.9511150386696,0.5923682616596002,0.594897916367962
3232,2964.0,2.388571,3927.0,963.0,970.8720736172207,0.58328285887341,0.5948494880009738
3233,2951.0,2.378095,3927.0,976.0,970.7906704350313,0.5911568746214415,0.5947996125925005
3234,2960.0,2.385348,3927.0,967.0,970.6974183602117,0.5857056329497274,0.5947424774142737
3235,2956.0,2.382125,3927.0,971.0,970.60269781054,0.5881284070260449,0.5946844425073003
3236,2951.0,2.378095,3927.0,976.0,970.516889203796,0.5911568746214415,0.5946318679125883
3237,2961.0,2.386154,3927.0,966.0,970.4305054080891,0.5850999394306481,0.5945789409018685
3238,2960.0,2.385348,3927.0,967.0,970.3334013102163,0.5857056329497274,0.594519445604319
3239,2951.0,2.378095,3927.0,976.0,970.2352993466432,0.5911568746214415,0.5944593389183928
3240,2951.0,2.378095,3927.0,976.0,970.1363128121653,0.5911568746214415,0.5943986902593643
3241,2960.0,2.385348,3927.0,967.0,970.0365550015787,0.5857056329497274,0.5943375690425077
3242,2960.0,2.385348,3927.0,967.0,969.9361392096786,0.5857056329497274,0.594276044683097
3243,2960.0,2.385348,3927.0,967.0,969.8351787312608,0.5857056329497274,0.5942141865964066
3244,2956.0,2.382125,3927.0,971.0,969.733786861121,0.5881284070260449,0.5941520641977105
3245,2964.0,2.388571,3927.0,963.0,969.6512951773947,0.58328285887341,0.5941015218686412
3246,2960.0,2.385348,3927.0,967.0,969.5769093005497,0.5857056329497274,0.594055945935459
3247,2960.0,2.385348,3927.0,967.0,969.5005015473511,0.5857056329497274,0.594009131206614
3248,2951.0,2.378095,3927.0,976.0,969.4222113575474,0.5911568746214415,0.5939611631162901
3249,2951.0,2.378095,3927.0,976.0,969.3421781708872,0.5911568746214415,0.5939121270986709
3250,2951.0,2.378095,3927.0,976.0,969.2605414271192,0.5911568746214415,0.5938621085879401
3251,2951.0,2.378095,3927.0,976.0,969.1582222826516,0.5911568746214415,0.5937994180519228
3252,2960.0,2.385348,3927.0,967.0,969.0558769932313,0.5857056329497274,0.5937367114969963
3253,2960.0,2.385348,3927.0,967.0,968.9536275686384,0.5857056329497274,0.5936740636780711
3254,2948.0,2.375678,3927.0,979.0,968.8419868769822,0.5929739551786796,0.5936056618668785
3255,2966.0,2.390183,3927.0,961.0,968.7025079110325,0.5820714718352513,0.5935202036548887
3256,2965.0,2.389377,3927.0,962.0,968.6051737375747,0.5826771653543307,0.5934605673909361
3257,2951.0,2.378095,3927.0,976.0,968.4994287327859,0.5911568746214415,0.5933957778438201
3258,2966.0,2.390183,3927.0,961.0,968.4052624561148,0.5820714718352513,0.5933380825377268
3259,2967.0,2.390989,3927.0,960.0,968.3131877756714,0.581465778316172,0.5932816687443879
3260,2956.0,2.382125,3927.0,971.0,968.2130595782527,0.5881284070260449,0.593220320592981
3261,2960.0,2.385348,3927.0,967.0,968.1248674233071,0.5857056329497274,0.5931662856076924
3262,2951.0,2.378095,3927.0,976.0,968.0288570559619,0.5911568746214415,0.5931074604345207
3263,2960.0,2.385348,3927.0,967.0,967.9347509126823,0.5857056329497274,0.593049801971919
3264,2956.0,2.382125,3927.0,971.0,967.8426622882643,0.5881284070260449,0.5929933796351619
3265,2964.0,2.388571,3927.0,963.0,967.7527044775031,0.58328285887341,0.5929382628395231
3266,2961.0,2.386154,3927.0,966.0,967.6649907751948,0.5850999394306481,0.5928845210002771
3267,2961.0,2.386154,3927.0,966.0,967.5796344761349,0.5850999394306481,0.5928322235326979
3268,2945.0,2.37326,3927.0,982.0,967.4967488751191,0.5947910357359176,0.59278143985206
3269,2961.0,2.386154,3927.0,966.0,967.416447266943,0.5850999394306481,0.5927322393736373
3270,2960.0,2.385348,3927.0,967.0,967.3484520880723,0.5857056329497274,0.5926905789958833
3271,2960.0,2.385348,3927.0,967.0,967.2408917520573,0.5857056329497274,0.592624677202489
3272,2967.0,2.390989,3927.0,960.0,967.1316319941071,0.581465778316172,0.5925577341799818
3273,2951.0,2.378095,3927.0,976.0,967.020759964065,0.5911568746214415,0.5924898033247266
3274,2964.0,2.388571,3927.0,963.0,966.9083628117733,0.58328285887341,0.5924209380330879
3275,2965.0,2.389377,3927.0,962.0,966.794527687075,0.5826771653543307,0.5923511917014307
3276,2960.0,2.385348,3927.0,967.0,966.6793417398127,0.5857056329497274,0.5922806177261194
3277,2967.0,2.390989,3927.0,960.0,966.5725012614995,0.581465778316172,0.5922151569866981
3278,2960.0,2.385348,3927.0,967.0,966.4638349939792,0.5857056329497274,0.5921485775934352
3279,2944.0,2.372454,3927.0,983.0,966.3759469919852,0.595396729254997,0.5920947289614596
3280,2960.0,2.385348,3927.0,967.0,966.2917062109134,0.5857056329497274,0.5920431149673495
3281,2961.0,2.386154,3927.0,966.0,966.2112259455597,0.5850999394306481,0.5919938050263791
3282,2956.0,2.382125,3927.0,971.0,966.1346194907195,0.5881284070260449,0.5919468685538226
3283,2951.0,2.378095,3927.0,976.0,966.0620001411884,0.5911568746214415,0.591902374964954
3284,2960.0,2.385348,3927.0,967.0,965.9934811917623,0.5857056329497274,0.5918603936750476
3285,2964.0,2.388571,3927.0,963.0,965.9291759372369,0.58328285887341,0.5918209940993778
3286,2964.0,2.388571,3927.0,963.0,965.8178620574914,0.58328285887341,0.5917527925245532
3287,2960.0,2.385348,3927.0,967.0,965.7076549807499,0.5857056329497274,0.591685269083561
3288,2960.0,2.385348,3927.0,967.0,965.5986244268864,0.5857056329497274,0.5916184664934933
3289,2951.0,2.378095,3927.0,976.0,965.4908401157755,0.5911568746214415,0.5915524274714417
3290,2965.0,2.389377,3927.0,962.0,965.393980908961,0.5826771653543307,0.591493082217677
3291,2960.0,2.385348,3927.0,967.0,965.2567896263854,0.5857056329497274,0.5914090256602623
3292,2964.0,2.388571,3927.0,963.0,965.1177464096498,0.58328285887341,0.5913238344300965
3293,2961.0,2.386154,3927.0,966.0,964.9768948336756,0.5850999394306481,0.5912375352253617
3294,2960.0,2.385348,3927.0,967.0,964.8438876150542,0.5857056329497274,0.5911560422274195
3295,2966.0,2.390183,3927.0,961.0,964.7495784126409,0.5820714718352513,0.591098259351288
3296,2960.0,2.385348,3927.0,967.0,964.6556178095988,0.5857056329497274,0.5910406900606155
3297,2957.0,2.38293,3927.0,970.0,964.5620929557709,0.5875227135069655,0.590983387751767
3298,2967.0,2.390989,3927.0,960.0,964.4787001426698,0.581465778316172,0.590932293304286
3299,2964.0,2.388571,3927.0,963.0,964.3952681121395,0.58328285887341,0.590881174828441
3300,2960.0,2.385348,3927.0,967.0,964.3632283439232,0.5857056329497274,0.5908615441888984
3301,2949.0,2.376484,3927.0,978.0,964.3346745694199,0.5923682616596002,0.5908440494039464
3302,2967.0,2.390989,3927.0,960.0,964.2905279450384,0.581465778316172,0.5908170009414107
3303,2949.0,2.376484,3927.0,978.0,964.2418355848549,0.5923682616596002,0.5907871673244885
3304,2967.0,2.390989,3927.0,960.0,964.198977906649,0.581465778316172,0.5907609085941877
3305,2965.0,2.389377,3927.0,962.0,964.1716773468855,0.5826771653543307,0.590744181648961
3306,2967.0,2.390989,3927.0,960.0,964.0888440357753,0.581465778316172,0.5906934300061419
3307,2951.0,2.378095,3927.0,976.0,964.0088605245256,0.5911568746214415,0.5906444244244506
3308,2964.0,2.388571,3927.0,963.0,963.9831321479267,0.58328285887341,0.5906286607496444
3309,2967.0,2.390989,3927.0,960.0,963.9123908775086,0.581465778316172,0.5905853178524366
3310,2964.0,2.388571,3927.0,963.0,963.8036836495621,0.58328285887341,0.5905187133628821
3311,2967.0,2.390989,3927.0,960.0,963.736550382637,0.581465778316172,0.5904775810751756
3312,2964.0,2.388571,3927.0,963.0,963.6726242299278,0.58328285887341,0.5904384137736924
3313,2960.0,2.385348,3927.0,967.0,963.6215840529788,0.5857056329497274,0.5904071416587037
3314,2960.0,2.385348,3927.0,967.0,963.532172671732,0.5857056329497274,0.5903523596582718
3315,2964.0,2.388571,3927.0,963.0,963.452479369459,0.58328285887341,0.5903035318864752
3316,2964.0,2.388571,3927.0,963.0,963.3722893130816,0.58328285887341,0.5902543997553994
3317,2951.0,2.378095,3927.0,976.0,963.2820456508362,0.5911568746214415,0.5901991078196843
3318,2966.0,2.390183,3927.0,961.0,963.1920590806269,0.5820714718352513,0.5901439734032452
3319,2974.0,2.39663,3927.0,953.0,963.1119823190454,0.5772259236826166,0.5900949106874437
3320,2960.0,2.385348,3927.0,967.0,963.0412096746838,0.5857056329497274,0.5900515485675445
3321,2967.0,2.390989,3927.0,960.0,962.9695350294492,0.581465778316172,0.59000763379527
3322,2960.0,2.385348,3927.0,967.0,962.897019388231,0.5857056329497274,0.5899632037480755
3323,2974.0,2.39663,3927.0,953.0,962.8455739645129,0.5772259236826166,0.5899316833399906
3324,2981.0,2.402271,3927.0,946.0,962.7493291640902,0.5729860690490611,0.5898727145305974
3325,2967.0,2.390989,3927.0,960.0,962.6281961115537,0.581465778316172,0.5897984967873546
3326,2960.0,2.385348,3927.0,967.0,962.6027570724332,0.5857056329497274,0.5897829103884795
3327,2964.0,2.388571,3927.0,963.0,962.6154443465517,0.58328285887341,0.5897906838312622
3328,2981.0,2.402271,3927.0,946.0,962.6355698597554,0.5729860690490611,0.5898030146537776
3329,2961.0,2.386154,3927.0,966.0,962.63441948183,0.5850999394306481,0.5898023098217627
3330,2965.0,2.389377,3927.0,962.0,962.5504776247192,0.5826771653543307,0.5897508789771837
3331,2960.0,2.385348,3927.0,967.0,962.4702352784361,0.5857056329497274,0.589701714808289
3332,2967.0,2.390989,3927.0,960.0,962.4225285829754,0.581465778316172,0.5896724851042526
3333,2960.0,2.385348,3927.0,967.0,962.3765910293238,0.5857056329497274,0.5896443393464208
3334,2961.0,2.386154,3927.0,966.0,962.3324574774186,0.5850999394306481,0.5896172988933397
3335,2964.0,2.388571,3927.0,963.0,962.290162787197,0.58328285887341,0.589591385103555
3336,2964.0,2.388571,3927.0,963.0,962.2497418185962,0.58328285887341,0.5895666193356129
3337,2975.0,2.397436,3927.0,952.0,962.2112294315534,0.5766202301635373,0.5895430229480593
3338,2967.0,2.390989,3927.0,960.0,962.1746604860055,0.581465778316172,0.5895206172994398
3339,2964.0,2.388571,3927.0,963.0,962.1400698418896,0.58328285887341,0.5894994237483004
3340,2964.0,2.388571,3927.0,963.0,962.1074923591431,0.58328285887341,0.5894794636531873
3341,2961.0,2.386154,3927.0,966.0,962.0769628977031,0.5850999394306481,0.5894607583726462
3342,2967.0,2.390989,3927.0,960.0,962.0100797508267,0.581465778316172,0.5894197793325064
3343,2960.0,2.385348,3927.0,967.0,961.9479114104472,0.5857056329497274,0.5893816890357007
3344,2965.0,2.389377,3927.0,962.0,961.8801907535815,0.5826771653543307,0.5893401968564956
3345,2964.0,2.388571,3927.0,963.0,961.816518206915,0.58328285887341,0.589301184938434
3346,2961.0,2.386154,3927.0,966.0,961.7568850554633,0.5850999394306481,0.5892646479418792
3347,2966.0,2.390183,3927.0,961.0,961.7012825842423,0.5820714718352513,0.5892305805271948
3348,2975.0,2.397436,3927.0,952.0,961.6599692012511,0.5766202301635373,0.5892052679804776
3349,2967.0,2.390989,3927.0,960.0,961.6130686418361,0.581465778316172,0.589176532192815
3350,2967.0,2.390989,3927.0,960.0,961.5420118889872,0.581465778316172,0.5891329960007669
3351,2975.0,2.397436,3927.0,952.0,961.5166599997093,0.5766202301635373,0.5891174629982564
3352,2960.0,2.385348,3927.0,967.0,961.4959444820696,0.5857056329497274,0.5891047706823515
3353,2960.0,2.385348,3927.0,967.0,961.4798653360683,0.5857056329497274,0.5890949190530521
3354,2964.0,2.388571,3927.0,963.0,961.4684225617054,0.58328285887341,0.5890879081103584
3355,2964.0,2.388571,3927.0,963.0,961.4616161589809,0.58328285887341,0.5890837378542702
3356,2967.0,2.390989,3927.0,960.0,961.4594461278944,0.581465778316172,0.5890824082847874
3357,2967.0,2.390989,3927.0,960.0,961.4619124684464,0.581465778316172,0.5890839194019103
3358,2964.0,2.388571,3927.0,963.0,961.4690151806366,0.58328285887341,0.5890882712056387
3359,2951.0,2.378095,3927.0,976.0,961.4807542644652,0.5911568746214415,0.5890954636959728
3360,2964.0,2.388571,3927.0,963.0,961.4971297199321,0.58328285887341,0.5891054968729122
3361,2964.0,2.388571,3927.0,963.0,961.5277506887072,0.58328285887341,0.5891242582196364
3362,2967.0,2.390989,3927.0,960.0,961.5623587627915,0.581465778316172,0.5891454624500486
3363,2960.0,2.385348,3927.0,967.0,961.6009626571696,0.5857056329497274,0.5891691149037855
3364,2965.0,2.389377,3927.0,962.0,961.6435710868252,0.5826771653543307,0.5891952209204833
3365,2965.0,2.389377,3927.0,962.0,961.6799256437598,0.5826771653543307,0.5892174952140454
3366,2960.0,2.385348,3927.0,967.0,961.7202934509564,0.5857056329497274,0.5892422284102049
3367,2967.0,2.390989,3927.0,960.0,961.7653324897285,0.581465778316172,0.589269823651516
3368,2964.0,2.388571,3927.0,963.0,961.8150427600759,0.58328285887341,0.5893002809379785
3369,2966.0,2.390183,3927.0,961.0,961.8694242619989,0.5820714718352513,0.5893336002695925
3370,2973.0,2.395824,3927.0,954.0,961.918209872514,0.577831617201696,0.5893634910206248
3371,2960.0,2.385348,3927.0,967.0,961.9710000183071,0.5857056329497274,0.5893958353346181
3372,2973.0,2.395824,3927.0,954.0,962.0277859843935,0.577831617201696,0.589430627871936
3373,2967.0,2.390989,3927.0,960.0,962.0988261787726,0.581465778316172,0.589474153918675
3374,2960.0,2.385348,3927.0,967.0,962.1745114597741,0.5857056329497274,0.5895205259916559
3375,2951.0,2.378095,3927.0,976.0,962.2548418273983,0.5911568746214415,0.589569744090879
3376,2967.0,2.390989,3927.0,960.0,962.339817281645,0.581465778316172,0.589621808216344
3377,2967.0,2.390989,3927.0,960.0,962.3883693305814,0.581465778316172,0.5896515558651189
3378,2965.0,2.389377,3927.0,962.0,962.4286325579666,0.5826771653543307,0.5896762249856407
3379,2967.0,2.390989,3927.0,960.0,962.4804396535327,0.581465778316172,0.5897079669886396
3380,2960.0,2.385348,3927.0,967.0,962.5341466156721,0.5857056329497274,0.5897408730323902
3381,2960.0,2.385348,3927.0,967.0,962.5794514614648,0.5857056329497274,0.5897686311326138
3382,2964.0,2.388571,3927.0,963.0,962.6259197576593,0.58328285887341,0.589797102074307
3383,2956.0,2.382125,3927.0,971.0,962.6735079293338,0.5881284070260449,0.5898262591592874
3384,2973.0,2.395824,3927.0,954.0,962.683735834888,0.577831617201696,0.5898325257566565
3385,2951.0,2.378095,3927.0,976.0,962.7078606543789,0.5911568746214415,0.589847306938351
3386,2964.0,2.388571,3927.0,963.0,962.7746400929421,0.58328285887341,0.5898882224368166
3387,2967.0,2.390989,3927.0,960.0,962.8525799403777,0.581465778316172,0.5899359758737541
3388,2964.0,2.388571,3927.0,963.0,962.9217777870793,0.58328285887341,0.5899783731213419
3389,2951.0,2.378095,3927.0,976.0,962.9924658960933,0.5911568746214415,0.5900216834467673
3390,2965.0,2.389377,3927.0,962.0,963.0742185491524,0.5826771653543307,0.5900717729746633
3391,2966.0,2.390183,3927.0,961.0,963.1567424783206,0.5820714718352513,0.5901223350603875
3392,2972.0,2.395018,3927.0,955.0,963.2304023969749,0.5784373107207753,0.5901674662018513
3393,2967.0,2.390989,3927.0,960.0,963.3054305681616,0.581465778316172,0.5902134356662421
3394,2967.0,2.390989,3927.0,960.0,963.3817921319435,0.581465778316172,0.5902602220950136
3395,2951.0,2.378095,3927.0,976.0,963.4594522283834,0.5911568746214415,0.5903078041296201
3396,2965.0,2.389377,3927.0,962.0,963.517841751578,0.5826771653543307,0.5903435791600498
3397,2960.0,2.385348,3927.0,967.0,963.565859571978,0.5857056329497274,0.5903729994891086
3398,2967.0,2.390989,3927.0,960.0,963.6130538263631,0.581465778316172,0.5904019152225203
3399,2967.0,2.390989,3927.0,960.0,963.6593635098434,0.581465778316172,0.5904302889828296
3400,2967.0,2.390989,3927.0,960.0,963.743164184209,0.581465778316172,0.5904816333252977
3401,2960.0,2.385348,3927.0,967.0,963.8233612125738,0.5857056329497274,0.5905307697280827
3402,2960.0,2.385348,3927.0,967.0,963.9204626959513,0.5857056329497274,0.5905902634237413
3403,2960.0,2.385348,3927.0,967.0,963.9768050693376,0.5857056329497274,0.5906247841735625
3404,2961.0,2.386154,3927.0,966.0,964.0334132497446,0.5850999394306481,0.590659467782296
3405,2964.0,2.388571,3927.0,963.0,964.1005107852342,0.58328285887341,0.590700578177493
3406,2972.0,2.395018,3927.0,955.0,964.2376916098287,0.5784373107207753,0.590784628327344
3407,2965.0,2.389377,3927.0,962.0,964.3442845825884,0.5826771653543307,0.5908499374210893
3408,2956.0,2.382125,3927.0,971.0,964.4106805618433,0.5881284070260449,0.5908906179755499
3409,2964.0,2.388571,3927.0,963.0,964.4779131795891,0.58328285887341,0.5909318111351122
3410,2960.0,2.385348,3927.0,967.0,964.545947575889,0.5857056329497274,0.5909734955412304
3411,2967.0,2.390989,3927.0,960.0,964.6531854574856,0.581465778316172,0.591039199768075
3412,2966.0,2.390183,3927.0,961.0,964.7585583324458,0.5820714718352513,0.5911037613127136
3413,2964.0,2.388571,3927.0,963.0,964.8620662007693,0.58328285887341,0.5911671801751461
3414,2956.0,2.382125,3927.0,971.0,964.9637090624564,0.5881284070260449,0.5912294563553727
3415,2964.0,2.388571,3927.0,963.0,965.0250503508272,0.58328285887341,0.5912670399206768
3416,2951.0,2.378095,3927.0,976.0,965.087123697878,0.5911568746214415,0.5913050720154451
3417,2948.0,2.375678,3927.0,979.0,965.1498942436712,0.5929739551786796,0.5913435312811313
3418,2964.0,2.388571,3927.0,963.0,965.1268448532409,0.58328285887341,0.5913294090105781
3419,2960.0,2.385348,3927.0,967.0,965.1102663386403,0.5857056329497274,0.5913192514201087
3420,2964.0,2.388571,3927.0,963.0,965.090436263404,0.58328285887341,0.5913071016112699
3421,2951.0,2.378095,3927.0,976.0,965.0576234760817,0.5911568746214415,0.5912869973459718
3422,2973.0,2.395824,3927.0,954.0,965.0212976785951,0.577831617201696,0.59126474067321
3423,2960.0,2.385348,3927.0,967.0,964.9909198578816,0.5857056329497274,0.5912461283023436
3424,2956.0,2.382125,3927.0,971.0,964.966341859208,0.5881284070260449,0.5912310694595522
3425,2964.0,2.388571,3927.0,963.0,964.9474155278417,0.58328285887341,0.591219473371016
3426,2949.0,2.376484,3927.0,978.0,964.9339927090498,0.5923682616596002,0.5912112492629148
3427,2960.0,2.385348,3927.0,967.0,964.9259252480995,0.5857056329497274,0.5912063063614285
3428,2951.0,2.378095,3927.0,976.0,964.9127978672747,0.5911568746214415,0.5911982632670036
3429,2951.0,2.378095,3927.0,976.0,964.9040628385283,0.5911568746214415,0.5911929113493631
3430,2960.0,2.385348,3927.0,967.0,964.9495829444327,0.5857056329497274,0.5912208013386077
3431,2960.0,2.385348,3927.0,967.0,964.9998832192163,0.5857056329497274,0.5912516201184598
3432,2960.0,2.385348,3927.0,967.0,965.0548503680831,0.5857056329497274,0.591285298273645
3433,2960.0,2.385348,3927.0,967.0,965.1143710962373,0.5857056329497274,0.5913217663888891
3434,2964.0,2.388571,3927.0,963.0,965.1783321088836,0.58328285887341,0.5913609550489182
3435,2961.0,2.386154,3927.0,966.0,965.2466201112262,0.5850999394306481,0.5914027948384578
3436,2967.0,2.390989,3927.0,960.0,965.3191218084694,0.581465778316172,0.591447216342234
3437,2951.0,2.378095,3927.0,976.0,965.3957239058176,0.5911568746214415,0.5914941501449724
3438,2960.0,2.385348,3927.0,967.0,965.476313108475,0.5857056329497274,0.5915435268313988
3439,2964.0,2.388571,3927.0,963.0,965.5607761216459,0.58328285887341,0.591595276986239
3440,2961.0,2.386154,3927.0,966.0,965.6489996505347,0.5850999394306481,0.5916493311942189
3441,2960.0,2.385348,3927.0,967.0,965.7209941356928,0.5857056329497274,0.5916934419311521
3442,2951.0,2.378095,3927.0,976.0,965.7868959753388,0.5911568746214415,0.5917338197282245
3443,2967.0,2.390989,3927.0,960.0,965.8568328527076,0.581465778316172,0.5917766697769855
3444,2964.0,2.388571,3927.0,963.0,965.9306653280506,0.58328285887341,0.5918219066432515
3445,2951.0,2.378095,3927.0,976.0,965.9979868386364,0.5911568746214415,0.5918631542671061
3446,2960.0,2.385348,3927.0,967.0,966.0682583714016,0.5857056329497274,0.5919062093579078
3447,2960.0,2.385348,3927.0,967.0,966.1413317716137,0.5857056329497274,0.5919509811418368
3448,2948.0,2.375678,3927.0,979.0,966.20744974287,0.5929739551786796,0.5919914913618938
3449,2948.0,2.375678,3927.0,979.0,966.2664554154534,0.5929739551786796,0.5920276439046223
3450,2961.0,2.386154,3927.0,966.0,966.3277923463321,0.5850999394306481,0.5920652248001081
3451,2960.0,2.385348,3927.0,967.0,966.3912949508052,0.5857056329497274,0.5921041325952586
3452,2960.0,2.385348,3927.0,967.0,966.456797644171,0.5857056329497274,0.5921442658369803
3453,2960.0,2.385348,3927.0,967.0,966.5446690876948,0.5857056329497274,0.5921981043236465
3454,2967.0,2.390989,3927.0,960.0,966.6073733996077,0.581465778316172,0.5922365230080957
3455,2961.0,2.386154,3927.0,966.0,966.6761956304866,0.5850999394306481,0.5922786901173512
3456,2956.0,2.382125,3927.0,971.0,966.7503034993332,0.5881284070260449,0.5923240957161301
3457,2951.0,2.378095,3927.0,976.0,966.8391318481312,0.5911568746214415,0.5923785204948814
3458,2964.0,2.388571,3927.0,963.0,966.9617333755195,0.58328285887341,0.5924536379668707
3459,2956.0,2.382125,3927.0,971.0,967.0583398477897,0.5881284070260449,0.5925128283711774
3460,2960.0,2.385348,3927.0,967.0,967.1499779075205,0.5857056329497274,0.5925689746487288
3461,2951.0,2.378095,3927.0,976.0,967.2563495196794,0.5911568746214415,0.5926341481157077
3462,2961.0,2.386154,3927.0,966.0,967.3574128349115,0.5850999394306481,0.5926960692101084
3463,2951.0,2.378095,3927.0,976.0,967.463260676515,0.5911568746214415,0.592760921764935
3464,2967.0,2.390989,3927.0,960.0,967.5634516218206,0.581465778316172,0.5928223083617246
3465,2964.0,2.388571,3927.0,963.0,967.6674117978283,0.58328285887341,0.5928860043512901
3466,2967.0,2.390989,3927.0,960.0,967.7646910668851,0.581465778316172,0.5929456069755329
3467,2960.0,2.385348,3927.0,967.0,967.8647068410068,0.5857056329497274,0.5930068862456292
3468,2951.0,2.378095,3927.0,976.0,967.9775345135222,0.5911568746214415,0.5930760153153101
3469,2964.0,2.388571,3927.0,963.0,968.0933819280914,0.58328285887341,0.5931469945690298
3470,2960.0,2.385348,3927.0,967.0,968.2017989470613,0.5857056329497274,0.5932134212486897
3471,2951.0,2.378095,3927.0,976.0,968.3019358594644,0.5911568746214415,0.593274774739733
3472,2960.0,2.385348,3927.0,967.0,968.403201362332,0.5857056329497274,0.5933368197137001
3473,2967.0,2.390989,3927.0,960.0,968.5053950110257,0.581465778316172,0.593399433358952
3474,2973.0,2.395824,3927.0,954.0,968.6288506068735,0.577831617201696,0.5934750741153157
3475,2948.0,2.375678,3927.0,979.0,968.805502466782,0.5929739551786796,0.5935833080127328
3476,2951.0,2.378095,3927.0,976.0,968.9768983196694,0.5911568746214415,0.5936883215753908
3477,2964.0,2.388571,3927.0,963.0,969.0660168774442,0.58328285887341,0.5937429241640368
3478,2964.0,2.388571,3927.0,963.0,969.1342342884141,0.58328285887341,0.5937847207025211
3479,2966.0,2.390183,3927.0,961.0,969.2101252430447,0.5820714718352513,0.5938312187909229
3480,2960.0,2.385348,3927.0,967.0,969.3242383757419,0.5857056329497274,0.593901135456984
3481,2960.0,2.385348,3927.0,967.0,969.4475196719038,0.5857056329497274,0.5939766694206181
3482,2951.0,2.378095,3927.0,976.0,969.5797425419399,0.5911568746214415,0.5940576818512775
3483,2964.0,2.388571,3927.0,963.0,969.6898790273087,0.58328285887341,0.5941251620412141
3484,2960.0,2.385348,3927.0,967.0,969.8929860935051,0.5857056329497274,0.5942496049391194
3485,2967.0,2.390989,3927.0,960.0,970.0964853339943,0.581465778316172,0.5943742881206663
3486,2964.0,2.388571,3927.0,963.0,970.3002024490905,0.58328285887341,0.5944991047931251
3487,2956.0,2.382125,3927.0,971.0,970.503963139108,0.5881284070260449,0.5946239481637661
3488,2964.0,2.388571,3927.0,963.0,970.7075931043613,0.58328285887341,0.59474871143986
3489,2948.0,2.375678,3927.0,979.0,970.8244357701356,0.5929739551786796,0.5948203004800654
3490,2964.0,2.388571,3927.0,963.0,970.9466425087356,0.58328285887341,0.5948951760665221
3491,2960.0,2.385348,3927.0,967.0,971.0739605856178,0.5857056329497274,0.5949731833497726
3492,2964.0,2.388571,3927.0,963.0,971.2061372662372,0.58328285887341,0.5950541674803586
3493,2948.0,2.375678,3927.0,979.0,971.3839883079826,0.5929739551786796,0.5951631361117545
3494,2951.0,2.378095,3927.0,976.0,971.568859269568,0.5911568746214415,0.5952764058203327
3495,2967.0,2.390989,3927.0,960.0,971.7605322763856,0.581465778316172,0.5953938431151807
3496,2948.0,2.375678,3927.0,979.0,971.9587894538287,0.5929739551786796,0.5955153145053869
3497,2950.0,2.377289,3927.0,977.0,972.1634129272903,0.5917625681405209,0.5956406865000392
3498,2949.0,2.376484,3927.0,978.0,972.3741848221631,0.5923682616596002,0.5957698256082257
3499,2949.0,2.376484,3927.0,978.0,972.5908872638403,0.5923682616596002,0.5959025983390345
3500,2948.0,2.375678,3927.0,979.0,972.8036932360448,0.5929739551786796,0.5960329837183747
3501,2964.0,2.388571,3927.0,963.0,973.0637117641013,0.58328285887341,0.5961922960443632
3502,2948.0,2.375678,3927.0,979.0,973.2912460597433,0.5929739551786796,0.5963317054093489
3503,2949.0,2.376484,3927.0,978.0,973.514896958389,0.5923682616596002,0.5964687354323206
3504,2951.0,2.378095,3927.0,976.0,973.7350871367759,0.5911568746214415,0.5966036450856472
3505,2951.0,2.378095,3927.0,976.0,973.9618396983279,0.5911568746214415,0.5967425754852411
3506,2945.0,2.37326,3927.0,982.0,974.1564740568048,0.5947910357359176,0.5968618271885638
3507,2948.0,2.375678,3927.0,979.0,974.3597798246428,0.5929739551786796,0.5969863918301809
3508,2960.0,2.385348,3927.0,967.0,974.571478122345,0.5857056329497274,0.5971160985417249
3509,2960.0,2.385348,3927.0,967.0,974.791290070414,0.5857056329497274,0.5972507764548285
3510,2951.0,2.378095,3927.0,976.0,974.9805002226735,0.5911568746214415,0.5973667047684083
3511,2951.0,2.378095,3927.0,976.0,975.179863331622,0.5911568746214415,0.5974888537584832
3512,2956.0,2.382125,3927.0,971.0,975.3307528264929,0.5881284070260449,0.5975813031565118
3513,2960.0,2.385348,3927.0,967.0,975.4937474345322,0.5857056329497274,0.5976811693096064
3514,2951.0,2.378095,3927.0,976.0,975.6684811264,0.5911568746214415,0.5977882279530349
3515,2944.0,2.372454,3927.0,983.0,975.8545878727565,0.595396729254997,0.5979022548220654
3516,2949.0,2.376484,3927.0,978.0,976.0997473526113,0.5923682616596002,0.5980524630678612
3517,2948.0,2.375678,3927.0,979.0,976.4010051862927,0.5929739551786796,0.5982370425536568
3518,2949.0,2.376484,3927.0,978.0,976.7074048607011,0.5923682616596002,0.5984247724249739
3519,2951.0,2.378095,3927.0,976.0,977.0186674963388,0.5911568746214415,0.5986154818134447
3520,2950.0,2.377289,3927.0,977.0,977.3345142137093,0.5917625681405209,0.5988089998507024
3521,2944.0,2.372454,3927.0,983.0,977.6546661333151,0.595396729254997,0.5990051556683792
3522,2949.0,2.376484,3927.0,978.0,977.9788443756597,0.5923682616596002,0.5992037783981085
3523,2948.0,2.375678,3927.0,979.0,978.306770061246,0.5929739551786796,0.5994046971715228
3524,2960.0,2.385348,3927.0,967.0,978.6381643105765,0.5857056329497274,0.5996077411202546
3525,2944.0,2.372454,3927.0,983.0,978.9727482441544,0.595396729254997,0.5998127393759369
3526,2944.0,2.372454,3927.0,983.0,979.271806415803,0.595396729254997,0.5999959711374859
3527,2948.0,2.375678,3927.0,979.0,979.576093578021,0.5929739551786796,0.6001824066809209
3528,2935.0,2.365201,3927.0,992.0,979.8852959913746,0.600847970926711,0.6003718537793289
3529,2950.0,2.377289,3927.0,977.0,980.1990999164292,0.5917625681405209,0.6005641202057963
3530,2951.0,2.378095,3927.0,976.0,980.4691459054012,0.5911568746214415,0.6007295763175147
3531,2944.0,2.372454,3927.0,983.0,980.7175848338416,0.595396729254997,0.6008817938685167
3532,2951.0,2.378095,3927.0,976.0,980.9748346113914,0.5911568746214415,0.6010394097919965
3533,2935.0,2.365201,3927.0,992.0,981.2405117787429,0.600847970926711,0.6012021891439494
3534,2944.0,2.372454,3927.0,983.0,981.5142328765866,0.595396729254997,0.6013698969803698
3535,2945.0,2.37326,3927.0,982.0,981.8366829375478,0.5947910357359176,0.6015674608601858
3536,2948.0,2.375678,3927.0,979.0,982.1690767955758,0.5929739551786796,0.6017711172652216
3537,2948.0,2.375678,3927.0,979.0,982.4988247843755,0.5929739551786796,0.6019731525566231
3538,2935.0,2.365201,3927.0,992.0,982.8229376643377,0.600847970926711,0.6021717352390786
3539,2944.0,2.372454,3927.0,983.0,983.1609256707766,0.595396729254997,0.6023788191567687
3540,2948.0,2.375678,3927.0,979.0,983.5028223476659,0.5929739551786796,0.6025882979014185
3541,2935.0,2.365201,3927.0,992.0,983.838003257667,0.600847970926711,0.6027936619221993
3542,2944.0,2.372454,3927.0,983.0,984.1757115131104,0.595396729254997,0.6030005744375586
3543,2944.0,2.372454,3927.0,983.0,984.5258482076385,0.595396729254997,0.6032151018084968
3544,2944.0,2.372454,3927.0,983.0,984.8784468852268,0.595396729254997,0.6034311376267398
3545,2935.0,2.365201,3927.0,992.0,985.2331502315194,0.600847970926711,0.603648462967192
3546,2948.0,2.375678,3927.0,979.0,985.5896009321607,0.5929739551786796,0.6038668589047578
3547,2944.0,2.372454,3927.0,983.0,985.9474416727949,0.595396729254997,0.6040861065143415
3548,2935.0,2.365201,3927.0,992.0,986.3063151390663,0.600847970926711,0.6043059868708476
3549,2944.0,2.372454,3927.0,983.0,986.6658640166199,0.595396729254997,0.6045262810491806
3550,2944.0,2.372454,3927.0,983.0,987.0257309911001,0.595396729254997,0.6047467701242454
3551,2944.0,2.372454,3927.0,983.0,987.3444902562176,0.595396729254997,0.6049420726680133
3552,2944.0,2.372454,3927.0,983.0,987.6409679210203,0.595396729254997,0.6051237233632017
3553,2935.0,2.365201,3927.0,992.0,987.935288627213,0.600847970926711,0.6053040524983622
3554,2933.0,2.36359,3927.0,994.0,988.2585021207974,0.6020593579648698,0.6055020841303334
3555,2935.0,2.365201,3927.0,992.0,988.5820554987688,0.600847970926711,0.6057003240081271
3556,2932.0,2.362784,3927.0,995.0,988.9055653018186,0.6026650514839491,0.6058985371877385
3557,2935.0,2.365201,3927.0,992.0,989.1395338703564,0.600847970926711,0.6060418888063348
3558,2944.0,2.372454,3927.0,983.0,989.3732714918103,0.595396729254997,0.6061850989245643
3559,2944.0,2.372454,3927.0,983.0,989.6473847639472,0.595396729254997,0.6063530470446264
3560,2934.0,2.364396,3927.0,993.0,989.923010085857,0.6014536644457904,0.6065219215916172
3561,2944.0,2.372454,3927.0,983.0,990.19972042331,0.595396729254997,0.6066914609233495
3562,2945.0,2.37326,3927.0,982.0,990.4360202501432,0.5947910357359176,0.6068362408947032
3563,2944.0,2.372454,3927.0,983.0,990.6506659555296,0.595396729254997,0.6069677534713035
3564,2929.0,2.360366,3927.0,998.0,990.8637124613005,0.6044821320411872,0.6070982862246106
3565,2948.0,2.375678,3927.0,979.0,991.0746804433195,0.5929739551786796,0.6072275454746178
3566,2935.0,2.365201,3927.0,992.0,991.3145499277148,0.600847970926711,0.6073745125610722
3567,2934.0,2.364396,3927.0,993.0,991.583525716617,0.6014536644457904,0.6075393129654314
3568,2935.0,2.365201,3927.0,992.0,991.8503794068464,0.600847970926711,0.6077028131683085
3569,2935.0,2.365201,3927.0,992.0,992.2070880710226,0.600847970926711,0.607921367159114
3570,2944.0,2.372454,3927.0,983.0,992.5668208347445,0.595396729254997,0.6081417740037768
3571,2951.0,2.378095,3927.0,976.0,992.9875419299739,0.5911568746214415,0.6083995481584664
3572,2934.0,2.364396,3927.0,993.0,993.4182774136426,0.6014536644457904,0.6086634580894315
3573,2935.0,2.365201,3927.0,992.0,993.8491305495987,0.600847970926711,0.6089274401054887
3574,2944.0,2.372454,3927.0,983.0,994.2798137433616,0.595396729254997,0.6091913179986348
3575,2934.0,2.364396,3927.0,993.0,994.7100394004495,0.6014536644457904,0.6094549155608657
3576,2944.0,2.372454,3927.0,983.0,995.1395199263815,0.595396729254997,0.609718056584178
3577,2924.0,2.356337,3927.0,1003.0,995.5679677266761,0.6075105996365839,0.6099805648605681
3578,2928.0,2.35956,3927.0,999.0,995.9950952068517,0.6050878255602665,0.6102422641820316
3579,2933.0,2.36359,3927.0,994.0,996.420614772427,0.6020593579648698,0.6105029783405652
3580,2934.0,2.364396,3927.0,993.0,996.8442388289211,0.6014536644457904,0.6107625311281653
3581,2932.0,2.362784,3927.0,995.0,997.2451455358857,0.6026650514839491,0.6110081650853617
3582,2928.0,2.35956,3927.0,999.0,997.6422481522111,0.6050878255602665,0.6112514682912361
3583,2928.0,2.35956,3927.0,999.0,998.0352416534474,0.6050878255602665,0.6114922538585118
3584,2933.0,2.36359,3927.0,994.0,998.4238210151445,0.6020593579648698,0.6117303348999121
3585,2919.0,2.352308,3927.0,1008.0,998.8076812128527,0.6105390672319806,0.6119655245281604
3586,2919.0,2.352308,3927.0,1008.0,999.1865172221221,0.6105390672319806,0.61219763585598
3587,2911.0,2.345861,3927.0,1016.0,999.5600240185024,0.6153846153846154,0.612426481996094
3588,2924.0,2.356337,3927.0,1003.0,999.9278965775441,0.6075105996365839,0.6126518760612257
3589,2919.0,2.352308,3927.0,1008.0,1000.2898298747975,0.6105390672319806,0.612873631164099
3590,2933.0,2.36359,3927.0,994.0,1000.6455188858124,0.6020593579648698,0.6130915604174366
3591,2919.0,2.352308,3927.0,1008.0,1000.9946585861389,0.6105390672319806,0.6133054769339621
3592,2919.0,2.352308,3927.0,1008.0,1001.3472110743107,0.6105390672319806,0.613521484452132
3593,2928.0,2.35956,3927.0,999.0,1001.703538022175,0.6050878255602665,0.6137398045668596
3594,2928.0,2.35956,3927.0,999.0,1002.053742693581,0.6050878255602665,0.6139543735869626
3595,2932.0,2.362784,3927.0,995.0,1002.3975374940471,0.6026650514839491,0.614165015304437
3596,2928.0,2.35956,3927.0,999.0,1002.7346348290919,0.6050878255602665,0.614371553511279
3597,2919.0,2.352308,3927.0,1008.0,1003.0647471042344,0.6105390672319806,0.6145738119994851
3598,2928.0,2.35956,3927.0,999.0,1003.3875867249931,0.6050878255602665,0.6147716145610514
3599,2919.0,2.352308,3927.0,1008.0,1003.7131332198701,0.6105390672319806,0.6149710756137076
3600,2928.0,2.35956,3927.0,999.0,1004.031498567698,0.6050878255602665,0.6151661368059068
3601,2924.0,2.356337,3927.0,1003.0,1004.3424038889805,0.6075105996365839,0.6153566272692822
3602,2928.0,2.35956,3927.0,999.0,1004.6455703042197,0.6050878255602665,0.6155423761354664
3603,2911.0,2.345861,3927.0,1016.0,1004.9407189339192,0.6153846153846154,0.615723212536092
3604,2932.0,2.362784,3927.0,995.0,1005.2275708985817,0.6026650514839491,0.6158989656027919
3605,2924.0,2.356337,3927.0,1003.0,1005.5469158106432,0.6075105996365839,0.6160946269701313
3606,2911.0,2.345861,3927.0,1016.0,1005.8600730838641,0.6153846153846154,0.6162864971955722
3607,2911.0,2.345861,3927.0,1016.0,1006.1565315757009,0.6153846153846154,0.6164681361435601
3608,2919.0,2.352308,3927.0,1008.0,1006.4456476932801,0.6105390672319806,0.6166452764478166
3609,2916.0,2.34989,3927.0,1011.0,1006.6963673331072,0.6123561477892187,0.6167988913816846
3610,2916.0,2.34989,3927.0,1011.0,1006.968040409645,0.6123561477892187,0.6169653444035335
3611,2919.0,2.352308,3927.0,1008.0,1007.2418538863224,0.6105390672319806,0.6171331088401006
3612,2911.0,2.345861,3927.0,1016.0,1007.4976874789265,0.6153846153846154,0.6172898570726532
3613,2919.0,2.352308,3927.0,1008.0,1007.7551647175662,0.6105390672319806,0.6174476123606449
3614,2911.0,2.345861,3927.0,1016.0,1008.0044324410119,0.6153846153846154,0.6176003377110759
3615,2932.0,2.362784,3927.0,995.0,1008.2452466297034,0.6026650514839491,0.6177478836141245
3616,2928.0,2.35956,3927.0,999.0,1008.4773632640813,0.6050878255602665,0.6178901005599697
3617,2919.0,2.352308,3927.0,1008.0,1008.7005383245848,0.6105390672319806,0.6180268390387895
3618,2919.0,2.352308,3927.0,1008.0,1008.914527791655,0.6105390672319806,0.6181579495407633
3619,2919.0,2.352308,3927.0,1008.0,1009.1190876457313,0.6105390672319806,0.6182832825560693
3620,2911.0,2.345861,3927.0,1016.0,1009.3139738672537,0.6153846153846154,0.6184026885748861
3621,2911.0,2.345861,3927.0,1016.0,1009.4989424366631,0.6153846153846154,0.6185160180873929
3622,2919.0,2.352308,3927.0,1008.0,1009.6737493343987,0.6105390672319806,0.6186231215837678
3623,2919.0,2.352308,3927.0,1008.0,1009.8381505409013,0.6105390672319806,0.6187238495541897
3624,2929.0,2.360366,3927.0,998.0,1009.9919020366106,0.6044821320411872,0.6188180524888371
3625,2919.0,2.352308,3927.0,1008.0,1010.1347598019668,0.6105390672319806,0.6189055808778889
3626,2917.0,2.350696,3927.0,1010.0,1010.2664798174094,0.6117504542701393,0.6189862852115233
3627,2916.0,2.34989,3927.0,1011.0,1010.3868180633795,0.6123561477892187,0.6190600159799196
3628,2928.0,2.35956,3927.0,999.0,1010.5879346271656,0.6050878255602665,0.6191832393048536
3629,2908.0,2.343443,3927.0,1019.0,1010.7831816490377,0.6172016959418534,0.6193028663846207
3630,2911.0,2.345861,3927.0,1016.0,1010.9723935442942,0.6153846153846154,0.6194187957661279
3631,2911.0,2.345861,3927.0,1016.0,1011.1554047282332,0.6153846153846154,0.6195309259962817
3632,2917.0,2.350696,3927.0,1010.0,1011.3320496161543,0.6117504542701393,0.6196391556219897
3633,2916.0,2.34989,3927.0,1011.0,1011.5021626233556,0.6123561477892187,0.6197433831901583
3634,2916.0,2.34989,3927.0,1011.0,1011.6655781651357,0.6123561477892187,0.6198435072476947
3635,2911.0,2.345861,3927.0,1016.0,1011.729726549944,0.6153846153846154,0.6198828107099079
3636,2909.0,2.344249,3927.0,1018.0,1011.7808460332501,0.6165960024227741,0.6199141314155887
3637,2897.0,2.334579,3927.0,1030.0,1011.8186925954938,0.6238643246517263,0.6199373198549156
3638,2928.0,2.35956,3927.0,999.0,1011.8430222171153,0.6050878255602665,0.6199522265180674
3639,2903.0,2.339414,3927.0,1024.0,1011.8535908785545,0.6202301635372501,0.6199587018952224
3640,2911.0,2.345861,3927.0,1016.0,1011.9425586671011,0.6153846153846154,0.6200132121081574
3641,2903.0,2.339414,3927.0,1024.0,1012.0232777230244,0.6202301635372501,0.6200626683551673
3642,2908.0,2.343443,3927.0,1019.0,1012.0955824616228,0.6172016959418534,0.6201069691831591
3643,2911.0,2.345861,3927.0,1016.0,1012.1593072981952,0.6153846153846154,0.6201460131390397
3644,2911.0,2.345861,3927.0,1016.0,1012.2142866480399,0.6153846153846154,0.6201796987697159
3645,2903.0,2.339414,3927.0,1024.0,1012.2603549264556,0.6202301635372501,0.6202079246220948
3646,2917.0,2.350696,3927.0,1010.0,1012.2973465487414,0.6117504542701393,0.6202305892430835
3647,2916.0,2.34989,3927.0,1011.0,1012.3250959301952,0.6123561477892187,0.6202475911795885
