Pixel,NormalizedADC,SmoothedNormalizedADC
21,0.869520547945206,0.878237395131692
22,0.874657534246575,0.878294179377536
23,0.869520547945206,0.878348686495174
24,0.870890410958904,0.878400951737366
25,0.873972602739726,0.87845101035687
26,0.870890410958904,0.878498897606444
27,0.875,0.878544648738846
28,0.879452054794521,0.878588299006835
29,0.875,0.878629883663169
30,0.879452054794521,0.878669437960607
31,0.873972602739726,0.878706997151908
32,0.875,0.87874259648983
33,0.875,0.87877627122713
34,0.875,0.878808056616569
35,0.874657534246575,0.878837987910904
36,0.874657534246575,0.878866100362893
37,0.877739726027397,0.878892429225295
38,0.879452054794521,0.878917009750869
39,0.875,0.878939877192373
40,0.875,0.878961066802565
41,0.875,0.878980613834205
42,0.872260273972603,0.87899855354005
43,0.875,0.879014921172859
44,0.875,0.879029751985389
45,0.874657534246575,0.879043081230401
46,0.875,0.879054944160651
47,0.876369863013699,0.8790653760289
48,0.875,0.879074412087905
49,0.875,0.879082087590424
50,0.873972602739726,0.879088437789216
51,0.873972602739726,0.87909349793704
52,0.875,0.879097303286654
53,0.879452054794521,0.879099889090816
54,0.870890410958904,0.879101290602285
55,0.877739726027397,0.879101543073819
56,0.874657534246575,0.879100681758177
57,0.873972602739726,0.879098741908118
58,0.875,0.879095758776399
59,0.873972602739726,0.87909176761578
60,0.870890410958904,0.879086803679017
61,0.876369863013699,0.879080902218871
62,0.870890410958904,0.8790740984881
63,0.872260273972603,0.879066427739461
64,0.869178082191781,0.879057925225714
65,0.875,0.879048626199618
66,0.874657534246575,0.879038565913929
67,0.875,0.879027779621407
68,0.873972602739726,0.87901630257481
69,0.869520547945206,0.879004170026897
70,0.870890410958904,0.878991417230427
71,0.873972602739726,0.878978079438156
72,0.869520547945206,0.878964191902846
73,0.874657534246575,0.878949789877252
74,0.872260273972603,0.878934908614135
75,0.875,0.878919583366253
76,0.875,0.878903849386363
77,0.879452054794521,0.878887741927224
78,0.875,0.878871296241596
79,0.874657534246575,0.878854547582236
80,0.876369863013699,0.878837531201902
81,0.875,0.878820282353354
82,0.875,0.87880283628935
83,0.88013698630137,0.878785228262647
84,0.874657534246575,0.878767493526005
85,0.874657534246575,0.878749667332183
86,0.875,0.878731784933938
87,0.875,0.878713881584029
88,0.875,0.878695992535214
89,0.879452054794521,0.878678153040253
90,0.872260273972603,0.878660398351902
91,0.873972602739726,0.878642763722921
92,0.880479452054794,0.878625284406069
93,0.875,0.878607995654103
94,0.873972602739726,0.878590932719783
95,0.873972602739726,0.878574130855867
96,0.874657534246575,0.878557625315112
97,0.873972602739726,0.878525032055359
98,0.869520547945206,0.878493894158555
99,0.875,0.878457336227318
100,0.870890410958904,0.878438069693984
101,0.874657534246575,0.878433559898923
102,0.873972602739726,0.878435984003773
103,0.869520547945206,0.878428349273548
104,0.875,0.878441324234753
105,0.875,0.878447774813759
106,0.874657534246575,0.878454772916447
107,0.870890410958904,0.878462321542947
108,0.870890410958904,0.878506811067248
109,0.870890410958904,0.878536166736966
110,0.869520547945206,0.87856455036464
111,0.875,0.878605217723622
112,0.875,0.878657298776278
113,0.868493150684931,0.878706703713185
114,0.870890410958904,0.878753480536418
115,0.870890410958904,0.878797677248054
116,0.869520547945206,0.878839341850169
117,0.869520547945206,0.878878522344839
118,0.874657534246575,0.87891526673414
119,0.873972602739726,0.878949623020149
120,0.870890410958904,0.878981639204942
121,0.874657534246575,0.879011363290595
122,0.874657534246575,0.879038843279184
123,0.875,0.879064127172786
124,0.870890410958904,0.879074031201164
125,0.873972602739726,0.879069497405064
126,0.874657534246575,0.879077919369339
127,0.870890410958904,0.879098427056356
128,0.873972602739726,0.879103698884378
129,0.874657534246575,0.8791176059859
130,0.874657534246575,0.879116131722134
131,0.875,0.879113446906007
132,0.873972602739726,0.879122816311261
133,0.875,0.87913014712834
134,0.869520547945206,0.87912841545344
135,0.872260273972603,0.879124276174404
136,0.874657534246575,0.879104536520607
137,0.874657534246575,0.879083361304718
138,0.876369863013699,0.879060777527904
139,0.877739726027397,0.879023580419021
140,0.877739726027397,0.878985922790219
141,0.88013698630137,0.878947819642148
142,0.875,0.878875073995688
143,0.876369863013699,0.878819555094334
144,0.875,0.878758107336541
145,0.876369863013699,0.878704409513954
146,0.875,0.878644776834668
147,0.873972602739726,0.878586272204173
148,0.88013698630137,0.87852888962221
149,0.876369863013699,0.878472623088519
150,0.875,0.878424535508592
151,0.873972602739726,0.878384626882428
152,0.875,0.878342752871255
153,0.877739726027397,0.878309293324033
154,0.875,0.878270572449243
155,0.875,0.878230354209687
156,0.869520547945206,0.87819548100132
157,0.874657534246575,0.878162421371395
158,0.874657534246575,0.878137794206199
159,0.875,0.878114539600369
160,0.870890410958904,0.87808605066814
161,0.873972602739726,0.878059399315392
162,0.875,0.878034588542254
163,0.874657534246575,0.878011621348856
164,0.875,0.877997116621485
165,0.876369863013699,0.877984014454779
166,0.876369863013699,0.877972323849126
167,0.874657534246575,0.877952129975682
168,0.876369863013699,0.877930501740198
169,0.872260273972603,0.87790698312295
170,0.875,0.877884649556958
171,0.875,0.877863495041964
172,0.876369863013699,0.877843513577709
173,0.874657534246575,0.877824699163931
174,0.876369863013699,0.877807045800371
175,0.870890410958904,0.877790547486772
176,0.872260273972603,0.877781814109028
177,0.873972602739726,0.877773776761389
178,0.875,0.877773504349606
179,0.870890410958904,0.877774386987782
180,0.875,0.877769361770427
181,0.875,0.877765044583696
182,0.875,0.877729625351712
183,0.870890410958904,0.877692848561009
184,0.874657534246575,0.877693566192049
185,0.869520547945206,0.877686289377305
186,0.869520547945206,0.877675595414761
187,0.869178082191781,0.877621788987476
188,0.872260273972603,0.877567247528401
189,0.874657534246575,0.877511935035975
190,0.869520547945206,0.877459123451721
191,0.866780821917808,0.877405245321335
192,0.869520547945206,0.877350267643392
193,0.873972602739726,0.877294157416461
194,0.869520547945206,0.877236881639118
195,0.869178082191781,0.877216833271967
196,0.872260273972603,0.877197171921557
197,0.873972602739726,0.877177897587886
198,0.869520547945206,0.877195850664409
199,0.870890410958904,0.877205569284767
200,0.869520547945206,0.877213696336286
201,0.868493150684931,0.877240559498196
202,0.873972602739726,0.877265450074786
203,0.872260273972603,0.877288413068002
204,0.874657534246575,0.87730242457404
205,0.869520547945206,0.877321208386494
206,0.869520547945206,0.877338193621155
207,0.876369863013699,0.877346356374218
208,0.868493150684931,0.877359420439276
209,0.870890410958904,0.877370814932121
210,0.869520547945206,0.877380584854698
211,0.869520547945206,0.877388775208956
212,0.872260273972603,0.877352427736822
213,0.869520547945206,0.877321030778812
214,0.870890410958904,0.877284669506082
215,0.875,0.877264553636012
216,0.872260273972603,0.87724746639694
217,0.873972602739726,0.877233422789512
218,0.875,0.877222437814381
219,0.875,0.877214526472192
220,0.869520547945206,0.877209703763596
221,0.874657534246575,0.877207984689241
222,0.873972602739726,0.877195246438275
223,0.876369863013699,0.877184723783139
224,0.872260273972603,0.877176419723964
225,0.874657534246575,0.877193492862427
226,0.875,0.877188070427891
227,0.873972602739726,0.877181588647535
228,0.876369863013699,0.877177581974235
229,0.869520547945206,0.87717605040799
230,0.873972602739726,0.877180301891879
231,0.875,0.877186804973156
232,0.872260273972603,0.877218718253499
233,0.876369863013699,0.877247790110941
234,0.875,0.87727734948947
235,0.874657534246575,0.877307417389994
236,0.869520547945206,0.877338014813421
237,0.870890410958904,0.87736916276066
238,0.870890410958904,0.877404416685494
239,0.875,0.877440492645884
240,0.875,0.877450951098242
241,0.873972602739726,0.877464067665572
242,0.876369863013699,0.877479842347872
243,0.873972602739726,0.877498275145144
244,0.875,0.877506134285075
245,0.873972602739726,0.877530777350959
246,0.875,0.877544834758983
247,0.874657534246575,0.877562432320129
248,0.870890410958904,0.877583558033877
249,0.874657534246575,0.877617897219146
250,0.874657534246575,0.877658151460259
251,0.875,0.877684246588949
252,0.872260273972603,0.877713613359147
253,0.870890410958904,0.877746236770204
254,0.873972602739726,0.877755864786643
255,0.873972602739726,0.877760357180953
256,0.879452054794521,0.87777665868604
257,0.869520547945206,0.877798111413932
258,0.875,0.877818057476658
259,0.869520547945206,0.877811254682417
260,0.875,0.877821084307577
261,0.869520547945206,0.8778342515771
262,0.876369863013699,0.877836555676759
263,0.869520547945206,0.877827015564121
264,0.870890410958904,0.877835315723127
265,0.875,0.877843711886286
266,0.875,0.877865363822795
267,0.875,0.877886073718558
268,0.874657534246575,0.87790578157098
269,0.874657534246575,0.877924427377465
270,0.869520547945206,0.877941951135418
271,0.873972602739726,0.877958292842244
272,0.873972602739726,0.877973392495348
273,0.870890410958904,0.877987190092134
274,0.869520547945206,0.877969854142304
275,0.876369863013699,0.87795732170024
276,0.869520547945206,0.877961018160122
277,0.869520547945206,0.877953501935024
278,0.873972602739726,0.877933782982121
279,0.868493150684931,0.877929134881077
280,0.869520547945206,0.877912104044445
281,0.869520547945206,0.877909964051884
282,0.869178082191781,0.877909399127449
283,0.869178082191781,0.877896187456006
284,0.869520547945206,0.877883464805714
285,0.869520547945206,0.877871135172422
286,0.873972602739726,0.877859102551976
287,0.874657534246575,0.877864716694804
288,0.869520547945206,0.877920749518386
289,0.875,0.877974148228035
290,0.874657534246575,0.878039014633696
291,0.875,0.878102092962016
292,0.869520547945206,0.878163359211959
293,0.874657534246575,0.878240461646863
294,0.874657534246575,0.878316851550948
295,0.876369863013699,0.878399588829575
296,0.872260273972603,0.878478293633786
297,0.874657534246575,0.87856972618851
298,0.872260273972603,0.878660207702098
299,0.872260273972603,0.87874974417481
300,0.875,0.878831725720749
301,0.876369863013699,0.878949608619527
302,0.876369863013699,0.879057477985189
303,0.869520547945206,0.879132658236953
304,0.869520547945206,0.879236730938399
305,0.875,0.879314757413271
306,0.875,0.879388856418267
307,0.872260273972603,0.879459257463317
308,0.874657534246575,0.879529268491497
309,0.874657534246575,0.879591820597057
310,0.869520547945206,0.879653523665893
311,0.870890410958904,0.879721440603498
312,0.870890410958904,0.879788955523714
313,0.872260273972603,0.879852760483463
314,0.875,0.879889923390867
315,0.876369863013699,0.879905084246618
316,0.869520547945206,0.879922483199173
317,0.876369863013699,0.879942072246456
318,0.875,0.879967790858861
319,0.876369863013699,0.879996739110956
320,0.88013698630137,0.880031953434078
321,0.875,0.880069630863736
322,0.875,0.880139500885817
323,0.877739726027397,0.880209738423795
324,0.875,0.880293560249331
325,0.876369863013699,0.880376825550797
326,0.876369863013699,0.880459531328062
327,0.875,0.880534605675245
328,0.875,0.880608655478114
329,0.88013698630137,0.880681671736279
330,0.879452054794521,0.880753645449351
331,0.88013698630137,0.88082456761694
332,0.880479452054794,0.880894429238658
333,0.879452054794521,0.880963221314114
334,0.879452054794521,0.881004471298296
335,0.879452054794521,0.881072885357402
336,0.880479452054794,0.881108368792164
337,0.880479452054794,0.881140657088726
338,0.875,0.881212127680037
339,0.875,0.881283085249157
340,0.877739726027397,0.881353529796088
341,0.879452054794521,0.881419926867954
342,0.877739726027397,0.881485581407703
343,0.874657534246575,0.881550490415206
344,0.876369863013699,0.881614650890333
345,0.873972602739726,0.881678059832953
346,0.876369863013699,0.881733645337188
347,0.875,0.881788014288803
348,0.885616438356164,0.881841157687409
349,0.879452054794521,0.881861256456739
350,0.876369863013699,0.881881354026017
351,0.880479452054794,0.881897882940941
352,0.880479452054794,0.881896672388581
353,0.880479452054794,0.881890909139303
354,0.880479452054794,0.881880548191163
355,0.881849315068493,0.881865544542212
356,0.880479452054794,0.881852469076659
357,0.880479452054794,0.881827598000913
358,0.880479452054794,0.881797955218777
359,0.880479452054794,0.881763495728304
360,0.875,0.881724174527548
361,0.885616438356164,0.881676638671484
362,0.875,0.881624374610912
363,0.875,0.881623206060369
364,0.880479452054794,0.881619526401213
365,0.875,0.881620404539195
366,0.88013698630137,0.881619230588419
367,0.875,0.881616010549142
368,0.875,0.881610750421627
369,0.873972602739726,0.881596840319974
370,0.873972602739726,0.881581349149937
371,0.874657534246575,0.881560968968434
372,0.875,0.881539231228214
373,0.870890410958904,0.881516132929146
374,0.875,0.881491671071099
375,0.870890410958904,0.881465842653945
376,0.869520547945206,0.881413903507427
377,0.870890410958904,0.881383726402179
378,0.874657534246575,0.881355687189402
379,0.875,0.881326477926016
380,0.870890410958904,0.881296098612023
381,0.875,0.881261014794546
382,0.876369863013699,0.881224531416534
383,0.870890410958904,0.88116190430773
384,0.873972602739726,0.881096265068643
385,0.874657534246575,0.881027589698233
386,0.870890410958904,0.880955854195465
387,0.874657534246575,0.880884342502377
388,0.879452054794521,0.880809499165186
389,0.877739726027397,0.880731303182983
390,0.880479452054794,0.88064973355486
391,0.875,0.880593044902911
392,0.88013698630137,0.880534776682642
393,0.879452054794521,0.880471623951103
394,0.88013698630137,0.880393889388858
395,0.880479452054794,0.88032983661839
396,0.876369863013699,0.880252096055885
397,0.880479452054794,0.880158253796935
398,0.876369863013699,0.880060245257781
399,0.870890410958904,0.879948566627357
400,0.875,0.879826704356461
401,0.873972602739726,0.879707830214809
402,0.873972602739726,0.879606022011309
403,0.874657534246575,0.879507999971572
404,0.875,0.87941371609352
405,0.879452054794521,0.87936816422327
406,0.879452054794521,0.879327426061226
407,0.879452054794521,0.879291492607
408,0.879452054794521,0.87930005017714
409,0.875,0.879331013016373
410,0.875,0.879356603523236
411,0.870890410958904,0.879383476585574
412,0.875,0.879411671205073
413,0.877739726027397,0.87944122638342
414,0.875,0.879472181122303
415,0.875,0.87948690215903
416,0.873972602739726,0.879488721437719
417,0.875,0.879477650958889
418,0.875,0.879466922494851
419,0.879452054794521,0.879443304273295
420,0.875,0.879420922105201
421,0.875,0.879373300445427
422,0.879452054794521,0.879328678915416
423,0.874657534246575,0.879287021513612
424,0.88013698630137,0.879248292238459
425,0.876369863013699,0.879231033391964
426,0.874657534246575,0.879230193655643
427,0.870890410958904,0.879235837199742
428,0.872260273972603,0.879247952023744
429,0.868493150684931,0.879266526127127
430,0.874657534246575,0.879291547509375
431,0.872260273972603,0.879336235942279
432,0.874657534246575,0.879386453614339
433,0.879452054794521,0.879442200525555
434,0.875,0.879513400505161
435,0.873972602739726,0.87960599891031
436,0.875,0.879702347477665
437,0.870890410958904,0.879828933752888
438,0.875,0.879953995662179
439,0.870890410958904,0.880014637585117
440,0.875,0.880074604478859
441,0.873972602739726,0.880120652570573
442,0.873972602739726,0.880166895670721
443,0.875,0.880190154176719
444,0.870890410958904,0.880215124256748
445,0.874657534246575,0.880238452965782
446,0.872260273972603,0.880263626754621
447,0.875,0.880287063168314
448,0.877739726027397,0.880304950241982
449,0.875,0.880310615087003
450,0.875,0.880318126511894
451,0.875,0.880334484419421
452,0.875,0.880314130939074
453,0.880479452054794,0.8802569700667
454,0.875,0.880247246646134
455,0.875,0.880202535412243
456,0.875,0.880190910809446
457,0.877739726027397,0.880189574251636
458,0.874657534246575,0.880191819848764
459,0.875,0.880197557596939
460,0.875,0.880206697492266
461,0.874657534246575,0.880219149530853
462,0.879452054794521,0.880234823708806
463,0.870890410958904,0.880283401509937
464,0.872260273972603,0.880336544308517
465,0.876369863013699,0.880419159781875
466,0.874657534246575,0.880522420648207
467,0.874657534246575,0.880642997963526
468,0.876369863013699,0.880766744915941
469,0.875,0.880900721410813
470,0.873972602739726,0.881038308561856
471,0.876369863013699,0.88117243446319
472,0.879452054794521,0.881309706000583
473,0.887671232876712,0.881418304097765
474,0.88013698630137,0.881527964240884
475,0.881849315068493,0.881611280844569
476,0.881849315068493,0.881695563490038
477,0.885616438356164,0.881780752174695
478,0.884931506849315,0.881866786895946
479,0.880479452054794,0.881953607651196
480,0.881849315068493,0.882054386210161
481,0.880479452054794,0.882154936759264
482,0.880479452054794,0.882255211296428
483,0.875,0.882355161819578
484,0.874657534246575,0.882454740326638
485,0.875,0.882582174438533
486,0.874657534246575,0.882682700986598
487,0.876369863013699,0.882782735513381
488,0.875,0.882882230016806
489,0.875,0.882981136494799
490,0.873972602739726,0.883079406945281
491,0.877739726027397,0.883176993366176
492,0.876369863013699,0.883273847755409
493,0.874657534246575,0.883369922110904
494,0.877739726027397,0.883465168430583
495,0.880479452054794,0.883559538712372
496,0.876369863013699,0.883652984954193
497,0.880479452054794,0.88374545915397
498,0.881849315068493,0.883836913309628
499,0.880479452054794,0.883927299419089
500,0.881849315068493,0.884016569480278
501,0.884931506849315,0.884101141038243
502,0.884931506849315,0.884184271033856
503,0.875,0.884265908464912
504,0.884931506849315,0.884346002329204
505,0.887671232876712,0.884424501624526
506,0.881849315068493,0.884501355348673
507,0.880479452054794,0.884569443593686
508,0.877739726027397,0.88464239414901
509,0.875,0.88471354012628
510,0.880479452054794,0.88478283052329
511,0.875,0.884850214337836
512,0.879452054794521,0.884922482963663
513,0.874657534246575,0.884992749002873
514,0.874657534246575,0.885050364094893
515,0.877739726027397,0.885111813952778
516,0.875,0.8851699816687
517,0.876369863013699,0.885224819240584
518,0.880479452054794,0.885276278666353
519,0.88013698630137,0.885324311943932
520,0.88013698630137,0.885369324090838
521,0.880479452054794,0.885408412181511
522,0.881849315068493,0.885435362347184
523,0.881849315068493,0.885474176225997
524,0.885616438356164,0.885497436232059
525,0.880479452054794,0.885519220174278
526,0.880479452054794,0.885539468050057
527,0.888356164383562,0.885558119856802
528,0.887671232876712,0.885575115591917
529,0.885616438356164,0.885590395252807
530,0.880479452054794,0.885603898836876
531,0.881849315068493,0.885615566341529
532,0.888698630136986,0.885625337764171
533,0.884931506849315,0.885633153102207
534,0.881849315068493,0.885638952353041
535,0.884931506849315,0.885655907286392
536,0.887671232876712,0.885656600316367
537,0.887671232876712,0.885668341024187
538,0.880479452054794,0.885673409143398
539,0.884931506849315,0.885675061614872
540,0.881849315068493,0.885673247436404
541,0.880479452054794,0.885667915605787
542,0.881849315068493,0.885659015120815
543,0.880479452054794,0.885646494979282
544,0.884931506849315,0.885633838631859
545,0.880479452054794,0.88563182794489
546,0.880479452054794,0.885627195144508
547,0.880479452054794,0.885619904229155
548,0.881849315068493,0.885641729273151
549,0.880479452054794,0.885669958694156
550,0.881849315068493,0.885702414097946
551,0.887671232876712,0.885736693580633
552,0.880479452054794,0.885772797142216
553,0.885616438356164,0.885810724782697
554,0.884931506849315,0.885837244729762
555,0.883219178082192,0.885866482794393
556,0.880479452054794,0.885884289164571
557,0.880479452054794,0.885903871611568
558,0.880479452054794,0.885925206134348
559,0.88013698630137,0.885889315581978
560,0.884931506849315,0.885839354721025
561,0.880479452054794,0.885788468320041
562,0.881849315068493,0.885736569375261
563,0.880479452054794,0.885683570882923
564,0.876369863013699,0.885629385839262
565,0.881849315068493,0.885567311354361
566,0.876369863013699,0.885504323329946
567,0.880479452054794,0.885434618915028
568,0.880479452054794,0.885366074050263
569,0.879452054794521,0.885298589731371
570,0.876369863013699,0.885266052424038
571,0.880479452054794,0.885233954635716
572,0.881849315068493,0.885230502986422
573,0.880479452054794,0.885229188929585
574,0.88013698630137,0.885229967463259
575,0.880479452054794,0.885269180959357
576,0.880479452054794,0.885322076247232
577,0.880479452054794,0.88537542155457
578,0.880479452054794,0.885392829507515
579,0.876369863013699,0.885413146086266
580,0.880479452054794,0.885436338289396
581,0.88013698630137,0.885462373115478
582,0.881849315068493,0.885457232093114
583,0.880479452054794,0.885475138367612
584,0.883219178082192,0.885494840219774
585,0.88013698630137,0.885485841630559
586,0.880479452054794,0.885481376537431
587,0.88013698630137,0.885476708935544
588,0.876369863013699,0.885479881572769
589,0.880479452054794,0.885478419009509
590,0.879452054794521,0.885486399054669
591,0.876369863013699,0.88549054193386
592,0.874657534246575,0.885491705684196
593,0.887671232876712,0.885490748342789
594,0.876369863013699,0.885512363077688
595,0.879452054794521,0.885533367286182
596,0.880479452054794,0.885557268419975
597,0.883219178082192,0.885564194819562
598,0.88013698630137,0.885571779747632
599,0.881849315068493,0.885579984202498
600,0.881849315068493,0.885602906993975
601,0.884931506849315,0.885620673462427
602,0.879452054794521,0.885640319512176
603,0.883219178082192,0.88566842802795
604,0.881849315068493,0.885736782084461
605,0.881849315068493,0.885801931402358
606,0.88013698630137,0.885870491867797
607,0.883219178082192,0.885959003196169
608,0.881849315068493,0.886049808123746
609,0.879452054794521,0.886156153423488
610,0.88013698630137,0.886263928285063
611,0.884931506849315,0.886373159709639
612,0.880479452054794,0.886483874698383
613,0.881849315068493,0.886582868480152
614,0.88013698630137,0.886652483791216
615,0.884931506849315,0.886722480118761
616,0.880479452054794,0.886792845462266
617,0.880479452054794,0.886847028105822
618,0.88013698630137,0.886888535501138
619,0.887671232876712,0.886930560418837
620,0.88013698630137,0.886973063857234
621,0.885616438356164,0.887009390928485
622,0.885616438356164,0.887026717877926
623,0.880479452054794,0.887046188420083
624,0.88013698630137,0.887067739552232
625,0.880479452054794,0.887084692385491
626,0.88013698630137,0.887118184634128
627,0.881849315068493,0.887154927523364
628,0.883219178082192,0.887191556107657
629,0.883219178082192,0.887231544837286
630,0.881849315068493,0.887258293994264
631,0.885616438356164,0.887275263028224
632,0.883219178082192,0.887295596707715
633,0.887671232876712,0.887312592142817
634,0.883219178082192,0.887329917292179
635,0.881849315068493,0.887360934433761
636,0.891095890410959,0.887385029375937
637,0.884931506849315,0.887412709473181
638,0.884931506849315,0.887443878721341
639,0.887671232876712,0.887478441116265
640,0.888698630136986,0.8875163006538
641,0.881849315068493,0.887583824874419
642,0.887671232876712,0.887655974095082
643,0.884931506849315,0.887729144859929
644,0.885616438356164,0.887803268165977
645,0.888698630136986,0.887878275010241
646,0.887671232876712,0.887954096389735
647,0.887671232876712,0.888030663301477
648,0.881849315068493,0.888104598799401
649,0.880479452054794,0.888179365333271
650,0.880479452054794,0.88825489089997
651,0.885616438356164,0.888331103496386
652,0.880479452054794,0.888391391404013
653,0.887671232876712,0.888446723997308
654,0.880479452054794,0.888504077178
655,0.885616438356164,0.888563357942065
656,0.887671232876712,0.888621165342403
657,0.887671232876712,0.888680937827736
658,0.885616438356164,0.888742579393912
659,0.881849315068493,0.888792762264467
660,0.887671232876712,0.888845516246229
661,0.887671232876712,0.888913965106841
662,0.881849315068493,0.888983875030648
663,0.885616438356164,0.889051615560623
664,0.887671232876712,0.889123703578638
665,0.881849315068493,0.889203124513824
666,0.880479452054794,0.889295498209254
667,0.881849315068493,0.889386155830459
668,0.880479452054794,0.889475019374065
669,0.883219178082192,0.889562010836699
670,0.883219178082192,0.889647052214985
671,0.884931506849315,0.889737134411301
672,0.884931506849315,0.889829103989252
673,0.887671232876712,0.889933721814276
674,0.880479452054794,0.890020253357017
675,0.887671232876712,0.890119530651048
676,0.885616438356164,0.890201722206071
677,0.885616438356164,0.890277809397062
678,0.881849315068493,0.890354780126269
679,0.884931506849315,0.890432553390188
680,0.888698630136986,0.890507740242238
681,0.884931506849315,0.890583791131659
682,0.881849315068493,0.89066062205482
683,0.881849315068493,0.890738149008085
684,0.883219178082192,0.890816287987823
685,0.887671232876712,0.890894954990399
686,0.88013698630137,0.890959928200678
687,0.881849315068493,0.89102524942601
688,0.880479452054794,0.891077590889931
689,0.884931506849315,0.891143308132392
690,0.884931506849315,0.891194935565428
691,0.88013698630137,0.891246502995869
692,0.884931506849315,0.891311134191356
693,0.883219178082192,0.891374595336234
694,0.887671232876712,0.891436790426352
695,0.881849315068493,0.891500931400635
696,0.885616438356164,0.891563390802186
697,0.881849315068493,0.89162407562698
698,0.888356164383562,0.891682892870997
699,0.888356164383562,0.891739749530212
700,0.887671232876712,0.891794552600604
701,0.891438356164384,0.891861346889651
702,0.887671232876712,0.891926819621537
703,0.888356164383562,0.891987581849679
704,0.891095890410959,0.89204708402332
705,0.892808219178082,0.892122687893407
706,0.89041095890411,0.892197558231766
707,0.888698630136986,0.892268318092335
708,0.888698630136986,0.892338429924875
709,0.896575342465753,0.892407821726272
710,0.89041095890411,0.892480861985475
711,0.892808219178082,0.892555079795611
712,0.892808219178082,0.892630406153695
713,0.891438356164384,0.892706772056741
714,0.888698630136986,0.892784108501766
715,0.891438356164384,0.892862346485786
716,0.891438356164384,0.892948485911566
717,0.888356164383562,0.893035847890225
718,0.888356164383562,0.89314557613629
719,0.887671232876712,0.893257777989345
720,0.887671232876712,0.893372408447445
721,0.888356164383562,0.893438444303687
722,0.888698630136986,0.89350083740237
723,0.888698630136986,0.893563252702012
724,0.891438356164384,0.893629125651209
725,0.891095890410959,0.893698357245676
726,0.888356164383562,0.893731969499503
727,0.891438356164384,0.893769525723919
728,0.887671232876712,0.893807362460467
729,0.888356164383562,0.893884229685198
730,0.89041095890411,0.893963644020098
731,0.896575342465753,0.894045509461015
732,0.892808219178082,0.894152885605345
733,0.891095890410959,0.894282162996967
734,0.895890410958904,0.894392230257696
735,0.892808219178082,0.894486320327365
736,0.891438356164384,0.894603222183709
737,0.891095890410959,0.894701809447894
738,0.892808219178082,0.894801839774495
739,0.885616438356164,0.894864344177992
740,0.89041095890411,0.894925587026923
741,0.891438356164384,0.894985445315968
742,0.887671232876712,0.895043796039805
743,0.888356164383562,0.895114654004618
744,0.887671232876712,0.895184676433291
745,0.888356164383562,0.895253752321024
746,0.888356164383562,0.895295307118389
747,0.884931506849315,0.895337481442551
748,0.891438356164384,0.895387888722812
749,0.888698630136986,0.895440463596827
750,0.891095890410959,0.895471921457471
751,0.892808219178082,0.895506853468382
752,0.887671232876712,0.895548870585744
753,0.89041095890411,0.895594744369918
754,0.885616438356164,0.895637258908795
755,0.891438356164384,0.895682877081914
756,0.891438356164384,0.895731445882655
757,0.891438356164384,0.895782812304402
758,0.887671232876712,0.895819151076159
759,0.892808219178082,0.895856833906051
760,0.891438356164384,0.895881554975309
761,0.896917808219178,0.89590636604846
762,0.894178082191781,0.895931087117718
763,0.891438356164384,0.895955538175297
764,0.894178082191781,0.895993677024913
765,0.891438356164384,0.896032103886986
766,0.896917808219178,0.896070650754249
767,0.891438356164384,0.896095917847124
768,0.891095890410959,0.896139535233703
769,0.892808219178082,0.896128563159129
770,0.892808219178082,0.89612287131294
771,0.891095890410959,0.896122243685793
772,0.891095890410959,0.896133533174096
773,0.891095890410959,0.896171120599861
774,0.89041095890411,0.896214966296315
775,0.892808219178082,0.896264878255152
776,0.891438356164384,0.896327733373818
777,0.888698630136986,0.896423193302737
778,0.89041095890411,0.896522820411898
779,0.887671232876712,0.896659758634873
780,0.891438356164384,0.896811989719309
781,0.891438356164384,0.896969696340578
782,0.894178082191781,0.89713035958973
783,0.891095890410959,0.897307094234016
784,0.89041095890411,0.897492726363143
785,0.892808219178082,0.897670843767238
786,0.892808219178082,0.897854796723737
787,0.89041095890411,0.898050869604458
788,0.892808219178082,0.898249042576013
789,0.895890410958904,0.898449219634251
790,0.892808219178082,0.898651304775019
791,0.891438356164384,0.898855201994166
792,0.892808219178082,0.899032539664534
793,0.892808219178082,0.899206126872685
794,0.892808219178082,0.899382456499452
795,0.896575342465753,0.899557874086772
796,0.891438356164384,0.899732259629452
797,0.896917808219178,0.899905493122303
798,0.896917808219178,0.900077454560134
799,0.896917808219178,0.900251558390629
800,0.895890410958904,0.900424379665651
801,0.896917808219178,0.900595801380136
802,0.896917808219178,0.900765706529027
803,0.896575342465753,0.900951650371637
804,0.896575342465753,0.901144060093916
805,0.892808219178082,0.901336223805553
806,0.896575342465753,0.901528045502398
807,0.891438356164384,0.901706423917782
808,0.891095890410959,0.901885615368332
809,0.896575342465753,0.902065511849376
810,0.892808219178082,0.902273374940058
811,0.894178082191781,0.902468519280617
812,0.895890410958904,0.9026508488669
813,0.896917808219178,0.902833487466549
814,0.895890410958904,0.903016327074892
815,0.896917808219178,0.903208957006696
816,0.895890410958904,0.903393379483503
817,0.899657534246575,0.903554898669676
818,0.891438356164384,0.903713239218364
819,0.892808219178082,0.903855046351934
820,0.894178082191781,0.903994322876048
821,0.898630136986301,0.904130933784865
822,0.899657534246575,0.904264744072548
823,0.895890410958904,0.904395618733257
824,0.902397260273973,0.904523422761152
825,0.899657534246575,0.904615168229409
826,0.902054794520548,0.904706261169443
827,0.902054794520548,0.904794361180024
828,0.902397260273973,0.904891036161497
829,0.902397260273973,0.904989508220699
830,0.902397260273973,0.905089615350623
831,0.902397260273973,0.905194729997136
832,0.902397260273973,0.905301385210283
833,0.899657534246575,0.905409421983187
834,0.903767123287671,0.90551868130897
835,0.902054794520548,0.905629004180754
836,0.902397260273973,0.905740231591662
837,0.899315068493151,0.905852204534817
838,0.90958904109589,0.905978901814841
839,0.901369863013699,0.906106944653066
840,0.902397260273973,0.906222048231629
841,0.903767123287671,0.906351423127469
842,0.902397260273973,0.906481690561913
843,0.91027397260274,0.906598565717102
844,0.90958904109589,0.906715121358471
845,0.902397260273973,0.906831198479144
846,0.912328767123288,0.906943103619365
847,0.91027397260274,0.907053982715208
848,0.90958904109589,0.907163673759664
849,0.91027397260274,0.907272014745726
850,0.90958904109589,0.907378843666387
851,0.902397260273973,0.907483998514639
852,0.903767123287671,0.907587317283475
853,0.90958904109589,0.907688637965888
854,0.902397260273973,0.907791333007746
855,0.902397260273973,0.907891935459094
856,0.906849315068493,0.907986751860179
857,0.90958904109589,0.90807892814707
858,0.902397260273973,0.908171836765637
859,0.902397260273973,0.908262010765924
860,0.91027397260274,0.908349291141054
861,0.903767123287671,0.908447656695649
862,0.896917808219178,0.90854372865104
863,0.902054794520548,0.908637360000867
864,0.906849315068493,0.908728403738773
865,0.902054794520548,0.908816712858399
866,0.907534246575342,0.908902140353386
867,0.902397260273973,0.908984539217376
868,0.901369863013699,0.90906376244401
869,0.902397260273973,0.90913966302693
870,0.906849315068493,0.909212093959778
871,0.899315068493151,0.909270984406961
872,0.902054794520548,0.909358591796234
873,0.902054794520548,0.909452084540067
874,0.901369863013699,0.909548258199856
875,0.899657534246575,0.909620529225788
876,0.902054794520548,0.90969349778189
877,0.902054794520548,0.90979017846361
878,0.899315068493151,0.909882175642754
879,0.90513698630137,0.909972674257081
880,0.903767123287671,0.910061551301271
881,0.899315068493151,0.910151991713082
882,0.903767123287671,0.910246956920602
883,0.902054794520548,0.910314522843024
884,0.901369863013699,0.910377710076055
885,0.903767123287671,0.910436383613856
886,0.906849315068493,0.910508080714963
887,0.903767123287671,0.910576141658796
888,0.902397260273973,0.910640446440165
889,0.902397260273973,0.910700875053878
890,0.903767123287671,0.910757307494744
891,0.906849315068493,0.910809623757574
892,0.899315068493151,0.910851087951021
893,0.899657534246575,0.910885335032307
894,0.902397260273973,0.910915770448727
895,0.902397260273973,0.910942265194701
896,0.903767123287671,0.910941534663104
897,0.903767123287671,0.910963137697498
898,0.903767123287671,0.910984016200554
899,0.90958904109589,0.911014644525317
900,0.90958904109589,0.911031747065052
901,0.907534246575342,0.911087302567988
902,0.902054794520548,0.911143918616797
903,0.90958904109589,0.91120503066007
904,0.90958904109589,0.911267234750577
905,0.903767123287671,0.911330434884166
906,0.90958904109589,0.911394535056685
907,0.906849315068493,0.91145943926398
908,0.90958904109589,0.911525051501899
909,0.90958904109589,0.911591275766291
910,0.910616438356164,0.911658016053002
911,0.90958904109589,0.911711944585567
912,0.902397260273973,0.911767091170817
913,0.91027397260274,0.911793576316376
914,0.90958904109589,0.911823075092284
915,0.903767123287671,0.911855452492701
916,0.907534246575342,0.91188395762563
917,0.90958904109589,0.911915518390725
918,0.90958904109589,0.911964131593387
919,0.903767123287671,0.91202305234188
920,0.90958904109589,0.912138558537858
921,0.90958904109589,0.912261406051369
922,0.90513698630137,0.91239151687904
923,0.90958904109589,0.912565200391356
924,0.90958904109589,0.912743532604741
925,0.90958904109589,0.91292646851725
926,0.91027397260274,0.913113963126935
927,0.90958904109589,0.913305971431852
928,0.90958904109589,0.913474172807049
929,0.90958904109589,0.913644961794168
930,0.902054794520548,0.913786459314346
931,0.90958904109589,0.913914203039632
932,0.910616438356164,0.914042222776857
933,0.90958904109589,0.914171316560538
934,0.910616438356164,0.914264082972954
935,0.91027397260274,0.914355046007369
936,0.90958904109589,0.914461733921931
937,0.910616438356164,0.914556645127116
938,0.907534246575342,0.914652867389007
939,0.90958904109589,0.914753564644456
940,0.90958904109589,0.914855061434486
941,0.907534246575342,0.914980372354547
942,0.90958904109589,0.915117868001633
943,0.910616438356164,0.91525330255957
944,0.906849315068493,0.915386568023687
945,0.906849315068493,0.915514021936439
946,0.90958904109589,0.915638861236101
947,0.913013698630137,0.915760974917872
948,0.913013698630137,0.91588025197695
949,0.913356164383562,0.915966809920832
950,0.910616438356164,0.916045704933271
951,0.910616438356164,0.916123861913787
952,0.91027397260274,0.916201136856152
953,0.913013698630137,0.91627407781106
954,0.91472602739726,0.916346072225027
955,0.90958904109589,0.916416973091695
956,0.910616438356164,0.916486633404706
957,0.90958904109589,0.9165549061577
958,0.90958904109589,0.916639316608697
959,0.913013698630137,0.916726500979674
960,0.90958904109589,0.916809487869097
961,0.906849315068493,0.916877541912632
962,0.90958904109589,0.916957888687864
963,0.91027397260274,0.917040472359847
964,0.912328767123288,0.917118321527049
965,0.90958904109589,0.917194838636636
966,0.90958904109589,0.917255753871396
967,0.910616438356164,0.917314154997414
968,0.90958904109589,0.917369898008461
969,0.90958904109589,0.917426146841387
970,0.910616438356164,0.917499979734873
971,0.91472602739726,0.917570973005538
972,0.913013698630137,0.917639003648061
973,0.913356164383562,0.917733720144824
974,0.917808219178082,0.917793444928094
975,0.91472602739726,0.917849865068429
976,0.913356164383562,0.917941736542136
977,0.913356164383562,0.918032581971465
978,0.916095890410959,0.918136902183616
979,0.91472602739726,0.918238532479421
980,0.913356164383562,0.918340926308252
981,0.912328767123288,0.918444002666603
982,0.912328767123288,0.918534448778659
983,0.913013698630137,0.918596537964196
984,0.913356164383562,0.918655344407745
985,0.913356164383562,0.918717811009607
986,0.91472602739726,0.918783811764332
987,0.917808219178082,0.918853220666468
988,0.923287671232877,0.918925911710566
989,0.918493150684932,0.919001758891177
990,0.91472602739726,0.919087252089005
991,0.918835616438356,0.919204973880815
992,0.917808219178082,0.919323021186702
993,0.918493150684932,0.919441301002648
994,0.91472602739726,0.91957295209694
995,0.918493150684932,0.919703755654573
996,0.918493150684932,0.919833630672044
997,0.91472602739726,0.919962496145849
998,0.913013698630137,0.920090271072485
999,0.918835616438356,0.920216874448449
1000,0.918835616438356,0.920342225270235
1001,0.91472602739726,0.920466242534341
1002,0.91472602739726,0.920588845237264
1003,0.91472602739726,0.920696720603186
1004,0.91472602739726,0.920803913439587
1005,0.916095890410959,0.920910330742444
1006,0.91472602739726,0.921015879507734
1007,0.916095890410959,0.921090695243732
1008,0.913356164383562,0.921166468021124
1009,0.920205479452055,0.921243077834721
1010,0.918835616438356,0.921313788793175
1011,0.918493150684932,0.921385543796786
1012,0.920205479452055,0.921458216840106
1013,0.918835616438356,0.921531681917685
1014,0.918835616438356,0.92160581302407
1015,0.916095890410959,0.921687100039969
1016,0.918493150684932,0.921761738168284
1017,0.91472602739726,0.921836670309317
1018,0.913356164383562,0.921911770457616
1019,0.913356164383562,0.921986912607732
1020,0.91472602739726,0.922061970754215
1021,0.913356164383562,0.922136818891614
1022,0.913356164383562,0.922221934373105
1023,0.91472602739726,0.922307276364394
1024,0.918835616438356,0.922392727860419
1025,0.917808219178082,0.92247817185612
1026,0.918493150684932,0.922588232516562
1027,0.918835616438356,0.922699658236047
1028,0.918835616438356,0.922787611840296
1029,0.918835616438356,0.922875131925793
1030,0.91472602739726,0.922962101487479
1031,0.918493150684932,0.923031863804902
1032,0.918835616438356,0.923098424683853
1033,0.923972602739726,0.92315788815582
1034,0.91472602739726,0.923186957613158
1035,0.918493150684932,0.923217275124479
1036,0.918835616438356,0.923248672682514
1037,0.918835616438356,0.923274366393842
1038,0.917808219178082,0.923301251156686
1039,0.920205479452055,0.92332915296352
1040,0.918835616438356,0.923364513692974
1041,0.917808219178082,0.923393480545874
1042,0.917808219178082,0.923429564306602
1043,0.918835616438356,0.923472596967889
1044,0.91472602739726,0.923512719203292
1045,0.923287671232877,0.923553526968346
1046,0.920205479452055,0.923594855255914
1047,0.918493150684932,0.923661280228987
1048,0.91472602739726,0.923733036732664
1049,0.917808219178082,0.923806675817768
1050,0.91472602739726,0.923882056478201
1051,0.913356164383562,0.923973175519363
1052,0.91472602739726,0.924032686693394
1053,0.918835616438356,0.924114717141449
1054,0.918493150684932,0.924197919140176
1055,0.920205479452055,0.924282151683478
1056,0.918835616438356,0.924367273765255
1057,0.923287671232877,0.924453144379408
1058,0.918835616438356,0.924539622519838
1059,0.923972602739726,0.924626567180447
1060,0.923972602739726,0.924713837355135
1061,0.923972602739726,0.924801292037804
1062,0.924315068493151,0.924902928033855
1063,0.924315068493151,0.925005384565397
1064,0.920205479452055,0.925140342702728
1065,0.923287671232877,0.925277928953733
1066,0.920205479452055,0.925418041313999
1067,0.923972602739726,0.925567646684865
1068,0.920205479452055,0.925700185517554
1069,0.918835616438356,0.925836750524386
1070,0.918835616438356,0.925970158794681
1071,0.918493150684932,0.926107359228997
1072,0.91472602739726,0.926245376898662
1073,0.916095890410959,0.926387623251229
1074,0.928767123287671,0.92649509629975
1075,0.920205479452055,0.926607335354415
1076,0.918835616438356,0.92672065295573
1077,0.918835616438356,0.926831588153999
1078,0.918835616438356,0.926926979679959
1079,0.918835616438356,0.92702432879059
1080,0.920205479452055,0.927123464478496
1081,0.924315068493151,0.92722421573628
1082,0.924315068493151,0.927326411556546
1083,0.920205479452055,0.927444018743398
1084,0.924315068493151,0.927563646517646
1085,0.924315068493151,0.92770987704254
1086,0.923287671232877,0.927889414708065
1087,0.920205479452055,0.928070564943338
1088,0.920205479452055,0.928253216743558
1089,0.923972602739726,0.928437259103924
1090,0.924315068493151,0.928619046566759
1091,0.924315068493151,0.92880177307021
1092,0.923972602739726,0.928950659609984
1093,0.920205479452055,0.929085183328526
1094,0.918835616438356,0.929201880276007
1095,0.923972602739726,0.929318251709409
1096,0.920205479452055,0.929434126621335
1097,0.923972602739726,0.929565873719778
1098,0.925684931506849,0.929695664733616
1099,0.923972602739726,0.9298233436561
1100,0.924315068493151,0.929983872499438
1101,0.923287671232877,0.930150888223352
1102,0.923972602739726,0.930317654936496
1103,0.923972602739726,0.930484052633679
1104,0.920205479452055,0.930653495762586
1105,0.925684931506849,0.930819251431999
1106,0.923287671232877,0.930984734089604
1107,0.928767123287671,0.93114982373021
1108,0.928767123287671,0.931297860633235
1109,0.925684931506849,0.931439766171061
1110,0.929452054794521,0.931578933790465
1111,0.923972602739726,0.931722061881169
1112,0.931506849315068,0.931865701493999
1113,0.929452054794521,0.932009711622855
1114,0.928767123287671,0.932150416808762
1115,0.931506849315068,0.932291207498368
1116,0.929452054794521,0.93243216619524
1117,0.925684931506849,0.932573148893151
1118,0.924315068493151,0.932714011585871
1119,0.925684931506849,0.932854610267172
1120,0.931506849315068,0.93299126647795
1121,0.925684931506849,0.933120072249173
1122,0.929452054794521,0.93324749046038
1123,0.931506849315068,0.93336013633264
1124,0.932191780821918,0.933440172594441
1125,0.931506849315068,0.933562220573369
1126,0.924315068493151,0.933685525906683
1127,0.927054794520548,0.933806404135017
1128,0.924315068493151,0.933921397308806
1129,0.929452054794521,0.934044263723134
1130,0.931506849315068,0.93416493554254
1131,0.932534246575342,0.934283495270592
1132,0.929452054794521,0.934399798901062
1133,0.924315068493151,0.934527840239221
1134,0.931506849315068,0.934686065582926
1135,0.931506849315068,0.934851667345682
1136,0.929452054794521,0.935017930637052
1137,0.925684931506849,0.935184756452752
1138,0.927054794520548,0.935352045788501
1139,0.925684931506849,0.935519699640016
1140,0.929452054794521,0.935687619003015
1141,0.931506849315068,0.935848635967466
1142,0.929452054794521,0.935964219566791
1143,0.932534246575342,0.936094674809359
1144,0.931506849315068,0.936222200425212
1145,0.934246575342466,0.936329221654191
1146,0.929452054794521,0.936432360715254
1147,0.932191780821918,0.936531473602174
1148,0.925684931506849,0.936626416308722
1149,0.932534246575342,0.936717044828668
1150,0.934246575342466,0.936803215155785
1151,0.934246575342466,0.936884783283843
1152,0.934246575342466,0.936961605206613
1153,0.932191780821918,0.937033536917869
1154,0.932191780821918,0.937101340450568
1155,0.932191780821918,0.937165777837672
1156,0.936643835616438,0.937213473300638
1157,0.934931506849315,0.937271640416535
1158,0.93527397260274,0.937357807443509
1159,0.93527397260274,0.937442085888796
1160,0.931506849315068,0.937524358747335
1161,0.934246575342466,0.937611577919818
1162,0.931506849315068,0.937697016515285
1163,0.931506849315068,0.937780563528935
1164,0.931506849315068,0.937862107955969
1165,0.931506849315068,0.937941538791583
1166,0.932534246575342,0.938011676125226
1167,0.934931506849315,0.938086087743744
1168,0.93527397260274,0.93815804675618
1169,0.925684931506849,0.938227442157732
1170,0.93527397260274,0.9382941629436
1171,0.932534246575342,0.938344866336669
1172,0.934931506849315,0.938393567143119
1173,0.934246575342466,0.938453374129946
1174,0.932534246575342,0.938510038480843
1175,0.931506849315068,0.938550217418699
1176,0.931506849315068,0.938571386034302
1177,0.929452054794521,0.938591078586062
1178,0.931506849315068,0.9386256967834
1179,0.932191780821918,0.938640905641227
1180,0.934246575342466,0.938654239417951
1181,0.934931506849315,0.938658944221448
1182,0.932534246575342,0.938679617215615
1183,0.93527397260274,0.938699589679482
1184,0.93527397260274,0.938718732607469
1185,0.928767123287671,0.938768727069874
1186,0.932191780821918,0.938816391631505
1187,0.934931506849315,0.938848616025304
1188,0.934931506849315,0.938890021416207
1189,0.93527397260274,0.938933877913127
1190,0.93527397260274,0.938980071511135
1191,0.934931506849315,0.939021419299546
1192,0.936643835616438,0.939071486065079
1193,0.93527397260274,0.939116473010895
1194,0.93527397260274,0.93916287601796
1195,0.93972602739726,0.939217643986833
1196,0.936643835616438,0.939274047026428
1197,0.932534246575342,0.939351818790282
1198,0.932534246575342,0.939429656556992
1199,0.93972602739726,0.939507464322403
1200,0.934931506849315,0.939565298423896
1201,0.938013698630137,0.939644099232259
1202,0.936643835616438,0.939719256083011
1203,0.932191780821918,0.939798871426605
1204,0.93527397260274,0.939859467147546
1205,0.932191780821918,0.939914161013214
1206,0.934931506849315,0.939966593981092
1207,0.93527397260274,0.940020177498735
1208,0.932534246575342,0.940074788560822
1209,0.93527397260274,0.940133612105111
1210,0.93527397260274,0.940189685730457
1211,0.93527397260274,0.940246420884417
1212,0.93527397260274,0.94030369456167
1213,0.936643835616438,0.940361383756895
1214,0.932534246575342,0.940419365464772
1215,0.932191780821918,0.94047751667998
1216,0.932534246575342,0.940535714397201
1217,0.936643835616438,0.940593835611112
1218,0.936643835616438,0.940651757316393
1219,0.934931506849315,0.940730563224977
1220,0.936643835616438,0.940810300673854
1221,0.93972602739726,0.940890864658479
1222,0.934931506849315,0.940979219080064
1223,0.934246575342466,0.941072183501045
1224,0.93527397260274,0.941166353974191
1225,0.93527397260274,0.94126163449535
1226,0.934931506849315,0.941357702550572
1227,0.942465753424658,0.941450927682829
1228,0.94041095890411,0.941551587736668
1229,0.938013698630137,0.94167041957649
1230,0.934931506849315,0.94179080548353
1231,0.934931506849315,0.941912667454413
1232,0.936643835616438,0.942032619542688
1233,0.936643835616438,0.942154115197728
1234,0.938013698630137,0.942260533700637
1235,0.943150684931507,0.942362835425483
1236,0.934931506849315,0.942467987273606
1237,0.936643835616438,0.942544303674512
1238,0.93972602739726,0.942621653620121
1239,0.936643835616438,0.942699908104854
1240,0.93527397260274,0.942782246066211
1241,0.93527397260274,0.942865007045864
1242,0.93527397260274,0.942948065038362
1243,0.94041095890411,0.943041897396884
1244,0.938013698630137,0.943136463287133
1245,0.93527397260274,0.943249317968425
1246,0.936643835616438,0.943363819720958
1247,0.943493150684932,0.943476558597241
1248,0.93972602739726,0.94357659972431
1249,0.93527397260274,0.943676831359619
1250,0.942465753424658,0.943777136498107
1251,0.936643835616438,0.943873863681839
1252,0.936643835616438,0.9439702008487
1253,0.938013698630137,0.944066027993502
1254,0.942465753424658,0.944157917167974
1255,0.94041095890411,0.944249279819674
1256,0.93972602739726,0.944346835339234
1257,0.936643835616438,0.944443624325639
1258,0.940753424657534,0.944539529773828
1259,0.945890410958904,0.944652106943116
1260,0.94041095890411,0.944771783019454
1261,0.94041095890411,0.944888538169452
1262,0.93972602739726,0.945005807841705
1263,0.942465753424658,0.945123493031931
1264,0.942465753424658,0.945241494735847
1265,0.945205479452055,0.945359713949171
1266,0.946232876712329,0.945481586120496
1267,0.943493150684932,0.945603707302592
1268,0.942465753424658,0.945712749718992
1269,0.943150684931507,0.945822743176528
1270,0.94041095890411,0.945933579670528
1271,0.942465753424658,0.946045151196319
1272,0.93972602739726,0.946170581521545
1273,0.938013698630137,0.94629563683055
1274,0.936643835616438,0.946434358930684
1275,0.942465753424658,0.946560200273687
1276,0.94041095890411,0.946673064855407
1277,0.943150684931507,0.946795773762923
1278,0.945890410958904,0.946917398123529
1279,0.945890410958904,0.947041373385818
1280,0.93527397260274,0.947160761149686
1281,0.940753424657534,0.947282304806801
1282,0.943493150684932,0.947402600409935
1283,0.940753424657534,0.947521551954934
1284,0.943493150684932,0.947642371380725
1285,0.943493150684932,0.947761431230409
1286,0.943150684931507,0.947875330556885
1287,0.945205479452055,0.947990815751954
1288,0.942465753424658,0.948100951415641
1289,0.943493150684932,0.948209175996668
1290,0.943493150684932,0.948315393490883
1291,0.942465753424658,0.948419507894133
1292,0.943493150684932,0.948521423202265
1293,0.940753424657534,0.948635181222629
1294,0.943493150684932,0.948729793914903
1295,0.943493150684932,0.948821701990194
1296,0.946232876712329,0.948914340897095
1297,0.940753424657534,0.949004306688376
1298,0.945890410958904,0.949091503359885
1299,0.943493150684932,0.949175834907469
1300,0.943493150684932,0.949257205326976
1301,0.945890410958904,0.949338826557331
1302,0.943150684931507,0.949417071141636
1303,0.943150684931507,0.949491846075869
1304,0.942465753424658,0.949563058356007
1305,0.94041095890411,0.949644752789528
1306,0.943493150684932,0.949720308657538
1307,0.943150684931507,0.949807314220781
1308,0.943493150684932,0.949878327892328
1309,0.947602739726027,0.949946497440859
1310,0.946232876712329,0.950011738862739
1311,0.945205479452055,0.950073968154337
1312,0.947602739726027,0.950133101312017
1313,0.945890410958904,0.950175822559835
1314,0.946232876712329,0.950216173705139
1315,0.945890410958904,0.950254058743776
1316,0.946232876712329,0.950289381671595
1317,0.942465753424658,0.950322046484444
1318,0.950684931506849,0.950351957178168
1319,0.945890410958904,0.950379017748617
1320,0.942465753424658,0.950403132191636
1321,0.946232876712329,0.950437436275387
1322,0.945890410958904,0.950481845996236
1323,0.946232876712329,0.950523057578757
1324,0.945890410958904,0.950546861208333
1325,0.946232876712329,0.950566404653644
1326,0.946232876712329,0.950595741722557
1327,0.943493150684932,0.950639240904023
1328,0.945890410958904,0.950683613423263
1329,0.945890410958904,0.950707598560689
1330,0.946232876712329,0.950745339293085
1331,0.945890410958904,0.950780241902725
1332,0.946232876712329,0.950819321293022
1333,0.946232876712329,0.950852605632666
1334,0.946232876712329,0.950886886315405
1335,0.945890410958904,0.950918580886287
1336,0.94041095890411,0.950947641343236
1337,0.943493150684932,0.950974246193973
1338,0.942465753424658,0.951016246210595
1339,0.946232876712329,0.951057068676285
1340,0.947602739726027,0.951096680589615
1341,0.947602739726027,0.951135048949158
1342,0.947602739726027,0.951172140753486
1343,0.946232876712329,0.951207923001172
1344,0.945890410958904,0.951242362690788
1345,0.946232876712329,0.951275426820908
1346,0.950684931506849,0.951307082390103
1347,0.951369863013699,0.951337296396946
1348,0.947602739726027,0.951344829122759
1349,0.946232876712329,0.951349477223803
1350,0.950684931506849,0.951351189697872
1351,0.946232876712329,0.951371122260014
1352,0.945890410958904,0.951368187533078
1353,0.946232876712329,0.951365716626204
1354,0.947602739726027,0.951378025858614
1355,0.947602739726027,0.95138854251349
1356,0.945890410958904,0.951404302495155
1357,0.953424657534247,0.95142219736916
1358,0.943493150684932,0.951438895191389
1359,0.943493150684932,0.951454371960805
1360,0.951369863013699,0.951465069223492
1361,0.946232876712329,0.951477802374238
1362,0.945205479452055,0.951489239468925
1363,0.945890410958904,0.951486124734204
1364,0.946232876712329,0.951482559980018
1365,0.950684931506849,0.95147850920481
1366,0.945205479452055,0.951473936407023
1367,0.946232876712329,0.951468805585101
1368,0.945890410958904,0.951463080737484
1369,0.946232876712329,0.951456725862617
1370,0.946232876712329,0.951462936731256
1371,0.946232876712329,0.951467551530859
1372,0.946232876712329,0.95147054626039
1373,0.946232876712329,0.95147189691881
1374,0.945890410958904,0.951471579505081
1375,0.946232876712329,0.951469570018165
1376,0.945205479452055,0.951469152400101
1377,0.945890410958904,0.951463236744232
1378,0.945205479452055,0.951465257331628
1379,0.947602739726027,0.951454671973781
1380,0.945890410958904,0.951448449404637
1381,0.947602739726027,0.951439502717667
1382,0.946232876712329,0.951427813912092
1383,0.945205479452055,0.95141689944001
1384,0.946232876712329,0.951403436357693
1385,0.946232876712329,0.951421621644259
1386,0.950684931506849,0.95142778751095
1387,0.945890410958904,0.951432996336247
1388,0.946232876712329,0.951440788573284
1389,0.953424657534247,0.951447865279371
1390,0.947602739726027,0.951470775170291
1391,0.947602739726027,0.951488335529827
1392,0.948972602739726,0.951503875301968
1393,0.947602739726027,0.95151741548762
1394,0.951369863013699,0.951528977087692
1395,0.946232876712329,0.951538581103094
1396,0.945890410958904,0.951549556477811
1397,0.946232876712329,0.951558392760005
1398,0.947602739726027,0.951565340460514
1399,0.946232876712329,0.951567115637295
1400,0.946232876712329,0.951570355177415
1401,0.950684931506849,0.951571548629035
1402,0.945890410958904,0.95157733587935
1403,0.945890410958904,0.951574062137751
1404,0.947602739726027,0.951568820311027
1405,0.945205479452055,0.951571784739247
1406,0.943493150684932,0.95157261157501
1407,0.945890410958904,0.951567799366868
1408,0.945890410958904,0.951560686059197
1409,0.946232876712329,0.951551301653294
1410,0.947602739726027,0.951539676150458
1411,0.946232876712329,0.951525839551985
1412,0.950684931506849,0.951529896027439
1413,0.945890410958904,0.951530913371442
1414,0.945890410958904,0.951528939586071
1415,0.945205479452055,0.9515240226734
1416,0.946232876712329,0.951516210635506
1417,0.947602739726027,0.951505551474467
1418,0.950684931506849,0.951492093192358
1419,0.946232876712329,0.951490021602755
1420,0.946232876712329,0.951486164935942
1421,0.946232876712329,0.951480583194516
1422,0.945890410958904,0.95145679666568
1423,0.953424657534247,0.951434924519646
1424,0.946232876712329,0.951410574266427
1425,0.950684931506849,0.951383793908099
1426,0.946232876712329,0.951368769258239
1427,0.950684931506849,0.951352328547131
1428,0.946232876712329,0.951320393965868
1429,0.946232876712329,0.951286245288839
1430,0.950684931506849,0.95124993051812
1431,0.946232876712329,0.951211497655787
1432,0.946232876712329,0.951170994703917
1433,0.946232876712329,0.951128469664586
1434,0.946232876712329,0.951083970539869
1435,0.945890410958904,0.951037318822047
1436,0.947602739726027,0.950994951889555
1437,0.947602739726027,0.950953389291851
1438,0.945890410958904,0.950922385350841
1439,0.946232876712329,0.950891179201084
1440,0.947602739726027,0.950856534902618
1441,0.947602739726027,0.950818524458556
1442,0.947602739726027,0.950790451644326
1443,0.947602739726027,0.950758262652058
1444,0.947602739726027,0.950722041485388
1445,0.946232876712329,0.950668640375635
1446,0.946232876712329,0.950625500909728
1447,0.946232876712329,0.950565337507487
1448,0.946232876712329,0.950502359983526
1449,0.943493150684932,0.950436640340961
1450,0.946232876712329,0.950368250582905
1451,0.945890410958904,0.950297262712474
1452,0.946232876712329,0.950220214279906
1453,0.943493150684932,0.950140482231263
1454,0.945890410958904,0.950071367341845
1455,0.945205479452055,0.949998812803651
1456,0.942465753424658,0.949922899620185
1457,0.943493150684932,0.949847243247828
1458,0.945890410958904,0.949768619747133
1459,0.943150684931507,0.949687113121735
1460,0.945205479452055,0.949602807375267
1461,0.946232876712329,0.949515786511362
1462,0.945890410958904,0.949426134533654
1463,0.943150684931507,0.949347167218088
1464,0.943150684931507,0.949278980568818
1465,0.945890410958904,0.949208450818202
1466,0.945205479452055,0.949135685970911
1467,0.943493150684932,0.949064101974696
1468,0.943150684931507,0.948990275381482
1469,0.942465753424658,0.94891431719607
1470,0.946232876712329,0.948836338423262
1471,0.943493150684932,0.948756450067859
1472,0.945205479452055,0.948660625323161
1473,0.94041095890411,0.948562194965762
1474,0.942465753424658,0.948461257999945
1475,0.943150684931507,0.94838106903154
1476,0.943493150684932,0.948273851294062
1477,0.945205479452055,0.948187600563468
1478,0.943150684931507,0.94809769567482
1479,0.93972602739726,0.948000722180436
1480,0.942465753424658,0.947900105028452
1481,0.94041095890411,0.94779596122393
1482,0.943493150684932,0.947688407771932
1483,0.94041095890411,0.947577561677517
1484,0.942465753424658,0.947450534683231
1485,0.943150684931507,0.947318261662039
1486,0.942465753424658,0.947184152561432
1487,0.942465753424658,0.94704830938582
1488,0.940753424657534,0.946914368592493
1489,0.94041095890411,0.946772511356756
1490,0.936643835616438,0.946629905588643
1491,0.94041095890411,0.946493266178592
1492,0.94041095890411,0.946355629225395
1493,0.942465753424658,0.946217099733592
1494,0.940753424657534,0.946077782707727
1495,0.942465753424658,0.94593778315234
1496,0.942465753424658,0.945797206071974
1497,0.940753424657534,0.945649540585013
1498,0.94041095890411,0.945508570487648
1499,0.942465753424658,0.945367331878668
1500,0.936643835616438,0.945242469478007
1501,0.942465753424658,0.945116431026479
1502,0.93972602739726,0.944989336529273
1503,0.940753424657534,0.944861305991581
1504,0.936643835616438,0.944732459418593
1505,0.940753424657534,0.9446029168155
1506,0.942465753424658,0.944472798187492
1507,0.942465753424658,0.94434222353976
1508,0.943150684931507,0.944221236706729
1509,0.94041095890411,0.944099363335352
1510,0.940753424657534,0.943976732431209
1511,0.938013698630137,0.943853472999882
1512,0.93972602739726,0.943729714046948
1513,0.938013698630137,0.943605584577988
1514,0.938013698630137,0.943495351410084
1515,0.93527397260274,0.943385923777022
1516,0.94041095890411,0.9432774426849
1517,0.93527397260274,0.943170049139817
1518,0.93527397260274,0.943083731806343
1519,0.94041095890411,0.942997442974101
1520,0.936643835616438,0.942911341649968
1521,0.93527397260274,0.94283460463087
1522,0.93972602739726,0.942755890526257
1523,0.938013698630137,0.942688599115708
1524,0.94041095890411,0.942618772595509
1525,0.936643835616438,0.942533359201131
1526,0.938013698630137,0.942446664751345
1527,0.94041095890411,0.942368554572853
1528,0.936643835616438,0.942258604317185
1529,0.936643835616438,0.942141705160958
1530,0.93527397260274,0.942005222357681
1531,0.94041095890411,0.941863872743901
1532,0.942465753424658,0.941724392210963
1533,0.936643835616438,0.941586900764059
1534,0.936643835616438,0.94145151840838
1535,0.934246575342466,0.941344828693741
1536,0.93527397260274,0.94122102773899
1537,0.938013698630137,0.941114456529477
1538,0.934931506849315,0.941008719356037
1539,0.936643835616438,0.940903960224901
1540,0.936643835616438,0.940800323142296
1541,0.934931506849315,0.940680279850076
1542,0.93527397260274,0.9405770387846
1543,0.93527397260274,0.940486303460034
1544,0.934246575342466,0.940394092071624
1545,0.934931506849315,0.940300560626118
1546,0.932534246575342,0.940205865130263
1547,0.934931506849315,0.940106627137933
1548,0.93527397260274,0.940006307598822
1549,0.934931506849315,0.939908593972424
1550,0.93527397260274,0.939810334322409
1551,0.932534246575342,0.93970815020265
1552,0.932534246575342,0.939605502562842
1553,0.932191780821918,0.939495475503852
1554,0.932534246575342,0.939391900823948
1555,0.93972602739726,0.939288315643588
1556,0.932534246575342,0.939164572291329
1557,0.932191780821918,0.939025019755277
1558,0.932534246575342,0.938887450304999
1559,0.931506849315068,0.938768523661077
1560,0.934246575342466,0.938650702564973
1561,0.93527397260274,0.938517582307136
1562,0.934931506849315,0.938386955157132
1563,0.93527397260274,0.938241268855777
1564,0.934246575342466,0.938097168123002
1565,0.93527397260274,0.93795475796335
1566,0.932191780821918,0.937814143381361
1567,0.931506849315068,0.937675429381579
1568,0.93972602739726,0.937512257423919
1569,0.934246575342466,0.937379447679512
1570,0.934246575342466,0.937222365985273
1571,0.932534246575342,0.937069368967709
1572,0.93527397260274,0.936920537630322
1573,0.93527397260274,0.936793625240993
1574,0.934931506849315,0.936654515824107
1575,0.932534246575342,0.936519830098559
1576,0.93527397260274,0.936389649067852
1577,0.932534246575342,0.936257437849334
1578,0.932534246575342,0.936130340351998
1579,0.931506849315068,0.93600843157909
1580,0.932534246575342,0.935891786533854
1581,0.928767123287671,0.935777172276455
1582,0.931506849315068,0.935668195262883
1583,0.934931506849315,0.935548387780862
1584,0.934246575342466,0.935435479097234
1585,0.932534246575342,0.935322910328308
1586,0.931506849315068,0.935210958986088
1587,0.931506849315068,0.935099443562722
1588,0.931506849315068,0.934995018946055
1589,0.925684931506849,0.934880051873395
1590,0.929452054794521,0.934771106061173
1591,0.931506849315068,0.934668205510426
1592,0.929452054794521,0.934571374222191
1593,0.932191780821918,0.934466498386007
1594,0.931506849315068,0.934366821774705
1595,0.924315068493151,0.934222737242631
1596,0.931506849315068,0.93410136639299
1597,0.927054794520548,0.933975318641059
1598,0.925684931506849,0.933871930569225
1599,0.924315068493151,0.933774641461189
1600,0.925684931506849,0.933670422053397
1601,0.928767123287671,0.93357690560854
1602,0.924315068493151,0.93351059284032
1603,0.928767123287671,0.933437247767934
1604,0.931506849315068,0.933374503654069
1605,0.931506849315068,0.933308183685538
1606,0.924315068493151,0.933251468632447
1607,0.932191780821918,0.933197691606435
1608,0.932534246575342,0.933153864510786
1609,0.931506849315068,0.933116622399957
1610,0.931506849315068,0.933089439724227
1611,0.928767123287671,0.933055716765612
1612,0.928767123287671,0.933026434899086
1613,0.928767123287671,0.933008582026898
1614,0.925684931506849,0.932984631390964
1615,0.923972602739726,0.932971253212318
1616,0.929452054794521,0.93296835148681
1617,0.929452054794521,0.932962598437974
1618,0.924315068493151,0.932977721192077
1619,0.928767123287671,0.932989559104101
1620,0.927054794520548,0.932998907208434
1621,0.925684931506849,0.933003240595865
1622,0.925684931506849,0.933020093524803
1623,0.925684931506849,0.933049327989278
1624,0.925684931506849,0.933090805983322
1625,0.924315068493151,0.933137773614808
1626,0.924315068493151,0.933152566954663
1627,0.925684931506849,0.933204106483897
1628,0.923972602739726,0.933244333423829
1629,0.931506849315068,0.933289604481934
1630,0.931506849315068,0.933346799555786
1631,0.924315068493151,0.933415729637212
1632,0.931506849315068,0.933496205718036
1633,0.925684931506849,0.933584730847004
1634,0.927054794520548,0.933684647468688
1635,0.928767123287671,0.933796896123768
1636,0.928767123287671,0.933922417352925
1637,0.924315068493151,0.934061019147854
1638,0.925684931506849,0.934202585671017
1639,0.931506849315068,0.934357519272345
1640,0.928767123287671,0.934532687848894
1641,0.931506849315068,0.934721280506073
1642,0.928767123287671,0.934916033329698
1643,0.931506849315068,0.935123361197229
1644,0.931506849315068,0.935343063099974
1645,0.925684931506849,0.935561706256924
1646,0.925684931506849,0.935806447242682
1647,0.931506849315068,0.936049715464738
1648,0.928767123287671,0.936299272858819
1649,0.931506849315068,0.9365321978335
1650,0.931506849315068,0.936779601434422
1651,0.925684931506849,0.937023565386571
1652,0.932191780821918,0.937286984280202
1653,0.932191780821918,0.937555918312379
1654,0.932191780821918,0.937837175377562
1655,0.934246575342466,0.938110646805995
1656,0.932534246575342,0.938417107961329
1657,0.934931506849315,0.938735091115022
1658,0.932534246575342,0.939064335255786
1659,0.931506849315068,0.939374128355236
1660,0.93527397260274,0.939695312947401
1661,0.93527397260274,0.940027601019823
1662,0.93527397260274,0.940370704560047
1663,0.932534246575342,0.940724335555612
1664,0.93527397260274,0.941088205994064
1665,0.93527397260274,0.941462027862944
1666,0.932191780821918,0.941845513149795
1667,0.94041095890411,0.942238373842159
1668,0.934246575342466,0.94264032192758
1669,0.93527397260274,0.94302324679019
1670,0.94041095890411,0.943413752980715
1671,0.942465753424658,0.943811528485659
1672,0.942465753424658,0.9441915201214
1673,0.93527397260274,0.944576550475079
1674,0.940753424657534,0.944932301062324
1675,0.938013698630137,0.945312695015465
1676,0.942465753424658,0.945690470755362
1677,0.93527397260274,0.94607325221177
1678,0.945890410958904,0.946463090273396
1679,0.942465753424658,0.946887006509003
1680,0.942465753424658,0.947314908417001
1681,0.94041095890411,0.94777475060651
1682,0.942465753424658,0.948223232804665
1683,0.945205479452055,0.94867771526235
1684,0.945890410958904,0.949137885966067
1685,0.943493150684932,0.949603432902322
1686,0.943150684931507,0.95003915254846
1687,0.943493150684932,0.950478235340065
1688,0.950684931506849,0.950920339262341
1689,0.946232876712329,0.951365122300498
1690,0.946232876712329,0.95181224243974
1691,0.946232876712329,0.952261357665276
1692,0.945205479452055,0.952712125962312
1693,0.950684931506849,0.953146533051679
1694,0.950684931506849,0.953566623821823
1695,0.947602739726027,0.953981953086019
1696,0.948972602739726,0.95439568328105
1697,0.946232876712329,0.954807442390825
1698,0.951369863013699,0.955216858399255
1699,0.950684931506849,0.955626867233326
1700,0.950684931506849,0.956030257481124
1701,0.954452054794521,0.956430191579433
1702,0.954452054794521,0.956826297512164
1703,0.953424657534247,0.957218203263224
1704,0.953424657534247,0.957605536816523
1705,0.954452054794521,0.957987926155971
1706,0.954109589041096,0.958364999265477
1707,0.953424657534247,0.95875052194045
1708,0.956164383561644,0.959135342885072
1709,0.953424657534247,0.95951670318001
1710,0.956164383561644,0.959876573545447
1711,0.954452054794521,0.960231121680683
1712,0.958561643835616,0.960597647834002
1713,0.957191780821918,0.960959255274572
1714,0.957191780821918,0.961315586986952
1715,0.956164383561644,0.961666285955699
1716,0.958561643835616,0.962024226937685
1717,0.957191780821918,0.962374927106484
1718,0.957191780821918,0.962718041447175
1719,0.959931506849315,0.963081500567835
1720,0.957191780821918,0.963410244286955
1721,0.957191780821918,0.963758666757237
1722,0.962328767123288,0.964099983420173
1723,0.958561643835616,0.964433873261876
1724,0.964383561643836,0.964760015268464
1725,0.956164383561644,0.96507808842605
1726,0.967123287671233,0.965387771720751
1727,0.964383561643836,0.965688744138682
1728,0.964383561643836,0.965987753571706
1729,0.959931506849315,0.966277869120045
1730,0.959931506849315,0.966558775770072
1731,0.961643835616438,0.966816926735851
1732,0.962328767123288,0.967069667267611
1733,0.965068493150685,0.967313365408263
1734,0.96541095890411,0.967578601180479
1735,0.958561643835616,0.967834400044521
1736,0.965068493150685,0.968087533893294
1737,0.964383561643836,0.968334630280929
1738,0.964383561643836,0.968558861479579
1739,0.962328767123288,0.968774065287767
1740,0.964383561643836,0.968950170204817
1741,0.964383561643836,0.969148430780161
1742,0.967808219178082,0.969306965437245
1743,0.964383561643836,0.969457257237801
1744,0.965068493150685,0.969628750655389
1745,0.967123287671233,0.969789335601153
1746,0.958561643835616,0.969991728855249
1747,0.967123287671233,0.970186056260472
1748,0.967808219178082,0.970385294578107
1749,0.964383561643836,0.970575062986141
1750,0.964383561643836,0.970758652926939
1751,0.967123287671233,0.970950188711417
1752,0.965068493150685,0.971132905614453
1753,0.967808219178082,0.971288906361938
1754,0.965068493150685,0.971452162923257
1755,0.967808219178082,0.971605910573289
1756,0.967123287671233,0.971749924302301
1757,0.96541095890411,0.971887287043638
1758,0.964383561643836,0.972018003297494
1759,0.96541095890411,0.972125540848806
1760,0.969520547945205,0.972243880667347
1761,0.968150684931507,0.972351829536448
1762,0.967808219178082,0.972466846711275
1763,0.967123287671233,0.972575955430543
1764,0.968150684931507,0.972675879252538
1765,0.967808219178082,0.9727699576217
1766,0.96541095890411,0.972854690586647
1767,0.967808219178082,0.972929886139072
1768,0.968150684931507,0.973009490082174
1769,0.968150684931507,0.97306595282435
1770,0.965068493150685,0.973126451941113
1771,0.969520547945205,0.973191713463863
1772,0.965068493150685,0.973266009877398
1773,0.968150684931507,0.97333264845971
1774,0.968150684931507,0.973391476204181
1775,0.96541095890411,0.973442340104192
1776,0.967123287671233,0.973492156058876
1777,0.968150684931507,0.973555367892972
1778,0.967808219178082,0.973611998942429
1779,0.968150684931507,0.973661920201668
1780,0.968150684931507,0.973715379513939
1781,0.969520547945205,0.973762106535018
1782,0.96541095890411,0.973801981259715
1783,0.969520547945205,0.973834883682841
1784,0.967808219178082,0.973864228252078
1785,0.969520547945205,0.97388659001929
1786,0.969520547945205,0.97391952424379
1787,0.969520547945205,0.973969544807324
1788,0.968150684931507,0.974011829536262
1789,0.968150684931507,0.974056900785724
1790,0.972602739726027,0.974098070666441
1791,0.968150684931507,0.974131735722552
1792,0.969520547945205,0.974157826951073
1793,0.975342465753425,0.974172967405942
1794,0.968150684931507,0.974180619536919
1795,0.968150684931507,0.974180711340889
1796,0.96541095890411,0.974187308626241
1797,0.969520547945205,0.974172981806565
1798,0.967808219178082,0.97416502846256
1799,0.967123287671233,0.974147754915428
1800,0.968150684931507,0.974150279824639
1801,0.967808219178082,0.974149405586825
1802,0.968150684931507,0.974145090200172
1803,0.975342465753425,0.974130222757111
1804,0.975342465753425,0.974138287705943
1805,0.969520547945205,0.974141438442221
1806,0.975342465753425,0.974141010023691
1807,0.968150684931507,0.974110514904689
1808,0.968150684931507,0.974083437533514
1809,0.968150684931507,0.9740526670026
1810,0.969520547945205,0.974032752141225
1811,0.975342465753425,0.974017500081529
1812,0.968150684931507,0.973999817916724
1813,0.968150684931507,0.973973065759616
1814,0.973287671232877,0.973944282514657
1815,0.968150684931507,0.973920054066707
1816,0.973287671232877,0.973893287508976
1817,0.969520547945205,0.973863958840425
1818,0.973287671232877,0.973832044060019
1819,0.972602739726027,0.973814058882107
1820,0.967123287671233,0.973799390947676
1821,0.975342465753425,0.97378142137044
1822,0.969520547945205,0.973760147150269
1823,0.967808219178082,0.973735565287032
1824,0.968150684931507,0.9737076727806
1825,0.969520547945205,0.973697673348096
1826,0.967808219178082,0.973641372012899
1827,0.968150684931507,0.973604540319822
1828,0.967808219178082,0.973564016667057
1829,0.968150684931507,0.973505654242713
1830,0.969520547945205,0.973445968761142
1831,0.969520547945205,0.973394860050542
1832,0.969520547945205,0.973341709751638
1833,0.967808219178082,0.973304175128156
1834,0.96541095890411,0.973265716464707
1835,0.967123287671233,0.973242873476682
1836,0.967808219178082,0.973201449184961
1837,0.969520547945205,0.973166184759672
1838,0.970890410958904,0.973130470314919
1839,0.967123287671233,0.973094311850961
1840,0.968150684931507,0.9730510994819
1841,0.968150684931507,0.973007902113489
1842,0.968150684931507,0.972964719745726
1843,0.972602739726027,0.972921552378612
1844,0.967123287671233,0.972878400012147
1845,0.964383561643836,0.972835262646331
1846,0.973287671232877,0.972795674734039
1847,0.968150684931507,0.972756331332323
1848,0.968150684931507,0.972717235441313
1849,0.967123287671233,0.972678390061137
1850,0.975342465753425,0.972636263739052
1851,0.968150684931507,0.972597698871009
1852,0.968150684931507,0.972556082570984
1853,0.967123287671233,0.972518257234929
1854,0.967123287671233,0.97247738346702
1855,0.968150684931507,0.972436995720132
1856,0.96541095890411,0.972397093994267
1857,0.968150684931507,0.972357678289423
1858,0.967808219178082,0.972318748605602
1859,0.965068493150685,0.972294442754303
1860,0.967808219178082,0.972271540963734
1861,0.968150684931507,0.972250055234414
1862,0.968150684931507,0.972229997566862
1863,0.965068493150685,0.972211379961596
1864,0.964383561643836,0.972194214419137
1865,0.96541095890411,0.972165281167689
1866,0.96541095890411,0.972138718018756
1867,0.965068493150685,0.972100387160835
1868,0.962328767123288,0.972050276593408
1869,0.965068493150685,0.972002500126938
1870,0.96541095890411,0.971957033760385
1871,0.967123287671233,0.971913853492713
1872,0.968150684931507,0.971872935322884
1873,0.96541095890411,0.971834255249858
1874,0.969520547945205,0.971797789272599
1875,0.967808219178082,0.971763513390068
1876,0.964383561643836,0.971744635373539
1877,0.965068493150685,0.971727005410992
1878,0.968150684931507,0.971710611501908
1879,0.967123287671233,0.971695441645768
1880,0.964383561643836,0.971681483842052
1881,0.968150684931507,0.971668726090242
1882,0.964383561643836,0.97167129420132
1883,0.964383561643836,0.971675956402974
1884,0.968150684931507,0.971682712695204
1885,0.967808219178082,0.971677425266507
1886,0.968150684931507,0.971673313888678
1887,0.965068493150685,0.971670366561198
1888,0.967123287671233,0.971668571283547
1889,0.967808219178082,0.971682053866707
1890,0.964383561643836,0.971684350766055
1891,0.967123287671233,0.971704858153059
1892,0.969520547945205,0.971716206443905
1893,0.967808219178082,0.971745753221889
1894,0.964383561643836,0.971781399263683
1895,0.969520547945205,0.971764870948786
1896,0.962328767123288,0.971754164385696
1897,0.962328767123288,0.971749228572208
1898,0.96541095890411,0.971750012506116
1899,0.96541095890411,0.971742327373711
1900,0.967808219178082,0.971739341944583
1901,0.970890410958904,0.971740993216005
1902,0.968150684931507,0.971747218185253
1903,0.964383561643836,0.971757953849602
1904,0.968150684931507,0.971773137206326
1905,0.968150684931507,0.9717927052527
1906,0.964383561643836,0.971816594986001
1907,0.968150684931507,0.971844743403502
1908,0.967123287671233,0.971873553049602
1909,0.967123287671233,0.971909800317401
1910,0.96541095890411,0.971957636186441
1911,0.967123287671233,0.971993168523318
1912,0.96541095890411,0.972032865040308
1913,0.96541095890411,0.972073345791218
1914,0.964383561643836,0.972121604678555
1915,0.967808219178082,0.972177569699204
1916,0.967808219178082,0.972237637397307
1917,0.967808219178082,0.972301738769877
1918,0.967808219178082,0.972366496870852
1919,0.969520547945205,0.972412218548448
1920,0.969520547945205,0.972470167854924
1921,0.965068493150685,0.972526572994609
1922,0.961643835616438,0.972588409869233
1923,0.968150684931507,0.972655585474773
1924,0.967808219178082,0.972728006807206
1925,0.967808219178082,0.972805580862509
1926,0.965068493150685,0.972888214636659
1927,0.968150684931507,0.972975815125634
1928,0.968150684931507,0.973064981382333
1929,0.968150684931507,0.973159151855479
1930,0.965068493150685,0.97325823054092
1931,0.968150684931507,0.973345355209314
1932,0.967808219178082,0.973437860610441
1933,0.968150684931507,0.973535635739499
1934,0.967123287671233,0.973638569591686
1935,0.968150684931507,0.973759782934515
1936,0.972602739726027,0.973871807179889
1937,0.969520547945205,0.973988669134506
1938,0.969520547945205,0.974085516623442
1939,0.967808219178082,0.974198605014843
1940,0.96541095890411,0.974313676492018
1941,0.965068493150685,0.974427076596901
1942,0.970890410958904,0.97454199026725
1943,0.968150684931507,0.974658294497745
1944,0.972602739726027,0.974766168963629
1945,0.970890410958904,0.974876311527614
1946,0.975342465753425,0.974988590183992
1947,0.970890410958904,0.975102872927051
1948,0.968150684931507,0.975219027751085
1949,0.975342465753425,0.975336922650381
1950,0.968150684931507,0.975474097883608
1951,0.975342465753425,0.975613896730313
1952,0.969520547945205,0.975756202185437
1953,0.968150684931507,0.975900897243918
1954,0.975342465753425,0.976047864900695
1955,0.967808219178082,0.976175781433456
1956,0.972602739726027,0.97630435949483
1957,0.969520547945205,0.976454670796229
1958,0.969520547945205,0.976613819579876
1959,0.969520547945205,0.976768010049061
1960,0.968150684931507,0.97692374108488
1961,0.968150684931507,0.977087964588022
1962,0.975342465753425,0.977246884761781
1963,0.968150684931507,0.97740700048725
1964,0.968150684931507,0.977575263665121
1965,0.970890410958904,0.977744947404435
1966,0.969520547945205,0.97790887179464
1967,0.978082191780822,0.978073535716832
1968,0.972602739726027,0.97823882216595
1969,0.972602739726027,0.978404614136934
1970,0.975342465753425,0.978553122360345
1971,0.969520547945205,0.978700754545865
1972,0.975342465753425,0.978847378687785
1973,0.976027397260274,0.978992862780393
1974,0.975342465753425,0.979137074817982
1975,0.975342465753425,0.979279882794841
1976,0.972602739726027,0.979421154705261
1977,0.976369863013699,0.979585499713659
1978,0.976369863013699,0.979749651213688
1979,0.970890410958904,0.979930264425733
1980,0.975342465753425,0.980109797591063
1981,0.978082191780822,0.980288154705526
1982,0.975342465753425,0.98044140463403
1983,0.975342465753425,0.980606723784563
1984,0.975342465753425,0.980756637568769
1985,0.978082191780822,0.980905166793088
1986,0.975342465753425,0.981034522188084
1987,0.979109589041096,0.981178783727814
1988,0.976027397260274,0.981321294691827
1989,0.976369863013699,0.981461938075061
1990,0.980479452054794,0.981600596872456
1991,0.976027397260274,0.981744222984701
1992,0.979109589041096,0.981886089520841
1993,0.975342465753425,0.982026085476072
1994,0.976027397260274,0.982177331617906
1995,0.976027397260274,0.98232559113056
1996,0.979109589041096,0.98247407295283
1997,0.978767123287671,0.982619146627687
1998,0.978767123287671,0.982760716150979
1999,0.978082191780822,0.982898685518554
2000,0.978767123287671,0.983029650783182
2001,0.979109589041096,0.983160355336533
2002,0.976369863013699,0.983287168721579
2003,0.980479452054794,0.983413529387045
2004,0.976027397260274,0.983532501932953
2005,0.980479452054794,0.983647524808026
2006,0.979109589041096,0.983758728517908
2007,0.979109589041096,0.983866017058449
2008,0.980479452054794,0.983972602368573
2009,0.983561643835616,0.984074856991382
2010,0.980479452054794,0.984172687922854
2011,0.980479452054794,0.984266002158965
2012,0.979109589041096,0.984354706695694
2013,0.978767123287671,0.984438708529017
2014,0.979109589041096,0.984517914654911
2015,0.980479452054794,0.984598847955511
2016,0.976369863013699,0.984688490332803
2017,0.983561643835616,0.984790074726623
2018,0.978767123287671,0.984885868869997
2019,0.980479452054794,0.984989950571833
2020,0.978767123287671,0.985092348000819
2021,0.98458904109589,0.985189481702133
2022,0.979109589041096,0.985287922559986
2023,0.980479452054794,0.985373946780782
2024,0.980479452054794,0.985454578268328
2025,0.980479452054794,0.985536387906833
2026,0.98458904109589,0.985605651902701
2027,0.980479452054794,0.985655256348237
2028,0.976369863013699,0.985698376013288
2029,0.980479452054794,0.985734953895387
2030,0.980479452054794,0.98576493299207
2031,0.981849315068493,0.985788256300871
2032,0.981849315068493,0.985804866819324
2033,0.979109589041096,0.98582132343112
2034,0.980479452054794,0.985830506228303
2035,0.979109589041096,0.985832364208666
2036,0.979109589041096,0.985826846370004
2037,0.980479452054794,0.985833749368578
2038,0.980479452054794,0.985838449371867
2039,0.980479452054794,0.985863621960655
2040,0.980479452054794,0.98586422528675
2041,0.978767123287671,0.98588175474495
2042,0.979109589041096,0.985906525016336
2043,0.980479452054794,0.985917582894621
2044,0.979109589041096,0.98593502654911
2045,0.984246575342466,0.985942355266098
2046,0.978767123287671,0.985967883670275
2047,0.981849315068493,0.985985211219742
2048,0.984246575342466,0.985994400917222
2049,0.984246575342466,0.985995515765443
2050,0.980479452054794,0.985988618767128
2051,0.980479452054794,0.985973772925003
2052,0.979109589041096,0.985951041241791
2053,0.980479452054794,0.985923794663298
2054,0.978767123287671,0.985888564739502
2055,0.979109589041096,0.985845417473257
2056,0.979109589041096,0.985794418867419
2057,0.980479452054794,0.98575879052639
2058,0.979109589041096,0.985690722682259
2059,0.980479452054794,0.985638178109553
2060,0.986986301369863,0.985576502641911
2061,0.980479452054794,0.985516160131922
2062,0.979109589041096,0.985443788301631
2063,0.98458904109589,0.985366322551013
2064,0.984246575342466,0.98528385888422
2065,0.980479452054794,0.985193188362457
2066,0.980479452054794,0.98509087553713
2067,0.978767123287671,0.984980324355471
2068,0.980479452054794,0.984861630821631
2069,0.98458904109589,0.984745041278796
2070,0.978767123287671,0.984645025052804
2071,0.979109589041096,0.984531483641809
2072,0.978767123287671,0.984438069501376
2073,0.978082191780822,0.984337104034327
2074,0.980479452054794,0.98422873124689
2075,0.976369863013699,0.984113095145293
2076,0.978767123287671,0.983990339735765
2077,0.980479452054794,0.983867224910692
2078,0.979109589041096,0.983730215884654
2079,0.979109589041096,0.983596675908663
2080,0.976027397260274,0.983456381140507
2081,0.978767123287671,0.983339256074509
2082,0.978082191780822,0.983227808454076
2083,0.981849315068493,0.983108998515201
2084,0.979109589041096,0.982996250038503
2085,0.979109589041096,0.982875629221303
2086,0.978767123287671,0.982733202260924
2087,0.978082191780822,0.982596530749484
2088,0.978767123287671,0.982452586923497
2089,0.978767123287671,0.982301574791784
2090,0.980479452054794,0.982129560551669
2091,0.976369863013699,0.981936736211458
2092,0.976027397260274,0.981750651362748
2093,0.975342465753425,0.981557360202345
2094,0.976369863013699,0.98134382296624
2095,0.978082191780822,0.981108723797519
2096,0.975342465753425,0.980864190120729
2097,0.975342465753425,0.980617449848497
2098,0.980479452054794,0.9803686619877
2099,0.976027397260274,0.980124601431373
2100,0.975342465753425,0.979878364280902
2101,0.969520547945205,0.979623499657267
2102,0.978082191780822,0.979367235473098
2103,0.976369863013699,0.979109730735272
2104,0.973287671232877,0.978851144450665
2105,0.976027397260274,0.978591635626156
2106,0.976027397260274,0.978331363268622
2107,0.979109589041096,0.978050638726472
2108,0.975342465753425,0.9777641938369
2109,0.976027397260274,0.977479232511496
2110,0.969520547945205,0.9771958897561
2111,0.972602739726027,0.976914300576551
2112,0.975342465753425,0.976634599978689
2113,0.969520547945205,0.976353615025274
2114,0.973287671232877,0.976075012174893
2115,0.975342465753425,0.975798923433254
2116,0.967808219178082,0.975525480806068
2117,0.969520547945205,0.975254816299043
2118,0.968150684931507,0.97498706191789
2119,0.970890410958904,0.974695886123692
2120,0.968150684931507,0.974409672544125
2121,0.967808219178082,0.974128529183859
2122,0.968150684931507,0.973852564047567
2123,0.969520547945205,0.973568653367606
2124,0.965068493150685,0.973291030959632
2125,0.967123287671233,0.973019792827796
2126,0.968150684931507,0.972755034976252
2127,0.968150684931507,0.972467081921447
2128,0.964383561643836,0.972187812742245
2129,0.975342465753425,0.971890832897006
2130,0.968150684931507,0.971590325199176
2131,0.967808219178082,0.971299554422496
2132,0.964383561643836,0.971018553568395
2133,0.96541095890411,0.9707614934498
2134,0.967808219178082,0.970494433598686
2135,0.964383561643836,0.970251839505789
2136,0.965068493150685,0.970017210457402
2137,0.968150684931507,0.969794116907959
2138,0.96541095890411,0.969582594859017
2139,0.965068493150685,0.969382680312133
2140,0.964383561643836,0.969194409268864
2141,0.96541095890411,0.969001278015377
2142,0.965068493150685,0.968820979816957
2143,0.961643835616438,0.968653535674513
2144,0.965068493150685,0.968498966588952
2145,0.958561643835616,0.968343155749681
2146,0.964383561643836,0.968192728043246
2147,0.967123287671233,0.968051220922653
2148,0.961643835616438,0.9679186343879
2149,0.962328767123288,0.967798499891735
2150,0.964383561643836,0.967690814434027
2151,0.961643835616438,0.967599109467522
2152,0.956849315068493,0.967516542596265
2153,0.964383561643836,0.967446418763205
2154,0.958561643835616,0.967388734968214
2155,0.962328767123288,0.967343488211161
2156,0.957191780821918,0.967314209944791
2157,0.964383561643836,0.967297592226026
2158,0.957191780821918,0.967267171510242
2159,0.964383561643836,0.967247664966528
2160,0.957191780821918,0.967219197935246
2161,0.953424657534247,0.967206463584449
2162,0.958561643835616,0.967209413912059
2163,0.957191780821918,0.967228000916001
2164,0.957191780821918,0.967262176594199
2165,0.957191780821918,0.967308585001497
2166,0.957191780821918,0.967363640682814
2167,0.965068493150685,0.967417362806452
2168,0.958561643835616,0.967469679369294
2169,0.962328767123288,0.967553582798361
2170,0.961643835616438,0.967634789110769
2171,0.956849315068493,0.967727349114258
2172,0.957191780821918,0.967834480748012
2173,0.965068493150685,0.967949025102388
2174,0.962328767123288,0.96808457096514
2175,0.962328767123288,0.968227796560062
2176,0.962328767123288,0.968378605883002
2177,0.958561643835616,0.968550581721456
2178,0.961643835616438,0.968737012185115
2179,0.958561643835616,0.968934493326747
2180,0.962328767123288,0.969146460594945
2181,0.965068493150685,0.96937281498543
2182,0.962328767123288,0.969613457493916
2183,0.964383561643836,0.969851749400731
2184,0.965068493150685,0.970114719774963
2185,0.96541095890411,0.970391207233848
2186,0.965068493150685,0.970681106772843
2187,0.967808219178082,0.970984313387409
2188,0.964383561643836,0.97127951535575
2189,0.962328767123288,0.971579368425264
2190,0.96541095890411,0.971858549400651
2191,0.968150684931507,0.972144271858976
2192,0.96541095890411,0.972426679473924
2193,0.968150684931507,0.972718833010412
2194,0.965068493150685,0.973006423649541
2195,0.969520547945205,0.973302500155708
2196,0.965068493150685,0.973606879520999
2197,0.969520547945205,0.973912762851339
2198,0.969520547945205,0.974227030044307
2199,0.968150684931507,0.974549492091726
2200,0.968150684931507,0.974879959985421
2201,0.972602739726027,0.975218244717216
2202,0.972602739726027,0.975564157278938
2203,0.975342465753425,0.97591750866241
2204,0.968150684931507,0.976274575406582
2205,0.975342465753425,0.976638473446228
2206,0.976027397260274,0.977009010773042
2207,0.978767123287671,0.977382687435641
2208,0.975342465753425,0.977724869936026
2209,0.976369863013699,0.978097364847511
2210,0.975342465753425,0.978452068389469
2211,0.972602739726027,0.978811908153582
2212,0.976027397260274,0.979173121677115
2213,0.978082191780822,0.979542320346028
2214,0.978082191780822,0.979912433754506
2215,0.978082191780822,0.980299770607948
2216,0.976369863013699,0.98068997408538
2217,0.976369863013699,0.981082825177329
2218,0.975342465753425,0.981478104874322
2219,0.978082191780822,0.981875594166887
2220,0.979109589041096,0.9822680051398
2221,0.976369863013699,0.982661728669484
2222,0.978767123287671,0.983056539746207
2223,0.983561643835616,0.983417774870674
2224,0.978767123287671,0.983779164501824
2225,0.979109589041096,0.984140453628626
2226,0.979109589041096,0.984514619012365
2227,0.983561643835616,0.984887279831026
2228,0.979109589041096,0.985237892396036
2229,0.978767123287671,0.985594018299515
2230,0.978767123287671,0.985954949510836
2231,0.981849315068493,0.986299683321573
2232,0.984246575342466,0.986610286456059
2233,0.984246575342466,0.98691624238954
2234,0.979109589041096,0.98721726310956
2235,0.979109589041096,0.987485691019845
2236,0.984246575342466,0.987732043975325
2237,0.98458904109589,0.987990206941622
2238,0.978082191780822,0.988225655925473
2239,0.986301369863014,0.988455736177111
2240,0.98458904109589,0.988680120682391
2241,0.984246575342466,0.98889848242717
2242,0.986986301369863,0.989124632208804
2243,0.980479452054794,0.989330885429854
2244,0.986986301369863,0.989546686563879
2245,0.986301369863014,0.989781420916821
2246,0.986301369863014,0.990039240968285
2247,0.983561643835616,0.990297183125031
2248,0.98458904109589,0.990548376489873
2249,0.986986301369863,0.990779334279467
2250,0.990068493150685,0.991010090160328
2251,0.984246575342466,0.991232861195822
2252,0.986986301369863,0.991454455280408
2253,0.986986301369863,0.99165476974459
2254,0.989041095890411,0.991847675388319
2255,0.987328767123288,0.992032905200045
2256,0.980479452054794,0.992210192168221
2257,0.989041095890411,0.992379269281296
2258,0.98972602739726,0.992561076244975
2259,0.990068493150685,0.992726045580376
2260,0.987328767123288,0.992884975654563
2261,0.983561643835616,0.993037608456375
2262,0.98972602739726,0.993183685974651
2263,0.987328767123288,0.993322950198233
2264,0.987328767123288,0.993458677568835
2265,0.986986301369863,0.99358730513235
2266,0.989041095890411,0.993701961991592
2267,0.989041095890411,0.993809456041021
2268,0.986986301369863,0.993889678610881
2269,0.989041095890411,0.993963557406353
2270,0.989041095890411,0.994059089038373
2271,0.98972602739726,0.994149554951286
2272,0.98972602739726,0.994234700134061
2273,0.98972602739726,0.994314269575671
2274,0.991438356164384,0.994428609621209
2275,0.986986301369863,0.994535993865889
2276,0.990068493150685,0.994609739755612
2277,0.98972602739726,0.994677879902871
2278,0.98972602739726,0.994771981373033
2279,0.98972602739726,0.99486205666905
2280,0.990068493150685,0.994976165404585
2281,0.991438356164384,0.995114115571329
2282,0.98972602739726,0.995247463539015
2283,0.987328767123288,0.995376041300376
2284,0.991438356164384,0.995499680848146
2285,0.994520547945206,0.995655054568509
2286,0.997945205479452,0.995803601493594
2287,0.997260273972603,0.995948721070437
2288,0.98972602739726,0.996086973350249
2289,0.990068493150685,0.996218226327321
2290,0.991438356164384,0.996342347995943
2291,0.991438356164384,0.996459206350406
2292,0.98972602739726,0.996556570161673
2293,0.98972602739726,0.996679337271707
2294,0.990068493150685,0.996765809111865
2295,0.997260273972603,0.996847651751796
2296,0.991438356164384,0.996954492672976
2297,0.990068493150685,0.997061473700215
2298,0.98972602739726,0.997161867942557
2299,0.991438356164384,0.997259098848076
2300,0.997260273972603,0.997349750469022
2301,0.990068493150685,0.997433714800722
2302,0.994520547945206,0.997510883838507
2303,0.997260273972603,0.997581149577704
2304,0.990068493150685,0.997644404013642
2305,0.990068493150685,0.997700539141649
2306,0.990068493150685,0.997736215184742
2307,0.997260273972603,0.997748910233839
2308,0.991438356164384,0.99775616154748
2309,0.990068493150685,0.997786109742826
2310,0.997260273972603,0.997785716725827
2311,0.994520547945206,0.997834327828398
2312,0.992808219178082,0.997853958277472
2313,0.990068493150685,0.99787276969112
2314,0.994520547945206,0.997890648064412
2315,0.997260273972603,0.997907479392415
2316,0.990068493150685,0.997926684123076
2317,0.997945205479452,0.997944843308513
2318,0.995205479452055,0.997979518208303
2319,0.991438356164384,0.998057076362918
2320,0.997260273972603,0.998113840618137
2321,0.992808219178082,0.998197182722925
2322,0.98972602739726,0.998276380148443
2323,0.991438356164384,0.998351387892745
2324,0.990068493150685,0.998422160953885
2325,0.991438356164384,0.998488654329916
2326,0.998287671232877,0.998557891924644
2327,0.992808219178082,0.998623218850222
2328,0.997945205479452,0.998684596104967
2329,0.990068493150685,0.998712213199486
2330,0.990068493150685,0.99874134865968
2331,0.992808219178082,0.998768631539743
2332,0.997260273972603,0.998793998836952
2333,0.991438356164384,0.998817387548582
2334,0.997260273972603,0.998856406936283
2335,0.997260273972603,0.998876797018213
2336,0.991438356164384,0.998895034507037
2337,0.994520547945206,0.998927596115421
2338,0.994520547945206,0.998969993349225
2339,0.994520547945206,0.999008052395389
2340,0.997260273972603,0.999041737252357
2341,0.994520547945206,0.999071011918572
2342,0.995205479452055,0.999113512656851
2343,0.997260273972603,0.999152678750899
2344,0.997260273972603,0.999188489199805
2345,0.997260273972603,0.999220923002661
2346,0.992808219178082,0.999249959158558
2347,0.997260273972603,0.99927557666659
2348,0.997260273972603,0.999304823431597
2349,0.991438356164384,0.999274833534447
2350,0.991438356164384,0.999245626671165
2351,0.997945205479452,0.999217136838898
2352,0.992808219178082,0.999189298034789
2353,0.994520547945206,0.999162044255984
2354,0.997260273972603,0.999135309499628
2355,0.997260273972603,0.999109027762867
2356,0.997945205479452,0.999083133042845
2357,0.997945205479452,0.999057559336708
2358,0.990068493150685,0.999035775094476
2359,0.991438356164384,0.999028547181848
2360,0.994520547945206,0.99904905636893
2361,0.990068493150685,0.999098771519255
2362,0.991438356164384,0.999145882556944
2363,0.994520547945206,0.999134154449669
2364,0.991438356164384,0.999123621894106
2365,0.990068493150685,0.999114233888047
2366,0.997260273972603,0.999091801617786
2367,0.997260273972603,0.999125728885239
2368,0.990068493150685,0.999169149763318
2369,0.990068493150685,0.99913845963588
2370,0.995205479452055,0.999107819010584
2371,0.997260273972603,0.999077164884705
2372,0.990068493150685,0.999102669287844
2373,0.994520547945206,0.999124234520603
2374,0.991438356164384,0.999169218166275
2375,0.991438356164384,0.999210262641568
2376,0.990068493150685,0.999234148174686
2377,0.98972602739726,0.999240874765631
2378,0.994520547945206,0.999243662186196
2379,0.990068493150685,0.999226864759658
2380,0.992808219178082,0.999202417902261
2381,0.997260273972603,0.999163219706825
2382,0.991438356164384,0.999143210641375
2383,0.994520547945206,0.99912206302668
2384,0.991438356164384,0.999073286316946
2385,0.997260273972603,0.999025105132969
2386,0.997260273972603,0.999018069828672
2387,0.997260273972603,0.999058101760169
2388,0.990068493150685,0.999079205872984
2389,0.997260273972603,0.999115606147401
2390,0.991438356164384,0.999150789869199
2391,0.997260273972603,0.999184784039545
2392,0.997260273972603,0.999187844171904
2393,0.990068493150685,0.999221551829858
2394,0.997260273972603,0.999254123938697
2395,0.997260273972603,0.999238143747507
2396,0.992808219178082,0.999201192349252
2397,0.991438356164384,0.999163537420567
2398,0.991438356164384,0.999105298301557
2399,0.98972602739726,0.999047630707266
2400,0.98972602739726,0.999004621446991
2401,0.991438356164384,0.99894886193523
2402,1,0.998893532942091
2403,0.994520547945206,0.998838583465366
2404,0.990068493150685,0.998798100314352
2405,0.994520547945206,0.99875881271505
2406,0.991438356164384,0.998720681665772
2407,0.994520547945206,0.998683668164831
2408,0.994520547945206,0.998667580869008
2409,0.997260273972603,0.998651192060144
2410,0.994520547945206,0.998658768887865
2411,0.990068493150685,0.998666702731027
2412,0.992808219178082,0.99867499358963
2413,0.994520547945206,0.998683641463675
2414,0.991438356164384,0.998709186068554
2415,0.991438356164384,0.998717430425147
2416,0.991438356164384,0.99872604679783
2417,0.991438356164384,0.998742104092354
2418,0.994520547945206,0.998758992422823
2419,0.98972602739726,0.998797924506749
2420,0.990068493150685,0.9988390766867
2421,0.990068493150685,0.998899012679105
2422,0.997260273972603,0.998943559505884
2423,0.997945205479452,0.998990413432453
2424,0.991438356164384,0.999039598459847
2425,0.98972602739726,0.999062862966105
2426,0.997260273972603,0.99908667049585
2427,0.997260273972603,0.999139296672085
2428,0.997945205479452,0.999194301951222
2429,0.997260273972603,0.999268250049692
2430,0.997260273972603,0.999326967989413
2431,0.994520547945206,0.999388152035801
2432,0.990068493150685,0.999440090282281
2433,0.989041095890411,0.999475049294359
2434,0.997260273972603,0.999527241051804
2435,0.997260273972603,0.999579008290887
2436,0.997260273972603,0.99959855593638
2437,0.997260273972603,0.999599103760075
2438,0.991438356164384,0.999598297025181
2439,0.98972602739726,0.999625880218234
2440,0.990068493150685,0.999650043263356
2441,0.990068493150685,0.999670786160546
2442,0.997260273972603,0.999688108909806
2443,0.997260273972603,0.999733821587012
2444,0.997945205479452,0.999746369629751
2445,0.997260273972603,0.999787334601605
2446,0.990068493150685,0.999826972016039
2447,0.989041095890411,0.999833498798341
2448,0.997260273972603,0.999836686436216
2449,0.991438356164384,0.999836534929662
2450,0.990068493150685,0.999833044278682
2451,0.990068493150685,0.999826214483273
2452,0.995205479452055,0.999816045543437
2453,0.990068493150685,0.99978930568686
2454,0.991438356164384,0.999760120724526
2455,0.997260273972603,0.999741710428228
2456,0.997260273972603,0.99969016549876
2457,0.994520547945206,0.999651406822335
2458,0.997260273972603,0.99965963137807
2459,0.997260273972603,0.999653284603554
2460,0.991438356164384,0.999646519310935
2461,0.991438356164384,0.999667626123867
2462,0.991438356164384,0.999675136648718
2463,0.997945205479452,0.999709679242786
2464,0.997260273972603,0.999758073135962
2465,0.991438356164384,0.99980624351947
2466,0.990068493150685,0.999854253396037
2467,0.991438356164384,0.999902165768386
2468,0.991438356164384,0.999950043639243
2469,0.997260273972603,0.999997950011332
2470,0.994520547945206,1
2471,0.995205479452055,0.9999992208663
2472,0.991438356164384,0.999981498799769
2473,0.997260273972603,0.999960077573239
2474,0.997945205479452,0.999934969187229
2475,0.997260273972603,0.999906185642257
2476,0.991438356164384,0.99986050716653
2477,1,0.99981207157155
2478,0.998287671232877,0.999774110629629
2479,0.995205479452055,0.999732498529785
2480,0.995205479452055,0.999719057348415
2481,0.998287671232877,0.999704054599502
2482,0.994520547945206,0.999687529284734
2483,0.997260273972603,0.999669520405798
2484,0.997945205479452,0.99965006696438
2485,0.990068493150685,0.999629207962168
2486,0.997260273972603,0.999610290343926
2487,0.990068493150685,0.999586513715518
2488,0.992808219178082,0.999543779267129
2489,0.994520547945206,0.999487820846765
2490,0.997260273972603,0.999434966660668
2491,0.994520547945206,0.999378168803996
2492,0.990068493150685,0.999310832391502
2493,0.992808219178082,0.999246657215739
2494,0.997260273972603,0.999178595371866
2495,0.995205479452055,0.999106667860793
2496,0.986986301369863,0.999030895683427
2497,0.992808219178082,0.998951299840676
2498,0.994520547945206,0.998867901333448
2499,0.997260273972603,0.998774105276497
2500,0.990068493150685,0.998737081275102
2501,0.994520547945206,0.998700660299789
2502,0.995205479452055,0.998664908353414
2503,0.989041095890411,0.99862989143883
2504,0.995205479452055,0.998595675558894
2505,0.997260273972603,0.998562326716461
2506,0.992808219178082,0.998529910914383
2507,0.992808219178082,0.998498494155517
2508,0.991438356164384,0.998468142442718
2509,0.994520547945206,0.998438921778839
2510,0.997260273972603,0.998410898166737
2511,0.990068493150685,0.998355861986262
2512,0.994520547945206,0.99826850870798
2513,0.990068493150685,0.998178624820241
2514,0.991438356164384,0.998146311022576
2515,0.997260273972603,0.998115398285511
2516,0.994520547945206,0.9980859526119
2517,0.990068493150685,0.998058040004598
2518,0.991438356164384,0.997971640767581
2519,0.992808219178082,0.997875483008479
2520,0.991438356164384,0.997849962104626
2521,0.991438356164384,0.997825683254495
2522,0.991438356164384,0.997802718461201
2523,0.990068493150685,0.997721054028977
2524,0.994520547945206,0.997653485706451
2525,0.992808219178082,0.99757154736238
2526,0.990068493150685,0.997491579203526
2527,0.990068493150685,0.997420683137065
2528,0.997260273972603,0.997345672392633
2529,0.991438356164384,0.997266591972176
2530,0.990068493150685,0.997215296953518
2531,0.997260273972603,0.99716915675782
2532,0.997260273972603,0.997138173217692
2533,0.994520547945206,0.997101006110107
2534,0.991438356164384,0.997057518929159
2535,0.997260273972603,0.997042916697571
2536,0.990068493150685,0.997027315422771
2537,0.990068493150685,0.996982553486687
2538,0.992808219178082,0.996903374361961
2539,0.990068493150685,0.996826228425175
2540,0.992808219178082,0.996744115773565
2541,0.990068493150685,0.996686876897818
2542,0.994520547945206,0.996622797726208
2543,0.990068493150685,0.996583784338766
2544,0.987328767123288,0.996521609949543
2545,0.990068493150685,0.996452016239413
2546,0.990068493150685,0.996406921288925
2547,0.990068493150685,0.996363757521967
2548,0.991438356164384,0.996302818286169
2549,0.991438356164384,0.996272808888175
2550,0.990068493150685,0.996239902864894
2551,0.989041095890411,0.996204259223203
2552,0.994520547945206,0.99616603696998
2553,0.997260273972603,0.996112163339789
2554,0.990068493150685,0.996056923150491
2555,0.994520547945206,0.996000463408443
2556,0.990068493150685,0.995942931120005
2557,0.98972602739726,0.995897705063847
2558,0.987328767123288,0.995850806435345
2559,0.990068493150685,0.995781187524126
2560,0.990068493150685,0.995708836994755
2561,0.990068493150685,0.995626826947583
2562,0.987328767123288,0.995541908274604
2563,0.98972602739726,0.995454215981658
2564,0.990068493150685,0.995367193017663
2565,0.987328767123288,0.995259770671335
2566,0.990068493150685,0.995166283927763
2567,0.987328767123288,0.99509348667907
2568,0.989041095890411,0.995016796762009
2569,0.989041095890411,0.994936373183456
2570,0.990068493150685,0.994852374950288
2571,0.98972602739726,0.994768269012463
2572,0.986986301369863,0.994663010659734
2573,0.990068493150685,0.994570958878227
2574,0.989041095890411,0.99447573595956
2575,0.990068493150685,0.994351040366114
2576,0.989041095890411,0.994225285726861
2577,0.986986301369863,0.994098610047771
2578,0.990068493150685,0.993971151334811
2579,0.990068493150685,0.993843047593953
2580,0.98972602739726,0.993696764566788
2581,0.986986301369863,0.993566637238404
2582,0.990068493150685,0.993442879785535
2583,0.98972602739726,0.993317434759674
2584,0.990068493150685,0.993216909711674
2585,0.989041095890411,0.993096657310409
2586,0.987328767123288,0.992973370277887
2587,0.990068493150685,0.992847201620726
2588,0.990068493150685,0.992735976609922
2589,0.98972602739726,0.99262332353735
2590,0.986986301369863,0.992477600334399
2591,0.990068493150685,0.992328719494871
2592,0.98972602739726,0.992176822024865
2593,0.98972602739726,0.99202204893048
2594,0.98972602739726,0.991884388876283
2595,0.987328767123288,0.991742794151901
2596,0.989041095890411,0.991604039650366
2597,0.986986301369863,0.991504224733082
2598,0.989041095890411,0.991397605521491
2599,0.984246575342466,0.991284386024419
2600,0.986301369863014,0.99116477025069
2601,0.98972602739726,0.991038962209128
2602,0.98972602739726,0.990907165908556
2603,0.98458904109589,0.990769585357798
2604,0.984246575342466,0.99064056237718
2605,0.986301369863014,0.990507081203732
2606,0.980479452054794,0.990355220035297
2607,0.986986301369863,0.990230224728887
2608,0.986301369863014,0.990102554806792
2609,0.986986301369863,0.989940631203127
2610,0.984246575342466,0.989788567225919
2611,0.984246575342466,0.989636655055277
2612,0.980479452054794,0.989481579247798
2613,0.98458904109589,0.989309421001455
2614,0.980479452054794,0.989133619097513
2615,0.983561643835616,0.988940242733424
2616,0.98458904109589,0.988742718689937
2617,0.978767123287671,0.988547857861641
2618,0.978082191780822,0.988365332066871
2619,0.984246575342466,0.988177685050593
2620,0.980479452054794,0.987995056651386
2621,0.979109589041096,0.987807068520354
2622,0.979109589041096,0.987613945667231
2623,0.979109589041096,0.987415913101747
2624,0.981849315068493,0.987233043492107
2625,0.980479452054794,0.987044373131566
2626,0.979109589041096,0.986850145030637
2627,0.981849315068493,0.986664740011333
2628,0.979109589041096,0.98647518131237
2629,0.983561643835616,0.986274202019432
2630,0.979109589041096,0.986068214009853
2631,0.978082191780822,0.985874006009794
2632,0.980479452054794,0.98568740153861
2633,0.980479452054794,0.985494538796737
2634,0.980479452054794,0.985308925568426
2635,0.979109589041096,0.985116712054634
2636,0.979109589041096,0.984918186267818
2637,0.978767123287671,0.98471010176756
2638,0.978767123287671,0.984499585962141
2639,0.976369863013699,0.984286926864018
2640,0.979109589041096,0.984065346580029
2641,0.980479452054794,0.983831372159956
2642,0.976369863013699,0.983591901502156
2643,0.978767123287671,0.983354285524576
2644,0.976369863013699,0.983105127447767
2645,0.976027397260274,0.982874480771629
2646,0.976027397260274,0.98264121528222
2647,0.976027397260274,0.982402102539901
2648,0.976027397260274,0.982157448557906
2649,0.978767123287671,0.981907559349473
2650,0.976027397260274,0.981666425719744
2651,0.978767123287671,0.981420680890568
2652,0.979109589041096,0.981170642875698
2653,0.978767123287671,0.980916629688891
2654,0.978767123287671,0.980658959343902
2655,0.979109589041096,0.98042441339911
2656,0.980479452054794,0.980185058246305
2657,0.978082191780822,0.979957775615673
2658,0.975342465753425,0.979738482030589
2659,0.969520547945205,0.979513408695515
2660,0.975342465753425,0.97928292462641
2661,0.976369863013699,0.979060630611549
2662,0.973287671232877,0.978832769855911
2663,0.975342465753425,0.978603031319053
2664,0.975342465753425,0.97836826456471
2665,0.968150684931507,0.978135469495649
2666,0.975342465753425,0.977914506938377
2667,0.975342465753425,0.977688109646038
2668,0.975342465753425,0.977456682636148
2669,0.975342465753425,0.977220630926226
2670,0.972602739726027,0.976973290628041
2671,0.968150684931507,0.976724984588085
2672,0.973287671232877,0.976472580370871
2673,0.967123287671233,0.976216479993787
2674,0.968150684931507,0.975957085474222
2675,0.967808219178082,0.975677126565187
2676,0.968150684931507,0.975416459090562
2677,0.968150684931507,0.975143454482322
2678,0.968150684931507,0.974901518017868
2679,0.968150684931507,0.974652205734389
2680,0.968150684931507,0.9743959526507
2681,0.969520547945205,0.974133193785617
2682,0.969520547945205,0.973864364157956
2683,0.968150684931507,0.973572226522156
2684,0.968150684931507,0.973270206158899
2685,0.964383561643836,0.97297879425449
2686,0.967123287671233,0.972677442620158
2687,0.967808219178082,0.972369888217538
2688,0.968150684931507,0.972056560065186
2689,0.967123287671233,0.971741195124737
2690,0.967808219178082,0.971413622056252
2691,0.968150684931507,0.971080882764313
2692,0.967808219178082,0.970734748793016
2693,0.964383561643836,0.97038397842118
2694,0.964383561643836,0.970032076100384
2695,0.96541095890411,0.969658264131932
2696,0.964383561643836,0.969276191306174
2697,0.964383561643836,0.968886274641147
2698,0.96541095890411,0.968488931154889
2699,0.962328767123288,0.968118563335407
2700,0.962328767123288,0.967733657787127
2701,0.962328767123288,0.967340818395683
2702,0.959931506849315,0.966940486180154
2703,0.958561643835616,0.966562873647317
2704,0.964383561643836,0.966190776553039
2705,0.961643835616438,0.965811443145768
2706,0.967123287671233,0.965438585218582
2707,0.958561643835616,0.965058556981259
2708,0.961643835616438,0.964657712643579
2709,0.957191780821918,0.964249763998617
2710,0.957191780821918,0.96384511489637
2711,0.957191780821918,0.963433650999363
2712,0.957191780821918,0.963015861328749
2713,0.957191780821918,0.962592234905677
2714,0.956164383561644,0.962179800466691
2715,0.956849315068493,0.961757855316339
2716,0.956849315068493,0.961330208419371
2717,0.953424657534247,0.960910592569768
2718,0.956849315068493,0.960460641808093
2719,0.957191780821918,0.960017235529486
2720,0.954452054794521,0.959570047887324
2721,0.953424657534247,0.959122667336817
2722,0.956849315068493,0.958708006801546
2723,0.954109589041096,0.958283975360958
2724,0.953424657534247,0.95786104586803
2725,0.954109589041096,0.957429172988276
2726,0.953424657534247,0.957017190368832
2727,0.954452054794521,0.956615756205641
2728,0.948972602739726,0.956207795260148
2729,0.945890410958904,0.955793904558174
2730,0.953424657534247,0.955374681125545
2731,0.953424657534247,0.954950721988083
2732,0.946232876712329,0.954522624171611
2733,0.947602739726027,0.954083915796201
2734,0.950684931506849,0.953634055338432
2735,0.950684931506849,0.953188808480213
2736,0.946232876712329,0.952744102245379
2737,0.947602739726027,0.952323239241834
2738,0.945890410958904,0.95189503642082
2739,0.945205479452055,0.951473352581771
2740,0.94041095890411,0.951044688940825
2741,0.945890410958904,0.950609684525623
2742,0.943493150684932,0.950172286306882
2743,0.943493150684932,0.949736217745652
2744,0.942465753424658,0.949295057964213
2745,0.942465753424658,0.948828248273339
2746,0.943150684931507,0.948356266358753
2747,0.943493150684932,0.947872673341952
2748,0.943493150684932,0.947358608907175
2749,0.94041095890411,0.946843088509422
2750,0.943150684931507,0.946339499927756
2751,0.943493150684932,0.9458338793582
2752,0.93527397260274,0.945336330637776
2753,0.934931506849315,0.944843061302446
2754,0.936643835616438,0.944340593569259
2755,0.936643835616438,0.943842819239076
2756,0.940753424657534,0.943336272529462
2757,0.936643835616438,0.942851396957188
2758,0.934931506849315,0.942357081476609
2759,0.93527397260274,0.941854025117963
2760,0.940753424657534,0.941349542797639
2761,0.932534246575342,0.940837270640383
2762,0.93527397260274,0.940314379223813
2763,0.938013698630137,0.939784878521372
2764,0.934931506849315,0.939269318221894
2765,0.932534246575342,0.93874721163927
2766,0.936643835616438,0.938225894690801
2767,0.932191780821918,0.937699024502137
2768,0.934931506849315,0.937176797914322
2769,0.931506849315068,0.936631221316552
2770,0.931506849315068,0.936056398853814
2771,0.931506849315068,0.93549032296939
2772,0.925684931506849,0.934895731751595
2773,0.931506849315068,0.934298056400404
2774,0.928767123287671,0.933721142547207
2775,0.925684931506849,0.933146216880004
2776,0.929452054794521,0.932565568465276
2777,0.931506849315068,0.93198983816327
2778,0.925684931506849,0.931452151906781
2779,0.923972602739726,0.930907326841517
2780,0.928767123287671,0.930349059094817
2781,0.924315068493151,0.92978472358567
2782,0.924315068493151,0.929197407082528
2783,0.925684931506849,0.928590255521462
2784,0.924315068493151,0.927987156535683
2785,0.920205479452055,0.927364109987112
2786,0.923287671232877,0.926735076679598
2787,0.923287671232877,0.926130557132374
2788,0.918835616438356,0.925519497302265
2789,0.923287671232877,0.92491919293736
2790,0.921575342465753,0.924315824239913
2791,0.923972602739726,0.923706404280733
2792,0.921575342465753,0.92308509120714
2793,0.918835616438356,0.922459721958107
2794,0.920205479452055,0.921837680453009
2795,0.917808219178082,0.921229211534964
2796,0.918493150684932,0.920602614632831
2797,0.913356164383562,0.919967684570264
2798,0.912328767123288,0.919328503323822
2799,0.90958904109589,0.918675921097747
2800,0.912328767123288,0.918021306283758
2801,0.90958904109589,0.917368278838428
2802,0.913356164383562,0.916713619322505
2803,0.912328767123288,0.91605809576921
2804,0.910616438356164,0.915402476211763
2805,0.910616438356164,0.914747528683383
2806,0.90958904109589,0.914065745594287
2807,0.913356164383562,0.913384334521282
2808,0.910616438356164,0.912686367232173
2809,0.910616438356164,0.91203120969471
2810,0.907534246575342,0.911386007787856
2811,0.906849315068493,0.910740711676928
2812,0.903767123287671,0.910085048017573
2813,0.903767123287671,0.909445804368431
2814,0.902397260273973,0.90882219019531
2815,0.901369863013699,0.908193585306326
2816,0.902054794520548,0.907553733830894
2817,0.899657534246575,0.906892386425701
2818,0.902397260273973,0.906230182783473
2819,0.901369863013699,0.905564383485722
2820,0.902397260273973,0.904895783566837
2821,0.901369863013699,0.90423179394736
2822,0.899315068493151,0.903592383791017
2823,0.90513698630137,0.902949876000692
2824,0.898630136986301,0.90230509561207
2825,0.892808219178082,0.901658867660837
2826,0.892808219178082,0.901012017182678
2827,0.896575342465753,0.900350325362588
2828,0.895890410958904,0.899686930968856
2829,0.894178082191781,0.898987075998099
2830,0.891438356164384,0.898291012291325
2831,0.891438356164384,0.897592459976912
2832,0.887671232876712,0.896892208088987
2833,0.887671232876712,0.896207585377069
2834,0.888356164383562,0.895525031554637
2835,0.888356164383562,0.894841819203721
2836,0.887671232876712,0.894144617547728
2837,0.888356164383562,0.893454069279513
2838,0.885616438356164,0.892763906527972
2839,0.884931506849315,0.892074930327753
2840,0.883219178082192,0.891384407260629
2841,0.887671232876712,0.890696443304192
2842,0.881849315068493,0.890011836492962
2843,0.880479452054794,0.889306643691328
2844,0.888356164383562,0.888601263081572
2845,0.883219178082192,0.887892707734498
2846,0.887671232876712,0.887214825114108
2847,0.880479452054794,0.88655667134705
2848,0.885616438356164,0.885927844748475
2849,0.885616438356164,0.885274437186704
2850,0.875,0.884617556374703
2851,0.885616438356164,0.88397318400373
2852,0.880479452054794,0.883354229332145
2853,0.879452054794521,0.882736782225767
2854,0.875,0.882089863644663
2855,0.872260273972603,0.881420893509765
2856,0.870890410958904,0.880755396025069
2857,0.875,0.880080016412942
2858,0.879452054794521,0.879431913080593
2859,0.875,0.878787136892153
2860,0.875,0.878146479881879
2861,0.870890410958904,0.877500130725404
2862,0.866438356164384,0.87685879628583
2863,0.873972602739726,0.876223259597025
2864,0.869178082191781,0.875594303692858
2865,0.868493150684931,0.874955039342821
2866,0.870890410958904,0.874322774295524
2867,0.866780821917808,0.8737115083565
2868,0.865753424657534,0.873106977708796
2869,0.863013698630137,0.872509056346963
2870,0.869520547945206,0.871930850037863
2871,0.870890410958904,0.871354572512189
2872,0.869520547945206,0.870803715386021
2873,0.865753424657534,0.870211478070039
2874,0.865753424657534,0.86962163185748
2875,0.865753424657534,0.869024341422936
2876,0.868493150684931,0.868430289628473
2877,0.863013698630137,0.867840235506921
2878,0.866780821917808,0.867237265826735
2879,0.866780821917808,0.866638664335484
2880,0.865753424657534,0.866045175065352
2881,0.865753424657534,0.86545754204852
2882,0.859931506849315,0.86487650931717
2883,0.865753424657534,0.864302820903482
2884,0.865753424657534,0.863737220839639
2885,0.858219178082192,0.86317977362843
2886,0.858561643835616,0.862609337055394
2887,0.853082191780822,0.862032800018496
2888,0.853082191780822,0.861439367150803
2889,0.857534246575342,0.860852434064245
2890,0.852054794520548,0.860258555977295
2891,0.855479452054794,0.859671645691724
2892,0.852739726027397,0.859108923952377
2893,0.852054794520548,0.858579651559811
2894,0.852739726027397,0.858048977506619
2895,0.855821917808219,0.857524231709842
2896,0.854794520547945,0.857006128200362
2897,0.848972602739726,0.85646891746444
2898,0.848972602739726,0.855941565154923
2899,0.848972602739726,0.855383706925937
2900,0.848972602739726,0.85482998227574
2901,0.848972602739726,0.854266448401266
2902,0.844520547945205,0.853706514082483
2903,0.847260273972603,0.85315959462663
2904,0.846575342465753,0.852614128133623
2905,0.847602739726027,0.852096746155351
2906,0.841780821917808,0.851595898792251
2907,0.848972602739726,0.851100724674534
2908,0.84486301369863,0.850593293526665
2909,0.846575342465753,0.850089872052226
2910,0.841780821917808,0.849591093278598
2911,0.844520547945205,0.849090521327409
2912,0.843835616438356,0.848595399111938
2913,0.839383561643836,0.848106353659303
2914,0.84486301369863,0.847624011996628
2915,0.843835616438356,0.847127794433779
2916,0.843835616438356,0.846638157655568
2917,0.843835616438356,0.846148641782588
2918,0.84486301369863,0.845683005442465
2919,0.836643835616438,0.845229677734727
2920,0.839383561643836,0.844781081231628
2921,0.841095890410959,0.844362581130285
2922,0.844520547945205,0.843926925686924
2923,0.843835616438356,0.84352263570021
2924,0.833904109589041,0.843127200596494
2925,0.833904109589041,0.842716524233551
2926,0.833561643835616,0.842286110616914
2927,0.832534246575342,0.841863023317161
2928,0.841780821917808,0.841437259001619
2929,0.838013698630137,0.840973384637708
2930,0.836301369863014,0.840518263452397
2931,0.831164383561644,0.840092071618364
2932,0.833904109589041,0.839654104275006
2933,0.836643835616438,0.839222594710966
2934,0.838013698630137,0.838814643665901
2935,0.831164383561644,0.838402551541721
2936,0.832534246575342,0.837996809192188
2937,0.833904109589041,0.837597983641826
2938,0.833904109589041,0.837174831839284
2939,0.835616438356164,0.836757665295621
2940,0.832534246575342,0.836329351769819
2941,0.835616438356164,0.835903195037304
2942,0.835616438356164,0.835482798553937
2943,0.831164383561644,0.835075753248047
2944,0.828424657534247,0.834699126857864
2945,0.825342465753425,0.834334890103568
2946,0.825684931506849,0.833958403819444
2947,0.831164383561644,0.833576144385615
2948,0.825342465753425,0.833211798426596
2949,0.822945205479452,0.832851771154372
2950,0.831164383561644,0.832507208951058
2951,0.825342465753425,0.832168740011294
2952,0.827054794520548,0.831826313000333
2953,0.825684931506849,0.831493702713973
2954,0.825684931506849,0.831167920722958
2955,0.831164383561644,0.830849513050903
2956,0.821917808219178,0.830539025721425
2957,0.81472602739726,0.830243620644299
2958,0.825684931506849,0.829973320653041
2959,0.831164383561644,0.829711020507798
2960,0.824657534246575,0.829397201534218
2961,0.822945205479452,0.829074476975445
2962,0.825684931506849,0.828753048172717
2963,0.831164383561644,0.82843296312811
2964,0.822945205479452,0.828096594579195
2965,0.824657534246575,0.827739529035075
2966,0.825342465753425,0.827391997003306
2967,0.81986301369863,0.827047394598253
2968,0.824657534246575,0.826706186840028
2969,0.816095890410959,0.826358688409713
2970,0.816095890410959,0.826015732175861
2971,0.816095890410959,0.825677774158197
2972,0.81472602739726,0.825338201470694
2973,0.825684931506849,0.824968962000016
2974,0.822602739726027,0.824603781704909
2975,0.825684931506849,0.824219925001994
2976,0.828424657534247,0.823842532078655
2977,0.825684931506849,0.823472001952153
2978,0.824657534246575,0.82311775142979
2979,0.817465753424658,0.822768679131401
2980,0.817465753424658,0.822451430109461
2981,0.814383561643836,0.822137481230261
2982,0.821917808219178,0.821856582980597
2983,0.81986301369863,0.821590616076758
2984,0.816095890410959,0.821308241463237
2985,0.81472602739726,0.821026228365352
2986,0.81472602739726,0.820767961894578
2987,0.813698630136986,0.82050917790142
2988,0.816095890410959,0.82024328450076
2989,0.821917808219178,0.819977368599126
2990,0.816095890410959,0.819738364761517
2991,0.817465753424658,0.819498492386341
2992,0.809246575342466,0.819245014722697
2993,0.816095890410959,0.818979320830666
2994,0.811986301369863,0.818716019542121
2995,0.811986301369863,0.818455581877437
2996,0.814383561643836,0.818172015312361
2997,0.809246575342466,0.817852535093915
2998,0.811986301369863,0.817507249559314
2999,0.811643835616438,0.817122404913667
3000,0.811986301369863,0.816770757603901
3001,0.814383561643836,0.816412075289851
3002,0.809246575342466,0.816042274494895
3003,0.809246575342466,0.815653495779087
3004,0.811986301369863,0.815298987245565
3005,0.814383561643836,0.814947286833503
3006,0.81472602739726,0.814623483728079
3007,0.811643835616438,0.814304791343709
3008,0.809246575342466,0.813991578696354
3009,0.809246575342466,0.813659473631846
3010,0.80513698630137,0.813295592392928
3011,0.810958904109589,0.812919281316382
3012,0.809246575342466,0.812545428246153
3013,0.803767123287671,0.812181393100578
3014,0.808904109589041,0.811827466892242
3015,0.810958904109589,0.811483940633735
3016,0.808904109589041,0.8111577212238
3017,0.811986301369863,0.810842036769532
3018,0.813698630136986,0.810579281504604
3019,0.806506849315068,0.810322031477794
3020,0.80513698630137,0.810069716664447
3021,0.800684931506849,0.809794397456093
3022,0.80513698630137,0.80956254472779
3023,0.80513698630137,0.809317049209397
3024,0.803767123287671,0.809070572648571
3025,0.801027397260274,0.808833374889081
3026,0.801027397260274,0.808611737302612
3027,0.803767123287671,0.808388347640361
3028,0.803767123287671,0.808147026202509
3029,0.8,0.807905790268356
3030,0.806506849315068,0.807664984852823
3031,0.800684931506849,0.807424954970834
3032,0.803424657534247,0.807186045637313
3033,0.803767123287671,0.806978373354885
3034,0.801027397260274,0.80675726829145
3035,0.800684931506849,0.806537228274081
3036,0.802739726027397,0.806308009959724
3037,0.8,0.806093119965108
3038,0.801027397260274,0.805885852400185
3039,0.8,0.805672891489008
3040,0.8,0.805461216133435
3041,0.802739726027397,0.805251189349167
3042,0.8,0.805043174151907
3043,0.800684931506849,0.804819861292978
3044,0.801027397260274,0.804566328426946
3045,0.792808219178082,0.8043126680554
3046,0.8,0.804059201192223
3047,0.800684931506849,0.8038062488513
3048,0.803424657534247,0.80358240766952
3049,0.8,0.80336155911718
3050,0.803767123287671,0.803178486698767
3051,0.803767123287671,0.80300288790361
3052,0.801027397260274,0.80285476189673
3053,0.803424657534247,0.80270976652526
3054,0.803424657534247,0.802547094089205
3055,0.797945205479452,0.802383212300843
3056,0.794178082191781,0.802200373892552
3057,0.797260273972603,0.801994045368245
3058,0.787328767123288,0.801787721344132
3059,0.792465753424658,0.801564295080298
3060,0.792808219178082,0.80131439327132
3061,0.792808219178082,0.801066591553177
3062,0.787328767123288,0.800821189938846
3063,0.787328767123288,0.800578488441302
3064,0.790068493150685,0.800338787073523
3065,0.787328767123288,0.800102385848485
3066,0.790068493150685,0.799869584779163
3067,0.790068493150685,0.799643991821614
3068,0.787328767123288,0.799428991422223
3069,0.786986301369863,0.799226614968854
3070,0.788698630136986,0.799020551055993
3071,0.794178082191781,0.798819679467713
3072,0.795547945205479,0.798633792027543
3073,0.792808219178082,0.798445552485637
3074,0.8,0.798255296856529
3075,0.801027397260274,0.798063361154753
3076,0.8,0.797870081394843
3077,0.797260273972603,0.797675793591332
3078,0.800684931506849,0.797464294043363
3079,0.794178082191781,0.797253576029198
3080,0.792465753424658,0.797037344676565
3081,0.790068493150685,0.796819449451965
3082,0.787328767123288,0.796558921483375
3083,0.794178082191781,0.796318068365779
3084,0.788698630136986,0.796100486054713
3085,0.797945205479452,0.79587421746794
3086,0.800684931506849,0.795665570143338
3087,0.803424657534247,0.795457183830026
3088,0.806506849315068,0.795249370541499
3089,0.808904109589041,0.795055674063564
3090,0.8,0.794875512371049
3091,0.803767123287671,0.794695083666984
3092,0.794178082191781,0.794511189513028
3093,0.8,0.794327470866664
3094,0.792808219178082,0.794144260742295
3095,0.792808219178082,0.793937150984198
3096,0.792808219178082,0.793715471395913
3097,0.786301369863014,0.793492753762729
3098,0.78458904109589,0.793269298097624
3099,0.788698630136986,0.793031266602071
3100,0.787328767123288,0.792792179060842
3101,0.783219178082192,0.79253909171408
3102,0.78458904109589,0.792286418385226
3103,0.787328767123288,0.792034435086217
3104,0.781849315068493,0.79179311514843
3105,0.781849315068493,0.791551913715768
3106,0.786301369863014,0.79131111580056
3107,0.786301369863014,0.791074314358211
3108,0.787328767123288,0.790837809928709
3109,0.787328767123288,0.79060030495593
3110,0.781849315068493,0.790360954903346
3111,0.783219178082192,0.790120047783414
3112,0.781849315068493,0.789877871608592
3113,0.78458904109589,0.789634714391338
3114,0.779109589041096,0.789387329691232
3115,0.78458904109589,0.789139310463681
3116,0.781506849315069,0.788890941721013
3117,0.783219178082192,0.788635439569804
3118,0.783219178082192,0.788379698908278
3119,0.783219178082192,0.788123998748505
3120,0.787328767123288,0.787875687008302
3121,0.78458904109589,0.787628432813841
3122,0.783219178082192,0.78738252117745
3123,0.786986301369863,0.787138237111456
3124,0.78458904109589,0.786899400081061
3125,0.781849315068493,0.786662990155646
3126,0.781506849315069,0.786454036517796
3127,0.778082191780822,0.786253000522406
3128,0.779109589041096,0.786056659730097
3129,0.778767123287671,0.785840584984238
3130,0.778082191780822,0.785608375240493
3131,0.779109589041096,0.785369547810514
3132,0.781849315068493,0.785125862570421
3133,0.778082191780822,0.784858999227808
3134,0.778767123287671,0.784577759563376
3135,0.781849315068493,0.784295600359173
3136,0.778767123287671,0.784009212172053
3137,0.781849315068493,0.783697383784571
3138,0.783219178082192,0.783383471806968
3139,0.78458904109589,0.783067677247937
3140,0.781506849315069,0.782750201116174
3141,0.78458904109589,0.782402968797369
3142,0.780821917808219,0.782052620843804
3143,0.781849315068493,0.781713472074636
3144,0.773630136986301,0.781386617537229
3145,0.775342465753425,0.781075566183356
3146,0.776027397260274,0.780766169701061
3147,0.778082191780822,0.7804900041561
3148,0.773630136986301,0.78022792392037
3149,0.770890410958904,0.779981096044349
3150,0.770890410958904,0.779754234031909
3151,0.770890410958904,0.779531086180117
3152,0.776027397260274,0.779311940501431
3153,0.773630136986301,0.779097085008308
3154,0.778082191780822,0.778886807713205
3155,0.778082191780822,0.778649586552702
3156,0.775342465753425,0.778415454025791
3157,0.780821917808219,0.778184671143762
3158,0.773630136986301,0.77800050217792
3159,0.779109589041096,0.777817299253862
3160,0.773630136986301,0.777635362384565
3161,0.778082191780822,0.777493870564633
3162,0.776027397260274,0.777377976151864
3163,0.770890410958904,0.777275251408721
3164,0.773630136986301,0.77717943746449
3165,0.770890410958904,0.777090891334613
3166,0.770890410958904,0.77699673826222
3167,0.772260273972603,0.776891160395671
3168,0.770890410958904,0.776778698731378
3169,0.768150684931507,0.776617251848332
3170,0.772260273972603,0.77644917797865
3171,0.768150684931507,0.776287957905414
3172,0.773630136986301,0.776150380354786
3173,0.770890410958904,0.775976623639305
3174,0.773630136986301,0.775792473274267
3175,0.770547945205479,0.775624608813642
3176,0.770890410958904,0.775448517097165
3177,0.772260273972603,0.775269900471478
3178,0.770890410958904,0.775091376849813
3179,0.772260273972603,0.774930834505892
3180,0.773630136986301,0.774771964734313
3181,0.778082191780822,0.77461499854507
3182,0.76986301369863,0.774460166948155
3183,0.767808219178082,0.774307700953558
3184,0.768150684931507,0.774112789723082
3185,0.770547945205479,0.773933672375738
3186,0.767123287671233,0.773757321148036
3187,0.767808219178082,0.7735839400488
3188,0.768150684931507,0.773399595275354
3189,0.76986301369863,0.773217710608315
3190,0.767808219178082,0.773038478055987
3191,0.770890410958904,0.772862089626676
3192,0.770890410958904,0.772688737328686
3193,0.767808219178082,0.772518613170323
3194,0.770547945205479,0.772365140932204
3195,0.768150684931507,0.772214386811651
3196,0.767808219178082,0.772066554817488
3197,0.768150684931507,0.77192184895854
3198,0.770890410958904,0.771780473243631
3199,0.767808219178082,0.771642631681583
3200,0.767123287671233,0.771508528281223
3201,0.770890410958904,0.771364229239871
3202,0.767808219178082,0.77121962388527
3203,0.770890410958904,0.771053467998546
3204,0.76986301369863,0.770889085188513
3205,0.767123287671233,0.770726643462437
3206,0.765068493150685,0.770572700203945
3207,0.767808219178082,0.770420134005014
3208,0.770547945205479,0.770269118873171
3209,0.76986301369863,0.770119828815943
3210,0.765068493150685,0.769966048464497
3211,0.767123287671233,0.769846824807728
3212,0.767123287671233,0.769729046913493
3213,0.765068493150685,0.76961644124297
3214,0.761301369863014,0.769509199804468
3215,0.768150684931507,0.769407514606288
3216,0.767808219178082,0.769311577656736
3217,0.767808219178082,0.769221580964118
3218,0.767123287671233,0.769134182083863
3219,0.76541095890411,0.769049117004552
3220,0.767123287671233,0.768941377544508
3221,0.761301369863014,0.768816382538112
3222,0.765068493150685,0.76868705474431
3223,0.759931506849315,0.768549091677007
3224,0.759931506849315,0.768412093151423
3225,0.764383561643836,0.768276188173139
3226,0.764383561643836,0.768141505747733
3227,0.765068493150685,0.76800155899463
3228,0.767123287671233,0.767870155711057
3229,0.764383561643836,0.767751412375064
3230,0.767123287671233,0.767635996182979
3231,0.759931506849315,0.767531114046522
3232,0.765068493150685,0.767430294085766
3233,0.764383561643836,0.767354887024192
3234,0.759931506849315,0.767285207210338
3235,0.75958904109589,0.767200209933959
3236,0.759931506849315,0.767112817954002
3237,0.759931506849315,0.767012112898217
3238,0.759931506849315,0.766914757487313
3239,0.758904109589041,0.766820874726612
3240,0.764383561643836,0.766739605411478
3241,0.757191780821918,0.766645434338306
3242,0.764383561643836,0.766551713284599
3243,0.761301369863014,0.766458562255547
3244,0.762671232876712,0.76634956154095
3245,0.765068493150685,0.766242488409727
3246,0.764383561643836,0.766153987581809
3247,0.768150684931507,0.766066506798012
3248,0.765068493150685,0.765963626348134
3249,0.756849315068493,0.765863123501094
3250,0.757191780821918,0.765765103261434
3251,0.761301369863014,0.765669670633696
3252,0.762671232876712,0.765591068433923
3253,0.759931506849315,0.765516181894863
3254,0.759931506849315,0.765438512135421
3255,0.765068493150685,0.765347793311569
3256,0.759931506849315,0.765260887652647
3257,0.761301369863014,0.765177891162808
3258,0.759931506849315,0.765095365393329
3259,0.759931506849315,0.765019566214795
3260,0.761301369863014,0.764922314008355
3261,0.757191780821918,0.764833908284551
3262,0.761301369863014,0.76474074525498
3263,0.761301369863014,0.764649968828636
3264,0.762671232876712,0.76456826989492
3265,0.762671232876712,0.764488660551586
3266,0.759931506849315,0.764411221802135
3267,0.761301369863014,0.764352574365464
3268,0.764383561643836,0.764295141981346
3269,0.759931506849315,0.764239020653936
3270,0.759931506849315,0.764184306387385
3271,0.762671232876712,0.764131095185846
3272,0.758904109589041,0.76408279099655
3273,0.758904109589041,0.764032650427825
3274,0.759931506849315,0.763987611879777
3275,0.762671232876712,0.763940931960736
3276,0.759931506849315,0.763896241127727
3277,0.759931506849315,0.763853635384905
3278,0.761301369863014,0.763819600112781
3279,0.758904109589041,0.763780326014063
3280,0.756849315068493,0.763742977998653
3281,0.759931506849315,0.763728858787956
3282,0.758904109589041,0.763703643897339
3283,0.759931506849315,0.763680214083932
3284,0.757191780821918,0.763651602446396
3285,0.756849315068493,0.763624520875039
3286,0.759931506849315,0.763599065374015
3287,0.758904109589041,0.763575331947475
3288,0.761301369863014,0.763553416599573
3289,0.759931506849315,0.76353341533446
3290,0.75958904109589,0.763515424156289
3291,0.759931506849315,0.763492923183057
3292,0.759931506849315,0.763473071324406
3293,0.75958904109589,0.763455958584231
3294,0.761301369863014,0.763448290852579
3295,0.759931506849315,0.763443095227853
3296,0.758904109589041,0.763416179563673
3297,0.758904109589041,0.763394308917704
3298,0.75958904109589,0.763366731424898
3299,0.758904109589041,0.763340134974524
3300,0.756164383561644,0.763314591569698
3301,0.759931506849315,0.763290173213533
3302,0.758904109589041,0.763266951909144
3303,0.75958904109589,0.76323838377349
3304,0.759931506849315,0.763208295772096
3305,0.756849315068493,0.763183593303642
3306,0.75958904109589,0.763160807918108
3307,0.758904109589041,0.763140005618348
3308,0.75958904109589,0.763121252407218
3309,0.757191780821918,0.763058666400191
3310,0.761301369863014,0.76300189374461
3311,0.759931506849315,0.762943898536148
3312,0.761301369863014,0.762884713776236
3313,0.757191780821918,0.7628243724663
3314,0.757191780821918,0.762762907607766
3315,0.75958904109589,0.762700352202064
3316,0.759931506849315,0.762636739250619
3317,0.757191780821918,0.762586239566361
3318,0.757191780821918,0.762539880361191
3319,0.756849315068493,0.762512753487875
3320,0.759931506849315,0.762488382233748
3321,0.764383561643836,0.762466829601533
3322,0.756164383561644,0.762448158593958
3323,0.758904109589041,0.762424683778605
3324,0.758904109589041,0.762402398514702
3325,0.757191780821918,0.762381359804717
3326,0.756849315068493,0.762347486839613
3327,0.759931506849315,0.76231405639365
3328,0.75958904109589,0.762266975657271
3329,0.759931506849315,0.762219509404218
3330,0.756164383561644,0.762171690635918
3331,0.759931506849315,0.762123552353798
3332,0.757191780821918,0.762075127559285
3333,0.761301369863014,0.76201983336765
3334,0.759931506849315,0.761964765685814
3335,0.759931506849315,0.761924089326443
3336,0.758904109589041,0.761884611518914
3337,0.758904109589041,0.761846371264911
3338,0.757191780821918,0.761809407566124
3339,0.75958904109589,0.761773759424239
3340,0.757191780821918,0.761739465840942
3341,0.759931506849315,0.761706565817921
3342,0.75958904109589,0.761681714243018
3343,0.756164383561644,0.76165788721243
3344,0.761301369863014,0.761635129728103
3345,0.756164383561644,0.761599348980482
3346,0.756849315068493,0.761563809743306
3347,0.757191780821918,0.761528545018005
3348,0.758904109589041,0.761493587806004
3349,0.756164383561644,0.761458971108731
3350,0.758904109589041,0.761424727927614
3351,0.756164383561644,0.761390891264081
3352,0.758904109589041,0.761357494119557
3353,0.750342465753425,0.761351033040097
3354,0.757191780821918,0.761316825860537
3355,0.757191780821918,0.761283181205308
3356,0.750342465753425,0.761250132075837
3357,0.751712328767123,0.761207108114927
3358,0.756849315068493,0.761164057152848
3359,0.756849315068493,0.761121003190639
3360,0.754109589041096,0.761077970229338
3361,0.756164383561644,0.761045585628611
3362,0.756164383561644,0.761010424107773
3363,0.754109589041096,0.760979358064076
3364,0.756849315068493,0.76094911255587
3365,0.756164383561644,0.760919720584582
3366,0.754109589041096,0.76089121515164
3367,0.756849315068493,0.76086362925847
3368,0.757191780821918,0.760830380020344
3369,0.757191780821918,0.76079856334418
3370,0.756849315068493,0.760764671778272
3371,0.753424657534247,0.760732037266734
3372,0.748630136986301,0.760700683810606
3373,0.756164383561644,0.760670635410926
3374,0.756164383561644,0.760634847162981
3375,0.758904109589041,0.760599952953705
3376,0.754109589041096,0.760565970783877
3377,0.756849315068493,0.760532918654277
3378,0.757191780821918,0.760504575528355
3379,0.756164383561644,0.76044765646644
3380,0.75958904109589,0.760400581430308
3381,0.753424657534247,0.760356734533803
3382,0.757191780821918,0.760316115776924
3383,0.757191780821918,0.760275417216593
3384,0.756849315068493,0.760238170305556
3385,0.756164383561644,0.760204372043683
3386,0.756849315068493,0.760174019430845
3387,0.756164383561644,0.76014710946691
3388,0.750342465753425,0.760123639151751
3389,0.750342465753425,0.760106913428315
3390,0.756164383561644,0.760093397843727
3391,0.758904109589041,0.760058351227859
3392,0.756164383561644,0.760048063782898
3393,0.757191780821918,0.760037794338715
3394,0.757191780821918,0.760004387293763
3395,0.754109589041096,0.759990235081639
3396,0.759931506849315,0.760001947588239
3397,0.757191780821918,0.759997126379708
3398,0.756164383561644,0.759992311171436
3399,0.758904109589041,0.7600051742278
3400,0.756164383561644,0.760019190834059
3401,0.753424657534247,0.760007912446236
3402,0.754109589041096,0.759986373914632
3403,0.753424657534247,0.75996869204984
3404,0.756164383561644,0.759941614078639
3405,0.757191780821918,0.759926313716854
3406,0.756849315068493,0.759919682530036
3407,0.754109589041096,0.759944852118694
3408,0.756849315068493,0.7599470833152
3409,0.756164383561644,0.759954627741518
3410,0.756849315068493,0.75998332158261
3411,0.756164383561644,0.760021872950069
3412,0.758904109589041,0.760030130507232
3413,0.756849315068493,0.760063253439895
3414,0.750342465753425,0.760087241277438
3415,0.756849315068493,0.760109135924445
3416,0.756164383561644,0.760135520265644
3417,0.756849315068493,0.760166361299609
3418,0.757191780821918,0.760183953760533
3419,0.756164383561644,0.760161786101717
3420,0.756164383561644,0.760145719206778
3421,0.756164383561644,0.760135666071951
3422,0.756164383561644,0.760131539693473
3423,0.757191780821918,0.760129718614706
3424,0.750342465753425,0.760136955227711
3425,0.75958904109589,0.760162859848161
3426,0.753424657534247,0.760196527604388
3427,0.756164383561644,0.760234578550202
3428,0.750342465753425,0.760276940682487
3429,0.751712328767123,0.760312938639504
3430,0.758904109589041,0.760342944437341
3431,0.756164383561644,0.760377924450328
3432,0.753424657534247,0.760417788674571
3433,0.756849315068493,0.760455378200427
3434,0.758904109589041,0.7604972129099
3435,0.756164383561644,0.760543196798836
3436,0.754452054794521,0.760593233863085
3437,0.754109589041096,0.760647228098492
3438,0.756164383561644,0.760705083500906
3439,0.756164383561644,0.760766704066174
3440,0.758904109589041,0.760831993790144
3441,0.758904109589041,0.760900856668663
3442,0.754109589041096,0.760980265603329
3443,0.756849315068493,0.761063514704094
3444,0.751712328767123,0.761150513967065
3445,0.753424657534247,0.761207640937972
3446,0.757191780821918,0.761263051234628
3447,0.756849315068493,0.761330756663084
3448,0.756164383561644,0.761393644483165
3449,0.756849315068493,0.761461736028322
3450,0.75958904109589,0.761534902292974
3451,0.762671232876712,0.761616322214623
3452,0.756164383561644,0.761699027391862
3453,0.756849315068493,0.761786423271987
3454,0.756506849315069,0.761885449755169
3455,0.75958904109589,0.761992902402808
3456,0.757191780821918,0.762101818813758
3457,0.761301369863014,0.762202152153466
3458,0.759931506849315,0.762294673455281
3459,0.759931506849315,0.762393373524345
3460,0.75958904109589,0.762498105354301
3461,0.761301369863014,0.762585113317647
3462,0.759931506849315,0.762678517557651
3463,0.756849315068493,0.762778150067046
3464,0.756164383561644,0.762883842838565
3465,0.757191780821918,0.762968964320316
3466,0.761301369863014,0.763061598126997
3467,0.759931506849315,0.763161552250303
3468,0.75958904109589,0.763268634681929
3469,0.756164383561644,0.763386640886039
3470,0.759931506849315,0.763512526930976
3471,0.757191780821918,0.763646103808563
3472,0.756849315068493,0.763787182510626
3473,0.759931506849315,0.76393557402899
3474,0.757191780821918,0.764080485996853
3475,0.757191780821918,0.764231644234885
3476,0.761301369863014,0.764388850734522
3477,0.764383561643836,0.764548599544121
3478,0.757191780821918,0.764714224107864
3479,0.765068493150685,0.764885523417056
3480,0.762671232876712,0.765039140861456
3481,0.764383561643836,0.765196287658511
3482,0.759931506849315,0.765360273251363
3483,0.762671232876712,0.765530872630281
3484,0.759931506849315,0.76570169791897
3485,0.756849315068493,0.765880040032783
3486,0.759931506849315,0.766035896474026
3487,0.762671232876712,0.766200819307417
3488,0.765068493150685,0.766374550521796
3489,0.759931506849315,0.766550216219847
3490,0.762671232876712,0.766734621295901
3491,0.762671232876712,0.76692750173854
3492,0.761301369863014,0.767128593536343
3493,0.767123287671233,0.767327255829064
3494,0.761301369863014,0.767533365943924
3495,0.767808219178082,0.767746650869115
3496,0.767808219178082,0.767953605820517
3497,0.768150684931507,0.768138312109599
3498,0.770547945205479,0.768325651912589
3499,0.76541095890411,0.768522376121482
3500,0.764383561643836,0.768728166722522
3501,0.76541095890411,0.768939397758877
3502,0.767123287671233,0.769159282669537
3503,0.76541095890411,0.769387500440617
3504,0.762671232876712,0.769582222662918
3505,0.767123287671233,0.769811969300127
3506,0.767123287671233,0.770049943793214
3507,0.765068493150685,0.770295813127776
3508,0.767123287671233,0.770519472801705
3509,0.767123287671233,0.770752372875308
3510,0.768150684931507,0.770994153333014
3511,0.765068493150685,0.771244454159251
3512,0.767123287671233,0.771496299452291
3513,0.76541095890411,0.771736544443583
3514,0.767808219178082,0.771986011833771
3515,0.767123287671233,0.772244317606244
3516,0.76541095890411,0.772504461858238
3517,0.765068493150685,0.772769815535554
3518,0.767123287671233,0.773026980358678
3519,0.767123287671233,0.773290365650856
3520,0.770547945205479,0.773563547866779
3521,0.770890410958904,0.773832884216357
3522,0.76986301369863,0.774112089492795
3523,0.772260273972603,0.774400740677796
3524,0.770890410958904,0.77466864326536
3525,0.770547945205479,0.774937233482666
3526,0.770890410958904,0.775216655668486
3527,0.770890410958904,0.775506450802966
3528,0.768150684931507,0.775806159866252
3529,0.770547945205479,0.776118858291366
3530,0.76986301369863,0.776448983570242
3531,0.770890410958904,0.776790602346244
3532,0.778082191780822,0.777143264599909
3533,0.775342465753425,0.777496596482537
3534,0.772260273972603,0.777837813241152
3535,0.775342465753425,0.778148399274898
3536,0.773630136986301,0.778447319904082
3537,0.778082191780822,0.77876230772822
3538,0.772260273972603,0.779092819723822
3539,0.772260273972603,0.779438312867402
3540,0.778082191780822,0.779788093796442
3541,0.778082191780822,0.780148679392815
3542,0.781849315068493,0.78052304908539
3543,0.772260273972603,0.780885906680033
3544,0.778767123287671,0.781243292037986
3545,0.775342465753425,0.78163702756819
3546,0.780821917808219,0.782036771758285
3547,0.778767123287671,0.782420968375903
3548,0.778767123287671,0.7828024756772
3549,0.780821917808219,0.783158432073346
3550,0.778082191780822,0.783523763574993
3551,0.776027397260274,0.783901356606986
3552,0.779109589041096,0.784269219618129
3553,0.775342465753425,0.784667374639489
3554,0.781849315068493,0.785081932870335
3555,0.783219178082192,0.785526375093749
3556,0.779109589041096,0.785983516566443
3557,0.786986301369863,0.786456243713263
3558,0.787328767123288,0.786902401110865
3559,0.781506849315069,0.787376949936477
3560,0.781849315068493,0.787823889167896
3561,0.790068493150685,0.788260180038741
3562,0.779109589041096,0.788711551061846
3563,0.783219178082192,0.789205542828423
3564,0.787328767123288,0.789690919122356
3565,0.786301369863014,0.790178457309796
3566,0.786986301369863,0.790682457209253
3567,0.787328767123288,0.791202174788545
3568,0.786986301369863,0.791736866015492
3569,0.786986301369863,0.792279170971754
3570,0.791780821917808,0.792874740531864
3571,0.788698630136986,0.793486923310545
3572,0.792808219178082,0.794115002276782
3573,0.787328767123288,0.794687237830261
3574,0.792465753424658,0.795266450334729
3575,0.792465753424658,0.795852661726668
3576,0.792808219178082,0.796445893942559
3577,0.8,0.797046168918881
3578,0.788698630136986,0.797653508592119
3579,0.794178082191781,0.79826793489875
3580,0.797260273972603,0.798889469775257
3581,0.792808219178082,0.799518135158119
3582,0.794178082191781,0.800153952983821
3583,0.797260273972603,0.800796945188839
3584,0.797945205479452,0.801447133709657
3585,0.794178082191781,0.802104540482754
3586,0.797260273972603,0.802769187444613
3587,0.797260273972603,0.803441096531716
3588,0.8,0.80412028968054
3589,0.801027397260274,0.804806788827568
3590,0.800684931506849,0.805500615909281
3591,0.8,0.80620179286216
3592,0.808904109589041,0.806910341622686
3593,0.794178082191781,0.80762628412734
3594,0.802739726027397,0.808349642312602
3595,0.803767123287671,0.809080438114955
3596,0.803767123287671,0.809818693470877
3597,0.809246575342466,0.810564430316851
3598,0.80513698630137,0.811317670589358
3599,0.808219178082192,0.812078436224879
3600,0.80513698630137,0.812846749159893
3601,0.811986301369863,0.813622631330884
3602,0.809246575342466,0.81440610467433
3603,0.809246575342466,0.815197191126714
3604,0.810958904109589,0.815995912624516
3605,0.806506849315068,0.816802291104218
3606,0.810958904109589,0.817616348502299
3607,0.809246575342466,0.818438106755241
3608,0.811986301369863,0.819267587799527
3609,0.821917808219178,0.820104813571634
3610,0.819178082191781,0.820949806008046
3611,0.821917808219178,0.821802587045242
3612,0.81472602739726,0.822663178619705
3613,0.821917808219178,0.823531602667914
3614,0.822945205479452,0.82440788112635
3615,0.822945205479452,0.825292035931497
3616,0.821917808219178,0.826184089019832
3617,0.822602739726027,0.827084062327838
3618,0.822945205479452,0.827991977791996
3619,0.825342465753425,0.828907857348786
3620,0.824657534246575,0.829831722934689
3621,0.824657534246575,0.830763596486187
3622,0.825684931506849,0.831703499939761
3623,0.827054794520548,0.832651455231891
3624,0.836301369863014,0.833607484299058
3625,0.831164383561644,0.834571609077743
3626,0.830821917808219,0.835543851504427
3627,0.836301369863014,0.836524233515591
3628,0.831164383561644,0.837512777047718
3629,0.836301369863014,0.838509504037284
3630,0.836301369863014,0.839514436420775
3631,0.838013698630137,0.84052759613467
3632,0.839383561643836,0.84154900511545
3633,0.843835616438356,0.842578685299595
3634,0.836643835616438,0.843616658623587
3635,0.836643835616438,0.844662947023907
3636,0.843835616438356,0.845717572437035
3637,0.843835616438356,0.846780556799454
3638,0.843835616438356,0.847851922047642
3639,0.847602739726027,0.848931690118082
3640,0.847602739726027,0.850019882947256
3641,0.84486301369863,0.851116522471642
3642,0.847602739726027,0.852221630627723
3643,0.848972602739726,0.853335229351978
3644,0.847602739726027,0.854457340580891
3645,0.848972602739726,0.855587986250941
3646,0.853082191780822,0.856727188298608
3647,0.854794520547945,0.857874968660375
