Pixel,card01_MeanReferenceCorrectedRatio,card02_MeanReferenceCorrectedRatio,card03_MeanReferenceCorrectedRatio,card04_MeanReferenceCorrectedRatio,card06_MeanReferenceCorrectedRatio,card07_MeanReferenceCorrectedRatio,card08_MeanReferenceCorrectedRatio
21,0.6328762568361876,0.6439614399977013,0.6026943771598405,0.5579315812156306,0.5842984747030877,0.5935642218407002,0.5522888256088941
22,0.6328326731254051,0.643977654138183,0.6026625801514089,0.5579109077432323,0.5843070985075939,0.5935735940009377,0.5523087100785121
23,0.6327908112322355,0.6439991317299631,0.6026352313294108,0.5578972969641602,0.5843245831423145,0.5935897801194938,0.5523261590712047
24,0.6327418142203437,0.6440190800573556,0.602607840712522,0.5578849551611095,0.5843371591737764,0.5935981724352193,0.5523402845778238
25,0.6326903927064811,0.6440383950894348,0.6025804273819012,0.5578645757174182,0.5843501800185941,0.5936126772338708,0.5523555310650359
26,0.632640131153024,0.6440512156862117,0.6025496604355502,0.5578442238260394,0.584356931298722,0.5936253543390247,0.5523718698075105
27,0.6325910352582282,0.644058775897687,0.6025149472279435,0.5578239124796396,0.5843603628500114,0.593637989383563,0.5523892720653406
28,0.6325431107130701,0.6440664361195062,0.6024807740962891,0.5578036546734927,0.5843707876300207,0.5936447153963668,0.5524152473809448
29,0.6324884163059258,0.6440702837314728,0.6024437721727933,0.557772267116694,0.5843754180704296,0.593647678852919,0.5524381295419355
30,0.6324329290873587,0.6440644260561387,0.6024092393749495,0.5577417152290267,0.5843811787182251,0.5936546067326621,0.5524650793687446
31,0.6323740326782186,0.6440508356160726,0.6023594606970224,0.5577006286005562,0.5843823118151135,0.5936552611407702,0.5524878667421524
32,0.6323173789673229,0.64403882788973,0.6023114590403631,0.557657800846165,0.5843798862245209,0.5936567293564571,0.5525114095428092
33,0.6322629591661526,0.6440258608685645,0.602274445782915,0.5576151261114249,0.5843800752787163,0.5936682106992733,0.5525356814030529
34,0.632214115534375,0.6440070487592079,0.6022251759025691,0.5575693559682631,0.5843785991608738,0.5936714746471907,0.552560655950753
35,0.6321672620336871,0.6439870581735974,0.6021746119002188,0.5575291955119097,0.5843748124587986,0.593668754591957,0.5525762533612804
36,0.6321223929084236,0.6439694286169823,0.6021296749448023,0.5575011046686458,0.5843731501306589,0.5936630012012191,0.5525931793702445
37,0.6320853672913924,0.6439507678385242,0.6020800743511927,0.5574751753743696,0.5843735716421059,0.5936586652855906,0.5526113985352307
38,0.6320490807680952,0.643937964016024,0.6020321199981207,0.5574454816344823,0.584378550056827,0.5936557220234097,0.5526199831322609
39,0.6320135894095982,0.6439340986768217,0.6019833412508545,0.5574190621733889,0.5843811720757905,0.5936440918603367,0.5526414179006844
40,0.6319806243790475,0.6439328131883223,0.6019414913032533,0.5573966336806423,0.5843967646717216,0.5936403488989895,0.5526640296327161
41,0.631949289224285,0.6439398817807829,0.601907946107412,0.5573788578415481,0.5844128195230882,0.5936390358044811,0.5526877828625688
42,0.6319142874544184,0.6439552876617902,0.6018814426646595,0.5573574817008886,0.5844253015491565,0.5936309030821727,0.5527080105656215
43,0.6318754052255643,0.6439713448002429,0.6018599747027947,0.5573374900175118,0.5844452713503842,0.5936290013672784,0.5527304591106021
44,0.6318388984425253,0.6439880315776751,0.6018483402643248,0.5573222291885161,0.584467267505943,0.5936439065531633,0.5527541942782035
45,0.6318114599742186,0.6440086784911732,0.6018375927187333,0.557308115223476,0.5844912013052708,0.5936594843953948,0.5527791771725784
46,0.6317901118245854,0.6440313615730502,0.6018302530618005,0.5573026879813046,0.58451782284289,0.5936757168933109,0.5528053688949666
47,0.6317728897479853,0.6440484064498964,0.601825320384811,0.5572978931640182,0.5845503406448397,0.5936925860444906,0.5528453016309508
48,0.6317571082710655,0.6440660586281011,0.6018235287802943,0.5572895445184141,0.5845833576412565,0.5937176166958533,0.5528855166287998
49,0.6317427681648088,0.6440792670181894,0.6018146617952767,0.5572821196634266,0.5846109824167344,0.5937385481416764,0.5529259863257983
50,0.6317298702050558,0.6440950537250387,0.6018051083847845,0.5572756190414544,0.5846453202660474,0.5937564901353648,0.5529666831525757
51,0.6317184151721215,0.6441124405267685,0.6017958259447624,0.5572700430975701,0.5846792400407483,0.5937758447583198,0.5530008742322376
52,0.6317151093365438,0.6441271545078209,0.6017851992649673,0.5572653922792778,0.5847144500645935,0.5937973756168015,0.5530423954710019
53,0.6317211773802761,0.6441528086077632,0.6017742400950318,0.5572616670362677,0.5847508683977305,0.593822628736249,0.5530790257768119
54,0.6317310310809184,0.6441895345634425,0.6017697690088659,0.5572597060529293,0.5847875756167569,0.593846332700877,0.5531161063481136
55,0.6317226638999488,0.6442080776443282,0.6017664171312082,0.5572577767018911,0.5848245478474722,0.5938761322219669,0.5531519285312188
56,0.6317090737041253,0.6442615903758002,0.6017599976676553,0.5572576133235216,0.5848693057334329,0.5939032342648668,0.5531882498769203
57,0.631704126725815,0.6443058134762814,0.6017566662097937,0.5572641896307982,0.5849196396484005,0.5939303144914166,0.553226713327631
58,0.6317073651504199,0.6443555139715006,0.6017571487764881,0.557271242536374,0.5849692682006365,0.5939607149829019,0.5532722020387315
59,0.6317124687294164,0.6444018552397093,0.6017671464658225,0.5572787785434424,0.5850274014633448,0.5940025817399477,0.5533250696113007
60,0.6317244180018948,0.6444466327125667,0.6017860981499907,0.5572918344187807,0.5850917285502755,0.5940450539781563,0.5533847807450438
61,0.6317393378863809,0.644488825503583,0.6018058970580377,0.5573060641772468,0.585150061397792,0.5940905608777611,0.5534409412752925
62,0.6317551372356228,0.6445272945560219,0.6018172687881271,0.5573150605642584,0.5852044822054034,0.594119586891276,0.5534932460700583
63,0.6317722004232595,0.6445644299524942,0.6018342387388946,0.5573245274459387,0.5852608294333906,0.5941523626905119,0.5535479887119503
64,0.6317930016049513,0.6446019098046691,0.6018548032770518,0.5573353104133261,0.5853171974548572,0.5941911147431137,0.5536082795423333
65,0.6318223612407448,0.6446438143495197,0.6018753996499916,0.5573565829183423,0.5853709584245944,0.5942328728485416,0.5536669441915054
66,0.6318547017417624,0.6446838808334105,0.601896048376029,0.5573784505002072,0.5854288788487944,0.5942689734591282,0.5537281671143817
67,0.6318913667924826,0.6447177374515165,0.6019142465220927,0.5573935059407858,0.585475532248126,0.5943014083490343,0.5537901741809803
68,0.631927158148064,0.6447500675927648,0.6019327083152674,0.5574137679167368,0.5855207060690132,0.5943261332615525,0.5538492302303195
69,0.6319545637088768,0.6447800368490701,0.6019573214751268,0.5574271696702693,0.5855643987853887,0.5943536649285753,0.5538944898382996
70,0.6319816739599989,0.6448085444179641,0.6019784843240489,0.5574400501397834,0.5856049318300859,0.5943846111594749,0.5539384823859669
71,0.632007812085232,0.6448299118667332,0.6019922625892665,0.5574489437985162,0.5856465493179178,0.5944060863283769,0.5539835174937416
72,0.6320084670130508,0.6448558898401966,0.6020025232205943,0.5574519965434862,0.5856841716336466,0.5944187076495453,0.5540247800840274
73,0.6320324665458922,0.6448720251896095,0.6020129260597896,0.5574536692225442,0.5857187418497958,0.594428042406349,0.5540563529271062
74,0.6320414453078952,0.6448788872608974,0.6020235376012704,0.5574558085604645,0.585750370055011,0.5944376587179045,0.5540938834688278
75,0.6320515407059675,0.6448845851685008,0.6020352621814935,0.5574593072301918,0.5857791648033083,0.5944550882917848,0.5541301893804029
76,0.6320552152335275,0.6448883249623953,0.6020481081766338,0.5574650005630375,0.5858069103498365,0.5944722584397565,0.5541585471028727
77,0.632065267125177,0.6449043785020828,0.6020721823588733,0.5574813405187375,0.5858434251648208,0.5944991316829166,0.5541912060529276
78,0.6320892297854437,0.6449193943592333,0.6020967136600196,0.5574983432946367,0.5858765356092432,0.5945250553562473,0.5542226999152311
79,0.6321069717002026,0.6449400792365985,0.6021217195367776,0.5575160148064592,0.5859080332023011,0.5945500294824717,0.5542530124110562
80,0.6321323842786223,0.6449592675154852,0.6021463786953554,0.5575343609670746,0.5859379173818415,0.5945665053422087,0.5542754172659631
81,0.632158317448674,0.6449752846293795,0.6021716039485273,0.5575550652485995,0.5859619936803954,0.5945825411898428,0.554297061068526
82,0.6321814347817623,0.6449957960553105,0.6021965731820339,0.5575771815817319,0.5859847385089232,0.594598130269308,0.5543112110038387
83,0.6321957044219714,0.6450097747218329,0.6022146210583031,0.557591967111337,0.5859987741184718,0.5946057840995158,0.554318033392256
84,0.6322131020495412,0.6450164369984112,0.6022355296756241,0.5576078146214296,0.5860136446796013,0.5946134824491297,0.5543350115474797
85,0.6322451305821737,0.6450252205686974,0.6022558299750717,0.5576290973148407,0.5860250903160391,0.5946187178026053,0.55435239529657
86,0.6322776145487522,0.6450327421945714,0.602275655786749,0.5576511488216641,0.5860357255437562,0.5946241391042382,0.5543623479616097
87,0.6322946353535194,0.6450331296725856,0.6022968073169717,0.5576722963817532,0.5860446998808448,0.5946297306411982,0.5543720092638385
88,0.6323073567204262,0.64503432989606,0.6023192921831402,0.5576943361610034,0.5860512194498414,0.5946354766987323,0.5543813485621522
89,0.6323220539323764,0.6450337076115304,0.6023422790562588,0.5577214664277801,0.5860579020054637,0.5946413615600241,0.5544054362416474
90,0.6323387279449696,0.6450304768383521,0.6023641542509941,0.5577383061941713,0.5860629991270788,0.594650725367792,0.5544130195710973
91,0.6323713466541186,0.6450372479319458,0.6024010755163167,0.5577708989086937,0.5860772275215498,0.5946699483239338,0.5544462857340889
92,0.6324050020870401,0.6450424607806509,0.6024336412925724,0.5578047171480331,0.5860959487331376,0.5946875271542921,0.5544622581716123
93,0.6324539718251642,0.6450461191431576,0.6024689203159996,0.5578405537468971,0.5861086927130457,0.594707709985478,0.5544829249035791
94,0.63249465156211,0.6450482267871391,0.602505133314257,0.5578791457118164,0.5861207772110936,0.5947294267741002,0.5544961215259125
95,0.6325360248889764,0.6450487874896897,0.6025448112803908,0.55791446196308,0.5861296246621102,0.5947550235463701,0.5545106199443857
96,0.632583145477071,0.6450394134931013,0.602586119680691,0.5579501004339124,0.5861370237746464,0.5947858396749531,0.554522872852148
97,0.6326390490993115,0.645029066585004,0.6026323744895565,0.5579902688950421,0.5861471661432465,0.5948180707523321,0.5545371141866642
98,0.6326805596819456,0.6450194294006157,0.602656570665062,0.5580185325245081,0.5861499831011113,0.5948223440233241,0.5545435998101954
99,0.6327125365988822,0.6450096400922364,0.602676090037136,0.5580366220369138,0.5861589629297644,0.5948178338141848,0.554526872957898
100,0.6327392777117115,0.6450009627276005,0.6026945632687986,0.5580571172519891,0.5861632357189385,0.5948148700172246,0.5545363835776753
101,0.6327609828148472,0.6449985254130144,0.6027004209913922,0.5580712418974999,0.5861618062022372,0.594813596100565,0.5545433988558569
102,0.632778755532312,0.6449916684902514,0.6027010725880695,0.5580741875772975,0.5861556773940799,0.594804502348814,0.5545377887784799
103,0.6327679975648831,0.6449870692404491,0.6027043948878394,0.5580714908550659,0.5861386153717774,0.5947956402246247,0.5545349166452926
104,0.6327668363744448,0.6449676682826249,0.6027017569356279,0.5580682203757148,0.5861175396899838,0.5947846807899766,0.5545255952660535
105,0.6327745040478465,0.6449503703130485,0.6027026187448296,0.5580682688540025,0.5860887221958714,0.594774572814436,0.5544996356028514
106,0.6327591754842656,0.6449316927942814,0.602709613952747,0.5580655811189112,0.5860507501299622,0.5947711846832624,0.5544576553069925
107,0.6327434648790086,0.6449032406332208,0.6027066159468429,0.5580612003723048,0.5860126631709234,0.594762498198782,0.5544233630704449
108,0.6327215760763669,0.6448734686231123,0.6026942755485025,0.5580596599703231,0.585982208942199,0.5947554057823552,0.5543847516495835
109,0.6327027846598899,0.644830337199912,0.602676363177383,0.5580532240851568,0.5859464182662418,0.594742967082805,0.5543479569107581
110,0.6326721882729095,0.6447779921796186,0.6026590703408153,0.5580316017326719,0.585888068882454,0.5947137756545459,0.5543188417189573
111,0.6326581695463176,0.644735207939555,0.6026424262622715,0.5580276675418328,0.5858346899917987,0.5946846441591476,0.5543034002937668
112,0.6326303761346648,0.6446834021189531,0.6026235156074338,0.5580151464199289,0.5857815920325411,0.5946562349121305,0.5542824534435445
113,0.6325897109622781,0.644626007241933,0.6025920101979411,0.5579933817995578,0.5857196701396716,0.5946214059641028,0.5542556155512096
114,0.6325545616976103,0.6445738960324867,0.602565429441916,0.5579643188460505,0.5856635849844625,0.5945767457774238,0.5542272403056397
115,0.6325328915930483,0.644521979060616,0.6025403621652659,0.5579343016748839,0.5856122025198752,0.5945304501922127,0.5542157156621054
116,0.6325145223881428,0.6444631407913072,0.6025185506838726,0.5579069817312956,0.5855781162451266,0.594487676828398,0.5541996642957534
117,0.6324910715298055,0.6444042131507098,0.6024982646175061,0.557885230068096,0.5855358896152824,0.5944486621308678,0.5541938378883395
118,0.6324696129034801,0.644351418270066,0.6024794531069644,0.5578685048372469,0.5854906787024963,0.5944144271774785,0.5541876067498124
119,0.6324556918805093,0.6442953478734028,0.6024553461674229,0.5578534023937849,0.5854565536076072,0.5943775972709682,0.5541749988141702
120,0.6324347373699182,0.6442508540250091,0.602437552805946,0.5578382560600084,0.5854368486085312,0.594351353548005,0.5541621966776418
121,0.6324434444694148,0.6442166631820022,0.6024319404779149,0.5578353704788551,0.5854296599867475,0.5943508278527356,0.5541629544826662
122,0.6324470745658111,0.6441856001859487,0.6024316797944976,0.5578340870159672,0.5854209200230779,0.5943474990496462,0.5541639359031822
123,0.6324375557646731,0.6441487722659642,0.602415287890982,0.5578362049259773,0.585405251170664,0.5943348918851499,0.5541620829769764
124,0.6324405135556181,0.6441182536862539,0.6024055999696597,0.557835740690423,0.5853822273300693,0.5943182445245099,0.5541711041217943
125,0.6324565037521825,0.6441056067279654,0.6024112746595993,0.5578466147804624,0.5853820493686425,0.5943025329944872,0.5541908516604989
126,0.6324663523610884,0.6440954263228618,0.6024153654419047,0.5578678315727661,0.585384895909873,0.5942985777908867,0.5542123068556263
127,0.6324684104718681,0.6440852440155398,0.6024087312588184,0.5578816265516764,0.5853845498522858,0.5942909011005354,0.5542257183492884
128,0.6324800343443259,0.644089301050615,0.6024165495868252,0.5579016720872769,0.5853961237576975,0.5942927639240206,0.5542435384597733
129,0.6324847181592892,0.6440887086798951,0.6024133163139289,0.5579177754477614,0.585403265895297,0.5942841619071622,0.554255555305861
130,0.6324785918724068,0.6440890078602409,0.6024172752015836,0.5579324412239068,0.5854045914618059,0.5942715772315428,0.55425806918447
131,0.6324739458850359,0.64409556440463,0.6024189639648635,0.5579436969765011,0.5853869139695893,0.5942622293711024,0.5542633168858349
132,0.6324737998280775,0.6441116067830759,0.6024299596190392,0.5579490757763177,0.5853744171204164,0.594264443039353,0.5542750285179808
133,0.632473458218475,0.6441317353390603,0.602441470196728,0.5579604150157768,0.5853695693362212,0.5942761033479,0.5542868878007846
134,0.6324927704413803,0.6441690275410054,0.602460307685487,0.5579785461932706,0.5853816729317207,0.5943051363312093,0.5543094582023954
135,0.632510687387429,0.6442105799251119,0.6024793447097253,0.557997475585775,0.5853959102433074,0.5943325584636701,0.5543377987043355
136,0.6325361663177708,0.6442612091405684,0.6025168187814194,0.5580240681417806,0.5854115583120707,0.5943529711719029,0.5543660679814497
137,0.6325761449640372,0.6443108810354884,0.6025544876732718,0.5580616622733875,0.5854332811493724,0.5943797641731174,0.5543960437931356
138,0.6326164883846065,0.6443655467992873,0.6025998896941539,0.5581022236330182,0.5854667835095245,0.5944188630593878,0.5544259145771692
139,0.6326538341991899,0.6444182719036993,0.6026543434213181,0.5581421519487566,0.5855044294177636,0.5944676295548853,0.554457402045017
140,0.6326881332250707,0.6444670179739825,0.60270211973521,0.5581802238934818,0.5855403878887994,0.5945086794452797,0.5544823573435107
141,0.6327401536061137,0.6445175332055431,0.6027629243798498,0.5582304907301225,0.5855869865351686,0.5945564673708243,0.5545148209676432
142,0.6328015692006692,0.6445846736482851,0.6028461624335796,0.5582851709594263,0.5856421029841797,0.594612366800167,0.5545534972128126
143,0.6328593780766217,0.6446555100814882,0.6029181302363174,0.5583432870693826,0.5856892640832552,0.5946627859582667,0.5545994672018462
144,0.6329309405436933,0.6447390179247087,0.6029959377521014,0.5584039903047422,0.5857360141668644,0.5947147161549267,0.5546408745238688
145,0.6330104852974323,0.6448204930076916,0.603072760104975,0.5584614073341444,0.585784022182016,0.5947664271930609,0.554683036497166
146,0.6330791487979374,0.6448902688823657,0.6031504025711232,0.5585218259620673,0.5858419085504075,0.5948187661148768,0.5547466221091448
147,0.6331423284215231,0.6449649081481861,0.6032134415692828,0.5585805330961553,0.5858964342560826,0.5948680914765457,0.5547976033162627
148,0.6332102501339769,0.6450379982151991,0.6032767806221963,0.5586410412682242,0.5859585124825342,0.5949148231699879,0.5548597664515553
149,0.6332684436958778,0.645104183692278,0.6033443740437591,0.558684919352134,0.5860216337305608,0.5949604936439726,0.5549180529558752
150,0.6333225349566435,0.645164323599851,0.6034004103792087,0.5587362000920941,0.5860854520176444,0.5950060013161661,0.5549734473533443
151,0.6333618955311066,0.6452146104304359,0.6034535145404847,0.558781414656225,0.5861460887356806,0.5950551451562928,0.5549978814851781
152,0.633393264657977,0.6452526209402493,0.6035080516365543,0.558823513330949,0.586209250285298,0.5950998501732888,0.5550270107708405
153,0.6334104517006784,0.6452793978234603,0.6035570062387793,0.5588611864026964,0.5862679281109692,0.5951344089144673,0.5550648339958768
154,0.6334314722958856,0.6452933972719356,0.6036077575925504,0.5588948598006247,0.5863204741118384,0.5951682292176185,0.5550927657513582
155,0.6334406596505372,0.6453099509662702,0.6036536693780032,0.5589148753485418,0.5863645687289759,0.5951941221805246,0.5551147493424933
156,0.6334442075286666,0.6453236548800803,0.6037013390269812,0.5589318103828602,0.5863974495420308,0.5952198668109034,0.5551273932760636
157,0.6334409303881612,0.6453379983085459,0.6037412478314534,0.5589506133740065,0.5864258156891791,0.5952463848469394,0.5551394370332678
158,0.6334261606963247,0.6453473324362258,0.6037753384688893,0.5589707693804885,0.5864517293793595,0.5952751936861489,0.5551655133784641
159,0.6334062756070301,0.6453595487136548,0.6038000642343393,0.5589872775783226,0.5864760676943236,0.5952918637139447,0.5551904767856989
160,0.6333902860758925,0.6453695952025751,0.603817028786198,0.5590039982563401,0.5864961173503067,0.5953117900504201,0.5552161012949047
161,0.6333708749856994,0.6453742736626513,0.6038305246726045,0.5590178411305227,0.5865084382424357,0.5953226215342498,0.5552439323943934
162,0.6333594962969434,0.64537643795097,0.6038398597591027,0.5590305832865903,0.5865224197749319,0.5953320171036575,0.5552608313104223
163,0.6333508987418524,0.6453725997782358,0.6038464236829159,0.5590422062460882,0.5865310874577998,0.5953436079777443,0.555276475776927
164,0.6333345044729942,0.6453612934734825,0.603843237245747,0.559051851241892,0.5865425546698763,0.5953451561485043,0.5552926360904006
165,0.6333134537980559,0.6453551047489168,0.6038439162974047,0.5590659924888516,0.5865541677555389,0.5953590823580198,0.5553113187657658
166,0.6332878415260945,0.6453534982345704,0.6038424010499464,0.5590725863660886,0.5865680558323281,0.595368269788411,0.5553121393051792
167,0.6333013619488608,0.6453739365158938,0.6038680757747736,0.5590959771072996,0.5866037012859238,0.5953952405612831,0.5553372726561462
168,0.6333180523628416,0.6453928986031853,0.6039068274717987,0.559119546925332,0.5866397115019539,0.5954319557332542,0.555359927526968
169,0.6333328199788977,0.645399648213624,0.6039525429970352,0.5591349902350119,0.5866710621971664,0.5954568712516035,0.5553915552036242
170,0.6333510325928996,0.645414917325185,0.6039991367599067,0.5591527099321076,0.5867121680558295,0.5954766402976055,0.5554225052523154
171,0.6333606942624848,0.6454370999306441,0.6040432695841692,0.5591704688881654,0.5867442114340394,0.5954984518484254,0.5554460535915429
172,0.6333786558795007,0.6454624826981872,0.6040858437132316,0.5591904746373233,0.5867901520541532,0.5955243607172465,0.5554799528519035
173,0.6333933633168185,0.6454746494956745,0.6041152076442488,0.5592061047052647,0.5868256258714419,0.5955395186580373,0.5555049123695524
174,0.6334115972167531,0.6454742099121391,0.6041386645848826,0.559212269839743,0.586851710274725,0.5955493373933192,0.5555301982921185
175,0.6334388870752051,0.645469602806337,0.6041553225165169,0.5592226216590273,0.5868810887269091,0.5955641359361996,0.5555606941779765
176,0.6334609620778271,0.6454567532367623,0.6041704638412388,0.559234579304212,0.5869061562663972,0.5955709687947455,0.5555887244613695
177,0.6334816597940878,0.6454431413958246,0.6041842142304933,0.5592424917044627,0.5869291852907805,0.5955825608398773,0.5556160880371362
178,0.633494271675475,0.6454294096923837,0.6042003504687399,0.5592481557991904,0.5869543016237367,0.5955884892559233,0.5556453090280236
179,0.6335086532542948,0.6454050643887956,0.6042138065291451,0.5592471990633165,0.5869769216964991,0.5956019807267569,0.5556679515452227
180,0.6335384913576316,0.645398004641505,0.6042366868009882,0.5592667260820346,0.5870103452320987,0.5956246923008269,0.555704185908646
181,0.6335834332041721,0.645406834273583,0.6042547715769258,0.5592860567713948,0.5870419320620722,0.5956434652183884,0.5557381782612717
182,0.6336255962049027,0.6454253864635195,0.6042860268752335,0.5593130977684689,0.5870745192018185,0.5956687126478408,0.5557713410459492
183,0.6336635168746236,0.6454431228018095,0.6043153864993389,0.5593435774127589,0.5871113437227066,0.595692821778582,0.5558101745006765
184,0.6337016633089877,0.6454627804409248,0.6043330125033346,0.5593750614858568,0.5871532241289069,0.5957084089280518,0.5558474590431342
185,0.6337355823812134,0.6454899651272077,0.6043558246410179,0.5594112878312467,0.5871974499236725,0.5957326523109527,0.5558789576925435
186,0.633760680385488,0.645510098965012,0.6043735704475486,0.559436605810476,0.5872411521087008,0.5957533218145048,0.5559221336757258
187,0.6337855194292366,0.6455421783367277,0.6043967139964976,0.5594528439765205,0.5872777670395604,0.5957746177134885,0.5559636449902908
188,0.6338003378539675,0.6455754646725531,0.6044209008007659,0.5594650615298002,0.5873128891750832,0.5957925634958248,0.55600118717545
189,0.6338156773876664,0.6456034387071115,0.6044449128933083,0.5594845340870854,0.5873464407350657,0.5958098664789612,0.5560447557600185
190,0.633831614323585,0.6456225034941145,0.6044715989627828,0.5595000727729499,0.5873753264763759,0.5958373324849525,0.5560771205316428
191,0.6338464302523766,0.6456412198482344,0.6044906888089714,0.5595124804706639,0.5873961020033122,0.5958552746829954,0.5561016126000762
192,0.6338643449065229,0.6456532884333915,0.6044978459439133,0.5595198646413444,0.5874120372399592,0.5958723018205496,0.5561220742358313
193,0.6338807582261076,0.6456636788637136,0.6044990759684585,0.5595315202673835,0.5874254667776736,0.5958982261986707,0.5561395450061204
194,0.6338938916953908,0.6456667913215579,0.604501768858843,0.5595392341302797,0.5874231909537275,0.5959176955095215,0.5561546848397161
195,0.6339148088188609,0.6456685264902935,0.604500861857729,0.5595510938479744,0.587428481574933,0.5959281688852466,0.5561773465952395
196,0.6339262520224141,0.6456749026894496,0.6044975913662047,0.5595662474332586,0.5874342748877293,0.595935988806837,0.5561983806724118
197,0.633933360728443,0.6456804134548306,0.6044918799418901,0.5595694621040221,0.5874479678241705,0.595944638432096,0.5562210954230207
198,0.6339417570275828,0.6456851740262156,0.6044683758176829,0.5595762258938504,0.5874569469144291,0.595952367378454,0.5562304483898399
199,0.6339617277771996,0.6456952349700533,0.6044464241999438,0.5595809499322175,0.5874677804792261,0.5959561137424931,0.5562368158510992
200,0.6339778088693186,0.6457116983669617,0.6044311824565337,0.5595802839954194,0.5874758928919952,0.5959626184255098,0.5562341879999904
201,0.6339936072843686,0.6457133796354964,0.6044135387334977,0.5595787293001436,0.5874781593441541,0.5959578607839543,0.5562315372600517
202,0.6340091400533381,0.6457069951975768,0.6043912722961648,0.5595628616646598,0.5874805730169509,0.5959486025045568,0.5562360402258031
203,0.6340172454274295,0.6457050745156423,0.6043749866325581,0.5595504011985952,0.5874882281821602,0.5959467319468894,0.5562388412221482
204,0.6340173602112241,0.6456943561724907,0.6043603796215938,0.5595318843036369,0.5874956843537984,0.5959371308626265,0.5562441415133043
205,0.6340151665793965,0.6456750857442128,0.6043404202332228,0.5595309997204652,0.5875112875217796,0.5959344200751072,0.5562527736717946
206,0.6340309229550041,0.6456741365869597,0.6043268553884764,0.559529939625557,0.5875270251522204,0.595918520683672,0.5562623065453216
207,0.6340533521496876,0.6456329158601868,0.6043220464519179,0.5595269829840038,0.587538188734524,0.5959076550854132,0.5562770038641688
208,0.6340659238633252,0.6455982153781872,0.6043129432814627,0.5595143558234514,0.5875567971514079,0.5958974289329056,0.5562856854234774
209,0.6340710423091707,0.6455563438322713,0.6043045669824627,0.5595004543813149,0.5875751103886712,0.595886658172063,0.5562905096868735
210,0.6340745406828608,0.6455199462256953,0.6042860030126549,0.5594894843148124,0.5875831590190923,0.5958658748809161,0.5562924134032728
211,0.6340709917901904,0.6454819598627063,0.6042566933316889,0.5594783057869328,0.5875803187179143,0.5958414073533428,0.5562862827634334
212,0.6340664028878764,0.6454495516909573,0.6042376124726929,0.5594660626342277,0.5875793619574938,0.5958154055643826,0.5562835468724854
213,0.6340691074336283,0.6454234941346765,0.6042242551536298,0.5594570023699893,0.5875853842114388,0.5958027646539017,0.5562890353466875
214,0.634075482391484,0.6453919124736153,0.6042086942020684,0.5594457782808189,0.5875843767283797,0.5957839129722847,0.556288293041921
215,0.6340722679896575,0.6453599680806091,0.6041878069067471,0.5594365488223125,0.5875737174445811,0.595756680532023,0.5562833879288421
216,0.6340675275969689,0.6453220045441541,0.6041615047402356,0.5594190702209838,0.5875697031211546,0.595721526043088,0.5562680516856984
217,0.6340672327218926,0.6452942949400559,0.604147672895855,0.5594060341926312,0.5875726252344934,0.5957046442068482,0.5562613169283706
218,0.6340601665220482,0.6452784777129,0.6041327284669584,0.5593991663839714,0.5875738745238126,0.5956858473857782,0.5562428516034541
219,0.6340350692341474,0.6452585431957509,0.6041132815471091,0.5593829910750765,0.5875705755848303,0.5956732046512656,0.5562207445833695
220,0.6340193463132505,0.6452387789716504,0.6040830979024008,0.5593663904990278,0.5875560423953041,0.5956495201184381,0.5562109133076054
221,0.6339991912977606,0.6452198320508581,0.6040550319097561,0.5593480068488634,0.5875392628690685,0.595613939915275,0.556203860868097
222,0.6339686589923221,0.6451948866912193,0.6040302341995092,0.5593299653078411,0.5875159477656078,0.5955866236600095,0.5561832365981306
223,0.6339612915115989,0.645168686777966,0.603999007354304,0.5593158241519489,0.5874861822558013,0.5955578536270953,0.5561610608867943
224,0.6339217923559582,0.6451293395480238,0.6039644164200701,0.5592959012450389,0.587454692099665,0.5955292237925638,0.5561439874799649
225,0.6338944621960071,0.645088730280882,0.6039157171128704,0.5592732146269657,0.5874216118945641,0.5954932899704666,0.5561089333047884
226,0.6338726726299603,0.6450432744787002,0.6038705318058449,0.559248758496215,0.5873837219896603,0.595447408748169,0.5560665021304606
227,0.6338497458675765,0.6450009575581162,0.6038217893079938,0.5592199989652211,0.5873379167892073,0.5953991695853391,0.5560291994963651
228,0.6338261218610648,0.64494157855928,0.6037562501276156,0.5591812597944934,0.5872698356427677,0.5953379388664837,0.5559789194486993
229,0.633780172248917,0.644875318581581,0.6036910179287344,0.5591317755938728,0.5872009856908994,0.5952737374159696,0.5559261873939167
230,0.6337371621553228,0.6447987279918787,0.6036208636509915,0.5590729852203402,0.5871280118271651,0.5952007241208912,0.5558743696650714
231,0.6336841901143339,0.6447169668335972,0.6035568944141032,0.5590154879343291,0.5870560597042536,0.5951332618685388,0.5558203551873838
232,0.6336280410175401,0.6446421286624006,0.6034792873109517,0.5589581766167774,0.5869935731176091,0.5950629942935007,0.5557679720847583
233,0.6335765648868543,0.6445683349664372,0.6033997232652195,0.5589016229906723,0.5869291441344473,0.5949908478792394,0.5557241744616455
234,0.6335339883549811,0.6445067567845397,0.6033313718183287,0.5588582172155631,0.5868756446346935,0.594926523980085,0.5556861623974169
235,0.6334880083695368,0.6444582510813601,0.6032586229229803,0.5588154733563206,0.5868176526824695,0.5948666525055926,0.5556420971399219
236,0.6334288056003643,0.6444089146715246,0.6031875298723335,0.5587684209956623,0.5867669853525727,0.5948101626543846,0.5555970323536298
237,0.6333710281261344,0.6443580086175669,0.6031205662983584,0.5587189580233181,0.586719916829891,0.5947527819680992,0.5555583747918036
238,0.6333398095665134,0.6443091662570828,0.6030507332327231,0.5586739410624428,0.5866735676112511,0.5946936634623402,0.5555226926791015
239,0.6333154578879133,0.6442707093447092,0.6029780829406143,0.5586355810725315,0.5866379212292404,0.5946362082719145,0.5554913588267866
240,0.6332969616504514,0.6442332911294978,0.6029136194263226,0.5585946283914268,0.5866037309005339,0.5945894561395889,0.555441139158878
241,0.633283810962676,0.6441858625454882,0.6028493440538869,0.5585657817146057,0.5865656263232738,0.594538131637937,0.5554032716805652
242,0.633246339955333,0.6441224488100236,0.6027708899326616,0.5585183618248484,0.5865173563533137,0.594476565343719,0.5553357081115617
243,0.6332174065710829,0.6440673141377001,0.6026969117980195,0.5584659174693265,0.586456334278488,0.5944204709739598,0.5552864651826318
244,0.6331726210597246,0.6440062071286295,0.6026237763427524,0.5584134127970011,0.5863938483539217,0.5943590550191021,0.5552354543778945
245,0.6331377385079645,0.6439445956049147,0.6025561391154733,0.5583624932341371,0.5863306186053441,0.5942928277418902,0.5551947400584295
246,0.6330978331105737,0.6438742806003545,0.6024898407195786,0.5583081640298438,0.5862631879055356,0.594218037187155,0.5551522512154771
247,0.6330467148970806,0.6438178587831832,0.6024184132665112,0.5582489282214655,0.586189942492358,0.5941350099337969,0.5551051952976394
248,0.632988905679752,0.6437562507706402,0.6023373537290845,0.5581778639856452,0.5861131694290824,0.5940424528554491,0.5550575952562339
249,0.6329457916436179,0.643696399772584,0.6022575685309779,0.5581022337923849,0.5860395001163508,0.5939597945134044,0.5550146624447672
250,0.6329033336539225,0.6436379922440368,0.6021762328651875,0.5580343246042607,0.5859590106520495,0.5939007936566544,0.5549709180132444
251,0.6328659019497838,0.6435725788950395,0.6020968898356931,0.5579673357915094,0.5858825062688886,0.5938413195208534,0.5549244076613131
252,0.6328303084299434,0.6435113765378474,0.6020127085727218,0.5578997802870556,0.5858095701918437,0.593778671102106,0.5548662955949732
253,0.6327959992722277,0.6434521346024743,0.601930710729123,0.5578389462187754,0.5857359869714486,0.593720594718399,0.5548278831929834
254,0.632765947152935,0.6433935270458748,0.6018540580460522,0.5577767209313249,0.585668655302559,0.5936729390954127,0.5547809939522217
255,0.6327299185072601,0.6433382239198414,0.6017789884810563,0.5577109865066061,0.5856008699825324,0.5936176464606776,0.554733517685382
256,0.6326795235054933,0.6432658535011472,0.6016984511607918,0.557644562541999,0.585527010936317,0.5935605248247219,0.5546996129617089
257,0.6326388038925865,0.6431909891842318,0.6016182149824506,0.5575855489835352,0.5854587369719187,0.5934950153281904,0.5546679478260835
258,0.6325848722382914,0.6431147431707299,0.6015359998364533,0.5575265339094048,0.5853897006772865,0.5934290840044452,0.5546250031230487
259,0.632525868448408,0.6430342497713775,0.6014664665836713,0.5574605815835344,0.5853102949246928,0.5933550132518818,0.5545803097632321
260,0.6324619214507211,0.6429663861767555,0.601393631574533,0.5573880823659565,0.5852344684608249,0.5932765586240897,0.5545313612133127
261,0.6324003078798119,0.6428911624420939,0.6013029058326473,0.5573232608545335,0.585170430286997,0.5932010484839854,0.5544774956160976
262,0.6323353644594174,0.6428135287946322,0.601206210005626,0.5572464187339881,0.5851072595353258,0.593126617193823,0.5544143620033835
263,0.6322868287263781,0.6427492509242718,0.601116320542874,0.5571888691788486,0.5850514538512546,0.5930593615123644,0.5543639007051911
264,0.6322365168650039,0.6426757415171714,0.6010309422008061,0.557129768314734,0.5850027090546372,0.5929846494166955,0.5543090946726055
265,0.6321761108824665,0.6426002933068837,0.6009435850635365,0.5570637866688206,0.5849466722523411,0.5929178055597684,0.5542501819543633
266,0.6321082703696397,0.6425231093236609,0.6008426901489571,0.5569944658943574,0.5848850431419781,0.5928498982911679,0.5541786988427555
267,0.6320451109178389,0.6424590680480902,0.6007475842142004,0.5569294264713627,0.5848187041881046,0.5927825757120838,0.5541092148237332
268,0.6319863833386301,0.6423879812138005,0.6006512512008715,0.5568596929551062,0.5847551039444936,0.5927159406662998,0.5540359483567164
269,0.6319228284038327,0.6423212667085206,0.6005613474225544,0.5567890690466617,0.5846843566175789,0.592643237344683,0.5539602878019058
270,0.6318447324606494,0.6422588533120309,0.6004796276020825,0.5567226843960879,0.5846102293453651,0.592571213326968,0.5538868715440944
271,0.6317614975135291,0.6421937637807236,0.6003993863874169,0.5566579815058855,0.5845337521708829,0.5924890513532864,0.5538117013554458
272,0.6316539350599479,0.6421117302278303,0.600319910643589,0.5565882463875165,0.5844455961573273,0.592381131703407,0.5537195576059529
273,0.6315415481959523,0.6420251350119069,0.6002308673096461,0.5565173884618648,0.5843546290593239,0.5922749610667293,0.5536247504253152
274,0.6314384154962684,0.6419541034212612,0.6001670120379692,0.5564591743259619,0.5842774217558906,0.5921793393317565,0.5535372675984535
275,0.6313273539628235,0.6418784759797371,0.6000947422742963,0.5563938023690038,0.5841957582127923,0.5920810540457836,0.5534514266876556
276,0.6312136263922168,0.6418033778898302,0.6000290294795659,0.556324746395005,0.5841118031708508,0.5920018802573188,0.5533678089065421
277,0.6310869265821041,0.6417141732224042,0.5999487265363117,0.5562433629403397,0.5840144136948865,0.5919057166995018,0.5532707889307525
278,0.6309702742033061,0.6416350440390518,0.5998792003955193,0.5561603900741221,0.5839238234146774,0.591808449095911,0.5531790679111163
279,0.630847245929607,0.6415416266978343,0.5997972979272556,0.5560813077047319,0.5838248196792922,0.5917124272220795,0.5530792790049407
280,0.6307298593760468,0.6414513454028685,0.5997237787737182,0.5560022546542365,0.5837323622567332,0.5916224229057708,0.5529850249696062
281,0.6306383020563793,0.6413699965331578,0.5996592963403257,0.5559363483579449,0.5836668347446792,0.5915548634480745,0.5529084771955576
282,0.63053824498623,0.6412846290221589,0.5995867660722686,0.5558745243758316,0.5835977384098189,0.5914823279566404,0.5528223664623962
283,0.6304284355704478,0.6411935656127582,0.599507693636366,0.5558067336158211,0.5835243885154616,0.5913987806725978,0.5527279021022784
284,0.6303065968524527,0.641098402484871,0.5994247004598876,0.5557265039434157,0.5834467708355436,0.5913057764044307,0.5526310518571207
285,0.6301731109293711,0.6409890165511049,0.5993277352348083,0.5556350263481431,0.5833587812862391,0.5911925848515783,0.5525216790960149
286,0.6300437514497185,0.6408694023420705,0.599230748777466,0.5555451939860021,0.5832710702528768,0.5910774945419637,0.5524141212374977
287,0.6299013900950214,0.6407382708962922,0.5991190577574562,0.5554427845290812,0.5831614061078672,0.5909599540256754,0.5523028040524262
288,0.6297439246862593,0.6406076434835988,0.5989980977004844,0.5553308768103257,0.5830529105997446,0.5908387674189006,0.5521833442401691
289,0.6295838963165721,0.6404634975029728,0.5988563604929154,0.5552098048764629,0.5829473001865,0.590700202042722,0.5520606810273779
290,0.6294225008915777,0.64031158328187,0.5987068215646865,0.5550816226519059,0.5828341397449812,0.5905596769584776,0.5519332669671482
291,0.6292630319033419,0.6401621652338407,0.5985482130187035,0.5549558158452902,0.5827189177626301,0.5903996323581965,0.551793806557298
292,0.6291007456838479,0.6400245924712239,0.5983898267577603,0.5548347870880398,0.5826071402898887,0.5902345558337985,0.5516618972465441
293,0.6289338352018888,0.6398761138708124,0.5982214023092606,0.5547036746937364,0.5824819968078228,0.5900615836471623,0.5515280690955784
294,0.6287723502159545,0.6397277398672534,0.5980577666554219,0.5545721596346427,0.5823559888942916,0.5898881241839511,0.5513908372877588
295,0.6285989124918555,0.6395714736355095,0.5978862030392532,0.5544389141573165,0.5822312009484615,0.5897079461083707,0.5512571384296747
296,0.6284157528519607,0.6394084917198563,0.5977190414577406,0.55430859127392,0.5821068621086098,0.589524991674028,0.551122314082339
297,0.628233178114673,0.639257183702463,0.5975429521459495,0.5541788996064667,0.5819710949794895,0.5893413046647737,0.5509742478929752
298,0.6280362926697498,0.639098896535694,0.5973693671789708,0.5540479250810236,0.5818261322720936,0.5891570899129372,0.5508278727305936
299,0.6278276044748404,0.6389326254982182,0.5971913944318079,0.5539046319389096,0.581669945805616,0.5889774214173313,0.5506741759879679
300,0.6276072165659974,0.6387603064153431,0.5970131060649881,0.5537748474915437,0.581511820119873,0.5887962337721283,0.5505221964051558
301,0.6273774277255549,0.6385848536906885,0.5968230961505665,0.5536300921101753,0.5813452460292098,0.5886098815899351,0.5503580382520336
302,0.6271422407244884,0.6383964669654425,0.5966376369530797,0.553480387021695,0.5811845428790405,0.588406481662663,0.550202889366487
303,0.6269170893721081,0.638224962570355,0.596467461080533,0.5533294965866142,0.5810305311246615,0.5882227511910806,0.5500449327228027
304,0.6266999579805871,0.6380481546023978,0.596291878676076,0.5531796019526369,0.5808714412701395,0.5880535811392376,0.5498876640338116
305,0.6264788229815239,0.6378782345556203,0.596118573496981,0.5530263294366498,0.5806997550802071,0.587883458423606,0.5497249941823511
306,0.6262641932128981,0.6377007024943738,0.5959470581667763,0.5528803516045141,0.5805370168378559,0.5877093701155232,0.5495641017006739
307,0.6260455612228083,0.6375308992383972,0.595770364194426,0.5527302669596483,0.5803706538991487,0.5875411695875354,0.5494121619083485
308,0.6258265520050565,0.637357422448422,0.5955990591690169,0.5525805273959945,0.5802128886725535,0.5873737770288369,0.549262594896401
309,0.6256176641890857,0.6371887306161013,0.5954276861469397,0.5524270972398961,0.5800487156131624,0.5872037181813451,0.5491146428041577
310,0.6254358427456841,0.6370171464719067,0.5952684149902391,0.5522830742621717,0.5798854231934164,0.5870436499912701,0.5489742541243101
311,0.6252591641766562,0.6368471404913525,0.595115998825019,0.5521567749410335,0.5797364322836782,0.5868864874529398,0.5488345136031016
312,0.6250931057920801,0.6366816328862407,0.5949679175320941,0.5520310246795047,0.5795871742933645,0.5867338575074621,0.5486919453662773
313,0.6249212659012918,0.6365212569674521,0.5948195095859277,0.5519067271169733,0.5794338814700799,0.5865784711876485,0.5485593521900435
314,0.6247543273814969,0.636370632690561,0.5946924227739888,0.5517801102422113,0.5792925380714474,0.5864281063645475,0.5484294801122651
315,0.6245845723408457,0.6362201743749033,0.594560454274046,0.5516513413415051,0.5791510786558476,0.5862708773359633,0.548292211696748
316,0.624431712266885,0.6360706071018274,0.5944360195226187,0.5515307746638711,0.579019579885689,0.5861206925614768,0.548157222321398
317,0.6242960465937888,0.63592363745513,0.5943109142501489,0.5514149850812193,0.5788939118173129,0.5859867601258785,0.5480312803564001
318,0.6241563801463168,0.6357842871791133,0.5941959199324862,0.551305877235789,0.5787705523542677,0.5858562467374078,0.5479224219276214
319,0.6240104988693009,0.6356458129214861,0.5940746289890303,0.5511992235218935,0.57865901831695,0.5857308207033987,0.5478148047856443
320,0.6238473563916074,0.6354924887485602,0.5939285101215994,0.551078952058176,0.5785322100794916,0.5855947351050143,0.5476941417770747
321,0.6236891054690491,0.6353394948747325,0.5937837661861548,0.550961759686032,0.5784012504307039,0.585461434658811,0.5475806709416089
322,0.6235399712489473,0.6351772747925818,0.5936330004896405,0.5508469931955382,0.5782774076592878,0.5853279004648276,0.5474728106910408
323,0.6233990894514072,0.6350159815023754,0.5934892432661286,0.5507348296611887,0.5781461996181416,0.5851927720603829,0.5473662101673427
324,0.6232454809252367,0.6348600726003657,0.5933455288634955,0.5506263550718685,0.5780125598394334,0.5850662923990957,0.5472654953973594
325,0.6231008072611965,0.6347215378415341,0.5932084812170937,0.550524851036191,0.5778829927343149,0.5849486098490414,0.5471624284927443
326,0.6229469556834164,0.6345865087535426,0.5930805799171035,0.550413088847844,0.5777459904251809,0.5848337517259565,0.5470567742824196
327,0.6228015578279528,0.6344519923712146,0.5929407669956339,0.550304859233741,0.5776030247268956,0.5847185331291065,0.5469547074620037
328,0.6226483702603274,0.6343130325743723,0.5928012525559806,0.5501962424957637,0.5774582356830089,0.5845967857043538,0.5468504706049249
329,0.6225071110984228,0.6341766269104918,0.5926542994288532,0.5500863168367917,0.5773111121261629,0.5844760566030223,0.5467405111276278
330,0.6223726906607995,0.6340571634374828,0.5925136291832187,0.5499924117690658,0.5771679990748435,0.584358741729231,0.5466326767866053
331,0.622235883812124,0.6339401274746926,0.592375920288002,0.5498923975874728,0.5770296629716911,0.5842466112675766,0.5465210010705349
332,0.6221054209909038,0.6338107256702805,0.5922462003344319,0.549791587181607,0.5769003017408723,0.5841437526803851,0.5464129508664918
333,0.6219848866372745,0.6336844239774215,0.5921242971502483,0.5497003188615482,0.5767831176425624,0.5840430240783365,0.5463085290408393
334,0.6218687732719844,0.6335611924383734,0.5920241358620472,0.5496175307364772,0.5766736319626559,0.5839518890484097,0.5461991652147792
335,0.6217649992370218,0.6334337614441943,0.5919112507488055,0.5495242876347683,0.5765645754859385,0.5838498179413596,0.5460994714526828
336,0.6216612728374832,0.633306843780015,0.5918100085305671,0.5494423399044066,0.576455966989632,0.5837560309842871,0.5460025724881309
337,0.6215651294080364,0.6331932859220453,0.5917139531954236,0.5493691670533757,0.5763493575603613,0.5836652572943669,0.5458802168156802
338,0.6214707100193374,0.6330704316373262,0.5916105043572024,0.5493012120018432,0.5762365778276448,0.583575909822055,0.5457595290680359
339,0.6213834087961917,0.6329502943295824,0.5915290526990329,0.5492323557326564,0.5761285708820651,0.5834883864190966,0.5456396642128336
340,0.6213080983928387,0.6328347713797398,0.5914347920303289,0.5491638822558883,0.57602617690864,0.5834105118007117,0.5455263818033422
341,0.6212342676105502,0.6327257859188389,0.5913512618069031,0.5491050357773591,0.5759355667264459,0.5833361094911831,0.5454345943359193
342,0.6211628592113452,0.6326241522194316,0.5912733011460717,0.5490480413825107,0.5758433530360433,0.5832745421670176,0.5453626356366332
343,0.621088733866942,0.6325254914799524,0.5912022333290757,0.548988893805244,0.5757509130526283,0.5832113593110916,0.545286829775667
344,0.621014999225645,0.6324228282477163,0.5911242475433068,0.5489354658373342,0.5756669289771755,0.5831510719808396,0.5452075134470824
345,0.6209512035394141,0.6323289993479779,0.5910440169017624,0.5488839207274705,0.5755975383264059,0.5830931815612101,0.5451434270801936
346,0.6208846768322569,0.6322356471545719,0.5909622016755808,0.5488270673415185,0.5755261065592009,0.5830352162207341,0.5450749212383339
347,0.6208323957717513,0.632135461032115,0.5908856128664451,0.548762010537842,0.5754722989511805,0.5829869712858851,0.5450184599350185
348,0.6207753533650433,0.6320285340069522,0.5908045777793447,0.5486975661514633,0.5753924790157117,0.5829345781053927,0.5449453078479989
349,0.6206874703476954,0.6319299921523119,0.590735035119188,0.5486287200223626,0.5753181949767983,0.5828671872764278,0.5448665209472972
350,0.6205964510409405,0.6318352511074237,0.5906710195957626,0.5485644940406099,0.5752397687662958,0.5828068495492646,0.5448029974400812
351,0.620519247852989,0.6317442520534462,0.5906180173679545,0.5485042058103293,0.5751838945218085,0.5827521711387162,0.5447518218625642
352,0.6204362503678112,0.6316446834849797,0.5905566737587898,0.5484410346716295,0.57512149526705,0.5827040364856494,0.5446927935693936
353,0.6203592310500236,0.631559894886868,0.5905030822831963,0.5483960439495015,0.5750579891711467,0.5826472941639012,0.5446347756687293
354,0.6202882605034283,0.6314716495748216,0.5904523557418029,0.5483475962806432,0.5749945652767982,0.5825875394304129,0.5445769562719985
355,0.6202224681439786,0.6313872216165873,0.5904078832473674,0.5483197167506069,0.5749396865178147,0.5825374679986899,0.5445270239871096
356,0.6201657468723274,0.6313048415053844,0.5903681291361887,0.5482785989724259,0.5748804955377963,0.5824868799579612,0.544479272420495
357,0.6201145452876755,0.6312231750361728,0.5903286513873556,0.5482414621822704,0.574829595264854,0.5824486206601404,0.5444377347654684
358,0.6200689362677655,0.6311495960566857,0.5902916078911498,0.5482050996209479,0.5747800877164494,0.5824134105491873,0.5443980000932686
359,0.6200276789243275,0.6310863244542011,0.5902702251893104,0.5481794963031084,0.5747276561952493,0.5823843459669574,0.5443672758192833
360,0.6199900460374443,0.6310270193023289,0.5902489554398537,0.5481576823491212,0.5746787844673804,0.5823579927468867,0.5443378329689963
361,0.6199596759885375,0.6309700653855552,0.5902336781484425,0.5481417884336396,0.5746291606683644,0.5823381178333188,0.5443074958057716
362,0.6199382368690982,0.6309271151858061,0.5902210997353723,0.5481161743382922,0.5745882162753341,0.5823293367126888,0.5442803485448612
363,0.6199212353863965,0.6308939446583036,0.5901998416313079,0.5480988226917991,0.5745533457157872,0.5823168632445329,0.544254814142851
364,0.6199006987897391,0.630863946101192,0.5901831626792428,0.5480841956501592,0.5745164231514531,0.5823032665977995,0.5442260708809764
365,0.6198754105132946,0.6308487768042971,0.5901657612333001,0.5480831989693664,0.5744906734717576,0.5822963171938728,0.5442024416590615
366,0.6198591156951736,0.6308421035790467,0.5901524864460065,0.5480874675799537,0.5744817659338639,0.582303218929282,0.5441769038264848
367,0.6198412635367985,0.6308392521205456,0.5901450474343639,0.5481053548459792,0.5744678880514239,0.5823199750904149,0.5441681550882589
368,0.6198161935663992,0.630827693609995,0.5901253575903518,0.5481160844172883,0.5744387119804728,0.5823249204762511,0.544147437770985
369,0.6198041483428053,0.6308126237525771,0.5901146263272659,0.5481254221271918,0.5744221160760405,0.5823323069609831,0.5441349129780692
370,0.6198225430267692,0.6308070617093192,0.5901025216400886,0.5481358400113765,0.5744104174661173,0.5823386420902363,0.5441256065739906
371,0.6198378315960268,0.6307971678579203,0.5900984684008923,0.5481500925170929,0.5744180065320899,0.5823524627070386,0.5441151464152371
372,0.6198641412246477,0.630784552119366,0.5900969855874606,0.5481649203526643,0.5744277244749194,0.5823689631120047,0.5441064306186497
373,0.6199063933666165,0.6307888070255302,0.5901012024719913,0.5481870437933161,0.5744396349159546,0.582390667842969,0.5441069997531675
374,0.6199509900507232,0.6307899691453693,0.5901113960276607,0.5482103875944007,0.5744591021722663,0.5824218132526393,0.544115246413017
375,0.6200050856806072,0.6308171839391568,0.5901320366551797,0.5482411891010888,0.5744828861103786,0.5824633334048868,0.5441259214173434
376,0.6200656047433686,0.6308575522092059,0.590173403258863,0.548271964833709,0.574517451089777,0.5825151000804254,0.5441492762619138
377,0.6201293954769553,0.6309070174363336,0.590211673550299,0.5483106673712708,0.574557685649593,0.5825696452459821,0.5441799433886552
378,0.6201897453689247,0.6309528752101639,0.5902511501084641,0.5483506754459351,0.5746032871658726,0.5826246265347512,0.5442173340675984
379,0.6202348906828326,0.6310057353238399,0.5902972153684242,0.5483819605873573,0.5746616296897465,0.5826760677707243,0.544259672410895
380,0.620283568439667,0.6310659837365744,0.5903431032770037,0.548424774858519,0.5747187514403407,0.582731092462218,0.5442989890044203
381,0.6203307744941882,0.6311340814284285,0.5903963959490769,0.5484802987680071,0.5747833523126991,0.5827983474201839,0.5443411300628421
382,0.6203812433811192,0.6311985443094323,0.5904440776848547,0.5485369734694372,0.5748437234120857,0.5828662331434528,0.544394124789106
383,0.6204378033974393,0.6312664263528501,0.5905050748643758,0.5485905065312289,0.574904735954328,0.5829400530383847,0.5444478979874408
384,0.6204879563072635,0.6313294300521912,0.5905687191692865,0.5486434372261233,0.574966129502375,0.5830173346698009,0.5445022894442335
385,0.6205438921758956,0.631387796954378,0.5906297883682801,0.5486970782050249,0.5750285801035052,0.5830980842241288,0.5445606672920155
386,0.6206064912211315,0.6314366907100031,0.5906941362170512,0.5487510306169447,0.5750911090308957,0.5831769539877811,0.5446169147344528
387,0.6206840642157438,0.6314844739669299,0.5907665456414801,0.5488122032814025,0.5751557846183395,0.5832652646051889,0.5446812190808853
388,0.6207672049968562,0.6315339535188265,0.590835586968215,0.5488756522764501,0.5752178681945809,0.5833559998169605,0.544746914986567
389,0.62084906146577,0.631595825247793,0.5909071687650488,0.5489419195685844,0.5752779121725562,0.5834599599309553,0.5448104190285205
390,0.6209620541095234,0.6316411537743697,0.5909821857044033,0.5490067388318021,0.575327752199093,0.5835630920385949,0.5448762912797906
391,0.6210578242586735,0.6316799933346525,0.591039469682501,0.5490644319873015,0.575368164709656,0.5836491915319713,0.5449359585705977
392,0.6211559185493374,0.6317267405722106,0.5910985343879529,0.5491198718392745,0.5754114289283165,0.5837390085057329,0.5450072896289508
393,0.6212693911061585,0.6317765018796293,0.5911575528717697,0.5491754687386063,0.575456309452288,0.5838337941665281,0.5450797501367893
394,0.6213646967620736,0.6318225426172843,0.5912295050861621,0.5492370489696905,0.5755025108973246,0.5839317594657533,0.5451529439211934
395,0.6214709175040877,0.6318799925978886,0.5913072535312367,0.5493088253564311,0.5755542070133355,0.5840312311692993,0.5452317458778647
396,0.6215773802651527,0.6319442057268267,0.5913853378552272,0.5493705581244293,0.5756158810342038,0.584148471100622,0.5453151711431636
397,0.6216911445474546,0.6320321269691375,0.591468172756664,0.5494376280754389,0.5756986987752634,0.5842752870471685,0.5453932170694856
398,0.621834730981918,0.6321134638966223,0.5915554660195459,0.5495146524303527,0.5757855215126394,0.5844014943022012,0.545470730980681
399,0.6219589696932316,0.6321823433811435,0.5916524981232177,0.5495900881290791,0.5758683973959182,0.5845236186739011,0.5455362141014449
400,0.6220645671395572,0.6322521199969519,0.5917586217665786,0.5496626268279295,0.5759531860193999,0.5846449001258872,0.5456102962406433
401,0.6221639394370605,0.6323162645730621,0.5918633524276589,0.5497283616347228,0.5760387558315159,0.5847520862717782,0.5456786466735384
402,0.6222577659052059,0.6323927796088438,0.5919669556039319,0.5497961385921447,0.5761253918926643,0.5848578853672526,0.5457507905006336
403,0.6223453325658342,0.6324426788365807,0.5920641872008658,0.5498545208644425,0.5762054610135439,0.5849561853638938,0.5458268619042603
404,0.6224164824470947,0.6324761894730677,0.5921426050212799,0.5498979156714154,0.5762672240226048,0.5850426032797638,0.5458836357194311
405,0.6224815376238568,0.6324898352564066,0.5921923460027886,0.5499287710837073,0.576308575602656,0.5851049836664617,0.5459160006799803
406,0.6225190409453651,0.6324952294725333,0.5922289328131696,0.5499534463882477,0.5763251618006677,0.5851664021696806,0.5459438953122152
407,0.622536030407451,0.6324759595485092,0.5922484544247711,0.5499605453335562,0.5763310473613334,0.5851874648740726,0.5459643027321462
408,0.6225502958202278,0.6324631126007478,0.5922395439540673,0.5499557146905805,0.5763391553015655,0.5852044931255028,0.5459773085941294
409,0.6225609275105477,0.6324451330211291,0.5922286221806272,0.5499423456320698,0.5763355351298454,0.5852052791689681,0.5459880748173166
410,0.622557580381043,0.6324166361199433,0.5921933851070083,0.5499292202862975,0.5763225553615761,0.5851889278410224,0.5459778855787117
411,0.6225510194184702,0.6323756645032519,0.5921556330759271,0.5499115983886332,0.5763048416692487,0.5851706012900526,0.545955979766667
412,0.6225328899045117,0.6323386173513708,0.5921183741132662,0.5498910343092545,0.5762783852569038,0.5851430061077696,0.5459393583992496
413,0.622513015488307,0.6322977076965252,0.592095752553278,0.5498741520139958,0.5762539997609284,0.5851150077176358,0.5459143154390276
414,0.6224684677124495,0.6322459476519279,0.592066641724533,0.5498362435135151,0.5762208182230806,0.5850782413044451,0.5458804176861365
415,0.6224276068281539,0.632202715575178,0.5920375283976694,0.5497984657707748,0.5761864652268353,0.5850414113212133,0.5458395199433749
416,0.6223870292247575,0.6321596261442276,0.5920076117162274,0.5497770654777587,0.5761477128533963,0.5850062771596956,0.5458020885091719
417,0.6223435035400252,0.6321175413911716,0.5919892580364432,0.5497595154926986,0.5761139893042732,0.5849767371750446,0.5457764896818236
418,0.6222861605789873,0.6320542903659008,0.5919566428510452,0.5497291841282979,0.57606659490427,0.5849398926607059,0.5457583704864737
419,0.6222479909683925,0.6320098369029203,0.5919380771108852,0.5497198275832157,0.5760279429459327,0.5849232873110197,0.5457483124807224
420,0.6222204801874099,0.631967643677116,0.5919322308720988,0.5497152811127521,0.5760028626495758,0.5849024591448009,0.5457359768514383
421,0.6221689168419342,0.6319175463284582,0.5919113815086086,0.549687581696525,0.5759699940438324,0.5848685964423985,0.5457099320272568
422,0.6221259821320515,0.631872971456337,0.5918931143300251,0.549665863324589,0.5759405195318971,0.584848708384619,0.5456881088810277
423,0.6220905077798927,0.6318379147768919,0.5918628464110206,0.5496482630010615,0.5759088572233508,0.5848413314826981,0.5456699427261025
424,0.6220543050700285,0.6318035246502941,0.591831118973152,0.5496288908400199,0.5758833719315948,0.5848253703719906,0.5456492035285294
425,0.6220442509611004,0.6317802966027243,0.5918117509396045,0.5496144002714123,0.5758740051289133,0.5848224065913913,0.545643924152833
426,0.6220259272827414,0.631750044327438,0.5917932068131151,0.5495977174245669,0.5758585277098603,0.5848125388864263,0.5456300636421139
427,0.6219990667205881,0.6317031483265265,0.5917535732188102,0.5495785479596557,0.5758384213256863,0.584787838917854,0.5456012189681669
428,0.6219760007880346,0.6316663206216833,0.5917252566959628,0.5495587908419626,0.5758278583949934,0.5847703560136401,0.5455819709926106
429,0.6219431826519914,0.6316213644453754,0.5916901543139552,0.549540793990493,0.5758126639628947,0.5847465665006372,0.5455585883741104
430,0.6218987569635134,0.6315734694957983,0.5916466222396246,0.549506562392836,0.5757852616817161,0.5847051353999934,0.5455310640488973
431,0.6218403778538197,0.6315111646578625,0.5915865307774018,0.5494571930592913,0.5757401692611112,0.5846527692717919,0.5454920255525223
432,0.6217460485584912,0.6314247987394437,0.5914998859224944,0.5493814828350765,0.5756643355437303,0.5845652125926415,0.545436451806658
433,0.6216250660448355,0.631319038190163,0.5913959623398742,0.5492944877551363,0.5755778799965978,0.5844530356061832,0.5453755241754186
434,0.6214982498810377,0.6312022261092667,0.59126807679421,0.5492012873350142,0.5754800120323418,0.5843194855820281,0.5453004851753356
435,0.6213591171947126,0.6310834091151892,0.5911323052365539,0.5491040684768189,0.5753810553015686,0.5841797963780901,0.5452115689802806
436,0.6212133241177644,0.6309617067164073,0.5909903053336414,0.549001979607169,0.5752645862090642,0.5840360716426827,0.5451080580876624
437,0.6210581085762317,0.6308430957735469,0.5908335979590069,0.5488848718034157,0.5751382714420705,0.5838842638664666,0.5449900672247152
438,0.6209100525105773,0.630722146155408,0.5906787291642795,0.5487748332281159,0.5750211179253675,0.5837353430983258,0.5448651793311546
439,0.6207617347684171,0.6305942683181307,0.5905320578035583,0.5486631925324422,0.5748999330728973,0.5835903819761826,0.5447436728082854
440,0.6206108714289325,0.6304752032524321,0.5903974315974083,0.5485524001281736,0.5747849512626011,0.5834557840293587,0.5446217873724339
441,0.620473313295392,0.6303620238360343,0.5902714555057218,0.548452918839136,0.5746664345127119,0.5833177445951439,0.5445144690926492
442,0.6203325212530254,0.6302522385081027,0.5901567973421146,0.5483643674561552,0.5745656800881387,0.5831963083242072,0.5444210117186401
443,0.6201974405633675,0.6301402058485748,0.5900511512563487,0.5482706040185811,0.5744679043260441,0.5830835355666132,0.544335348214952
444,0.620063133467607,0.630051956043849,0.5899482761946727,0.5481903140099217,0.5743876627916726,0.5829973920730274,0.5442536691497626
445,0.6199304099074612,0.6299576590364786,0.5898597628945517,0.5481157171808635,0.5743146008399824,0.582925154022976,0.5441860127368155
446,0.6198080451925749,0.6298699673232093,0.5897774080621643,0.5480481653262353,0.5742424961312967,0.582861556658718,0.5441237299784019
447,0.6196928341580171,0.6297889492789175,0.5896961109907739,0.5479856645847466,0.5741669490267163,0.5828008616569627,0.5440700587838432
448,0.6195882311530762,0.6297122896445304,0.5896245700662153,0.5479165517414744,0.5740927001364093,0.5827366409876953,0.5440241298308488
449,0.6195001401667408,0.6296421679549031,0.58957072731754,0.5478505998076573,0.5740370309652902,0.5826733181819972,0.5439890659233895
450,0.6194224612945176,0.6295750972992786,0.589516901652736,0.5477919317886418,0.5739923220799901,0.5826063633157953,0.5439628507157566
451,0.6193444792348889,0.6295094714032688,0.589461268531467,0.5477285124997741,0.5739432681665626,0.5825457089933472,0.5439332505718236
452,0.619277073405266,0.6294514040440454,0.589419532271392,0.5476732420079784,0.5738976560618355,0.5824913437891711,0.5439075452999745
453,0.6192191918684771,0.6294112072261504,0.5893960633215868,0.5476212417935524,0.5738530943476804,0.5824539387741587,0.5438791120706248
454,0.619152171174129,0.6293592501585406,0.5893558096223408,0.5475681719128691,0.5738046121199938,0.5824010784793489,0.5438568652938863
455,0.6190760901148957,0.6293138431278982,0.5893191881060179,0.5475089478510318,0.5737523126296,0.5823391447224184,0.5438283068841044
456,0.6189882944678439,0.6292575173539332,0.589270189212778,0.547448400819704,0.5736985540649602,0.5822705157304804,0.5437950220686097
457,0.6188971927842897,0.6292085067549039,0.5892171361738059,0.5473857261555668,0.5736434353107309,0.5821969030214238,0.5437516676133527
458,0.6188226391135234,0.6291513247177296,0.5891602151157568,0.547329807034151,0.5735995285427882,0.5821198115471808,0.5437210954155425
459,0.6187459056862614,0.6291009293815705,0.5891023090256879,0.5472755618938792,0.5735488001845956,0.5820451800526868,0.5436949864498711
460,0.6186680038108594,0.6290434316788349,0.5890504209962467,0.5472340153145737,0.5735069216964485,0.5819787246811077,0.5436664182686674
461,0.6185869659250728,0.6289857825790492,0.5889882499786688,0.5471821835727733,0.5734624234405278,0.5818964391031057,0.5436252889745813
462,0.6184873193089302,0.6289143288730871,0.5889116985065458,0.5471154675755463,0.5733961184103907,0.581794014481977,0.5435778603954712
463,0.6183618770967965,0.6288173367856824,0.5888010638605522,0.547029471760285,0.573311261241242,0.5816695835088833,0.5435049880681557
464,0.6182275339945411,0.6287067445182207,0.5886848140619734,0.5469382968187286,0.5732273975728088,0.581542251438517,0.5434256288125874
465,0.6181243129050576,0.6286023681954871,0.5885715605332686,0.5468682978386415,0.5731483358129161,0.5814348835854887,0.5433607309180655
466,0.6180162757367024,0.6284938370354202,0.5884533857117014,0.5467945798632152,0.5730609157167643,0.5813166140766499,0.543288328057486
467,0.6178844859422316,0.6283577428258276,0.5883169354633329,0.5466906894994532,0.5729541558710188,0.5811936524744661,0.543193556766901
468,0.617739810519626,0.6282122892626105,0.5881833673757002,0.5465805151882589,0.5728421668561431,0.5810522602352528,0.5430857608842361
469,0.6175946936397695,0.6280627337135524,0.5880346498624529,0.5464669375488356,0.5727217421417373,0.580905560324047,0.5429571634815721
470,0.6174545066154449,0.6279031757478372,0.5878808110133306,0.5463483228824384,0.5725865226130171,0.5807505208850199,0.5428245213095062
471,0.6173152872054983,0.6277440243445096,0.5877241495497474,0.5462306676535308,0.5724448655155674,0.5805948055518062,0.5426911886880558
472,0.6171692742941216,0.6275870605219414,0.5875635567977537,0.5461206223753285,0.5723012882676051,0.5804395476883037,0.5425506410622939
473,0.6170346710646513,0.6274324202094788,0.5874105506468628,0.5460121013028172,0.5721566760250721,0.5802918125797657,0.5424154507684745
474,0.6168862727973542,0.627273374687196,0.5872584021041275,0.5458908061108769,0.5720105542473488,0.5801428567708069,0.5422681900775342
475,0.6167572929663805,0.6271155201591359,0.5871162031819891,0.5457679280143528,0.5718748841525143,0.5799946959329667,0.5421273025478415
476,0.6166306097708956,0.6269581096008164,0.5869784600861594,0.5456606082380961,0.571742553004994,0.5798566999493955,0.5420001045067838
477,0.6165134483408653,0.6268087904023145,0.5868375907957251,0.5455648951749066,0.5716223077528975,0.5797251692656615,0.5418841095366373
478,0.6164000173810033,0.6266597724463974,0.5867060650828964,0.5454694290147806,0.5715122355276087,0.5795978015262143,0.5417686397868748
479,0.6162973033517364,0.6265176309237862,0.5865742829268018,0.545374459469403,0.5714094742232033,0.579471411260837,0.541653772550119
480,0.6161865945585795,0.6263731721186002,0.5864467479674517,0.5452824792078113,0.5713083598807296,0.5793428131615017,0.5415395850972797
481,0.6160786548161664,0.6262288906955473,0.5863318557189574,0.5451789577489045,0.5712054725177436,0.5792189210355198,0.5414270340861247
482,0.6159803592639568,0.6260812366093852,0.5862224074508406,0.5450845638582302,0.571104199024954,0.5790955010304322,0.5413180126434456
483,0.615869254450359,0.6259571865646498,0.5861105544441388,0.5450084840356123,0.5709984782441119,0.5789681495678891,0.5412057348372796
484,0.6157601033887422,0.6258261917347296,0.5859928420573896,0.5449290504662607,0.5708847129262224,0.5788393246939685,0.5410970305627653
485,0.61565308114752,0.6257044285616963,0.5858609617192851,0.5448418979003731,0.5707694557909222,0.5787071978592264,0.5409952706958331
486,0.6155339556695857,0.6255856103605429,0.5857324668159362,0.5447616622308394,0.5706451304556037,0.5785751567658252,0.5408842590940859
487,0.6154139082851072,0.6254720769124744,0.5856032891733858,0.5446721150691458,0.5705212894144616,0.5784395530954474,0.5407759662129873
488,0.6152948074076982,0.6253619438227405,0.5854793491940189,0.5445832097215539,0.5703987705993281,0.5783095877812643,0.5406849360075778
489,0.6151759410621774,0.6252559108389389,0.5853508209204096,0.5444864540758936,0.5702900715299208,0.5781856946286339,0.5405886111777236
490,0.615053959620153,0.6251457395379318,0.5851981994110635,0.5443989423695154,0.5701770568615278,0.5780656173159484,0.5404943401880339
491,0.6149035439804703,0.6250259259279027,0.5850515938474704,0.5442878494616525,0.5700406131060374,0.5779298442098829,0.5403896387570153
492,0.6147354788684487,0.6248927364266409,0.5848878104009265,0.5441646328956713,0.5698931101703317,0.5777844182200138,0.5402521820731845
493,0.6145620524787342,0.6247580279854027,0.5847241911322417,0.5440418199619654,0.5697509728367658,0.5776321024461778,0.5401097528760889
494,0.6143877298755791,0.624619127573057,0.5845633886270954,0.5439239083517721,0.5696145366350658,0.5774839522190798,0.5399756756272445
495,0.6142074373558442,0.6244771579460742,0.5844135595922628,0.5438140690741209,0.569485133724146,0.5773375754664947,0.5398492557681369
496,0.6140429975298403,0.6243390002182848,0.5842666678291706,0.5437094366093694,0.5693544842534206,0.5771923405023565,0.5397138625394379
497,0.6138706515614354,0.6242104898582909,0.5841202147692133,0.5436009600671696,0.5692253441652623,0.5770392167601786,0.5395794197274187
498,0.6137018439948457,0.6240837603785001,0.5839821977094284,0.5435006344658093,0.5690924982854484,0.5768936547846337,0.5394459742938504
499,0.6135351684653638,0.6239596275243979,0.5838478795692258,0.543402443934429,0.568977650564977,0.5767489225575206,0.5393267643513591
500,0.6133968192420892,0.6238341162261462,0.5837210371246455,0.5433016242498161,0.5688634751577653,0.5766252116831279,0.5392182963612314
501,0.613259580770018,0.6237157717287545,0.5835987702770284,0.5432127780148809,0.5687692441959753,0.5765011521314662,0.5391092119279706
502,0.6131249009073122,0.6235920602617648,0.5834626325989153,0.5431246979227611,0.5686666053444591,0.5763728073287312,0.5389970915546305
503,0.6129876996591288,0.6234800909076565,0.5833353825180074,0.5430388050854595,0.5685740357737235,0.5762464251106291,0.538891724397075
504,0.6128508750793048,0.6233593524897547,0.58320924041856,0.5429515147616465,0.5684756981205712,0.5761334054444216,0.5387889071918514
505,0.6127247795399231,0.6232470623692998,0.583081248408393,0.5428747495606927,0.568376858476995,0.5760242678916875,0.5386876803127644
506,0.6126066811425582,0.6231464103124538,0.5829624387665837,0.5428017748914671,0.5682809550247644,0.5759065667996228,0.5385934718627661
507,0.6124827117405606,0.6230504682041098,0.5828429423939917,0.5427334123594235,0.5681885579020434,0.5757946666483675,0.5385041328662984
508,0.6123573473030415,0.6229655899355218,0.5827265251991947,0.5426689003122308,0.5681073645801493,0.5756944137848036,0.5384187926771837
509,0.612236816576878,0.6228888006120656,0.5826140318236115,0.5426143982443175,0.5680304682824718,0.5755980431484964,0.5383357022495165
510,0.6121282268756346,0.6228186045328991,0.5825001516723349,0.5425632203181909,0.5679554145049952,0.5755123416727219,0.5382575079553876
511,0.6120250746584338,0.6227525713603594,0.5823889586900127,0.542513730304648,0.5678746963121266,0.5754228538496781,0.5381809285165691
512,0.611929077893583,0.622695114395766,0.5822828627331333,0.5424614157187246,0.5678113008083014,0.5753361504434358,0.5381090657090819
513,0.6118333440123117,0.6226357353276784,0.5821804227560117,0.5424261309553537,0.5677498933376357,0.5752468139648099,0.5380404989379576
514,0.6117364172684292,0.6225714917062642,0.582082757508693,0.542390755702547,0.5676920720520002,0.5751641461253973,0.5379744717821751
515,0.6116554969406001,0.6225200902400939,0.581997791770372,0.5423664521069403,0.5676511425455899,0.5750979168096942,0.5379229283939084
516,0.6115900467230354,0.6224702301630366,0.5819139089098124,0.5423345593164567,0.5676076442989879,0.575040726543208,0.5378748763983079
517,0.6115315875099323,0.6224132029241474,0.5818329958553635,0.5423006708068814,0.5675611926743934,0.5749742670554515,0.5378229849216342
518,0.6114793773898037,0.6223529199939224,0.5817651968671469,0.542255456941942,0.5675142844847392,0.5748960437849397,0.537769030658235
519,0.6114334547940724,0.6223138890068368,0.5817005066699636,0.5422091805691023,0.567475074678564,0.5748135429365361,0.5377192580748094
520,0.6113815972391198,0.6222611567124614,0.5816371266430377,0.5421703865064081,0.5674399889202546,0.5747437874025864,0.5376736705718907
521,0.6113185880408578,0.6222065982671866,0.5815875475809519,0.54213727115714,0.5674046027530366,0.574680575465846,0.5376307867005871
522,0.6112634576461458,0.6221784461972876,0.581545277014981,0.5421085886457269,0.5673649195577661,0.5746210641007956,0.537599458080971
523,0.6112048385732725,0.622148436550912,0.5815121835915245,0.5420843797704032,0.567336556249481,0.5745704810693713,0.5375624465564144
524,0.6111546761383064,0.6221166347681961,0.5814802096421984,0.5420610004381999,0.5673240451983292,0.5745227409247186,0.5375340755899121
525,0.6111032446417711,0.6220985086291405,0.5814562401209313,0.5420465491359643,0.5673184262061295,0.5744875585184961,0.5375055551157494
526,0.6110608092588907,0.622087949737465,0.5814415501478934,0.5420480817305287,0.5673177752004115,0.574462403711855,0.5374859339752696
527,0.6110144827740592,0.6220673894789901,0.5814142025271077,0.5420466513427753,0.5673049500886429,0.5744363525099112,0.5374639424439026
528,0.6109701700723431,0.6220470482264021,0.5813969258074605,0.5420431359840451,0.5672939124702295,0.5744125059077498,0.5374461826335553
529,0.6109325381148808,0.6220380854240829,0.5813775963427653,0.5420400559820853,0.5672846600059207,0.5743858892062577,0.5374191934330692
530,0.6109276511335342,0.6220418789438549,0.5813653803814114,0.5420563127028031,0.5672866924318724,0.5743734877342208,0.5374156883556716
531,0.6109395777010969,0.6220522684188363,0.5813563132096358,0.5420738097839012,0.5672919640039777,0.5743672522639395,0.5374174186647441
532,0.6109654033079857,0.6220641753432077,0.5813495945380649,0.5420934915204761,0.5672999922151182,0.5743777372850236,0.5374279679980543
533,0.6110106588508031,0.6220987270100483,0.5813580799342487,0.5421339205302897,0.5673277565766041,0.5744062346024529,0.5374554795103411
534,0.6110613642951194,0.6221308335104689,0.5813740152700175,0.5421796344759181,0.5673559765150137,0.574432756650035,0.5374805325310852
535,0.6111231962165771,0.6221622388476097,0.5813898638881148,0.5422274847014492,0.5673946542941024,0.5744635071242415,0.5375010787243405
536,0.6111932143570754,0.6221947967893864,0.5814125805377232,0.5422633443199014,0.5674301412084208,0.574496068361495,0.5375193459442463
537,0.6112689090672052,0.6222295932422368,0.5814412109553251,0.5423011272896574,0.5674760704982977,0.5745306022365784,0.5375415582909531
538,0.6113402155318264,0.6222688037858489,0.5814626695968828,0.5423307403701071,0.5675136402587502,0.5745600730488121,0.5375567802808089
539,0.6114083425204682,0.6222981320802996,0.5814850735001187,0.5423566412644407,0.5675524180624711,0.5745914985055848,0.5375735396528658
540,0.6114611799757362,0.6223129110833852,0.5815005647551563,0.5423731957645417,0.5675871059238371,0.5745990993450591,0.537585588347837
541,0.6114815421624265,0.6223199827868032,0.5815068714165595,0.5423806513700001,0.5676152062276725,0.5746016553574097,0.5375867500251713
542,0.6115130881040415,0.62233777802453,0.5815266505145369,0.5423921022230351,0.5676476146020694,0.5746137500986864,0.5375996405693562
543,0.6115379173331051,0.6223581989239259,0.5815504100855517,0.5424001983582001,0.5676824574909738,0.5746323583991085,0.5376066147042474
544,0.6115596463845828,0.6223762650284026,0.5815773483215434,0.5424142538771776,0.5677085929887674,0.5746467817140491,0.5376233464686908
545,0.611589202013762,0.6223875325618946,0.5815934193649953,0.542423760829445,0.5677371073284492,0.5746522442415698,0.5376301132944465
546,0.6116050669132104,0.6223822184470473,0.5815970756860727,0.5424202238060063,0.5677627775143526,0.5746567530836202,0.5376256774010229
547,0.6116091993250479,0.6223648486805263,0.5815919747269015,0.5424124363782524,0.5677771753276859,0.5746399214953162,0.5376082819770533
548,0.6116078292005682,0.6223240002447724,0.5815729728821695,0.5424018958881918,0.5677687169298908,0.574602589189108,0.5375892880744578
549,0.6115746534670985,0.6222739269565102,0.5815451809225833,0.5423883731916339,0.567749309403308,0.5745595875937228,0.537575996843263
550,0.6115462622712814,0.6222342963671172,0.5815090618796638,0.542381202009618,0.5677282385738159,0.5745220601333653,0.5375565637683698
551,0.6115167123578586,0.6221951720385118,0.5814630179136695,0.5423682688128045,0.5676951334864493,0.5744807284359109,0.5375287342620271
552,0.6114834954316717,0.6221556633542644,0.5814100063398013,0.5423493695341631,0.5676606314923431,0.5744371453269119,0.5375035201493403
553,0.6114427896971989,0.622102900829025,0.5813505885035224,0.5423196135852072,0.5676177862720069,0.5743878129305883,0.5374729570301728
554,0.6114011613572444,0.6220599413761867,0.5812958827728061,0.542294216816565,0.5675685482346761,0.5743330859087081,0.5374412097734138
555,0.6113621391449477,0.6220326721557143,0.5812633975925758,0.5422751815331465,0.567526095477324,0.5742823663954589,0.5374148600764886
556,0.6113208025224992,0.622017348179781,0.5812488759146479,0.5422714955184122,0.5674944506689249,0.5742374873506471,0.5374044633212414
557,0.6113006310109645,0.6220023963833174,0.5812365852703978,0.5422692412194073,0.5674963440703584,0.5741928270402685,0.5373947369348505
558,0.6112943816009746,0.6220099042941052,0.5812265913116058,0.5422711563850158,0.5675088241389082,0.5741682833715794,0.5373928992841476
559,0.6112968156407211,0.6220179336826943,0.5812504553807688,0.5422887441120374,0.5675236952898924,0.5741604944321749,0.5373895202387983
560,0.6112990541073144,0.6220324701836104,0.5812791635140142,0.542316510879242,0.567560725783486,0.5741615651872234,0.5373937953261821
561,0.6113171690309464,0.6220614956281694,0.5813230748356174,0.5423454396770642,0.5676100702919257,0.5741844306129492,0.5374201908273587
562,0.6113537220737602,0.6220996321099511,0.5813704509381707,0.5423863011635207,0.5676630513373896,0.5742153011466354,0.5374654132885647
563,0.611407370073766,0.6221336703002519,0.5814182904624212,0.5424184393674839,0.5677167592133199,0.5742494860969432,0.5375068221786548
564,0.6114703026057465,0.6221735970855614,0.5814599685452716,0.5424536766384752,0.5677784720619128,0.5742948625585456,0.5375546094132294
565,0.6115507965156065,0.6222284903256651,0.5815054907455409,0.5424843272038826,0.5678383063729527,0.5743392798933289,0.537605335365263
566,0.6116297011124744,0.6222790127397284,0.5815546331308376,0.5425131273077225,0.5678979054007308,0.5743901978080959,0.5376813602332966
567,0.6116966512180781,0.6223289425056557,0.5816031236378092,0.5425325951845114,0.5679552208449353,0.5744333145820095,0.5377522029152898
568,0.6117597899315421,0.6223740557397152,0.5816522651835387,0.5425518493898619,0.5680072809151456,0.5744704974900726,0.537813330312365
569,0.6118140301466292,0.6224243849368378,0.5817074377846365,0.5425741792914307,0.5680424807676436,0.5745032471423974,0.5378646847988522
570,0.6118280504612272,0.6224509540180777,0.5817452372415735,0.5425717057233499,0.5680701734200578,0.5745152652786928,0.5378997978539221
571,0.6118096489775098,0.6224607857828665,0.581748138450662,0.5425582176273882,0.5680778575777975,0.5745270269861686,0.5379182134981335
572,0.6117891712828994,0.622446240031146,0.5817396395102886,0.5425460403701775,0.5680644801630435,0.5745386506481819,0.5379260306144489
573,0.611768201534544,0.6224166905209214,0.581724439984176,0.5425208339054544,0.5680482027526286,0.5745234094323204,0.5379290866588173
574,0.6117175030239921,0.6223564749860522,0.5816848023874485,0.5424611576435426,0.5680053931880037,0.5744677035596119,0.5378970690987348
575,0.6116637392301975,0.6222944791471688,0.5816334199625655,0.542401167075565,0.5679563907194776,0.574412218743998,0.5378587833576625
576,0.6115945581974096,0.6222232084666979,0.5815632029891405,0.542337764077114,0.5679017033249659,0.5743536049734915,0.5378223992893763
577,0.61152152416745,0.6221523304232479,0.5814883511079094,0.5422717635928307,0.5678545954720963,0.5742952034679025,0.5377808720002012
578,0.611451149796086,0.6220893600707234,0.5814293573267288,0.5422086314487217,0.5678027590507438,0.5742385975120412,0.5377477942064168
579,0.6113842583041176,0.6220305278827308,0.5813688303690705,0.5421454533974757,0.5677487876988725,0.5741813087938381,0.5377231831493846
580,0.611316838502984,0.6219773604323053,0.5813123308242888,0.5420891453447766,0.5676984026286338,0.5741249774239223,0.5377019128442309
581,0.611249591995439,0.621931004382176,0.5812627601690581,0.5420316428631133,0.567655552248315,0.5740768408733399,0.5376885369696781
582,0.6111902523566064,0.6219054586726295,0.5812358157937888,0.5419876767271958,0.5676387393866154,0.5740472090063902,0.5376845509151906
583,0.6111402085011092,0.6218958849980878,0.581210567029611,0.541961280539546,0.5676320803306254,0.5740287556255993,0.5376816826167892
584,0.611119855230374,0.6219023052004061,0.5812062107894798,0.5419424413848397,0.567629707110816,0.5740304921082432,0.5377063212831885
585,0.6111291166098107,0.6219226596702272,0.5812223113615135,0.5419404664749399,0.5676431984058885,0.5740520045401839,0.5377374652292922
586,0.611137000448679,0.6219401850166805,0.5812368954184524,0.5419437759286422,0.5676498919765633,0.5740854694110145,0.5377809369275838
587,0.6111500833421722,0.6219699027827659,0.5812780828378441,0.5419616634821274,0.5676878194373124,0.5741337175489931,0.5378280742181722
588,0.6111666510641891,0.6219943496998892,0.5813138989707316,0.5419897131604172,0.567724243632488,0.5741845008402953,0.5378780247717401
589,0.6111859444857084,0.6220215199613418,0.581353009906046,0.5420171926621655,0.5677631449838105,0.5742354346284848,0.5379350370624568
590,0.6112146080989764,0.6220432729240926,0.581387923149848,0.5420475773752065,0.5678103525086973,0.5742823175654854,0.538013325565646
591,0.6112456798541657,0.6220658406706274,0.5814246955874534,0.5420811101874751,0.5678466611452044,0.5743189587238537,0.5380746534541895
592,0.6112594999756278,0.6220843174308819,0.5814498901088317,0.5421041845246001,0.56788766139025,0.5743517909717918,0.5381069276216845
593,0.6112715852018489,0.6220950077496534,0.5814780814765942,0.5421108696701894,0.5679105813403645,0.5743895007273857,0.5381461177030336
594,0.6112778871540548,0.6221077291283276,0.5815038280008733,0.5421169929395319,0.5679293139436296,0.5744280799952282,0.5381631146228717
595,0.6112774328825985,0.6220959634338061,0.5815278993271619,0.5421087703170949,0.5679301265370033,0.5744355525870884,0.5381839952024637
596,0.6112713541454852,0.6220846932160159,0.5815419882713103,0.5420899960951471,0.5679218661913099,0.5744295377944271,0.5381932706296324
597,0.6112466033385467,0.6220687309224564,0.5815594223680183,0.5420685001628551,0.5679083606492215,0.5744170119413138,0.5382145290286608
598,0.6112194213735813,0.6220486586578053,0.5815755141555978,0.5420452754223125,0.5678945655633434,0.5743978797793042,0.5382281629923742
599,0.6111900704759746,0.6220212977117007,0.5815865981867181,0.5420283154690694,0.567890400074748,0.5743740804042439,0.5382351002481505
600,0.611155649949739,0.6219907922042384,0.5815799209590521,0.5419989997499246,0.56787421955429,0.5743591710003499,0.5382392556587103
601,0.6111250430611209,0.621950793898587,0.5815707426802084,0.5419631603637872,0.5678390111433872,0.5743405244416049,0.5382354416966628
602,0.6111019893572545,0.6219149612391278,0.5815625588455096,0.5419321371715156,0.5678145955114324,0.5743237501922442,0.5382354562427158
603,0.6110657753141704,0.6218808969609461,0.5815404611274457,0.5418953714233882,0.5677918829582632,0.5743002450476421,0.5382333482430773
604,0.6110187598947383,0.6218287544039486,0.5814931502469352,0.5418570460717713,0.5677552936041159,0.5742619986938967,0.5382291125361183
605,0.6109738763574937,0.6217702946844759,0.5814337837148752,0.5418144811596208,0.5677093186288517,0.5742198213666289,0.5382146073879752
606,0.610939552297886,0.6217087162666484,0.5813890493835325,0.5417803087577063,0.5676754291844225,0.5741775448517522,0.53819524919579
607,0.6109182926798887,0.6216512091630968,0.5813358697319903,0.5417405177012922,0.5676437972932512,0.5741369111160759,0.5381925905665382
608,0.6108976990255175,0.6215816005163796,0.5812707337910593,0.5417010409638303,0.5676046634495413,0.5741029887925532,0.538195451248851
609,0.6108477452694808,0.6214892142254845,0.58119016623553,0.5416412513268243,0.5675414127313048,0.5740496000861837,0.5381650387533962
610,0.6108042636007807,0.6213931550821306,0.5811027175926368,0.5415833283062929,0.5674761087626934,0.5739907680054205,0.5381230802483007
611,0.6107527655298666,0.6212886832936866,0.5810083577794274,0.5415090368139512,0.5674078639914132,0.5739192298060011,0.5380761334337059
612,0.6107004475113911,0.6211840426135428,0.5809174559247795,0.541439282602998,0.5673355418884164,0.5738540481446194,0.5380389897838439
613,0.6106501752055542,0.6210751756174642,0.5808184953600601,0.541356778519176,0.5672597941073539,0.573788611488619,0.5379801581384644
614,0.6105988972871671,0.6209621958261071,0.580727661129088,0.5412777258196158,0.5671836843758962,0.5737243222500392,0.5379191220729533
615,0.6105552663831646,0.6208493466858311,0.5806465404354257,0.5411989366045669,0.5671073181848338,0.5736614624116694,0.5378588309806162
616,0.6104953770611121,0.620745101377525,0.580568106496632,0.5411224432718841,0.5670386592837372,0.5735969683648863,0.5377888459372131
617,0.6104455529195091,0.6206321280254109,0.5804976692588242,0.5410396743723772,0.5669641059649088,0.57353760869646,0.5377175280199731
618,0.6103923759862789,0.6205432082881922,0.580432758568165,0.5409730098793839,0.5668927417972344,0.5734685306571594,0.5376697343911158
619,0.610344758690917,0.6204531377866369,0.5803714071939344,0.540914361578211,0.5668250746640304,0.5734094982259251,0.5376202300880479
620,0.6103090101300679,0.620367492904202,0.5803224997574647,0.5408596831901555,0.5667613358448488,0.5733616233601733,0.5375749565717414
621,0.6102753628832502,0.6202980424614248,0.5802780793985407,0.540806577194365,0.5666973639724993,0.5733174604340769,0.5375316632544591
622,0.6102577132045577,0.6202302690420831,0.5802483771123639,0.5407600533419521,0.5666450844755033,0.5732745041934185,0.537497693951279
623,0.6102245740372861,0.6201698572640522,0.5802215646653638,0.5407101784769146,0.5666041236519854,0.5732337109492367,0.5374828131855368
624,0.6101992330177574,0.6201179888416659,0.5801960299914513,0.5406706794047744,0.5665597329962788,0.5731899395278661,0.5374625306467569
625,0.6101770729504844,0.620076619865912,0.5801643789547984,0.540647999596696,0.5665250525961667,0.5731514953310108,0.5374600162055143
626,0.6101678038460205,0.6200534737626087,0.5801365579279392,0.5406313678618647,0.5664986621780705,0.5731245400970315,0.5374554393351605
627,0.6101637269498861,0.6200381591081217,0.5801221471169663,0.5406131033327521,0.566476879510093,0.5730941689561325,0.5374656150873174
628,0.6101620314781017,0.6200192171901194,0.5801155832128939,0.5406008104215468,0.5664528929194349,0.5730700651729681,0.5374771153794194
629,0.6101543185047801,0.6200051900396911,0.5801092932842824,0.5405898677822083,0.5664249983629693,0.5730624616694107,0.5374944198708201
630,0.6101511750287893,0.6199944114579342,0.5801066893725364,0.5405835730196061,0.5663990121314354,0.5730652363791033,0.5375177885759472
631,0.6101412027926434,0.6199790677094611,0.5800969645933651,0.5405760447522306,0.5663708159787448,0.5730656546513963,0.5375331304350357
632,0.6101309232557253,0.6199585190665321,0.5800737696275158,0.5405695047427378,0.5663475060181425,0.5730568542596719,0.5375485764658867
633,0.6101196801817285,0.6199413377305871,0.580048754994696,0.5405631801402745,0.5663247088439446,0.5730608491693305,0.5375637935347977
634,0.6101035121239232,0.6199021105464322,0.5800209877642883,0.5405329310076669,0.5662928516411216,0.5730555872469397,0.5375696968029628
635,0.6100797680906366,0.6198706992327496,0.5799953488234799,0.5405009725596954,0.5662637955164211,0.5730487084406514,0.5375743732755426
636,0.6100510409314766,0.6198274696388066,0.5799631632282652,0.5404674226139476,0.566228162510878,0.573035178634971,0.5375715076741627
637,0.6100130430409372,0.6197832962182264,0.5799287490019155,0.5404322519675689,0.5661865850067415,0.5730219335742349,0.5375579131257722
638,0.6099655271616398,0.6197283623081726,0.5798781753792246,0.5403909235540827,0.5661349640458295,0.5729981238447052,0.5375396074871199
639,0.6099004167589952,0.61965601531098,0.5798224576925078,0.5403440787867598,0.5660765741171426,0.5729702959220109,0.5375212803105367
640,0.609816235636589,0.619577733912651,0.5797604221193353,0.5402887299398288,0.56601660659315,0.5729328055491236,0.537500050668218
641,0.6097281071822274,0.619500655034631,0.5796984422085758,0.540216626883914,0.5659546670237009,0.5728871591034725,0.537474451171019
642,0.609643165983577,0.6194167820285608,0.5796304354927256,0.5401558597773674,0.5658899068520853,0.5728313402242347,0.5374375895009196
643,0.6095636685622402,0.6193358047016512,0.5795634932007117,0.5400868312121216,0.5658224138005743,0.5727684929564945,0.5373808271966201
644,0.6094849512749624,0.6192451566997341,0.5794951982321647,0.5400142153966758,0.5657530762398527,0.5727040594762064,0.5373161010790619
645,0.6094096746607549,0.6191612177956076,0.579429497251154,0.5399502020347438,0.5656956241070509,0.5726362163598214,0.537244581673251
646,0.6093466747533844,0.619078835402416,0.579363050899177,0.5398833672420424,0.5656330591040593,0.57257925606217,0.5371791787601901
647,0.6092713447383554,0.6189953875990665,0.5792942132054402,0.5398139101707822,0.5655689769114784,0.5725275071343798,0.537113344959407
648,0.6092169613875188,0.6189052627672744,0.5792290424638401,0.5397542359307878,0.565511914587377,0.5724828291991197,0.5370599825361072
649,0.6091689826497049,0.6188250234744413,0.5791730263295606,0.5397015394752452,0.5654523814304292,0.5724332765442639,0.5370063452945855
650,0.609133643666419,0.6187596415847452,0.5791156715216699,0.5396657803608735,0.5653979334121264,0.5723855118201285,0.536959079677925
651,0.6090934903360176,0.6186986054595423,0.5790511044949515,0.5396317679827124,0.5653341486350982,0.5723300626066942,0.5369148242491297
652,0.6090730096212528,0.618635451065108,0.5789999682927144,0.5396058598901603,0.5652737484667527,0.5722831691075462,0.5368776308338649
653,0.6090382674057484,0.6185635820568398,0.578953596950532,0.5395763782735672,0.5652100045059556,0.5722354778690002,0.5368423343399068
654,0.6090091477665656,0.6184996531438436,0.5789085940363787,0.5395474005412948,0.5651457122753405,0.5721827025852197,0.5368049863841294
655,0.6089774145838336,0.6184470675854824,0.5788690558907776,0.5395198450377622,0.56509460231043,0.572136912301797,0.5368035273304356
656,0.6089227084054769,0.6183812565269693,0.5788192848663403,0.5394809620937474,0.5650302380213323,0.5720748076439902,0.5367833123159911
657,0.6088557846251015,0.6182942824304049,0.5787660615331587,0.5394329722712987,0.5649605486098428,0.5720231564170406,0.5367546056977578
658,0.6087906001475948,0.6182146819333079,0.5787167958903403,0.5393759145017272,0.5648997692298339,0.5719709757639466,0.5367207220291786
659,0.6087261063333178,0.6181306632708022,0.5786685010875015,0.5393162491124357,0.5648241711063374,0.5719121770862696,0.5366594813582581
660,0.6086635596676209,0.6180476549095308,0.5786228560338218,0.5392525610892556,0.5647551252622559,0.5718543106556064,0.536593139384891
661,0.6085972400085324,0.617962592365355,0.578578722129889,0.5391912325400489,0.564691375703299,0.571790281312506,0.5365289352179895
662,0.6085264112490459,0.6178721339431277,0.5785163953854697,0.5391230623652905,0.5646285863384276,0.5717290018088006,0.5364616566651368
663,0.6084688946696517,0.6177937621960725,0.578469446611143,0.5390710560068209,0.564575778967765,0.5716614216253569,0.5364044305277075
664,0.6084073888841148,0.6177173973406759,0.5784246001595593,0.5390151413969544,0.5645123484781793,0.5715895140842522,0.5363425434788798
665,0.6083428346992096,0.6176423594072701,0.5783762828333805,0.5389560930005571,0.5644465393518026,0.5715186276331886,0.5362796432885828
666,0.6082811763120592,0.617567312638933,0.5783227243721948,0.5389053168363575,0.5643803122327744,0.5714442685559227,0.5361985833572154
667,0.6082165607236891,0.6174883874642952,0.5782774520890721,0.5388598064101344,0.5643131516175689,0.5713783829884116,0.5361221059916245
668,0.6081478381986748,0.6174075001132899,0.5782222505619833,0.5388058041473417,0.5642429219506917,0.5712996981832511,0.5360499493177071
669,0.608076039811473,0.6173390938827896,0.5781664280560734,0.5387557508276889,0.5641822933225489,0.5712312337629337,0.5359785712486286
670,0.6080107163896932,0.6172641399014605,0.57812425405695,0.5387224273337669,0.5641189159186231,0.5711747784221186,0.5359082564176626
671,0.6079542664019287,0.6172156678393876,0.578089231002022,0.5386838665746353,0.5640658912983227,0.5711230491650977,0.5358583431590638
672,0.6078996524511092,0.6171739665707242,0.5780517092780311,0.5386463400000959,0.5640089140164741,0.5710780515853775,0.5358083098354024
673,0.6078443162465793,0.6171103153269228,0.5780054244562478,0.5386105140328022,0.5639534137040949,0.5710294417040063,0.5357363166183694
674,0.6077908195461367,0.6170553595129401,0.5779567676214696,0.5385722713794643,0.563894066011543,0.570996666992732,0.535672610543536
675,0.6077277795364513,0.6170133170982485,0.5779071750527731,0.5385399875517815,0.5638284465371554,0.5709613378858334,0.5356192250729417
676,0.6076854931107427,0.6169723213599122,0.5778770125348699,0.5385223478139617,0.5637751834863585,0.5709389881736742,0.5355887504163692
677,0.6076364730308417,0.6169225883279263,0.5778346266768535,0.5384934305278088,0.563716982838126,0.5709087626812633,0.5355489759893539
678,0.6075808925204393,0.616870927839099,0.5777895847602202,0.5384602246919454,0.5636517873474572,0.5708669627004263,0.53549700814326
679,0.6075249899668831,0.6168133656951211,0.5777316952943063,0.5384195144639541,0.5635873614577483,0.570817110320905,0.5354405461665059
680,0.607480791816501,0.6167388862066668,0.5776776224029179,0.538380783822692,0.5635231147909415,0.5707686023028307,0.5353825125574185
681,0.6074110782321485,0.6166452800724879,0.5776093743018574,0.5383272693785752,0.5634467915682873,0.5707054634571309,0.5352994398071116
682,0.6073436799359498,0.6165540753353235,0.5775472329185203,0.5382757251478847,0.5633748910404053,0.5706493576781888,0.5352214618463033
683,0.6072920133703086,0.6164732775344979,0.5774976933160292,0.538239665969423,0.5633148853110989,0.5705980338023979,0.5351507993639057
684,0.6072399505120614,0.6164070896468953,0.5774461541665891,0.5381985637519946,0.5632590775114353,0.5705455740014143,0.5350746933623926
685,0.6071867504653483,0.6163656518713388,0.5774148751302202,0.5381563844857529,0.563202246348726,0.5705022350401304,0.5350084195839955
686,0.6071393351164625,0.6163294175107017,0.5773943225731883,0.5381165518724373,0.563146604243207,0.5704577755783278,0.5349488072348765
687,0.6070883111795432,0.6162916541929507,0.5773689823095633,0.5380862517343928,0.5630953045520697,0.5704214102432884,0.5349004123353351
688,0.6070335662650657,0.6162532765324725,0.5773362250480362,0.5380541508716798,0.5630389327095191,0.5703778502303132,0.5348472951672295
689,0.6069703704083043,0.6162103239322676,0.5773088910278779,0.5380287836933972,0.5629902021154167,0.5703350476700282,0.5347930930258281
690,0.6069024695041525,0.6161682078519546,0.5772763458571278,0.5380044396687594,0.5629318756794202,0.5702800184864566,0.5347331461899075
691,0.6068336158121198,0.6161049152554775,0.577239278729387,0.5379727651634129,0.5628677546997081,0.5702282401708902,0.5346717494100419
692,0.6067605219197318,0.6160508734764516,0.5771998798769629,0.537930582006748,0.56280061100944,0.5701742193606016,0.534609815861131
693,0.6066891591668538,0.6159806396378512,0.5771569186484597,0.537880941106881,0.5627349807079441,0.5701206692976016,0.5345432988863402
694,0.606617948093422,0.6159082510620983,0.5771007805843799,0.5378354369774581,0.5626667382116063,0.5700564535213053,0.5344808311001543
695,0.6065384681761876,0.6158375411074226,0.5770415321912148,0.5377872878126595,0.562607145514799,0.5699910018106213,0.5344068821115642
696,0.6064511238307307,0.6157688103034695,0.5769861354379084,0.537738201186449,0.5625494879044036,0.5699261334496742,0.5343288776403179
697,0.6063664611665656,0.6157092008100993,0.5769297534406903,0.537693133764753,0.5624896436729035,0.5698617879442466,0.5342517608596455
698,0.6062871916434748,0.615648870912585,0.576875328032374,0.5376527977790908,0.5624210629519484,0.5697971344967143,0.534185528592427
699,0.6062048273635756,0.6155881238107651,0.5768220408312608,0.5375988314223537,0.5623599668467729,0.5697402340991468,0.534125450881808
700,0.6061209122946313,0.6155305679255919,0.5767674750882176,0.5375462194028764,0.562306249112151,0.5696778003379219,0.5340517454132078
701,0.6060521394564401,0.6154871308585608,0.5767224667645698,0.5375013071618232,0.5622626113395535,0.569624788422068,0.5339935854570192
702,0.6059791456569503,0.6154386438606593,0.5766817186656717,0.5374574514812671,0.5622300509436352,0.5695719444927019,0.533940098013556
703,0.6059114370022395,0.6153846174795703,0.5766450766277684,0.5374112829738117,0.5621945708386226,0.5695192717889022,0.5338721029103172
704,0.6058361360385954,0.6153156989073157,0.5765887521353937,0.5373428408363324,0.562142902612042,0.5694524137233287,0.5338002746985314
705,0.6057594829635164,0.6152389370371928,0.5765261532975596,0.5372799828888739,0.5620952132480482,0.5693865761068035,0.5337282436531352
706,0.6057081584309225,0.6151691950030184,0.5764690190734141,0.537223873963826,0.5620622169555569,0.5693342259666263,0.5336531612839035
707,0.6056572315307258,0.6151076410308388,0.5764069409680124,0.5371694077143567,0.5620273240064204,0.5692858865989578,0.5335872200091905
708,0.6055990027169956,0.6150495198644048,0.5763495593171548,0.5371325557933504,0.5619755299316299,0.5692428794016657,0.5335099678286916
709,0.605526738781483,0.6149838562411432,0.5762796892290114,0.5370797123335003,0.5619076195406066,0.569197195335388,0.5334091208708147
710,0.6054492748255216,0.6149186682761736,0.5762018298792861,0.53701832704234,0.5618391564634241,0.5691485724736376,0.5333249954811812
711,0.605377719844829,0.6148468827078017,0.5761221904359882,0.5369547798105421,0.561756047930475,0.5690942517357149,0.5332269646958385
712,0.6053082139906512,0.6147863058565765,0.5760454966203052,0.5368859508508776,0.5616645037407544,0.5690366057563071,0.5331376594932656
713,0.6052166164488304,0.6147287377220664,0.5759679200582658,0.5368123684247094,0.5615802865961237,0.5689824620691712,0.5330407204738734
714,0.6051208079569438,0.6146791817887156,0.5758849965420109,0.5367459316383202,0.5615073890050784,0.5689293642981952,0.5329427692568094
715,0.6050113346439014,0.6146305802233548,0.5758007858938635,0.5366652186868338,0.5614305174599156,0.5688722635977931,0.5328453432755107
716,0.6048866580982288,0.6145657525927706,0.5757160388763347,0.5365970963528932,0.5613524627678578,0.5688167521648466,0.5327518694478941
717,0.6047505594422051,0.614492820006205,0.5756277010094397,0.5365260940033251,0.5612696910310813,0.5687539993387819,0.5326348848898339
718,0.6046150601128705,0.6144083118406515,0.5755302901992027,0.5364602588699731,0.5611838617469187,0.5686873836919798,0.5325134799062262
719,0.604479600260386,0.6143248784319673,0.575426337090296,0.5364021128582893,0.5610932678581227,0.5686186286693934,0.5323860497304687
720,0.6043497604875413,0.6142340816917734,0.5753218526600746,0.5363344307866693,0.5610156081444986,0.568551228955193,0.5322586656568077
721,0.6042417482237246,0.6141519115508561,0.5752278769973028,0.53626415037739,0.5609343452155506,0.5684810621864529,0.5321295541926757
722,0.604154725113409,0.6140731038745624,0.5751440424204157,0.536203837896011,0.5608584039384112,0.5684115719076642,0.5320121541262041
723,0.6040722872633096,0.6140091883788796,0.575070877974535,0.5361447812823149,0.5607986582202007,0.5683428937126171,0.5319046169035382
724,0.6039881650546662,0.6139658001236181,0.5750016218101223,0.536096836982005,0.5607450550017481,0.5682892694381383,0.5318013580381616
725,0.6039146364417435,0.6139250242020691,0.5749358471588838,0.5360617393431579,0.5607044512818847,0.5682451961233473,0.5317211009016868
726,0.6038405613025423,0.6138870303262121,0.5748854315936628,0.5360251962759791,0.5606612407681723,0.5682026103082034,0.5316574407272023
727,0.6037663955166811,0.6138491432341038,0.5748478547692086,0.5359778270962436,0.5606091437470866,0.5681542242107098,0.5315943632641623
728,0.6036841994697891,0.6138120578097174,0.574806446931696,0.5359314574326263,0.5605550678441548,0.568100539161513,0.5315278443966693
729,0.6035909953875181,0.6137679939211476,0.574752247666534,0.5358791021997977,0.5605003833036403,0.5680492801964263,0.5314624224364108
730,0.6035035181013783,0.6137223389528265,0.5747010481692023,0.5358325367802339,0.5604517565796545,0.5679936121521971,0.531391989718393
731,0.6034195839335761,0.6136717888932296,0.5746431041366401,0.5357693762996842,0.5603871390951065,0.5679380520310231,0.5313154868583936
732,0.6033275017009629,0.6136092038429417,0.5745693373797974,0.5357016404684518,0.5603083082387288,0.5678625783290278,0.5312300053579015
733,0.6032426933568077,0.6135307499191806,0.5744759612079118,0.5356342773692442,0.5602156178621858,0.5677693362738305,0.531143524375051
734,0.6031548671950425,0.6134488887841891,0.574383666772895,0.535561162654732,0.5601206846893874,0.5676870672901732,0.5310544783316722
735,0.6030740795160849,0.613372112225426,0.5742880426397774,0.535495277406624,0.5600357431473112,0.5676080171374591,0.5309372019153488
736,0.6029649829314324,0.6132838118423082,0.5741855381509605,0.5354180751613749,0.559937547067314,0.5675235476807133,0.5308234995504241
737,0.6028796499125331,0.6131979611163573,0.574093356679706,0.5353476175060451,0.5598532931334249,0.5674369249438722,0.5307092865757665
738,0.6027971905435321,0.6131066754640929,0.573987920212574,0.5352769236689221,0.5597528642247356,0.5673483378455095,0.5306081419674582
739,0.602715328585196,0.6130237471458938,0.5739040303853776,0.5352054234616107,0.5596631446907818,0.5672654278064859,0.530514367389703
740,0.6026490856046026,0.6129366125973909,0.573822480239889,0.5351365006330298,0.5595800655542442,0.5671856060925421,0.5304199311310167
741,0.602575556411178,0.6128601328857615,0.5737502083498545,0.5350608835954626,0.5594921938334703,0.5671073984575606,0.5303073762420448
742,0.6024973381928102,0.6127833515449574,0.5736821042564363,0.5349890380517457,0.559407947089628,0.5670402759557346,0.5302227722685668
743,0.6024248246472494,0.6127096847469683,0.5736155464241546,0.5349176058438578,0.5593203731677427,0.5669765188265931,0.5301591502667709
744,0.6023519866789376,0.6126424384951843,0.5735503435861471,0.534858488938572,0.5592422031920428,0.5669055817297913,0.5301000774506845
745,0.602283081504773,0.6125747517349472,0.573490937839563,0.5348061163055144,0.5591820101532445,0.566835316843379,0.53005583873756
746,0.6022259425534249,0.6125210483656653,0.5734424232336307,0.5347704863255985,0.5591284357763264,0.5667771330306883,0.530015398296926
747,0.6021747625181426,0.6124812712744484,0.5733976944360735,0.5347527715156352,0.5590837354722424,0.5667311549436347,0.5299875030177255
748,0.6021430894150087,0.6124386260521193,0.5733542918988983,0.5347316638853593,0.5590454173464655,0.5666969621754244,0.5299548153209218
749,0.6021131995403765,0.612402478681134,0.5733239106675527,0.5347140013313847,0.5590146201080428,0.5666689760635998,0.5299273083238645
750,0.6020912523804411,0.6123670337099141,0.5732973136947631,0.5346891105339957,0.5589937046964824,0.5666566019745455,0.5298997477727687
751,0.6020825306391658,0.612328269563157,0.573264781151499,0.5346739770377862,0.5589748675620461,0.5666502058120485,0.529876904513031
752,0.6020541954531794,0.6122768953394738,0.5732208616717854,0.5346553273763577,0.5589551794596501,0.5666323659061927,0.5298449692652205
753,0.6020188414112655,0.6122175363744985,0.5731697745400478,0.5346254365338557,0.5589221748947218,0.5666062460964836,0.5298055104267678
754,0.6019993252802545,0.6121535055364681,0.5731208900554201,0.5345932952901109,0.5588868526972879,0.5665778257710951,0.5297641288284544
755,0.6019743547805543,0.6120933947363297,0.5730740219341468,0.5345590299662593,0.5588493422689413,0.5665456323589831,0.5297209557561505
756,0.6019362974220773,0.6120315382657788,0.5730320773802862,0.5345209961093691,0.5588130890622482,0.5665182549763937,0.5296725794248145
757,0.6018860212455672,0.6119543066890799,0.572968533941907,0.5344691896296728,0.5587701973909401,0.5664852826647545,0.5296193632116131
758,0.6018317009114684,0.6118754778512365,0.5729078958801571,0.534416055100376,0.5587267910399232,0.5664528545298886,0.5295585472416127
759,0.601773910745173,0.6117974429407652,0.5728541277919244,0.5343653166008019,0.5586853864907786,0.5664157733111491,0.5294915408423269
760,0.6017209672819928,0.6117334941390593,0.5728165168294101,0.5343198618968283,0.5586506453782846,0.5663809783654637,0.5294405679682328
761,0.6016760409664952,0.6116713990841571,0.5727946847541668,0.5342706105007617,0.558624579257305,0.5663568732165626,0.5294069405723778
762,0.6016351738904866,0.6116246094773522,0.5727761024263638,0.5342315640757742,0.5585999083054624,0.5663284465494657,0.5293735233161786
763,0.6015865343091472,0.6115814333376098,0.5727487142957752,0.534189970486159,0.5585783337063859,0.5662975114278161,0.5293281253782867
764,0.6015418951717224,0.6115412444917969,0.5727287242198946,0.5341600590251567,0.5585563598881252,0.5662658810874044,0.5292948430902984
765,0.6015080046837322,0.6115106791899627,0.5727060191310167,0.5341285759269854,0.5585340358523394,0.5662318270235716,0.5292639434331973
766,0.6014882499403609,0.6114840626260198,0.572689291536495,0.5341047880294045,0.5585122412260499,0.566198935847418,0.5292413924635568
767,0.6014770258433978,0.6114607002156889,0.5726884450890976,0.5340900551284194,0.5584892570379225,0.5661757156651605,0.529238254394963
768,0.6014816057406583,0.6114393637950573,0.5726823420269251,0.5340742148387336,0.5584697699760152,0.5661570029151168,0.5292372115909583
769,0.6015011357479668,0.6114167161626437,0.5726974092557934,0.5340617682751915,0.5584530992116614,0.5661420692583615,0.5292230373782646
770,0.6015158121349724,0.6114103242953235,0.5727047945759282,0.5340467869615558,0.5584409104774866,0.5661190035300676,0.5292175046865595
771,0.6015257986385547,0.6113997040669956,0.5726963849437368,0.5340489365633585,0.5584393807651691,0.566103530450213,0.5292206622074144
772,0.6015305359260688,0.6113926822255737,0.5726871916785624,0.5340488556620505,0.5584353556183643,0.5660874075361094,0.5292231338357987
773,0.6015175126972657,0.6113792796626678,0.5726632396496767,0.534047163556489,0.5584286294293762,0.5660672213855908,0.529222006257511
774,0.6015151142724139,0.6113468775334752,0.5726347862640978,0.5340299847503054,0.5584074200088678,0.56604902080603,0.5292104781548532
775,0.6014824063271044,0.6113022577092717,0.5726035695417352,0.5339964394435583,0.5583852915580441,0.5660268512519938,0.529182364194582
776,0.6014395058431713,0.6112332668489412,0.5725616945482319,0.5339494993323712,0.55834404529911,0.5659940405684253,0.5291368390936718
777,0.6013665666638534,0.6111343249391095,0.5724907204948588,0.5338862488994083,0.5582783339174793,0.5659422675035772,0.5290761238268967
778,0.6012737452113146,0.6110154521889544,0.5723921860917189,0.5338134778211278,0.5582061514854508,0.5658804576983552,0.528995714032547
779,0.6011696738632437,0.6108844332760383,0.5722747657551734,0.5337215875394022,0.5581234585806305,0.5657887320159444,0.5289015801052275
780,0.6010581806456802,0.6107507563144854,0.5721399325648264,0.5336157971580058,0.5580249340990862,0.5656747491283758,0.5287951082075276
781,0.6009363759503076,0.6106031502989924,0.5720024212563466,0.5334946248355588,0.5579178029224287,0.5655502203320116,0.528673244446005
782,0.6008100662722408,0.6104530195220896,0.5718661401231746,0.5333633410145162,0.557797616126593,0.5654279442371007,0.528556599528395
783,0.6006656201370862,0.6102988038444137,0.5717196053179424,0.5332275803128221,0.5576580344397906,0.5653014065133679,0.5284235131812927
784,0.6004887936666985,0.6101351686932645,0.5715629615874424,0.5330818368285806,0.557511985451862,0.5651417471999359,0.5282822468132421
785,0.6003024877917036,0.6099726568799091,0.5713998149205401,0.532937078952932,0.5573673707516664,0.5649877098817802,0.5281419676531414
786,0.600111912279625,0.6098010733197142,0.5712327744228359,0.5327863863920295,0.5572211051403163,0.5648350852966683,0.5279998272657049
787,0.5999105518363008,0.6096289563953897,0.5710557459701895,0.5326306939634214,0.5570812573639907,0.5646777776608666,0.527843744463812
788,0.5997030703420065,0.609443590132434,0.5708784196791937,0.5324635235263053,0.5569381379107229,0.5645193303280793,0.5276851136841927
789,0.5994897533771731,0.6092546220529286,0.5706971546955025,0.5322896328497372,0.5567918673685196,0.5643480101155826,0.5275161074059135
790,0.5992792070582895,0.6090661760722659,0.5705091954140646,0.5321127773230369,0.5566228171677763,0.5641727896228914,0.5273434552016429
791,0.5990838760131825,0.6088714755722261,0.5703297248457643,0.5319413751839096,0.5564483369128814,0.5639976632383228,0.5271701926666011
792,0.5988848507745097,0.6086762623863946,0.5701540866957249,0.531780910599999,0.5562776367198821,0.5638263859466083,0.5270021298045662
793,0.5986858722499289,0.6084826373093597,0.5699789108899742,0.5316196487729747,0.5561148709572719,0.5636606769250346,0.5268362601672326
794,0.5984837498225097,0.6082841408780859,0.5698028857661317,0.5314616494438378,0.555952138375564,0.5634894911160261,0.5266930579228462
795,0.5982846426680342,0.6080797782959236,0.5696293837623043,0.5313039351959646,0.5557793509486215,0.5633135328594081,0.526544231380573
796,0.5980906517808382,0.6078808241583921,0.5694604047377407,0.5311427307114857,0.5556027104605021,0.5631439850368272,0.5264020186901315
797,0.5978962631161434,0.6076791674506951,0.5692840544822122,0.5309728467649891,0.5554254911648038,0.5629592466066208,0.526266351557969
798,0.5976998372838707,0.607473152808816,0.5691042304259339,0.5308018054180133,0.5552479136357984,0.5627698783006351,0.5261262234784102
799,0.5974960694075699,0.6072708256872461,0.5689256019892805,0.5306281078552862,0.5550675938449754,0.5625810822445593,0.5259726216671402
800,0.5972811377270442,0.6070666056252348,0.5687361487468943,0.530454519522036,0.5548938313197194,0.5623930798947748,0.5258303681585048
801,0.5970518705453367,0.6068405365123589,0.5685493266256779,0.5302600129152213,0.5547075552933917,0.5621890254370119,0.5256827209204031
802,0.5968175110478237,0.60660488828194,0.568355052321593,0.5300562428362209,0.5545099817071842,0.5619812104868928,0.5255157607339014
803,0.5965788233994811,0.6063765352865512,0.5681525994652105,0.5298510472798121,0.5543126289520091,0.5617762596725876,0.5253442716459876
804,0.5963384265861089,0.6061541958384005,0.5679410064002225,0.5296518118069601,0.5541134664048031,0.561569375664801,0.5251712866251401
805,0.5960958458588175,0.6059218457041446,0.5677277263702275,0.5294491167234149,0.5539059768193507,0.5613662384082299,0.5250000611076194
806,0.5958495206124844,0.60568189737527,0.5675091243302041,0.5292481406803627,0.5536926816768913,0.5611582388464369,0.5247906712742905
807,0.5956064971437334,0.6054755433208105,0.5673116428081011,0.5290487159985231,0.5534920219379291,0.5609616520077386,0.5245965461633313
808,0.5953696627878987,0.605286045979201,0.567115225282141,0.5288565973716658,0.5532961985805329,0.5607723076252263,0.5244146546642436
809,0.5951449987572057,0.6050922448228657,0.5669281677976812,0.5286786350023028,0.55309759882363,0.5605865928701972,0.5242227246050826
810,0.5949215738079097,0.6049028746604209,0.5667338311117919,0.5285038857199851,0.5529047545040009,0.5603964661353171,0.5240654043833037
811,0.5946980262326191,0.6047157855985643,0.5665415051922565,0.5283314399597989,0.5527165713942962,0.5602061830986931,0.5239218900398758
812,0.5944855643372013,0.604522958671558,0.5663558980233971,0.5281773468447282,0.5525415787410661,0.5600342770320477,0.5237899316142856
813,0.5942841446321682,0.604338894574272,0.5661910072489691,0.5280327664327216,0.55237335354877,0.5598622987325684,0.5236571966511949
814,0.5940744548795094,0.6041512856062654,0.5660142408833383,0.5278806521942148,0.5521881455134896,0.5596951130619455,0.5235143448920189
815,0.5938609156393536,0.6039750149217309,0.5658318626085255,0.5277265195601205,0.5520103476147729,0.5595301489778934,0.5233713108660613
816,0.5936649793934624,0.6038063875055693,0.5656633715903643,0.5275746800954537,0.5518464626787235,0.5593704518505043,0.5232347649404144
817,0.5934724710579522,0.6036488021676052,0.5655141197914381,0.5274353740431414,0.5516902968309221,0.5592282722764953,0.5231224014141177
818,0.5932895147114321,0.6034964900484502,0.5653649059211489,0.5272978123532502,0.551539846553865,0.5590729831861251,0.523008683286507
819,0.5931274111845743,0.6033625148932111,0.5652376791161414,0.5271857244630623,0.5514012848065288,0.5589392730280712,0.5229093524774071
820,0.5929748279643501,0.6032263058521454,0.5651110641671405,0.5270732623052574,0.5512569602284108,0.5588091103503656,0.5228100499997568
821,0.5928215186962584,0.6030829922399421,0.5649804236912168,0.5269481009884337,0.5511142119644276,0.5586827312631804,0.5227084315801827
822,0.5926812764462482,0.6029332151815647,0.5648486610680548,0.5268291814118236,0.550967780957287,0.5585496273164338,0.5226011106562036
823,0.5925454749626432,0.6027825662463775,0.5647160599794898,0.5267081991023216,0.5508324714487214,0.5584124727697706,0.5224950348747319
824,0.5924140046210897,0.6026463294852584,0.5645913067972115,0.5265886088348438,0.5507057484281008,0.558281675618273,0.5224071059376421
825,0.5922653542392602,0.6024941780327064,0.5644659183604314,0.5264587643061123,0.5505753645987532,0.5581245249288391,0.5223019505746059
826,0.5921147928437345,0.6023367704531823,0.5643430999618813,0.526321401202978,0.550443362937808,0.5579759249881553,0.5221858289318938
827,0.5919609519994925,0.60218811333354,0.5642152308150054,0.5261750102760743,0.5503065139027024,0.5578245429589072,0.5220557456252037
828,0.5918046531411706,0.6020413792424918,0.5640793416298517,0.5260225273979782,0.5501713844669534,0.5576677674011923,0.521927347356473
829,0.5916534428366625,0.6018786015142947,0.5639485613559339,0.5258747206911539,0.550041403332075,0.5575081787292758,0.5217970423113677
830,0.591501017991383,0.6017239537768264,0.5638231753024243,0.5257411303129974,0.5499083470153747,0.5573592505510898,0.5216746037907372
831,0.5913348136116009,0.6015711167636617,0.5636932999869261,0.5256023733520333,0.5497751919006324,0.5572045885218445,0.5215504061723737
832,0.5911731730962659,0.6014362531645634,0.5635790365937449,0.5254780990233995,0.549656808540986,0.5570728701245564,0.5214400086937107
833,0.5910178518683624,0.6013079807623518,0.563468671515231,0.5253619741612814,0.5495482373807994,0.556948517641312,0.5213329020656454
834,0.5908585185975435,0.6011898892369799,0.5633563250901304,0.5252468096726155,0.5494388996703182,0.556803205035636,0.5212197027245346
835,0.590699305646319,0.6010626249394069,0.5632473111775141,0.5251278762389542,0.549325378367866,0.5566636366027093,0.5211071773526064
836,0.5905428529661784,0.6009080287558138,0.5631168316051992,0.5250103338425101,0.5492187391221514,0.5565259203669408,0.5209883243064926
837,0.5903805863406923,0.6007569417029271,0.5629750945469569,0.524891569936276,0.5490916960890125,0.5563813992490185,0.5208690157821791
838,0.5902186418795672,0.6006048627014897,0.5628373741042632,0.5247733019298064,0.5489660842442748,0.5562442761079189,0.5207455712839901
839,0.5900571602856938,0.600449466380118,0.562696857676813,0.5246439885298535,0.5488417971281906,0.5561006716378538,0.520616312204906
840,0.5899060645267555,0.6002979781080693,0.5625571162459184,0.5245236683746013,0.5487188422637483,0.5559582684765942,0.520494729250591
841,0.5897581282039643,0.6001507411284186,0.5624248245049805,0.5243969542314798,0.5485992338558273,0.5558244089849688,0.5203743802505338
842,0.5896178923546576,0.6000248861967983,0.5622890149757382,0.5242838877157495,0.5484834372945138,0.5556952801246833,0.52025548078271
843,0.589475353895754,0.5998934579267738,0.5621605524684826,0.5241804191838279,0.5483627628016805,0.5555720649362355,0.520143127111733
844,0.5893351120317244,0.5997741454269698,0.5620388046773441,0.5240947297160395,0.5482622672409572,0.555458162191836,0.5200365367912925
845,0.5891948217410686,0.5996616016902081,0.5619287674663822,0.5240057407311721,0.5481611368983932,0.5553510357632067,0.519923880108099
846,0.5890659695151166,0.5995553629989208,0.5618243961356449,0.5239156983914588,0.5480638353273732,0.5552484378111687,0.5198182607518438
847,0.5889490568485035,0.5994539641580792,0.5617190213065101,0.5238426653583683,0.547968543391441,0.5551438444076593,0.5197279651603564
848,0.5888341448050877,0.5993566590544497,0.5616215280209611,0.5237664866342476,0.5478856112707977,0.555043443719024,0.5196405107424058
849,0.5887271793799183,0.5992688124510289,0.5615285913076317,0.5236894706689428,0.5478158515848157,0.5549471243874918,0.5195450051433843
850,0.588623144299737,0.5991815329314654,0.5614355421885113,0.5236259173261977,0.547740914784189,0.5548521338983458,0.5194435155094197
851,0.5885180022558549,0.5991004676269807,0.5613476097492285,0.5235464195513867,0.5476629883214988,0.554768722070355,0.5193452379644072
852,0.5884007636423424,0.5990097167895436,0.5612427111685252,0.5234554021639586,0.5475704895652228,0.5546747544992985,0.5192425675135107
853,0.5882990612967622,0.598923492718627,0.5611401342888529,0.5233728276149817,0.5474709930221522,0.554584219325782,0.5191410610924955
854,0.5882048106194275,0.5988376542899851,0.5610389027952227,0.5232896201672512,0.5473706015147818,0.5544940435506963,0.5190543641278224
855,0.5881126376844739,0.5987762066019594,0.560953970193441,0.5232419665854198,0.5472872468958985,0.5544188930427956,0.5189727378076652
856,0.5880208970947646,0.5987245593875244,0.560873428890795,0.5231915718005608,0.5472015405126511,0.554365319603729,0.5189024781467102
857,0.5878838083182797,0.5986619010057287,0.5607660630098481,0.5231294908765487,0.5470961046708889,0.5542775350160131,0.5188228744919973
858,0.5877632665739002,0.5986096261558534,0.5606681625273175,0.5230676016733431,0.5470061126510057,0.5541981565601031,0.5187312873214949
859,0.5876519365735741,0.5985599534674719,0.560565287113689,0.5230051351258952,0.5469200996161195,0.5541262178094384,0.5186570463210078
860,0.5875566810591591,0.5985394628848638,0.5604747506831016,0.5229591849535203,0.5468558758896178,0.5540632606522665,0.5185987727573652
861,0.5874678821363029,0.5985067299692776,0.5603762902494418,0.5229112142121957,0.5468067103056954,0.5539895652430011,0.518526467029074
862,0.5873801798171983,0.5984836168964479,0.5602764057353683,0.5228570360735395,0.5467596231928662,0.5539229819651347,0.5184678359158479
863,0.5872855351702576,0.5984394070923729,0.5601731625860094,0.5227984819082726,0.5467156358354367,0.5538549572725485,0.5183960885396893
864,0.5871958578520315,0.5983879330976295,0.5600655109169808,0.5227400473353454,0.5466684209194513,0.5537773100472139,0.518331261135705
865,0.5871089426628343,0.5983347828640063,0.5599752422864857,0.5226872456765509,0.5466005253784155,0.5537029511408115,0.5182587098123749
866,0.5870253574486956,0.598277971776245,0.5598882332174036,0.5226453769319979,0.5465226473934683,0.5536296467571478,0.5181993506349409
867,0.5869442913028354,0.5982189361129064,0.5597974965901711,0.5225963733696423,0.5464530383272944,0.5535534846779531,0.5181328165765329
868,0.5868683798284778,0.5981680110221056,0.5597054317378694,0.5225561663234586,0.5463935579394535,0.5534827826639969,0.5180818122603557
869,0.5867959243346385,0.5981250847556239,0.5596171629151747,0.5225135553441296,0.5463326871186162,0.5534190269181968,0.5180330950410343
870,0.5867235603568919,0.5980854293331804,0.5595337076976514,0.5224588879006724,0.5462755328835606,0.5533509833361727,0.5179927211302258
871,0.5866581473463194,0.5980589392425038,0.559452468013459,0.5224109877312164,0.5462244210281815,0.553294701831262,0.5179545182234051
872,0.5865882529634755,0.5980359009561805,0.5593803306482179,0.5223763596648592,0.5461748459896532,0.5532361113899068,0.5179232600236103
873,0.5865171696914283,0.5980104254331626,0.5593087511991435,0.5223264494806767,0.5461143778739398,0.5531677158345009,0.5178858728473296
874,0.5864654512771633,0.5979772723775794,0.5592342443660221,0.5222844797946505,0.5460525650685899,0.5531001325299468,0.5178571848540137
875,0.5864157168560951,0.5979354026582475,0.5591648171064161,0.5222537692967958,0.545992093885426,0.5530406424331342,0.5178271586044396
876,0.5863578269167511,0.5978993398930333,0.5590942138924735,0.5222116105170965,0.5459280546426396,0.5529774169323447,0.5177964048570046
877,0.5863019217042442,0.5978578484851469,0.5590146162763336,0.5221815909227209,0.5458651583510656,0.5529068378832176,0.5177596208889587
878,0.5862367046372302,0.5978176824016913,0.5589383287710772,0.522157559929475,0.5458100843110959,0.5528508046474754,0.5177236422294652
879,0.5861937872968218,0.5977785880789066,0.5588637549268926,0.5221261003401275,0.5457536064730774,0.5528051465339204,0.5176930329828775
880,0.5861471448825223,0.5977323561266228,0.5587844128247436,0.5220937846847222,0.5456947719320231,0.5527452455987151,0.5176595769143093
881,0.5861102150914032,0.5976965375169889,0.5587104201398028,0.5220713568059974,0.5456349015039921,0.5526995945421366,0.5176343081026352
882,0.5860689962022866,0.5976569208682407,0.5586222493123024,0.5220508909494509,0.5455807540936675,0.5526488110248693,0.5176093609379819
883,0.586035303123722,0.5976217781669256,0.5585422872877472,0.5220309365531761,0.545534746997689,0.5526139085900283,0.5175801569894309
884,0.5860088741001939,0.5976047502183073,0.5584830808873639,0.5220215956959338,0.5455022008066769,0.5525936074568906,0.5175575559558001
885,0.5859864266407419,0.5975817669011277,0.5584334277522818,0.5220172520479541,0.545474466954403,0.552572186056801,0.5175305258418551
886,0.5859585955569889,0.5975548483980988,0.5583848388291222,0.5220066203729424,0.5454508889034214,0.5525555959569134,0.5175118111012506
887,0.585936509256068,0.5975286013287254,0.5583371827027699,0.5220019013096292,0.5454364431635711,0.5525473231574224,0.5174930033997047
888,0.5859166825147156,0.5975160899236218,0.5583033065088012,0.5219975957139125,0.5454232972814811,0.5525507962270002,0.5174797001236767
889,0.5859092094934801,0.5975042883462512,0.5582791583941945,0.5219943399990109,0.5454200872491799,0.5525569238964873,0.5174719942501594
890,0.5859062735857844,0.5974930925311067,0.5582601906566553,0.521990344911209,0.5454261060504332,0.5525629876059149,0.517468101904676
891,0.5859100870639262,0.5975077600964195,0.5582538330500701,0.5220044741061642,0.5454424470532577,0.5525899883342259,0.5174912166031136
892,0.5859172881742689,0.5975210425408534,0.5582633911591289,0.5220339878960766,0.545477755216167,0.5526228194362508,0.5175232354242335
893,0.585920323564643,0.5975189221735251,0.5582531329734018,0.5220472592228298,0.5454992842461414,0.5526366424792342,0.5175340537188243
894,0.585929174949213,0.5975282257370178,0.5582619133095831,0.5220755919793856,0.5455417718482731,0.5526681561688255,0.5175510491698078
895,0.5859453237524217,0.5975446421085528,0.5582698892463849,0.5221153308228278,0.5455778775963858,0.5527036982730955,0.517559957167553
896,0.5859643496643592,0.597558482182626,0.5582719762811539,0.5221465769949795,0.5455963835304158,0.5527375796480786,0.517566085366473
897,0.5859898639225714,0.5975733951655752,0.5582672926200068,0.5221698300380201,0.5456218066775704,0.5527833737632173,0.5175694998375
898,0.5860161494943962,0.597575888732774,0.5582552603957355,0.5221754909003291,0.5456498975868792,0.5528235035230953,0.517566747575729
899,0.586029699470434,0.5975691791474944,0.5582409010777345,0.5221774835922885,0.5456720113825306,0.5528584068035909,0.5175552593500443
900,0.5860351370142625,0.5975717893120903,0.5582103942110905,0.5221597012627898,0.5456853678469284,0.5528935483497393,0.5175434013402888
901,0.586030235318746,0.597561947770537,0.5581658225842945,0.5221479198990382,0.5456787631721607,0.5529197368521004,0.5175308582706695
902,0.5860090805913252,0.5975454326056169,0.5581267322800936,0.5221195184239098,0.5456593991714502,0.5529230898595707,0.5175078568844499
903,0.5859972255011342,0.5975447878840386,0.5580881831380258,0.5220930988244499,0.5456533283984601,0.5529299965363375,0.5174865702392806
904,0.5859787736303618,0.5975379875343926,0.5580468509969068,0.5220649732377025,0.5456494861181271,0.5529301548821632,0.5174667824616774
905,0.5859507587672476,0.5975260436911843,0.5580106711844094,0.5220360484095099,0.5456401866260906,0.5529228208425557,0.5174451217794782
906,0.585921618682121,0.5975098513969458,0.5579812334427314,0.5220146794490492,0.5456283173317829,0.5529152070637184,0.5174251141829572
907,0.5859001351210922,0.5975013163317281,0.5579529482370946,0.5219936480897651,0.5456121950560311,0.552908610667586,0.5174033876582551
908,0.5858804583039383,0.5975019927628162,0.5579274535357347,0.5219845361689427,0.5455964486445244,0.5529012767885161,0.5173841057247693
909,0.5858624198734879,0.5974981796723605,0.5579059924806355,0.5219825368401866,0.545581907828176,0.5528853954274661,0.5173717728124828
910,0.5858429997214613,0.5974939404483453,0.5578813107028646,0.5219740027529841,0.5455593057226922,0.5528665779323961,0.5173869019824779
911,0.5858374315932352,0.5974862672661279,0.5578526393584352,0.5219720862369078,0.5455358289184918,0.5528482061442718,0.5173949729796519
912,0.5858380291778442,0.597479245574542,0.5578289744345553,0.5219755514621622,0.5455131829862533,0.5528271703308119,0.5173937972162336
913,0.5858235716150022,0.5974419703430414,0.5578034067702441,0.5219589197495034,0.5454775866170609,0.5527940913186405,0.5173822085781262
914,0.585807107652792,0.5973990072421691,0.5577780096423552,0.5219450719772125,0.5454369484158582,0.5527683390295985,0.5173665254043339
915,0.5857992038449759,0.5973511056607658,0.5577424265171869,0.5219246243997484,0.5453894014145622,0.5527384137244153,0.5173432791726704
916,0.5857858226592066,0.5972974029103724,0.5577095596449931,0.5219036615705916,0.5453534387658465,0.5527042863109303,0.5173234082402373
917,0.5857576660171517,0.5972375495096283,0.5576714383078362,0.5218714716734137,0.5453045421637349,0.5526727143862019,0.5172882948077053
918,0.5857244481750526,0.597182849863085,0.5576290685432809,0.5218343549377898,0.5452682400786357,0.5526496614306471,0.5172533386997231
919,0.585661643188992,0.597126006308631,0.5575722278925815,0.5217969650348545,0.545228024802627,0.5526170465048563,0.5172129470256248
920,0.5855771216935908,0.5970540748213587,0.5574976036542616,0.5217479105093672,0.5451782713153575,0.5525793585647193,0.5171522814414061
921,0.5854961060322826,0.5969656319433909,0.5574193668115585,0.5216935480592172,0.5451175970706481,0.5525329138056397,0.5170995053063082
922,0.5853963450068539,0.5968681875543868,0.5573342735501755,0.5216119996950834,0.5450437377524049,0.5524674711718268,0.5170244821565086
923,0.5852879345500844,0.5967407836443601,0.5572278805460242,0.5215242518517444,0.5449547072443257,0.5523987352791818,0.5169429410448109
924,0.5851648854084999,0.5966141169423753,0.5571176960798221,0.5214231814944058,0.5448574859002664,0.5523238834739009,0.5168604048800238
925,0.5850375177744067,0.5964791539156299,0.5570012368137822,0.5213226628456691,0.5447501920697501,0.5522402065034964,0.5167676405740089
926,0.5849110349385003,0.5963373896078346,0.5568733426621908,0.5212187637041148,0.5446398022899844,0.5521485026889085,0.5166670273710203
927,0.5847574201626242,0.5961829902164393,0.55672061702542,0.5210949313572628,0.5445072566662412,0.5520383271423768,0.5165540548552213
928,0.5846074850235857,0.5960332613221134,0.5565790452720236,0.5209751192290749,0.544374895987205,0.551922106249188,0.5164480702028575
929,0.5844477215329101,0.5958776829117272,0.5564399916177915,0.5208413065645223,0.5442353227894143,0.5517988465127022,0.5163379984950157
930,0.5842897039570525,0.5957238149007663,0.5563093597667051,0.5207071588437675,0.5441072823087673,0.5517038295717328,0.5162280396507044
931,0.5841352959139485,0.5955673486708314,0.5561904271219614,0.5205790962598149,0.5439934678901952,0.5516130817501026,0.51611494065382
932,0.583977995216301,0.5954225180731401,0.5560661345014102,0.5204523499865304,0.5438860544621698,0.551512480389782,0.5160039126751619
933,0.5838265291821931,0.5952727650601626,0.5559466511601185,0.5203326758724545,0.5437910030164336,0.5514129097333159,0.5158975977142289
934,0.5836716219663458,0.5951283932454264,0.5558332148246344,0.5202204771782224,0.5436972574748109,0.5513103061311921,0.5157933063348006
935,0.583529206718379,0.5949713585031244,0.5557186302917815,0.5200977305733216,0.5435854828315669,0.5512136917855812,0.515678836667597
936,0.5833862761555761,0.5948139131141875,0.5556023602909059,0.5199714857179523,0.5434601188979861,0.551107313279293,0.5155611915977476
937,0.583254998714129,0.5946717351561489,0.5554906314967214,0.5198548549795238,0.5433536501401184,0.5510046720174877,0.5154446893983583
938,0.5831236808907365,0.5945069066716233,0.5553783289212046,0.5197349048455908,0.5432158437426596,0.5508936749789177,0.5153313483820575
939,0.5829902925274948,0.5943426889015277,0.5552489203929236,0.5196164259407237,0.5430654128268678,0.5507595523052904,0.5152137595611888
940,0.5828601946004885,0.5941717708734295,0.5551238044931966,0.5194970800739178,0.5429111243737468,0.5506230499187466,0.5150883907428181
941,0.5827319288382904,0.594014097059494,0.555002049846667,0.5193811693783223,0.5427806400216616,0.550495911680419,0.5149687930450932
942,0.5825802067043295,0.5938588102262974,0.5548636230396607,0.5192617135769872,0.5426482874818385,0.5503702969919508,0.514848673351361
943,0.582435860191392,0.5936888540007865,0.5547195317206113,0.5191246900799624,0.5425000032955409,0.5502268330083284,0.5146961930524838
944,0.5822916322685548,0.5935194621596447,0.5545768716343831,0.5189822938083009,0.5423516926597404,0.5500827744622518,0.5145495628894223
945,0.5821512254996388,0.5933409577808817,0.5544368618875765,0.5188461710443535,0.5422036735313023,0.5499498127989618,0.514403977609879
946,0.5820039646327183,0.5931684085757605,0.554291654954756,0.51871083470868,0.5420565146769225,0.5498181025943426,0.5142568539453864
947,0.5818505590066918,0.592991602094201,0.5541420569796989,0.5185716469176612,0.5419062350348093,0.5496845775804102,0.5141108875560314
948,0.5816989620291924,0.5928187339666927,0.5540160476377703,0.5184331430243796,0.5417591919605957,0.5495659327630863,0.5139660717313436
949,0.5815475097300349,0.5926515414222016,0.5539054097872947,0.5182953643148622,0.5416153595299906,0.549445297858203,0.5138216670802416
950,0.5813947301464522,0.592501774827047,0.5537989576722969,0.5181580879090444,0.541471671378311,0.5493239353918553,0.5136875235180438
951,0.5812433428083923,0.592352798925937,0.5536949359946821,0.5180262380123379,0.5413217028539108,0.5492009406577605,0.5135652986017786
952,0.5810967357368617,0.5922185614416804,0.5535913730222511,0.517902749381072,0.541185647223687,0.5491020878879843,0.5134450096224062
953,0.5809609153038171,0.5920793885406676,0.5534972479473932,0.5177922245719145,0.5410622485518478,0.549023579469664,0.513334307349932
954,0.5808252947846959,0.5919404481179608,0.553405166224328,0.5176817279571332,0.5409438590865542,0.548940420538272,0.5132303162149933
955,0.5807009392004787,0.59180673727904,0.5533250900067989,0.5175688733489137,0.5408303034692409,0.5488601577019231,0.5131315517882638
956,0.5805716450351371,0.5916684324188722,0.5532470677481821,0.517458249498459,0.5407182363044105,0.5487818068914614,0.5130312283688053
957,0.5804504505165726,0.5915363374947992,0.5531792134554472,0.51735000951101,0.5406175423656615,0.548702227680743,0.5129363917048729
958,0.5803402049981841,0.5913847996398837,0.5531109859232695,0.5172520460350316,0.5405166732678464,0.5486234949180346,0.5128442198329968
959,0.5802373470615949,0.5912258956004305,0.5530354646468509,0.5171457409780759,0.5404141610568175,0.5485288548073702,0.5127391357126476
960,0.5801267280315748,0.5910709743165975,0.5529593653554259,0.5170386312753006,0.5403179413839043,0.5484355110037561,0.5126447094142718
961,0.5800219942838956,0.590921647982249,0.5528935674594931,0.5169376837884476,0.5402385391885758,0.5483356049458011,0.5125448331104286
962,0.5799435520537563,0.5907728796349951,0.5528273900367906,0.5168379199790823,0.5401570393490057,0.5482371327266614,0.512437164836278
963,0.5798595796313912,0.5906389677788011,0.5527540170751353,0.5167333795535566,0.5400660986661291,0.5481227485577267,0.51232258343862
964,0.5797656113694388,0.5905072872543633,0.5526775980134049,0.5166217104928731,0.5399796109881182,0.5480033332098342,0.5122051589256407
965,0.5796590659430368,0.5903666835239681,0.5525978436559504,0.5165086006286415,0.5398962772391778,0.547879774041981,0.5120879675034982
966,0.5795655626285712,0.5902144695710771,0.5525278148789384,0.5164004560339446,0.5398210579037123,0.5477598761960044,0.5119715711034695
967,0.5794668098090026,0.5900617084348585,0.5524486470538205,0.5162963886545996,0.539738372519597,0.547641859542856,0.5118567096015422
968,0.5793706895680858,0.5899129880610801,0.5523711473963633,0.5161857242270196,0.5396529535835424,0.5475184314243586,0.5117445921390489
969,0.5792683670560572,0.589772029365261,0.5522938081351226,0.5160751818778506,0.5395667679775593,0.5473994249476688,0.5116349749764002
970,0.5791440958690022,0.5896128385440097,0.5522026787352626,0.5159441676153657,0.5394668738167514,0.5472700717076555,0.5115099695819512
971,0.5790058673096987,0.5894544443143458,0.5521068081459978,0.5158131673817545,0.5393731656886883,0.5471444602668168,0.5113893251563373
972,0.578856152257056,0.5893050096480296,0.552015769249659,0.5156817903656661,0.539285239422598,0.5470074839259077,0.5112692526335292
973,0.5786847710015257,0.5891443640040938,0.5519053217144625,0.5155388280479901,0.5391909885765177,0.54687143476605,0.5111327848451129
974,0.5785093424350081,0.5889865964439445,0.5518017637028663,0.5153967758295595,0.539093773351091,0.5467270913078918,0.5109952558952526
975,0.578341597264671,0.588841585354977,0.5517216270655003,0.5152708215354296,0.5389897966857814,0.5466011868051441,0.5108741272955875
976,0.5781928530379202,0.5887143645251288,0.5516346072814824,0.5151652459564309,0.5388894452792165,0.546492873566722,0.510767596152415
977,0.5780480651341823,0.5885901076722394,0.5515474820761475,0.5150633344065354,0.5387928960816082,0.5463823918402774,0.5106489709443063
978,0.5778936612739016,0.5884447820640138,0.5514476946551824,0.514954374303552,0.5386861033103744,0.5462486263700567,0.510519846093239
979,0.5777506736899097,0.5883033618665892,0.5513612130884906,0.5148512410365406,0.538584214217835,0.5461234000835627,0.5104019153761389
980,0.5776169666203537,0.588192284340093,0.5512786279490012,0.5147607904519627,0.5384908351977027,0.5460196254371865,0.5103018174050375
981,0.5774941520721114,0.5880907561358677,0.5511987617328219,0.5146810541284564,0.5384141344743035,0.5459228869523196,0.5101984307861342
982,0.5773848050747625,0.5879960393689971,0.5511256962405385,0.5146201837784805,0.5383321704087539,0.545833932269679,0.5101186348426703
983,0.5772913650172561,0.5878994788899885,0.5510598255158329,0.5145591928212617,0.53824211359808,0.5457380894826512,0.5100348859900599
984,0.5771901777852793,0.5877913945506035,0.550993302675025,0.514492869286102,0.538145301242081,0.5456345415644497,0.5099299319049753
985,0.5770835733898286,0.5876771049153143,0.5509255377400916,0.5144182357051073,0.5380631181920462,0.5455478278876534,0.5098250991782236
986,0.5769775772378316,0.5875649862896433,0.5508599070313209,0.5143446014739965,0.5379795431409897,0.5454547278797729,0.5097245949643769
987,0.576866921356648,0.5874568304024235,0.5507875986903913,0.5142718327854812,0.5378867276726702,0.5453557669080465,0.5096323458541526
988,0.5767513350026447,0.587328815823136,0.5507078674020974,0.5141881903238622,0.5377991514141662,0.5452570931550558,0.5095279921700587
989,0.5766261779589884,0.5871935808218932,0.5506157448512947,0.5141039674859911,0.5377019747234687,0.5451328012419339,0.5094109510941587
990,0.5764929460918189,0.5870603486074337,0.5505177157189237,0.5140182814634777,0.5375956012752958,0.5450153793589156,0.5092874191069482
991,0.5763587422098375,0.5869300600202056,0.5504045277127093,0.5139249350782515,0.5374875641295164,0.5448990041904144,0.5091693609413339
992,0.5762186825063382,0.5867892341304745,0.550279036027799,0.5138378899669009,0.537379799117797,0.5447779418353713,0.5090533197982056
993,0.5760747570849445,0.5866436266685849,0.5501587399872593,0.5137358256912983,0.5372633454090157,0.5446543435153656,0.5089377463416764
994,0.5759358323678979,0.5865046857602835,0.5500318381163797,0.5136167699769925,0.5371531331377203,0.5445259944184307,0.5088274535407692
995,0.5757969642962623,0.5863590363097555,0.5499043007072258,0.51348231919058,0.5370292783520922,0.5443920073234296,0.5087151776394023
996,0.5756584683958641,0.5862116478564287,0.5497803644462369,0.5133520645105841,0.5369054992231679,0.544258311670247,0.5086022316508175
997,0.5755162385346326,0.586070496590928,0.5496558286457882,0.5132266400995313,0.5367795278890829,0.5441250259658383,0.5084948436464171
998,0.5753746636239054,0.585932927883954,0.5495324761346827,0.51309541639893,0.5366589830000498,0.5440009975339359,0.5083859239594986
999,0.5752447831113573,0.5858005954743638,0.5494086228143933,0.5129640893574589,0.5365323535979458,0.5438750513423847,0.5082756051528259
1000,0.5751132482430718,0.5856649867038097,0.5492819158046738,0.5128376422622455,0.5364056934058982,0.543750974377196,0.5081603522234892
1001,0.5749815539613372,0.5855428025154968,0.5491572243566079,0.512714770733612,0.5362810394374018,0.5436260612424868,0.5080543234344816
1002,0.5748563359645613,0.5854222998133005,0.549034315539036,0.5126078245163324,0.5361618208769633,0.54350774609535,0.5079567725652889
1003,0.5747310417264713,0.5853069333458248,0.5489261646799528,0.5125098844455184,0.5360440412545177,0.5433914495238715,0.5078585603701323
1004,0.5745977063637964,0.5852015985387252,0.5488175512446017,0.5124233622374076,0.5359344330210074,0.5432895677351601,0.5077621353284913
1005,0.5744659057724852,0.5851060499679439,0.5487146739200002,0.5123447502380848,0.535831670417075,0.5431953716443964,0.5076661891510941
1006,0.5743398552917747,0.5850210157686974,0.5486174732786618,0.5122577187018975,0.5357400199472411,0.5431139326792082,0.5075701791163392
1007,0.5742207750545611,0.5849452633875883,0.5485300464945044,0.5121681103844729,0.5356534280271019,0.5430235638119062,0.5074660664416191
1008,0.5741206376466577,0.5848699218282916,0.5484507182625307,0.5120944677158685,0.5355800364085469,0.5429571868784511,0.5073720682196767
1009,0.5740076099038015,0.5847838956634352,0.5483545437599628,0.5120149188494908,0.5354890406225035,0.5428815291394665,0.5072814911627299
1010,0.5738958767792262,0.5847012697937076,0.5482561454147298,0.5119225971398136,0.5353986105290875,0.5427993066321489,0.5071857499824362
1011,0.5737910090936251,0.5845874515795941,0.5481565569845662,0.5118238920168848,0.5353125818555273,0.5427089809298079,0.5070925310586812
1012,0.5736893893872951,0.5844865176310722,0.5480655800069534,0.5117341197421241,0.5352041075822229,0.5426270416719009,0.507001519867184
1013,0.5735845207398393,0.5843792589863637,0.547965622816371,0.5116430734815013,0.5350960856896121,0.5425251077298423,0.5069105376440393
1014,0.5734776362857017,0.5842678517366352,0.5478741697081314,0.5115606963608151,0.5349894998478082,0.5424187881992806,0.5068223004902109
1015,0.5733682323317835,0.5841521240440984,0.5477825217736069,0.5114743890498887,0.5348833135380777,0.5423210942801546,0.5067306230891211
1016,0.5732523475109076,0.5840427862653578,0.5476717222073855,0.5113852031762292,0.5347830886643965,0.5422080028110626,0.5066533520266936
1017,0.5731355573142016,0.5839259693781566,0.5475603263674136,0.5112818202354277,0.5346843117993922,0.5420913581110749,0.5065667439660189
1018,0.5730230459565344,0.5838165885990497,0.5474610433948451,0.5111795486877436,0.5345772219691808,0.5419946635999753,0.5064768126546826
1019,0.5729011475926411,0.5837108607662699,0.5473614674989135,0.5110713521664941,0.5344578060773333,0.5418928663194988,0.5063815032919854
1020,0.5727772912178125,0.5836031656159343,0.5472635218693115,0.5109520664135789,0.5343366538889414,0.5417742150840292,0.506276632579622
1021,0.5726626320155506,0.5835021687834256,0.5471652051179664,0.5108442269881928,0.5342134915378265,0.5416722129237588,0.5061765094818946
1022,0.5725381216599968,0.5833847198549574,0.5470630737789632,0.5107345754170637,0.5340828450269665,0.5415558744094093,0.5060729109235451
1023,0.5724219727467479,0.5832578355990994,0.5469436512471145,0.5106222252513379,0.533948919621989,0.5414473168626541,0.5059562202794023
1024,0.572307332394442,0.5831428829970339,0.5468221586060771,0.5105171153625659,0.5338249347681868,0.5413440158906087,0.5058477055485999
1025,0.572168208725717,0.5830312588482276,0.5466977564863,0.5103983174087992,0.533698479806248,0.541239555791986,0.5057348401657118
1026,0.5720327172903817,0.5829228735478231,0.5465749376878822,0.510272059616445,0.5335729860824049,0.541131505084586,0.5056282158920427
1027,0.571905584985743,0.5828084527193884,0.5464520356498364,0.510157766252223,0.5334527152612732,0.541025784339344,0.5055331631447917
1028,0.5717890031649568,0.5826975898946426,0.5463397576017192,0.5100388162983978,0.533340814355987,0.5409245692056249,0.505437992958184
1029,0.5716943083553134,0.5825984925404606,0.5462278273138097,0.5099316091234075,0.5332245570308103,0.5408177213598073,0.5053478733860126
1030,0.5715876829159903,0.5824992798629225,0.5461171035425352,0.509834215887603,0.533112758725615,0.54070840423262,0.5052566705087431
1031,0.5715104654914488,0.5824116394572707,0.5460181922641174,0.5097470029542408,0.5330044370868512,0.5406166970057967,0.5051765569159093
1032,0.5714282822826309,0.5823279582443465,0.5459163501653961,0.5096499305951395,0.5329074679053265,0.5405262722207471,0.5050911470011574
1033,0.5713587566185128,0.5822596849225852,0.545847943735403,0.5095726299049865,0.5328230103853759,0.5404565778521822,0.5050127834143086
1034,0.5712953626564892,0.5821869760169252,0.5457823964331492,0.5094960949122055,0.5327383318974759,0.5403795530444303,0.504932226818955
1035,0.5712350862979313,0.5821121184607773,0.5457160137581976,0.5094146657932827,0.532646660297148,0.540302209095309,0.5048533350038868
1036,0.5711813741640739,0.5820550026386934,0.5456534170089913,0.5093387182836454,0.5325570951043649,0.5402191869586559,0.5047884954577117
1037,0.5711141718399464,0.5819985694061085,0.5455886799250431,0.5092673915766122,0.5324689565076195,0.5401369368584861,0.5047233814692067
1038,0.571063341717623,0.5819384826462539,0.5455384937931931,0.5092024025550387,0.5323815646929282,0.5400541853265939,0.5046556417821179
1039,0.5710107611629875,0.5818803118745233,0.5454842276975691,0.5091387982713798,0.5322926323834929,0.5399717405546942,0.5045859407344014
1040,0.5709397473985518,0.5818293638013657,0.5454139550037025,0.5090711127772181,0.5322058904474367,0.539884424346971,0.5045139637412188
1041,0.570889393713447,0.5817884116215593,0.5453518345328128,0.5090101221869177,0.5321259416717552,0.5398060601555261,0.5044491724547876
1042,0.5708180239285319,0.5817269201221474,0.5452716566406236,0.5089300644403034,0.5320354257238942,0.5397053715424383,0.504359696718755
1043,0.5707354581788232,0.58165818256948,0.5451822747658734,0.5088476702404517,0.5319298615788379,0.5396045612999499,0.5042642133165448
1044,0.5706625218546575,0.581604373606176,0.5451065892171733,0.5087770778495839,0.5318402804637743,0.5395198728315996,0.5041828736277625
1045,0.5705843033637116,0.5815432279471769,0.5450195714381209,0.5086916149465046,0.5317341377522896,0.5394229894851881,0.5040866830256843
1046,0.5705119544729614,0.5814762842604043,0.5449355018703923,0.5085884531014976,0.5316328143460952,0.5393308106300233,0.50399942019134
1047,0.5704342126029396,0.581411849659353,0.5448450608383021,0.5084891929718722,0.5315328958164085,0.5392464694995155,0.5039265312149985
1048,0.5703475602269883,0.5813360112564097,0.5447550629751738,0.5083859597830322,0.5314277856382972,0.5391432280949082,0.5038522550639616
1049,0.5702570947894561,0.581251958757554,0.5446651102851068,0.5082854741344947,0.5313139734026107,0.5390367049183282,0.5037787652183549
1050,0.570165500550604,0.5811783267498486,0.5445672861530404,0.5081811441995473,0.5311957233254829,0.538923169143021,0.5037053726070881
1051,0.5700516296490352,0.5810807068456096,0.5444710593215306,0.5080796873023059,0.5310695097643245,0.5388069110459671,0.5036201305580789
1052,0.5699508680921558,0.5809885940112668,0.5443949957984454,0.5079752252835245,0.5309454095102705,0.5386974508527332,0.5035384610306143
1053,0.5698517380444674,0.580903608275002,0.5443052896800152,0.5078794798938844,0.530829951057824,0.5385820420992211,0.5034616020099708
1054,0.5697509284873506,0.580807360278249,0.5442211875205449,0.5077917323916233,0.5307177632397988,0.5384729712938301,0.5033861097840597
1055,0.5696307093764087,0.5807186701235182,0.5441419730538668,0.5077197751148907,0.5306014197875413,0.5383641109322965,0.5033166689759461
1056,0.5695050802414546,0.5806169230846002,0.5440629874561493,0.5076416183664733,0.5304864342105415,0.5382566561796324,0.5032437928512781
1057,0.5694103686754401,0.5805147243955545,0.5439779782477052,0.5075552572771869,0.5303740777268005,0.5381460736682345,0.5031709225809429
1058,0.569310986341353,0.5804125914371508,0.5438958761940714,0.5074749656322828,0.5302661526366281,0.5380295857922395,0.503101670730022
1059,0.5692122388561931,0.5803054897010848,0.5438113506307207,0.5073863536463443,0.5301588549194536,0.5379126860382258,0.5030470886080474
1060,0.5691124796416496,0.5802049945308787,0.543730282080493,0.507295352499809,0.5300540408336983,0.5378010390232922,0.5029892236155975
1061,0.5690058853386002,0.5800963832518378,0.543646133016011,0.5072019116279887,0.5299487893267416,0.5376883329794976,0.5028999764440636
1062,0.5688930417350824,0.5799838714940921,0.5435493802400275,0.5071006537587653,0.5298387470045915,0.5375738136735366,0.5028026220721733
1063,0.5687651609925932,0.5798673046257937,0.5434433084111032,0.5070017024582351,0.529724648976389,0.5374584618875652,0.502702084471622
1064,0.568640400950245,0.5797608635354571,0.5433202989331025,0.5069121700838795,0.5296078433662517,0.5373456082579835,0.5025965081109909
1065,0.5685251722065959,0.5796601497096073,0.5432043683610759,0.5068291608165956,0.5294996103252391,0.5372324239749626,0.5024978060400465
1066,0.5683965200305847,0.579552484219724,0.5430884934790458,0.506737089978331,0.5293981885131065,0.5371253588243724,0.5024113533074755
1067,0.5682535217868876,0.5794268671904301,0.5429592835711701,0.5066305868391668,0.5292833773947245,0.5370125712906202,0.5023038620693349
1068,0.5681138174275949,0.5793114443788929,0.5428288494902639,0.5065272431606989,0.5291635528284797,0.5368939765222358,0.502194648670564
1069,0.5679840678004482,0.5791765169949734,0.5426827008249273,0.5064122327235125,0.5290404849337358,0.5367582822564538,0.5020613032161237
1070,0.5678551768683301,0.579039285939173,0.5425422963451636,0.5062955076665318,0.5289222042358572,0.5366244599184993,0.5019352610618981
1071,0.5677232034535067,0.578898138975571,0.5423882747114797,0.506183048474247,0.5288016597725884,0.5364837881424405,0.5018213467414993
1072,0.5675760778719284,0.5787548776458619,0.542232226044575,0.5060677923523715,0.5286789745279338,0.5363433955730142,0.5016901727994401
1073,0.5674500733363924,0.578612925242253,0.5420781885026958,0.5059524248315497,0.5285479945672036,0.5362011238369934,0.5015702354271209
1074,0.5673008171142613,0.5784517562931029,0.5419115838521883,0.505826240942515,0.5284077390435657,0.5360269230422973,0.5014340866809845
1075,0.5671536853051744,0.5782850703958349,0.5417419782715337,0.5056990010680383,0.5282744123649536,0.5358523258432689,0.5012917735109854
1076,0.5670009725506159,0.5781335164140756,0.5415703354515919,0.5055716469384736,0.5281434171995569,0.5356756401703539,0.5011471385457524
1077,0.5668459373285539,0.5779883061494819,0.5414044463503991,0.5054459025042013,0.5280121831508606,0.5355037932914333,0.50102285056496
1078,0.5667104812049073,0.5778619335441582,0.5412659654855366,0.5053336611587185,0.5279028295758007,0.5353557413733717,0.5009089392058714
1079,0.5665699324992313,0.5777280042573821,0.541113774936486,0.5052192509549955,0.527792808624682,0.5352188781428983,0.5007954468104663
1080,0.5664372583837208,0.5776036919833013,0.5409654269772713,0.5051148034978683,0.5276868214694957,0.5350912934268555,0.500686970065002
1081,0.5663096156933451,0.5774895288077119,0.5408359324391381,0.5050224533554198,0.5275857126009127,0.5349655867060286,0.5005905856394142
1082,0.5661756595290945,0.5773702346751006,0.5406987896201813,0.5049249194529545,0.5274718267380889,0.5348333246834871,0.5004924725003127
1083,0.5660325640445184,0.5772376062383625,0.5405602052413684,0.5048275962478593,0.5273466336199166,0.5347005184195279,0.5003849481611908
1084,0.565894947736415,0.5771119653686441,0.540423590728585,0.5047287101228294,0.527223653216964,0.5345681337657635,0.5002654046576952
1085,0.565754613385157,0.5769740302446273,0.5402765296830454,0.5046165513568714,0.5270966138009057,0.534432497303103,0.5001425065887757
1086,0.5656141690463343,0.5768460276856058,0.5401184883794843,0.5045106709131543,0.5269765546579062,0.5342990831634824,0.5000231239694276
1087,0.5654718498877265,0.5767085774229233,0.5399541252919029,0.5044073011905837,0.5268655127831916,0.5341663385499924,0.49988935651582933
1088,0.5653235073028434,0.5765514035045362,0.5397804341466177,0.5042919318518465,0.5267259970627926,0.5340191394037607,0.4997348035745741
1089,0.5651906287922953,0.5764077689993095,0.5396093065336394,0.5041746959211957,0.5266078119891662,0.5338747171073068,0.49959211874532017
1090,0.5650445031675357,0.5762649020360991,0.5394409166481964,0.504053298624304,0.5264864906656036,0.5337397253323021,0.4994412764986217
1091,0.5648938462871383,0.5761270634874396,0.5392796089881438,0.5039321250802976,0.5263637363989829,0.533612836127846,0.4992919951486036
1092,0.5647377894766303,0.5759737831424774,0.5391183062296111,0.5038054980513346,0.5262372364471929,0.5334776349742678,0.4991149954329367
1093,0.5646013577862415,0.5758194772640834,0.538973136819384,0.5036755668062425,0.5261163185874946,0.5333465849556962,0.49893688557039984
1094,0.5644704884842785,0.5756824070125299,0.5388426956056929,0.5035703797052883,0.5260128695894867,0.5332326880834258,0.4987843831818589
1095,0.5643474385594676,0.5755516778513116,0.538725566360046,0.503477589577955,0.5259135774647689,0.5331237841859445,0.4986371023278169
1096,0.5642206920315275,0.5754299105227545,0.5386089176701911,0.5033782289590848,0.525819035694608,0.53301422747413,0.4984916070970285
1097,0.5640990741463314,0.5753184688427886,0.538491899641887,0.5032754443756151,0.525735866559726,0.5329141132244768,0.4983560913433579
1098,0.5639727570059372,0.5752061869699536,0.5383585982386607,0.5031740001007466,0.5256450368315686,0.5328145883020203,0.4982248293381136
1099,0.563839395060483,0.5750862337613396,0.5382040928430948,0.5030613183369923,0.5255485646650631,0.5326988825424831,0.4980882069123244
1100,0.5637087968408719,0.5749623078966426,0.5380383870771454,0.5029533868345109,0.5254535589388237,0.5325850102236981,0.49796703318622965
1101,0.5635792891617111,0.574825978906588,0.5378714269859646,0.5028498964679959,0.525361582252578,0.5324763501175834,0.497854716112158
1102,0.5634555088390414,0.5746984441308289,0.5377095543115638,0.5027493578718895,0.5252773083644702,0.5323682398898228,0.4977214923950169
1103,0.563328818670164,0.5745604037474242,0.5375409765112813,0.5026473312679564,0.5251809391967368,0.532253722749445,0.4975838533031114
1104,0.5631962541169192,0.5744257455618659,0.5373734207751524,0.5025386430862746,0.5250952253115384,0.5321167632145949,0.49745096747702694
1105,0.5630611083734733,0.5742817904792492,0.5372120683146896,0.5024343338571354,0.525005792183029,0.53197854194415,0.4973167965801867
1106,0.5629197201785205,0.5741338384770585,0.537051677120006,0.502333628839725,0.5249209668944541,0.5318363710218815,0.4971814104056801
1107,0.5627843526194197,0.5739970061441582,0.5368991128228859,0.5022416952037363,0.5248379849806946,0.5316943381461352,0.4970500910630168
1108,0.5626417101267929,0.5738562088853086,0.5367499129748596,0.5021469737658171,0.5247487023896568,0.5315494106904732,0.49691592637065546
1109,0.5625071047763104,0.573720009481459,0.5366044597065988,0.5020538717939087,0.5246624026444013,0.5314113302580017,0.4967933034389924
1110,0.562366442878841,0.5735939463876547,0.5364635750484162,0.5019643724296718,0.5245815548401543,0.5312820150048895,0.49668178203067975
1111,0.5622349473311331,0.5734659507687618,0.5363212457553801,0.5018742325874455,0.5244993631610491,0.5311452222049018,0.49657095978587007
1112,0.5621087840592623,0.5733426707295156,0.536181600079326,0.5017968010957234,0.5244085091593014,0.5310195876034982,0.4964651820926145
1113,0.5619557838902874,0.5732238037692289,0.5360393500392264,0.5017230663934276,0.5243173127544954,0.5309060270381114,0.4963709180756841
1114,0.5618013037326387,0.5731115723632418,0.5359047966669637,0.5016439603452743,0.5242304437702512,0.5307970369966718,0.4962712594983453
1115,0.5616503573810634,0.5730001656078727,0.5357754427563008,0.5015772903967803,0.5241463899450209,0.5307004323343445,0.4961851062892837
1116,0.5615088586330715,0.5728953072681298,0.5356552424809329,0.5015110787767016,0.5240755086608743,0.530609154474462,0.49610114943633465
1117,0.5613759505424222,0.5728100126784714,0.5355372438201382,0.5014504643123632,0.5240058817897952,0.5305267277044886,0.4960214096836804
1118,0.5612393922291633,0.572725548489423,0.5354216253655031,0.5013917230440654,0.5239329508415052,0.5304397292379119,0.4959373033115277
1119,0.561102097041558,0.5726395581562015,0.5353031193476423,0.5013379174214979,0.5238499773093717,0.5303524114933074,0.4958468529027581
1120,0.5609675897389372,0.5725453636356725,0.5351825716427265,0.5012826923604801,0.5237642450562429,0.5302613438982202,0.4957525105021303
1121,0.5608333933380429,0.5724493696753372,0.5350569632910327,0.5012259409128603,0.5236783749741303,0.5301724328404431,0.4956600242441147
1122,0.5607132665234157,0.5723542443959933,0.534946845724703,0.5011714208299682,0.5235892703739635,0.5300732237026342,0.49556787056696433
1123,0.5605956999832296,0.5722443205165634,0.5348259355986771,0.5011110496046965,0.5234936198676111,0.5299842686537122,0.49548152627904896
1124,0.5604841525767635,0.5721480644431688,0.5347225487945142,0.5010619381534549,0.5233975383713652,0.5298970252297318,0.49539915143284186
1125,0.560379147649173,0.5720615947315598,0.5346231446629639,0.5010204868444305,0.5233078895053818,0.5298221671505055,0.4953212764770235
1126,0.5602646733505511,0.5719571865485544,0.534491472038536,0.5009416386048853,0.5232124944880299,0.5297287122643028,0.49522491198064983
1127,0.5601505620880218,0.5718526410240594,0.5343677415014827,0.5008558576304661,0.5231222658109551,0.5296291654700347,0.49512732395781517
1128,0.5600386700259588,0.5717384706684163,0.5342451597075484,0.5007770871158621,0.5230341951847646,0.5295314180814393,0.49504119622799153
1129,0.5599212621971119,0.5716179503481648,0.5341178789094885,0.5007030101829447,0.5229413721128937,0.5294393775439119,0.4949486104943787
1130,0.5598111645696294,0.5715070750069026,0.5339912959547986,0.5006283409890276,0.5228482997491675,0.5293481526907167,0.49485179149515235
1131,0.5596900666252047,0.5713757927268673,0.533853551076007,0.5005424113986445,0.5227480827193911,0.5292410489814967,0.4947361666152258
1132,0.5595342105755867,0.5712157262236168,0.5337012903707551,0.5004350141969167,0.5226137959317178,0.529110847818106,0.4945990046841248
1133,0.559373421162088,0.5710490045250327,0.5335355806563497,0.5003040112974497,0.5224841828341746,0.5289791549733833,0.4944421636299928
1134,0.5592091133759932,0.5708831169450066,0.53336514619151,0.5001679490991062,0.5223608956461907,0.5288531281046145,0.4942864997320616
1135,0.5590329635454225,0.5707179496759527,0.5331849727426732,0.5000323960993749,0.5222339887098575,0.5287269633635135,0.4941454805076049
1136,0.5588646549066509,0.570557538807652,0.5330101940432641,0.49990863740643937,0.5220879481210126,0.5285981062740543,0.4940073212360506
1137,0.5586977134429556,0.570402040866485,0.5328334381230837,0.4997863018459385,0.5219396416697859,0.5284756855763352,0.4938639283234182
1138,0.5585302188139625,0.5702414647709546,0.5326563205807826,0.4996529020224553,0.5217891086945585,0.5283507641041709,0.4937105113974871
1139,0.5583679514562936,0.5700838523713224,0.5324895485648258,0.499529795439739,0.5216451612357813,0.5282379704489064,0.4935675143575037
1140,0.5582256361680694,0.5699435634356995,0.532340648856968,0.49940598257641,0.521510390008828,0.5281447607424432,0.49343936774413033
1141,0.5580907812933142,0.5698051536641049,0.532198972273261,0.4992929624155865,0.5213847769473701,0.5280536853674282,0.4933259165597321
1142,0.5579688760016813,0.5696688777300403,0.532084731937059,0.49918681917541996,0.5212696811403694,0.5279792287705849,0.49322559493591156
1143,0.557852914818836,0.5695425207784164,0.5319676148322123,0.49907645181332094,0.5211535135479147,0.5279087763844308,0.4931203211137099
1144,0.5577423943819254,0.5694276400422794,0.5318622906134579,0.4989784673859816,0.5210550609169647,0.5278541213835253,0.4930307082939702
1145,0.5576345137303065,0.569303950054558,0.5317595293571825,0.49888259601823465,0.5209612385860084,0.5278034762994147,0.49292759105052497
1146,0.5575309386942914,0.5691911017252824,0.531651022690003,0.49879546386343343,0.5208577209837525,0.5277527508438286,0.4928299612241528
1147,0.5574275631949213,0.5690894391704335,0.5315438312985715,0.4987031413750129,0.5207597620171549,0.5276953294320126,0.49273381028133406
1148,0.55732819921181,0.5689908774400767,0.5314447859511472,0.4986182397673035,0.5206573540429966,0.527639413952471,0.49263574072871774
1149,0.5572488819564547,0.5688899723441091,0.5313459561552807,0.4985394288226345,0.520550581946544,0.5275806773520081,0.4925381855854377
1150,0.5571583173274319,0.5687883551246788,0.5312491848715013,0.4984696483137469,0.5204454750080733,0.5275293843317698,0.49244308247286545
1151,0.5570665975786943,0.5686946778961226,0.5311554737251474,0.49840012065803235,0.5203587175788049,0.5274835633172248,0.49238043339112886
1152,0.5569780394208117,0.5685976660386982,0.5310674509855888,0.4983310023099521,0.5202654593365554,0.5274424920572519,0.492315453089594
1153,0.5568883732561105,0.5685008679327043,0.5309917263919643,0.49825873707942003,0.5201804468234467,0.5273948903070457,0.4922496461171001
1154,0.5568010553414248,0.5683990424099031,0.5309141538467536,0.4981790767597342,0.5200961689521505,0.5273472233998753,0.4921853352888923
1155,0.5567130127160846,0.5682895693593766,0.5308353433863074,0.4980849386995544,0.5200050830111037,0.5272846803142762,0.49210291745561685
1156,0.5566120531187779,0.5681790068792547,0.5307437704108305,0.49798873725266796,0.5199077799530891,0.5272172337145069,0.4920160709834346
1157,0.5565179264293323,0.5680590831271111,0.530648850881293,0.49789200162837755,0.519797765628147,0.52713654115498,0.4919342065262519
1158,0.5564200034944995,0.5679311239790132,0.5305424121742262,0.4977939669953093,0.5196836540771141,0.5270549722585788,0.49185022696245795
1159,0.5563213745357377,0.567803818899527,0.5304355420757971,0.4976850457660076,0.5195647397192663,0.526961037540087,0.4917614735061039
1160,0.5562235032455886,0.5676815928034877,0.5303319831493531,0.4975764813662852,0.5194499787609386,0.5268712742287445,0.4916714658062694
1161,0.5561280036522098,0.5675518990388949,0.5302294147851683,0.4974612048195487,0.51933451581877,0.5267731738808393,0.49158035615109064
1162,0.5560298480317706,0.5674287698983354,0.5301305111379122,0.49734967343491,0.5192058940634701,0.5266718681525921,0.4914855979103471
1163,0.5559251613349592,0.5673066809768095,0.5300260726129065,0.4972362954028952,0.5190871307179414,0.5265618150554886,0.4913948539059344
1164,0.5558234062278226,0.5671848198575941,0.5299344412196059,0.4971249768013018,0.5189602837442031,0.5264738654783383,0.49131209031542394
1165,0.5557275364287324,0.5670861690206497,0.5298512599239074,0.4970189359709945,0.5188396768277024,0.5263976134903833,0.4912451087081597
1166,0.5556350833461678,0.5669990262351255,0.5297692788135675,0.4969154882071061,0.5187234543468733,0.5263173347334986,0.49115333807938316
1167,0.5555428455004143,0.5669059414762054,0.5296910401871293,0.4968102758269136,0.51861056971288,0.5262397193391997,0.49104493831868445
1168,0.5554433184611063,0.5668107704221214,0.5296048858265239,0.4967041871959427,0.5184882243001956,0.5261593458936022,0.4909353847154918
1169,0.5553573531014464,0.5667238446935645,0.5295168311833219,0.49661333195665025,0.518372820840264,0.5260692824891794,0.49085185749934546
1170,0.5552700393440845,0.566620829948795,0.52943132301742,0.49651504716719863,0.5182499244960559,0.5259721759377609,0.49075341118171467
1171,0.5551864611058334,0.5665176835379128,0.5293415949908634,0.49641632743175634,0.5181279077122536,0.5258895624666706,0.4906853304276975
1172,0.5551023055220178,0.5664019017117813,0.529256579175448,0.4963070728471345,0.5180088779426197,0.5257920122439685,0.4906083361743672
1173,0.555026279873116,0.5662917485318426,0.5291685670347055,0.4962042660288006,0.5178901595474732,0.525693149835732,0.49052927891943066
1174,0.554944623468672,0.5661852809319111,0.5290822144350193,0.49609411516091956,0.5177761605502337,0.5255817147140351,0.4904546278783483
1175,0.5548606442175203,0.5660704292418576,0.5289977363694061,0.4959788469704657,0.5176634822166021,0.5254648725578334,0.4903795621082492
1176,0.5547874133236677,0.5659570434969042,0.5289190874037966,0.49586794064258566,0.5175551747925315,0.5253536823405538,0.4902990640566866
1177,0.5547252155026942,0.5658495847305607,0.5288517696376414,0.49576602613761933,0.5174617531490882,0.525252796296689,0.49022603526226893
1178,0.5546510744688635,0.5657321170433021,0.5287723582368258,0.4956506887877656,0.5173468516833648,0.5251377640939033,0.4901282725141051
1179,0.5545674866174086,0.5656150004413114,0.5286972718986226,0.4955333403358194,0.5172240234561747,0.5250251512798274,0.49002907627732456
1180,0.5544845277816097,0.5655061647685079,0.5286242961558428,0.49542008244549757,0.5171156167835883,0.5249165650347785,0.4899225983677399
1181,0.5544016121743907,0.56539702378992,0.5285592082295583,0.49530857030308423,0.5169991164110078,0.524806634740132,0.4898145706154219
1182,0.5543027036321908,0.5652919124512632,0.528488623526588,0.49518915570311284,0.5168814018929372,0.5246940903519681,0.4897029421511963
1183,0.554203112894275,0.565183354549722,0.528417821238295,0.49507375994611824,0.5167545140907013,0.5245777187223626,0.4895931836038246
1184,0.5541004367709438,0.5650677569234831,0.5283394755351438,0.49496116622044817,0.516632636515323,0.5244560776793465,0.4894793231726643
1185,0.5540002776081915,0.5649564313894851,0.52826341473111,0.49486596516052,0.5165163120645875,0.5243391321160762,0.48937175500915864
1186,0.5538794006983518,0.5648340098424867,0.528176119784265,0.49476448778896104,0.5163937082205352,0.5242078562945026,0.48925249506773216
1187,0.5537646785255106,0.5647038285685803,0.528094467614114,0.494659791471234,0.5162785615412143,0.524085036532031,0.48912885746848456
1188,0.5536681383889367,0.5645835385323871,0.5280228517107577,0.4945563448863396,0.5161751996172057,0.5239651593527809,0.48901652997263423
1189,0.5535897776657916,0.5644693229203998,0.5279429233964911,0.49444902487562914,0.5160791360924896,0.5238579859318631,0.4889087421411077
1190,0.5535131448376742,0.5643483275640736,0.5278646114811452,0.4943385335079976,0.5159969861445509,0.5237432694372217,0.48880386203186016
1191,0.5534446067260772,0.5642226835811863,0.5277917443220161,0.4942276608035393,0.5159196961317079,0.5236324690350824,0.4886967770686437
1192,0.5533401447221864,0.5640770435006309,0.5276990038685223,0.49410367065509797,0.5158200992669302,0.5235079447500384,0.48856790526892163
1193,0.5532336145681274,0.5639301784253552,0.5276084546982764,0.49398290063949124,0.51571956741212,0.5233896209251752,0.48844569573507446
1194,0.55313914951249,0.5637962137091435,0.5275194614570352,0.4938670084523567,0.5156282835525337,0.5232810414730193,0.4883328969494147
1195,0.5530264650101757,0.5636639379367988,0.5274351566134889,0.4937486827289989,0.5155188129623223,0.5231690313164209,0.4882137481909483
1196,0.552907716267479,0.5635240349742836,0.527344473368682,0.49362960608952455,0.5153991535468283,0.5230531514789973,0.48810034790702106
1197,0.5527766500929332,0.5633740379968923,0.5272398257232105,0.49350257628686006,0.5152776754678299,0.522924133666546,0.4879789871301517
1198,0.5526435278912694,0.5632246267498402,0.527134870787685,0.4933730195749533,0.5151485199426863,0.5227837075220153,0.4878484127730555
1199,0.5524991797561305,0.5630715858360312,0.5270258418962598,0.4932445019241973,0.5150197024108772,0.5226494470977152,0.487711252639733
1200,0.5523531915799222,0.5629260081323268,0.5269294681363826,0.4931205894758214,0.5148957055949765,0.5225148446895524,0.4875746395297683
1201,0.5522135133303385,0.5627802577726692,0.5268260227587533,0.49300103465371803,0.5147820222357976,0.5223786255025725,0.48744088917797956
1202,0.5520957885407183,0.5626409724356816,0.5267243414939002,0.4928926939511268,0.5146769881039651,0.5222407941642878,0.48731499203611595
1203,0.5519649083773664,0.5624951309569222,0.5266148252476048,0.4927842411724286,0.5145756754454974,0.5220974152670851,0.4871909163018061
1204,0.5518316653232016,0.5623423489287044,0.5265174165132248,0.492683745191134,0.5144833277984083,0.5219669573258031,0.4870721015480333
1205,0.5517064396075975,0.5621922348276428,0.5264198521482241,0.49257786766946554,0.5143896447555311,0.521835968275721,0.48695645466812987
1206,0.5516018636806705,0.5620383906957251,0.5263184450294591,0.49246633539267226,0.514302176851713,0.5217084026662221,0.4868482933831323
1207,0.551527456108605,0.561894080187819,0.5262108185914756,0.4923558837878799,0.5142192964251693,0.5215752254463145,0.4867395494288004
1208,0.5514233370172328,0.5617504183455733,0.5261001620786325,0.4922550282783595,0.5141364610605392,0.5214463105295938,0.48663115631060283
1209,0.5513192256280136,0.5616012278574193,0.5259775757917066,0.4921434630024583,0.51405104257431,0.5213130587028258,0.4865223936245807
1210,0.5512169915850145,0.5614514471534676,0.5258552849606347,0.4920307756161635,0.5139593966183164,0.5211820842540104,0.4864083654833117
1211,0.5511057868330165,0.561293674103873,0.5257277381678495,0.49191558720110506,0.5138622326012916,0.521038368585701,0.4862827202856139
1212,0.5509999555887155,0.5611471297898245,0.5256004789293979,0.4917964535244021,0.5137566707537152,0.5208905715858695,0.48615603960451087
1213,0.5508857532883946,0.5609986672481136,0.5254720284548461,0.49166954133792123,0.51365008025377,0.5207491269441338,0.4860318594608632
1214,0.5507690499132172,0.5608457707046314,0.5253440776561412,0.491541499475986,0.5135464777857651,0.5206066090128126,0.4859068841878932
1215,0.550659254588972,0.5606961168126179,0.5252263870660631,0.4914170067814358,0.5134503227645112,0.5204709867607553,0.4857867672576511
1216,0.5505348506083327,0.5605351692482736,0.5250955987389394,0.49128053998085186,0.5133439705549577,0.5203233454227885,0.48565476710377986
1217,0.5504043898022382,0.5603739301074713,0.5249624506925239,0.49114387296719847,0.5132325287712689,0.5201663754779164,0.48550574548477315
1218,0.5502793955231622,0.5602233075279482,0.5248364752461454,0.4910150676771229,0.5131161153760257,0.5200219818939203,0.48537227545795636
1219,0.5501464321110429,0.5600649229821852,0.5247073340350881,0.4908811677309588,0.5130075702241318,0.5198652829204218,0.4852210090096052
1220,0.5500071859450812,0.5599117732227838,0.524574354141692,0.490749944570569,0.5128895103056431,0.5197018628011084,0.4850828475188885
1221,0.5498643572379688,0.5597651474662895,0.5244482727371887,0.4906276597394257,0.5127777826683687,0.5195405842931734,0.4849472124404775
1222,0.5497217941233139,0.559622035791162,0.5243144922403413,0.4904984873123409,0.5126612565316602,0.5193699182072993,0.48480537453618106
1223,0.5495820816628824,0.5594760217883823,0.5241784369788618,0.4903726348654886,0.5125429148488378,0.5192017649650232,0.4846652329385165
1224,0.5494175164819349,0.5593203231933522,0.5240286874722009,0.4902449024689558,0.5124229268941425,0.5190329101593433,0.484522293149246
1225,0.54928144521094,0.5591908901229987,0.5238990076918888,0.4901310832263263,0.512319647395592,0.518892628845715,0.4843921689540595
1226,0.5491373142839353,0.5590577782278204,0.5237741639340024,0.49000326498959224,0.5121993650947223,0.5187574492465938,0.48425475894740594
1227,0.5489949487791644,0.5589258224439301,0.5236531327142797,0.48988438056391315,0.5120827889151989,0.5186297868386828,0.48411607469343176
1228,0.5488597693744379,0.5587907273266997,0.5235320986746791,0.4897824417589015,0.5119786600851468,0.5185099457220073,0.483974788501779
1229,0.5487211775602451,0.5586495442620526,0.5234024201609182,0.4896800677190969,0.5118580736263733,0.5183826321885935,0.4838234451677151
1230,0.5485861943373223,0.5585118147860308,0.5232788533812168,0.4895787160858333,0.5117367573198062,0.518249901146943,0.4836751569294318
1231,0.5484512959631272,0.5583761737120481,0.5231532089492106,0.48947764851856873,0.5116113285774987,0.518115054750175,0.48351324521751565
1232,0.5483091394742045,0.5582302339011934,0.523004204410767,0.48936458136956756,0.5114739051270579,0.5179702756245153,0.4833362175229364
1233,0.5481753313297931,0.5580863628225036,0.5228628942258602,0.48925767862023656,0.5113472942564994,0.5178265639828882,0.4831557799934461
1234,0.5480402799652475,0.5579445157675323,0.5227222430134697,0.4891551806423653,0.5112235190385916,0.5176822404440504,0.4829815197525268
1235,0.5478931871617443,0.5578066317645833,0.5225724951740263,0.48905399628337476,0.5110870422518664,0.5175246948730414,0.4828014397329521
1236,0.5477449641655054,0.5576672433377408,0.5224376362386428,0.4889508901901779,0.5109482074598873,0.5173848608398697,0.48261783069941416
1237,0.5476061142904414,0.5575228920929103,0.5223071623526948,0.48883845106198914,0.5108149882693095,0.517234728811345,0.4824316990239992
1238,0.5474620000708892,0.5573806753858951,0.5221772164650318,0.4887288441454375,0.5106805426942655,0.5170875020604909,0.48225658011023514
1239,0.547318233179442,0.5572390493612494,0.5220427004393036,0.48861480517892436,0.5105441511374519,0.5169454261275936,0.48208896197637807
1240,0.5471563284293995,0.5570954584959784,0.5218966599300664,0.4885141583466533,0.5103971197166618,0.5167938689558611,0.4819053921149551
1241,0.5470175368744432,0.5569459627880069,0.5217574062825445,0.48839756800446726,0.5102582807829699,0.5166502781625549,0.4817263692624332
1242,0.546884181850184,0.5568017442573019,0.5216146119927629,0.4882874859785714,0.5101279814576687,0.5165096744095874,0.4815555432074431
1243,0.5467386781279387,0.556660905965236,0.5214693408857098,0.48817282729799116,0.5099990350787333,0.5163809177742902,0.4814016324358281
1244,0.5465799655277829,0.5565101413609868,0.5213205134675231,0.48805969272967575,0.5098527319824924,0.516244282479374,0.481241773194785
1245,0.5464202374762458,0.556364582511744,0.5211644993125415,0.48794832650845343,0.5097146289203316,0.5161099086042642,0.4810912905559679
1246,0.5462410522744936,0.5562028706088735,0.5209862616746406,0.48782143756125845,0.5095639017293156,0.5159657563132993,0.48092786937688536
1247,0.5460635174356556,0.5560481016154271,0.5208092625274817,0.4876981342388057,0.5094243047404533,0.5158223065844709,0.4807652039729888
1248,0.5458936261679126,0.5558941070109434,0.5206417500681217,0.4875931227529932,0.5092824148605198,0.5156890480460178,0.4806115745408327
1249,0.5457269049155544,0.5557378176857111,0.5204900362838878,0.48748327658987095,0.5091434139776532,0.5155530947458706,0.4804567416636674
1250,0.5455645551964559,0.5555881885766459,0.5203487615035637,0.4873857819010025,0.5090086846248958,0.5154216200430309,0.4803052274968116
1251,0.5453990853802767,0.5554386959058165,0.520205387751156,0.48728628865626816,0.508872425445853,0.5152819978625504,0.48014830682025905
1252,0.5452433375643805,0.5552937244108431,0.5200716659493564,0.4871847585792115,0.5087375080597212,0.515136726278515,0.4799937914067211
1253,0.5450815338022603,0.5551389498821742,0.5199340101829707,0.48707799919797995,0.5085958878168998,0.5149919727693999,0.4798434570668483
1254,0.5449121910882455,0.5549856817351626,0.5197988512232014,0.4869660078522123,0.508464088460052,0.5148536067671446,0.4796975654994693
1255,0.5447384289681706,0.5548316028008438,0.5196640393540705,0.4868575886714532,0.508312633817227,0.5147094991645172,0.4795484684673489
1256,0.5445673950388341,0.554683207896916,0.5195244419626621,0.4867466185616368,0.5081581570404763,0.5145712587033408,0.47940237274987163
1257,0.544401573882965,0.5545381846590296,0.5193912438183415,0.48663326123245004,0.5080021868768732,0.5144226706335499,0.4792619502091961
1258,0.5442289889246377,0.5543939938141832,0.5192520682602731,0.48651738947003026,0.5078436143017869,0.5142752834113737,0.4791219642202472
1259,0.5440630780748394,0.5542491107424838,0.5191064212091032,0.4864098024899367,0.5076801088553554,0.5141281835968987,0.4789817282198891
1260,0.5438967378160541,0.5541021254943403,0.5189520645256545,0.4862992159791942,0.5075217402615604,0.5139761401529231,0.4788315725881419
1261,0.5437281402178613,0.5539557141488656,0.5187976471859418,0.4861927465954934,0.50736281670995,0.5138301215759562,0.4786736472300145
1262,0.5435493996181247,0.5538090171319594,0.5186397610324839,0.4860894290677017,0.507207734556298,0.5136841155928142,0.4785174524379786
1263,0.5433670854588989,0.5536567990795697,0.5184800395725959,0.48597141002781125,0.5070470992411246,0.5135392966997021,0.47836278147111744
1264,0.5431870953346208,0.5535006594503475,0.5183168108480797,0.48585313335490393,0.506885536898114,0.5133831979057882,0.47818839506794797
1265,0.5430169513616424,0.5533393845793213,0.5181491263936524,0.4857309303549589,0.5067133046581368,0.513220557281474,0.47802693133754504
1266,0.5428366023629947,0.5531870550329859,0.5179774279395174,0.4856051593764509,0.5065426744733579,0.5130543112766638,0.47786778353589077
1267,0.5426566129070824,0.5530305219326435,0.5177987937944182,0.48548918295828514,0.5063621367255731,0.512890087304597,0.47771263324922464
1268,0.5424703740344998,0.5528574201701767,0.517619045708053,0.4853676650177497,0.5061761074322806,0.5127146279537317,0.47755438573691694
1269,0.54229050549609,0.5526852968480384,0.51743812346868,0.4852461820218924,0.505987053842205,0.512535583187977,0.47739570754880695
1270,0.5421050965707896,0.5524965635341684,0.5172517098936662,0.4851087346240702,0.5058014352536636,0.5123539368479844,0.47722649343381907
1271,0.5419199780389168,0.5523076212945337,0.517068197551559,0.48496949874639916,0.5056225101146411,0.5121720409987016,0.47705702537775546
1272,0.5417362717795627,0.5521243034100365,0.5168894276930069,0.48483759273428373,0.5054454454942148,0.5119894781207402,0.47688284192818975
1273,0.5415483870503862,0.5519439372280319,0.5167004878546516,0.48469200209321367,0.5052691788965639,0.5118158210943266,0.4767090095072669
1274,0.5413988098611133,0.5517789859968272,0.5165220926210932,0.4845653095500454,0.505104016630834,0.5116494281133271,0.47653956867138286
1275,0.541227961872748,0.5516141511233044,0.5163471110009684,0.48444208631999464,0.5049387473037165,0.511480492477499,0.47636784701101637
1276,0.5410538845163858,0.5514470776808437,0.5161733710161338,0.4843141255959707,0.5047723622213682,0.5113141196774516,0.4762055674184101
1277,0.5408732189255616,0.5512786001920154,0.5159961393552519,0.4842027751296715,0.5046020425194481,0.5111438863764458,0.4760349932611197
1278,0.5407161007478088,0.5511093322570831,0.5158214875332023,0.48410085447611173,0.5044283781420275,0.5109870341837913,0.4758687400927501
1279,0.5405432146325276,0.550942819112639,0.5156460153829917,0.48400007476660417,0.5042471318063183,0.5108281783208068,0.4756988833986216
1280,0.5403747804784573,0.5507832581959494,0.515471635540444,0.48388668956833636,0.5040726678410085,0.5106766535544607,0.47553377457475043
1281,0.5402024217770016,0.55061041353913,0.5153030664649336,0.4837775340306497,0.5038969343195889,0.5105149558871103,0.4753650135110522
1282,0.5400329771332284,0.5504440242063179,0.5151400612939716,0.48367004726851137,0.5037179145956131,0.510354517311441,0.475203746616845
1283,0.5398844461264493,0.5502955037885455,0.5149925212502982,0.4835658208747974,0.5035573701704823,0.5102170803192617,0.47505976202897254
1284,0.5397372677423624,0.5501522426878063,0.5148555810939213,0.48346830622187487,0.5033950503453962,0.5100837117369744,0.4749162243193125
1285,0.5395876843305596,0.5500039053602895,0.514715160290901,0.48337315546140214,0.5032259085565782,0.5099495451981315,0.4747687661410926
1286,0.539436162776724,0.5498567519654319,0.5145766775168041,0.4832640569286518,0.5030492042819941,0.5098049745546546,0.4746160649943409
1287,0.5392711929764333,0.5496970000749906,0.5144340706911009,0.48314577567274164,0.5028730957492524,0.5096577946766904,0.47446104497159
1288,0.5391159319793626,0.5495330108842156,0.514292407910457,0.4830151733781257,0.5027011432545216,0.5095070054892783,0.47430729292494334
1289,0.5389667724872684,0.5493769076642538,0.5141569889834787,0.4828946609356171,0.5025383783840365,0.5093602991797225,0.4741648883290822
1290,0.5388149179965862,0.5492243090231215,0.5140182656528738,0.482761059806339,0.5023751321546506,0.5092019844743837,0.47402354471880825
1291,0.5386572737782933,0.5490628910925628,0.5138689781346691,0.4826249318603291,0.5022096352601901,0.5090343250451544,0.47387248847953856
1292,0.5385008102924942,0.5489015343850964,0.5137195054692683,0.48248523139558497,0.5020408815684421,0.5088651694787591,0.4737230395099837
1293,0.5383336888424546,0.548736087944745,0.5135609377209014,0.48233562476832076,0.5018611362530228,0.5086798730555426,0.473564417873418
1294,0.5381690917448345,0.5485849581336518,0.5134078177677349,0.4821889592371867,0.501681969020327,0.508494347073324,0.47341432822294377
1295,0.5380020705145541,0.5484235136501463,0.513246278282004,0.4820324479189416,0.5014970536573303,0.5082961062387465,0.47325226278973165
1296,0.53783665977314,0.5482717816704098,0.5130886386967959,0.48188866333320163,0.5013172894959933,0.5080922019526243,0.4730940436649287
1297,0.537670933902266,0.5481204478325036,0.512937043931038,0.4817594394875536,0.5011446115482817,0.5078931728326355,0.47293295509792943
1298,0.5375093510590803,0.5479642194333937,0.5127865918443408,0.4816462779281247,0.5009640822433946,0.5077009462238296,0.47277531288087216
1299,0.5373503316417334,0.5478045053843269,0.5126286847720591,0.48153263466504204,0.5007934717589237,0.5075139874162742,0.4726161354152703
1300,0.5371724849059898,0.5476497584845585,0.5124871956460323,0.4814085045264556,0.5006292912119547,0.5073279084505617,0.4724580976598679
1301,0.5370045032906289,0.5474988702933851,0.5123437372900655,0.48127523019973123,0.5004645919937477,0.5071423987172919,0.47230309279695926
1302,0.536834057255594,0.5473438037807574,0.5122003446504807,0.48114220364980714,0.5002813986607809,0.5069450747820088,0.47212017961638314
1303,0.5366595048172174,0.5471830740681897,0.5120561928439088,0.4810094844613821,0.5000968428927787,0.5067474293040629,0.47193290308485647
1304,0.5364819439497424,0.5470281574405241,0.5118972597776161,0.4808753436899075,0.49990167998377827,0.5065487640797289,0.47174474806474975
1305,0.5363033646619321,0.5468723104862138,0.5117361668807432,0.4807323051709769,0.4997061528257543,0.5063525680021883,0.47155757927528424
1306,0.5361391671316771,0.5467380592763875,0.5115847508430698,0.48060401758422716,0.49952210493921523,0.5061715825256059,0.4713870079682924
1307,0.535973714209242,0.5465992894280498,0.5114407296900965,0.4804571401749135,0.49933715278662116,0.5059813618352585,0.47121638578098357
1308,0.5357969980494757,0.5464553667543778,0.5112940040031506,0.48030855758439195,0.49915149673482995,0.5057859212733584,0.47103965557777433
1309,0.5356254166155048,0.546310962572267,0.5111441430107714,0.4801559261539793,0.4989672406759647,0.5055878595708097,0.47086198478501073
1310,0.5354590451841862,0.5461763119335897,0.5110076960441499,0.4800128717679738,0.49878970257028454,0.5054102398195107,0.47069647568988826
1311,0.5353060196447459,0.546034961821171,0.5108760232521904,0.479873593592416,0.49862077776488256,0.5052321891704505,0.4705371828343778
1312,0.5351443998546298,0.5458985995227381,0.5107442999211884,0.4797376861977175,0.498454709239503,0.5050554553380204,0.4703771106227849
1313,0.5349766838185254,0.545756926074463,0.5106175619877598,0.47960074427748056,0.49828646448536135,0.50487841163081,0.4702131280204916
1314,0.5348097195010123,0.5456179599852302,0.5104915274599897,0.4794660673900408,0.4981246870168857,0.504704911991237,0.4700573942656742
1315,0.5346428222451189,0.5454699579559243,0.5103630390115793,0.479328360057938,0.49796290416189226,0.5045323823212333,0.46988979373956113
1316,0.5344645366635707,0.5453196060351125,0.5102209727629211,0.4791809115334984,0.4977913383409393,0.5043491188707085,0.4697108876144312
1317,0.5342870968943493,0.5451649260134016,0.5100797336283645,0.4790201538259913,0.4976113909459488,0.5041651735620134,0.46955308734432355
1318,0.5341107021615862,0.5450209344899116,0.5099432436950755,0.4788551369001731,0.4974315791675753,0.503991145540884,0.4694049196808109
1319,0.5339522385269154,0.5448942253548114,0.5098244736789047,0.4787221673068068,0.49726931481212927,0.5038233808481472,0.4692717460152361
1320,0.5337784148386102,0.5447545102026081,0.5096944045902194,0.4785725187168321,0.4970995511300342,0.5036465968381652,0.46911710158856834
1321,0.5336145932042075,0.5446232964520175,0.5095628160814589,0.4784311789414982,0.49693881095591985,0.5034745886055173,0.4689699912106276
1322,0.5334553935999559,0.5444889460556732,0.5094306183903767,0.4782936131132612,0.4967832358546639,0.5033012688942735,0.46879288060261803
1323,0.5333004523599548,0.5443473775208231,0.5092945322728697,0.4781539291381722,0.49662417444732077,0.5031206741003518,0.4686148671447296
1324,0.5331427215255575,0.5442000364932392,0.5091642146751598,0.47800690088101955,0.4964727163856627,0.5029509875279864,0.46844284380650175
1325,0.5329993571968148,0.5440551643847495,0.5090356053871041,0.47786481677791137,0.4963217132912893,0.5027844044860539,0.4682699326560297
1326,0.5328596320153212,0.543910400125084,0.5089113888667438,0.4777240289392447,0.4961836991289406,0.5026273000334716,0.4681022523043521
1327,0.53271447753713,0.5437574421775684,0.5087789872895038,0.47758204582881036,0.4960397296187839,0.5024577710395406,0.46793078556131995
1328,0.5325726455545953,0.5435969278965449,0.5086443543356608,0.47743967178035546,0.49588863967970287,0.5022852777802617,0.4677580040522513
1329,0.5324361128747747,0.5434480631759822,0.5085206758578186,0.47730518572919023,0.4957476978483121,0.5021192265366211,0.46759694715178235
1330,0.5322995472371537,0.5432985042494979,0.5083909864027761,0.4771691326481939,0.4956065749474373,0.5019481814215446,0.4674380052483464
1331,0.53214855145893,0.5431316980815394,0.5082500331766674,0.47702101739700487,0.4954518351693572,0.5017579980529396,0.46727197444090224
1332,0.5319988690220769,0.5429660898659722,0.5081082495684548,0.4768716117061184,0.4952974472459812,0.5015722245020304,0.4671053505111213
1333,0.5318498227729649,0.5427981783870617,0.5079720710960698,0.4767245527833858,0.4951445290657273,0.5013811017821516,0.4669379563622097
1334,0.5317082855795144,0.5426319193789324,0.5078427765226696,0.4765805823169069,0.49500033942432403,0.5011902388648604,0.46676498502648867
1335,0.5315636442829259,0.5424707169097167,0.5077135168045052,0.4764278296229635,0.4948471367277712,0.500993946433834,0.4665959980669527
1336,0.5314145067881137,0.5423097766678457,0.5075834289216733,0.4762636792443308,0.49469693818019317,0.5008032205015163,0.4664256301935065
1337,0.531273199985392,0.5421536297736077,0.5074550044795364,0.47610278922288485,0.4945587441473173,0.5006195711503192,0.4662585583631135
1338,0.531123482978855,0.5419934907860435,0.5073173097336815,0.4759375303102188,0.4944239547315177,0.5004316078349926,0.4660916723706009
1339,0.5309688151765121,0.5418367403238726,0.507173624595327,0.47576667524689,0.4942816714743318,0.5002421630415432,0.4659098129058693
1340,0.5307810961430643,0.5416859729816388,0.5070250965923853,0.4755929844229555,0.4941299457766467,0.5000426861099234,0.4657233157314099
1341,0.5305752701002232,0.5415345404910064,0.5068708096172563,0.4754238096049829,0.4939664933038926,0.4998450138458989,0.4655360491704255
1342,0.5303818733954175,0.5413785294772886,0.5067151805927715,0.4752532994492724,0.493795131192073,0.49964663296849976,0.4653474114616173
1343,0.530198629768595,0.5412290639865907,0.5065672392141443,0.4750930363487873,0.49362612171592507,0.4994525918436474,0.46517236945971774
1344,0.5300168722492519,0.5410889762687143,0.5064315167756073,0.47493253955029086,0.4934518459563164,0.49925882946405825,0.4649973745423089
1345,0.5298310713531368,0.5409418178061387,0.5062982953829269,0.4747645591896082,0.4932734640569361,0.4990568715860901,0.46481800331759004
1346,0.5296595686369941,0.5407933235751644,0.5061604560847224,0.47460394752480434,0.4931099582924289,0.4988577891842144,0.46464893498136545
1347,0.5294995154466742,0.5406539525854326,0.5060332016287052,0.4744502607553288,0.49296167161013527,0.4986682019711856,0.4644943628372008
1348,0.52933976169338,0.5405344070512481,0.5059220421249526,0.47430213852598524,0.4928157049279333,0.49848956685267076,0.46434031177578766
1349,0.5291871751118433,0.5404129462376216,0.5058153108674054,0.4741564409598914,0.492680856077888,0.4983127850230386,0.46419357619536356
1350,0.5290429105566803,0.5402823054085879,0.5057160187495973,0.474004033295133,0.49254609301313346,0.49814225739893575,0.4640508482387963
1351,0.5288978823819566,0.5401468000610442,0.5056059544084369,0.4738531182026149,0.49241977549179217,0.4979669081970567,0.46390682137175754
1352,0.5287489000382894,0.5400101618889586,0.5055099588289026,0.4737033645934172,0.4922933280880475,0.4977964916975117,0.46375383390360136
1353,0.5286001310285234,0.5398681806648045,0.5054151217590761,0.47355388232210627,0.4921665301503527,0.49762855336311507,0.4636017324586536
1354,0.5284526186816573,0.5397254037793585,0.5053142824657544,0.4734013640072532,0.4920325896268699,0.49745705718322997,0.46344632333338875
1355,0.5283093043988059,0.5395815426882289,0.5052071482017523,0.47325214671342675,0.49189107346911126,0.4972808791032026,0.46329446782674655
1356,0.5281617357778008,0.5394362051068564,0.5050932191947888,0.4730987907331139,0.4917369585850945,0.4970991681330429,0.4631326136659287
1357,0.5280183436676923,0.5392928883451378,0.5049852146386663,0.4729445045400064,0.491581104529042,0.49691327953657816,0.46295293770538803
1358,0.5278526154520669,0.5391451735142576,0.5048784750510824,0.4727952038764986,0.4914142549452588,0.49673415928044584,0.46277276347654384
1359,0.5276858397120721,0.5389998924156734,0.5047656004968215,0.4726359374726018,0.49123962223348705,0.49655371663744496,0.46259571068752203
1360,0.5275190384213104,0.5388520978161366,0.5046580695332687,0.4724812486226614,0.49106182209826726,0.49637301491141433,0.46241590726618825
1361,0.5273554231954614,0.5387120362971316,0.5045547393703333,0.47233210979192053,0.49088720132004837,0.4961913668058912,0.4622414388262455
1362,0.5271914829390381,0.5385736290861284,0.5044437846681681,0.47217886762035477,0.49070678627902636,0.4960142490790515,0.4620658089186553
1363,0.5270295997177316,0.5384287332487275,0.5043365989998302,0.47202888520387054,0.49054074198759456,0.49583991258891125,0.4618920010126642
1364,0.526867627915556,0.5382901753062372,0.5042368594238338,0.47188669679774053,0.49037338228088273,0.4956610656527631,0.4617128760185909
1365,0.5267069747412073,0.5381533441009865,0.5041380570879028,0.4717486876637988,0.490210133356613,0.4954864801220265,0.46152899921662616
1366,0.5265467023130539,0.5380225186307679,0.5040304891349946,0.4716107518084923,0.49004606529862926,0.49531057618481755,0.4613475005075787
1367,0.5263914402028975,0.5378866696092572,0.5039265644389233,0.4714730917975943,0.48988231174764946,0.49514034006010615,0.4611660069895195
1368,0.5262289373140437,0.5377585741433402,0.5038230659377723,0.47133010107039064,0.4897156303892081,0.4949783238050004,0.4609848080599616
1369,0.5260825750616388,0.5376347586291228,0.5037260491016685,0.4711912647612465,0.4895537628912163,0.4948078791235022,0.4608032433390828
1370,0.525937089782375,0.537498501096689,0.5036248044950821,0.47105308693923453,0.48939140974676754,0.49465770781621254,0.46063914788907356
1371,0.5257864574151175,0.5373490660563135,0.5035272962561971,0.47091438372203037,0.4892278278475917,0.49449332516867894,0.46046662086528534
1372,0.5256369791648006,0.5371903304040634,0.5034217930063039,0.47077285127718616,0.4890376110172673,0.4943259402817116,0.4602824580481437
1373,0.5254980223489516,0.5370324404460515,0.5033236331584735,0.47063268872023895,0.48885811124805023,0.4941701377439043,0.46010358268685536
1374,0.5253538141663988,0.5368764186309439,0.5032239065728235,0.4704927506262502,0.4886653564595046,0.4940147014272882,0.4599254531346865
1375,0.52521151664743,0.5367235147557944,0.5031284806373323,0.47035306223142914,0.48847256726791083,0.49386127820941467,0.45974456757218185
1376,0.5250571672273646,0.5365785659864929,0.503030083307051,0.470208052113012,0.48827753245549144,0.4937090535590918,0.45956223857965883
1377,0.5249108493892463,0.5364365884499973,0.5029254123554924,0.4700785704411114,0.48808415275189604,0.49355108121051633,0.45937583031910395
1378,0.524766471130658,0.5362778953150625,0.5028191280617118,0.4699455345954335,0.48789053234489915,0.49339024481069005,0.4591868230522758
1379,0.5246011848014811,0.5361153646455141,0.5027058777994422,0.469794386262961,0.4876718988784591,0.49321947890130985,0.4589876876672487
1380,0.5244449407718694,0.5359513184170707,0.502595773019661,0.46964750121430193,0.48747568395882174,0.49305623649257135,0.4588000550360819
1381,0.5242909496044703,0.5357935705692057,0.5024885252190443,0.4695014754487081,0.4872762992209442,0.4928983337099385,0.45859905453707983
1382,0.5241335944314282,0.5356358216982982,0.5023837252920258,0.4693521799613117,0.48709091499358353,0.49274074898825654,0.4584045210987048
1383,0.5239792393509158,0.5354763099840045,0.5022814518335464,0.46920652619101694,0.4869044941129732,0.49257857718841924,0.4582066932237675
1384,0.5238200991992041,0.5353151531955807,0.5021774199127632,0.4690601567006344,0.4867107365847354,0.49241452784752904,0.4580099922995666
1385,0.5236662686548348,0.5351448514530205,0.5020623246691657,0.4689045235382494,0.4865111251268929,0.4922455149692079,0.4578124800342319
1386,0.523518342680212,0.5349644606625227,0.5019522330675898,0.46874353836892774,0.4863048813998526,0.4920805365586739,0.45760648651226166
1387,0.5233673265357787,0.5347962094163773,0.5018359012494504,0.4685906198073564,0.48610798106845826,0.4919101591721053,0.4574151344457092
1388,0.5232186433281112,0.5346256100545019,0.5017186333678539,0.4684455982639867,0.4859099916943377,0.4917460240749124,0.4572226093323028
1389,0.5230730008888217,0.5344554128951875,0.5015989482640234,0.4682915488469817,0.48570500497237096,0.4915764887257404,0.45702820219098994
1390,0.5229166634847132,0.53428312425462,0.5014787247579962,0.4681378470410408,0.48550183772221855,0.4914004297640437,0.45683379506469945
1391,0.5227431834246771,0.5341080713492752,0.5013608343697841,0.46796877075429144,0.48530064331044354,0.49123172414057575,0.45663961594660485
1392,0.522548035915673,0.5339383468336304,0.5012407130531069,0.4678187663598233,0.4850941990113008,0.4910663877669724,0.4564475443791432
1393,0.5223409222500112,0.5337555952691853,0.5011176232788327,0.46765171819022183,0.48487791390368074,0.4908968462370824,0.45624799192622
1394,0.5221547939284269,0.5335829395080598,0.500997831458064,0.46750235222545883,0.48465876060335944,0.49071861617953355,0.45603739929439674
1395,0.5219853847205516,0.5334098427502957,0.5008809513345052,0.4673587109786748,0.4844588204980826,0.4905427726189096,0.4558493314390549
1396,0.521811744399253,0.5332338795087155,0.5007628700250486,0.467203896928046,0.4842520480729685,0.4903621198126625,0.45564112644733357
1397,0.5216518097935324,0.5330747596730705,0.5006594154227823,0.46705815298478,0.4840522543316615,0.49018682147380765,0.4554427822902797
1398,0.521497088440771,0.5329140699285329,0.5005546627820819,0.46691393055860564,0.48384678970401696,0.4900155737705507,0.455258651026105
1399,0.5213393415586888,0.5327510402651486,0.5004476048974226,0.46675469736206265,0.4836321696012358,0.4898261207443957,0.4550570495032563
1400,0.5211820649043096,0.532587781964958,0.5003390120009714,0.4665963602358909,0.4834211478919059,0.4896418600354858,0.4548580442875137
1401,0.521030377350107,0.5324269067208317,0.50022887104306,0.4664459473775316,0.4832095682100392,0.48945504357151115,0.45466096348659735
1402,0.5208945696205818,0.5322764437263701,0.5001266273231084,0.4663083724061103,0.48301300049566087,0.4892809042704192,0.45447592193012093
1403,0.5207602086340929,0.5321287075138835,0.5000263365326754,0.46617775990846677,0.4828205939059876,0.4891184577381823,0.45429092008556593
1404,0.5206299487597321,0.5319822913251425,0.49992303134913574,0.46605273535312486,0.4826226034405268,0.488957908812946,0.45410337541937473
1405,0.5205091938073689,0.531837341660351,0.499825551876381,0.46593259148713484,0.48241923629129985,0.488787960844714,0.45391685375073
1406,0.5203958246078493,0.5316940047014571,0.49973475888431285,0.4658115716264404,0.4822243751093345,0.48862814319393727,0.45373403690551894
1407,0.5202823368757656,0.5315491336983184,0.49964558469047604,0.46568738383139563,0.48203168930873785,0.48845909517200337,0.45354838164907674
1408,0.5201668775637395,0.5314028735843078,0.499552909190064,0.46557393344499565,0.4818335810330409,0.48830325539264247,0.4533682722135488
1409,0.5200570439232262,0.5312591406923748,0.4994638213513657,0.4654603459684302,0.48163887250199255,0.48814503757904176,0.45318940161686855
1410,0.5199484298314532,0.5311183187783406,0.4993727036763148,0.46533601994695883,0.48144915883282124,0.48798830776060215,0.4530052205349719
1411,0.5198300394348323,0.5309789268762639,0.4992797175925611,0.46521502895916517,0.4812532261721515,0.4878291043154852,0.4528200292273946
1412,0.5197231563762582,0.530836892737191,0.4991776805627433,0.46508740402514565,0.48104754322655036,0.48766135577565184,0.4526356671776659
1413,0.5196207661885686,0.5306948132376116,0.49907864627915427,0.4649531061826827,0.4808407602386192,0.48749755860442895,0.4524561460265309
1414,0.5195113124463345,0.5305497077069218,0.49898334714085646,0.464811044688804,0.48065224314157345,0.4873327997040152,0.4522744720106818
1415,0.5194092698818126,0.5304103195787344,0.49889016333811875,0.46467853131978254,0.4804666560683759,0.48716885328118026,0.4521100775464433
1416,0.519315406939211,0.5302850580536305,0.4988110497206308,0.46456351568752285,0.48030703495615346,0.48702143463144487,0.45194769835131254
1417,0.5192306973339715,0.5301488233367518,0.4987281333806089,0.4644431569568785,0.4801394613367327,0.48686699319504384,0.4517768615335392
1418,0.5191460002119165,0.5300135872351767,0.498642493046413,0.4643105967534211,0.4799710892286164,0.4867079647020507,0.4516002161579487
1419,0.5190585776258778,0.5298805833536082,0.4985559103013397,0.46417993943927377,0.47979997964678134,0.4865503421935144,0.4514333896610562
1420,0.5189690274118286,0.5297429282059581,0.49847333200063976,0.46405563164940256,0.47962962148373584,0.4863958422198268,0.4512609114356885
1421,0.5188836134495745,0.5295996998422327,0.49839084184877536,0.46393363596495985,0.4794597579834027,0.4862340935232988,0.4510972149856924
1422,0.5188010648842425,0.5294573736072625,0.49831466365907245,0.46381359781902176,0.47928390913237096,0.4860766955638579,0.45093346714936944
1423,0.5187245438313116,0.5293220861289597,0.4982390786357159,0.4636885989173328,0.4790915608138174,0.48591693466031244,0.45077824521182974
1424,0.5186506537886552,0.529202801098257,0.4981653794044446,0.4635780905616141,0.4789011331989266,0.4857583871581432,0.4506148015128607
1425,0.5185567059028752,0.5290784079994607,0.4980914506071614,0.46346208897753655,0.4787120383059505,0.48559710861479033,0.45044465499380565
1426,0.5184771773293677,0.5289549470958441,0.49801146539064345,0.4633348121718811,0.4785194322189811,0.48543251676739213,0.4502693650856804
1427,0.5183958388104721,0.5288227437246472,0.4979307994154089,0.4632028855641736,0.47832160629633125,0.48525956426404065,0.45007850645235603
1428,0.5183227896812476,0.5286933113806798,0.497859592448907,0.4630814836945548,0.47813601839147557,0.4850950649671649,0.44989358585332406
1429,0.5182282138007503,0.5285725924119827,0.4977895669343573,0.4629578089044085,0.4779418389792324,0.48492749816350766,0.44970334328566286
1430,0.5181497466746117,0.5284611082921076,0.497718428285602,0.46282478392394444,0.4777473577610964,0.48476018837880497,0.44951189820935394
1431,0.5180753514157036,0.5283576917185091,0.49765322677886753,0.4626995742075309,0.4775650022371952,0.4845872812412201,0.44932204233921597
1432,0.5180157589003973,0.5282679509877409,0.4975947442404324,0.4625869631060061,0.47739653928897346,0.48444083565298934,0.44913985556386005
1433,0.5179555298932335,0.5281804512618596,0.49754197679314804,0.46247369326684085,0.47722509126508045,0.48429038842732214,0.44895994228725156
1434,0.5178982505307447,0.5280944941317595,0.4974888673367775,0.46236333785306183,0.47705863222654726,0.48414013918196713,0.4487889605945572
1435,0.517839127160541,0.5280105129813601,0.497431725272836,0.46225231992736876,0.4768935503259846,0.48398937951219817,0.44861323175776563
1436,0.5177849323448109,0.5279290790845506,0.4973759956719429,0.4621428053173216,0.47673881084633374,0.4838339414756989,0.44844680123628144
1437,0.5177460036973043,0.5278458774975159,0.49732196151158786,0.46204806345425997,0.47659348850295347,0.48368990971239123,0.44829349150373543
1438,0.517717082207184,0.5277716247050044,0.49726366497417207,0.4619536719835022,0.47646823890419354,0.48354783484029734,0.44814189302607954
1439,0.5176739087463129,0.5277013653489346,0.49721379833070783,0.46186881569534377,0.4763480110183581,0.4834077668248691,0.44799709711920155
1440,0.5176317195521609,0.5276299812043492,0.49716399106040354,0.4617821224358908,0.47621296356575316,0.4832683286413949,0.44784424054932803
1441,0.51760264660569,0.5275673337432143,0.49711564518240275,0.46170808091785726,0.4760813340111104,0.4831358821043302,0.44769431303441964
1442,0.5175563198953699,0.5274860023366692,0.49705276218254235,0.4616242398998308,0.4759478330921113,0.4830001437627966,0.44754304391446736
1443,0.5175097368194894,0.5274059687929438,0.4969908005765024,0.4615364040038159,0.4758104229823498,0.4828635269468803,0.44738219389613143
1444,0.5174785226754655,0.5273489986301688,0.4969369752874383,0.4614655129278633,0.4756889709549661,0.48274623596178606,0.44723704423041627
1445,0.5174553866725455,0.5272737970483017,0.496893244724576,0.4613949492474264,0.47556919847050133,0.48263116819375884,0.4470846603380704
1446,0.5174363805191409,0.5272047237009193,0.4968533533295517,0.4613283929759028,0.4754505627637765,0.4825172119226221,0.4469347882144737
1447,0.5174183683812854,0.5271371924724825,0.49682268573700006,0.46126400254175187,0.4753283431196812,0.48241115741196666,0.44678729810841816
1448,0.5174003573965911,0.5270778243205413,0.4967952469292274,0.4611781221249152,0.47520674427792214,0.48230220029273385,0.4466423775334625
1449,0.5173840769475243,0.5270223649541582,0.49677195605071656,0.46108488187880897,0.4750954685776968,0.48219704336844993,0.44650760329977246
1450,0.5173588664387472,0.5269651010801686,0.4967481959760767,0.46098665144710704,0.47498214186710924,0.4820889028223698,0.4463745151267374
1451,0.5173416140318667,0.5269161023375011,0.4967247778272693,0.4608995296882609,0.47486808274650033,0.48199178927572933,0.4462418044747515
1452,0.5173168024250833,0.5268654617610389,0.4967050051336647,0.46081194345465326,0.474751782697696,0.481889245032266,0.44611039245215717
1453,0.5172983616341225,0.5268189755084275,0.4967014105542965,0.460723170215626,0.47463515873731915,0.4817948690370482,0.44597982242918005
1454,0.5172871074369624,0.5268058372878939,0.496696080417858,0.46063862270315353,0.47453164724333224,0.481707062666261,0.4458583168872464
1455,0.5172804243150366,0.5267939071737746,0.4966994738856972,0.4605517754402787,0.4744316520544266,0.48162181829873807,0.4457550959943468
1456,0.5172743353705263,0.5267759809023231,0.49670327955582244,0.4604730987882665,0.47434674533785204,0.4815358431636124,0.4456538361414588
1457,0.517252492593548,0.5267389776326701,0.4966893480586102,0.460377933599551,0.4742505097387232,0.4814353747286101,0.445538744811079
1458,0.517230348410406,0.5266989647041711,0.49667334902052573,0.46029464471144355,0.4741553919996912,0.4813433429835115,0.44542344054660815
1459,0.51721714482031,0.5266701163535344,0.4966640597571022,0.460212177862618,0.47405693698812856,0.48125803185297106,0.44531079389674344
1460,0.5172010731066765,0.5266441670021036,0.49666910264155045,0.4601357823813517,0.4739606996562543,0.4811688224750091,0.4452042447018839
1461,0.5171983811486813,0.5266188267580398,0.4966634529197454,0.4600614870738255,0.4738850136675469,0.48107653545087786,0.4450961637648293
1462,0.5171754343517414,0.5265916604688871,0.4966642902592727,0.4599861931147628,0.47380937908436743,0.4809870289351599,0.4449907482567954
1463,0.517153638475891,0.5265553852257006,0.49666102648285887,0.45990219830393875,0.47372588777885544,0.4808897857811168,0.44488221109805154
1464,0.5171274962491385,0.5265212056915931,0.49664711386115823,0.45981146822984786,0.4736400512178206,0.4807893676023792,0.44477534353414444
1465,0.5171025009391312,0.5264872659217075,0.49663290469583143,0.4597177895969339,0.4735540671069451,0.48069092224545146,0.444667771407672
1466,0.5170836353019265,0.5264721135862592,0.4966253478094062,0.45962443436604977,0.4734722782835796,0.48058852831827564,0.4445595089112713
1467,0.517083657943682,0.5264480701242711,0.49661784686727095,0.4595360369026986,0.47339330247734723,0.4804868030034556,0.44444376917602896
1468,0.5170851995014909,0.5264249830677006,0.4966168468894218,0.4594690415997409,0.47332204192781474,0.4803830443420357,0.44433657777193225
1469,0.5170890823146063,0.526391291596273,0.4966157523330506,0.45939321012286954,0.47325604222572315,0.48027823391278535,0.4442326408734504
1470,0.5170971700443092,0.5263620272253767,0.49662063925286193,0.4593090831348171,0.473194250977064,0.48018580109319825,0.44411524529165736
1471,0.5171144501446057,0.5263331498591396,0.49663806091862545,0.4592358129170546,0.47313076455065195,0.4800977360431201,0.44401158398228907
1472,0.5171339338397292,0.5263126885092592,0.4966642344041611,0.45915382103560043,0.47307233385404457,0.480018406567551,0.4439241795494162
1473,0.5171532544685504,0.5262953756148702,0.4966945143485713,0.4590675702545208,0.47301298830970717,0.4799347406647648,0.44384159526908074
1474,0.5171477087003502,0.526270858897068,0.4967174694222912,0.4589714263893036,0.47294023390031975,0.47984662136785283,0.44375138782926393
1475,0.5171484901901783,0.5262501238572558,0.4967378489922078,0.458876687934531,0.4728656899541594,0.47973921588265317,0.4436576080754403
1476,0.5171347541030278,0.5262288546194743,0.49676606143656177,0.4587814978248046,0.4727823321775532,0.4796315151605584,0.44356586189660324
1477,0.5171145979882386,0.5262088432282079,0.4967837437216184,0.4586894496508722,0.47268269398871754,0.47952412896910374,0.443469456190084
1478,0.5170994749839017,0.5261914863985837,0.49680126795072777,0.45859346668002904,0.4725777987121663,0.4794202743703183,0.4433703987588413
1479,0.5170817176820482,0.5261849527932573,0.49681311217435253,0.45849739695393643,0.4724702095366101,0.47930917069942847,0.4432748813749618
1480,0.5170686505684371,0.5261812624574199,0.49683063499546665,0.45840310083154856,0.4723767986559687,0.47919954600086817,0.4431744779623205
1481,0.5170519395903794,0.5261820998727325,0.496848223256515,0.4583098993445788,0.47229470882794156,0.47909504310645346,0.44307081000170767
1482,0.517036002210678,0.5261810573015524,0.49687279203442325,0.4582170593507679,0.47220733660010916,0.4790034621036753,0.4429673338364021
1483,0.517020065326504,0.5261833872428024,0.4968941860539166,0.4581303759906188,0.47213398326608313,0.4789015084702303,0.4428675019081326
1484,0.5170049734950073,0.5261882324365833,0.4969194608353383,0.45804635914764297,0.472062686087408,0.4788066398919149,0.4427628323683773
1485,0.5169907618323535,0.5261955997248696,0.49694838829325,0.45795996189288257,0.47199186151760325,0.47872297716755013,0.4426626032391841
1486,0.5169787432545828,0.526205592532882,0.49697800763210165,0.4578750045085017,0.47193530907157094,0.4786394765604616,0.4425592349379541
1487,0.5169710979115681,0.5262176967271645,0.4970022383737579,0.4577882932918567,0.47187727709247795,0.4785545973873099,0.44246356739001397
1488,0.5169587514664734,0.5262309987005557,0.497036282557061,0.4577015821935129,0.47182474933927,0.47846901472511993,0.4423623847588004
1489,0.5169477845981894,0.5262502954192894,0.49707979539612157,0.45761910282517215,0.4717618957056759,0.4783942372549016,0.44226835409590415
1490,0.5169446933573619,0.5262609180074852,0.4971184290331112,0.4575504648935599,0.47170059882262405,0.4783109431531508,0.44217639817074605
1491,0.5169426094964039,0.5262681922526938,0.4971616166152235,0.4574769930514696,0.4716405073450776,0.4782285506690718,0.4420794089394434
1492,0.5169610293427792,0.5262771251623655,0.4972136635993416,0.45739970167592736,0.4715825767446222,0.4781480635233003,0.44199090755966547
1493,0.5169769286660728,0.5262911049917951,0.49727795931766394,0.45732772962848234,0.4715227541554269,0.47807527387430815,0.44190414986955506
1494,0.5169929287839977,0.5263099600367058,0.49734540452410647,0.4572559391713621,0.47146803412408556,0.47800256321913925,0.4418160126631375
1495,0.517005586340364,0.5263034223866937,0.49739593160350193,0.4571689048317776,0.471412045605678,0.47792620157784177,0.44172720929060205
1496,0.5170166233344677,0.5263003390000685,0.4974366882123703,0.457079579253407,0.47135855355682077,0.4778333549525301,0.44163566595612347
1497,0.5170367444839866,0.5262964887159184,0.4974875720880901,0.45698459949783465,0.4712998449036988,0.4777413451226451,0.44153314121114634
1498,0.517049214091347,0.5262894871359057,0.4975360811749578,0.456897282617878,0.47123473820795797,0.47764943889377565,0.4414189796772364
1499,0.5170624322214362,0.526265529130636,0.49758031254892304,0.45680931683811554,0.47116855305534366,0.4775574883254238,0.44131289253448713
1500,0.5170637586108046,0.5262407640314481,0.49762750269917067,0.4567165942746391,0.47109535175263934,0.477462981733434,0.4411896719782763
1501,0.5170699199619356,0.526228217078969,0.49767581538052486,0.4566311441224203,0.47102931803467774,0.47736793241353154,0.44107409298107003
1502,0.5170785041664208,0.5262204486103914,0.4977254548733768,0.4565491899797956,0.4709599643352802,0.4772824060593437,0.44096953089878504
1503,0.5170846380996805,0.5262097987569734,0.49776597568872266,0.4564582482368446,0.4708813689456709,0.4771937875672799,0.4408712730704488
1504,0.5170899941028749,0.5262006040030276,0.4978040191051102,0.45637013198228277,0.4707937315900037,0.4770998460801505,0.44077226807097275
1505,0.5170904970292736,0.5261864546296655,0.497837944661143,0.4562767144135451,0.47069924256601114,0.4770065660328123,0.44067346703418214
1506,0.5170913156590158,0.5261768472583676,0.4978755173638379,0.4561854453753619,0.47060164136316435,0.4769190120570668,0.4405776845911721
1507,0.5170813914310981,0.52615824920385,0.49790810089832516,0.4560856378516151,0.4704946555159023,0.4768220038848483,0.44047370905651173
1508,0.5170676573376453,0.5261403414350371,0.49793142718161193,0.45596572650722267,0.4703792809120042,0.4767288392739374,0.4403769323521355
1509,0.5170511501295296,0.5261340926550353,0.4979645257338793,0.45586046977587014,0.4702690461831927,0.47664188911441274,0.440300380619078
1510,0.5170264474735318,0.5261263700640486,0.49800034697374207,0.4557481147380241,0.47016027260190746,0.4765543256486439,0.44021903258851064
1511,0.5169842800395399,0.5261052026119141,0.4980364940164471,0.4556378708332935,0.470044398293775,0.47646955126191576,0.4401387970550054
1512,0.5169374161350141,0.5260848296466716,0.4980686081128427,0.4555321273221459,0.46993202822756863,0.4763830121840398,0.44005060266433704
1513,0.516897610614792,0.5260688275775152,0.4981140876988519,0.45542502796317796,0.46982909844701803,0.47630494658938166,0.43996880684560435
1514,0.5168715985813026,0.5260519434781272,0.4981531339096989,0.45532287223884493,0.46971554769895996,0.476228636826158,0.4398736679838082
1515,0.5168319331375704,0.5260244440081083,0.4981856443520707,0.4552218497954594,0.4696147925252214,0.47614904209280723,0.4397776417366903
1516,0.5167890767753297,0.5259908040307195,0.49821347629965107,0.4551093790850125,0.4694955256309732,0.4760625783679446,0.4396786555433113
1517,0.5167442412404153,0.525954824781895,0.49824786988545655,0.4549898554201439,0.46937461332112057,0.47597451070605346,0.4395752002884201
1518,0.516703045428095,0.525920600856834,0.4982775317088214,0.4548765604864234,0.46925211869013106,0.4758864142748531,0.43947793410693486
1519,0.5166873457071658,0.5258764097220205,0.4983003396001481,0.4547678174784514,0.46913212218398426,0.4757872611560473,0.4393752702461561
1520,0.5166574148506453,0.5258383380331773,0.4983312022097057,0.45465890853864865,0.46901768181683023,0.47569127802156314,0.43926088568629335
1521,0.516626346572383,0.5258056556689825,0.49834885727710754,0.4545500503130532,0.46890607232673487,0.4755850788135902,0.4391576439673063
1522,0.5165789547891719,0.5257806530686524,0.49837609415293765,0.45443899698352397,0.4687880393228131,0.47549049399946625,0.43904296819197147
1523,0.5165273758710378,0.5257587625586544,0.4983817403550077,0.4543216230441439,0.46868209429466867,0.47539560326587216,0.4389337324690124
1524,0.516490606876632,0.5257389185726953,0.49840787023707467,0.45421062684914715,0.46856963055722867,0.4753056564325151,0.4388267032529143
1525,0.516459641381612,0.5257225548903985,0.4984340737857553,0.4541010675602101,0.4684757839985312,0.47522383817512254,0.4387129841818
1526,0.5164094304812933,0.52569351426756,0.49846531267406513,0.453977992196677,0.46837208277910597,0.4751279435954411,0.4385911873779594
1527,0.5163579940636805,0.5256483413141877,0.49849223810443916,0.45385443546649906,0.4682732238041469,0.4750280304445324,0.43846773213096774
1528,0.5163031958184898,0.5255940737287002,0.49852861878324406,0.4537270096164138,0.46817568956002803,0.47493204004818723,0.4383707382316463
1529,0.5162517794306934,0.5255597125423123,0.49856719250331805,0.4535976974740706,0.4680757868411459,0.4748385786134567,0.43827806780900697
1530,0.5162104633871466,0.5255263319279313,0.4986225133378624,0.4534682638231472,0.4679903151509415,0.47474520776905055,0.4381960933069119
1531,0.5161799217363846,0.5255083044476476,0.49867928266099754,0.4533397264866107,0.46789856244299033,0.47466088282442814,0.4381104335497919
1532,0.5161353349430258,0.5254785709062806,0.49872946839698,0.45320093860190147,0.46780303166777265,0.47456903293110086,0.4380127569134002
1533,0.5161034109505399,0.5254472055290386,0.49878543555160837,0.45306200588146633,0.4676946964629713,0.4744828284327138,0.43791289159393243
1534,0.5160649523591795,0.5254230538996861,0.49883944421629545,0.45291891391061395,0.4675814006543354,0.47438925968841056,0.43781348263251846
1535,0.516016467413076,0.5253964585531641,0.498882441588745,0.4527686353963225,0.46746725168306213,0.4743041900949875,0.43770268399219364
1536,0.5159732098406054,0.5253831547432339,0.49893214048213086,0.4526305035782075,0.4673485537245356,0.47422540983832545,0.43758322666970634
1537,0.515915458486532,0.5253642684882589,0.49897445015286745,0.4524765105346463,0.4672362541151358,0.4741424425630075,0.4374669442180106
1538,0.515864295146096,0.5253496212817652,0.499014996781827,0.45233229631232214,0.467121313945902,0.4740553383256535,0.43733756423121334
1539,0.5158043998076988,0.5253400828320356,0.49906189724865124,0.45218527382112594,0.46700463553949706,0.47397109817305916,0.4371984852921491
1540,0.5157394219122036,0.5253253936149473,0.49911091143865527,0.45203807256016254,0.46689094021954974,0.47388610178669827,0.4370545359327275
1541,0.515663898691842,0.5253026829578028,0.4991524055902904,0.45189325399193503,0.4667690214299397,0.4737835968211452,0.43689324537344476
1542,0.5156042506765175,0.5252855163756416,0.4991926066777955,0.4517531070791366,0.4666448613938172,0.47368403895877675,0.43673181803115113
1543,0.5155460023141542,0.5252699348225872,0.4992251489973315,0.4516114310786711,0.4665218081822059,0.4735747168850762,0.43656677641601166
1544,0.5154901569475552,0.5252557489559365,0.499264698261384,0.45147954891670244,0.46639816278177887,0.47346600081750917,0.4364063627694712
1545,0.5154261271910558,0.525211264652685,0.4992963938341039,0.4513280621897108,0.4662702113991994,0.4733351645266274,0.436245045053658
1546,0.5153642117684961,0.5251824854976386,0.49932872470461565,0.45117205660816595,0.46613461806822737,0.47320804601985883,0.4360772068673985
1547,0.5153089885858873,0.5251522239306722,0.49935941276876655,0.4510151113472256,0.4659938262429179,0.47309505120585504,0.4359226189514474
1548,0.5152486778333416,0.5251232812820108,0.4993910287278253,0.45086058344579794,0.4658656186938387,0.4729859018798034,0.4357855362496451
1549,0.5151834598467973,0.5250888706856378,0.4994250687124905,0.45070202452552605,0.46573062164884726,0.472873910708518,0.4356355569020337
1550,0.5151206483419661,0.5250485625279376,0.4994550420289746,0.45054813100696584,0.465600556097181,0.4727467151127903,0.4354976336465984
1551,0.5150665619822281,0.5250191452248852,0.4994957051911494,0.4504065854492305,0.4654693251943808,0.4726170317962949,0.43536605444740245
1552,0.5150058321470848,0.5249843995783665,0.4995329565499779,0.45025825151451804,0.46533277121155725,0.47249258032546404,0.43523441582506245
1553,0.5149430631398105,0.5249494359905837,0.4995822818518335,0.4501084732608766,0.4652005560941131,0.47239579589567765,0.43510554842374277
1554,0.5148742605509091,0.5249280184882283,0.49963804922090416,0.4499616733157669,0.4650665522079211,0.4722907265566806,0.43497725646943286
1555,0.5148051573072415,0.5249033525370416,0.499693678367407,0.4498105664170944,0.46493773723078424,0.47218194840492284,0.4348505750702487
1556,0.5147347221533497,0.5248757018717265,0.49975265874534724,0.4496648964764397,0.46480708853840513,0.4720793423605268,0.43470973054038964
1557,0.5146562574988692,0.5248280751328094,0.4997955711625176,0.4495054572800887,0.46466260910976986,0.47195720305595446,0.4345555747418716
1558,0.5145707111652105,0.5247828830439202,0.4998410620389201,0.44935008736926463,0.4645166355652182,0.47182530093704134,0.4344062685476615
1559,0.5144774978234482,0.5247433934277734,0.49988419740922535,0.44919543309693655,0.46437101970583666,0.4716916484339538,0.4342494648871956
1560,0.5143870338977503,0.5247022875504268,0.49992058119580446,0.4490377175525017,0.4642239317023803,0.47155441096450534,0.43409315014812117
1561,0.5143035942262879,0.5246608897416972,0.49996285282902536,0.4488752409893726,0.4640765185565664,0.471420585929053,0.43396047934375204
1562,0.5142252647141452,0.5246200806082243,0.5000075083881098,0.44871833091698693,0.46393807468705417,0.47128773317228123,0.4338300209004141
1563,0.5141322886138,0.5245782959628357,0.5000606321987978,0.44856624472882806,0.46381641067153473,0.4711536325819293,0.4336995595464169
1564,0.5140376549962343,0.5245382277522933,0.5001134278164521,0.4484234605396839,0.46368899891209014,0.47103688388950243,0.43356841954052994
1565,0.5139470014964509,0.5245064124078601,0.500164454346134,0.4482908346135005,0.463553596455756,0.4709200717732623,0.4334375410519361
1566,0.5138420278740692,0.524465357850548,0.500218143887707,0.44815373543778836,0.46341475982740554,0.47078953887795816,0.43331357507911744
1567,0.5137141161215034,0.5244175445485368,0.5002547968885233,0.44800032830690917,0.46325533775114824,0.4706449508518705,0.43317655816913153
1568,0.5135786271973851,0.524365236066055,0.5003029706876689,0.44785151141259033,0.46309459475154124,0.470505163636645,0.43303448965155444
1569,0.5134341530783189,0.524310699737316,0.5003471268170513,0.4477068745683345,0.46292602551435114,0.4703685243596074,0.432888965490291
1570,0.5132881467694267,0.5242543896069239,0.5004004015330049,0.44756000559379566,0.4627571393358171,0.47023895290856926,0.43273233593927785
1571,0.5131435931636845,0.5241988711131571,0.5004507588300992,0.44740241362867816,0.462587266679437,0.4701063042960215,0.43257600669405766
1572,0.5129961078445451,0.5241576995893491,0.5005004542940392,0.4472549971169536,0.4624196596451017,0.4699758432311813,0.43241514282391513
1573,0.5128373938580696,0.5241215140777551,0.5005435197350234,0.4471061332393623,0.4622534851870571,0.4698493242309034,0.43225307932289353
1574,0.512673794477569,0.5240846124659049,0.5006041090917395,0.4469607594891306,0.4620977998275098,0.46972494232676454,0.43208402277848795
1575,0.5125074595244142,0.5240438212361058,0.5006637938958612,0.4468104424025431,0.4619490863364747,0.46959804279013106,0.4319196317709199
1576,0.512335829307838,0.5240144806827486,0.5007268149705123,0.44666584352008554,0.46180153876086594,0.46947150421738915,0.43175089998562893
1577,0.512164457495453,0.5239876588795982,0.5007946513418737,0.44652378835882506,0.4616552978361369,0.4693496277807153,0.43159298507069616
1578,0.5119900012083674,0.52396396426082,0.5008537291090898,0.4463868304123036,0.4615137901068298,0.4692357021693966,0.431436755882198
1579,0.5118061666858582,0.523940199319528,0.5009130105622277,0.44624109850260973,0.4613785276415179,0.4691208893788197,0.4312807810633714
1580,0.5116132343094056,0.5239121568311152,0.5009761469084674,0.44609243267099796,0.46124907857161884,0.4690108112440293,0.43112606663669284
1581,0.5114257733182187,0.5238794889589306,0.5010402255803867,0.44595079775056545,0.4611269831752563,0.4689019752165847,0.4309745210350206
1582,0.511245579589746,0.5238441704753443,0.5010996012905367,0.4458074123565809,0.4609956496325164,0.46879074981162566,0.43082392174889883
1583,0.5110553596108847,0.5238061691112845,0.5011577268287686,0.44566310021968436,0.4608659176776614,0.4686761139267239,0.43067599426796715
1584,0.5108669170642246,0.5237675863231803,0.5012207765498629,0.4455318076693306,0.4607439456798166,0.46858168117327004,0.43052773924876425
1585,0.5106625146214516,0.5237221522081862,0.5012799241638379,0.44539469940902104,0.4606298256071324,0.46848257592867526,0.43037491594588284
1586,0.5104531595102137,0.5236767200868077,0.501338541953369,0.44525550289109256,0.460535964466027,0.468384476112338,0.4302274164276524
1587,0.5102412193161908,0.5236372368002037,0.5014073047844216,0.4451185699965642,0.4604379521355482,0.46829745497488595,0.43007719467796174
1588,0.5100202361046688,0.5236147874682782,0.5014868375059608,0.444992736011653,0.4603395099743565,0.46821190731761364,0.42992757805800474
1589,0.5097859690476718,0.5235851957560733,0.5015590320291616,0.4448570305317302,0.46021814167201913,0.46811924150304957,0.42977228640093623
1590,0.5095436896902307,0.5235443788859213,0.5016132141633871,0.4447119704191665,0.46007983470284214,0.468014669220035,0.42960854213340455
1591,0.5092912624522397,0.5234990515384672,0.5016629350485771,0.44456198754340354,0.4599508590178004,0.4679126489308703,0.42944549975591917
1592,0.5090298870590297,0.5234572097757881,0.5017064741211777,0.4444089063102939,0.45982690249355096,0.4678118343979637,0.42927470912166293
1593,0.5087645842180797,0.523425010519162,0.501751785217333,0.4442559411582323,0.4596859565612563,0.4676905717400823,0.4291055073857407
1594,0.5084930850730023,0.52339059384062,0.501792491984277,0.44411201070586,0.45954866049154275,0.46756826701819093,0.42895028426221626
1595,0.5082268304788209,0.5233538848915712,0.5018418737120693,0.4439601521520726,0.4594118414151119,0.4674362926695654,0.42878420902631137
1596,0.5079376778598303,0.5233249295974358,0.5018845991577883,0.4438068431046595,0.45927084062472157,0.4673072190571085,0.4286276553913605
1597,0.5076314296512648,0.5232877757859435,0.5019217995071038,0.4436519968381119,0.45912976010528583,0.46717619961021517,0.4284718187621118
1598,0.50731300755121,0.5232449598814778,0.501943267015871,0.4434896553091948,0.4589777323151992,0.46704057585567404,0.428300671364408
1599,0.5069893044400748,0.5232051255286868,0.5019644783577665,0.4433375058274908,0.4588420598756816,0.46690837369514393,0.42814529261536965
1600,0.5066581031435056,0.5231648982452352,0.5019859280619496,0.44318783549315005,0.45870141717806395,0.4667772845848354,0.42798003202460755
1601,0.5063273842336108,0.5231327351081771,0.5020196238068898,0.4430440656549347,0.45855798897290845,0.4666514890971068,0.42782442886106126
1602,0.5059990230402867,0.5230954354442278,0.5020313673946845,0.4428888119610817,0.45842679182624596,0.46651961204416326,0.42766830973640546
1603,0.5056547178108507,0.5230610284056425,0.5020427442606277,0.4427375804694703,0.45829917425415695,0.4663918384717814,0.4275159439887949
1604,0.5052998165756286,0.523029515112813,0.5020409675938036,0.442586452874634,0.45816998823969735,0.46626822189293265,0.42737251768719603
1605,0.5049579928438359,0.5229754748642692,0.5020441394592035,0.4424349976187589,0.4580413907522606,0.46614566949573744,0.4272281108209069
1606,0.5046232063664637,0.5229179410252132,0.5020446189938071,0.4422859028590514,0.4579218551639529,0.46602707534675736,0.4270789262625831
1607,0.5042806126043773,0.5228775649609683,0.5020412977525427,0.44213614924755096,0.4577992940047821,0.46591249064147827,0.4269325477151063
1608,0.5039315243578347,0.5228391017129225,0.502038462127199,0.44198840959787944,0.4576742303640436,0.4658059707373348,0.42679246279837624
1609,0.5035781533849042,0.5228098658752625,0.5020314451418818,0.44184908799841943,0.4575565202789944,0.4657096677996705,0.42665646838363847
1610,0.5032143830610368,0.5227790963150041,0.5020240039564267,0.4417075727546356,0.457440742081737,0.46561288614340934,0.42652388898827975
1611,0.5028476840647105,0.5227523151818831,0.502004195092427,0.44157127607207514,0.4573418126569756,0.46552722676009645,0.4263922540293324
1612,0.5024773069158094,0.5227303604546077,0.5019978578688309,0.44143843726486837,0.45722884956511206,0.46544537433440586,0.42626399161257106
1613,0.5021171153171504,0.5227235671768412,0.5019853327403678,0.4413100448186114,0.45711391540641333,0.46537055067788236,0.426128108251547
1614,0.5017479515742607,0.5227155279352853,0.5019645581223083,0.44118754241439184,0.4570010909529783,0.46529832938130483,0.42599466758063975
1615,0.5013690240469284,0.5227131568562178,0.5019375725070103,0.4410677082173451,0.45689459658797416,0.465228981389738,0.42586376646469076
1616,0.5009976071641762,0.5227067765647534,0.501912597404094,0.4409473754641688,0.45678520805781975,0.46516020529720536,0.42572802438639445
1617,0.5006204333316626,0.5226956581436464,0.5018773787715018,0.44082674899740465,0.4566827675234058,0.4650922811857378,0.4256023328333889
1618,0.5002275587017634,0.5226861669385098,0.5018325612556783,0.44070097352184545,0.45658264580897967,0.46502785298858135,0.4254804206415404
1619,0.4998377252428023,0.5226790886957012,0.5017819450225417,0.44057601730511015,0.4564838901030215,0.46496151211201847,0.4253581153394381
1620,0.4994405761452291,0.5226744201261085,0.5017404297823217,0.44045675387830663,0.4563797556829491,0.464900110397255,0.42523393230326184
1621,0.49905704214847474,0.5226811917521827,0.5016889637747862,0.440343389954612,0.4562848018007101,0.4648468743507631,0.4251301044292136
1622,0.49866406004045477,0.5226930822381736,0.5016377104234941,0.4402255392484782,0.45620157204002537,0.4647947899223099,0.4250239086213714
1623,0.49826803754400817,0.5226996641823185,0.5015732555954048,0.4401203159651529,0.456117170095952,0.4647377563714998,0.4249242144110106
1624,0.4978687044773711,0.5227037544808688,0.5014895423959629,0.4400201392415763,0.456033953448454,0.4646836879581038,0.42482340033267807
1625,0.497469838644821,0.522711878103619,0.5013911564932247,0.43992106153960486,0.45595793349982083,0.46463347553724266,0.4247259891446674
1626,0.4970698668134627,0.5227237365602048,0.5013145254424629,0.43981429219201384,0.45588410000796575,0.4645945317391251,0.42463028558980725
1627,0.4966677989921541,0.5227391921068568,0.5012191672536931,0.4397227009831736,0.4558193701487701,0.4645617011781956,0.42454120999394523
1628,0.4962666357974112,0.5227511571261019,0.5011271430430693,0.43963212775113025,0.4557626695331263,0.4645266725407339,0.42442553111504766
1629,0.4958561218588928,0.5227630050307553,0.5010240798452898,0.43953485179909324,0.45571355555459625,0.46449564446614444,0.42434528185829823
1630,0.49544692535108564,0.5227756882691905,0.5009233280982566,0.4394402394819991,0.4556708019327897,0.46447125142314827,0.42426602092195376
1631,0.4950301528208623,0.5227885280422216,0.5008105338156916,0.43934760376313936,0.4556222918171112,0.4644506129966235,0.4241855309043693
1632,0.4946135357803815,0.5227999482331656,0.5006900681731181,0.4392538933906365,0.45556761726195844,0.4644369386975432,0.4240909345653886
1633,0.49419440034844425,0.5228215192394352,0.500562041908944,0.4391625754373881,0.4555208391580198,0.464421025400206,0.4240041459445873
1634,0.4937723838704147,0.5228396313731039,0.5004224144095778,0.43906790808659474,0.4554657827698486,0.46441355138486057,0.42392024027067415
1635,0.49334791152368007,0.5228530323758724,0.5002695109927009,0.43897302954264183,0.45541359846549073,0.4643968613084798,0.4238416535714114
1636,0.4929214081609862,0.5228755972885377,0.5001057047291957,0.43888596504679417,0.45536440284936397,0.46437825847887426,0.4237645176409882
1637,0.4924941402406193,0.5228909172904103,0.49993111413187813,0.43879208732048236,0.4553035357801597,0.46436341008370857,0.42369232274400953
1638,0.4920639530297401,0.5229033546650727,0.49976058187096023,0.4387060999992933,0.4552456629219754,0.46435214330308805,0.42361293978858666
1639,0.4916350523615134,0.5229066115327682,0.49958363581785126,0.43862871228716427,0.45518646441140465,0.46434695663081804,0.4235407765372844
1640,0.49120616783139176,0.5229125033803073,0.4993903039011508,0.43854823571683277,0.4551230127920709,0.4643303232811937,0.42347022099731957
1641,0.4907765048009097,0.5229239392588549,0.4991919710604395,0.438455343424064,0.4550482580340513,0.4643266149461168,0.42339727889285045
1642,0.4903476853677481,0.5229217694130373,0.4989872071595752,0.438361364932016,0.45497994029014804,0.4643182694095893,0.4233379905544358
1643,0.48991339927354705,0.5229387109725833,0.49876942934635765,0.4382715937437336,0.4549121986656239,0.4643168911066461,0.4232762174428196
1644,0.48946947890337755,0.5229594230827512,0.4985250720424001,0.43818573492880936,0.4548467475062248,0.46430847579068113,0.4232208846721095
1645,0.4890289408044001,0.5229723647353761,0.4982708424701118,0.4380954010176842,0.45478608908725393,0.4642980484960632,0.42317618941789475
1646,0.48857620276719516,0.522988445562779,0.49800772509132757,0.43801045029511165,0.45472110385260117,0.46427990095459526,0.4231280270509984
1647,0.4881234850149257,0.5230044797220995,0.4977502640626241,0.43791966576189906,0.45465206708872935,0.4642780822640701,0.4230850460853565
1648,0.4876651341476153,0.523025211648384,0.49748020854799196,0.43783075494483636,0.45458856368325795,0.46428022586244355,0.4230564877479218
1649,0.48721426143148383,0.5230507139484265,0.49720402430014576,0.4377443130122847,0.4545326271566431,0.4642879849986616,0.42304035364226494
1650,0.48676143673751654,0.5230691870967935,0.49691693621586913,0.43765762213681614,0.4544788268936294,0.46428771852956896,0.42302270079166976
1651,0.4863127922110677,0.5230915325546694,0.49662452238119004,0.4375772244052906,0.4544272477663708,0.464304729841329,0.42302149630527114
1652,0.4858567711489884,0.523110689973048,0.4963280584171983,0.4374967834012371,0.4543845076881632,0.4643174505045458,0.4230209952663436
1653,0.48539848121964796,0.5231254178451282,0.49601837953326944,0.43740161744273154,0.4543236976779716,0.46431941298966084,0.4230148865936295
1654,0.48494204145995534,0.5231408597776692,0.4957015148723897,0.4373217252110681,0.4542652026688222,0.4643320887063001,0.4230170662811171
1655,0.4844861622959237,0.5231595913006682,0.49537782020812793,0.43724382044157906,0.45421341714729924,0.46435317438602886,0.4230259885320076
1656,0.4840298222932512,0.5231826120383329,0.49504124399682803,0.4371743405074112,0.45416880058902553,0.46436928213740913,0.4230353789230207
1657,0.4835800401213741,0.5232092923095669,0.4946917362807303,0.4370938621833419,0.4541276071730799,0.4643879904446102,0.42304020913751267
1658,0.4831384075888618,0.5232395747416,0.49433465514414154,0.4370147665928287,0.4540854658711514,0.46441639019335046,0.4230574221121673
1659,0.48269860670657183,0.5232670610311378,0.4939750323793374,0.4369500341643066,0.4540514411613296,0.4644440261067243,0.4230751833967382
1660,0.48225962867633143,0.5232909066405381,0.49359760367168526,0.43687424851095064,0.45401900316322646,0.46446829794114397,0.4230822525591097
1661,0.4818414666111376,0.5233172828654233,0.49320942319650224,0.43680069422884477,0.4539945602963047,0.46449878769528785,0.42309466516588684
1662,0.4814423295452275,0.5233588079097196,0.4928108591647794,0.4367293924135522,0.45397921167641686,0.46452969812536865,0.42311157864500054
1663,0.4810514814893301,0.5234053922040497,0.4924085748580328,0.4366531490041595,0.4539648406423706,0.4645672654460051,0.4231320523106386
1664,0.4806580828459365,0.5234489709298501,0.4919905351513588,0.4365777151576686,0.45395638899973784,0.4646018959858341,0.4231504718274931
1665,0.4802536210639496,0.5234959086372278,0.49156513951921255,0.436496413631638,0.4539401867199528,0.4646401989997016,0.4231844841938317
1666,0.4798590797415204,0.5235462161313561,0.49113221169120813,0.4364120478968886,0.45391350860249835,0.4646824538739317,0.42322285885388294
1667,0.4794695232523371,0.523605394914154,0.4906928550933949,0.43632423422376626,0.4538945273832078,0.46472442253303436,0.42326661977491986
1668,0.47908609503740307,0.5236621386164031,0.490245658486092,0.43624544820774486,0.45387938930189053,0.46477113670230186,0.4233157662540951
1669,0.4787032542450949,0.5237221743984051,0.489798314146217,0.4361591815164355,0.4538625037891716,0.46481994109350017,0.42336356011916176
1670,0.47831734788315766,0.5237882895587584,0.4893575660066619,0.43608329431603077,0.4538471157269285,0.46487661952390286,0.42342634450108124
1671,0.477937038837206,0.5238499213250052,0.4889008875367784,0.43600539946268124,0.45382229587441386,0.46493606762425904,0.4235005767017531
1672,0.4775675273708081,0.5239125194340484,0.48845839045809586,0.4359315598292593,0.45380530787134205,0.46500139956174574,0.4235673888801806
1673,0.4772174364363389,0.5239779309455984,0.487997813738344,0.4358532918173207,0.4537870219223432,0.46506536479753946,0.4236474088828266
1674,0.4768745670233896,0.5240437251641493,0.4875605993168987,0.4357812336709722,0.45376352074954446,0.46513141874634617,0.4237252877466381
1675,0.47652757405558577,0.524110153554191,0.4870931707221259,0.4356981060967319,0.4537411724992778,0.46518643540624893,0.4238055466267614
1676,0.4761919568459037,0.5241791284113279,0.4866370710534139,0.4356260237380313,0.45372351855975035,0.46525040501709,0.42389195620784176
1677,0.475866687608349,0.524251115289152,0.48616315226851503,0.43555317171826047,0.4537018771287154,0.4653092428514237,0.4239764252984628
1678,0.47554875463881946,0.5243327824774286,0.4856831408301849,0.4354741590920142,0.4536720535202566,0.4653721747325551,0.4240644660365893
1679,0.47524066504954166,0.5244339577531099,0.48520139887570635,0.4353989460484323,0.4536477284139309,0.4654405222230517,0.4241235448466866
1680,0.4749308249742734,0.5245218696103288,0.48471995981545274,0.43532344704421855,0.45362464989127566,0.46551291940431216,0.4241773838578893
1681,0.47462415579522926,0.5246127600096696,0.48421977142539535,0.4352476800774646,0.45359767016489005,0.4655898476337853,0.42422298152909754
1682,0.4742940197841232,0.5246991990904565,0.4837169115767634,0.43517087475586214,0.453572156432672,0.4656642084756518,0.4242774142168247
1683,0.47396840876154533,0.524792887405214,0.4832083792070915,0.4350970981963063,0.4535447513526777,0.4657319444717246,0.424333055649579
1684,0.47364052754691277,0.5248882722606615,0.48269016942871623,0.4350246318534218,0.4535185650973016,0.4657925223528528,0.4243874414592311
1685,0.473326241739357,0.524979228302452,0.4821656397795248,0.4349471900903253,0.45349418222862337,0.46586140700724543,0.42444047024928366
1686,0.4730175017520824,0.5250662561416249,0.4816403724637661,0.43486601028404015,0.45345530906979564,0.4659139808880487,0.4244891008216884
1687,0.4726995177687181,0.5251465365609486,0.4811180533041658,0.43477615958223514,0.4534207825939619,0.46596358372298824,0.42454406776316295
1688,0.47238768297997946,0.5252336599867888,0.4805883243777386,0.4346956904966886,0.45337908557143203,0.46601498820959086,0.4246034202559321
1689,0.4720855106189341,0.5253134989226488,0.4800558265826177,0.43460904299527703,0.45333584540700295,0.46606013796792223,0.42466711104193455
1690,0.4717845719481536,0.5253899490064153,0.47951538448126146,0.43452263102033906,0.4532883713876082,0.466107526157157,0.424740683718342
1691,0.4714884502323941,0.5254723965669598,0.47897058969049,0.43443461702503977,0.45324118063164337,0.4661432416526459,0.4248118304865315
1692,0.4712028595206423,0.5255583517321989,0.47843209992720537,0.43434509959097484,0.45320175348654645,0.4661951749982955,0.4249002048872283
1693,0.47091848219288684,0.5256390661062473,0.4778870029697555,0.4342488680502684,0.45315873469979717,0.4662401819803013,0.424986068880113
1694,0.47063431090608443,0.5257072024884705,0.4773511637377565,0.43415059847649395,0.4531123984381744,0.46628819107387515,0.4250743896598073
1695,0.4703511237851542,0.5257807155610535,0.47680803674036765,0.43405107745905225,0.4530797335729858,0.46631716633251247,0.4251450473179338
1696,0.47009620640462196,0.5258826426992111,0.47627238821285667,0.4339545675114064,0.4530478683939426,0.4663591620657992,0.4252302609749609
1697,0.4698326559300896,0.5259828632214546,0.47573792125858594,0.4338619119293803,0.4530111111010341,0.4663985598353368,0.4253136097224181
1698,0.46956823461031955,0.5260848561142095,0.4752119503347063,0.433775719192229,0.45297264108270313,0.466433417887436,0.42539435668783526
1699,0.46931001826467333,0.5261748761952123,0.47468408482068575,0.4336851200647317,0.45291982631845407,0.4664636644042985,0.42546234099974123
1700,0.4690617032483451,0.526262277801954,0.47415876593157974,0.4335960679997492,0.4528671234106108,0.46649735040645773,0.42552632606198443
1701,0.46881598209124586,0.5263550516142853,0.4736398090469266,0.4335080486647219,0.4528145833011209,0.4665545887314746,0.42559702250417775
1702,0.4685672691927474,0.5264434688238835,0.47311817117854094,0.4334130846357149,0.45276294470210454,0.46662003650608685,0.4256701757911042
1703,0.46832799983248175,0.526543686139857,0.472604301248804,0.4333197481289538,0.45271488525427583,0.4666830842577946,0.4257465762764676
1704,0.46809651136994895,0.5266380547783043,0.4720904285996503,0.4332244104378707,0.45265664220880775,0.46672799796851383,0.425816038314968
1705,0.4678744414461272,0.5267157963046796,0.4715733859449938,0.43312998926672497,0.4526023397759271,0.466782530472134,0.4258979679282918
1706,0.4676727012184667,0.5267970151655409,0.4710649753554666,0.4330373764946162,0.4525478698561985,0.4668397032450791,0.42598212705277005
1707,0.4674743332599289,0.5268865707933668,0.47055681161753765,0.43293678676001923,0.4524949658732037,0.4668842254722998,0.4260859613600066
1708,0.4672700652062611,0.5269765030797894,0.47005238302038865,0.4328372028959401,0.452442101955696,0.4669349218686337,0.4261840247317631
1709,0.4670767503567409,0.527062383336893,0.4695527042661295,0.4327434499343369,0.4523901707086587,0.46700200184150403,0.42628551078657767
1710,0.46689132465858235,0.527144918043497,0.4690613697808034,0.43264305170190376,0.45234001132181356,0.4670664510010877,0.42638719716266654
1711,0.46670819857155976,0.5272247021049857,0.4685774637996264,0.43254403767601535,0.4522891502951266,0.4671382687767093,0.4264923791966463
1712,0.4665211850122722,0.527305803151621,0.46809885239038634,0.4324549221564638,0.4522470954268523,0.4672108866254711,0.4265811011374751
1713,0.4663441103036782,0.5273809878244029,0.46762239744488704,0.43236045810663776,0.4522012767941213,0.467287405490915,0.4266725100524916
1714,0.4661734670100337,0.5274577402335533,0.4671558479234384,0.432270198345236,0.4521427073164235,0.4673687238366363,0.4267783883894398
1715,0.4659949341051034,0.5275392267591784,0.4666970680468035,0.43217036315218105,0.45210144911280314,0.46743328159947906,0.4268719004075468
1716,0.4658199229741712,0.5276126795138502,0.4662397591454779,0.43207804733504984,0.45204732996905284,0.467502270290609,0.4269647353986101
1717,0.4656530174747993,0.5276999040805762,0.4657896225224151,0.4319821207352936,0.4519933960013379,0.467591718433369,0.4270396059893414
1718,0.4654921307573515,0.5277865584158942,0.46535119720020796,0.4318916646343321,0.45194143547337795,0.4676847588732077,0.4271197321501597
1719,0.465338379573309,0.5278819006799156,0.4649139289000509,0.4318025656650349,0.4518936477375025,0.46777398053164115,0.4272016368723624
1720,0.4651952424387934,0.5279781905600247,0.46449506310339145,0.4317196448887076,0.4518500340712273,0.4678680976236283,0.4272852101949745
1721,0.4650537923543275,0.5280829777038965,0.4640744349167834,0.43163795202713884,0.45180666146452636,0.4679599969830762,0.4273656168023884
1722,0.46490892861639627,0.5281879374628633,0.4636570970758627,0.43156000313425225,0.45176836838284623,0.4680572774666077,0.4274525171138574
1723,0.46476773117011705,0.5283016075037402,0.46324836548371773,0.4314725452430908,0.4517275912814912,0.46816224220747565,0.4275399645052068
1724,0.46464131922156887,0.5284154024813373,0.46285176327958366,0.43138764576319366,0.45168664668720127,0.46826558198242624,0.42762554028906197
1725,0.46450767152368677,0.5285331433523996,0.46244999889230537,0.4312948393307156,0.4516600919004423,0.4683669715865901,0.4277132840987575
1726,0.46439071367386386,0.5286413665636044,0.4620638533558119,0.4312031435870593,0.4516288664277299,0.4684730282554077,0.4278164129734998
1727,0.46427597161919076,0.5287463613117633,0.4616844947205731,0.4311187267020681,0.4516015938223378,0.46858070780705907,0.4279289899130809
1728,0.4641575443661948,0.5288454852230196,0.4613039863908958,0.4310338398523571,0.4515725147595656,0.4686899000188286,0.4280180543882919
1729,0.4640386134647089,0.5289409236251414,0.46093234788459314,0.4309459435303472,0.4515353533385082,0.46879376670669953,0.42810808195417954
1730,0.4639227849005092,0.5290350753532342,0.46057077567689897,0.4308624795802505,0.45148304219084173,0.4689004412549155,0.42820997790568444
1731,0.46380421690741497,0.5291160658568435,0.46021252074522695,0.4307796578012895,0.45143623064224025,0.46899526611772735,0.4283087163218754
1732,0.46367809601694365,0.5291963223689868,0.4598590767588111,0.4306942605662897,0.4513877875498937,0.46909192731694505,0.42840755524542684
1733,0.4635412576331947,0.5292730818617951,0.4595126329721141,0.43061204704636563,0.45133305096227294,0.46919073073768314,0.42850638876646663
1734,0.46340161343404046,0.5293430095394662,0.45916870359879597,0.43052760005841684,0.4512762787642607,0.46928704668493665,0.4285956696399347
1735,0.4632583030112588,0.529405558598169,0.4588206311580104,0.4304342298348348,0.4512167356496878,0.4693642598041549,0.4286837994862095
1736,0.46312689088191916,0.5294717291928122,0.458476553595273,0.430344141218745,0.451147175083666,0.46944164789685433,0.4287707166881847
1737,0.4629938702636374,0.529532943907587,0.4581425637217976,0.4302531265568007,0.4510556568630446,0.46952069198604063,0.4288579313976252
1738,0.46285836991939683,0.5295980356789984,0.4578065326770463,0.430159229326598,0.4509636574864498,0.4695962580882359,0.428945326376937
1739,0.46273404391827233,0.5296607672456979,0.45747148215703753,0.4300566436062364,0.4508787592625431,0.469673757292398,0.4290281196601039
1740,0.46261266760255737,0.529727861669868,0.4571574225039526,0.42995487420788453,0.45079469531185473,0.4697522015569125,0.42911128622300154
1741,0.4624950425242866,0.5298004873734314,0.4568458161808481,0.42985561268381717,0.4507165328875035,0.4698365387075711,0.42919071928248886
1742,0.4623847499794248,0.529874290534053,0.4565477973012162,0.4297616233965151,0.4506406912600129,0.469918895493875,0.42927224449094314
1743,0.4622788751565382,0.5299438668876938,0.45626343912016437,0.42967746535841594,0.4505603910656104,0.4700012133511059,0.429361611153159
1744,0.4621819851647751,0.5300226178464289,0.45598371619374234,0.42959470514437986,0.4504889933071469,0.47010643587194895,0.42945162554347033
1745,0.4620810330310713,0.5300925964475576,0.45571867947090877,0.42950187590422245,0.4504186714158247,0.4702153538561438,0.42952759180003086
1746,0.4619723401049116,0.5301587923628844,0.4554478655021028,0.4294085465069177,0.45035145192188797,0.4703324136473125,0.4296103205540242
1747,0.46187541022696815,0.5302222348081915,0.4551901902391687,0.4293180599950756,0.4502909751846591,0.4704465641310949,0.42969383767436603
1748,0.461786904889305,0.5303011694583828,0.454943361174016,0.42922812281262923,0.45023020986683904,0.47056781815853893,0.4297717322336342
1749,0.46170514923708283,0.5303867851884376,0.4547104168380218,0.42914925475686283,0.4501843127878816,0.4707009300910651,0.42987585088970925
1750,0.4616268159924938,0.5304673482365124,0.45448510764147737,0.4290714732724229,0.45013125345021193,0.4708367765637691,0.4299690190027702
1751,0.46155520938685723,0.5305516723956203,0.454267278613942,0.42900124031147746,0.4500901496135826,0.4709738448827749,0.43005940754331196
1752,0.46149049033358736,0.5306332705346289,0.4540508937247152,0.4289263589461165,0.4500533580859457,0.4711114076841646,0.43013852198472635
1753,0.4614145680997842,0.5307137813085762,0.4538514637651603,0.4288544513951414,0.4500031129506434,0.47124323712537014,0.4302361591223119
1754,0.46135348202558923,0.5307931650185566,0.45365960934344873,0.42878726271986556,0.4499588503843368,0.4713706537943915,0.4303310737608258
1755,0.46130183081406007,0.5308713289043651,0.4534737495831914,0.4287271094436084,0.44992172378465733,0.4715128773331732,0.43043519644327954
1756,0.46122960858573514,0.5309490740032382,0.4532881011647974,0.42866818741668383,0.44988314206819807,0.47164537326019973,0.4305353055621987
1757,0.46114619313034594,0.5310288273213717,0.4531082432940874,0.42861438655960915,0.4498383319553234,0.47179155638614406,0.4306311753331749
1758,0.46106898288708836,0.5311038953816418,0.4529388547527307,0.4285657787113665,0.449790313551848,0.4719285725576946,0.43072728822121675
1759,0.4609917055201265,0.5311796871890215,0.4527768113528253,0.4285177255777416,0.4497504392336009,0.4720733362583667,0.4308235211519918
1760,0.4609137739801786,0.5312496731456745,0.45261669072690214,0.42846436774439817,0.4497039851420199,0.47220474108821947,0.43092198573073653
1761,0.4608484955895076,0.5313189731890877,0.45245804040813375,0.42841956403520315,0.44966675816705415,0.4723449214352288,0.43102017243627344
1762,0.4607802577664352,0.5313848758375059,0.4523097061904037,0.4283688183331121,0.44962076462341594,0.4724791380619796,0.4311108391170878
1763,0.46071304223054127,0.5314432608114853,0.4521623937310009,0.4283178518351292,0.44957707943572656,0.4726145486017292,0.4312013568503323
1764,0.46065088030159085,0.5314998577020473,0.45202702160040176,0.42826997254436183,0.4495408166341954,0.4727437453614115,0.43129229737850566
1765,0.4605930915600691,0.531554631426713,0.45189958736373886,0.42821308524083035,0.4495009596717117,0.472875503220728,0.4313842323884656
1766,0.4605479546103212,0.5315986962548629,0.4517802796732206,0.42815311217987506,0.44946078226481384,0.4730080136725042,0.4314707531273815
1767,0.4604975219065778,0.5316450059496503,0.4516684318507049,0.4280992738580659,0.44942510417122444,0.4731408633490057,0.43156348847739745
1768,0.460448385457935,0.5316900474085534,0.4515693409422409,0.4280539060803331,0.4493920097820081,0.47327802529686414,0.4316573594220773
1769,0.4604037849275241,0.5317322162686807,0.4514805087708605,0.4280067437378797,0.4493615228675439,0.4734162845371418,0.4317467414427236
1770,0.4603579471129116,0.5317714784990958,0.45139697245433946,0.427961703445426,0.44932246045892343,0.47356306306969287,0.43183737346044715
1771,0.4603125365146076,0.5318109404899738,0.45131076261906966,0.4279241628723101,0.4493014444690354,0.4737127433290193,0.43194211385328957
1772,0.4602514043168651,0.5318416467775469,0.45123343209967326,0.42788468634168464,0.44927185319978025,0.4738584817417154,0.43203681746957157
1773,0.4601858983931833,0.5318584379545787,0.4511502560743258,0.4278416832614286,0.44923924023922346,0.4739970089127238,0.43212729285014895
1774,0.4601293561931672,0.5318740824004662,0.45107081098306195,0.42779278775769447,0.4492078569686441,0.47413152505307715,0.43220087549932573
1775,0.4600715679304036,0.5318820435098173,0.4510090619049607,0.42774823387474237,0.4491816423326294,0.4742653045780597,0.43228144922067974
1776,0.4600157950777767,0.5318832775074146,0.4509660425334541,0.42770228739942234,0.44915249498161325,0.47439277103941224,0.4323618030577593
1777,0.4599571260210113,0.5318857490029744,0.4508954721391702,0.42766750131214354,0.449121268033372,0.4745259880252843,0.4324394367877626
1778,0.4598971391403583,0.5318819756233405,0.45082919025205614,0.4276217477203385,0.44908797295497127,0.47465805571544417,0.43251336448376543
1779,0.4598414946896474,0.5318723447290976,0.45076154679661473,0.4275768223153018,0.4490567577604739,0.4747879987205595,0.43261844369186164
1780,0.4597884673905159,0.5318533178448869,0.4507006020505938,0.42754123838001706,0.44901177286595306,0.47491557147647745,0.43269285632069476
1781,0.4597353861401217,0.5318340705356874,0.45064058722957673,0.4275080107706133,0.4489642390866262,0.47504545102043927,0.43276627877796237
1782,0.4596836095847296,0.5318114166931971,0.4505855748585752,0.42747402485313757,0.44891934043862164,0.47517122178697796,0.432844430676022
1783,0.459633979400855,0.5317949422202191,0.4505373328129495,0.42745150379573466,0.4488841848180195,0.47528489651316785,0.43294101268542384
1784,0.45958655240902074,0.5317776852580381,0.4504924881458111,0.4274236186806772,0.4488420201607887,0.4753994202766944,0.4330362213100716
1785,0.4595413854376825,0.5317587719063577,0.45045342527601645,0.4274082462117429,0.4488031129461687,0.47551145202621337,0.4331314958614951
1786,0.45949539637691067,0.5317395984932185,0.45041383974183724,0.42739069759439535,0.4487611741531169,0.4756277112711434,0.4332251365698509
1787,0.4594527779640879,0.5317113414143728,0.45037171886302785,0.4273709964510844,0.4487236797398483,0.47574669787157575,0.4333228810136169
1788,0.459412746414387,0.5316853277164892,0.45033393984661974,0.4273605233895699,0.44869564417332775,0.47586973113113806,0.4334215157262319
1789,0.459373679605623,0.5316658800327587,0.45029709840356585,0.42734793957978773,0.4486715632131088,0.47598750374127735,0.433525266569659
1790,0.4593340815020975,0.5316545307973582,0.45025327251517966,0.42732879585090205,0.44864294528219506,0.47610028619113204,0.4336296447179936
1791,0.4592978578457589,0.5316406373095016,0.45021457230663947,0.42731765604409555,0.4486261940607076,0.4762180772462594,0.4337404192483585
1792,0.45925919025470885,0.5316214572477854,0.4501847371252838,0.42730961106756205,0.4486192663388368,0.4763317302065218,0.4338607175830699
1793,0.45922513225204087,0.5316192359160701,0.4501624222290744,0.427312843607827,0.44861712549845406,0.47645173397446394,0.433976305470127
1794,0.45919713854127575,0.5316070080306111,0.4501439821844209,0.42731612112191175,0.44861782077461265,0.47657146216915036,0.4341017819508943
1795,0.45917190524637286,0.531587210151016,0.45014661920259763,0.42732300906209286,0.4486206689800076,0.47669229753416537,0.43422887066272364
1796,0.4591343596910213,0.5315713030307515,0.45015116456371046,0.4273355579472663,0.4486256627127784,0.4768114015256136,0.4343558418812304
1797,0.4591033899785078,0.531554792808338,0.45016874287982594,0.42734651343066943,0.44862965479821115,0.47693153533610894,0.43448337277167337
1798,0.45907568170649926,0.5315361651196026,0.4501783258208302,0.4273610313904335,0.44864529308439743,0.47705357067585547,0.43461219421125746
1799,0.45905512514912006,0.5315082745949564,0.4501893312888516,0.42737453113141816,0.4486602625148032,0.4771647595172914,0.43473629862068064
1800,0.45902611620542844,0.5314778016142314,0.45020135580457765,0.42738255721026663,0.44867302666087117,0.4772743730598622,0.4348555466115414
1801,0.4589953603855162,0.5314473545645404,0.450206457132358,0.42738411811798044,0.44868239910593644,0.47738563051354477,0.4349688651932869
1802,0.4589680671868176,0.5314156428642156,0.45020480205439,0.427386377814993,0.4486943122277798,0.4774830575416737,0.43508891280217543
1803,0.4589476173654582,0.531390616541262,0.4502022807113087,0.4273924162675245,0.44869062549345395,0.4775851991401939,0.43520735107765607
1804,0.45893090362053446,0.5313608673865933,0.4501977159160545,0.42740422771031306,0.448695587264402,0.47769245235948965,0.4353210843632153
1805,0.45893129283324674,0.5313378635003915,0.4501977356664571,0.427418563782011,0.44870534732086326,0.4777976749298253,0.4354335027966913
1806,0.45893771646949577,0.5313135004029018,0.4502036148307268,0.42742525471986914,0.4487174642964563,0.47791328066605204,0.4355462103369284
1807,0.4589527351227817,0.5312974154239772,0.45021998099860977,0.4274308308384665,0.448732010089716,0.47804384763472607,0.4356728992226371
1808,0.4589635802062384,0.5312797828679943,0.450238345294657,0.42744360164283457,0.44875062412095595,0.47817403404919584,0.4357879216835784
1809,0.45896145294533863,0.5312543447838998,0.45026135896480846,0.4274700419380171,0.44878081298181555,0.4782846300198832,0.43589907050762067
1810,0.45895941858189604,0.5312285490761217,0.45028291425942263,0.4274969490685992,0.44880794283621606,0.4783936747829096,0.436027716238362
1811,0.45896477977535965,0.5312046542050013,0.4503115005748438,0.4275240985001384,0.4488390370306782,0.4785098251366057,0.4361577626146884
1812,0.4589617501103997,0.5311801610764355,0.45034624920150296,0.4275517462936011,0.44887541301754463,0.4786333090908932,0.43628747029137305
1813,0.4589581416526354,0.5311543013110905,0.4503855077771187,0.4275760084708339,0.44892377367352354,0.4787587632141276,0.43641520658738814
1814,0.4589565411544025,0.5311237381549094,0.4504292459332091,0.42760470792313543,0.4489693806467899,0.4788780648261942,0.4365379287638542
1815,0.4589578046970332,0.5310893227951641,0.45047167261341137,0.4276423696471374,0.44900465762240566,0.4789880619611104,0.4366526962598078
1816,0.45896195024840647,0.5310527962170266,0.4505207571411539,0.42767840346719865,0.449055524243599,0.4790952778949906,0.4367677583988471
1817,0.4589764864253739,0.5310230670595514,0.4505732726954184,0.4277194413468986,0.4491085585602265,0.47920282822821936,0.43688858112485585
1818,0.45899667732040184,0.5309951773707782,0.45062677534507545,0.42776719518862355,0.44916451241899447,0.47931859137615207,0.4370100599864827
1819,0.4590208196393495,0.530965171006682,0.45068044024130904,0.42781280439642455,0.4492232457792603,0.4794310880632975,0.4371320661037393
1820,0.45903711813170317,0.5309318204913205,0.45073500739335237,0.42786100930005866,0.44928561815997714,0.4795354353385376,0.43725133213372835
1821,0.4590368602732927,0.5309119942492392,0.45078684712503214,0.42790036821946825,0.44934763186616544,0.479640638971717,0.4373637459598284
1822,0.4590349541175967,0.5308956120331073,0.4508398921320581,0.4279422700096022,0.44941657008816527,0.47974362872728377,0.43747681321152443
1823,0.4590391047510895,0.5308812813223978,0.4508955454293602,0.4279804597055681,0.44947760124383224,0.4798420700148439,0.4375824453395795
1824,0.45904343626133315,0.530862392557603,0.45095377396540404,0.4280251371309321,0.44953477170657336,0.47993423688492654,0.43770097974365696
1825,0.4590481569412573,0.5308432288136473,0.4510119483102633,0.4280585756108829,0.4495982568727638,0.48002854386086424,0.4378149467747283
1826,0.4590490651659511,0.5308215285820989,0.451082043499109,0.42809733589261534,0.44966801327073924,0.4801308405070618,0.4379275649781972
1827,0.4590479290295317,0.5308057357742497,0.45114357986377396,0.42812743257926444,0.4497346226377356,0.4802261714598872,0.4380341539529553
1828,0.4590486146772914,0.5307953554916408,0.4512084601307936,0.42817167824223396,0.4498037801084106,0.4803293896516479,0.43814007542281896
1829,0.4590500476830762,0.5307883861930647,0.4512840016183456,0.4282233223817188,0.4498859099529501,0.4804403271622081,0.43824681302029916
1830,0.45903622415355266,0.530762705266412,0.4513547147900101,0.4282675999932205,0.44995917831109444,0.48053420528942503,0.43835169162008547
1831,0.4590241001933909,0.5307329327273963,0.4514126608038195,0.428304696936235,0.4500228637022555,0.48061803502019196,0.43845514686088666
1832,0.4590201201101305,0.5307065476253746,0.45147165758459284,0.4283488561504842,0.4500853458071813,0.48069780215081526,0.4385539176835926
1833,0.45902719512726875,0.5306819172498555,0.4515306222951631,0.42839180374909125,0.45014180185210134,0.4807746268179488,0.4386466989327554
1834,0.4590441588692918,0.5306514349864921,0.4515885774241687,0.4284366255210452,0.45020122533746926,0.4808496290796782,0.43874343538742455
1835,0.45906009018516897,0.5306162301789816,0.4516415110616793,0.42848210742798754,0.45025940911783735,0.4809234143046092,0.4388406280728536
1836,0.45907212660380203,0.5305849763777146,0.45170063743252414,0.42853395754921697,0.45031690462560625,0.48099732098685755,0.43893656380445023
1837,0.45909117065310856,0.5305542593190222,0.45176340391333775,0.4285900408883426,0.45038516092338227,0.4810703906548097,0.43905439430356735
1838,0.4591161431532041,0.5305232367273905,0.45181982011456084,0.4286472785680117,0.45045290885261424,0.4811393670251623,0.43915969350080025
1839,0.459148376623316,0.5304877143128859,0.45187942138010884,0.4287080306192399,0.45052803312054834,0.4812041327053661,0.43926426156643633
1840,0.459178630134139,0.5304594608058035,0.4519422200103584,0.42876716554280725,0.45060868323997133,0.48126881666718535,0.4393613666761992
1841,0.459208220661674,0.5304285319039395,0.4520022095044146,0.42882054272890746,0.4506934899164799,0.48132251466930975,0.4394525028895444
1842,0.45924097704411027,0.5303948136795675,0.45206381328347056,0.4288854199742529,0.4507785163765411,0.4813822371400113,0.4395533113947533
1843,0.45927429255457275,0.530357748479962,0.45212342953658025,0.4289523058302788,0.4508607706393475,0.48143970614615644,0.43965534009326096
1844,0.4593123395457267,0.5303223767769427,0.4521980316492834,0.42902015401305266,0.4509465191093005,0.4814958118934697,0.43975778793424
1845,0.4593603474621467,0.5302906050208638,0.45227386693365046,0.429088079351758,0.45103669796892054,0.4815491457923223,0.4398575018494581
1846,0.4594171666722189,0.5302584217810656,0.4523516861256893,0.4291513248442701,0.45111395637602814,0.48162146069773026,0.43997186567217916
1847,0.4594561320896335,0.5302195269484715,0.4524215708227156,0.4292220278951315,0.45120101189781864,0.48169933051874086,0.4400848684092966
1848,0.4595003358331679,0.5301660376927754,0.45248813432599394,0.42928552048540175,0.4512888557313189,0.48177197940015637,0.44018904639020606
1849,0.4595465281936894,0.5301068600778207,0.4525483364957382,0.4293549575240583,0.45137892436567534,0.48184561637834183,0.4403007856978177
1850,0.4595980429333123,0.530048713767918,0.4526104566600302,0.42941792197862344,0.45147063615114746,0.4819247609904232,0.44041134644222224
1851,0.45965202465225896,0.5299959965818711,0.45267387633411704,0.42948072751585026,0.451558861495813,0.4820039702340694,0.44053012734118
1852,0.45970923901594973,0.5299434486717581,0.4527463917210174,0.429549080225675,0.4516548975477524,0.482086987254423,0.44064582715725936
1853,0.45977039807062364,0.5298876294895672,0.4528202986159364,0.42962349615571754,0.4517511308274152,0.4821636767393622,0.4407548307873649
1854,0.4598322892165044,0.529835819972427,0.45289303264196656,0.4297012478794941,0.45185937937699583,0.4822404069373972,0.4408625837384637
1855,0.4598932137997256,0.5297900814077978,0.45296936191185894,0.4297805562245721,0.45196250857006753,0.4823113956951093,0.4409795117760352
1856,0.459951655924072,0.5297435882357688,0.4530381382409077,0.4298539559883883,0.45205848692591866,0.48237559804339175,0.44108433352397514
1857,0.4599845514872422,0.529685822804019,0.45310517097497227,0.429912251563947,0.45215054071984406,0.4824338912754492,0.44117989936931723
1858,0.46002019102879554,0.5296230803576811,0.45317155931121655,0.42997988107439183,0.4522507820632139,0.48250189122209114,0.44127726355921093
1859,0.4600585200941644,0.5295603155841541,0.4532381354635898,0.43004630716258985,0.4523461488629762,0.4825691585508619,0.4413811932343621
1860,0.4600976987205522,0.529508359023327,0.453303944718037,0.430112143135389,0.4524495598889672,0.4826394954039806,0.4414829535563679
1861,0.46014227507380934,0.5294572932218136,0.45337279549801685,0.43018035604051985,0.45254941525172027,0.4827152995343503,0.44158580268826875
1862,0.46018082721907827,0.5294050773720546,0.4534382889503045,0.43024249846859297,0.4526458145446498,0.48278651956898927,0.44167407017740035
1863,0.46021126989510536,0.5293479726773737,0.4534926664357283,0.4303028835985737,0.452726629213753,0.4828486279916218,0.4417653098963893
1864,0.4602437510593017,0.5292988882912775,0.45355859421253963,0.4303629963711778,0.45280883837561703,0.48291363697736467,0.44184912282678124
1865,0.46027755568348994,0.5292490765930192,0.45362593382132516,0.43042427588227683,0.4529037749212625,0.4829868715507269,0.4419313604560542
1866,0.46031998364136195,0.5291987070623384,0.45369256519658263,0.4304993593322356,0.4529825847719245,0.4830574706130122,0.4420276725675157
1867,0.46036426384505236,0.5291556063020925,0.45377310235138024,0.4305656703076862,0.4530794538201359,0.48312677846552254,0.442145211492036
1868,0.460405747740486,0.5291084060954312,0.4538529620143434,0.4306399637363696,0.45317623335516843,0.48318882901896326,0.44226358964075063
1869,0.46045100180256,0.529058878318865,0.4539366868297095,0.43070803734863156,0.4532720431368461,0.48325335229011906,0.4423801246834905
1870,0.4604942966380171,0.5289989111089499,0.4540181733334553,0.43077273911104264,0.45335778041023983,0.48331898024526276,0.44248674100530766
1871,0.46053825498190815,0.5289407416136823,0.45409642525609994,0.43083999858611505,0.45344404410470174,0.48337662505760964,0.4425931434736211
1872,0.46057652067650173,0.5288787115352478,0.45417373607681333,0.4309054287331661,0.45353230872059414,0.483448274075614,0.4427017772112073
1873,0.4606222305437594,0.5288142308888795,0.45425586441874444,0.4309714081874737,0.4536174416413937,0.4835206437982915,0.4428028228821689
1874,0.46066689341413314,0.528741541731358,0.4543353591877379,0.431038514418732,0.4536990238734967,0.4835888408374308,0.4429000195669893
1875,0.4607055409759301,0.5286679822231122,0.45441468904211274,0.43111548831979213,0.4537812661038642,0.483659918826936,0.4429992947483233
1876,0.46075350276004184,0.5285876186704008,0.4544967202586845,0.4311980015059538,0.45385556054885035,0.48372549699965506,0.4431106334227878
1877,0.4607891928903497,0.5285091433012005,0.45457042414185767,0.43128042593934807,0.45392786625164805,0.4837968064321204,0.4432083596528017
1878,0.46082366808122543,0.5284290816129131,0.4546463610446165,0.43135398822911925,0.45399417875657466,0.4838640289829102,0.4433019598775917
1879,0.46085352334300395,0.5283571079758694,0.45472408702427014,0.43142347364143985,0.4540674623115164,0.48392301333351445,0.4434099401100581
1880,0.4608890614800572,0.528271149200686,0.4547985353321214,0.4314876044651747,0.45413936177039266,0.4839754341118729,0.44350592364526464
1881,0.4609307356921272,0.5281910587583478,0.4548708455453186,0.4315519864452623,0.45421883774228516,0.48402407232312505,0.443584151625765
1882,0.4609837149808464,0.528121783670485,0.4549358605769635,0.431617368115111,0.4542979265475611,0.48407246941008386,0.4436676799519773
1883,0.4610335280684875,0.5280461200363753,0.45500687851739074,0.4316811751087718,0.45437473850820825,0.4841164405447417,0.44374478926442745
1884,0.4610815626052209,0.5279654674603248,0.4550792453092568,0.4317451275413881,0.45445779911062517,0.4841669080249895,0.44381723124002714
1885,0.4611243874768026,0.5278728233017158,0.4551334572064971,0.43180139379364063,0.45452820622415996,0.4842040154647438,0.4438827599066551
1886,0.46116844218857145,0.527788093853021,0.45518802600198516,0.4318616762274699,0.4546072938423517,0.4842454403034166,0.4439497036900727
1887,0.4612303657983614,0.5277042224284871,0.45524236277082075,0.43192661206557725,0.4546862541084746,0.48428497495268574,0.4440146483910453
1888,0.46130121664600543,0.5276211078180968,0.4553019551226184,0.4319978806350657,0.4547676669366356,0.48431906355733945,0.44408198263894877
1889,0.46137162591462966,0.5275352703874826,0.45537304978990295,0.4320742255555906,0.4548549156582056,0.4843576377557174,0.4441505761961114
1890,0.46142722775316275,0.5274389102121609,0.45543532051112845,0.4321405666486989,0.4549287538715542,0.4843781424646262,0.4442136103977421
1891,0.4614877944374366,0.5273458115180881,0.45549005976710816,0.43220716024535155,0.45501195077686407,0.48439951729684,0.44427581403833727
1892,0.46154761368614644,0.5272438961671685,0.4555460166348596,0.43227874121847354,0.4550959413974488,0.48441994301000824,0.44433631062326323
1893,0.4616083757784485,0.52714283727944,0.45559761371756136,0.432351853513053,0.4551806223696298,0.4844432196754993,0.44439742899143225
1894,0.46167133842265506,0.5270378192993412,0.45565186602183905,0.4324147337426593,0.4552761265994275,0.48446737309816346,0.44445325266562763
1895,0.4617348840695329,0.5269247201082652,0.45571348395095146,0.43247749163283283,0.45536276043647517,0.48448820020388794,0.44450593897239044
1896,0.4618040018785189,0.5268176870253016,0.4557679830575455,0.4325459421202157,0.4554436055941638,0.48451027608291497,0.4445646893801922
1897,0.4618595559306078,0.5267029522115665,0.45581193319660296,0.4326099587561685,0.45551082541953714,0.48451838203944664,0.4446059869902676
1898,0.4619183968657343,0.5265949933050701,0.45585564124806066,0.4326766621403674,0.4555855887639435,0.48453002374943077,0.444642894394163
1899,0.4619830443464177,0.5264900348674659,0.4559067532126534,0.43275151945346674,0.4556627315495687,0.48454423633546695,0.44468605846408493
1900,0.4620551260119824,0.5263843042967535,0.4559593666277788,0.4328213936376839,0.4557405643635229,0.4845534308500724,0.4447182110426485
1901,0.4621293451602549,0.526282007947424,0.4560092568653255,0.4328950974311293,0.4558113883237322,0.48455720556031706,0.44474939419962567
1902,0.4622062052643849,0.5261742955484803,0.45605615117088166,0.43296493433161326,0.4558772376184669,0.48455708084646154,0.4448003544013675
1903,0.46228296500934735,0.5260638930833192,0.4561028186459547,0.4330400707499075,0.45595612708821703,0.4845539700445552,0.44487567337331874
1904,0.4623602901564011,0.5259397801723378,0.45614251037353704,0.43311208154020686,0.4560354238260449,0.4845547278082015,0.4449249120793823
1905,0.46243550862178334,0.5258102520266341,0.4561781207685812,0.43317774670347015,0.45612559995367885,0.48455818335010264,0.4449709454435665
1906,0.4625112893190616,0.52567996521347,0.45621728947301826,0.4332435617537911,0.45621499025017587,0.484549787311957,0.4450024406765939
1907,0.4625955086818334,0.5255575695409813,0.4562638940754125,0.43331477308305344,0.4563108642309072,0.4845505847039517,0.4450355045980123
1908,0.4626830988914546,0.5254305034605415,0.45631128978722246,0.433378888874544,0.4564091816250627,0.4845392464556425,0.44506035356875107
1909,0.4627730901983232,0.5252988895028897,0.4563537390971663,0.4334444523687681,0.4564965461174354,0.4845335131270363,0.4450764595008172
1910,0.46286379934388877,0.5251558850005844,0.4563944779234652,0.43350739607628447,0.4565756298621652,0.4845152621688583,0.44507905293742517
1911,0.4629746191246455,0.5250091046178025,0.4564448646070244,0.4335726829350664,0.4566528965783137,0.48450170431487427,0.44507487878156465
1912,0.46307927215396355,0.5248662150969275,0.45649650055266344,0.4336358679559935,0.45673448457761145,0.4844801051472321,0.4450690009324984
1913,0.4631766469535858,0.5247191661785576,0.4565543649471232,0.4337076195865303,0.45681630341239776,0.48445508691897887,0.44506488412523326
1914,0.46328571622367376,0.5245761567739005,0.45661075519649563,0.43378218294707516,0.4568990879569232,0.4844316551084856,0.4450513659301249
1915,0.4634074107996929,0.5244283065014446,0.4566646112984373,0.4338546977806021,0.4569819387099642,0.48441376257123236,0.44504281337359713
1916,0.4635342044384655,0.5242731852093983,0.45671711993679204,0.43393491603815326,0.4570654649459228,0.48439087928609503,0.4450254458076917
1917,0.46363561363756123,0.5241258329351617,0.45676073169574244,0.4340171823119183,0.45714522307812666,0.4843580923201383,0.4450065340296856
1918,0.46373855561708954,0.5239801040048568,0.4568016269802153,0.4341140443927037,0.4572283915902813,0.48432854862199043,0.44499245205928695
1919,0.46383656215569574,0.5238295994930964,0.45684285200863445,0.43418864492320147,0.45731210717701753,0.4843084770909904,0.4449848475160647
1920,0.4639342580152067,0.5236766794670813,0.4568819370450279,0.43427212988671826,0.457398823587153,0.48427611236706564,0.4449700575430137
1921,0.4640365524690854,0.5235152677826365,0.45691983191720453,0.43435013328204597,0.4574944159652493,0.4842572378809177,0.44495281939029463
1922,0.464145862820848,0.5233551031570899,0.456954652041786,0.43443014475544944,0.45757556418130674,0.484239026540301,0.44492358080907346
1923,0.4642582988193527,0.5231798716253491,0.45698339534175875,0.43450376696868476,0.4576512568189138,0.48420650305452845,0.44488793343391303
1924,0.4643780493044338,0.523007065525478,0.45701328272863495,0.43457439102594175,0.45772392211732366,0.48417557391656374,0.44486056280471165
1925,0.4644866786058537,0.5228273936896486,0.4570405191198099,0.43465264651838015,0.45779468726825245,0.48414518306725174,0.4448293686410656
1926,0.4646037176111849,0.5226561102966064,0.45706691150560985,0.43472859683765186,0.4578618710870167,0.48411258691168796,0.4447912993743584
1927,0.4647200775790621,0.5224891236625738,0.45708634071793197,0.43480798268703164,0.457931860690634,0.4840837929967668,0.4447417372678172
1928,0.4648351915192291,0.5223116941747626,0.45711095693590015,0.43488527448024367,0.45800533451372916,0.48404812787315654,0.44469877275801756
1929,0.46495369421651817,0.5221304532674076,0.45713404811282843,0.43497144104531493,0.45808240624356256,0.48400398084445795,0.44465118138760323
1930,0.46506992095776445,0.5219575153658103,0.45715526956515057,0.4350576817913613,0.45814778741530127,0.4839507860441098,0.4445912941826955
1931,0.4651899604435905,0.5217901197256924,0.4571815390513441,0.43515207829004465,0.4582255084047393,0.4838938342167459,0.444530855691908
1932,0.4653004541874239,0.5216207814832343,0.45720911270524545,0.43525011732615304,0.4583077825389842,0.48383518176841067,0.44446389445406076
1933,0.4654148727527221,0.5214574313388078,0.4572398673590822,0.4353543687310844,0.45839333166635354,0.48378410522031456,0.44439233477894824
1934,0.46551848875595114,0.5212729583227116,0.45725458841533684,0.43544583617824484,0.4584574978004854,0.48372965514082067,0.4443046901123117
1935,0.46562346935165533,0.5210833592655979,0.4572685462477463,0.4355488449322825,0.4585338114055607,0.4836723331293504,0.4442134085250161
1936,0.46573621228602835,0.5208976786486914,0.457290584093409,0.4356451555446864,0.458611138135265,0.4836178881836729,0.44411294301794985
1937,0.46585653712443137,0.5207234392155766,0.45731819565882176,0.43574933810704203,0.4586961791576686,0.48356315567284147,0.44401096913860616
1938,0.46598022723944493,0.5205555227528098,0.45735596073921386,0.4358620610300359,0.45878161358610586,0.48350570928083403,0.44390432489295406
1939,0.46610789657113927,0.5203865263031643,0.45739767491486844,0.4359795770329956,0.45886813502482376,0.48344364167137177,0.4437955315397704
1940,0.46623750324133856,0.5202088275489778,0.4574382744690485,0.43609342499055515,0.45895381034607874,0.4833789677316368,0.4436844937125174
1941,0.4663654955824371,0.5200232890245062,0.4574759807309213,0.43619677191405454,0.45903017213750896,0.48330116972479586,0.44356585643480867
1942,0.46650159951133385,0.5198386308388093,0.4575153305210534,0.43629608890460087,0.45910663594079937,0.4832333358198195,0.443441902292735
1943,0.46664222061196553,0.5196548179021702,0.4575520003507985,0.43639782691741436,0.45918553491481723,0.4831641802476604,0.4433171618273377
1944,0.46679100290172404,0.5194758089642532,0.4575879919009635,0.43649522824153014,0.4592647202028915,0.48309360443059923,0.44319672158655105
1945,0.46693485655709355,0.5192956484509577,0.4576235894388952,0.4365987563083348,0.4593443631045746,0.4830129672294371,0.4430672172708087
1946,0.46708218766486737,0.5191154464142735,0.45765880812569754,0.4366949163732719,0.45942082052065636,0.4829316844263952,0.4429344948835873
1947,0.46722934419622153,0.5189216588845682,0.45768482162580193,0.43677696257922644,0.45948548569224074,0.4828430257439897,0.4427870292556067
1948,0.4673836974640942,0.5187363799923328,0.4577099427962338,0.43686124084860395,0.45955948672035285,0.48275332393226594,0.4426380691256492
1949,0.4675422734783988,0.5185545001098236,0.45773531067735995,0.43694796115443274,0.4596225636383589,0.48266423245795725,0.442490823428734
1950,0.4677028524180155,0.5183849842978168,0.45776244548835976,0.4370525545172388,0.4596908213788491,0.48259183141380735,0.44234756135284997
1951,0.4678750636411045,0.5182142617445711,0.45778096482617603,0.43715872131314104,0.45976460181912654,0.4825179529618976,0.44220577288257595
1952,0.46805616296772634,0.5180548169674355,0.457815526613121,0.4372782931116038,0.4598477606435698,0.4824549915441333,0.44207407369815377
1953,0.46823366111321557,0.5179041034295425,0.4578555873034751,0.43740492653344754,0.4599345273963908,0.4823978156811496,0.4419424011825554
1954,0.46840838077602587,0.5177465368634087,0.4578926114285432,0.4375323838768326,0.4600264784209161,0.48233650166996533,0.4418103426315086
1955,0.46859369451016847,0.517595176663176,0.4579391993781508,0.43766271936183987,0.4601279923106224,0.48228882995034394,0.44168663190609275
1956,0.4687751955132099,0.5174426665822225,0.45798876592574667,0.43779658793394177,0.4602304971583851,0.4822397914824948,0.4415752821268681
1957,0.46894472742626353,0.5172963737561669,0.4580327762373136,0.4379329840607896,0.4603323825734586,0.48217841787754123,0.44147248837881153
1958,0.4691180509617444,0.5171469407533955,0.4580808029449256,0.4380796020076582,0.46043713249385776,0.4821174110913793,0.4413660204177983
1959,0.46928863212759586,0.516987200630085,0.4581321478061464,0.4382216093900285,0.46054308091050855,0.48205726627796386,0.441270964475078
1960,0.46947195054241153,0.5168467573473374,0.4581885834124163,0.43836292571649693,0.46064453237657743,0.4820134884073427,0.4411805509501573
1961,0.4696574012739977,0.5167025103187601,0.4582463954387954,0.43850397820940784,0.460749851469481,0.48196680928459745,0.44107115352322196
1962,0.4698401842959088,0.5165562281869409,0.458299890898245,0.43864607325559896,0.4608518742613378,0.48191412330096284,0.4409561721614083
1963,0.4700168114234547,0.5164180200721323,0.4583560617994443,0.4387923539541775,0.4609509904021213,0.48185237544832765,0.44083945661736373
1964,0.4701958885378369,0.5162845259745275,0.45841221014302536,0.4389447236158842,0.4610367741299813,0.4817951721462911,0.440724510266363
1965,0.47038640447150887,0.5161526007061051,0.45846020247707947,0.4390979162607855,0.46113162614715203,0.4817367805871921,0.4406150132298735
1966,0.4705812000070656,0.516028416946345,0.4585111196283095,0.43924648654856313,0.46122723502255836,0.4816812230453132,0.44049861732222045
1967,0.4707686397214064,0.5159088878383246,0.45855746067948405,0.4394027712490697,0.46132432515912125,0.4816297207069586,0.44039824348055207
1968,0.47095655256855107,0.515779408338968,0.45859667713311414,0.4395503504297279,0.4614150484009142,0.48156997726204914,0.44028441568975174
1969,0.471146068984873,0.5156477755109511,0.4586410698713081,0.4396969701745558,0.46150991213549863,0.4815046230715311,0.44017397634620004
1970,0.4713367946760795,0.5155315963288041,0.45869300105110133,0.4398517482880786,0.4616060721432472,0.48144359177475193,0.4400635389807001
1971,0.47154142454565234,0.5154259931095189,0.45874571323214236,0.4400012949125852,0.46169939072559946,0.48138874229011064,0.43995663272812013
1972,0.47176042540510493,0.5153087655499963,0.45879265591361085,0.44015321905730664,0.46178853659305064,0.481331717995012,0.43985009302256184
1973,0.47197848136204534,0.5151876154426689,0.45884738330943015,0.4403016739237785,0.4618802225449875,0.4812725257137009,0.43973258507752727
1974,0.4722013188177594,0.5150752651081746,0.45890835539318536,0.44046338252738887,0.46197982433990015,0.4812223138809742,0.43963203145839413
1975,0.47242330212639977,0.5149582640398055,0.45897459429269183,0.4406268656975076,0.4620948225892335,0.48118979276714596,0.4395182453859464
1976,0.4726611213735244,0.5148448509176873,0.45903596855455203,0.4407965156069743,0.46221258987621844,0.4811565403124325,0.4394158568098444
1977,0.4728911727843477,0.5147377940724988,0.45910459471985127,0.44097998853760173,0.4623237214481689,0.48111526650782954,0.4393016492412203
1978,0.4731291240240103,0.5146354213130875,0.4591748818243634,0.441168851184055,0.46244028830531425,0.48108269540061493,0.4392018276830325
1979,0.4733654497684093,0.514536176158953,0.45923795928309996,0.4413460841322633,0.46256221023293903,0.4810511487641227,0.4391020977128176
1980,0.47360242741856207,0.5144231031204264,0.4593013012421429,0.44152289585660026,0.4626771834618591,0.48101102634605974,0.43900253636077435
1981,0.47384978508524067,0.5143241780683983,0.45936039875862916,0.44169760716395895,0.46278865229291927,0.48097702973067696,0.4388992313070689
1982,0.4741025428645596,0.5142442243991002,0.4594366657221288,0.4418936146415108,0.4629146929872839,0.48095130841994427,0.4388108911267259
1983,0.4743446138820005,0.5141617562498185,0.45949649388821656,0.4420753905919031,0.46304330194585824,0.48092803561447584,0.4387267537056506
1984,0.4745774685430758,0.514078721916633,0.4595554280689709,0.44226724361758796,0.46317969524950353,0.48090119035038564,0.4386361909578646
1985,0.47480857883218264,0.514005350229283,0.4596267347019505,0.44245441258608975,0.46331907927565635,0.4808826622514991,0.4385514958073582
1986,0.4750470743663529,0.5139382583878832,0.4597032035769314,0.44264391960318283,0.46346591320422903,0.48086742263035276,0.43847450122067605
1987,0.47528651723572,0.5138732147235542,0.4597787737499008,0.4428332470552959,0.46360584718923026,0.48084336665971134,0.43840364633603707
1988,0.47551652269522304,0.5137960745000504,0.4598490242709813,0.4430157973152385,0.46373352019340863,0.4808198836146523,0.43831805532823076
1989,0.4757435051037803,0.5137215960249482,0.4599149800020739,0.4431969326292758,0.46386765560409265,0.4807953596886124,0.43823865808819756
1990,0.47596090169335287,0.5136395202116966,0.4599767348932627,0.4433683412525259,0.46399513324622477,0.48076151167670006,0.4381571120093815
1991,0.4761686734188208,0.5135494937656663,0.4600317451074071,0.4435381814371112,0.4641132458011142,0.48073058652813716,0.43808971767439503
1992,0.47637818718724867,0.5134551369711089,0.4600878463629664,0.443713458682919,0.46422051308013684,0.48070293016357724,0.4380279895082513
1993,0.47658715553953446,0.5133593306764996,0.46014050744425194,0.4438719857372811,0.46432097653620047,0.48067568848265774,0.43795719448221104
1994,0.47680561225775586,0.5132791601056337,0.4601922759787354,0.44403075379991525,0.46442723912001166,0.4806591386411595,0.437892507111707
1995,0.4770238341435033,0.5131979120305652,0.46023979346125515,0.44419241132717174,0.46452916151174345,0.4806446329908726,0.43783175545248837
1996,0.47726772778741544,0.5131512305801349,0.46031061050419375,0.4443769830944085,0.4646458778899364,0.48065874295571176,0.4377769067175953
1997,0.47750576897446245,0.5131087226042435,0.46037516272830326,0.4445651928722573,0.4647623333461664,0.4806732926572105,0.43772064247767367
1998,0.4777383087964946,0.5130627918866206,0.46044577631702455,0.4447435667503868,0.4648683761980414,0.4806836610911159,0.4376582273230826
1999,0.4779813556039631,0.5130311452790873,0.4605153590246724,0.4449224267996919,0.4649862825495286,0.480711072251066,0.43760597650243804
2000,0.47822199167183166,0.513000576290798,0.4605978493509527,0.4450903168092103,0.46510683976697287,0.4807297448794151,0.4375528719706625
2001,0.4784643587355394,0.5129811241339866,0.4606853021039571,0.44526788115909816,0.4652357647225932,0.4807424045707432,0.43750783168115764
2002,0.47870516990557366,0.5129550858696548,0.46076972144928,0.4454419910662587,0.46537026446647384,0.48073306231523283,0.43746339514733706
2003,0.4789391852019631,0.512928249403298,0.46084238082620255,0.4456018601577091,0.46549084366493093,0.4807134898789521,0.4374187934918785
2004,0.4791736271571237,0.5129187163892525,0.4609344429180771,0.44577642607127343,0.465623489920462,0.4806972713644052,0.4373977153764959
2005,0.4794070981008855,0.5129067761213311,0.46103152686157617,0.445949031202615,0.46574614863365527,0.48069065782056847,0.4373775950384283
2006,0.4796429907807724,0.5128854372247809,0.4611258565039936,0.44612121016117595,0.4658668016067601,0.480687691116599,0.4373559981851657
2007,0.47987711770523356,0.5128653309203226,0.46121956872568265,0.44628768374219385,0.46598229519629514,0.48068705944825363,0.43733730448201885
2008,0.4801184047655752,0.5128663006302866,0.4613199964536715,0.4464638094288841,0.4661103717985613,0.4807026255729404,0.4373312583503193
2009,0.4803635879864526,0.5128721764321357,0.4614209465009325,0.4466314466057342,0.4662314797142578,0.4807174323398759,0.4373127330181282
2010,0.4806073794820379,0.5128878974930939,0.4615298724394762,0.44679564651813874,0.4663642290603594,0.4807417666118723,0.4373075883849425
2011,0.4808543332575293,0.5128996444893154,0.4616386080296275,0.4469597288390902,0.4664902983774484,0.4807715184728196,0.43730261665192344
2012,0.4811064893720417,0.5129213056160137,0.4617511946847023,0.4471333899796287,0.46662415646780664,0.4808149205489637,0.43730542058930555
2013,0.4813617460860888,0.51292464566839,0.4618568871805257,0.44729423229887466,0.46675671601485363,0.4808547926240685,0.43730868358324787
2014,0.48162411026903706,0.5129319636265578,0.46197023978489565,0.44746086036736826,0.466899657795662,0.48090663105739867,0.43731649966095965
2015,0.4818520476539492,0.5129344321994795,0.4620705344426712,0.4476151300988261,0.4670242413773309,0.48094049227483904,0.43733469693678695
2016,0.48205822154506806,0.5129424755526729,0.46215850170725814,0.4477650607011693,0.4671319769014036,0.4809644037735909,0.43733836316272
2017,0.4822427267922175,0.5129456093038512,0.46224729437816636,0.4479093505777474,0.4672367803612345,0.48099300225410413,0.4373441258558398
2018,0.48242722817517264,0.5129592374688554,0.4623322128229713,0.448072403330163,0.46735156273108347,0.4810387084725429,0.43734203946599115
2019,0.48261234990982976,0.5129725618348444,0.46240467716086175,0.44821293259419026,0.46746732820532283,0.48108231884355684,0.43733474290099955
2020,0.4828087736409092,0.5129933530791199,0.4624744817004876,0.44836397482391915,0.46758217270096913,0.4811381097853348,0.437332353447257
2021,0.4829985334417121,0.5130077803295823,0.4625342885827174,0.4485053547434825,0.4676978827107646,0.48118899025250367,0.4373324866421594
2022,0.483196402769964,0.5130361147643762,0.4626001674638413,0.4486521669326019,0.46782235149092183,0.48126015616259765,0.4373390128094937
2023,0.48337711780605186,0.5130502679665108,0.4626571081684516,0.44879889757752894,0.4679520429580374,0.48130208846144207,0.4373386092300833
2024,0.48356060146095015,0.5130723165961085,0.4627146739452968,0.4489470785039866,0.46806340787898054,0.48133381891407084,0.4373423254283736
2025,0.4837301824351177,0.5130929637995171,0.46276590047002825,0.4490940577069491,0.4681751587004236,0.48135447271356985,0.43733872574591903
2026,0.4839058866856082,0.5131185935821294,0.4628173809651305,0.4492246644083515,0.46829570728901704,0.4813567097314918,0.4373387697362647
2027,0.48407735388714623,0.5131443822778496,0.462865301791281,0.44934265801808,0.46841133060253926,0.48136675956342245,0.4373272019153075
2028,0.4842485454679048,0.5131730071255179,0.46291747423468677,0.4494592503972531,0.46853711485458904,0.48136798722643376,0.43731553890836716
2029,0.4844174277257326,0.5132065819445406,0.46296067342647246,0.44956123299288775,0.4686641383810966,0.48136885740298985,0.43729118189465926
2030,0.48458666485204016,0.5132171634040313,0.46299647755331597,0.44965297026989004,0.46878253926595664,0.4813736957118011,0.4372697753009044
2031,0.4847514758477943,0.5132422370875321,0.463026637162951,0.44975025401404045,0.4688951765887904,0.4813820859158959,0.43725239015369344
2032,0.4849142903044853,0.5132749526494284,0.4630596856765471,0.44985714210683847,0.46900867619178427,0.4814044275224064,0.4372434556526207
2033,0.48505361422499,0.5133081015465227,0.4630864387609465,0.44995181326662265,0.4691034827583895,0.48143567383913943,0.43723102237638106
2034,0.4851900915230458,0.5133524218508954,0.4631024503849853,0.45004772375236274,0.46918844666502346,0.48145626173919026,0.43720260337560646
2035,0.48533260535307515,0.5133939628146715,0.46310687328019295,0.4501424353679052,0.46927187947017374,0.4814624687505509,0.43717033256978377
2036,0.48547979051801626,0.5134480300876023,0.46312119299903226,0.4502411256175896,0.46936983819074074,0.48147537737056983,0.4371475917055365
2037,0.4856345811629369,0.5135016115637552,0.46312092889014567,0.450334433080648,0.4694595976885715,0.4814912364426377,0.43712170555880847
2038,0.4857714450582944,0.5135601291956162,0.46312464284763327,0.45042738276451183,0.469556100911302,0.4815086553005982,0.4370892870950735
2039,0.4858887821143504,0.5136208170691619,0.4631004123963513,0.4505103076085808,0.4696457118768125,0.4815249866720568,0.43704488564042887
2040,0.4860035763289233,0.5136801718864996,0.46306505851926827,0.45059240482710183,0.4697352210816699,0.4815468733393079,0.4369934751499627
2041,0.4861185003830652,0.5137392916135735,0.46301385316003724,0.45066956742705466,0.4698353815442016,0.48156953196499563,0.43693648147331937
2042,0.48623202069577315,0.5137930692382267,0.4629628887867899,0.45075463276094363,0.46993032030372006,0.48160170438417504,0.4368724678791732
2043,0.4863302401272723,0.5138270531422158,0.4629033171073229,0.45081359763385376,0.47001788828250907,0.4816229937833173,0.43680610269068676
2044,0.48642699875053663,0.5138605805069804,0.462834013702745,0.45085546530213605,0.47010206974970925,0.4816373091766885,0.4367263261910841
2045,0.4864940615832018,0.5139054294576434,0.46275608521779493,0.4508882999334066,0.4701668493268677,0.48163667760185,0.4366461972773622
2046,0.48656037412309255,0.5139475408166502,0.4626604347944895,0.45092399019491636,0.47022881559052027,0.4816274215563535,0.43655421485074514
2047,0.48662096324826754,0.5139928207182171,0.46256673698449735,0.4509618680054105,0.4703000899994133,0.48161708237999334,0.4364625017592072
2048,0.4866909502823578,0.5140384001316816,0.46247809417277974,0.45100335430205407,0.4703669206726123,0.48161007715510173,0.43637423354998994
2049,0.48678032937564664,0.514085900903474,0.462388719668157,0.45104838885128434,0.47044933747312034,0.48161634036418005,0.43628638802310826
2050,0.4868685841394669,0.5141185502437036,0.46228250425237977,0.45107910412319036,0.47053066722306325,0.48160384378288495,0.4361859835512921
2051,0.4869551471427644,0.5141493089883914,0.4621765059754937,0.45112557816903437,0.47061635289296666,0.4815897725361963,0.43608661722504893
2052,0.4870180000461416,0.5141726102203694,0.46206228101397234,0.4511631054563459,0.47071066810542,0.4815768398236703,0.4359749962522697
2053,0.4870619731835043,0.5142009683242408,0.4619438095550688,0.4512014935079988,0.4707957118204159,0.48157029654933414,0.4358495557552228
2054,0.48710729135919983,0.5142057577259691,0.46181309977428137,0.4512123906691662,0.4708643740825652,0.48156412516148117,0.43569137307374933
2055,0.4871666882373013,0.5142295520703796,0.4616855588090753,0.4512232232767811,0.4709232432201473,0.481548208069857,0.4355324372040945
2056,0.4872217256223035,0.5142461255577991,0.46155606807570926,0.4512365463487907,0.47096792875760884,0.48152962817530653,0.435373389379104
2057,0.4872788120040399,0.5142668597377998,0.46141572708037426,0.45126272728156547,0.47101252237128044,0.4815093917958852,0.4352122541723887
2058,0.4873126424379001,0.5142889482732793,0.4612706991240831,0.45127305703635195,0.47103898123331883,0.48149186199953214,0.4350414256251158
2059,0.48735613479368756,0.5143156627146436,0.4611129008467906,0.4512900058033596,0.47106909404997205,0.48147191125471994,0.4348407304040293
2060,0.48739999919126087,0.5143503289767428,0.4609515190365844,0.45130402614929943,0.47111308886964814,0.48146291578266914,0.43463892223085515
2061,0.48744771988091895,0.5143997871976508,0.46078731005925916,0.4513162545076246,0.47116862841256657,0.4814535111700281,0.43443931596161356
2062,0.4874636024707833,0.5144456463616306,0.4606178171705989,0.4513300647357038,0.47123011004822396,0.48143953617223295,0.4342366147333473
2063,0.48748704299651624,0.5144854168591775,0.460434300748607,0.4513518657190053,0.47128889181372624,0.48142804341844514,0.4340108985572301
2064,0.48753174249052667,0.5145149020959046,0.4602328209163473,0.4513654650716991,0.4713475433637687,0.4814012485774078,0.43377727911853264
2065,0.48755142369144766,0.5145501271635219,0.4600288822373625,0.45137654721798653,0.4714007532200708,0.48137896949033665,0.43354726344052413
2066,0.48756171127382897,0.5145813621394296,0.4598166630383346,0.4513776577887601,0.4714617889476756,0.48135848988211166,0.433316830379112
2067,0.4875555564072617,0.5146254544668831,0.4596066153512751,0.45138570309475823,0.47153273030316506,0.4813501610872192,0.4330909399081591
2068,0.4875722258933557,0.5146666689315411,0.45940487292048304,0.451409846311999,0.4715882685971149,0.48135664179385723,0.4328709974700651
2069,0.4876006311324468,0.5147063292738296,0.45920300825742366,0.45141650912345777,0.47164413297622365,0.48136884371725375,0.43263985010922684
2070,0.4876471665166611,0.5147557053987875,0.45899212324919586,0.4514476263507169,0.4717057691686602,0.4813699309967315,0.4323961060076103
2071,0.4876951120376235,0.5148213011687792,0.4587823420517082,0.4514794675013133,0.47177699386783356,0.4813740279376499,0.43215838621557634
2072,0.48774950556729646,0.5149023042613725,0.4585679225136037,0.4515191594538817,0.471854279584503,0.48136733728814196,0.43191639230305306
2073,0.48781842935318454,0.5149856418866948,0.4583534866814986,0.45157121258928645,0.47193612134672785,0.4813610873757367,0.43167570419977225
2074,0.4879047727225238,0.5150847855835532,0.45814632396402966,0.451637775394766,0.47203533493228084,0.48137055662916894,0.4314416426378692
2075,0.4879844561842626,0.5151974774658049,0.4579197943549064,0.45171311634157235,0.4721383636953519,0.4813877202267136,0.43119509135464124
2076,0.4880789186193765,0.5153342318064533,0.45770900848211615,0.45179377674465326,0.47224259463763757,0.48141938911899074,0.4309460403515679
2077,0.4881841468576626,0.5154780206605024,0.4574948244913073,0.4518724681372642,0.4723507592138875,0.4814591418985098,0.43069959811204794
2078,0.48831208773421964,0.5156403404099505,0.4572775997740196,0.4519741677570881,0.47247910813991867,0.48151573595288016,0.43045270048081247
2079,0.4884527923483278,0.5158172810824515,0.4570590699404565,0.4520895766471987,0.4726188820380969,0.4815838899097119,0.43019671368546736
2080,0.4886104917753231,0.5160101624193356,0.45684176120966746,0.452214757599279,0.47276107042882415,0.4816601597753336,0.4299369623105231
2081,0.4887828637460573,0.5162113294785888,0.45661958873174335,0.452354431549165,0.47292877584413306,0.4817546039946408,0.42968696225341496
2082,0.4889558712215038,0.5164322250363026,0.4564006899136864,0.4525104180778836,0.4731038588607789,0.481855862851676,0.42944623000973053
2083,0.48914870774571345,0.5166723732926343,0.4561841587430885,0.45266931537468214,0.47328766707697056,0.4819699064041111,0.429201716130604
2084,0.4893576317550026,0.5169207957815538,0.45596556470494687,0.4528321435647874,0.4734823491638929,0.48208261552652737,0.42895959115167237
2085,0.4895889585007123,0.5172044739057859,0.45575677546256993,0.453021063913725,0.4737061583479939,0.48220860758565703,0.4287329735955831
2086,0.4898355950486682,0.5175080472118901,0.4555438702437679,0.45322119287300955,0.47394210191847475,0.4823540286028985,0.42850969228423813
2087,0.49009222774200734,0.5178300878107678,0.45532544080087256,0.4534308971179595,0.47418605411034687,0.48250992059522657,0.42829589872280316
2088,0.49036503031139445,0.5181598544700383,0.45511474028687804,0.4536600144032133,0.47444136676178017,0.48267527076762057,0.428085974095068
2089,0.4906534441984916,0.5184982659827287,0.4549083133172804,0.4539002064681106,0.47471439485597566,0.4828540980146891,0.42787767400798893
2090,0.4909504314863963,0.5188588811121081,0.45470212829602996,0.45415153774416384,0.47500940532730296,0.4830491520036569,0.4276729211949496
2091,0.49126449217879725,0.5192450394999575,0.45450250051662966,0.4544287814574587,0.47532266327213557,0.4832520925501259,0.4274719636079987
2092,0.4916079443881068,0.5196570953191673,0.4543137836092045,0.4547335312945309,0.4756651805374973,0.4834813257014695,0.4272868721776071
2093,0.4919600117431712,0.5200858383849953,0.4541324479244473,0.4550516059403044,0.4760199977926648,0.4837175074234472,0.42710139371238454
2094,0.49233371396211423,0.5205317161246432,0.45395977388006215,0.45539646984676396,0.4763961925725759,0.48396825156268086,0.4269227594072852
2095,0.492708201483098,0.5209920778871873,0.4538074258181039,0.45576229477031605,0.47677547901929973,0.48422963069715064,0.42674914667604275
2096,0.49311791898740126,0.521461363062694,0.45366152195188725,0.45614454584413994,0.47717990065714944,0.4845050926028046,0.4265815462324434
2097,0.4935390215643113,0.5219466714069191,0.45351918633017857,0.45654393111326963,0.4776147813212341,0.4847947397552499,0.4264199729026751
2098,0.49399330519443774,0.5224702517141857,0.4534035768155166,0.4569826353615426,0.47807625407875165,0.4851132185454204,0.42627650953987606
2099,0.4944648881342902,0.5230125600659299,0.45328562175663495,0.45743955902062294,0.4785525891635144,0.48545417428588794,0.42613277872046773
2100,0.49494602298982693,0.5235696387427786,0.453171008936193,0.4579207482546318,0.47904459592143167,0.48581396976628666,0.4259914973077198
2101,0.49543429757399504,0.5241345617938075,0.453061395457229,0.4584134955870569,0.4795475267082835,0.48618230086931485,0.42586562928032523
2102,0.4959506541780347,0.5247252894346144,0.4529773562204973,0.45892897894554424,0.4800657952131468,0.48656249113900396,0.4257588469265399
2103,0.4964732005138872,0.5253235795433452,0.4529001969742901,0.4594566228778776,0.48060587766973895,0.48694579544585004,0.42565431414623467
2104,0.4970131791270377,0.5259349453112265,0.4528294924652515,0.459993199901107,0.48116483907108626,0.48733593422075006,0.42554848732402634
2105,0.4975754994733796,0.5265675524643675,0.45276372313792485,0.46054795799462644,0.4817483248713385,0.48774040695413073,0.4254576638352239
2106,0.49813666481435703,0.5272227076960364,0.452701629962523,0.4611192472268435,0.48233813275630927,0.4881457200691811,0.4253658685829952
2107,0.4986997151667632,0.5278795143059546,0.4526461592524872,0.4617163998184444,0.48293657656807537,0.48855937060128635,0.42527425014105563
2108,0.499308403683788,0.5285397613546234,0.45259387526782724,0.4623464298117005,0.48356712626078513,0.4890033993866096,0.4251778789604101
2109,0.49992651139234745,0.5292217402568836,0.4525405593269246,0.4629912308874812,0.4842173745349726,0.4894571669366101,0.42508363794588827
2110,0.5005606569356402,0.5299283658934689,0.4524968169201573,0.4636618713897766,0.4848762611083182,0.48993217975653575,0.4250016768509372
2111,0.5012027623300149,0.5306506227717759,0.45244702352065025,0.4643487137293766,0.4855640158635272,0.4904131479719869,0.42492663406309567
2112,0.5018504013821081,0.5313890766496433,0.45240082251754166,0.46505350617881974,0.4862515932979695,0.49090992232997577,0.4248534969678506
2113,0.5025301373311183,0.5321491512265449,0.4523593235811717,0.46576274864517997,0.4869490327175824,0.4914150561436286,0.42479230897100206
2114,0.503246420480676,0.5329243710569991,0.4523163782519203,0.4664844234349722,0.4876675681412719,0.49193096853776835,0.4247385491951066
2115,0.5039620993665958,0.533697509374928,0.4522775815486749,0.4672087654062955,0.4884008534442109,0.4924537041207124,0.4246903456952932
2116,0.5046700070378054,0.5344845373390014,0.45225522692100817,0.46793814011087553,0.48914121622139206,0.49299016820708574,0.4246490575388611
2117,0.505395244016493,0.5352850758938099,0.45224792304932676,0.46869891444639195,0.4899136829741154,0.49356103975011906,0.42463974536274796
2118,0.5061485280120266,0.5360894929704381,0.4522511443120429,0.4694619826640808,0.4906939332094269,0.4941285345840253,0.4246178519309113
2119,0.5069062804219019,0.5369005939294043,0.45227643314961413,0.47026406065013654,0.4914781756809458,0.4947102879135768,0.42460819215930634
2120,0.5076715400843103,0.5377063876901723,0.45230047419866654,0.47107049574251025,0.49225752851375637,0.49529783406328287,0.42460996741496004
2121,0.508434803820778,0.538508262673611,0.4523238390592814,0.4718785882771453,0.49303427442462694,0.49587975253990935,0.4246128709413502
2122,0.5091990807970271,0.5393244754345273,0.45234331777366715,0.4726993855135433,0.49382999951695916,0.49646575371892576,0.42461931543127396
2123,0.509954404789848,0.5401328471509274,0.45237784174148643,0.47352448107938,0.49463766330614234,0.4970507102630459,0.42462524610638025
2124,0.5107062562462337,0.540933305553037,0.4524180810095541,0.47434982254055846,0.4954509500932295,0.4976379348144002,0.4246543600485637
2125,0.5114372918765293,0.541733667707421,0.45244302694643235,0.4751686920355249,0.4962478050300832,0.4982178083671224,0.4246771198911727
2126,0.5121574824332297,0.5425315390595179,0.45247860149300845,0.4759820296727765,0.49704725392672183,0.4987812999804883,0.4247016328123747
2127,0.5128834046959021,0.5433326613519668,0.4525241507103024,0.4768057569994326,0.4978316204824506,0.4993499545547098,0.42472810875840833
2128,0.5136094435435627,0.544125112141398,0.45257305193368935,0.4776133276106128,0.4986140058194037,0.4999189376092561,0.42476374359649904
2129,0.5143225845663794,0.5448953904388419,0.4526312528066546,0.47840788438771353,0.4993891590085059,0.5004745917734963,0.42479573312267505
2130,0.5150416141033499,0.5456484363844152,0.4526885079535754,0.4792049728045423,0.5001695548698639,0.5010160639114147,0.4248267704509626
2131,0.5157616036754904,0.5463926297837629,0.4527473227703453,0.4799936267323105,0.5009293506313535,0.5015594635623679,0.42486253939413415
2132,0.5164835747970329,0.5471250032819316,0.4528019898890488,0.48079466185967734,0.5016805536742146,0.5020974091837426,0.4249106067186186
2133,0.5171857752108547,0.5478443220358052,0.45284805207186557,0.4815715670846975,0.5024283386958237,0.5026153943748237,0.4249556419074666
2134,0.5178897115351833,0.5485524483427161,0.4529109550779712,0.4823370569130095,0.5031604727739063,0.5031222288780912,0.42500316963376383
2135,0.5185935677375155,0.5492487680029023,0.45296934251455906,0.48309281129079207,0.503869916606426,0.503621977377941,0.42506691753278486
2136,0.5192767631760214,0.5499287559520859,0.453016494764184,0.4838635601865667,0.5045639197595335,0.5041044903707933,0.4251259409404673
2137,0.5199396424785513,0.5505803658446172,0.4530572839991863,0.4846059240082482,0.5052265712746945,0.504578370412422,0.42517756208466917
2138,0.5205828235592344,0.551199324632129,0.45309155915683796,0.48532847470892015,0.5058827524664732,0.5050345385408486,0.4252267289915424
2139,0.5212061832465145,0.5518090759084358,0.4531259504105322,0.4860428697460524,0.5065369307696512,0.5054698310253996,0.4252765246259834
2140,0.5217980600376644,0.5523903657710153,0.45316831296914223,0.48673305610771045,0.5071621929939543,0.5058781500685164,0.42532284338306353
2141,0.522373916095168,0.5529766821688402,0.45321207877779024,0.48740318649293685,0.5077614843146993,0.5062909088683433,0.42536090200298177
2142,0.5229554848709747,0.553542030577966,0.4532651731365678,0.48804984754696046,0.508351294772847,0.506687074858809,0.42539273549950735
2143,0.5235061234687175,0.5540830760225937,0.45332250971325294,0.4886783227577691,0.5089365510801611,0.5070559776229573,0.42541881239769025
2144,0.5240440721997317,0.554605288483151,0.45337767196569156,0.4892940060513654,0.5095008278425901,0.5074017964568454,0.42544496997328496
2145,0.5245609886589528,0.5551158298840659,0.45343824277847294,0.48988341869031543,0.5100399522230739,0.507724248344109,0.42546287779388114
2146,0.5250440638357423,0.5555917260146108,0.4534892655112981,0.49045146269654055,0.5105495228585093,0.5080219731067024,0.425478320828645
2147,0.5254966354940104,0.5560296736017813,0.4535364060038102,0.49100071184478755,0.5110387493182271,0.5083111457391751,0.42550812979995023
2148,0.5259106664631793,0.5564194936570657,0.4535700446584183,0.4915012836005947,0.5114842904290797,0.5085570627060948,0.4255261091715446
2149,0.526314642328416,0.5567845264451956,0.45359963304143563,0.491985694375206,0.5119174256164184,0.5087896088460969,0.42554824262257407
2150,0.5266928533219355,0.5571110809959652,0.45363475566152356,0.4924609451529622,0.5123271397757685,0.5089878390091976,0.4255784322156796
2151,0.5270531034176088,0.5574002391940478,0.45364925117088734,0.49289417646898254,0.5127140666149028,0.5091488548969412,0.42559185053923976
2152,0.5273720220277985,0.5576492958091577,0.4536559348346819,0.4932982058270351,0.5130577599215845,0.5092848244599785,0.4256030222584841
2153,0.5276692299475135,0.5578668041328705,0.4536578538354409,0.4936731268098312,0.5133728641392772,0.5094123386549863,0.4256104902150214
2154,0.5279362955809312,0.5580596445465785,0.45365691562643845,0.49403109546058516,0.5136694373293664,0.5095163183843057,0.42561448114669015
2155,0.528195272661063,0.5582301259671466,0.45364848779323086,0.4943597769519439,0.5139341136296306,0.5096193125841568,0.42561433710230023
2156,0.5284160650354549,0.5583615397173447,0.45362313186075714,0.49463778454361185,0.5141496946171649,0.5096854311738074,0.4256018498143884
2157,0.5285975822605996,0.5584719113403303,0.4536011985724585,0.4948891671772889,0.5143486256491994,0.5097428299694238,0.4255881419406678
2158,0.528731094181781,0.5585308299378883,0.45357110667987743,0.4950894687531626,0.5144965832989634,0.5097510676003479,0.42557026063787556
2159,0.528840244216395,0.5585575242776851,0.4535299752246704,0.49527203848964046,0.5146191165301095,0.5097279051701251,0.42554539970885674
2160,0.5289159654823757,0.558538945378478,0.45348763324713237,0.49543964129316287,0.5147039076931657,0.5096862344344967,0.42552280353107086
2161,0.5289511083178706,0.5584684998481695,0.4534249311566459,0.49556324152661047,0.5147438057579301,0.5095997342999503,0.42547573334215594
2162,0.5289320590450435,0.5583499060157644,0.45334821803164715,0.49564481080641415,0.5147590336734316,0.5094669509846625,0.4254156016303267
2163,0.5286537266261957,0.5579499970682943,0.4530627797013107,0.49547896280040915,0.5145335491557178,0.5090954660835949,0.42517105873517513
2164,0.5283672867929641,0.5575550843431059,0.452797278413259,0.49530730740248535,0.5142837912810756,0.5087292072919379,0.42494346409289496
2165,0.5279849777247358,0.557072108455893,0.4524812157745341,0.4950560086257164,0.5139423167160985,0.5082848657470687,0.42466962847393547
2166,0.5275984301987297,0.556564191029663,0.4521677903778255,0.49478913269359,0.5135941700461444,0.5078349060114963,0.42439294085217816
2167,0.5271696277904081,0.5559894689242562,0.4518389724125954,0.494462352999917,0.5131933665135759,0.5073298225689662,0.42409565359830914
2168,0.526747528454574,0.5554130036627998,0.4515228977458922,0.49412526451719535,0.5127912262088367,0.5068273207634219,0.423811689433877
2169,0.5263031987606427,0.5548049069816792,0.4512029888902556,0.4937551926879089,0.5123481835208802,0.5063012390670701,0.423525987626436
2170,0.5257941310447187,0.554143050921972,0.4508689079905424,0.4933398166429356,0.5118544947806187,0.5057217305672169,0.4232243929315798
2171,0.5252592359684869,0.5534557937676512,0.45053907374501245,0.492900589430067,0.5113442999227286,0.5051288366416781,0.42292740085302805
2172,0.5247000668590662,0.5527540520023596,0.4502030345689477,0.49244073389761683,0.510796984800236,0.5045185760621022,0.42262467713203833
2173,0.524111421511629,0.5520171457472989,0.44986372465251,0.4919410013488128,0.5102174944766568,0.5038754324488723,0.4223214116725621
2174,0.5235067570856324,0.5512530445418641,0.44952024367129484,0.491418097584016,0.509587788962063,0.5032073067522249,0.4220130104020722
2175,0.5228629533548497,0.5504519459973604,0.4491644570523552,0.4908486087275573,0.5089433136294085,0.5025054978289543,0.42168738524355504
2176,0.5222078039413779,0.5496245524186187,0.44881133732977585,0.49025638145187667,0.5082720224575386,0.5017922177847505,0.42137308758659353
2177,0.5215134289760244,0.5487590013894321,0.44844451586848877,0.48962875883299783,0.5075629773138151,0.5010639015777708,0.42104988761967094
2178,0.5208028289719399,0.5478780492296758,0.4480824983207283,0.4889960630991239,0.5068371167121108,0.5003241254752944,0.42073295013588774
2179,0.5200563424691241,0.5469691952060144,0.44770489219818754,0.4883324137436845,0.5060695744949665,0.4995610643492531,0.420409743797226
2180,0.5192950741125797,0.5460439305749539,0.44733489558876827,0.48765522361629704,0.5052808589795951,0.4987906967864399,0.4201020947432175
2181,0.5185000531748243,0.5451017162314242,0.44695838797294307,0.4869558653928106,0.5044624238439311,0.4979922420871065,0.4197785827496543
2182,0.5176539907144837,0.5441103382275119,0.44655672545054337,0.4862053448950336,0.5036029411881177,0.4971575335887093,0.41943534224960377
2183,0.5167961303494206,0.5430992980588518,0.44616360491398943,0.48543425727164546,0.5027462422074216,0.49631069777604864,0.41909883071485704
2184,0.5159340267262833,0.5420636426532213,0.4457687900058219,0.4846486313615264,0.5018814385726124,0.4954389216217078,0.41876540685972713
2185,0.5150576250863805,0.5409928020577427,0.4453676665044098,0.48383708396733727,0.5010058334037908,0.49455653722472226,0.41845996894078547
2186,0.5141814892558352,0.5399246227415778,0.4449886818165073,0.48302432604226553,0.5001398021682602,0.4937045102064461,0.41817659001414614
2187,0.5132714178015447,0.538837162300651,0.44459869069811725,0.48217679551846465,0.49923397489349697,0.4928370274147492,0.41788525790012904
2188,0.512331307920068,0.5377224966040137,0.44421635968022277,0.48130962204237837,0.4983125486730765,0.49195646070591986,0.41758629523671253
2189,0.5113708769669234,0.5365893168366453,0.4438330288619031,0.48041455551693213,0.4973670011532336,0.4910682282038198,0.4172945900686589
2190,0.5104436166262887,0.5354689830009971,0.4434894279135051,0.479529953170539,0.4964407657841047,0.4901984358089487,0.41702910952350714
2191,0.5094965529898078,0.5343275606850997,0.443152762175077,0.4786192814073357,0.49549502722880856,0.4893085314344935,0.41676200489061477
2192,0.5085433480312253,0.5331763137727604,0.44283060423611326,0.47770065773950854,0.4945374299404957,0.4884173614666881,0.4165031377835944
2193,0.507600001846657,0.5320344548551181,0.44251408879893706,0.47677228498968444,0.4935707933438471,0.4875168755261775,0.4162594345310039
2194,0.5066742522856998,0.5309185956203842,0.44222478878961197,0.47586659019660627,0.49261832473193257,0.48663189743868507,0.41603124719045737
2195,0.5057580076096129,0.5298176550464219,0.4419629195798572,0.4749806579472904,0.49167081949524916,0.4857575774308989,0.4158252668925416
2196,0.5048613791248928,0.5286968230793916,0.4417072484335799,0.4740916324589464,0.4907189092727502,0.4848842468966671,0.4156219913985447
2197,0.5039560730350376,0.5275731519750155,0.44147390211592563,0.47319499210689075,0.4897764004747637,0.48401823387109555,0.41543149358545284
2198,0.5030519906844615,0.5264443998304676,0.44124354557176415,0.4722823440222115,0.4888249012899716,0.4831556082909403,0.4152472778501541
2199,0.5021709668851595,0.5253284280695258,0.4410446303049625,0.47138819365403845,0.48789092380965454,0.48231385816850575,0.4150852649091893
2200,0.5012903757555212,0.5242340847998904,0.44086823709757417,0.47050470824467217,0.48696089565555606,0.48148468934466565,0.4149507790964438
2201,0.5004195199173215,0.5231436641820773,0.44071063040217107,0.4696243478922198,0.4860340831223433,0.4806705227211318,0.4148249291003805
2202,0.49954626042719397,0.5220710696895057,0.4405637047953591,0.46874226839797045,0.4851042874009382,0.479870419421718,0.4147189965234788
2203,0.4987002118911155,0.5210090990668812,0.4404367861546111,0.4678650778673884,0.48418000216589946,0.4790757744610003,0.41463292978255356
2204,0.49789094730569217,0.5199745668845702,0.44034399295047244,0.4670065803301034,0.4832889078474415,0.4783155378618916,0.4145813770688457
2205,0.497094069410433,0.5189799648435026,0.44026780803355176,0.46617277700940357,0.4824115299715581,0.47757092332211626,0.41454297394737905
2206,0.4963104232561547,0.5179981263008029,0.4402196567632977,0.46536641484358,0.4815693116481337,0.4768599302544649,0.4145353713184214
2207,0.4955105493151876,0.5170078763659045,0.4401647623626035,0.46453791678484857,0.48070573974191444,0.47612927013714135,0.4145096041499318
2208,0.49469928504350963,0.516021599387618,0.44011408863115653,0.4637024949142094,0.4798278320702355,0.475397081101543,0.41449248633104335
2209,0.49392914738513943,0.515054106625503,0.44008718293446786,0.4628953040270902,0.47898391646512833,0.47468724516187083,0.4145012595236393
2210,0.49317483954733643,0.514113227365583,0.4400956529105266,0.46209545148391207,0.47816404480492103,0.47400780529134207,0.4145605513248424
2211,0.4924566660314122,0.5132050895642459,0.4401393621791517,0.4613375399755684,0.47737327032132343,0.47336342196039494,0.4146534844569912
2212,0.49178061043368393,0.5123285192345193,0.4402202974671324,0.46061750701870163,0.47660988056580206,0.4727536672936677,0.4147836703098829
2213,0.491143080184128,0.5114829414782807,0.4403198116811929,0.4599113613177515,0.4758669204429358,0.47217032970543443,0.41493306984292816
2214,0.49051604574472707,0.5106545540893619,0.44045035729471704,0.45921317861590244,0.47514095221216557,0.47160540682386093,0.41511389479624883
2215,0.48989513870678864,0.5098439250623142,0.4405899485210588,0.4585207971414921,0.47441749628228014,0.4710685306395388,0.41531116357751596
2216,0.4893203029875197,0.5090675908813813,0.4407672714316502,0.4578618003165967,0.47373962426492344,0.4705641377822043,0.41553504530534013
2217,0.4887737604498025,0.5083273533780559,0.4409769143687649,0.45723697537010066,0.47307881095997145,0.47009312705372314,0.4157811337067657
2218,0.48828389606345474,0.5076296690386156,0.44122416036806217,0.4566431120548862,0.47247395767698697,0.469656367834051,0.4160614205431278
2219,0.4878340617918644,0.5069740504956771,0.4414954684794477,0.45606950952036146,0.47192736334948754,0.4692492771233061,0.4163643732188772
2220,0.4874060368135968,0.5063514424807607,0.4417905213091333,0.4555205730697967,0.4713969058871754,0.4688635804111375,0.41668525566553427
2221,0.48702930518508003,0.5057813030621403,0.4421245593430779,0.45501483921215513,0.4709146341292163,0.4685278203262409,0.41704285525410334
2222,0.486686588241116,0.5052408546968445,0.44248266799604574,0.4545411601443396,0.4704544780796949,0.4682363745960151,0.41742530842714903
2223,0.486377701961901,0.5047401678313685,0.4428816310527508,0.4541005148180032,0.4700316286120751,0.4679767738029839,0.41783480912372956
2224,0.48609792832259735,0.5042776646887256,0.4433068785809202,0.4536849139167778,0.4696479708023313,0.4677575453227837,0.4182651883316494
2225,0.4858240250035461,0.503840052961176,0.4437383802880442,0.4532916770181098,0.46927581170012056,0.4675565378147212,0.41870040119218127
2226,0.4856113449168227,0.5034511255772414,0.444207455578043,0.45294236775648355,0.4689521499563476,0.4673924142897258,0.41916724159018337
2227,0.48545288959496913,0.5031215565156744,0.4447094545481606,0.452647342060697,0.4686869082231716,0.4672775807600035,0.41968147870735634
2228,0.48533595853309847,0.5028449205806134,0.4452587985382519,0.45241056449584605,0.4684724890264936,0.4672140567958598,0.4202318815003322
2229,0.48526070717861725,0.502614088948151,0.445849370567372,0.4522152403883227,0.4682957375023955,0.4671907628471872,0.4208334281385005
2230,0.48524089579530594,0.5024531607483694,0.4464803750884485,0.4520726717636772,0.468163982667208,0.46721488390788596,0.42148356629753936
2231,0.48527679166382176,0.5023584463655094,0.4471608587203053,0.4519799939209822,0.4680910316429087,0.4672967883946583,0.42217874264535854
2232,0.48536214274350176,0.5023193200857672,0.4478834605197489,0.4519389331876435,0.46806044971747457,0.4674274977591648,0.42291047564997797
2233,0.4854972435354343,0.5023246022813237,0.4486338936350798,0.45192546618251395,0.46806972557369414,0.46760178270180874,0.4236530457483031
2234,0.4856864347472766,0.5023780068449423,0.44942275457501746,0.45196840726800164,0.4681393277217144,0.4678204411989251,0.42443349235419775
2235,0.4858962309349911,0.5024631687929759,0.45023355556790606,0.45204606554227766,0.46823271673814093,0.4680703172486339,0.42523447234552114
2236,0.48616963622155884,0.5025999909310002,0.45109801699165264,0.45217360018116076,0.468380774774303,0.46838430978624385,0.42607141742057075
2237,0.4864936254911176,0.5028012814213187,0.45200130619358997,0.45234897922310335,0.46858249128938,0.4687328182369905,0.42694852872147926
2238,0.48687452196991954,0.5030523096362584,0.45295700683324525,0.45258649839373294,0.46884243454816665,0.4691382311256619,0.42785793333059197
2239,0.48731111915782577,0.5033675191419414,0.45395548849252315,0.4528766742772484,0.4691642399032395,0.46960443090317155,0.42880895234066124
2240,0.4878087014581003,0.5037476193228302,0.45499565749378307,0.4532174121305429,0.46954004551958467,0.47012595959923065,0.42980408712810203
2241,0.48834722064544867,0.5041807131711951,0.4560644964671624,0.45359463566460445,0.46993864438765476,0.4706739520713133,0.4308211387027171
2242,0.48893715319845005,0.5046708070302532,0.45717582096903,0.45401582986558264,0.47039096245190304,0.4712787116694292,0.43187481782716847
2243,0.48957215646191343,0.5052197505978114,0.4583352546275866,0.4544951391046471,0.4708863261865114,0.4719348644697253,0.43296488339854156
2244,0.4902637304962957,0.5058240696487152,0.4595317841481162,0.4550339270839787,0.47144554377820524,0.4726411525208373,0.43409240865306026
2245,0.4910087663735762,0.5064905886784918,0.46076728826671254,0.4556208606275522,0.4720556732540717,0.4733989231526515,0.4352587840798551
2246,0.4918178137921255,0.5072045907557343,0.46201808565975605,0.4562584007877747,0.4727287043299464,0.47422218812769446,0.4364578454245251
2247,0.49264691306698605,0.5079666423618111,0.4633001947098688,0.4569405577687632,0.4734417740481513,0.47509223090224023,0.43768333832657075
2248,0.49353676417324965,0.5087863017081935,0.46461847035440595,0.45767457678181245,0.4741965407426901,0.476018999468147,0.43894675037208675
2249,0.4944706509312585,0.5096380735262708,0.4659634643596472,0.4584512542517543,0.47499750369356625,0.4769992731901397,0.44023969640755045
2250,0.4954618909397633,0.5105439914744189,0.4673456242762192,0.4592849753102521,0.47584865956004607,0.4780167966613845,0.4415829972066877
2251,0.4965129152467549,0.5115210908947068,0.4687573654774977,0.46017845442209016,0.47675826288083567,0.47908520856329123,0.4429739430290144
2252,0.49762408769883326,0.5125560713197524,0.4702120036405744,0.46112361504116484,0.4777302215124931,0.4802014308041068,0.44439424189654114
2253,0.49878568031090875,0.5136522308373401,0.4717013815914294,0.4621203147362608,0.4787613741007877,0.4813725258978849,0.44584555950806565
2254,0.5000098474208452,0.5148124198854832,0.4732230063012944,0.46317564916351317,0.4798397253354379,0.4826053628965366,0.44733589832313925
2255,0.5012718369878509,0.5160076666621608,0.47476787477693466,0.4642723757116928,0.48095208444123416,0.4838601194389923,0.44884787574128976
2256,0.5025863096146952,0.517258935093061,0.47635268128645125,0.4654179053677451,0.4821101011998925,0.4851722241149899,0.4503945486061906
2257,0.5039727239372584,0.5185553565739999,0.4779801568035407,0.46663032429916307,0.48332934876889055,0.486536299061027,0.45198509494731665
2258,0.5054017877980514,0.5199069007045694,0.4796385243917996,0.4678677706847633,0.4846006821398321,0.4879489344260438,0.4536051284020579
2259,0.5068522738632731,0.5213149636935602,0.48133803072657966,0.4691442882441746,0.48589580920520703,0.4893987694120538,0.45525927924447024
2260,0.5083495101590355,0.5227656195989739,0.48307632807337236,0.47046425476671594,0.48723030642968307,0.49089094290426977,0.4569586058027628
2261,0.5098979075599251,0.524268182197385,0.48484645045305685,0.4718259906018692,0.4886237178289369,0.4924161646859285,0.4586870770303255
2262,0.5114867898198054,0.5257888345015556,0.48663679216693234,0.47321822459055546,0.49003871967327967,0.4939801276817894,0.46043202449714
2263,0.5131267071231213,0.5273503983869161,0.4884512826858661,0.4746455805601177,0.4915001576755424,0.49557809268873243,0.4622059256299191
2264,0.5147719747098725,0.5289246844516429,0.4902860631866305,0.47610927889464333,0.49300562972786316,0.4972059958120759,0.4639924064023068
2265,0.5164337070146542,0.5305313040536974,0.492154497392551,0.4776107832019235,0.49454001690883054,0.4988741631135275,0.46580813806930454
2266,0.5181510849403804,0.5321871569713352,0.4940571250890504,0.47915595448360443,0.4961071843610732,0.5005940850152768,0.46763591269166555
2267,0.5199048905998589,0.533862622975675,0.4959771210622459,0.48073938563161267,0.4977137972048281,0.5023404434016355,0.4694805006058805
2268,0.521695861366779,0.5355881956242678,0.49793399632261715,0.4823621910903427,0.4993449078624715,0.5040977037211137,0.471357098407549
2269,0.5235069698750234,0.5373565934284842,0.4999150403046511,0.48402842350803466,0.5010007352767044,0.5059021829445178,0.4732608028159449
2270,0.5253532335856036,0.5391663044000361,0.5019044521215978,0.4856897954554996,0.5027012826080155,0.507746367111633,0.4751943139093629
2271,0.5272232526514751,0.5410269271531372,0.5039199533561755,0.48738839416367075,0.5044429558905039,0.5096186113711297,0.47713864879179335
2272,0.5291167983026188,0.5429050121649839,0.5059667979805714,0.4891080987286721,0.5062133631017246,0.5115202807212684,0.4790985078078833
2273,0.5310452785476409,0.5447961035305114,0.5080410943257927,0.4908633414244209,0.5080013230149836,0.5134471593908845,0.4810875762748772
2274,0.533003177591165,0.5467189284838535,0.5101234994152369,0.49264813875757696,0.5098046328967286,0.5153850898152229,0.4830920614218829
2275,0.5349958492118828,0.5486577240694237,0.5122021079941951,0.494455152926614,0.5116109467516795,0.5173339082479416,0.485087641930806
2276,0.5370240421335338,0.5506078639071023,0.5143185149460143,0.4962786284271454,0.5134556168144975,0.5193016984152605,0.4870893077375517
2277,0.5390947560177014,0.5525905225012151,0.5164387548606698,0.49812690984897906,0.5153109711104394,0.5213041048703021,0.4891035285377251
2278,0.5411488832382444,0.5545678152079534,0.5185533718698485,0.49998427776974647,0.5171826373932679,0.5232971037257379,0.4911131355872847
2279,0.543229563419018,0.5565560046614102,0.520671327268858,0.5018625008565053,0.5190747241565574,0.5253041321992695,0.49313784163660357
2280,0.5453242414490893,0.5585732128903012,0.5227834669939829,0.5037676581694509,0.5209745853796182,0.5273121373053427,0.495164345718362
2281,0.5474075398307925,0.5606065879824857,0.5248911030707937,0.5056780659721319,0.5228638953834566,0.5293413091691995,0.4972049616050514
2282,0.5494922487803932,0.5626640756064145,0.5270145329111735,0.5076003001133731,0.5247740071642413,0.5313602781830247,0.4992439811717208
2283,0.5515749263884033,0.5647243891145755,0.5291474527593827,0.5095175491945975,0.526708260723046,0.5333973447549315,0.5012856963862931
2284,0.5536630597358085,0.5667994454142888,0.5312829039603908,0.5114580416258645,0.5286365335813679,0.5354502476487836,0.5033312860348531
2285,0.5557399774268372,0.5688768127292021,0.5333998099090441,0.5134156309047285,0.5305730594792103,0.5374997915814688,0.5053825643594598
2286,0.5578401232759476,0.5709588306570875,0.5355209545578727,0.5153665538193362,0.5325198594161773,0.5395464354076509,0.5074296211677656
2287,0.5599357207392891,0.5730121495957065,0.5376358744212839,0.517275742367565,0.5344580718471289,0.5415856543497661,0.5094666376140026
2288,0.5620219723420778,0.575073799257708,0.5397482461617626,0.5191882167057666,0.5364073071177027,0.5436082070829611,0.5115029130461529
2289,0.5641005888955452,0.5771426050700732,0.5418571252757733,0.5210988817645432,0.5383484697209573,0.5456297914613014,0.5135260384272946
2290,0.5661966728791075,0.5792137520478801,0.5439547649673074,0.5229859895022113,0.5402848274064179,0.5476578743558275,0.5155410764796234
2291,0.5682942278222904,0.5812767543707509,0.5460355430211519,0.5248667578084824,0.542207426995702,0.5496789656791179,0.5175423463722687
2292,0.5703593073979591,0.5833102701499657,0.5481085746621983,0.5267389645484855,0.5441254428417543,0.551650893577027,0.5195368248746512
2293,0.572400691450398,0.5853131163096861,0.5501426326072506,0.5285997863992471,0.5460071495047795,0.5536028269342607,0.5215087895215984
2294,0.5744532051208162,0.5873006195751819,0.5521501368505233,0.5304503349448451,0.547856228077174,0.5555526860077142,0.5234667254467386
2295,0.5764763539695817,0.5892632938214377,0.5541455880856898,0.5322808517007537,0.5496861910390359,0.5574819977261728,0.525399403913167
2296,0.5784683364154295,0.5911764373093752,0.5560883290723361,0.534095036596707,0.551500427785468,0.5593805674045301,0.5273191965814835
2297,0.5804384763160912,0.5930687061507576,0.5579930716992627,0.5358722024485498,0.5532912471156843,0.5612679413780673,0.5292075552880771
2298,0.5823683311620818,0.594927099195575,0.5598575021446024,0.53759913747061,0.5550542731800735,0.5630906655650105,0.5310492387410143
2299,0.5842401308608085,0.5967300695661484,0.5616850622112415,0.5393117853609356,0.5567886957889941,0.564878289473955,0.5328513678224774
2300,0.5860651074942211,0.598491790865919,0.5634855977092934,0.5409849978449668,0.5584853946882296,0.5666232104653248,0.5346213709317429
2301,0.5878761416467738,0.6002238575817384,0.565241628164661,0.5426080722379197,0.5601377953588563,0.5683315719393554,0.5363469102043789
2302,0.5895957508276894,0.6019108539124318,0.5669501459572963,0.5442084172920616,0.561730347309845,0.5700068584387268,0.5380334985669255
2303,0.5912772158526771,0.6035502030707851,0.5686179810069061,0.5457437394282237,0.56328837040374,0.5716458846732085,0.539678258004004
2304,0.5928973954882484,0.6051550848918094,0.5702449600222483,0.5472503385725156,0.5647880469070745,0.5732324714169141,0.5412776940509614
2305,0.594461470619461,0.6066861325098898,0.57181676669976,0.5486975885269361,0.5662138243985382,0.5747605856364982,0.5428144180090446
2306,0.5959634130414153,0.6081541239837092,0.5733394323668015,0.550094594607776,0.5676044175975186,0.5762373729943991,0.544291039196277
2307,0.597402436523393,0.6095434250896461,0.5748083164761784,0.5514360733393191,0.5689491430578822,0.5776522210607868,0.54571470152299
2308,0.5987723033886885,0.6108584869449576,0.5761981431523048,0.5527111974844436,0.5702179567747621,0.5789879127109442,0.5470672303149201
2309,0.6000831127756343,0.6121013967925805,0.5775010729670932,0.5539248971860375,0.5714327325387957,0.5802633981588108,0.5483290670723003
2310,0.6013241592168409,0.6132645165729484,0.5787510995828653,0.5550783433790045,0.5725722354604993,0.5814812908829158,0.5495282775409959
2311,0.6024989237492655,0.6143597045171353,0.5799203244002453,0.5561445327244458,0.5736549643478822,0.5826212547626275,0.5506595260748436
2312,0.603590735569296,0.6153889977974677,0.5810214901509895,0.5571615999287098,0.574662943060448,0.5836907452245718,0.5517196318541499
2313,0.6046071486812854,0.616333153368445,0.5820253353641882,0.5581022951407765,0.5755724110510256,0.5846876366006544,0.5527066637375532
2314,0.605593554481333,0.6172616853028398,0.5830313215449932,0.5590212810723167,0.5764474147366859,0.585651538992823,0.5536720371648509
2315,0.606468086767417,0.6180930061494126,0.5839301509711794,0.5598449712054896,0.5772351881138723,0.5865007632282492,0.5545486482526105
2316,0.607684980133649,0.6192694434177411,0.5851449389237965,0.5609764791761048,0.5783442851243972,0.5876815530807222,0.5557329555766464
2317,0.6088615055115822,0.6204128471532837,0.586336994102353,0.5620734240588864,0.5794174325190229,0.5888296640489942,0.5568875097078799
2318,0.6100448627557975,0.6215819895495995,0.5875303600551021,0.5631871696443029,0.5805056845984927,0.5900115314160443,0.558042405449764
2319,0.6111670963145499,0.622704672175671,0.5886578573035568,0.5642516262692445,0.5815515406446771,0.5911379598016686,0.5591717195682494
2320,0.6122652106772544,0.6237973729182471,0.5897494927190408,0.565279295488747,0.5825749443043946,0.5922276171189363,0.5602647224606676
2321,0.6133551253926562,0.6248700873235451,0.5908089656231615,0.566301961196204,0.5835786788789286,0.5933090488720375,0.5613436177052427
2322,0.6143878076057242,0.6258832591871463,0.5918116517985602,0.5672640124714741,0.5845234253738277,0.5943196616827494,0.5623608210608863
2323,0.6153821328150582,0.6268536953428245,0.5927982537987075,0.5681956200069802,0.5854487885905775,0.5953102836573395,0.5633577634193768
2324,0.6163579463033908,0.6278061278723678,0.5937624010136313,0.5691286384228093,0.586367975295427,0.5962541624149162,0.5643356232065114
2325,0.6172814632682032,0.628705798901321,0.5946775370209025,0.5699758892538412,0.5872470645994181,0.5971454206852549,0.565258511399779
2326,0.6181679598545944,0.629567582950838,0.5955593569338107,0.5708025769755396,0.5880857651868616,0.5980166426986333,0.5661626393557994
2327,0.6190138306305847,0.63039145119736,0.5964028713870237,0.5715856294759919,0.5889031338405757,0.5988617839647025,0.5670301826087225
2328,0.6198512804535211,0.6312116895742964,0.5972304967733301,0.5723718174555918,0.5896968203854224,0.5996980530898856,0.5678840848991618
2329,0.6206879390979336,0.6320325991958109,0.5980692038810355,0.5731456351409092,0.590502367431411,0.6005307613489604,0.5687379100866072
2330,0.6215003278194705,0.6328127842774374,0.5988688017240371,0.5738823712330933,0.5912795301565541,0.60133410083883,0.5695544229477323
2331,0.6222991509666471,0.6335794587487027,0.5996567211708251,0.5746242250906474,0.5920441022496081,0.6021206121753949,0.5703529614046521
2332,0.6230589460587715,0.6342968514867554,0.6004035637778841,0.5753159062327617,0.5927640969082667,0.602852657373157,0.5711224897430203
2333,0.6238037450010834,0.6349957749817262,0.6011325341689463,0.5759937033473408,0.5934680332589196,0.6035607585510306,0.5718690173112634
2334,0.6245824706044478,0.6357270392639555,0.6018849991009467,0.576696722058361,0.5941764420103877,0.6042944829491137,0.572645555307559
2335,0.6253288744818333,0.6364265929517255,0.6025995568551578,0.5773685856775425,0.5948663086585624,0.604993831795479,0.5733795717118354
2336,0.6260139037180968,0.6370850516454476,0.6032564158937536,0.5779958064681787,0.595498434317735,0.6056549859167134,0.5740382961339903
2337,0.626688719336953,0.6377236396360051,0.6038904520134568,0.5786150185220501,0.5961162335838145,0.6062857474397056,0.5746925006521598
2338,0.6273822056169732,0.6383563920678998,0.6045291197953266,0.5792423473067775,0.59674338659642,0.6069175105292504,0.5753369333514429
2339,0.6280260423301628,0.6389555601025169,0.6051112573342201,0.5798014244149235,0.5973178257129461,0.6074922822049076,0.5759478983655109
2340,0.6287111314812701,0.6395895873824688,0.6057325106736812,0.5804166868208797,0.5979340002796413,0.6080951482172037,0.5765897565542393
2341,0.6293583274811294,0.6402135055104555,0.6063372205973787,0.581005570391162,0.5985391011766643,0.6086680646666309,0.5771968753772799
2342,0.6299834923429829,0.6408195912642143,0.6068957647862203,0.5815765507952116,0.5991044264278299,0.6092097633674026,0.5777767061508066
2343,0.6306125855093235,0.6414338070156091,0.607467513250961,0.5821506774273278,0.5996827955244578,0.6097621075467335,0.5783592691129943
2344,0.6311875371930464,0.6419786112293091,0.6080057361238321,0.5826846666082168,0.6002185194740226,0.6102803887827977,0.5788970475551428
2345,0.6317832032206905,0.6425328022798275,0.6085717812371472,0.583223561454872,0.6007552260710394,0.6108162182675431,0.5794459951008865
2346,0.6323313553380645,0.6430458542560991,0.6090992697128,0.5837252807253178,0.601269549206781,0.6113248861969358,0.5799602534107379
2347,0.632862482051337,0.6435487601631967,0.6096251304112216,0.5842192530347796,0.601777068094625,0.6118333572971086,0.5804603413671706
2348,0.6333552712753796,0.6440191506988984,0.6101245034646726,0.5846895645544822,0.602252328542168,0.6123123638483502,0.5809336031792185
2349,0.633836884477792,0.6444677733129046,0.6106241898498233,0.585162610878523,0.602709684332781,0.6127640511830674,0.5814040327081421
2350,0.6342876237624028,0.64490751390284,0.611100886583309,0.5856138819638564,0.6031713160117944,0.6131995719237758,0.5818623867719934
2351,0.634762135276269,0.6453516480785307,0.6115868819937814,0.5860800572374958,0.6036429246907071,0.6136563118663784,0.5823258925403304
2352,0.6351999130449775,0.6457907386120484,0.6120652827957597,0.5865309544778724,0.6041025389310415,0.614110627308326,0.582801199288862
2353,0.6356150221794664,0.6461864704532359,0.6125130353988828,0.5869419877354476,0.6045266285217317,0.6145378191176386,0.5832366414989105
2354,0.6360373260262282,0.6465913906966113,0.6129606822996357,0.587360657305472,0.6049452145050745,0.6149819796421128,0.5836726721447931
2355,0.6364481476673799,0.6469821945707908,0.61338121174303,0.587759464192253,0.6053463366084182,0.6153928316532902,0.5840780886877625
2356,0.636830471176308,0.6473397786252301,0.6137770871261207,0.5881414264074949,0.6057197735514754,0.6157702193077191,0.5844685605113602
2357,0.6371776210191326,0.6476659808509244,0.6141379889594395,0.588486746838831,0.6060557343657214,0.616089636324142,0.5848268086250855
2358,0.6374711399076762,0.6479540139918519,0.6144576358227137,0.5887908240906555,0.6063562434135374,0.6163817769804273,0.5851494766536534
2359,0.637822936778759,0.6482918564035433,0.614829635874187,0.5891299751950011,0.6067188803734027,0.6167219438085063,0.5855058239408562
2360,0.6381488833904821,0.6486141669645159,0.6151687500025685,0.5894440671540547,0.6070641663598311,0.6170480494908254,0.5858379843303723
2361,0.6384543099015192,0.6489054672212464,0.6154671237266736,0.5897494928813233,0.6073882390939622,0.6173419489857367,0.5861475611994663
2362,0.6387225296660872,0.6491555755754115,0.6157292987495963,0.5900053923116059,0.6076737451585461,0.6175988228281865,0.5864255368143324
2363,0.638953676679091,0.6493760813700435,0.6159872333276046,0.5902360871307399,0.6079380470728887,0.6178212871106781,0.5866730009157686
2364,0.6391833990352296,0.649589945016958,0.6162420847974399,0.5904636086668509,0.6082027727011052,0.6180355134621227,0.5869074262296177
2365,0.6394211566351597,0.6498149434401695,0.6165048450986566,0.5906869998602744,0.6084671233401743,0.6182520760543505,0.5871446130604576
2366,0.6396900199539138,0.650084587041665,0.6168131028904054,0.5909533357252935,0.6087781350439996,0.6185160132764762,0.5874110402166968
2367,0.6399406228852853,0.6503167356187178,0.6170582643404634,0.5911861530343538,0.6090524243753769,0.6187498544064514,0.5876567329098973
2368,0.6401906919717616,0.6505645661883144,0.6172982028894577,0.5914279752367916,0.6093430686129573,0.6189764217572225,0.5879095158344633
2369,0.6404403138126396,0.6508055375862881,0.6175574404145852,0.5916671795300131,0.6096069313639829,0.6192122929062136,0.5881540989094685
2370,0.6407152791940434,0.6510460506157296,0.6178259155416507,0.5919129010601802,0.6098612080138478,0.6194423307814031,0.5883939656515228
2371,0.640997953209437,0.6513018634874331,0.6181002659379969,0.5921638125104127,0.6101313780111862,0.6196898507564857,0.5886479273117767
2372,0.6412091471711474,0.6515206749950642,0.6183316661540516,0.5923787782177016,0.6103733711703913,0.6199156952392995,0.5888800908113432
2373,0.6414619968493807,0.6517450304246296,0.6185616318389868,0.5926079203830386,0.6106117549710431,0.6201425120357802,0.5891138660234639
2374,0.6417220243786772,0.651976964706565,0.6187766161224744,0.5928180357826623,0.610845133194502,0.6203810633492868,0.5893410543930179
2375,0.6419790922253747,0.652214892571249,0.6189820182732518,0.5930285510313842,0.6110690914918158,0.6205978777328683,0.5895713535244927
2376,0.6422741239671937,0.6525037709528327,0.6192381140430038,0.5932755743628717,0.6113416481882293,0.6208581622738979,0.5898476901321368
2377,0.6425805269361277,0.6527937131291603,0.6195194449527132,0.5935338418239751,0.6116017023254579,0.6211219057689711,0.590124721214446
2378,0.6428424593264457,0.653022787767662,0.6197512723917241,0.5937397592607294,0.6118179401908668,0.6213370141403354,0.5903591182471063
2379,0.6430728266878953,0.6532523181914531,0.6199679632831714,0.5939364734039982,0.6120237676196163,0.6215371064705268,0.5905825381469755
2380,0.6433119635726463,0.6534816039316139,0.6201901676215122,0.5941301754431316,0.6122342410824648,0.6217479019988925,0.5908019868920412
2381,0.6435331896133278,0.6536858581661388,0.6203982745898088,0.5943254070371381,0.6124379716843137,0.6219352874681446,0.5909933497112532
2382,0.6437179967214357,0.6538787851513295,0.6205890869015604,0.5945027507072788,0.6126207859391425,0.6221245768171397,0.5911780472430045
2383,0.6438928625762584,0.6540591908905746,0.6207688106308255,0.5946603579464672,0.6128002174470313,0.6223018883604572,0.591349216479091
2384,0.6440719861730809,0.6542441838165551,0.6209606708307909,0.5948289689996468,0.6129965283939987,0.6225017802664519,0.5915339963718138
2385,0.6442367516210379,0.6544197859385863,0.6211365595524181,0.5949890415532917,0.6131795726508824,0.6226856808420675,0.591708937948127
2386,0.6444499037270961,0.6546325019937657,0.6213370345146594,0.5951835108441633,0.6134018270422265,0.6229077758124377,0.5919202319599773
2387,0.6446489197857137,0.6548551732141006,0.6215117241453079,0.5953723499314961,0.6136083696865992,0.623125245524486,0.5921240871075424
2388,0.6448484250991783,0.6550540661819895,0.6216967644190057,0.5955710138104713,0.6138102471907915,0.6233659459437575,0.5923177947620504
2389,0.645036459555395,0.6552771633442864,0.6218721934401572,0.5957614136998755,0.6139977367706841,0.6235976118589985,0.592508887251504
2390,0.6451964909782621,0.6554666907705531,0.6220165819186518,0.5959277243070071,0.6141622496277255,0.623797908922907,0.5926750252316716
2391,0.6453504245645783,0.6556585720660767,0.6221747454503918,0.5960981335920323,0.6143242262637763,0.6239952969924245,0.5928370879663236
2392,0.6455329045456817,0.6558524313415622,0.622369179974522,0.5962958285894224,0.6145222762023503,0.6242227995282288,0.593027697180484
2393,0.6457131974745239,0.6560281671455772,0.6225357853387438,0.5964835883945354,0.6147095077176368,0.6244324728625624,0.5932073094169944
2394,0.6458938062006989,0.6561972972173912,0.6226930391164529,0.5966674234271724,0.6149054473848837,0.6246328269070863,0.593384327734121
2395,0.6460784169200662,0.6563662148104579,0.6228625423020746,0.5968525826081403,0.6150844370588722,0.6248294810589515,0.593562887444252
2396,0.6462760525312002,0.656527423466484,0.6230243979842359,0.5970271714756914,0.6152615111943627,0.6250415282242463,0.593727657068053
2397,0.6464691643093712,0.6566923278416396,0.6231904527676628,0.5972077493057402,0.6154377967791361,0.6252348865193291,0.593898951603998
2398,0.6466831082668757,0.6568554503109901,0.623364147540295,0.5973940444588138,0.6156092275985554,0.6254247258261081,0.5940735494118096
2399,0.6468762775311852,0.6570240927452418,0.6235366599216923,0.5975799019416529,0.6157722906839711,0.6255965779218811,0.594256225569578
2400,0.6471127984738013,0.6572260217162753,0.6237139826631426,0.5977733085690075,0.6159583243826174,0.6257690526814876,0.5944696764148156
2401,0.6472647077387462,0.6573677536432052,0.6238279449326568,0.5979104278841619,0.6160821649850453,0.6258885917541628,0.5946143430030796
2402,0.6474236274414013,0.6574954503061655,0.6239559291453851,0.5980482446421507,0.6162096380139511,0.6259944963757269,0.5947557892764805
2403,0.6475711280874561,0.6576226583088569,0.6240801406081884,0.5981681011598292,0.6163292170216411,0.6260983855519032,0.5948840505207799
2404,0.6476969194545057,0.6577296147634973,0.6241949490309741,0.5982808643527682,0.6164405677342266,0.6262020961374405,0.5950040835440321
2405,0.6477788211241715,0.6578305424077684,0.624303581077758,0.5983759565694251,0.6165471917880975,0.6262918603815139,0.5951192539171789
2406,0.6478836605114091,0.6579506042410642,0.624427245297352,0.5985023551256828,0.6166642191937084,0.6264269989102503,0.5952603726205932
2407,0.6479824822233244,0.6580425344908996,0.6245450217707116,0.5986178397996441,0.6167599216354562,0.6265397917359925,0.5953817118936751
2408,0.6480531652638589,0.6581269074057647,0.6246349843082261,0.5987176832235692,0.6168402685095034,0.6266499337376695,0.5954904992718619
2409,0.6481338567137237,0.6582157919313103,0.6247327047724869,0.5988073893341015,0.6169202263472218,0.6267685650100121,0.5955754999200242
2410,0.648247669712841,0.6583292129936941,0.6248357278324936,0.5989077829163086,0.6170305537650171,0.626903299676169,0.5956909255702032
2411,0.6483557044951709,0.6584255760550822,0.6249164748990428,0.599000971345364,0.6171266935632348,0.627012186507795,0.5957672127760644
2412,0.6484683715359372,0.6585287345055336,0.6249946304986168,0.599100452056601,0.6172169140563242,0.6271191538854652,0.5958488283203501
2413,0.6485895674273495,0.6586498991557403,0.6250974490705756,0.5992011964489867,0.6173203182304677,0.6272179886451804,0.5959427533239494
2414,0.648725660950696,0.6587909532049246,0.6252267291334443,0.5993165562050707,0.6174458028659042,0.6273491826280695,0.5960623848606691
2415,0.6488843330765592,0.6589609482867311,0.6253743465587449,0.5994505096226543,0.6175884892877298,0.6275114003563786,0.5961994709366395
2416,0.649066295799831,0.6591377872693082,0.6255459615848294,0.5996002272702066,0.6177370612449417,0.6276812693948371,0.5963420806206288
2417,0.6492307151329542,0.6593093092969082,0.6256954879920691,0.5997501810783004,0.6178919999432622,0.6278225850735744,0.59649524793692
2418,0.6493919338119791,0.6594801708302069,0.6258373248075089,0.5998905988829423,0.6180285920602071,0.6279382020555933,0.5966342574692323
2419,0.6495614982425002,0.6596391330231105,0.6259473073118873,0.6000134705802206,0.6181605074483839,0.628081257615696,0.5967611466658285
2420,0.6497268592026704,0.659784239869736,0.6260521451026865,0.6001267252972846,0.6182974986652495,0.6282077420719706,0.59688525440985
2421,0.64987484925581,0.6599080111863027,0.6261562875498397,0.6002467443373997,0.6184201366928797,0.628298432045032,0.5969850541847209
2422,0.650032893402062,0.6600371881365908,0.6262775166125731,0.6003797169767524,0.6185518410180575,0.6283786864444576,0.5970938199820469
2423,0.6501925979519204,0.6601799809124878,0.6263717684151807,0.6005195997612685,0.6186923309862371,0.6284596628457656,0.5972136642846521
2424,0.6503174000723926,0.6602969575671214,0.6264506034952323,0.6006271726589804,0.6188136369816499,0.6285082134462795,0.5973026849974696
2425,0.6504392093177427,0.660420910122254,0.6265347343080101,0.6007312300471614,0.6189385740674426,0.6285719415842829,0.5973973190759457
2426,0.6505785050626202,0.660568027404991,0.6266443190446072,0.6008478288357699,0.6190821653465782,0.6286589982146731,0.5975129473357235
2427,0.6506946047525457,0.6606917506210424,0.6267226488735138,0.6009517597213877,0.6192028687157072,0.6287247131715138,0.5976174187150188
2428,0.6508172728565842,0.66082825416177,0.6268194237434512,0.6010783961946873,0.6193364545009017,0.6287829176975177,0.5977423168148158
2429,0.6509603736598141,0.6609851716906896,0.6269182938411911,0.6012092015063287,0.619480854254211,0.6288617656342723,0.5978883822910708
2430,0.6510805269699527,0.6611297790710302,0.6270086597655139,0.6013233039641198,0.6196047558196339,0.628939842121197,0.5980211416857296
2431,0.6511731942407556,0.6612334402451079,0.6270690099695523,0.6014037547535656,0.6197088352244748,0.6289976712930142,0.5981324825740809
2432,0.6512782191555914,0.6613359662457369,0.6271529274386005,0.6014800808206848,0.6198021614447529,0.6290594642476155,0.5982357227199838
2433,0.6514141847913016,0.6614681469314989,0.6272580840770637,0.6015984594551066,0.6199392278217244,0.6291549617038854,0.5983749740541744
2434,0.6515435000877264,0.661602941654697,0.6273548047488193,0.6017104303305405,0.6200583206793707,0.6292253366951606,0.5985193372467682
2435,0.6516550185701523,0.6616905725061144,0.6274044554882816,0.6017800301966002,0.6201459497557148,0.6292793899144558,0.5986440744319016
2436,0.6517730175752303,0.6617698036836567,0.6274957215570673,0.6018453495873575,0.620235215559085,0.6293387773575981,0.5987639347064416
2437,0.6518807366591114,0.6618503416528418,0.6275977119540351,0.601921783837634,0.6203270730736109,0.6293954482740511,0.5988771406774149
2438,0.6520215580075986,0.6619641134130805,0.627728899375985,0.6020207645847753,0.6204474839067741,0.6294838921884203,0.5990132486724657
2439,0.6521659584672175,0.6620752395700358,0.6278584684159194,0.6021271885933585,0.6205644935781975,0.6295748746243575,0.5991475542901671
2440,0.6523132061506227,0.6621870347218345,0.6279865508194347,0.6022371650346324,0.6206872985914302,0.6296706850266366,0.5992861417575398
2441,0.6524269213747554,0.6622723579886607,0.6280992625703533,0.6023511793013449,0.6207772847097422,0.6297338245663747,0.5993993497627601
2442,0.6525689989999428,0.662366956738495,0.6282087239002386,0.6024821147245106,0.6208751674350708,0.6298103887303536,0.5995240721666104
2443,0.6527222288350505,0.6624419827618799,0.6282987458343546,0.6026101392442685,0.6209657482647957,0.6299049289048696,0.599641475827722
2444,0.6528547289757636,0.6625225953817925,0.6283963381129539,0.6027367497482476,0.6210667292773544,0.6300444625379138,0.5997548776087129
2445,0.6529697025310759,0.6626100619039733,0.6284924970028083,0.6028584941720354,0.6211717450324461,0.6301624679414047,0.5998632234934049
2446,0.6530818902776306,0.6627048957626859,0.6285792286133105,0.6029859796382488,0.621284491005512,0.630308344214437,0.5999869306445643
2447,0.6531898203990604,0.6627992757454249,0.6286874570054289,0.6031154981134698,0.6213877712368132,0.6304491556364632,0.6001011899222626
2448,0.6532930217415879,0.6628875738076635,0.6287932532817069,0.6032304732580852,0.6214933304088733,0.6305722140208021,0.600204305271935
2449,0.6534206492813441,0.6629848136880996,0.6289214448160145,0.6033746109416901,0.6216138181799618,0.6307215542759863,0.6003310955384258
2450,0.6535504711627338,0.6630914834333378,0.6290397750020451,0.6035043182673628,0.6217316017395422,0.6308494153178152,0.6004542680538256
2451,0.6536785021658262,0.6632046086056005,0.6291615592453172,0.603631531481807,0.6218475333895338,0.630964390495274,0.6005736477147405
2452,0.6537737159206306,0.6633144139300359,0.6292857527664544,0.6037479502772436,0.6219595029868309,0.6310750105901747,0.600681504521497
2453,0.6538941224159329,0.6634207054552099,0.6294269198741654,0.6038580007189402,0.622066070964347,0.6311861016960456,0.6007888739513507
2454,0.6540175066287992,0.6635283163482433,0.6295701169229072,0.6039895942570557,0.6221599899646033,0.6313017684942499,0.6008848940073237
2455,0.6541285395726941,0.6636239467546879,0.6297085465759864,0.6041183790835405,0.6222505881064762,0.631427703038119,0.6009717133126318
2456,0.6542548919251114,0.6637370649991519,0.6298635290796055,0.6042490143251616,0.6223697375860111,0.631572990462287,0.6010732157059983
2457,0.654390940848758,0.6638529962306094,0.6300157173844911,0.6043766558441501,0.6224743730398541,0.631703259284621,0.6011829352212985
2458,0.6545311569203089,0.6639715583528287,0.6301515676460633,0.6045147214573612,0.6225706749902917,0.6318402427645191,0.6012937075804167
2459,0.6546918491934341,0.6641018985969289,0.6303011983289435,0.6046493490530231,0.6226828539919437,0.6319736469960123,0.6014204107553385
2460,0.6548427480180561,0.6642377968380249,0.6304579955015115,0.6047947537665624,0.6228081006241901,0.632115051136984,0.6015427468945495
2461,0.6549837615241654,0.6643811240103711,0.6306058150429137,0.6049268002966188,0.6229232985151083,0.6322321391631507,0.6016667561725845
2462,0.6551026766455113,0.6645172537086993,0.6307376291997044,0.6050597701577001,0.6230358225216301,0.6323509878713703,0.6017838537292899
2463,0.6552129015482663,0.6646401165446807,0.630855983848466,0.605179624832531,0.6231395952238525,0.6324655047406782,0.6019025145024173
2464,0.6553219521844247,0.6647703018658069,0.6309864715003821,0.6052953575471326,0.6232394635231089,0.6325817850024611,0.6020213017638932
2465,0.6554413416580733,0.6649122135501383,0.6311086359908837,0.6054152949074334,0.6233437773521786,0.6327072488477766,0.602146169090327
2466,0.6555906089667065,0.6650937758109056,0.6312709374791747,0.6055784897286415,0.6234885828282033,0.6328723674735925,0.6023131728469554
2467,0.6557323761523929,0.6652559788476109,0.6314308003226197,0.6057278232479735,0.6236303541894326,0.6330215386862743,0.6024700728782216
2468,0.6558700098660839,0.665421052678026,0.6315732234927569,0.6058814023066821,0.6237676739701781,0.6331675636578825,0.6026276712675263
2469,0.6560033372246243,0.6655716818492151,0.631707447232037,0.6060257613424651,0.6239015653632458,0.6332938583920489,0.6027864796960835
2470,0.6561512835373854,0.6657171638709813,0.6318594536290905,0.6061694110124349,0.6240082407505543,0.6334218903923418,0.6029314608564758
2471,0.6562934539649768,0.6658541302276845,0.6320212892554725,0.6062996824010238,0.6241281219197287,0.6335455693154528,0.60306804860542
2472,0.6564419951610357,0.6659877237387508,0.6322005319838006,0.6064280944362109,0.6242317959210053,0.6336675590637486,0.6031999630762114
2473,0.6565873049319059,0.6661143308829348,0.6323803252904522,0.6065586797257196,0.6243654672948671,0.6337881635994567,0.6033357391827667
2474,0.656719924930232,0.6662146679845332,0.6325343945210509,0.606678723428522,0.6244737713908195,0.6338708500649695,0.6034489598015248
2475,0.6568420175554139,0.666315861252532,0.6326765509844126,0.6067814044969452,0.6245763673431829,0.6339869594315928,0.6035513800503385
2476,0.6569802158251505,0.666433032748375,0.6328294299114252,0.6069086283039496,0.6246771532501993,0.634112563189481,0.6036677189796291
2477,0.657108185828578,0.6665364726304848,0.6329744434450162,0.6070275679026634,0.6247745801443861,0.6342296949680881,0.6037724166861768
2478,0.6572626319735859,0.6666770773029563,0.6331444734015096,0.607172031640218,0.6248887583308986,0.6343636427959986,0.6038944549660453
2479,0.6574181348132873,0.6668226352994407,0.6333252960859255,0.607312543872526,0.6250203361727158,0.6344957606152275,0.6040245728208968
2480,0.6575702009815791,0.6669673263492797,0.6334791199664784,0.6074542698378063,0.6251322579792835,0.6346264064273143,0.6041448117086062
2481,0.6577115575999801,0.667105569068269,0.633643718473159,0.6076083021168637,0.6252290673267961,0.6347402181457593,0.6042519711010503
2482,0.6578432099567337,0.6672350377093126,0.6337818393871126,0.60774894391998,0.625326721634337,0.6348527052710574,0.6043610342557756
2483,0.6579787570938485,0.6673719460187806,0.6339211510622225,0.6079019261731908,0.6254308993740755,0.6349861519276876,0.6044670663847768
2484,0.658102994169586,0.6675020191805707,0.6340610756031133,0.6080432553046862,0.6255365647286635,0.6351199435987516,0.6045595329522255
2485,0.6582124955544264,0.6676203871615707,0.6341873961403697,0.6081824073508224,0.6256374671747664,0.6352498462283978,0.6046448703111258
2486,0.6582991144974907,0.6677115463724805,0.6342962928752838,0.6082893241187237,0.6257102873837381,0.6353639235744348,0.6047263417397233
2487,0.6583875588488027,0.6678084724858124,0.6344205229752996,0.6083945125412311,0.6257872113541633,0.6354871564750899,0.6048140999024317
2488,0.6584681696388028,0.6679137903277588,0.6345546233189154,0.6084889365287018,0.625853821969609,0.6356009534145962,0.6048738198122332
2489,0.658548042107986,0.6680027821300772,0.6346872898905404,0.6085907715346186,0.6259379987486587,0.635714011162592,0.604941405495534
2490,0.658645490714894,0.6681047490793676,0.6348443297997501,0.6087173312414802,0.6260385010676136,0.6358463018564591,0.605012754792395
2491,0.6587479196443665,0.6682075653049535,0.6350133120693287,0.6088310059732162,0.626150470412236,0.6359868948223328,0.605077112350072
2492,0.6588492846727223,0.6682893302386553,0.635184289736448,0.6089471911145032,0.6262495003840978,0.6361437426306882,0.605161313153722
2493,0.6589761279556814,0.6683887869351324,0.6353808344155223,0.6090814199335803,0.6263711427722579,0.6363184663635678,0.605267086755761
2494,0.6591102018261552,0.6684978426051591,0.6355804033383461,0.609228492984687,0.6264963096656307,0.6365052075778528,0.6053722906622718
2495,0.6592243914026854,0.6685945526424938,0.6357635286597925,0.6093690156201472,0.6266246249740264,0.63668513751505,0.6054691094813703
2496,0.6593239762861748,0.6686840075378301,0.635925558175181,0.6094967888358,0.6267474753854844,0.6368540410801641,0.6055637921389047
2497,0.6594321731036812,0.6687709709992432,0.6360888749960009,0.6096242725927224,0.6268703952690478,0.6370142496540323,0.6056659383186618
2498,0.6595434028396792,0.668866086570874,0.6362540775415255,0.6097533350220173,0.6269984205797543,0.6371840099522907,0.6057821513772169
2499,0.6596627183112533,0.6689512950103282,0.6364050974060129,0.6098810003358098,0.6271165235604896,0.6373438750118908,0.6059216845384631
2500,0.6597768623714115,0.6690276700786141,0.6365447561910639,0.609982329803332,0.6272339149045463,0.6375073486400492,0.6060463865620227
2501,0.6598958560791999,0.6691252348003515,0.6366961491198077,0.6100822085008839,0.6273439638103876,0.6376766393215827,0.6061562086754957
2502,0.6599964246844885,0.6692011629604812,0.6368278394719852,0.6101673804245686,0.6274291566220545,0.6378171999164313,0.6062490834019283
2503,0.6601186932308971,0.6692967394662814,0.6369619719985902,0.6102756479790322,0.627527016983236,0.63796383609335,0.6063432398282784
2504,0.6602142761658509,0.6693798099597401,0.6370765019581566,0.6103646006615028,0.627621367164621,0.638078319253528,0.606414693497386
2505,0.6603075971995975,0.6694928248902824,0.63720232037044,0.6104599896796955,0.6277400122547605,0.6381958796462455,0.6064991604246075
2506,0.6604340872315628,0.6696084020490864,0.6373645815435458,0.6105966653090908,0.6278876759659926,0.6383364790485023,0.606606266152884
2507,0.6605710602688359,0.6697359333812356,0.6375444232245979,0.6107388915475578,0.6280373594167953,0.6384930239044515,0.606722936811582
2508,0.6607007285263461,0.6698722772525397,0.6377221412627887,0.6108867884414577,0.6281893434801982,0.6386672266139646,0.6068394497303375
2509,0.6608297727144069,0.6699840834694312,0.6378819710311545,0.6110220981775304,0.6283186365573521,0.638825984696655,0.6069341768559642
2510,0.6609585289715033,0.6700871436289576,0.6380399565107522,0.6111372134164158,0.6284498606846709,0.6389866688441443,0.6070301464686156
2511,0.661081948894872,0.6701813313155649,0.6382137568850534,0.6112582760796761,0.6285965251493326,0.639144588495349,0.607129077873666
2512,0.661206393217034,0.6702822046510339,0.6384022716571037,0.6113797041612885,0.6287306876313152,0.6393089489319509,0.6072242513171904
2513,0.66133141348982,0.6703933594389304,0.6385961559294285,0.6115100458973883,0.6288783923673573,0.6394624506832647,0.6073146346331183
2514,0.6614686983373677,0.6705085275499959,0.6387824711490739,0.6116413647923433,0.6290397738209514,0.6396421726802194,0.6074111720637996
2515,0.6615909927844601,0.670608754026137,0.638946404165177,0.6117546373624133,0.6291849611777145,0.6398097478119714,0.6075039824684986
2516,0.6617188254040285,0.670715703003888,0.6391029570647195,0.6118779901896536,0.6293410758620922,0.6399844489779432,0.6076098842000837
2517,0.6618558741357484,0.6708268389715158,0.6392652007476233,0.6120023006416362,0.6295066389926243,0.6401540878753791,0.6077304047095242
2518,0.6619913543446697,0.6709491223985445,0.6394541163405126,0.61213290875005,0.6296784795339064,0.6403278998334626,0.6078509572168237
2519,0.6621238200502053,0.6710671170611695,0.6396294647640974,0.6122488563737148,0.6298433631054688,0.6404940975647418,0.6079756663668769
2520,0.6622284359102413,0.6711676760006334,0.6397633167072487,0.6123482540588764,0.629987356084231,0.6406288840509513,0.6080861277127758
2521,0.6623127346929547,0.6712685031392592,0.6398920476245739,0.6124415990935337,0.6301389539471461,0.6407759511518638,0.6082100106573014
2522,0.6623932315465595,0.6713635973809569,0.6400148853078259,0.6125404231617925,0.6302896316949804,0.6409080283308951,0.6083291986260365
2523,0.6625004781838074,0.6714658612853329,0.6401449760807938,0.6126335111207888,0.6304298133431606,0.6410144448918358,0.6084408684045026
2524,0.6625658569800119,0.6715658886745548,0.640258097580197,0.6127092362408447,0.6305769109243864,0.6411226240163336,0.6085353782900604
2525,0.6626167650498452,0.6716574344904649,0.6403673140332826,0.6128024838385111,0.630719914237174,0.6412201195482284,0.6086270703730621
2526,0.6626688540257734,0.6717525055989235,0.640475516953578,0.6128953537052697,0.6308636073426757,0.6413282389203392,0.6087127293124618
2527,0.6627296123088007,0.6718434206312034,0.6405721014078093,0.6129841446768542,0.631001740264592,0.641426861010531,0.6088073934716614
2528,0.6627558752608668,0.671931234048429,0.6406542147565237,0.6130623655394297,0.631140367663337,0.6415271242458578,0.6089000595912599
2529,0.6627975386628755,0.6720506373049108,0.6407633027113775,0.6131693850640476,0.6313050639706743,0.6416453784947731,0.6089873778787261
2530,0.6628583211354357,0.672158528097686,0.6408649251597867,0.6132785290236578,0.6314694353223272,0.6417709062684512,0.6090763443237983
2531,0.6629127859251788,0.6722732083837196,0.6409623513344085,0.6133886540738176,0.631632178239942,0.6418908742156599,0.6091881608749686
2532,0.6629642957092878,0.6723835314523556,0.6410423528129445,0.6134808177403296,0.6317841971716903,0.6420127051003905,0.6092985538044013
2533,0.6630169451770211,0.6724752357314999,0.6411124870690467,0.6135664621152974,0.631932427707979,0.6421137991128834,0.6093946926517091
2534,0.6630720436331022,0.6725713705362557,0.6411923643650878,0.6136518069892998,0.6320716602449578,0.6422142439827946,0.6094693114334229
2535,0.6631085367174796,0.6726689485326356,0.6412613802360265,0.6137397522007351,0.6322102976088029,0.642301455750895,0.6095679764099622
2536,0.6631455525393033,0.6727548197165824,0.6413193768390011,0.6138226993525013,0.6323295235520922,0.6423849593480938,0.6096489951215991
2537,0.6631754908062473,0.6728400013190698,0.6413805771581365,0.61390908161511,0.6324333360126253,0.6424676330518914,0.6097095577465277
2538,0.6632055096184747,0.672905085616272,0.6414530933393671,0.6139806755862209,0.6325331836053227,0.6425392377928955,0.6097800622041442
2539,0.6632354657993245,0.6729685830127664,0.6415260632636444,0.6140459875852831,0.6326289907780531,0.6425961770402673,0.6098489191425588
2540,0.6632640269378443,0.673008984446201,0.6415796517745115,0.6141056475391473,0.6327317907769231,0.6426375496783032,0.6099159783650031
2541,0.6633055267161867,0.6730684454653,0.641635405648161,0.6141735100629383,0.6328306160612026,0.6426881594876381,0.6099808860565572
2542,0.6633380650250666,0.6731101310709543,0.6416559725278651,0.614214537815276,0.6329045125836548,0.6427071135408072,0.6100277050843597
2543,0.6633696531725162,0.6731475833779875,0.6416587952929097,0.6142603843650949,0.6329629835853429,0.6427283985670835,0.6100650743919471
2544,0.6634018186551077,0.673195256370038,0.6416753459019581,0.6143093774018668,0.633035291806944,0.642756312856598,0.6101123458916053
2545,0.663431453249129,0.6732566002778981,0.6417057775425223,0.6143730703808006,0.6331165838689798,0.6428072320454754,0.6101771279046664
2546,0.6634465228062152,0.6733151685282446,0.6417232505370728,0.6144330789468808,0.6331875727341167,0.6428502096462367,0.6102398929657623
2547,0.6634269704206452,0.6733631921023521,0.6417429314136703,0.6144843395629113,0.6332543578467428,0.6428634941993062,0.610300487933988
2548,0.6633854122742058,0.673388912259665,0.6417463335681475,0.6145070151152675,0.6332922250872638,0.6428527639859843,0.6103273130598211
2549,0.6633703767557929,0.673454524938133,0.6417676341394125,0.6145418504987201,0.6333510655321115,0.6428653257440059,0.6103869158352492
2550,0.6633661207140458,0.6735114951366193,0.6417878923613503,0.614576617002806,0.6334132472590275,0.6428901328253203,0.6104351110594759
2551,0.6633037212509783,0.6735347677925658,0.6417877712452343,0.6145845110434867,0.6334450479883443,0.6428902338571316,0.6104429729231249
2552,0.6633315612510009,0.673634162672138,0.6418744486660708,0.6146606919452661,0.633560574618761,0.6429685635818837,0.6105256277292264
2553,0.6633178137032415,0.6736975683288103,0.6419371252663542,0.6146911054887703,0.6336390823864237,0.6430187422343923,0.6105703807682178
2554,0.6633114269658751,0.673760709762971,0.6419955927630155,0.6147324616331071,0.6337121252300856,0.6430512122577798,0.6106276497723571
2555,0.663300354920243,0.6738259881438726,0.6420413729944165,0.6147679856232167,0.6337871610316809,0.643067416114308,0.6106842164352428
2556,0.6633392434189039,0.6739001626276468,0.6421006194639661,0.6148228329438089,0.6338703725180466,0.6430837045506044,0.6107509837654146
2557,0.6633902524829282,0.673972666094962,0.6421570269096393,0.6148696578690516,0.6339568367136368,0.6430818743749415,0.6108069919459338
2558,0.6634485801542888,0.674065257306004,0.6422087762869775,0.614931768890735,0.6340636275264901,0.6431093797974133,0.6108844972234925
2559,0.6635135575791821,0.6741624609811481,0.6422772500595599,0.6149959685480514,0.6341739851253788,0.6431297826197017,0.6109581742207971
2560,0.6635981444237222,0.6742731196876628,0.6423453260434214,0.6150779127579198,0.6342858877968325,0.6431582141959759,0.611055404874187
2561,0.6636529502331854,0.6743540607502194,0.6424002029344866,0.615133321506818,0.6343789157471711,0.6431621972642169,0.6111396757612864
2562,0.6637293551270413,0.6744641682392187,0.6424871536520014,0.6152089720786192,0.634503692418071,0.6432019641558699,0.6112605213769872
2563,0.6638135705983009,0.674574519683316,0.6425814130717692,0.6152853151719917,0.6346330266203128,0.6432531291596171,0.6113852582872811
2564,0.6638981302696567,0.6747004380999839,0.6426904007153138,0.615380984011664,0.6347858541866016,0.6433408913752363,0.6115271066471323
2565,0.6639529830758493,0.6747932791677727,0.642770282662737,0.6154599010425752,0.6349209922246943,0.6434009078111045,0.6116318276128667
2566,0.6640142275678134,0.6748713741519523,0.6428486669773272,0.615533074066873,0.6350399696042166,0.6434526602035738,0.6117384150401242
2567,0.6640482250484329,0.6749273869480988,0.6428855380413202,0.6155876897477162,0.6351281703969428,0.6434804365281641,0.61182141407563
2568,0.6640938202467355,0.674966826478493,0.6429318956625393,0.6156363239070751,0.6351991137127306,0.6435019587454489,0.6118970271095086
2569,0.6641505162456255,0.6749988644046979,0.642990613234628,0.6157067663035992,0.6352788261413101,0.6435402581936287,0.6119804889195756
2570,0.6642029347222241,0.6750347654454604,0.6430683993344729,0.6157699971402517,0.6353563934420113,0.6435588602970208,0.6120678245054256
2571,0.6642549162479998,0.6750654173904339,0.6431470209315375,0.6158217736652493,0.6354314306126616,0.6435776468242252,0.6121645750919164
2572,0.6643216850172875,0.6751140758738416,0.6432312043639836,0.6158875262524872,0.6355147250322133,0.6436115679333207,0.6122759740468707
2573,0.6643727920387557,0.6751653257589203,0.6432924004024526,0.6159447296124141,0.6355808867538062,0.6436395268348978,0.6123825387659502
2574,0.6644311067056764,0.6752060844424588,0.6433618832808934,0.6159956555216825,0.6356421527507791,0.6436747235344619,0.6124810954094879
2575,0.6645117190800963,0.6752581195676557,0.6434564424407696,0.6160638592726759,0.635714753288464,0.643740926629981,0.6125826047363501
2576,0.6645990514321211,0.6753073935607301,0.6435505510213265,0.6161427402433166,0.6357990258296026,0.6437996793752659,0.6126826342178876
2577,0.6646757260623705,0.6753650149600181,0.6436521854624783,0.6162267064940958,0.635883347493842,0.6438533077568328,0.6127917918719634
2578,0.664777365373453,0.6754473221433868,0.6437645110991281,0.6163185722068796,0.6359792856303833,0.6439294086149887,0.6129228402196514
2579,0.6648643916589151,0.6754980619830282,0.643859095647249,0.6163799494190849,0.6360466091570386,0.6439937937688432,0.6130046874206478
2580,0.6649460809048077,0.6755486116254474,0.6439640192311498,0.6164285822109699,0.6361110432195941,0.6440576788663195,0.6130768440587195
2581,0.665059488456058,0.6756481338654815,0.6440874921692656,0.6165164754817194,0.6361982328681244,0.6441436584040575,0.6131788741104349
2582,0.6651793455716916,0.6757713238001358,0.6442341665388056,0.6166296621590747,0.6362857800894122,0.6442541859353733,0.6133041407980534
2583,0.6653163373036881,0.6758968315920745,0.6443796505872443,0.6167504028774526,0.636403274407603,0.6443601486406672,0.6134284406098327
2584,0.6654383207164404,0.6760069899065225,0.6444897755344839,0.6168421899742835,0.6364894638693739,0.6444592741068466,0.6135368224764873
2585,0.6655661341960395,0.6760740067067652,0.6446023766493778,0.6169181306816085,0.6365697706027263,0.6445726226159985,0.6136404745545707
2586,0.6657227017375638,0.6761788653266612,0.6447561082376154,0.6170309367249299,0.636674965321198,0.6447014707770184,0.6137463922216059
2587,0.6658478074805486,0.6762893083221989,0.644892019698789,0.6171429422327026,0.6367795571894364,0.64483580615397,0.6138550148939155
2588,0.6659773788673204,0.676401911471458,0.6450174689178277,0.6172492322349867,0.6368939772925858,0.6449761185069292,0.6139874897318953
2589,0.6660886219385963,0.6764968677265297,0.6451218125977203,0.6173383468006858,0.6369838103007057,0.6450856457695278,0.614099122648269
2590,0.666198229827265,0.6765940206144024,0.6452293285032866,0.617434431011888,0.63707189570953,0.6451946960842073,0.614210704875706
2591,0.6663082541825639,0.6766793453042788,0.6453354207680901,0.6175200267731864,0.6371353793759605,0.6453093403790694,0.6143044704364695
2592,0.6664432575868812,0.6767854131963269,0.6454593834054989,0.6176109467916836,0.637213231552044,0.6454427547703496,0.6144129405849166
2593,0.6665779999448531,0.676910183517947,0.6456052382194969,0.6177270847617659,0.6373144382424475,0.6456038807511588,0.6145257663499532
2594,0.6666965347676849,0.6770349994459356,0.6457281668540013,0.6178428402947318,0.6374086016090934,0.6457486296251288,0.6146355496850726
2595,0.6668261135613659,0.67717332707199,0.645858917070929,0.617964714144599,0.6375111183086782,0.6458295146286426,0.6147617192447294
2596,0.6669539740898112,0.6773122518501552,0.6459602363104064,0.6180842019557049,0.6376107070568303,0.6459204908805551,0.6148587060395357
2597,0.6670837311970761,0.6774499919460135,0.646072974748253,0.6181952105279219,0.6377085771416169,0.646007551202384,0.6149598607240583
2598,0.6672179706696126,0.6775923839334832,0.646182784214665,0.6183015974142302,0.6378002569268467,0.6460868105572359,0.6150750165175012
2599,0.6673549190942284,0.6777314986879329,0.6462862196216379,0.6184115018834003,0.6378941963270894,0.646161253513813,0.6151762270562162
2600,0.6674932262304928,0.6778764460264137,0.6463942785060381,0.6185217473155834,0.6379890735337111,0.6462212977717481,0.6152907591889
2601,0.6676644669219833,0.6780307897704102,0.6465257891605856,0.6186431308611893,0.6381042340722394,0.6463119082838362,0.615413280840163
2602,0.6678381455962894,0.6781798459696383,0.6466537043874822,0.618766647970365,0.6382133793690608,0.6464180193339495,0.6155312263219279
2603,0.6680174318522095,0.6783255974125976,0.6467855168566494,0.618896749719631,0.6383215494941141,0.6465321124598298,0.6156510975098357
2604,0.6682008391172582,0.6784778415167146,0.6469160529329742,0.6190179967228633,0.6384205245319876,0.6466493479127127,0.6157827488544392
2605,0.6683882233802988,0.6786315804190176,0.6470342442699006,0.6191388522681626,0.6385244335931352,0.64675355302208,0.6159165279824588
2606,0.6685862229496001,0.6787825465324606,0.6471559971073549,0.6192423739892845,0.6386366301219913,0.646840211079707,0.6160551413398098
2607,0.6687712100582315,0.6789187068756525,0.6472607233347181,0.6193507779767524,0.6387400834940044,0.64692587346908,0.6161965817733451
2608,0.6689861899468756,0.6790933108381723,0.6474176646399841,0.6195056410255357,0.6388924051203404,0.6470692356450599,0.6163869834188664
2609,0.6691805798591698,0.6792611705155606,0.6475863117101055,0.6196528096896255,0.6390329351380636,0.6472043634252497,0.6165558816351318
2610,0.669376573977614,0.6794133144806136,0.6477392087356728,0.6198026569766493,0.6391733882117627,0.6473423896594351,0.616711532032453
2611,0.6695752840672722,0.6795589114211732,0.6478924292405873,0.6199522745220729,0.6392977883153664,0.64748335843817,0.6168679815858086
2612,0.6697830969473133,0.6796929541687269,0.6480459217948393,0.6201116270909527,0.6394072382774236,0.6476437515861484,0.6170230729266051
2613,0.6699935316449721,0.679830553766757,0.6482210189792263,0.6202674243489469,0.6395045689351815,0.6478038480308252,0.6171772437094925
2614,0.6702170748286922,0.6799759751588833,0.6483906008117853,0.6204069455605807,0.6396100923589391,0.647964189875142,0.6173332825735643
2615,0.6704313102020242,0.6801243587364071,0.6485683794321444,0.6205418880358946,0.6397098682533442,0.6481288464781787,0.6174839961947896
2616,0.670624719414981,0.6802298153038632,0.6487156450413079,0.6206504682022291,0.6397826238563817,0.6482696491424054,0.6176018135100825
2617,0.6707986781594326,0.6803010963141796,0.6488487498576034,0.6207311613260295,0.6398301743567814,0.6483704845963414,0.6176852945682246
2618,0.6710026069784657,0.680415032068973,0.648998410126506,0.6208422525146474,0.6399064222685085,0.6484976762211767,0.6177984695003433
2619,0.6711938040971812,0.6805235922237977,0.6491546077467465,0.620952433510101,0.639979425309045,0.6486203495044672,0.6178867005466783
2620,0.6713654207042122,0.6806252346281443,0.6493002732366218,0.6210366713405697,0.6400465742137871,0.6487407271952225,0.617979838874805
2621,0.6715128633866372,0.6807248735380007,0.6494276841808332,0.6211083455944024,0.6401343029130372,0.6488588206864743,0.6180584867486358
2622,0.671666670251427,0.680840353623046,0.6495581264611552,0.6211976652435679,0.6401915949680775,0.6489763894761975,0.6181470426653498
2623,0.6717995042235317,0.6809417241677718,0.6496829666572488,0.6212817219633959,0.6402656764698018,0.649097767693841,0.6182294897065452
2624,0.6719364990307712,0.681046588900974,0.649783851185456,0.6213643526628297,0.6403059906557479,0.6492070437757659,0.6182845298765179
2625,0.6720871749660169,0.6811819965739073,0.6499142331126364,0.6214702467327233,0.6403839120199706,0.6493345526888719,0.6183722037367824
2626,0.6722678665094903,0.6813269789842237,0.6500791156952734,0.6216039433769256,0.6404788216269195,0.6494755353306981,0.6184872811658053
2627,0.6724410271481492,0.6814542537641296,0.6502315492384183,0.6217144587745598,0.640579290758143,0.6496145420087727,0.6186058554226845
2628,0.6726112884410822,0.6815979922427293,0.6503818452840304,0.6218328969424777,0.6406848024568921,0.6497560062163376,0.6187126829406
2629,0.672775924176906,0.681724607612534,0.6505112203936505,0.6219393488349807,0.640781007484809,0.6498902188054406,0.6188036551662107
2630,0.6729398717331554,0.6818521011306069,0.6506251919621185,0.6220557612906303,0.6408593423334975,0.6500193823127718,0.6188940535505654
2631,0.6731106792685414,0.6819874940087894,0.6507384130425344,0.6221713639746278,0.6409558751238069,0.6501465832911254,0.6189854966379116
2632,0.6732840915586872,0.6821077297367077,0.6508391264761855,0.622278650577282,0.641068659097024,0.6502655065740304,0.6190918084587589
2633,0.6734749290023722,0.6822456809461172,0.6509700486190979,0.6223906885392465,0.641197653655457,0.6503953072217303,0.6192168602391009
2634,0.6736570029927086,0.6823805718643489,0.6510937863049275,0.6224982509155987,0.6413339345119131,0.6505236970574301,0.6193390429554644
2635,0.6738332048475311,0.6824921588604156,0.6512175109014304,0.6226008414681408,0.6414534771316888,0.6506552862908496,0.6194818109637059
2636,0.6740021954129398,0.6826102690160398,0.6513333356470327,0.6227013673132986,0.6415742947899626,0.6507877361049058,0.6196262686579284
2637,0.6742017469538892,0.6827558775352198,0.6514899804920042,0.622835469307516,0.641718469868269,0.6509505816695089,0.619782620782025
2638,0.6744241944713154,0.6828938138462736,0.6516476634337269,0.6229743698299759,0.6418878127521739,0.651111499196525,0.6199509718163798
2639,0.674644332348052,0.6830303546125996,0.6518143676533777,0.6231124533765575,0.6420546551323916,0.6512810068275164,0.6201352686974888
2640,0.674856382672876,0.6831783744525981,0.6519855771046192,0.6232495894037162,0.6422153103013515,0.6514508665498122,0.6203165958496601
2641,0.6750800744636042,0.6833334925190006,0.6521782526580152,0.6233956946984213,0.642384675860532,0.6516315711269567,0.620503955331911
2642,0.6752596759979953,0.683465288888532,0.6523401829289378,0.6235281784437386,0.6425191015023097,0.6517895851530222,0.6206847146206986
2643,0.6754503567129573,0.6836112703026986,0.6525009008607452,0.6236743072822082,0.6426603521966839,0.6519460236744775,0.6208653161951894
2644,0.675622330275436,0.6837312033292556,0.6526570171994206,0.6238040433136273,0.6427949490069533,0.6520915449965122,0.6210100047660129
2645,0.6757924326707324,0.6838397536235222,0.6528010840204447,0.6239374693426744,0.6429069352819589,0.65223020903643,0.621158042498879
2646,0.6759739753145642,0.6839613301748309,0.6529451800362048,0.6240683019178836,0.6430043737429312,0.6523642715846889,0.6213042382158761
2647,0.6761584090316409,0.6840890652750498,0.6530840162621129,0.6242017107828052,0.6431012864514122,0.6524906358451175,0.6214420840202675
2648,0.6763337077459609,0.6842143851014416,0.6532258824133317,0.6243262392314012,0.6431880293779539,0.6526264798941375,0.6215623488466185
2649,0.6765047922609313,0.6843409267786849,0.653357385981981,0.6244449707636512,0.6432692522485495,0.6527373944821988,0.6216739008248053
2650,0.6766853683579994,0.6844807637006564,0.6534983791873962,0.6245465075203314,0.6433707501696813,0.6528487065088943,0.6217595733568234
2651,0.6768725219894193,0.6846593420175549,0.6536572209806397,0.6246711857822331,0.6434998725369223,0.6529893461058786,0.6218580951485397
2652,0.6770300361484045,0.6848123266060188,0.6537995097487372,0.6247739826641638,0.6436214292849533,0.6531134830525075,0.6219655487775485
2653,0.6771873206345631,0.6849753919437714,0.6539518540372359,0.624876068308548,0.6437597156163076,0.6532360899154194,0.6220965209872613
2654,0.6773174129348203,0.6850984548369221,0.6540863699376441,0.6249508390522213,0.6438765160561861,0.6533376261097874,0.6221970649801117
2655,0.677467703603966,0.6852354700242377,0.654219441365129,0.6250346725443229,0.6439995489355613,0.6534557325952097,0.6223006290501644
2656,0.6776229672985922,0.6853415597269019,0.6543456838065111,0.6251167720626053,0.6441120434809099,0.6535711630756509,0.6224051616093991
2657,0.6777624258881492,0.6854536685210034,0.6544440028563597,0.6251699376161702,0.6442091538064729,0.6536675657055188,0.6225121767791536
2658,0.6778877663662112,0.685548262532245,0.6545296641955354,0.6252274526073054,0.6443167273623771,0.6537421946668778,0.6226084995818825
2659,0.6779964620994381,0.6856275160370776,0.6546022484523937,0.6252714263824004,0.64441272828643,0.6538194667830641,0.6226703407858066
2660,0.678140434754571,0.6857484937253779,0.65470580919029,0.6253534694460775,0.6445446154473469,0.6539160602398709,0.6227803301711038
2661,0.6783266669110704,0.6859102358312581,0.6548427272276699,0.6254855488653653,0.6447080945692324,0.6540327158492885,0.622927622143458
2662,0.6785264223081254,0.6860807650562204,0.6549781572662073,0.6256171067673121,0.6448561979247125,0.6541485865504348,0.6230832781466418
2663,0.6787242774352993,0.68625845409803,0.6551098730142793,0.6257523942814776,0.6450189381300854,0.65426969266945,0.6232549257698631
2664,0.6789090924977349,0.6864013517410446,0.6552193926414812,0.6258682207330074,0.6451786458418415,0.6543807333887337,0.6234196451939674
2665,0.6790770287153632,0.6865189254230704,0.6553115810556511,0.6259595999561869,0.645310524117277,0.654473346469739,0.6235704009721064
2666,0.679277122537482,0.6866723673216668,0.6554439122256968,0.6260917810404021,0.6454707905757859,0.6546047334248308,0.6237577498141096
2667,0.6794909475690167,0.6868287943568858,0.6555826575958144,0.6262318938859436,0.6456277749512633,0.6547480791754451,0.6239546250177994
2668,0.6796548245712494,0.686967828583356,0.6557028629972452,0.6263551069687658,0.6457784682260115,0.6548798101299205,0.6241182921986028
2669,0.6798116809482101,0.687102093327779,0.6558102481436133,0.6264733684229198,0.6459231550974119,0.6550068897899395,0.624279965094624
2670,0.6799619341509732,0.687232653138885,0.655922257991798,0.6265941024552613,0.6460527980541961,0.6551354826921298,0.6244389502743135
2671,0.6801133802412442,0.6873677139520623,0.6560237171640442,0.6266897821249293,0.6461670595084593,0.6552483195299919,0.6245864955767803
2672,0.6802449310984717,0.6874871294993065,0.6561055228568707,0.6267756358498981,0.6462763248252037,0.6553427524776131,0.6247111098811018
2673,0.6803850012164719,0.6876281047961432,0.6562005354915963,0.626873622247077,0.6463928606597985,0.6554416854949829,0.6248349623709398
2674,0.680509798686795,0.6877478823001766,0.656294840600602,0.6269770976222993,0.6464922378599767,0.6555514031226373,0.6249523803751866
2675,0.6806252774254278,0.6878686489652202,0.6563954782542398,0.6270821952727438,0.6465872126746923,0.6556374999063677,0.6250585676988335
2676,0.6807429546368761,0.6879835695528647,0.6564788418472591,0.6271867283356161,0.6466813698310836,0.655727902120821,0.6251702651499432
2677,0.6808520967748206,0.6880893421402288,0.6565509206474758,0.6272641854980877,0.6467746066552164,0.6558202149255153,0.625270401131695
2678,0.6809572903380046,0.6881873311574034,0.6566004809416118,0.6273175849174574,0.6468577253291804,0.655911454648244,0.6253540338335247
2679,0.6810717565040062,0.6882825643210896,0.6566500010786503,0.6273624438644219,0.6469416514653579,0.6559939041605118,0.6254197375684868
2680,0.6811680616590501,0.688354390600205,0.6566901650324274,0.6273983244334448,0.6470147408234918,0.6560776633543305,0.6255101697033486
2681,0.6812725456352162,0.6884501636622267,0.6567489015925104,0.6274464773387634,0.6470886384808229,0.6561776260710708,0.6256032362096772
2682,0.6813888137720514,0.6885575598244416,0.6568238819260951,0.6275137767541328,0.6471784579403427,0.6562809442417419,0.6256796853918768
2683,0.681495702345796,0.6886575005172285,0.6569112658160028,0.627580209458358,0.6472670347540392,0.6563622374834052,0.6257580000666474
2684,0.6816176349927299,0.6887729342704498,0.6570101529326307,0.6276590446092276,0.6473714096019338,0.6564381635800018,0.6258431380373525
2685,0.6817183964037792,0.688876735037885,0.657090919186883,0.6277331424779721,0.6474676793901948,0.6565031572664068,0.625939771139947
2686,0.681844908478989,0.6889809189868308,0.6571764647482095,0.6278122609001291,0.6475617724275086,0.6565807160489767,0.6260173356556824
2687,0.6819769100395612,0.6891005708512259,0.6572754995311004,0.6278939588286018,0.6476611680502996,0.6566605369024703,0.6261262364619382
2688,0.6821044686691474,0.6892116439765192,0.657374014990147,0.6279766924523426,0.6477812110961673,0.6567438487257015,0.6262309250920123
2689,0.6822153809787217,0.689321375708064,0.6574734951134239,0.6280541794984285,0.6478871647709699,0.6568259071675521,0.6263374694775032
2690,0.6823344252090053,0.6894570566794197,0.6576011292338902,0.6281569963245615,0.648011540670676,0.6569269919544414,0.6264688665216349
2691,0.6824580369739882,0.6895993531624178,0.6577462580550361,0.628267912409136,0.648126763167524,0.6570399716727697,0.6266091289115084
2692,0.6825800755284053,0.6897292671903221,0.6578751622298961,0.6283664921323096,0.6482351783280842,0.6571487032931472,0.6267351270453716
2693,0.6826968119614353,0.689856738787094,0.6580166007308217,0.6284621958884035,0.6483475014348286,0.6572682043993965,0.6268694155932831
2694,0.682856077689176,0.6900194753079891,0.6582058355951915,0.6285778724442015,0.648509288587437,0.6574196186210753,0.6270414270995366
2695,0.683012063792765,0.6901823520679523,0.6583997442279788,0.6287025054235452,0.6486406217625158,0.6575691323891129,0.6271998674166748
2696,0.6831661282585417,0.6903221576776696,0.6585722524878588,0.6288056716851804,0.6487542344228541,0.6576988762024668,0.6273268174022026
2697,0.6833372644288268,0.6904731835510682,0.6587574155502158,0.6289058732667181,0.648884281283479,0.6578439139805872,0.6274481163384211
2698,0.6834927614429681,0.6906062752869668,0.6589231612836066,0.6289979894330264,0.6489913762222247,0.6579792895682767,0.6275677900478033
2699,0.683666829236284,0.6907578568032927,0.6590920801550505,0.6291059503483151,0.6491185348904009,0.6581150461037105,0.6277120334647251
2700,0.6838142047364258,0.6908958120735211,0.6592313809051925,0.6292050052267804,0.6492306533868867,0.6582428778282775,0.6278273619118488
2701,0.683956462616459,0.6910226839617767,0.6593510896172428,0.6292897286759623,0.6493426195881307,0.6583552723518009,0.6279375563766404
2702,0.6841286924419043,0.6911602314186792,0.659494717323925,0.6293890709011235,0.649454741238029,0.6584775865859236,0.6280641007000843
2703,0.6842826991911983,0.6912756649983522,0.6596048901062593,0.6294660897661919,0.6495556742961447,0.6585708176384902,0.6281858693858736
2704,0.6844794033022227,0.6914382061154876,0.6597602773115153,0.6295919861064194,0.6496935821479468,0.65870169354145,0.6283459573779179
2705,0.6846729221077451,0.6915997757019697,0.6599197794321464,0.6297139106767441,0.6498399748932582,0.6588437406289767,0.6285067845798323
2706,0.6848695513399037,0.6917558985958683,0.6600841457849201,0.6298347768799643,0.6499789560071266,0.6589783884307249,0.6286515895393745
2707,0.6850618204630091,0.691899121782771,0.6602439818320989,0.6299378109486387,0.6501069393320764,0.6591130422228689,0.6287843802682686
2708,0.6852746041380806,0.6920523873044679,0.6604441248724447,0.6300668751856502,0.6502732172529042,0.6592866276241145,0.6289458003635715
2709,0.6854626635917803,0.6921848358135417,0.6606549449641996,0.6301965732686756,0.6504322839237245,0.6594466284282785,0.6291106353573247
2710,0.6856432227728851,0.6923195586714883,0.6608564472381572,0.6303224778057887,0.650594936844373,0.659608869316864,0.6292722667316438
2711,0.6858323537751165,0.6924773195457185,0.6610771520396479,0.6304777074613795,0.6507923180275155,0.6597938377585801,0.6294690134049278
2712,0.6860228333011597,0.6926276384468972,0.6612932790345771,0.6306344829979104,0.650984787414725,0.6599685697835724,0.6296467284172858
2713,0.6862144014585605,0.6927685013009934,0.6614979597143522,0.6307874699099847,0.6511564862052646,0.6601369313496411,0.6298145680565992
2714,0.6863764848480098,0.6928998380762394,0.6616854995854444,0.630920718914542,0.6513022047345547,0.6602896218823382,0.6299588190592302
2715,0.6865469459436337,0.6929998130974785,0.6618496281547959,0.6310300737206062,0.6514198958582177,0.6604244188194192,0.6300829645979211
2716,0.6867479538698861,0.6931265271068867,0.6620284876314262,0.6311396251067076,0.651544273509996,0.6605718966850703,0.6302270931265511
2717,0.6869410405035737,0.6932543925895387,0.6622027753117086,0.6312495178358672,0.6516621855321588,0.6607088889035296,0.6303534536496116
2718,0.6871429125117281,0.6933815718430861,0.6623936485868309,0.6313730395468171,0.6517795148722924,0.6608439404877176,0.6304714855693238
2719,0.6873436974204454,0.6935189139843747,0.6625878075537349,0.6314999728463878,0.651902842410558,0.6609801522595107,0.6306038137071155
2720,0.6875186654130305,0.6936706946074354,0.6627806295093384,0.6316214788479484,0.65202953371666,0.6611181704056385,0.6307200698354938
2721,0.6877426093037574,0.693873065377437,0.6630369411712526,0.6318212982720677,0.6522220321016592,0.6613086638132053,0.6309053174574576
2722,0.6879388215646365,0.6940355743553076,0.6632366361275667,0.6319878712540586,0.6523859947229796,0.6614703029458691,0.6310534460403737
2723,0.688136873764222,0.6941969844095022,0.6634230103836054,0.6321284697768627,0.652512752383994,0.6616033820632579,0.6311742261572524
2724,0.6883181608856844,0.6943124028376324,0.663598982938543,0.6322119988911228,0.6526314014387249,0.6617033415457996,0.6312679439945476
2725,0.6885087261553873,0.694448336615369,0.6637786290906862,0.6322997086894743,0.6527607464758634,0.6618154651368604,0.6313765855816276
2726,0.6886693878297676,0.6945801988222607,0.6639436799651107,0.6323708023168588,0.6528839437479843,0.6619105269186768,0.6314698691095009
2727,0.6888207103077291,0.6946981458531766,0.6640887760677872,0.6324254230523221,0.6529927537642395,0.6620104269595498,0.6315625461713711
2728,0.6889895464770805,0.6948228125622242,0.6642368124694225,0.6324785626792501,0.6531124867209461,0.6621197052839161,0.6316578803538058
2729,0.6891346674719551,0.6949248368343378,0.6643718423949917,0.6325324089657365,0.6532185080541162,0.6622143705514469,0.6317231347146441
2730,0.6893020244779671,0.6950373926585632,0.6645122366656395,0.6325978831523902,0.653317956221555,0.6623171220619428,0.6318144045686487
2731,0.6894772242086726,0.6951658015650529,0.6646777460140487,0.6326907172828926,0.6534342704631622,0.6624358011058584,0.6319311592559693
2732,0.6896536631681587,0.6952702283632984,0.664841095188588,0.6327822736195698,0.6535489026156672,0.6625538100562921,0.6320338852499026
2733,0.6898415964919795,0.6953847704407301,0.6650019053082027,0.6328691429081548,0.6536583793990186,0.6626796438662336,0.6321310001516179
2734,0.6900569724719063,0.6955186221226816,0.6651889791099743,0.6329934023547543,0.653786934059374,0.6628416785654229,0.6322632398887121
2735,0.690232311543362,0.6956301787617563,0.6653575580893283,0.633101428820677,0.6538852981213121,0.6629698907377488,0.6323774611006041
2736,0.6904070326006511,0.6957723151416066,0.6655156344531705,0.6332336123298125,0.6539895714947702,0.663091069200745,0.6325050372086114
2737,0.6905977230379279,0.6959014502458607,0.6656640144243171,0.6333688096296116,0.6541264592964865,0.6632110568359222,0.6326608822937143
2738,0.6907889707970616,0.6960237924598898,0.6657919909354298,0.6334929160900806,0.6542674353636746,0.6633373453197972,0.6327926732825142
2739,0.6909466659555858,0.6960998629627196,0.6659027151484852,0.6335932308125292,0.6543852186847829,0.6634409861385823,0.6328986537865332
2740,0.6910847798133463,0.6961573520999533,0.666008133361607,0.6336835446894122,0.6544919209460283,0.6635074861437629,0.632980309802823
2741,0.6912719229666051,0.6962651693418127,0.6661528572662057,0.6337935646225171,0.6546376900222998,0.6636091126093794,0.6330816984394336
2742,0.6914643253538975,0.6963966020817332,0.6662963167713132,0.6339252829040325,0.6548098859748603,0.6637164983317694,0.6332112593388632
2743,0.6916608789881401,0.6965424184413826,0.6664507243602108,0.6340660673887659,0.654974273769114,0.6638249966851838,0.6333335627112667
2744,0.6918380667017078,0.6966699954835271,0.6665718749783521,0.6341667916794258,0.6550999078209072,0.663897843704962,0.6334371776475771
2745,0.6920543905373793,0.6968165197835623,0.6667259303915578,0.6342714341553712,0.6552419736039087,0.6640060653324686,0.6335292364021198
2746,0.6922652366353164,0.696950576470032,0.6668696321661817,0.634370408990511,0.6553754031591588,0.6641268784801356,0.633609498973486
2747,0.692505247389749,0.697105062133385,0.6670578166571356,0.634491412720742,0.6555246071994885,0.664250477107623,0.6337379048394783
2748,0.692730188588678,0.6972366850053786,0.667213526040108,0.6345922656400858,0.655667436057709,0.6643522519269189,0.633852083176085
2749,0.6929360777291448,0.6973458695735839,0.6673557326866624,0.6346863206682115,0.6557946044626202,0.6644657779960843,0.6339501142882518
2750,0.6931788985449531,0.6974816400345557,0.6675542155515268,0.6348240155062679,0.6559485205507745,0.6646157987631048,0.6340976305632607
2751,0.6933846857029369,0.697604553562982,0.6677372104334417,0.6349369583253155,0.6560771633938492,0.6647552959776244,0.6342282125235489
2752,0.6935795707135509,0.6977298945822558,0.6679246480648531,0.6350514046766677,0.6562013449209371,0.6648881730007931,0.6343584552103131
2753,0.6937554013694329,0.6978289285066867,0.6680939183768271,0.6351547014007214,0.656305092674557,0.6649980514554991,0.634465360833137
2754,0.6939047408437471,0.6979219792918604,0.6682460652550818,0.635247664407126,0.6564013477131149,0.6650981831138135,0.6345333729628566
2755,0.6940982790177088,0.6980250231186457,0.668414936251657,0.6353542855103848,0.6565305246671969,0.6652432520898823,0.6346351771057814
2756,0.6942674665239137,0.6981210977866857,0.6685868423175575,0.6354671519271236,0.6566592518933853,0.6653742991202775,0.6347443095710483
2757,0.6944362384612748,0.6982161888364466,0.6687455183342979,0.6355850822816034,0.6567756229722019,0.6655082282584551,0.6348578196878992
2758,0.6945987167987013,0.6983139605814733,0.6688982599334421,0.6356836346228579,0.6568809744283658,0.6656164317782165,0.6349626442246483
2759,0.694709364029028,0.6983719689244706,0.6689878095977896,0.6357296571369515,0.6569391178216595,0.6656645142937039,0.6349688893337644
2760,0.6948230409654018,0.6984129243458995,0.6690525596484059,0.6357635967754349,0.6569998430392179,0.6656942983779858,0.6349841807767489
2761,0.6949498531618387,0.6984844801077223,0.6691452490434052,0.6358049412800947,0.6570600629216528,0.6657405569246507,0.6350235085200335
2762,0.6950642986073235,0.6985400411670702,0.669226325746832,0.6358369693587298,0.6570873783943517,0.6657660339662566,0.6350577380742483
2763,0.6951856764346107,0.6986246924714575,0.6693279851242353,0.6358763084015782,0.6571498709895212,0.665816273914208,0.6351132710790063
2764,0.695350607226094,0.6987496846264619,0.6694641217661641,0.635958702410462,0.6572622593151182,0.6659158910085639,0.6352137946285505
2765,0.6954996097219743,0.6988493558410174,0.6695910615188724,0.63603182080876,0.6573474001383175,0.6659876605720989,0.6352858791909645
2766,0.6956486606865668,0.6989397941663974,0.6696995487858803,0.6360885590615749,0.6574223345683858,0.6660482684393083,0.6353461977559408
2767,0.6957572949969338,0.6990307774634583,0.6697981314694988,0.6361366755028348,0.6574988961532979,0.66608731884818,0.635406873721015
2768,0.6958713942892929,0.6991169405392729,0.669888789539784,0.6361883835704316,0.6575678249428847,0.6661436179966095,0.6354799808701815
2769,0.6959508290279937,0.6991716366177725,0.6699618992701121,0.6361998956401168,0.6576063054548006,0.6661538984089591,0.6355171197795458
2770,0.6960117412087888,0.6992105688647241,0.6700266052088826,0.6361986588648431,0.6576271607092232,0.6661622225377934,0.6355470082768094
2771,0.6960759234377509,0.6992279052803431,0.6700653913982639,0.6362086786661301,0.6576381090464427,0.6661625086655001,0.6355542067526385
2772,0.6961456654147575,0.6992318822100159,0.6701045532040831,0.6362162443868478,0.6576380042833756,0.6661479409296426,0.6355648279907717
2773,0.6962310268571615,0.6992472935655811,0.670156067928095,0.6362441804988163,0.6576800447331903,0.6661596330826768,0.6355828621412927
2774,0.6963444449561087,0.6992904311561843,0.6701924911471491,0.6362817166859982,0.6577175270678506,0.666172031800835,0.6356120758023515
2775,0.6964113428580998,0.6993105177577552,0.6702175604310208,0.6362972666227833,0.65775191181496,0.6661704902207511,0.6356514418712672
2776,0.6964664648810769,0.6993052353136721,0.670220244452867,0.636282622438654,0.6577575531896667,0.6661400687623998,0.6356682432133932
2777,0.6965210847839659,0.6993038752957709,0.6702178721039879,0.6362547143039812,0.6577626433200742,0.6661015253202178,0.6356838870442939
2778,0.6965657804109339,0.6993120108543395,0.6701927522442748,0.6362404087149937,0.6577658754762318,0.6660577212476927,0.6357007008125024
2779,0.6966165756979816,0.69931384089321,0.6701666304714082,0.6362353678936423,0.6577870162086124,0.6660259235154159,0.6357419306029668
2780,0.6967127965150925,0.6993584673042885,0.6701860719280748,0.6362570021811035,0.657836149877357,0.6660265397286608,0.6358181644358214
2781,0.6967860767159315,0.6993750878550469,0.6702068029854696,0.6362459754287827,0.6578736690967577,0.66600988263456,0.6358663451788913
2782,0.69682859341315,0.6993597481016802,0.6702299016650612,0.6362201647529637,0.657878427969637,0.6659731261984534,0.6358742720988545
2783,0.6968544242677168,0.6993474074247205,0.6702551566541561,0.63619830511542,0.6578767945708233,0.6659324330813579,0.6358854252438583
2784,0.6968268276306662,0.6993030195186559,0.6702553383556981,0.6361433816591782,0.6578349268232843,0.665869628196393,0.6358666897933216
2785,0.6968089143377556,0.6992491372298886,0.6702577695863822,0.6360848186647605,0.6577768601282935,0.6658005259642217,0.6358352426013048
2786,0.6968509951687951,0.6992657623304463,0.6703070486606998,0.6360817236753438,0.6577577650084134,0.6657727817042661,0.6358447207643861
2787,0.6968879406379396,0.6992657853219917,0.6703426608622242,0.6360642116955458,0.6577285185558628,0.6657290623045744,0.6358275873012645
2788,0.6968860865401771,0.6992270197521411,0.6703252976668838,0.6360019923633133,0.6576719883352427,0.6656606190221125,0.6357653904269929
2789,0.6968391191363718,0.699139180578492,0.6702791896651459,0.6359134519785202,0.6575610204960336,0.665556235101217,0.6356767408197807
2790,0.6967764703507457,0.6990330483394558,0.6701942285530669,0.6358137628831002,0.6574426695486922,0.6654374412783028,0.6355593355994309
2791,0.6967239446095463,0.6989191005031868,0.6701163170863167,0.635702863982371,0.6573079845567003,0.6653154338804586,0.6354441629539478
2792,0.6966503347725344,0.6987750446586356,0.6700038653105823,0.6355543671369694,0.6571463533423774,0.6651732886334152,0.6353042533615151
2793,0.6966198686045575,0.6986760491766982,0.6699140753609655,0.6354477432854628,0.6570299291138932,0.6650519444197391,0.6351913411701173
2794,0.6966018596196036,0.6985958071586961,0.6698498572312144,0.6353373964912044,0.6569336611954362,0.6649450724370706,0.6351038663705014
2795,0.696575948823453,0.6984997459808253,0.669770726076478,0.6352150381881981,0.656820257922142,0.6648319411542113,0.635007912420806
2796,0.6965304154883413,0.6983914980814496,0.6696864683661083,0.6350684682697483,0.6567024364891104,0.664706094947755,0.6348976334834932
2797,0.6964608232214238,0.6982696047287927,0.6695876545579738,0.6348996909559028,0.6565795765279845,0.6645534205004688,0.6347702344902052
2798,0.6963851094786644,0.6981343092168428,0.669483215656853,0.6347054559619745,0.6564508618661267,0.6644028877389845,0.6346432474367228
2799,0.6963165422520631,0.698001110496066,0.669380670386788,0.6345219007099054,0.6563199277516419,0.6642483202461048,0.6345209935516708
2800,0.6962383815360991,0.6978552669068232,0.6692690610510016,0.6343368320771213,0.6561868647195171,0.6641044160339278,0.6343950087281653
2801,0.6961441021033408,0.6977071129832738,0.6691534085831973,0.6341501315167253,0.6560334903916296,0.6639638424636265,0.6342720995345823
2802,0.6960236916480276,0.6975127754978594,0.6690051677245139,0.6339460573581308,0.6558499804759241,0.6637836659198942,0.634121236917072
2803,0.695913150953197,0.6973066672992955,0.668843765793272,0.633747179511347,0.6556639381191584,0.6635991055520282,0.6339580326221733
2804,0.6957878007513121,0.69710240878213,0.6686771434741298,0.6335482333136958,0.6554706844941938,0.6634152483632618,0.6337682832972282
2805,0.6956908596967158,0.6969280922932722,0.6685214568844472,0.6333657651203299,0.6552802442692914,0.6632451503987199,0.6336029393954894
2806,0.6955629224725017,0.6967308626073452,0.6683643060012963,0.6331756265568789,0.6550632929588078,0.6630628376405772,0.6334319716964865
2807,0.6954333229911505,0.6965382034061683,0.6682077721118956,0.6329903728958806,0.6548479534070734,0.6628789932709049,0.6332408329302757
2808,0.6952900864194357,0.6963343173795599,0.6680315646745121,0.6328001409124713,0.6546186615684516,0.6626932698382693,0.6330182436037954
2809,0.6951419850315727,0.6961373905016061,0.6678277873561627,0.6325996776973646,0.6544017053849183,0.6625042725362741,0.632802564733457
2810,0.6949934997299307,0.695955242795059,0.6676659095673734,0.6324335185182646,0.6542344154197839,0.6623349749100147,0.6326331889287792
2811,0.6948099434395691,0.6957418700660816,0.6674639373622895,0.6322282500726237,0.6540386641850316,0.6621482635985907,0.6324332969297191
2812,0.694578836903872,0.6954808497266118,0.6672286972572861,0.6319794991933684,0.6537940438994746,0.6619098656955357,0.6321971200591066
2813,0.6943324102252141,0.6951825949972132,0.6669582347520603,0.6317085287131777,0.6535427260671268,0.6616299350398889,0.6319307158243408
2814,0.6940872042893635,0.6948843972148202,0.66669484700454,0.6314388384081222,0.6532950218981959,0.6613568348181391,0.6316695104773317
2815,0.6938320375405472,0.6945987447828402,0.6664470247845509,0.6311600871776555,0.6530424068692,0.6610923812174863,0.6314133981682521
2816,0.6935670969096492,0.6943176129471532,0.6661900940673755,0.6308786099652115,0.6527831651167023,0.6608091411660986,0.6311535923382708
2817,0.6932663625180384,0.6940141011276182,0.6659034003385486,0.630567142115477,0.652484242318927,0.6604951439383188,0.6308468532858346
2818,0.6929422214304426,0.6936935247255549,0.6656009394188638,0.6302299317614553,0.6521808319911814,0.6601630988105485,0.6305250836516938
2819,0.6926436919359866,0.693371427047356,0.6652903171237977,0.629885189826301,0.6518746037796657,0.6598244069316305,0.6301933355599928
2820,0.692340074798816,0.693054122437629,0.6649837191701575,0.6295383079505281,0.6515489861831683,0.6594858517621984,0.6298470407439107
2821,0.6920501381022941,0.6927397695303801,0.6646852802640334,0.6291858138956288,0.6512381202538733,0.6591570027211204,0.6294800554316031
2822,0.6917486573753444,0.6924032442993884,0.664369568901535,0.6288343840330116,0.6509313156792752,0.6588167591183463,0.6291026092090043
2823,0.6914376530048292,0.6920657146555301,0.6640378836183757,0.6284723186263041,0.6505943062052664,0.6584703787045758,0.6287198544814373
2824,0.6911138438335092,0.691709423076056,0.6636930047005395,0.6280798179547864,0.6502436504536273,0.6581053067167711,0.6283290461746228
2825,0.6907601625705267,0.6913479896072576,0.6633217026472366,0.6276799747152949,0.6498843300577963,0.6577193905706635,0.627927812592741
2826,0.6904305367679345,0.6909731903215535,0.6629528058321911,0.6272694493438947,0.6495232273275882,0.6573466589610115,0.6275467957107668
2827,0.6901124671891038,0.690620186466042,0.6626099485516848,0.6268728070081115,0.6491724487066899,0.65699230682527,0.6271630845507123
2828,0.6897936797905533,0.690268815864874,0.6622765222068534,0.6264876267301109,0.6488211225482952,0.6566357310458575,0.626789332417136
2829,0.6894712663067301,0.689914599434284,0.6619657376318724,0.626122762350809,0.6484785340291468,0.6562745762820171,0.6264235799377189
2830,0.6891351169865649,0.6895480547834334,0.6616520005402907,0.6257656645681574,0.6481352462186002,0.6559140449848861,0.6260730689535751
2831,0.6888201692957686,0.6892024949674983,0.6613402883589952,0.6254231907289256,0.64779309553063,0.6555619105007857,0.6257236137305346
2832,0.6885037326111029,0.6888470128939111,0.6610136220224397,0.6250741533945712,0.6474508099882227,0.6552034050252643,0.6253585578929637
2833,0.6881625573544168,0.6884832012395277,0.6606652004110388,0.6247153328851015,0.6470967127752739,0.6548228272202928,0.6249926395624313
2834,0.6878258678994691,0.6881095144754732,0.6603192584607184,0.6243552467023887,0.6467339574010105,0.6544586067717792,0.624629408553109
2835,0.6875010999017117,0.6877349730765426,0.6599761137668327,0.6240055312322921,0.6463735620668031,0.6540903902705268,0.6242736699462997
2836,0.6871917003407245,0.6873844481353064,0.6596552287032107,0.6236600732579556,0.6460180585842435,0.6537361038585862,0.6239339301908433
2837,0.6869010976005214,0.6870549383826379,0.6593526054699582,0.6233244825103922,0.6456751959055591,0.6533925862674118,0.6236112810478149
2838,0.6865919575172978,0.6867196380680901,0.659040469668971,0.6229926463965225,0.6453343742364372,0.653064235949823,0.6232817516528615
2839,0.686299699944882,0.6864092052322242,0.658736244662089,0.6226630577472179,0.6449933518993793,0.652745245907779,0.6229658727616572
2840,0.6860235511710732,0.6861084008455272,0.658428005082364,0.6223421331560647,0.6446559214087143,0.6524310725913709,0.6226442659785525
2841,0.6857366994314504,0.6857909017443624,0.6581037633056777,0.6220007813257944,0.6443138843307301,0.6521126247934347,0.6223089386300489
2842,0.6854210223929005,0.6854635908677756,0.6577733401228456,0.6216428552255617,0.6439700601235978,0.6517910046906851,0.6219574805885584
2843,0.6851243738617505,0.6851573692583125,0.6574741329761179,0.6213117007768568,0.6436426053849699,0.6514825975829446,0.6216412306215121
2844,0.6848330207766897,0.6848581739249578,0.6571741737603846,0.6209886800312578,0.6433292035822453,0.6511754446854766,0.6213229698773783
2845,0.6845031311693262,0.6845305610901173,0.6568441088622649,0.6206400709027876,0.6429831050994883,0.6508418439059953,0.6209563621035781
2846,0.6841397344149325,0.6841861336153848,0.656495938895419,0.6202697294088442,0.6426289119134347,0.6505049543277359,0.6205949033214706
2847,0.6838149050999693,0.6838705752812116,0.6561804835115356,0.6199285868549136,0.6422988643413743,0.6501910356858028,0.6202694865356309
2848,0.6834767955653225,0.6835137257134749,0.6558284119891533,0.6195914294634639,0.6419497379052648,0.6498529977116037,0.6199420405255184
2849,0.6831658934844501,0.6831853036416193,0.6554954812710746,0.6192628788511207,0.6416216509892004,0.6495379046580692,0.6196173492086471
2850,0.6828521057561412,0.6828484558909647,0.6551717476751481,0.6189376572132584,0.6412929663266936,0.6492328062082637,0.6192975495306972
2851,0.6825304565760484,0.6825088869516984,0.6548460531489924,0.6186084621522835,0.6409724594678501,0.6488963424140668,0.6189712774487222
2852,0.6822331101413844,0.6821755974353038,0.6545404808677435,0.6182980335750792,0.6406603368368124,0.6485802833634051,0.6186655335400806
2853,0.6819154165431023,0.6818603331408254,0.6542291754488518,0.6179878338208906,0.6403697194294428,0.6482694254271054,0.6183528552914871
2854,0.6816160888042364,0.6815624718874241,0.6539390211665691,0.6176936731661383,0.6400687852389354,0.6479786043088083,0.6180367106042871
2855,0.6813244745702365,0.6812462587908159,0.653654686678261,0.6173985159273923,0.6397748641524144,0.647683998208948,0.6177296371809546
2856,0.681041229146647,0.6809381843250716,0.65337963582645,0.6171118475455073,0.6394866164026317,0.6473970681354915,0.6174278168626628
2857,0.6807649745103439,0.6806367045014611,0.6531117235771081,0.6168288321884445,0.6392137963675425,0.6471278665783023,0.6171489157642107
2858,0.6804864808154663,0.6803439107420028,0.6528422513190545,0.6165601495974429,0.638933791336895,0.6468636817616079,0.6168723288834207
2859,0.6801916244742593,0.6800417939267914,0.6525621591394226,0.6162755523281971,0.6386431115513488,0.6465893684429694,0.6165823454420559
2860,0.6799235646145633,0.6797647444496558,0.6522891890233389,0.615996855788811,0.6383622468570416,0.6463186926035225,0.6162861145938082
2861,0.6796753270237348,0.6794920345366806,0.652023609081197,0.6157243518397191,0.638084713934691,0.6460550612105905,0.6159957533599787
2862,0.6794367263559341,0.6792119339207447,0.6517488006807379,0.615448916106858,0.6377959429439587,0.6457825734947579,0.6156980725889745
2863,0.6792131088065847,0.6789570296485049,0.6514909320599478,0.6151839819751868,0.6375138596196084,0.645529864298121,0.6154291817423111
2864,0.678968357097875,0.6786976553612781,0.6512321298813386,0.6149107708784365,0.637236214034709,0.6452755655637932,0.6151467892923241
2865,0.6787488689024267,0.6784385946182514,0.6509924814920041,0.614650087413665,0.6369783386376457,0.6450347827206497,0.6148795120270071
2866,0.6785334999122524,0.6781907093704744,0.6507536609036169,0.6144020465901905,0.6367128385880416,0.6448023505706021,0.614618907221311
2867,0.678308408376757,0.6779422246991604,0.6505218495962178,0.614138863242569,0.6364558924391849,0.6445589475137703,0.614370104044123
2868,0.6780556409140984,0.677706756710154,0.6503038999349966,0.6138846778095622,0.6362078707157462,0.6443068379094621,0.6141258518817649
2869,0.6777921966070469,0.6774560779195999,0.6500826553176368,0.6136260991614255,0.6359714674475188,0.644066884586798,0.6138996750973202
2870,0.6775410509569367,0.6772051677190436,0.6498493661512946,0.6133509400253425,0.6357519119182177,0.6438209775757198,0.6136563059647109
2871,0.6773319205728974,0.6769700975761788,0.6496409941146715,0.613092480788972,0.6355413107614337,0.6435996004465687,0.613458000426309
2872,0.6770912453930059,0.6767027579849711,0.6493737028354262,0.6127806455173708,0.6352807191238352,0.6433428492037048,0.613204290385954
2873,0.676872866283661,0.6764693674656567,0.6491561116060328,0.612500980349945,0.635039734191126,0.6431029517570714,0.6129669821465024
2874,0.6766618067893951,0.6762508548766744,0.6489552627783912,0.61224302788592,0.6348264783914164,0.6428973182323545,0.6127594182291324
2875,0.6764740473480481,0.6760672170065447,0.6487734029362905,0.6120403397705655,0.6346389306253307,0.6427406144065263,0.6125815656064694
2876,0.6762976400414599,0.6758957132062654,0.6486130775556609,0.6118479918259869,0.6344610879407575,0.6425854462562086,0.6124071364417791
2877,0.676148541258016,0.6757336461453718,0.6484670947129508,0.6116851812878864,0.6342787086931173,0.6424331774114174,0.6122515844244429
2878,0.6760135551266652,0.6755883158927087,0.6483453656543215,0.6115297477407523,0.6340933457689595,0.6422911641199094,0.6121015510594174
2879,0.6758663107907031,0.675435652701428,0.6482227771721656,0.6113837489956688,0.6339100852341712,0.6421460554425216,0.6119496020176133
2880,0.6757607467594218,0.6753061953252197,0.6481313099471311,0.6112536152877925,0.6337501500830187,0.6420400695093357,0.611823199061946
2881,0.6756551179543082,0.6751953888567341,0.6480379973627712,0.6111342326556488,0.6336135724358072,0.6419457048021491,0.6117111882609259
2882,0.6755559520215062,0.6750885425154209,0.6479424218311022,0.6110241115196152,0.6334905800212789,0.6418281600697926,0.6115919073254041
2883,0.6754757075768905,0.6750013473681454,0.6478628651101348,0.6109276859285915,0.6333907757716464,0.6417451660134589,0.611499555928555
2884,0.6754301761146053,0.6749219211123333,0.6477948364423729,0.6108462838416477,0.6333222486549163,0.6416564614930906,0.6114193451892684
2885,0.6753467050766947,0.6748354141352249,0.6477120337695522,0.6107454411988729,0.6332490634078007,0.6415476936110829,0.6113360691309547
2886,0.6752923462325077,0.6747558048488574,0.6476465551986716,0.6106521559338465,0.6332015415219574,0.64146224842385,0.6112646766710205
2887,0.6752577422866806,0.6746901154668936,0.6475997832713472,0.6105646676427748,0.6331706620487298,0.6413897656938549,0.611192955671601
2888,0.6752181551315638,0.6746399740925656,0.6475705589183443,0.610480618200302,0.6331257386957081,0.6413121853309618,0.611119116631726
2889,0.6751925859179014,0.6745970622816011,0.6475575364041796,0.6104141639697374,0.6330822538459973,0.6412293769734092,0.6110653307242416
2890,0.6751960309340644,0.6745923313440011,0.6475679266734157,0.6103678754904642,0.6330580324121059,0.6411705206657912,0.6110034554789581
2891,0.6752244998603674,0.6746024389056882,0.64757497655349,0.6103326164697339,0.6330442068271416,0.6411257154752927,0.6109707421529357
2892,0.675224280173434,0.6745882606721751,0.647556641435483,0.6102952354180713,0.6330015896621367,0.6410647596182218,0.6109318022299071
2893,0.6752318063638982,0.6745658870343056,0.6475309079803473,0.6102391896934993,0.6329412559222287,0.6409917154606186,0.6108783577728887
2894,0.6752296530689352,0.6745465825641158,0.6475139035023862,0.6102035420104917,0.6329029779908557,0.6409327703789234,0.6108465144890074
2895,0.6752430035117644,0.6745371675991683,0.6475096033083412,0.6101688272561493,0.632886049249079,0.6408940000894784,0.6108203297007224
2896,0.6752501916341563,0.674525176886837,0.6475030654907947,0.610142170460689,0.6328698974005442,0.640850319492624,0.6108146067851761
2897,0.675270723711864,0.6745311938307044,0.6475242667997414,0.6101341080712006,0.632874601490801,0.6408312223889607,0.6108244749685039
2898,0.6753046708317122,0.6745452290514097,0.6475452872978599,0.6101408230210731,0.6328837961077696,0.6408310498549521,0.6108449049012814
2899,0.6753549996025646,0.6745821910963415,0.6475947628541977,0.610171415053213,0.6329110460031266,0.6408575696723651,0.6108985397904647
2900,0.675424483364667,0.6746394649756258,0.6476677277545237,0.6102166163721243,0.6329617440601979,0.6408931115113831,0.6109614319877441
2901,0.6754634354293246,0.6746810016183733,0.6477215564739692,0.6102395322152445,0.6329978948375989,0.6409126279427714,0.6109976205384193
2902,0.675534983868462,0.6747386951688215,0.6477896196247556,0.6102794637432685,0.633052466589185,0.6409481622470495,0.611043585669523
2903,0.6756137551194873,0.6747824446889318,0.6478433087494204,0.6103099598858499,0.6330880264188965,0.6409735919152417,0.6110589212228084
2904,0.6756883746276283,0.6748591377311268,0.6479130029072468,0.6103486605404165,0.6331284668116235,0.6410202905935153,0.6111184842821186
2905,0.6757759105773934,0.6749305360185289,0.6479935769314693,0.6103867736463398,0.6331863030312121,0.6410622453608608,0.6112039089857142
2906,0.675840650919276,0.6750014652688666,0.6480547685106854,0.6104214947729116,0.6332240600149807,0.6410748120615128,0.6112764249204339
2907,0.6759154789469164,0.6750732761304314,0.648120336935503,0.6104476319682683,0.6332532978435506,0.6411041717892625,0.6113266658346156
2908,0.6760002463035302,0.6751535419796924,0.6481900770534988,0.6104836619187239,0.6332941701533474,0.6411480381708794,0.6113811620250004
2909,0.676117581593114,0.6752575714287706,0.6482840696015832,0.6105518938821477,0.6333600730023201,0.6412286145354729,0.6114505419894634
2910,0.676255079854501,0.6753721625307086,0.6484015345308526,0.6106361061348939,0.6334407717291107,0.6413296566376284,0.6115681996596816
2911,0.6764147520671008,0.6755127499707274,0.6485457922181593,0.6107381875672553,0.633525906779565,0.6414451813157486,0.6117077715853567
2912,0.6765688442103048,0.6756460655780497,0.6486818191896385,0.610841149829299,0.6336221349350619,0.6415581838173108,0.6118443896855433
2913,0.6767358612059866,0.6757990564450825,0.6488344440567233,0.6109593663535599,0.6337509208980967,0.6416890360868435,0.6119785286847141
2914,0.6768877616055712,0.6759464677281866,0.648983517363803,0.611073596917353,0.6338761900047379,0.6418111864812321,0.6121035173312233
2915,0.6770111058988256,0.6760662163380814,0.6491034545338188,0.6111588504040415,0.6339706464609658,0.6419032445477448,0.6121944900700491
2916,0.6771452078090554,0.6762035847630095,0.6492362779082067,0.6112632051826952,0.6341016053371533,0.642024965631075,0.6123291533933044
2917,0.6772764061951465,0.6763510840952777,0.6493703784864614,0.6113728269865311,0.634245062999842,0.6421557970697896,0.6124801943110774
2918,0.6774272434882403,0.6765090406984344,0.6495171657231659,0.6114939656836045,0.6343791292694685,0.6423031436187502,0.6126307405586966
2919,0.6775739062028604,0.6766632460213021,0.6496600755077876,0.6116023288806388,0.6345118237148561,0.6424487127793059,0.612764340617935
2920,0.6777166508621228,0.6768170936521892,0.6497960144231856,0.6117142847311854,0.634646515921814,0.642607112470708,0.6128996198352618
2921,0.6778819250949377,0.6769946477021624,0.6499477147140689,0.6118467412351454,0.6348062034944928,0.642777232764025,0.6130662143186374
2922,0.6780608774377432,0.6771975857528922,0.6501331927274807,0.6119903796016855,0.6349758103259251,0.6429427607035794,0.6132523757321975
2923,0.6782488207737027,0.6774168555449303,0.6503285580270883,0.61215306989739,0.6351720975810637,0.6431261252112324,0.6134445856235752
2924,0.6784228343611837,0.677619031902721,0.6505100896742295,0.6122902183445555,0.6353404016930629,0.6432855438915049,0.6136186503706073
2925,0.6785928018264951,0.6778038629004023,0.6506991490516396,0.6124256215048156,0.6355097613776965,0.6434309696823803,0.6137927119926385
2926,0.6787924195270734,0.6780093935760793,0.6509073978566989,0.6125831832682233,0.6356914585159471,0.6435885590551365,0.6139815283158756
2927,0.6790143709771458,0.6782352981528971,0.6511279475837041,0.612765404863052,0.6359021408079822,0.6437759309012268,0.6141843327882591
2928,0.6792355777095507,0.6784565508752362,0.6513439324421233,0.6129516099585333,0.636103630495564,0.6439673533740782,0.6143833109774814
2929,0.6794618509484041,0.6786715997907793,0.6515782856343486,0.6131393625807687,0.6363077878392752,0.6441621465429063,0.6145667338024532
2930,0.6796941443591402,0.6788925454355084,0.6518161195735763,0.6133217354284893,0.636499975981087,0.6443473307952365,0.6147490802895091
2931,0.6798888265766909,0.6790877489093063,0.6520191281319643,0.6134863615446003,0.6366665201436517,0.6445117427091699,0.6149065602919082
2932,0.6800962250098614,0.6792924678868687,0.6522350105106083,0.6136691777266833,0.6368464580183228,0.6446868111767627,0.6150874016434789
2933,0.6803398513968377,0.6795216085434458,0.6524700677700647,0.6138808818520701,0.6370522546410485,0.6448876572607067,0.6153084738919905
2934,0.6805944293304693,0.6797570319026028,0.6527031718173776,0.6140770914790952,0.6372647300919154,0.645105763534785,0.6155176395548716
2935,0.6808805444059322,0.6799896498712826,0.6529395979342956,0.6142871964963126,0.6374869784692572,0.6453368413443983,0.6157379160721245
2936,0.6811615188215682,0.6802328340174231,0.6531768037703978,0.6145046088462893,0.6377135217228098,0.6455683085924026,0.6159695204127564
2937,0.6814031731663391,0.6804307535215487,0.6533739271229728,0.6146842328238317,0.6379182373127898,0.6457664977090097,0.616166732586729
2938,0.6816563966995643,0.6806367007103633,0.6535880297869587,0.6148672787702341,0.6381331391787048,0.6459725657235684,0.6163815809460458
2939,0.6819171986826312,0.6808550796938546,0.6538133846492336,0.6150677152973971,0.6383495685439722,0.6461806196199336,0.6166116120183112
2940,0.68220191225299,0.6811045082188463,0.6540565261305343,0.6152810242133365,0.6385928349640962,0.6464106632877961,0.6168477410301123
2941,0.6825062878108665,0.681368759840461,0.654321710428016,0.6154936899946992,0.63883684849986,0.6466552316736187,0.617098889398585
2942,0.6828057926089909,0.6816397079766009,0.654582300619519,0.6157115729229488,0.639088947609915,0.6469002794583263,0.6173541740569227
2943,0.6831024399831935,0.6819205302093947,0.6548504970251656,0.6159501079702452,0.6393535097967938,0.6471490715127326,0.6176204996803613
2944,0.6833939373282607,0.6821833795711394,0.6551097362732432,0.6161631866745585,0.6396009339486758,0.64739709603651,0.6178715491448488
2945,0.683650490710886,0.6824059430156574,0.6553312465023236,0.616344814082237,0.6398085771191109,0.6476242655137536,0.6180745871121838
2946,0.6838883817210795,0.6826238127513914,0.6555400167902441,0.6165048318204364,0.6399954995509709,0.6478320088122723,0.6182704292213066
2947,0.6841310058945193,0.6828365209892471,0.6557586955076729,0.6166795632580704,0.6401873977903477,0.6480487131575082,0.6184597518424243
2948,0.6843630948306918,0.6830456265141887,0.6559875785568674,0.6168647048784518,0.6403864311521399,0.64828065982087,0.6186445785431054
2949,0.6846034041999822,0.6832612196237908,0.656224780463526,0.6170693209300617,0.6405958579013458,0.6485133417924014,0.618837171563317
2950,0.6848236785689303,0.6834647934666024,0.65645229799316,0.6172601601074545,0.6407928535468785,0.6487329373482106,0.6190192579833369
2951,0.6850417825355573,0.6836721998431731,0.6566844753805869,0.6174493514743208,0.6410044769441623,0.6489555271153586,0.6192024620068992
2952,0.6852586103491505,0.683872924618264,0.6569005123269858,0.6176332945829313,0.6412141558752714,0.6491710745716615,0.619382427726059
2953,0.6854832062985297,0.6840863602372446,0.6571210275867472,0.6178234878634218,0.6414179974378683,0.6493904708536384,0.6195608572222937
2954,0.6857087536217279,0.6843042804045504,0.6573416748660653,0.6180197909374332,0.6416306907530427,0.6496071282696857,0.6197430304059158
2955,0.6859436295607686,0.6845229846840228,0.6575589268630884,0.618221775297348,0.6418539908187368,0.6498185526272142,0.6199373747387009
2956,0.6861531911530312,0.6847159132149343,0.6577589976263896,0.61840660973269,0.6420737437436479,0.6500088996323125,0.620114912949097
2957,0.6863772469983587,0.6849154870664397,0.6579616701351801,0.6186010439239988,0.6423080724292688,0.650203139188234,0.6203014099773358
2958,0.6865947134736055,0.6851152066744584,0.6581555826538535,0.6187922887612175,0.6425338534853055,0.6503873638627392,0.6204977531491334
2959,0.6868138727613193,0.6853089342899907,0.6583616274874571,0.6189770423518913,0.642768948354344,0.6505738772111788,0.6207065332555098
2960,0.6870374527440648,0.6854972518984992,0.6585967636983217,0.6191554940393266,0.6429872613947701,0.6507672883685651,0.6209061262103617
2961,0.6872512945244093,0.6856854101149558,0.6587955683315331,0.6192989574245824,0.6431696763793032,0.6509322587606389,0.6210897107070289
2962,0.6874901296622727,0.6858679531515232,0.6590046662390938,0.6194654266793177,0.6433573382574065,0.6511032339388166,0.6212884982748974
2963,0.6877299933678457,0.686051200352118,0.6592109756912661,0.619624324896326,0.6435555986769295,0.6512939096784788,0.6214750369247741
2964,0.6879753683538528,0.6862591069388548,0.6594410031269898,0.6197845306277832,0.6437538052659972,0.6515163028825364,0.6216687268937714
2965,0.688223623814443,0.686469508430409,0.6596781986081469,0.6199464389956851,0.6439522591233775,0.6517278666926211,0.6218527148703817
2966,0.6884468494721934,0.6866881672114038,0.6599099375122486,0.6201181038468788,0.6441416638538204,0.6519383745165509,0.6220244962812462
2967,0.6886908310694159,0.6869113086445451,0.6601413610798357,0.6202938835963734,0.6443360653346198,0.6521541115220294,0.6221845879018718
2968,0.6889283379643084,0.6871329789296623,0.6603716653369075,0.6204720963880737,0.6445421926011031,0.6523662180481538,0.6223628499569306
2969,0.6891669721891922,0.6873550308066456,0.6606101645471613,0.6206595805978237,0.6447493439853283,0.6525808765119274,0.622537880859369
2970,0.6894086488852047,0.6875883177311881,0.6608496267576133,0.6208552033957602,0.64494569448592,0.6528061251989034,0.6227240752620574
2971,0.6896685179789795,0.6878167491405719,0.6610882582260116,0.621050286229797,0.6451562982320261,0.6530270803766568,0.6229313050835642
2972,0.6899177169505416,0.6880392778641863,0.6613176991544114,0.6212524092809544,0.6453598088997962,0.6532394788572433,0.6231593066912336
2973,0.6901798104337835,0.6882806132148825,0.6615586826892709,0.6214777311095542,0.6455776640414239,0.6534687523005877,0.623393064601567
2974,0.6904475995141732,0.6885133874074775,0.6618041803140787,0.6216969808821909,0.6458082655548021,0.6536963691492409,0.6236267791477348
2975,0.6907214177184104,0.688753463722844,0.662062762277839,0.6219388494605652,0.6460512409856756,0.6539499666199813,0.6238698610153995
2976,0.6910236301360599,0.6890106620927525,0.6623420032033256,0.6221889013143869,0.6463081283784389,0.6542206094539524,0.6241262515314215
2977,0.6913156262201247,0.6892674064263105,0.6626216496295612,0.622444631811281,0.6465694630498571,0.6544850683569429,0.6243698695492816
2978,0.6915965788001672,0.6895102450489909,0.6628822408399084,0.6226865392019952,0.6468212246321048,0.6547308952829427,0.6246098183722946
2979,0.6918639439677696,0.6897540621862097,0.6631399091142898,0.622912217073688,0.647065410932858,0.6549677584410735,0.6248493952156622
2980,0.6921189774787655,0.6899846656269062,0.663376008343016,0.6231357143341857,0.6472925863518595,0.655187811950322,0.6250598938369187
2981,0.6923845281822448,0.6902189534378109,0.6636204365735082,0.6233503319343844,0.6475185474072181,0.6554153191274638,0.6252801956708763
2982,0.6926372728854799,0.6904453562905423,0.6638489748435005,0.6235505113358233,0.6477429567797734,0.6556341896336613,0.6254960031608228
2983,0.6928799289963095,0.6906656995896576,0.6640784881563105,0.6237513781518077,0.647973396114476,0.6558546331994262,0.625725267142236
2984,0.6931218983289055,0.6908793132353059,0.6643015308055376,0.6239518682711809,0.6481777334480455,0.6560871208138785,0.6259546339425496
2985,0.693359232808103,0.6911123794686598,0.6645240903795921,0.62414982217324,0.6483855095343694,0.6563132588681416,0.6261873970288587
2986,0.6935836516698373,0.6913366406209617,0.6647287057016428,0.6243359628874909,0.648583754988573,0.6565507952038783,0.6264089560243716
2987,0.6937941503396396,0.6915525735885779,0.664924648402852,0.6245305041262001,0.6487804554725951,0.6567881333108779,0.6266276166095924
2988,0.6939862147210943,0.6917473472972214,0.6651017257047173,0.624715653944439,0.6489701346001775,0.6570128584483209,0.6268137324747783
2989,0.694190230569235,0.6919468602781152,0.6652852285781272,0.6248933954575117,0.6491578281094708,0.6572235831603346,0.6269913811895849
2990,0.6943836980838867,0.6921312578214861,0.665461876016173,0.6250668122396111,0.6493285647568187,0.6574314451498366,0.6271616438484712
2991,0.6945792577798018,0.6923070867314188,0.6656414641792632,0.6252491365533361,0.6495205032695006,0.6576354418854923,0.6273394172505118
2992,0.6947885806157448,0.692499172310883,0.6658268464648645,0.6254399105849797,0.649719069464893,0.6578343773312666,0.6275200498548379
2993,0.6950282310099165,0.6927010988805054,0.6660183155124229,0.6256438885500774,0.6499269062332891,0.6580412622276439,0.6277170986824085
2994,0.6952715935525168,0.6929006570909018,0.6662142645525743,0.6258402827840877,0.6501353634585104,0.6582469915994242,0.6279044204281155
2995,0.6955240920712538,0.6931131653338983,0.6664216098543793,0.6260498057830894,0.6503471615462219,0.658468136016179,0.6280993058537302
2996,0.6958250288618129,0.6933639762648282,0.666666477626118,0.6263117662969659,0.6505953941560718,0.6587357646137182,0.6283618746024501
2997,0.6961509225179557,0.693650091737946,0.6669320436694992,0.6265838558067361,0.6508639685382203,0.6590131176393432,0.6286414649485511
2998,0.6964506087614214,0.6939323886776696,0.6671826277486591,0.6268505410906531,0.651129047259711,0.6592768810852377,0.6288956096173923
2999,0.6967548531083503,0.6942426102500716,0.667463852204474,0.6271271933203938,0.6514141908775859,0.6595587857661994,0.6291521629805956
3000,0.697047262771577,0.6945375964347337,0.6677414779303431,0.6274003589558965,0.6516920558288751,0.6598234028760399,0.6294043173488857
3001,0.6973444287294966,0.6948392353138243,0.6680166320936156,0.6276682483582585,0.6519674763974975,0.660081540392371,0.6296518516408163
3002,0.6976493502822102,0.695132496334446,0.6682967267084049,0.6279254131898664,0.6522230864958346,0.6603608733342796,0.6298948489522723
3003,0.697930023170319,0.6954071711058095,0.6685694384409347,0.628157635605469,0.6524759662247981,0.6606261273382797,0.6301190936297268
3004,0.6982346477569298,0.6956695835342065,0.668839051535016,0.6284018202528131,0.6527173064488988,0.6608856259639836,0.6303429500688058
3005,0.6985081009238499,0.6959101355611265,0.6691050561168576,0.6286247744055302,0.652940857215606,0.6611307344415308,0.630555355801013
3006,0.698769542115625,0.6961518709686018,0.6693427329266022,0.6288381717367798,0.6531418140343787,0.661364625053132,0.6307514271406045
3007,0.6990269242271868,0.6963938689562484,0.6695848239961435,0.6290491691599559,0.653344633280507,0.6615949023078055,0.6309460882945352
3008,0.6992834921843258,0.6966390913343201,0.6698302013220717,0.6292662437084153,0.6535470683325151,0.6618237886500663,0.6311415429393754
3009,0.6995418388493062,0.6968872201503747,0.6700849833383374,0.6294853388698584,0.6537654012081248,0.6620519217456158,0.6313658826385419
3010,0.6998172487696286,0.697155475946188,0.6703465911652089,0.6297120652083074,0.6540112722583379,0.6622954246897338,0.6316072108507396
3011,0.7000915847040117,0.6974368560709564,0.6706118710237888,0.6299366885059852,0.6542701947976299,0.6625416966541042,0.6318500507421276
3012,0.7003694320814022,0.6977235574584651,0.6708823921906838,0.6301747200154169,0.6545244138675244,0.6628022666957241,0.6321033192716679
3013,0.7006323676670677,0.6980024038270307,0.6711538366885533,0.6304019788687787,0.654774163356978,0.6630627182101791,0.6323505393728243
3014,0.700885299921863,0.6982717201200211,0.6714172213587196,0.6306273779927473,0.6550223389400893,0.6633138325259227,0.6325815225341949
3015,0.7011457548819171,0.6985384823164447,0.6716794810406214,0.6308510691675949,0.6552674973364584,0.6635616457211666,0.6328225029035622
3016,0.7013836148829972,0.6987959987571278,0.6719214375416683,0.6310543987937456,0.655492353528915,0.6637764120592792,0.6330448041831975
3017,0.7016194255197307,0.6990303816204433,0.6721672322635955,0.6312468380219387,0.6557250292309451,0.6639803066966387,0.6332637264740941
3018,0.7018418309141468,0.6992422631937703,0.6723822212540129,0.63145484918126,0.6559332374238382,0.6641591210444046,0.6334698940289186
3019,0.7020737541417655,0.6994481913943238,0.6725778747406898,0.6316264453494818,0.6561053606441447,0.6643430703798534,0.6336904478087836
3020,0.7023002281092243,0.699654479985959,0.6727789244844199,0.631793691319616,0.6562692189431466,0.6645200300460589,0.6338758148124581
3021,0.7024966708354089,0.6998523213398045,0.6729853972309467,0.631976358978499,0.6564344299135676,0.6646892786777165,0.6340667688102404
3022,0.7026769446976256,0.7000439284271744,0.6731486522619792,0.6321492315149461,0.6565892051481335,0.6648440323708503,0.6342283591828273
3023,0.7028518466426019,0.7002209049221231,0.6733187855679008,0.6323162197559127,0.6567519471661365,0.6650023118994615,0.6343905203713132
3024,0.7030350882923382,0.7004050277934656,0.6734890055458893,0.6324875703699979,0.6569198276537611,0.6651531595630906,0.6345587214028645
3025,0.7032129183980123,0.7005850137645775,0.6736525810299852,0.6326500507398256,0.6570858271440032,0.6652961204765913,0.6347255397927449
3026,0.7033879618156662,0.7007534014342758,0.6738116642734585,0.6328027753323331,0.6572434900472384,0.6654161116524111,0.6348863599945493
3027,0.7035540492416968,0.7009110079802634,0.6739577529696699,0.6329648008658231,0.6573890109647694,0.6655293998104191,0.6350382545414522
3028,0.7037254886982625,0.7010855245222224,0.6741146109869137,0.6331299267267377,0.6575611579632908,0.6656645460909346,0.6351831330703928
3029,0.7039066058532357,0.7012682581265933,0.6742728575658049,0.6333009489075907,0.6577426825584208,0.6658025557873171,0.6353368094652528
3030,0.7040961543614739,0.7014500531199814,0.6744350536430225,0.6334705013343405,0.6579264893644787,0.6659494368982084,0.6355131266511072
3031,0.7042731022906863,0.7016429602279738,0.6746023848957721,0.6336446813679274,0.6581123354927634,0.666077668210691,0.6356751073549589
3032,0.7044529104488394,0.7018346549094078,0.6747829649044675,0.6338259284147856,0.658304934297095,0.6662059309294094,0.6358615752781122
3033,0.7046355176532896,0.7020147867899635,0.674946738275772,0.6339978842509684,0.6584829616479767,0.6663566303387,0.636038982123754
3034,0.7048034461899844,0.7021828713052252,0.6750986554349849,0.6341535612499769,0.6586458547993217,0.6664691208582904,0.6361994746075299
3035,0.7049547697545283,0.7023476835664348,0.6752502651130836,0.6342871884698533,0.65880519851421,0.666587068618415,0.6363552582255351
3036,0.705117661907732,0.7025110740042025,0.6753908896355041,0.634424163629979,0.6589605468994998,0.6667001322619913,0.6365165911601972
3037,0.7052745561723108,0.7026782978014874,0.6755277605461607,0.6345624694768806,0.6591136437340746,0.6668041634718093,0.6366771566809223
3038,0.705418863765934,0.7028519150749878,0.675681108767362,0.6347070195309141,0.6592728794246601,0.6669185715823394,0.6368431550391045
3039,0.7055589243364602,0.7030176436855542,0.6758326029266801,0.6348385198402885,0.6594161926522244,0.6670477091226383,0.6369796939638785
3040,0.705718879322558,0.7031877832395744,0.6759917647553417,0.6349840900229633,0.6595627608453922,0.6671861973671879,0.6371148383102042
3041,0.7058864666866468,0.7033671237703931,0.6761518972451374,0.6351394992390894,0.6597107849683106,0.6673282781267575,0.637275261757387
3042,0.7060581844171582,0.703566392372863,0.6763342226376634,0.6353077208136767,0.6598769662127874,0.6675009163904224,0.6374424736690225
3043,0.7062550366613409,0.7037759183580063,0.6765220377496901,0.6354681437548031,0.6600643847330365,0.667686892956006,0.6376350673148709
3044,0.7064634568170256,0.7040009477539819,0.6767309915581302,0.6356614216695881,0.6602671108064883,0.6679091967576327,0.6378393733130796
3045,0.7066927085844096,0.7042262804599413,0.6769431649931593,0.6358400028430573,0.6604709995071867,0.6681337839239242,0.638042938131632
3046,0.7069174292685548,0.7044509701158012,0.6771564713632673,0.6360374868103189,0.6606693060451452,0.6683588276600293,0.6382586012510859
3047,0.7071357527443001,0.7046716258264017,0.6773659580374106,0.6362369064920336,0.6608687689777729,0.6685692416878772,0.6384796280942213
3048,0.707365698068572,0.7048963729368046,0.6775585585639607,0.6364277120989004,0.6610613259068361,0.6687706936104588,0.6387037353709994
3049,0.7075621590769383,0.7051049473840394,0.6777395117248044,0.6365961830126263,0.6612421721504489,0.6689617092360169,0.6389066835071948
3050,0.7077334273089836,0.705300948868003,0.6779027527248871,0.6367501215957355,0.6614010737140112,0.6691242924442048,0.6390816123493862
3051,0.7078998572135716,0.7054948212386394,0.678059648696901,0.6368984133574099,0.6615560819243355,0.6692863103591313,0.6392442604333566
3052,0.7080662038554459,0.7056910627567009,0.678209109702942,0.6370476073299897,0.6616970660663627,0.6694396611860496,0.6393945707414161
3053,0.7082300275303318,0.7058789925486496,0.6783595591966938,0.6371984882981272,0.6618396424158891,0.6695935501878054,0.6395432877001159
3054,0.708383725876214,0.7060767813385086,0.6785154042024522,0.6373546208974342,0.6619936678250311,0.6697527969349671,0.6397164753894834
3055,0.7085565942705531,0.706258210478414,0.678670639196994,0.6375111572260815,0.6621608151717575,0.6699119246134245,0.6398738637411245
3056,0.7087421991528335,0.7064564067975556,0.6788334748129563,0.6376873531256628,0.662323941082085,0.6700919810705677,0.6400414925590884
3057,0.708921628482831,0.7066509840240826,0.6790070580590315,0.6378668130670693,0.6624923314410014,0.6702845828423903,0.6402017591962512
3058,0.7091139317448704,0.7068524889952934,0.6791875987658954,0.6380560811109951,0.6626805729737987,0.6704764454513085,0.6403814711033513
3059,0.7093213538409353,0.7070660486792987,0.6793852792812103,0.6382451773940284,0.6628730791288465,0.6706699005605452,0.6405771379997115
3060,0.7095172480810271,0.7072783630854937,0.6795898973881316,0.6384326090792127,0.6630752327521746,0.6708662496943567,0.6407784157108277
3061,0.7097077004185703,0.7074889678098584,0.67978860905683,0.638626081052821,0.6632762871803758,0.6710476939631531,0.6409768949881268
3062,0.7098774430941682,0.7076860693570237,0.6799828715541981,0.6388172863560176,0.6634835106670842,0.6712389902937713,0.6411572322063374
3063,0.7100545970495424,0.7078865745487517,0.6801769124867969,0.639008627794485,0.663683992010353,0.6714161162968149,0.6413416716889608
3064,0.7102276183878641,0.7080903454804931,0.680368176322545,0.6391934000556896,0.6638887903678986,0.6715903673956427,0.6415411247969699
3065,0.7104110257491684,0.7082835753922611,0.6805479732294273,0.6393602445796471,0.664089178198834,0.6717592458387125,0.6417308365066277
3066,0.7105892486555984,0.7084714516643832,0.6807223173938757,0.63951808101178,0.664269897129276,0.6719224673547629,0.6419051096866196
3067,0.7107273330288972,0.7086578087010453,0.6808874651588257,0.6396622595216147,0.6644298869506917,0.6720788759478875,0.6420443465995976
3068,0.7108815521911577,0.7088405948304072,0.6810545235744163,0.6398233719354043,0.6645796431137214,0.6722277879741873,0.642174315379664
3069,0.7110281841469843,0.7090204869156782,0.6812110658087993,0.6399704019435888,0.6647338890217647,0.672364594816717,0.6423116538099923
3070,0.7111619262997173,0.7092049414552153,0.6813678249672244,0.6401330221608637,0.6649000733143373,0.672506001403911,0.6424590401135168
3071,0.7112784870350712,0.7093668838646507,0.6815115035684183,0.640276179851546,0.6650323533554959,0.6726201935440096,0.6425879239176966
3072,0.7114072084526378,0.7095236956049545,0.6816484471685724,0.6404137050266383,0.6651649744178536,0.6727102076057563,0.6427146217628095
3073,0.7115292577903787,0.7096676683115397,0.6817744526694354,0.6405418174727864,0.665293706474999,0.6728087104006759,0.6428330708230747
3074,0.7116644836108315,0.7098117716106692,0.6819031354660916,0.6406666389553071,0.6654187431302614,0.6729103015669025,0.6429547528904009
3075,0.7117951438067796,0.7099484544151898,0.6820276012365152,0.6407958971878446,0.6655538983801584,0.6730154289444356,0.6430891682312849
3076,0.711933932020919,0.710092040793511,0.6821580960935343,0.6409266089334013,0.6657004379653084,0.6731364822979915,0.6432167771584896
3077,0.7120799928382768,0.710233330812575,0.6823062111098123,0.6410700675808154,0.6658498332124436,0.6732746234939716,0.6433435810147434
3078,0.7122284749147731,0.7103787644858083,0.6824615621958163,0.6412130975900541,0.6659916610898022,0.6734169350137764,0.6434589602055883
3079,0.7123847977655803,0.7105341920303012,0.6826214671498491,0.6413506091274586,0.6661449995526748,0.6735598769768114,0.6435878932512072
3080,0.7125466945652019,0.7106930801842403,0.6827904378202933,0.6414975870488293,0.66629207059101,0.6737124659016052,0.643728989102605
3081,0.712711259318378,0.7108640879944066,0.6829694702221762,0.6416435207896867,0.6664392287445402,0.673874300244363,0.643868425298903
3082,0.712877433129312,0.7110294113815996,0.6831642345544158,0.6417906231407257,0.6665926576655267,0.6740340011527469,0.6440166215407211
3083,0.7130508109679813,0.7112017152063537,0.6833534702453155,0.6419441835926791,0.6667436721154223,0.6741945317406217,0.6441646861911685
3084,0.7132287180682012,0.7113883789661352,0.6835387554237436,0.6420872202833927,0.666907452550863,0.6743644951061827,0.6443184013488945
3085,0.713404543505511,0.7115712226838367,0.6837182231857919,0.6422370044099976,0.6670613775539064,0.674529193248282,0.6444816192125874
3086,0.7135836501729166,0.7117728135391553,0.6839012113930139,0.6423857764827655,0.6672274400576069,0.6746973133896171,0.6446510635989513
3087,0.7137825345325662,0.7119706603521734,0.6840810752475914,0.6425391421458235,0.6674088001577461,0.6748832949302888,0.6448391193856085
3088,0.7139784062677299,0.712161708247012,0.6842588263623405,0.6426883513350914,0.6675892331681478,0.6750590552980589,0.6450224525957727
3089,0.7141558195565201,0.7123494192805733,0.6844296059096941,0.642840062546674,0.6677668460059465,0.6752296003823697,0.645204334680478
3090,0.7143303451698382,0.7125146590786533,0.6845888278762005,0.6429826139170579,0.6679389904292341,0.6754004054850419,0.6453747419883082
3091,0.7144921422922756,0.7126804369105721,0.6847483061080943,0.6431295446121166,0.6681143191094083,0.6755735935379799,0.6455418012578671
3092,0.7146434369624309,0.7128343075376585,0.6849088572931697,0.6432681775196658,0.6682742635206786,0.6757375424478969,0.6456995269728114
3093,0.7147931016883862,0.712984139599486,0.6850713296215123,0.6433910852365644,0.6684288917200375,0.6759047834638531,0.6458504181413414
3094,0.7149414850408069,0.7131308180779075,0.6852359284604641,0.6435129704050109,0.6685784136379525,0.676071261261596,0.6459927525314435
3095,0.7150905535681493,0.7132734944751347,0.6854005971936552,0.6436337660456689,0.6687141278488526,0.6762379444939357,0.6461259997336318
3096,0.7152283345585235,0.71341287054194,0.6855601234396383,0.6437685844834508,0.6688511978956984,0.6763923115969105,0.6462529810617925
3097,0.7153765245017416,0.7135539578793079,0.6857299860145714,0.6439111102518724,0.6690089062633829,0.6765525059179168,0.6463797383066512
3098,0.7155256027649891,0.7137001807221387,0.6858905635546901,0.64404531618434,0.6691700960313132,0.6767059545624285,0.6465091123734414
3099,0.7156942437650801,0.7138566032908548,0.6860523512365031,0.6441784171363384,0.6693338337653516,0.676860885964979,0.6466579112056428
3100,0.7158563512255978,0.7140250282946775,0.6862196469072602,0.6443229347439441,0.6694994113550423,0.6770267315384145,0.6468079971607417
3101,0.716031611924108,0.7141971707366545,0.6864027246971268,0.6444706677764751,0.6696740694191398,0.6772020762795952,0.6469719006216906
3102,0.7162154203496547,0.7143739291712036,0.6865819124934472,0.6446235736647523,0.6698385330408876,0.6773801616692428,0.6471397047223799
3103,0.7164010633397787,0.7145509090909872,0.6867701668418286,0.6447957463494974,0.6700108696680779,0.6775582243010554,0.6473061329260863
3104,0.7165933204258561,0.7147409794499199,0.6869592293513201,0.6449676093033745,0.6701908740809295,0.6777403601887555,0.6474802684165882
3105,0.7167903377014264,0.7149320346050503,0.6871515256689125,0.6451357366314757,0.6703646336263186,0.6779284070135688,0.6476465489931248
3106,0.7169805076161512,0.7151215909180304,0.6873440448743999,0.6453016634709866,0.6705317052292721,0.6781251813260731,0.6478246791852471
3107,0.7171780579419706,0.7153061576135471,0.6875402452383177,0.6454671995246708,0.6706935885417938,0.6783276252232052,0.6480039312052152
3108,0.7173712153042617,0.7155012201293098,0.6877340306025435,0.6456242878432157,0.6708712540350812,0.6785299300500521,0.6481751126821111
3109,0.7175594577559722,0.7156785544403955,0.687925081936789,0.6457766833260188,0.6710534381248223,0.6787276769353059,0.648338209364381
3110,0.7177517956316525,0.715869230302991,0.6881161153257945,0.6459365832816261,0.6712414675636612,0.6789290098591525,0.64850371719109
3111,0.7179432743050664,0.7160654139545267,0.688307727296662,0.6461061998448346,0.6714384390150967,0.6791275603401983,0.6486798595649012
3112,0.7181520558398345,0.7162472737127576,0.6885075217331134,0.646283743796963,0.6716375685779413,0.679336068280544,0.6488419839130716
3113,0.7183452634097008,0.7164479107837838,0.6887144410923479,0.646452705412933,0.6718494830591,0.6795470590900089,0.6489985232577093
3114,0.7185358493178166,0.7166404157233897,0.6889078877686804,0.6466203318444811,0.6720450920564447,0.6797477378706844,0.649156444318088
3115,0.718720687897373,0.7168205074098941,0.6890958321201803,0.6467924980458705,0.6722408983820627,0.67993776005129,0.6493157450974337
3116,0.7189084508831365,0.7170067065812595,0.6892878948007363,0.6469584884587574,0.6724357831839092,0.6801357708234704,0.649472355219962
3117,0.7191238126189795,0.7171927956947348,0.6894821255870294,0.6471293186445706,0.6726364389543102,0.6803344562693113,0.6496328243334915
3118,0.7193378433247206,0.7173802675252583,0.6896735704276761,0.6473007534981373,0.6728274360756028,0.6805386700687107,0.6498070951417874
3119,0.7195724918876963,0.7175707259755035,0.6898722994723752,0.647476906178285,0.6730242001122241,0.6807519303281139,0.6499893183148269
3120,0.7198025815689635,0.7177658874553547,0.6900638792569065,0.6476597792706563,0.6732224892308419,0.6809651609776057,0.6501618610354635
3121,0.7200393048230549,0.7179512048838695,0.6902586893233048,0.6478370573097685,0.6734171487087257,0.6811703529748585,0.6503308408277433
3122,0.720262074957831,0.7181296786723816,0.690452090476564,0.6480114987957292,0.6736105598570529,0.6813801579801381,0.6504898595197575
3123,0.7204826646021257,0.7183110301481529,0.6906437550652453,0.6481832732847396,0.6738040744822669,0.681584036207037,0.6506368001781451
3124,0.7207001600279495,0.7184947238502668,0.6908374456314686,0.6483521465263011,0.6739867125516463,0.6817903246465942,0.6508017398559008
3125,0.7209078277902927,0.7186734586865324,0.69102793271744,0.6485244866618578,0.6741661330230523,0.6819877804861222,0.6509573943368562
3126,0.7211251203208915,0.718860416524083,0.691217324734575,0.6486955160406971,0.6743533525143467,0.682188432110003,0.6511231656623451
3127,0.7213300498103518,0.7190496531769881,0.6914039438443831,0.6488703479691318,0.6745385998083306,0.6823867332633746,0.6512815232690816
3128,0.7215347237592841,0.719248754851366,0.6915924674448581,0.6490502411711562,0.6747253344191241,0.6825928222060285,0.6514482386162512
3129,0.7217308550926439,0.7194487554405576,0.6917811828770579,0.6492113686787323,0.6749076003527672,0.6827903919090239,0.6516185513589692
3130,0.7219405953832349,0.7196478361391112,0.6919775750979402,0.6493916448894528,0.6750964396167943,0.6829948044471384,0.6517835128220792
3131,0.7221350643864022,0.7198386066679474,0.6921594623172199,0.6495498462364256,0.6752792240411416,0.6832018923427455,0.651965019926891
3132,0.722340219965965,0.7200476348458607,0.6923429485751319,0.649727217603217,0.6754743520825913,0.6834156064298321,0.652152405706787
3133,0.7225404698255663,0.7202491563157363,0.6925260216800652,0.6499085516268552,0.6756589454652941,0.6836251637522686,0.6523325896627152
3134,0.7227550522708199,0.7204591926026344,0.6927131050673756,0.650091566030112,0.675845604780964,0.6838166241215695,0.6525219453367203
3135,0.7229962353657349,0.7206794434313943,0.6929182463105841,0.6502804758256385,0.6760592097690468,0.6840094539638659,0.652714489225475
3136,0.7232575288681973,0.7208969963126253,0.6931303628175168,0.6504846767540977,0.6762761908048361,0.6842120267976333,0.652906824531607
3137,0.7235292364210657,0.7211354700766415,0.6933703299833509,0.6507008467509424,0.6765169414794157,0.6844352469350796,0.6531154204054336
3138,0.7238130465723579,0.7213729610055125,0.6936155233975647,0.6509102921110281,0.6767555458759229,0.684658871020859,0.6533141129460074
3139,0.7241015634929677,0.7216175102055586,0.6938649887780806,0.6511168830126847,0.6769950614463329,0.6848786810488054,0.6535272992029701
3140,0.7243829346890536,0.7218725391976573,0.6941126279264235,0.6513367337260234,0.6772365170901088,0.6851136373635016,0.6537527547240021
3141,0.7246837807921729,0.7221477752466539,0.6943798840833407,0.6515728286112553,0.6775044770816016,0.6853534494068997,0.6539974356672059
3142,0.7249831160891563,0.7224274487985413,0.6946566017848517,0.65181104869464,0.6777612512949683,0.6856006841683325,0.6542398529943155
3143,0.7252790567066482,0.7227067433520176,0.6949349598134706,0.6520447058983863,0.6780070566569489,0.6858482206248142,0.6544723036242698
3144,0.7255745394536299,0.7229818999349078,0.6952029551229911,0.6522803610933845,0.6782521887941819,0.6860884992197308,0.6546955050915937
3145,0.7258502395504255,0.7232564136292302,0.6954622700961588,0.6525137895627373,0.6784925196744449,0.6863265111959116,0.6549200881975634
3146,0.7261140674585995,0.7235256042595084,0.6957037963619299,0.6527455886506688,0.6787262201443125,0.6865554912534156,0.6551240279147542
3147,0.7263339320732405,0.7237626606641242,0.6959101054719745,0.6529310641888361,0.6789272532313987,0.6867391261020549,0.6552831847553094
3148,0.7265356033492184,0.7239590186716622,0.6960978383020977,0.6531129503391889,0.6791110003461118,0.686916058726378,0.6554138652241441
3149,0.7267228518228763,0.7241310377276065,0.6962732406348427,0.6532726919619307,0.6792762625747071,0.687077734945951,0.6555367355306948
3150,0.7269056099507643,0.7242920232854568,0.6964305498124526,0.6534004217492726,0.6794304129752751,0.6872238154538886,0.6556567078626832
3151,0.7270882506119174,0.7244488678383052,0.6965770359487539,0.6535251806869448,0.6795798578617129,0.6873682875613318,0.6557761758354497
3152,0.7272559270688153,0.7246007823841846,0.6967177164550453,0.6536441494074127,0.6797192055256693,0.6875100604356122,0.655892087540177
3153,0.7274219913796862,0.7247437704036728,0.6968569065019132,0.6537717892492394,0.6798746027689166,0.6876592436075082,0.6560222254692938
3154,0.7275908471668562,0.7248979126337781,0.6969973702510355,0.6539072529593766,0.6800123502131079,0.6878000130038199,0.6561546452779933
3155,0.7277610607474285,0.7250636931287766,0.6971495958465475,0.6540388807014078,0.6801507884090181,0.6879446386149801,0.6562968696645475
3156,0.7279438496601393,0.7252321727214033,0.6972998635230325,0.654170127322603,0.6803049528633232,0.6880862109809243,0.6564509181376369
3157,0.7281198380670033,0.725399007022455,0.6974547155457977,0.6542931191775543,0.6804682650761621,0.6882254172052137,0.656606185429839
3158,0.7282934105078885,0.7255667091796022,0.6975868063894523,0.6544193621423917,0.6806222146438692,0.6883650602742897,0.6567612052243904
3159,0.7284611043542288,0.7257175920211856,0.6977128302491507,0.6545418287814524,0.6807699681641376,0.6884941467406263,0.6569156163946326
3160,0.7286260948139095,0.7258632018717975,0.6978325971594628,0.6546547899739444,0.6809130807762337,0.6886160364439867,0.6570483720534183
3161,0.7287750483843715,0.7259986241358689,0.6979394185569844,0.6547701077711678,0.6810221878908964,0.6887144766757357,0.6571672678001491
3162,0.7289098050549234,0.7261104068537458,0.6980282470517055,0.6548813370902732,0.6811131751975508,0.6888075018030856,0.6572772032321665
3163,0.7290488085664045,0.7262264032112513,0.6981267010387114,0.6549853116474844,0.6812166968819314,0.6888879361327056,0.6573987408614533
3164,0.7291820463475388,0.726334237072339,0.6982184689310403,0.6550892800722273,0.681311290030327,0.6889635233822343,0.6575162746264784
3165,0.7293092526577122,0.7264418324244051,0.6983048955783021,0.6551871254652215,0.6814079905618101,0.6890392248960499,0.6576303935135235
3166,0.7294184605514025,0.7265320795188702,0.6983817368529659,0.6552714261433783,0.6814935241385771,0.6890985247715987,0.6577326851735729
3167,0.7295345831705247,0.7266189859983825,0.6984656195306499,0.6553667217131776,0.6815844635577588,0.6891735271058275,0.6578402550988705
3168,0.7296313246807136,0.7267209559388256,0.6985594678706093,0.6554663323997711,0.6816704579068317,0.6892490304294187,0.6579448450479541
3169,0.7297377849627928,0.7268308226112004,0.6986687234367087,0.6555597844565444,0.6817629313620426,0.6893458853389959,0.6580417528411886
3170,0.729863715829605,0.726940504874881,0.6987906318576234,0.6556803810893883,0.6818972990194081,0.6894576298127084,0.6581310976917716
3171,0.7300033436252023,0.7270660461959135,0.6989100623578638,0.6558081611306905,0.682043801771939,0.6895779105549997,0.6582476753649265
3172,0.7301759356465686,0.7272141923503636,0.6990368506365641,0.6559462806577876,0.6821858626774041,0.6897184029097151,0.6583781891033211
3173,0.7303613778366311,0.727375892147204,0.6991991464689649,0.6560951127827127,0.682354286108124,0.6898701793732787,0.6585288083620326
3174,0.7305395928325634,0.7275409994959554,0.6993559628647052,0.656244350350595,0.6825032187474311,0.690004695796866,0.6586726536498753
3175,0.7307207540247185,0.7277068565970292,0.6995112583774861,0.6563877802828559,0.6826420480678242,0.6901539131497136,0.658820152543325
3176,0.7309005529455751,0.7278716675637016,0.6996765654002154,0.6565434460045619,0.6827916490635462,0.6903086758418027,0.6589667370278799
3177,0.7310835245676655,0.7280475187816563,0.6998353384301045,0.6566999699457537,0.6829351352567242,0.6904689522092291,0.6591124147440159
3178,0.7312830279195035,0.7282390298394629,0.7000015598548636,0.6568587467897604,0.6830953840438457,0.690645894833176,0.6592759918352284
3179,0.7314835564774086,0.7284264804213921,0.7001693087153072,0.6570157597946813,0.6832581437194948,0.6908218753132271,0.6594578284442225
3180,0.7316803577648606,0.7286072582336809,0.7003399824802112,0.6571668529410987,0.6834226828843694,0.6909911994699652,0.6596404443574628
3181,0.731881661656703,0.7287850679565084,0.7005166383939272,0.6573212897601657,0.6835851236000888,0.6911597699337534,0.6598032818492816
3182,0.7320543787730553,0.7289343440814674,0.7006548354428885,0.6574512129165273,0.6837064664481829,0.6913036910057739,0.6599536054813591
3183,0.7322169348503726,0.729079339466877,0.7007873545754166,0.6575660725137221,0.6838187580664434,0.6914417578000354,0.6600780287609092
3184,0.7324026241914424,0.7292405529077817,0.700937845134427,0.6576856290894028,0.6839477258075627,0.6915903934264842,0.6602156309146868
3185,0.7325801738765272,0.7293924882400875,0.7010746711414195,0.6578074775017692,0.684078229282395,0.6917326634001876,0.6603499888477272
3186,0.7327507050807764,0.729542942686831,0.7012232587169933,0.6579489980502375,0.6842056224820763,0.6918775106544862,0.6604946321965783
3187,0.7329328466326047,0.7296996817419695,0.7013839632531649,0.6580933971914231,0.6843389900701596,0.6920369564754989,0.6606288647787497
3188,0.7331239321771299,0.7298486189075708,0.7015452152341384,0.6582370222024043,0.6844714891828714,0.6921998316020425,0.6607641177010841
3189,0.7333284650105781,0.7300112155060369,0.7017027599296763,0.6583917570697307,0.6846114013703752,0.6923630659131096,0.6609068589206915
3190,0.733534567685307,0.730179989788921,0.7018589660028641,0.6585628144752154,0.6847836270484364,0.6925266294528498,0.6610858011165084
3191,0.7337365641653518,0.7303551360782914,0.7020141101862254,0.6587288761873389,0.6849552481391806,0.6926929154936199,0.6612641562617527
3192,0.7339401248096036,0.7305278361467533,0.7021673838074272,0.6589024210880632,0.685123751702651,0.6928648670996684,0.6614402901674671
3193,0.734140503896308,0.7307002105078751,0.7023140083814825,0.6590686868074356,0.6852849965253511,0.6930407696913143,0.6616163157365096
3194,0.7343224993384943,0.7308670417375353,0.7024542887078312,0.6592360362266949,0.685427930995951,0.6932040503674365,0.66177240854901
3195,0.7344854292663332,0.7310171987087611,0.7025842216145691,0.659382945618554,0.6855606943692967,0.6933399038086787,0.6619154722936891
3196,0.7346358543736324,0.731166558073437,0.7027057768425627,0.6595334752760258,0.6856896199320144,0.6934707272929709,0.6620552372252517
3197,0.7347804968091805,0.7313162033263123,0.7028281544258458,0.6596757886759443,0.6858154646780272,0.6935801662037354,0.6621906342141404
3198,0.7349243234096596,0.7314660900734481,0.7029472570703836,0.6598159392160663,0.6859343098768299,0.693697123903317,0.6623091497306544
3199,0.735048702840477,0.7316053413808474,0.703065717151158,0.6599472915470279,0.6860388723211182,0.6938070492127765,0.6624179532136072
3200,0.7351626511708291,0.731737167578549,0.7031836054274304,0.6600733533905655,0.6861370254838814,0.6939166257005412,0.6625276802129556
3201,0.7352872715790256,0.7318717203348507,0.7033046872922893,0.6602052105946414,0.686245872890775,0.6940346298301887,0.662637716928355
3202,0.7354095763200517,0.7320011948724876,0.7034185873892802,0.6603309768492054,0.6863538725630713,0.6941470860273173,0.6627410627436461
3203,0.7355318212093419,0.732122876331932,0.703529760289895,0.6604480600756084,0.6864716475458096,0.6942626609600564,0.6628597893430979
3204,0.735646656363605,0.732254274613064,0.7036361018396728,0.660563162479886,0.6865920919802657,0.6943756184066187,0.6629793772072707
3205,0.7357586353086656,0.7323765805084166,0.7037466430850134,0.6606746611665569,0.6866999483644666,0.6944936172975062,0.6630853148857728
3206,0.7358666604487806,0.732496861348091,0.7038474874754093,0.6607868016270702,0.6868031583423283,0.6946061870972737,0.6631896507543008
3207,0.7359716486389904,0.7326073575736671,0.7039389808233499,0.6608832456125758,0.6868978109870378,0.6947108509704152,0.663275468466943
3208,0.7360638527926086,0.7327156005821476,0.7040301983797053,0.6609772960177291,0.6869914530439714,0.6947995662632133,0.6633589606572579
3209,0.7361693403593855,0.7328238865052611,0.704124017012709,0.661069606416553,0.6870829257080159,0.694884971902775,0.6634416875521157
3210,0.7362555117194736,0.732923577413527,0.7042163216056306,0.661156035572943,0.6871720331111983,0.6949692596163208,0.6635391880720547
3211,0.7363331749889857,0.7330165847304034,0.7042890871248664,0.6612456953680319,0.6872373989925844,0.6950336617349175,0.6636259982269456
3212,0.7363934309594393,0.7331066331559548,0.7043594233379199,0.6613255040017652,0.6872984591730479,0.6951086214061821,0.6637024534199228
3213,0.7364638401629717,0.7332074221902294,0.7044297974355762,0.6614046456889472,0.6873665063773431,0.6951887327431334,0.6637862320658423
3214,0.7365227130520411,0.7333010777170992,0.7044984308595027,0.6614736664560754,0.6874374248815253,0.6952714865658491,0.6638529806457278
3215,0.7365848239900424,0.7333970359909622,0.7045768559259724,0.6615560698466583,0.6875045783979543,0.6953624312252156,0.6639234071137963
3216,0.7366405805667254,0.733494714493645,0.7046574467560809,0.6616477387301128,0.6875630734168158,0.695455900590326,0.6639938368009111
3217,0.7366916367885519,0.7335958983705415,0.7047403882177397,0.6617378056497706,0.6876199447295506,0.6955467106380249,0.6640759489595595
3218,0.7367739497205161,0.7336975325719196,0.704826943218088,0.6618327286793443,0.6876799426969464,0.6956355998774202,0.6641667851351925
3219,0.7368570891056928,0.7337990725105745,0.704928403181559,0.66192617169054,0.6877529769284589,0.6957247646516617,0.6642662657742381
3220,0.7369429138198227,0.7338917185446603,0.7050293908326836,0.662020382215243,0.6878224167015669,0.6958106672788243,0.6643487495940144
3221,0.737036657238282,0.7339823711612086,0.7051329555684063,0.6621017084679364,0.6878851690355394,0.6958795964982386,0.6644195132073966
3222,0.7371291050153135,0.7340768270071167,0.7052332771365574,0.6621845443815001,0.6879675964271541,0.6959569450297038,0.66450171099424
3223,0.7372205867208066,0.7341738056200353,0.7053429903050749,0.6622783312673569,0.6880531505496041,0.6960676735569613,0.664579110931036
3224,0.7373187286768789,0.7342750294704146,0.7054509254233114,0.6623656246514045,0.6881498469081175,0.696170125185091,0.6646888593145112
3225,0.7374171530748808,0.7343833318399412,0.70556333825859,0.6624555139333628,0.6882424253638505,0.6962706834524168,0.6647856053714624
3226,0.7375184864455612,0.7345029319177927,0.7056771049452613,0.6625522232629293,0.6883342075669237,0.6963701740962718,0.6648749421435383
3227,0.7376118760002592,0.7346271905355983,0.7057904826406665,0.6626474621534423,0.6884257368076978,0.6964685697300771,0.6649688429422064
3228,0.7377030872418286,0.7347477712709378,0.7058923481957124,0.6627317617447572,0.6885150530286732,0.6965558271922768,0.6650762875757137
3229,0.737793893265157,0.7348590618344094,0.7059856335815831,0.6628001306551798,0.6886102658163724,0.6966414359118897,0.6651716730580078
3230,0.7378956783396377,0.7349684339971272,0.7060767844630769,0.6628737286213287,0.6886988260550095,0.6967364788142781,0.6652549552405184
3231,0.7379860231857902,0.7350726104042632,0.7061546114754282,0.6629392467345698,0.6887873585832317,0.6968199385614342,0.6653146124184438
3232,0.7380745804343107,0.7351621255507022,0.7062234086343515,0.663005302222955,0.6888766287228876,0.6968908218103615,0.6653715933770551
3233,0.7381586507702422,0.7352406558297755,0.7062809709642558,0.6630675266440342,0.6889579709170367,0.6969636152972354,0.6654239287474886
3234,0.7382368303822893,0.7353125191611005,0.7063411631268882,0.6631247215106243,0.6890438385821029,0.6970373779567536,0.6654738966751677
3235,0.7383106732013195,0.7353717553864562,0.7063929312357659,0.663191089761108,0.6891309374586911,0.6971074547226714,0.665525954862412
3236,0.7383787154940824,0.7354268316372854,0.7064518793077303,0.6632569037256553,0.6892166843670026,0.6971814290700038,0.6655768090245215
3237,0.738448421211068,0.7354778551285904,0.70651361350736,0.6633236664431903,0.689295036083522,0.6972546509979528,0.6656344695071906
3238,0.7384896747401489,0.735522889828322,0.7065779921577142,0.6633755559253609,0.6893476450114134,0.697307839179157,0.6656732917329375
3239,0.7385298870636952,0.7355659757115174,0.7066512401998397,0.6634334768964212,0.6893967343257486,0.6973688782632846,0.6657112833299154
3240,0.7385612255298621,0.7356090324907683,0.7067251785630461,0.6634913131626383,0.6894462443626027,0.6974424889116533,0.6657451487349791
3241,0.7386028272896842,0.7356671786063322,0.706801553201271,0.6635523806556289,0.6894920887374343,0.6975101474004385,0.6657729370626935
3242,0.7386422561160505,0.7357200246033843,0.7068831584954889,0.6636045595198364,0.6895293652063472,0.6975648998179615,0.6658013431608408
3243,0.7386848551239933,0.7357937202347412,0.7069645428464697,0.6636735309448114,0.6895928212477509,0.6976392389760101,0.6658422118641977
3244,0.7387261038391355,0.7358690261301959,0.7070507489227797,0.6637577216059147,0.689661967401016,0.6977102705302826,0.6658818167319402
3245,0.7387713046304085,0.7359429027363192,0.7071447851321686,0.6638403840620952,0.6897329107314425,0.6977855421172583,0.6659181678879035
3246,0.7388165592154751,0.7360180563840644,0.7072378210164428,0.6639224769483585,0.6898145936052089,0.6978594691104693,0.6659610351174123
3247,0.738873443698692,0.7360987355917985,0.7073353986169667,0.6640012262161428,0.6898968166952325,0.6979355096665747,0.6660067302347477
3248,0.738946817731011,0.7361798824392929,0.7074248544396258,0.6640741855453809,0.6899710132538652,0.6980128121900886,0.6660562970703298
3249,0.7390211763369363,0.7362579283335691,0.7075098440600311,0.6641430002046401,0.6900318566819498,0.6980827561525637,0.6661127375194764
3250,0.7390847796129736,0.7363318601237021,0.7075937691815215,0.6642202505489202,0.6900955484326351,0.6981572947739046,0.666169749106775
3251,0.7391512619781643,0.7363981650608545,0.7076798135384325,0.6643001759781422,0.6901618634728484,0.6982279741020203,0.6662269383001267
3252,0.739215063388453,0.7364624732603059,0.7077466426456294,0.6643789989809707,0.6902363767273266,0.6983041964199479,0.6662925680398253
3253,0.7392617558720443,0.7365286574205927,0.7078209182015975,0.6644582713381683,0.6903042111141067,0.6983763379549044,0.6663544482500031
3254,0.739308099889074,0.7365882099403136,0.7078926956016222,0.6645178031925718,0.6903727070372667,0.6984466387341971,0.6664108242274203
3255,0.7393520766740712,0.736626198399932,0.7079570322408902,0.6645657324180142,0.690444318093315,0.6985133034596519,0.6664664210506195
3256,0.7393869461392658,0.7366581821484699,0.7080172752855689,0.6646161987509089,0.6905135392160082,0.698573109182384,0.6665231066689961
3257,0.7394294071904745,0.7366891979680121,0.7080801738354148,0.6646561390267979,0.6905869213819282,0.6986286241037389,0.6665635114691761
3258,0.7394718187290278,0.7367311983207023,0.7081398830018731,0.6646902461354942,0.6906715976380242,0.698679863321707,0.66659782315778
3259,0.7395156306417251,0.7367701015278595,0.7081970389043359,0.6647201342764091,0.6907299436290906,0.6987245081320069,0.666635231443986
3260,0.7395554600337635,0.736817272462884,0.70825271495188,0.6647461842113205,0.6907979898192702,0.6987719282079978,0.6666744714228378
3261,0.7396002922243101,0.7368557837985943,0.7083116690409347,0.6647755005088899,0.6908504056924728,0.6988127465187106,0.6667065094708162
3262,0.7396419935776853,0.7368918162182515,0.708364629108686,0.6648018665087252,0.6908928943735132,0.6988546992882004,0.6667419622860514
3263,0.7396840020522389,0.7369259794988323,0.7084157496460513,0.6648287960169499,0.6909264294985766,0.698892867288618,0.6667873680551241
3264,0.7397291807582321,0.7369571842437852,0.7084692393663473,0.664857308187667,0.6909444910210791,0.6989231290688276,0.6668323467709356
3265,0.7397611181899689,0.7369949899102733,0.7085205039808853,0.664882583618309,0.6909669368607405,0.6989495899252025,0.666870067933729
3266,0.7397742885203538,0.7370247676366171,0.7085672295311136,0.6649086096065252,0.6909838942786501,0.6989732257725453,0.6669053833087163
3267,0.7397696493979861,0.7370491940703989,0.7085995612227777,0.6649406058843116,0.6909913330313227,0.6989903490530763,0.6669402890807964
3268,0.739759824917296,0.7370672709287295,0.7086219220906436,0.6649697312739142,0.6909944035832863,0.6990052245911406,0.6669610938982132
3269,0.7397418526021973,0.7370810594305436,0.7086557690533842,0.6650061196008386,0.691008105980129,0.6990199732143564,0.6669822191443181
3270,0.7397108807009246,0.7370863335466632,0.7086794905493514,0.6650343304186739,0.6910227572988424,0.6990262873598185,0.6669874057245726
3271,0.7396886707093049,0.7370858119816365,0.708699837065721,0.6650541151684639,0.6910324170539438,0.699021273976743,0.667000812030709
3272,0.7396566986380353,0.7370844313953903,0.7087150606905972,0.6650598181919891,0.6910404894880341,0.6990029923005728,0.6670084110228334
3273,0.7396264001679478,0.7370863874472671,0.7087240981387464,0.6650663583902234,0.6910510643866115,0.6989804050706953,0.6670193947967088
3274,0.7395846229229235,0.7370785328010114,0.7087285949837614,0.6650588373386684,0.6910565067167032,0.6989468224028565,0.6670267634939078
3275,0.7395481328404212,0.7370696691900368,0.7087351814874954,0.665044574866198,0.6910651550074354,0.6989146474845498,0.6670260655533822
3276,0.7394944050037285,0.7370590592382001,0.7087381328453588,0.6650177327435369,0.6910662537049757,0.6988804199146907,0.6670287078033663
3277,0.7394442802793381,0.7370501576938807,0.7087390411695191,0.6649981900843882,0.6910653761639287,0.6988393095660859,0.6670354396002682
3278,0.7394087348787026,0.7370370822650212,0.7087346765519722,0.6649670109537554,0.6910629673146735,0.6988058274304885,0.6670379477832199
3279,0.7393749518141199,0.737020525383584,0.708724931878821,0.6649288444020078,0.6910560224076988,0.6987680836450245,0.6670387932828452
3280,0.7393408306823275,0.7370036707163679,0.7087186003361864,0.6649037771446411,0.6910511237343756,0.6987328672733328,0.6670379350456453
3281,0.7392972860714774,0.7369815412748464,0.7086990895440932,0.6648745437204806,0.6910434611373195,0.6986835513895768,0.6670421224500719
3282,0.7392556845523902,0.7369649591456902,0.7086792378717793,0.6648498453497597,0.6910274854902854,0.6986320137073864,0.6670398713545849
3283,0.7392236691786753,0.7369477438686871,0.708658269967184,0.6648251874640918,0.691015498416855,0.6985862979923417,0.6670262689941792
3284,0.7391954197551729,0.7369281246256042,0.7086464215076698,0.6648070878232064,0.6910075086367253,0.6985380245886268,0.6670113437881232
3285,0.7391796329305687,0.7369106835384702,0.7086381929994715,0.6647978803034056,0.6909979709895909,0.6984919793879,0.6669871059475226
3286,0.7391486605051147,0.7368915740128422,0.7086279280218729,0.6647910088170831,0.6909901856846105,0.698450568066417,0.666961986220079
3287,0.7391095578010283,0.7368728886138587,0.7086164320695898,0.6647804988607409,0.6909869325808935,0.6984108928378878,0.666939104823565
3288,0.7390621395177085,0.7368512551487822,0.7085916942797637,0.6647616587233934,0.6909587173510593,0.6983556656054479,0.6669014269175928
3289,0.7390166117562724,0.7368355170071043,0.7085665579014773,0.6647469705669192,0.6909419993389484,0.6983065689722032,0.6668689204072679
3290,0.7389720758690868,0.7368165805069455,0.7085443090947023,0.6647401135252111,0.6909284704555655,0.6982709659961949,0.6668483098506778
3291,0.738939671611813,0.7367848319094356,0.70852850887287,0.6647280294780391,0.6909181476078313,0.6982253623842007,0.6668272038998627
3292,0.738895457858656,0.7367488611460273,0.7085093634672153,0.6647014372875075,0.6908917836558486,0.6981873174574227,0.6667988246183613
3293,0.7388602550551303,0.7367265014848876,0.7084837760644662,0.6646733501173103,0.6908629221369778,0.6981536121594082,0.6667663531011918
3294,0.7388201005057361,0.7366932583752669,0.708449214195574,0.6646480162152864,0.6908335399619954,0.6981210922940605,0.6667374754726653
3295,0.7387744347833556,0.7366679928009459,0.7084189756144035,0.6646182522738819,0.6908036468751086,0.6980813250044597,0.6667141623360038
3296,0.7387462186021041,0.7366416910335905,0.7083986923562007,0.6645926386734068,0.6907810791389113,0.698054790366673,0.66669097078767
3297,0.7387147296900116,0.736599462728466,0.7083883016140138,0.6645659375990196,0.6907581654564016,0.698025700605619,0.6666870687757336
3298,0.7386763547581994,0.7365556734466765,0.7083727599658338,0.6645405971905353,0.690739629142174,0.6979976906996569,0.666679423386013
3299,0.7386404370457609,0.7365138293319999,0.708355375736432,0.6645083222081809,0.6907218857303647,0.697953373003036,0.6666706572130917
3300,0.7386122990487866,0.7364787518806003,0.7083392380639966,0.6644763714566055,0.6907031574965842,0.6979157301167196,0.6666667253792051
3301,0.7385865251615849,0.7364438946135998,0.7083268070371977,0.6644575202550786,0.690672261379144,0.6978818247240358,0.6666668607909435
3302,0.738552033379262,0.7364048407552545,0.708310518655882,0.6644339651354485,0.6906380983393807,0.6978400003132632,0.6666616541448596
3303,0.7385269687056442,0.7363654799962627,0.7082966535230578,0.6644071567778628,0.6906069736834481,0.6978033136082373,0.6666602795881055
3304,0.7385018989242459,0.7363310707127251,0.7082869369024702,0.6643806650055826,0.6905707611310662,0.6977611501884835,0.6666537724156256
3305,0.7384843108196867,0.7363092515680988,0.7082765394862829,0.6643586881107586,0.6905434950723407,0.6977226228687178,0.666648030854616
3306,0.7384652450499838,0.7363021540155265,0.7082663445681415,0.6643432115376998,0.6905314504506068,0.6976930974693014,0.6666641726220255
3307,0.738448118571963,0.7362840757090984,0.7082508415642024,0.6643389824347394,0.6905221434867402,0.6976726466953596,0.6666744198407779
3308,0.7384330688690854,0.7362760013043534,0.7082361541670353,0.6643400735118546,0.6905151463332382,0.6976525244968805,0.6666912387813981
3309,0.7384146326030405,0.7362413346658545,0.7082273081880487,0.6643367419898009,0.6905147326571168,0.6976281653377779,0.6667056268573026
3310,0.7384005082479427,0.7362187131420825,0.708225891594894,0.6643204690398903,0.6905178863128697,0.6976120716637613,0.6667128687365756
3311,0.7383899825952813,0.7361987046641074,0.7082215377758349,0.6643158787364182,0.6905209106548982,0.6976077067168367,0.666719551630518
3312,0.7383867166912522,0.7361716091734525,0.7082183551689817,0.6643031686266154,0.6905233859860458,0.6976142543098028,0.666727234892433
3313,0.7383992900348985,0.7361634954529395,0.7082229349001871,0.6642942923063824,0.6905278962606504,0.6976243520930375,0.6667434559512992
3314,0.7384012374004376,0.7361467500494013,0.708221746864394,0.664283099851869,0.6905227984581829,0.6976411941831102,0.6667465585488751
3315,0.7384089870958205,0.736131417636072,0.7082217611713476,0.6642702429587014,0.6905135237232196,0.6976561611936961,0.6667504602716104
3316,0.7384174435725751,0.7361180387177674,0.7082245431363976,0.6642692466567329,0.6904992027505219,0.6976671688540884,0.6667511162104761
3317,0.738438292097171,0.7361201303905408,0.7082367117333332,0.664282741828487,0.6904902645584444,0.6976922855020968,0.6667573989200707
3318,0.73845813784491,0.7361251116995258,0.7082520951600438,0.6642990091912169,0.6904829810804695,0.6977195530980556,0.6667692821098171
3319,0.738478934420071,0.7361290044167748,0.7082496464127153,0.6643174807882058,0.6904828670898493,0.6977439969539211,0.6667857287944278
3320,0.7384967674434743,0.7361406581521418,0.7082509916287789,0.6643393896877055,0.6904784370030235,0.6977719934784237,0.6668033303130982
3321,0.7385163183362098,0.7361532894993709,0.7082518274851325,0.6643704707766926,0.6904696108238763,0.697795019788742,0.6668195247824463
3322,0.7385320315257681,0.7361653539335149,0.7082463771645255,0.6643985631435223,0.6904618984250549,0.697812627473512,0.6668342860553398
3323,0.7385472167529088,0.7361769430640115,0.7082350510094486,0.6644278229293106,0.6904594962481722,0.6978342938096633,0.6668501228650721
3324,0.73856597219654,0.7361879302651197,0.708226276898235,0.6644572230757761,0.6904512736013908,0.6978566168340292,0.6668686976974081
3325,0.7385868025985423,0.73620050748649,0.7082134249333087,0.6644813997792818,0.6904418375949752,0.6978779949769854,0.6668947854941183
3326,0.7386054597331617,0.7362082162621236,0.7082063403330227,0.6645150615089779,0.6904487467839602,0.697904056114832,0.6669208622211725
3327,0.7386342232657055,0.7362211792094044,0.7081983948627687,0.6645444129676239,0.690451023625031,0.6979271735850584,0.6669502878468258
3328,0.7386682191403983,0.736235418719474,0.7082038805204401,0.6645846849389687,0.690466071591661,0.6979614844423241,0.6669806682331838
3329,0.7386858602808756,0.7362345637309419,0.7082099275844447,0.6646092144444113,0.6904755426617817,0.6979832527691087,0.6669981694240795
3330,0.7387191833373208,0.7362450689545478,0.7082092590823542,0.6646329379042981,0.6904834157369191,0.6980043483385894,0.6670183335182102
3331,0.7387533329101265,0.7362617810553271,0.7082123559096536,0.6646640656999513,0.6904992693812331,0.6980363123458904,0.6670411847004092
3332,0.7387835459860981,0.7362953961328653,0.7082122199562668,0.6646960316479753,0.6905189137500949,0.6980582910469482,0.6670642135866744
3333,0.7388273352079172,0.7363346143411768,0.7082235021701795,0.6647313524065759,0.6905600306357241,0.6980871680142057,0.6671034517534776
3334,0.7388809502193466,0.7363761068609616,0.7082382250244036,0.6647753533146235,0.6906108659747549,0.6981144947991825,0.6671471263530698
3335,0.7389024066543173,0.7364089561224292,0.708246610076221,0.6648096391541264,0.6906409420883424,0.6981276634027724,0.6671925215331008
3336,0.7389315807399892,0.7364550872780475,0.7082631242800935,0.6648535855875057,0.6906711802867871,0.6981523996040585,0.6672417340563046
3337,0.7389632334775877,0.7365049028707633,0.7082688655027055,0.6648979938898514,0.6907091798484268,0.6981817206140285,0.6672906935110208
3338,0.7389853551667434,0.7365454822528188,0.7082727433282837,0.6649359280713842,0.6907308102436993,0.6982066836701714,0.667337417689715
3339,0.7390019818165985,0.7365959853333822,0.7082792308216116,0.6649790251150063,0.6907565114164202,0.6982306495770265,0.6673732476091044
3340,0.7390241430214702,0.736638154899741,0.7082809799294554,0.6650174587833159,0.6907716039721034,0.6982578661399695,0.6674032340222201
3341,0.7390443598253437,0.7366734648933566,0.708284623543298,0.6650525243620934,0.690772417087923,0.6982921485191641,0.6674253373557236
3342,0.7390586942889247,0.7366971122148451,0.7082820224844346,0.6650758098247647,0.6907617010473543,0.6983127309668152,0.6674507027321995
3343,0.7390692575856357,0.7367244824933439,0.708276373209375,0.6650877537295764,0.6907524944780034,0.6983290113705204,0.6674710684989866
3344,0.7390830083833457,0.7367513389317348,0.7082709775764644,0.6651109960741878,0.6907437457467381,0.6983483671186629,0.6674909274722695
3345,0.7390957314054092,0.7367614796660686,0.7082684011038987,0.6651325345043781,0.6907297693453811,0.6983671098291506,0.6675007915477298
3346,0.7391192278539408,0.7368055537726891,0.7082766593675431,0.6651660728366574,0.6907353635062858,0.6983907087749226,0.6675203009121045
3347,0.7391486311674785,0.7368407327142209,0.7082790351856463,0.6651955072558137,0.6907396462302653,0.6984157793000871,0.6675402145120868
3348,0.7391617325016593,0.7368612773447648,0.708266852176237,0.6652113099615675,0.6907391065381165,0.6984418159425557,0.6675538996134434
3349,0.7391876710210442,0.7368896333289432,0.7082744734312948,0.6652318256606435,0.6907569798972054,0.6984800400736362,0.6675950588477084
3350,0.7392241486048445,0.7369160432644015,0.7082807991917355,0.66526530457899,0.6907833248897821,0.6985188500681853,0.6676342581330339
3351,0.7392718229985074,0.7369488359346518,0.7082858215701149,0.6652954937050894,0.6908137156442566,0.6985623934489607,0.667671486835026
3352,0.7393245742860342,0.7369846314702793,0.7082969164224137,0.6653227048636563,0.6908394545985865,0.6986058023884736,0.6677067343168053
3353,0.7393872081669344,0.737021786565621,0.708314954386011,0.6653643170298258,0.6908784800270807,0.6986624625221669,0.6677605188961209
3354,0.7394478824635622,0.737075492432197,0.7083462773222309,0.6654123345719416,0.6909161353750443,0.6987177692692735,0.6678061580409536
3355,0.7395116106568866,0.7371200778368304,0.7083827285877463,0.66545959572346,0.6909475758868584,0.6987813066165841,0.667848611796446
3356,0.7395874695255392,0.7371719583169438,0.7084120970178869,0.665512645061919,0.6909912722916749,0.6988447371562028,0.6679006009213104
3357,0.739665828624776,0.7372281562579002,0.708450227464114,0.6655617934378113,0.6910379695893827,0.6989154433273556,0.6679521309580837
3358,0.739743599661248,0.7372907657682722,0.7084952065566914,0.665621404649535,0.6910865896572649,0.6989854732116549,0.6680193636514371
3359,0.7398309346819991,0.7373550778857035,0.7085406881627692,0.6656867544325131,0.6911430604203099,0.6990605802423951,0.6680883126269918
3360,0.7399022792779939,0.7374169056524952,0.7085807377913103,0.6657527448797866,0.6911917399992971,0.699127803857466,0.6681582654245897
3361,0.739972609239653,0.7374778634679966,0.7086117869222999,0.6658235675469516,0.6912474114263253,0.6992072284350723,0.6681962051341181
3362,0.7400411482187693,0.737538667190845,0.7086518352729999,0.6658784644813666,0.691299552173268,0.6992838294393658,0.668226984533582
3363,0.7401222646341015,0.7375928124286217,0.7086928430171989,0.6659266089471728,0.6913457557011803,0.6993594145910638,0.6682612471197333
3364,0.7401992817884673,0.7376412735717308,0.7087377419214279,0.6659682060887832,0.6913886920126716,0.6994274972637853,0.6682944027222832
3365,0.7402717929957259,0.7376918901666303,0.7087863735518388,0.6660141100671579,0.6914300959849079,0.6994990261844443,0.6683313683187804
3366,0.740340712530209,0.7377368726242202,0.7088221396686999,0.6660466601578978,0.6914644133900214,0.6995643046063824,0.6683482850515581
3367,0.740408865291778,0.7377757015790257,0.708858726212599,0.6660805926133491,0.6914997379500414,0.6996223401193843,0.6683684541121706
3368,0.7404731604664925,0.7378179350358507,0.7088935167633964,0.6661150660434924,0.6915434289440852,0.6996801369963241,0.6683846446232827
3369,0.7405370975627427,0.737856844071412,0.7089313857269984,0.6661494584563631,0.6915920405270042,0.6997389531047645,0.6684043355878602
3370,0.7405979959283735,0.737894196719817,0.7089647634750296,0.6661820352680901,0.6916405852946381,0.6998020629786352,0.6684279313142338
3371,0.7406525459468278,0.7379301271351008,0.7089913069360507,0.6662149594740816,0.6916922498987805,0.6998638932450689,0.6684545320219368
3372,0.7407232593633518,0.7379645537659435,0.7090161048196568,0.6662476149049794,0.6917389466810443,0.6999287329060548,0.6684869987248574
3373,0.7407911212229571,0.7379940730411709,0.7090481417418454,0.6662884034555641,0.6917832902734588,0.699990279466144,0.6685081545777082
3374,0.7408628550464069,0.7380259835926121,0.7090742111888179,0.6663214703000901,0.6918222013831563,0.7000386372402445,0.6685351366198026
3375,0.7409262055837964,0.7380676416731644,0.7091121009043528,0.6663697683553632,0.6918600326894822,0.7001065006722076,0.6685418937461226
3376,0.7409902658938854,0.7380976257708267,0.7091478773850752,0.6664093591178519,0.6919001840703987,0.7001830845938353,0.6685691481511219
3377,0.7410564790207269,0.7381222893344077,0.7091807900188647,0.6664444387217326,0.6919482116177338,0.7002559267947664,0.6685864612433015
3378,0.7411222332317953,0.7381309059818271,0.7092052934189472,0.6664844602852263,0.6919914871580142,0.7003259631155986,0.6686026105128684
3379,0.7411900911875663,0.7381470543841973,0.7092392335054243,0.6665313397798739,0.6920332021259379,0.7003958715665964,0.6685962034246136
3380,0.7412544487498266,0.7381634358928426,0.7092718959977935,0.6665868607525729,0.6920707473992136,0.700456049792332,0.6686142666029953
3381,0.7412958717214736,0.7381745517203219,0.7093050126405342,0.666632223882172,0.6921081020095234,0.7005054711859283,0.6686336923629075
3382,0.7413407145268105,0.7381823353637792,0.7093360970662789,0.6666743349808155,0.6921454045703598,0.7005443247033198,0.6686705388685329
3383,0.7413940939646058,0.7381878213197275,0.709369144707575,0.6667154991413538,0.6921816806780021,0.7005950392261856,0.6687090450436497
3384,0.7414431645054035,0.7381920980686539,0.7093991949449112,0.6667610733684728,0.692219062230533,0.7006368698563465,0.6687467193823984
3385,0.7414800893958385,0.7381915058269215,0.7094215068473146,0.6667981658067316,0.6922575524879481,0.7006770458935709,0.6687807803650427
3386,0.7415120413697964,0.7381907823711386,0.7094512609679475,0.6668292382892235,0.6922855226088533,0.7007141408564954,0.6688139073191988
3387,0.7415448975692236,0.7381959707930704,0.7094758718767753,0.6668574922204602,0.692314333725015,0.7007584490889787,0.6688461384553316
3388,0.7415638199616099,0.7381970859742156,0.7094937558577614,0.6668798101503678,0.6923369132406157,0.700789178581317,0.6688623217977243
3389,0.7415860633883085,0.7382010518492071,0.7095089076984207,0.6669103067914945,0.6923667425387243,0.7008245440544749,0.6688820664331467
3390,0.7416053349345743,0.7382056972030452,0.7095263598539201,0.6669388492414433,0.6923974903517449,0.7008677384642286,0.6688993330967911
3391,0.7416473875875899,0.7382071114034352,0.7095375604051634,0.6669608345738146,0.6924287684224545,0.7009036163147524,0.6689410041940305
3392,0.7416757570771779,0.7382074303082415,0.7095482135853259,0.6669786783652952,0.6924548794726633,0.7009404413496442,0.6689894124872248
3393,0.7417091887871852,0.7382114298909448,0.7095504154756715,0.6669909006681489,0.6924770372351766,0.7009860156626793,0.6690446215695574
3394,0.7417368424208141,0.7381987878836134,0.7095624838264989,0.6669927564564798,0.692492847844828,0.7010183375790945,0.6690883710954417
3395,0.7417686670654453,0.7381834282761887,0.7095624886465384,0.6669862334628796,0.6925027392755164,0.7010431273908292,0.6691307776585106
3396,0.7418075472408818,0.7381718066722788,0.7095463116441676,0.6669795859807899,0.6925091195458379,0.701066174883397,0.6691738148747011
3397,0.7418378368696278,0.7381667923938451,0.7095336955829075,0.6669664243776182,0.6925192961437443,0.701081838097062,0.6692043496750824
3398,0.7418602743347803,0.7381707222268994,0.7095159396591642,0.6669498861583479,0.6925297226233791,0.7011022763072102,0.6692349962436066
3399,0.7418684996877121,0.7381626147685515,0.709491394154276,0.6669460113303923,0.6925352776069609,0.7011062021615937,0.6692608701103211
3400,0.741864041259962,0.7381489991025585,0.7094657278840497,0.6669279263021712,0.692535490189605,0.7011013054534477,0.669275182784228
3401,0.7418645248180207,0.7381306599495839,0.7094477140260703,0.666900244992949,0.6925328297933834,0.7010930427676758,0.6692864101205036
3402,0.7418546220634206,0.7381076465132089,0.7094269492793635,0.6668643963658856,0.6925322752564863,0.7010802306033501,0.669290125884845
3403,0.7418400696539201,0.7380800079876154,0.7094054685699402,0.6668246069647455,0.6925114297071727,0.7010527318257125,0.6692743645428629
3404,0.7418318282177097,0.738050518662341,0.7093780427589965,0.6667765289752564,0.6924908260226746,0.7010238349604752,0.6692533827921636
3405,0.7418163227554254,0.7380163216858019,0.7093578133651024,0.6667281938841387,0.6924701292204654,0.7009954006899617,0.6692272267047299
3406,0.741792392650659,0.7379835355176916,0.7093354512762458,0.6666830631099195,0.6924487384244724,0.7009660297501872,0.6692012513679875
3407,0.7417688879178952,0.7379452764585592,0.7093015450744975,0.6666265385062815,0.6924185426188563,0.700927656913344,0.6691774967242085
3408,0.7417351810575864,0.7379049214955564,0.709269210572681,0.6665749296396523,0.6923771701819447,0.7008941204213064,0.6691478032928232
3409,0.7416869031467612,0.7378606815474011,0.7092275448880614,0.6665276548352996,0.692331175090918,0.7008529303781722,0.6691122293701888
3410,0.7416304253238504,0.7378049199631236,0.7091782377008684,0.6664818816092207,0.6922983978978102,0.7008076195278803,0.6690708332317532
3411,0.7415771221044428,0.7377423192789812,0.7091287705494217,0.6664353566631723,0.6922446202702036,0.7007567170463294,0.6690260406048163
3412,0.7415028760074172,0.7376768787757231,0.7090788774992954,0.6663853443136633,0.6921982163956418,0.7007057471176086,0.6689795979078869
3413,0.741420422029522,0.7376069134606699,0.7090291400734868,0.6663341154709115,0.6921451516761644,0.7006455487403473,0.6689166624338752
3414,0.7413289709608097,0.7375455908529684,0.7089761993785746,0.6662824201562467,0.6920908708666487,0.7005786014377255,0.6688475478987017
3415,0.7412270519885922,0.73748234211207,0.7089238004941091,0.6662323745145929,0.6920413943609118,0.7005051252741719,0.6687736708846073
3416,0.7411220875060704,0.7374116937000375,0.7088614915450909,0.6661812587161438,0.6919925257771378,0.7004284962752615,0.6686939740951579
3417,0.7410195683148544,0.7373386116076184,0.7088008773298389,0.6661223587260935,0.6919454351332603,0.7003487207926665,0.6686068822322768
3418,0.7409318987899648,0.7372587046084262,0.7087420358765288,0.6660589676466173,0.6919104093029672,0.70027170880409,0.6685174551955647
3419,0.740862638544311,0.7371816731460114,0.7086981605107109,0.6659879060932942,0.6918734876383212,0.7001869506697753,0.6684450316252973
3420,0.7407811134158978,0.7371007547455509,0.708638577891916,0.6659051680675591,0.6918289969873694,0.7000910360618038,0.6683650134551301
3421,0.7407088498875588,0.7370206452213395,0.7085787652359685,0.6658178267656398,0.6917774960905436,0.699993823968942,0.6682840273366637
3422,0.7406280100091103,0.7369447998009493,0.7085205071844363,0.66572522712332,0.6917205575314178,0.6999053898295025,0.6682055253347732
3423,0.7405360136678542,0.7368657246961822,0.7084555890399049,0.6656399294766453,0.6916600243781913,0.6998236644284377,0.6681400103334377
3424,0.7404309576205067,0.7367825088540956,0.7083825928555663,0.6655426621927472,0.6915862130128383,0.6997325328827875,0.6680692588760386
3425,0.7403293109510273,0.7366960895357443,0.7083067324892489,0.6654483572155263,0.6915096928672926,0.6996484000492795,0.6679929423689894
3426,0.7402246014588878,0.7366032998650589,0.7082240075487978,0.6653507434063607,0.6914272488625944,0.6995526855118828,0.6679198397267485
3427,0.740128521057344,0.7365146489843373,0.7081432511622998,0.6652589143357106,0.6913444495233727,0.6994574767422057,0.6678289624406369
3428,0.7400219414225896,0.7364257551471254,0.7080562006011352,0.6651653891475473,0.6912562915088977,0.69935882196409,0.6677303079556574
3429,0.7399120261359858,0.7363307184888375,0.7079671244001353,0.6650716354222319,0.6911735119083602,0.6992499737928307,0.6676294949805256
3430,0.7397803284045301,0.7362328533160937,0.707877603619724,0.664969770266625,0.6910761355009906,0.6991362257694627,0.6675321441106462
3431,0.7396637905090028,0.7361304204981718,0.707774490259434,0.664862537788751,0.6909735407028826,0.6990114215587618,0.6674314613104471
3432,0.7395543805595095,0.7360242632783515,0.7076702618641114,0.6647560507607155,0.6908706220505012,0.6988981852465622,0.6673250301130433
3433,0.739446087525052,0.7359167490670212,0.7075797627921749,0.664656047299441,0.6907715970770786,0.6987805829715017,0.6672161154948921
3434,0.7393299472808594,0.7358078292245861,0.7074861316421346,0.6645574846710154,0.6906634320321257,0.6986583437242992,0.6671098854746473
3435,0.7392121894164247,0.7357027827783809,0.7073878682713486,0.6644551100258604,0.6905509218836264,0.6985311965137149,0.6669985763975949
3436,0.7390801036211148,0.7355992068340808,0.7072872525511044,0.6643451947687409,0.6904373388016365,0.698413243957114,0.6669001927974945
3437,0.7389489640349884,0.7354930739775127,0.707183466825529,0.6642300127580716,0.6903232691631721,0.698289193549292,0.6667984552080676
3438,0.7388157555664866,0.7353872056255895,0.70707659121768,0.6641094726035693,0.6902069926441003,0.6981657391884368,0.6666837182925587
3439,0.7386908128280031,0.7352693747955589,0.7069698602748932,0.6639868518290772,0.6900905387861875,0.6980462090811238,0.6665685315359722
3440,0.7385574979755694,0.7351400694766828,0.7068583062075436,0.6638620614903752,0.6899635239685665,0.6979182061140744,0.6664553936227509
3441,0.7384119679489272,0.7350098778570386,0.706743483420965,0.6637310205268301,0.6898289604579568,0.6978003410390776,0.6663309692477812
3442,0.7382642591028923,0.7348833006289054,0.7066237408422607,0.6635907057457324,0.6896892316254448,0.69769031126927,0.6662008567713518
3443,0.7381134077632548,0.7347466423506808,0.7064972117338615,0.6634497184123841,0.6895502508056508,0.6975644389262079,0.6660723372105972
3444,0.7379564985144246,0.7346060692608269,0.7063703410361938,0.6633051428094154,0.6894124186718706,0.6974243358860923,0.6659413928064428
3445,0.7377958305144682,0.7344671212226637,0.7062456366176689,0.6631626253617412,0.6892813876382957,0.6972902722668524,0.6658082727088875
3446,0.7376398147439607,0.7343200460781845,0.7061277068110898,0.6630181448270454,0.6891526071396923,0.6971678553555047,0.6656855673535096
3447,0.7374682572363656,0.7341819659658197,0.7059986373891393,0.6628715200000221,0.6890125984074453,0.6970267079773469,0.6655617247481035
3448,0.7373044056449902,0.7340551317844746,0.7058716123717066,0.6627228154880143,0.6888715334199115,0.696891707281446,0.6654359993951819
3449,0.7371443767119097,0.7339325029624716,0.7057418510653323,0.6625727450486778,0.6887210356509551,0.6967523920315734,0.6653156476635675
3450,0.7369842423483862,0.7338059900656831,0.7056095198175715,0.6624252309375999,0.6885633471920084,0.6966131344566884,0.6651862825329736
3451,0.7368299662491893,0.7336797970417868,0.7054684682743397,0.662276297623587,0.6884051581156997,0.6964768456340659,0.6650605292534797
3452,0.7366673138877922,0.7335532561032527,0.7053227311191407,0.6621293146192969,0.6882493729439295,0.6963345487331867,0.664924674649298
3453,0.7365178243105029,0.7334418160783504,0.7051773823549856,0.6619862545603857,0.6880915149005647,0.6961955146425871,0.6647875735358856
3454,0.7363592943036966,0.7333213915133235,0.7050275281486671,0.6618389548390474,0.6879373280151662,0.6960591405185346,0.664639940975569
3455,0.7361983940761246,0.7331994194820555,0.7048727284464867,0.6617024043128927,0.6877813499589474,0.6959169764165211,0.6644929534513151
3456,0.736038263816159,0.7330645288220107,0.7047185649183885,0.6615694565830557,0.687628995552641,0.6957797758480121,0.6643412761729564
3457,0.7358755310080676,0.7329162103834819,0.7045672034052646,0.661431883928875,0.6874724889420476,0.6956330692263271,0.6641818630143047
3458,0.735708099604315,0.7327870771132615,0.7044162526205383,0.6612986505131371,0.687323771913132,0.69547857105803,0.66402728071318
3459,0.7355457444492127,0.7326478966762118,0.7042699527839839,0.6611624339161353,0.6871682084061262,0.6953254599318885,0.6638669897949436
3460,0.7353845337984481,0.7325268418267986,0.7041301358454521,0.6610250649691927,0.6870067770975334,0.6951875907196258,0.6637121517272392
3461,0.7352342025135047,0.7324052301858552,0.7039840343201653,0.6609034732505424,0.6868506965152141,0.6950491825337478,0.6635572873258583
3462,0.7350774268280764,0.7322776135738052,0.7038416373340377,0.6607787602655488,0.6866871862625125,0.6949075479254774,0.6634215026428316
3463,0.7349186360608577,0.7321589893152477,0.7036972742798538,0.6606542462670453,0.6865249695228667,0.6947614685607646,0.6632726298592214
3464,0.7347504806838931,0.7320255660814964,0.7035563587699392,0.6605267918587434,0.6863616721327496,0.6946139886732695,0.6631183544956907
3465,0.7345752442197687,0.7318962059865063,0.7034120121195355,0.6603949956603837,0.6862043751093626,0.6944592762391817,0.6629645171069174
3466,0.7343889091209299,0.7317729140882122,0.7032687622999673,0.6602701111965686,0.6860490345762205,0.6942972811383933,0.6628079762273755
3467,0.7341995379395074,0.7316438849339397,0.7031215305106159,0.6601385324250949,0.6858878912384866,0.6941329469151158,0.6626576229675093
3468,0.7340095213182446,0.7315150180193469,0.7029715949571541,0.6599991129177105,0.6857267900639741,0.693971683521455,0.6625085922659384
3469,0.733818730955854,0.7313804047617734,0.7028135593589462,0.65986131910912,0.685564955827301,0.693804354875193,0.6623527678017507
3470,0.7336329345183469,0.7312467057638393,0.7026555444552792,0.659720425346655,0.6853972477985351,0.6936431104741937,0.6621915914301695
3471,0.7334543284749004,0.7311086993783029,0.7024855032974658,0.6595791736499222,0.6852357639572842,0.6934747256713691,0.6620242508340098
3472,0.7332679910279933,0.7309652657588598,0.7023147086399144,0.6594284441744678,0.6850708632494614,0.693307993797927,0.6618580784748059
3473,0.7330903284534903,0.730827746171207,0.7021423560326904,0.6592781440300621,0.6849050427278026,0.6931386833025321,0.6616906391732965
3474,0.732898040753468,0.7306863168052316,0.7019746470099824,0.6591227916628859,0.6847437910619788,0.6929744327656617,0.6615243888912895
3475,0.7327069160953703,0.7305371009660638,0.7018012342249094,0.6589750186587939,0.684593425277501,0.6928066021431173,0.6613528039931389
3476,0.7325239036443876,0.7303857250223545,0.7016309944980178,0.6588197772333979,0.684442057309378,0.6926337179122967,0.6611694157307262
3477,0.732335685946213,0.7302355647865446,0.7014541078573219,0.6586682969898974,0.6842840178575302,0.6924572968222368,0.6609950098653281
3478,0.732139152617088,0.7300843829758014,0.7012737854562411,0.6585169949650698,0.6841250936628512,0.6922778559398813,0.6608178618538917
3479,0.7319422170348127,0.7299320940550047,0.7011019032355995,0.6583502131937711,0.6839644530397795,0.6920914074734892,0.6606434887244791
3480,0.731743133593612,0.729783665739488,0.7009298012597778,0.6581836661072921,0.6837919594916902,0.6919084621449197,0.6604762510312467
3481,0.7315304426158102,0.7296315082196356,0.7007543597256088,0.6580184686562848,0.6836132427991631,0.6917184195731134,0.6603092820740104
3482,0.7313215670222253,0.7294662979422138,0.7005740373115169,0.6578557754774977,0.6834265226894201,0.6915228694322344,0.660135150613044
3483,0.7311108345206024,0.7292904316400539,0.7003861838164362,0.6576847222792666,0.6832387340205459,0.6913302422946549,0.6599547859409965
3484,0.7309014022836184,0.7291093989692742,0.7002002303932906,0.6575063850282108,0.6830462568706677,0.6911424087476279,0.6597746848086857
3485,0.7306816147734334,0.7289293712914415,0.7000061246825515,0.6573218935316915,0.682854977513237,0.6909703760796876,0.6595913624128622
3486,0.7304714637862438,0.7287500664174302,0.6998181928606527,0.6571540171269049,0.6826925914737612,0.6907954972548607,0.6593989218578752
3487,0.7302597393939946,0.7285559246346012,0.6996302787517552,0.6569737791653721,0.6825231628647457,0.6906172083468947,0.6591972472106176
3488,0.7300490015771093,0.728363115922668,0.6994373988158404,0.6568010099785053,0.6823469156599116,0.6904324247618481,0.6589898029727184
3489,0.7298177118774117,0.7281497786036742,0.699221083100004,0.6566020530150423,0.6821534189621304,0.6902214011967094,0.6587586415208951
3490,0.7295825199482946,0.7279345600854613,0.6989963153724645,0.6563997073487698,0.6819491178926042,0.690015030036697,0.6585333039246954
3491,0.7293480213501766,0.7277225856691016,0.6987721882312108,0.6561909119702524,0.681752985233725,0.6898052777976444,0.6583203473547872
3492,0.7291186560841334,0.7275129606112174,0.6985439293832285,0.6559830042308499,0.6815498561048037,0.689594188314968,0.6581126680779325
3493,0.7288984108826418,0.7273075931613885,0.6983126049819293,0.6557760790557102,0.6813491054505502,0.6893904325147899,0.6578978771598748
3494,0.7286771996945531,0.7270951025900672,0.6980800720847189,0.6555719205015118,0.6811468700698787,0.6891826842747648,0.6576841880578773
3495,0.7284546609859566,0.7268794473934038,0.6978408901898051,0.6553692033782823,0.6809452669585322,0.6889649159701287,0.6574601682067479
3496,0.7282250886473071,0.7266723781219216,0.697612723735765,0.6551627264283384,0.6807467430721645,0.6887498009154144,0.6572372387908639
3497,0.7279972672562692,0.7264455633225279,0.697383008550226,0.6549469921640374,0.680536305206352,0.6885274111644298,0.6570085240588728
3498,0.727762044603569,0.7262219153652245,0.6971559358072457,0.6547344789250285,0.6803217579700105,0.6883062107883242,0.656778787271762
3499,0.7275343818661677,0.726004189837667,0.6969345129873604,0.6545274513266105,0.6801105399859366,0.6881049029617913,0.6565468141152035
3500,0.7272917333393908,0.7257714202747039,0.696693463133973,0.654316697200291,0.6798778558089797,0.6878896215655554,0.6563097190267657
3501,0.7270314601118748,0.7255409293650461,0.6964444969909259,0.6540925864936127,0.6796376065093974,0.6876722660955485,0.6560647276794818
3502,0.7267638857705955,0.7253052050275515,0.6961934487194481,0.6538696477156974,0.6793948241163983,0.6874527901726929,0.6558183983616606
3503,0.7264923023280743,0.7250583673727001,0.6959361158085364,0.653646453627574,0.6791631537098526,0.6872343021828093,0.655555604210504
3504,0.7262012298104208,0.7248054724379445,0.69567539612532,0.6534031008492959,0.6789093853562829,0.6869993823891555,0.6552759606083269
3505,0.725913100699514,0.7245322419104497,0.6954096979104072,0.6531612753840423,0.6786552491387291,0.6867572214493307,0.6549942518241073
3506,0.72562201243982,0.7242555920594125,0.6951298354537883,0.652911195905629,0.6784007480296124,0.6864998513549858,0.6547107366192868
3507,0.7253125110126343,0.7239739022481662,0.694851536109663,0.6526601026796828,0.6781403807619197,0.6862347982288439,0.6544263051663416
3508,0.7249994022365197,0.7236964725335708,0.694573137505903,0.6524039485787314,0.6778766851134621,0.6859598692137497,0.6541340335299062
3509,0.7246772715892636,0.723414860688588,0.694294452198346,0.6521454741688377,0.6776210815380155,0.6856866333530598,0.653841495317454
3510,0.7243638641844657,0.7231202200427082,0.6940128843304397,0.6518827328930813,0.6773530547806101,0.6854076935418777,0.6535424525857043
3511,0.7240772760793209,0.7228279185213415,0.6937354550212197,0.6516138356349696,0.6770849327365581,0.6851479612434088,0.6532467407239012
3512,0.723780007406656,0.7225343613996766,0.6934586910719076,0.6513436264751531,0.6768103465827163,0.6848725145235728,0.6529468590464187
3513,0.7234819782940466,0.7222375913024981,0.6931791824100366,0.6510657157227122,0.6765500271757243,0.684599712786101,0.6526539606810979
3514,0.7231751467769859,0.721943964174306,0.6928927377818116,0.650786799215541,0.6762819656894031,0.684320040612478,0.6523769900718008
3515,0.7228624991435806,0.7216425092105326,0.6925933368548011,0.6505184077766909,0.6760057639615396,0.6840384533414031,0.6520826802633923
3516,0.7225415137378401,0.7213361749230247,0.6922861123173598,0.6502495903586596,0.6757136958468417,0.6837603296541996,0.6517945687923289
3517,0.7222073606841342,0.7210167323323718,0.6919686656184958,0.6499719824686159,0.675415000404206,0.6834786217193203,0.6515028894183282
3518,0.7218672901143585,0.7206985943534859,0.691644164620122,0.6496814810724362,0.675107895350405,0.6831891350009112,0.6512053456402633
3519,0.7215271974308862,0.7203723769868791,0.6913188763770763,0.6493855447090174,0.6748016472273919,0.6829044846718613,0.6509076807843917
3520,0.7211792464036609,0.7200347294234686,0.6909894184481145,0.649079265358751,0.6744844725360761,0.6826048369263049,0.6506094043443709
3521,0.7208214597260619,0.7196966663300471,0.6906579367812024,0.6487714342550632,0.6741643425972546,0.682301584264916,0.6503047229958618
3522,0.7204848846248344,0.7193489697539056,0.6903337016790383,0.6484516572219816,0.6738523048758,0.6819925668753697,0.6500055431727659
3523,0.7201262456844568,0.7189957945164668,0.6900045334937988,0.6481402756152659,0.6735452371863363,0.6816786678466794,0.6497065452228328
3524,0.7197633402860026,0.7186355718107771,0.689667082050216,0.6478143411759814,0.6732278616396081,0.6813568912743099,0.6494004332578556
3525,0.7193962679609465,0.7182715157548689,0.689322152715029,0.6474946158283366,0.6729056685298545,0.6810341257590922,0.6490898502561465
3526,0.7190341166091485,0.7178947089743154,0.6889589070141714,0.6471713086937567,0.6725765094841456,0.6806946061484641,0.6487616942964387
3527,0.718677078142529,0.7175216334475574,0.6885947068686674,0.646855843828255,0.6722488557665185,0.6803398680094676,0.6484128148578058
3528,0.7183123929026365,0.7171424887738883,0.6882223779554567,0.6465455314654951,0.6719021807235734,0.6799795700161296,0.6480766904607114
3529,0.7179352555495242,0.7167719718577257,0.6878647004288685,0.6462227619669431,0.6715543168288243,0.6796187038787308,0.6477310170795854
3530,0.7175581255920004,0.7163833601509708,0.6874929003358293,0.6458771960033112,0.6712118114333597,0.6792622391674239,0.6473929109586292
3531,0.7171724116127332,0.7159908210533611,0.6871167674459564,0.645525253332919,0.6708662498025774,0.6789093446140245,0.647050975447491
3532,0.7167934037895061,0.7155975711626842,0.6867385700858828,0.6451739609549678,0.6705150660679426,0.6785676231938726,0.6467064155004466
3533,0.7164058642214088,0.7152003880146658,0.6863486119910599,0.6448162327025615,0.6701515010012806,0.6782313850272453,0.6463547218677064
3534,0.715982212225317,0.7148035701703208,0.6859436838651123,0.6444381494897149,0.6697694779517255,0.6778700335971003,0.6459946488815103
3535,0.7155478702242721,0.71440143387225,0.6855464768382519,0.6440584340221778,0.6693835116230055,0.6775008950048453,0.6456383694895471
3536,0.7151138271256914,0.7139942863867839,0.6851466988296895,0.6436797157056693,0.6689874417033224,0.6771230811450477,0.6452744356481365
3537,0.714675414313928,0.7135846969510544,0.6847353938784726,0.6432961848179157,0.6685835803775038,0.6767429587339869,0.64491579093927
3538,0.7142437264339705,0.7131678834823368,0.6843297880375648,0.6429071415584233,0.6681840209754928,0.6763494961644048,0.6445508964620736
3539,0.7137979471790712,0.7127369941410496,0.6839307467217243,0.6425206594849577,0.6677874062941223,0.6759543914415931,0.6441869181853215
3540,0.7133488491315086,0.7123100017560434,0.6835206080474706,0.6421412136241169,0.6673929478430112,0.6755572616525685,0.6438043721238689
3541,0.7129326550361752,0.7118888000278358,0.6830981691329427,0.6417610586211144,0.6669897493965989,0.6751398939924204,0.6434171743423024
3542,0.7124962978909993,0.7114589584770059,0.6826624708782861,0.6413766110394613,0.666565666483558,0.67470328070313,0.6429963456951897
3543,0.7120408944612076,0.7110137694629145,0.6822248271934007,0.6409735531208318,0.6661388542549137,0.674259964427148,0.6425545050109089
3544,0.7115944318196654,0.7105632963326206,0.6817876132342002,0.6405607833933684,0.6657045108708355,0.6738214259885388,0.6421116841453409
3545,0.7111442593453718,0.7101138796204582,0.6813362860043808,0.640153838723533,0.6652602178942091,0.6733755985735804,0.6416630508380001
3546,0.7106875138500814,0.7096598381344014,0.680886640195009,0.6397380952426124,0.6648177941943822,0.6729320921740694,0.6412061102216645
3547,0.710217021941091,0.7092088380994918,0.680442094241306,0.6393163944561907,0.6643769291721656,0.6724889607574356,0.6407568711020956
3548,0.7097353572617628,0.7087468877020504,0.6799913613101425,0.6388890574011358,0.6639385766757491,0.6720538334872355,0.6403145459890024
3549,0.709262021652034,0.7082640444163826,0.6795497018664275,0.6384625518467244,0.6635047947149039,0.671608228272568,0.6398631247724251
3550,0.7087500405693778,0.7077698710335549,0.6790892062006668,0.6380202417319305,0.6630570731315506,0.6711490256588657,0.639404587234502
3551,0.7082438292963337,0.7072706409736316,0.6786192636015718,0.6375807727855269,0.6626115895678157,0.6706867086859386,0.6389390113014318
3552,0.7077223563377416,0.7067639620099645,0.6781491506210096,0.6371392771384042,0.6621561079964913,0.6702211117667272,0.6384726231446515
3553,0.7071891093003413,0.7062475654999399,0.6776575386646877,0.6366762734742635,0.661669326953573,0.6697514968796746,0.637992505626211
3554,0.70665408120943,0.7057298125014719,0.6771604608344537,0.6362205343893491,0.6611854408804698,0.6692892025271887,0.637511767049211
3555,0.7061152441012744,0.7052051581267573,0.6766623686592638,0.6357569423927473,0.6607005262816417,0.668818888390942,0.6370192093678195
3556,0.7055620746756068,0.7046778985651291,0.6761383304209823,0.6352902675953193,0.66020429046988,0.6683295905087522,0.6365414281774369
3557,0.7049995636353742,0.7041440508863472,0.675606216169211,0.6348115141577476,0.6596978525604871,0.6678283251482834,0.6360435663400308
3558,0.7044268141463174,0.7036015935297181,0.6750801252351684,0.6343283113484133,0.6591941783422716,0.6673257502998488,0.63553289268758
3559,0.7038419534019978,0.7030456858366999,0.6745488899053876,0.6338475157802367,0.658685830160553,0.6668044521781031,0.6350095543016222
3560,0.7032624151124349,0.7024857306704554,0.6740203588592727,0.6333566065440366,0.6581653202088874,0.6662728565746927,0.6344821938169501
3561,0.7026670877323113,0.7019279069448597,0.6735006113162132,0.6328645439224438,0.6576339042675465,0.665744108511746,0.6339493131766014
3562,0.7020657278000548,0.701374198898131,0.6729714539581645,0.6323638878265598,0.6570997416981502,0.6652082746406685,0.6334338027893972
3563,0.7014619373819981,0.7008176134067637,0.6724278480569267,0.6318631290390838,0.6565491262581726,0.664656376917308,0.6329144515693369
3564,0.7008488954227134,0.7002424761322033,0.6718673824469593,0.6313423234399949,0.6560028798688852,0.6640872618252959,0.6323853720113146
3565,0.7002194341046412,0.6996402755101311,0.6712846734843628,0.6308059692623834,0.655445688426691,0.6634968969510027,0.6318358407640414
3566,0.699595891230026,0.699027771502591,0.6706908395779398,0.6302561630210652,0.6548779654135727,0.66291211158288,0.6312688058492324
3567,0.6989618180473194,0.6983945095067221,0.6700997806995789,0.6296912566480217,0.6542963769970056,0.6623276043940753,0.6307054180178053
3568,0.6983263993646944,0.6977739566688046,0.6694898030055354,0.62911797121748,0.6536943803426244,0.6617429245538405,0.6301366460156007
3569,0.6976716712067688,0.6971509214429419,0.6688667156248199,0.6285333502671662,0.6530803605987533,0.6611463524177191,0.6295586718880333
3570,0.69699702449951,0.6965191185257712,0.668227465813517,0.6279586040187365,0.6524589314608639,0.660550350857095,0.6289686056442663
3571,0.6963121681337501,0.695884956479446,0.6675973118786591,0.6273810495725225,0.6518246106651077,0.6599428819429269,0.6283928786260388
3572,0.6956116164818387,0.6952579037709471,0.6669548756896747,0.626795238032523,0.6511864913408869,0.6593284915477455,0.6278156968692243
3573,0.694895781897423,0.6946101395320294,0.6662924766050486,0.6261960471882013,0.6505342070735548,0.6586944652843998,0.6272186565102387
3574,0.6941655089131582,0.6939446379276483,0.6656148004539201,0.6255824588030151,0.6498685078051099,0.6580453475400254,0.6266011825921465
3575,0.6934216423008747,0.6932645332025098,0.664927647059281,0.6249600879681692,0.6491926726908689,0.6573842661917474,0.6259651674436144
3576,0.6926641840462422,0.6925714359146822,0.6642270292262646,0.6243264474239987,0.6485025586186303,0.6567077676672537,0.6253176647676572
3577,0.6918880222747081,0.6918661681124177,0.6635145354606606,0.6236813615900836,0.6478012830189066,0.6560230845175521,0.6246501429335302
3578,0.6911003079772889,0.6911428059697523,0.662784219497397,0.6230229127863913,0.6470828507455496,0.6553227079562177,0.6239846654796898
3579,0.6903018807931594,0.6904017318042578,0.6620431882765726,0.6223490167166252,0.6463543198489725,0.6546154478945363,0.6233067701082919
3580,0.6894902069476545,0.6896500701875358,0.6612922367289944,0.6216650115293455,0.6456105319464284,0.6538937915374929,0.6226203580446716
3581,0.688682778710261,0.6888869458383095,0.6605254115500149,0.6209765610277869,0.6448670325808448,0.6531640179191021,0.6219168948761931
3582,0.6878543177952902,0.688111373578475,0.6597548797222921,0.6202829097714838,0.6441158891907948,0.6524336316491274,0.621203269614603
3583,0.6870149189217751,0.6873281635788387,0.6589758560125057,0.6195840392836647,0.6433536333732135,0.6516928597008598,0.6204825863700367
3584,0.6861685770792512,0.6865305847825376,0.6581797977237913,0.6188697506334121,0.642582428598142,0.6509464082200002,0.6197522058067954
3585,0.685312753629522,0.6857257590523813,0.6573786554910954,0.6181476968978961,0.6418037017315575,0.6501891279171799,0.6190160205945879
3586,0.6844480662403926,0.6849119593054085,0.656569106317406,0.6174125134322562,0.6410197775875222,0.6494273017103375,0.618274765551687
3587,0.683575130366331,0.6840856045654763,0.6557509301065518,0.6166728001127149,0.6402271806313707,0.6486566191143743,0.6175190443442459
3588,0.6826970926538773,0.6832546579490228,0.6549272277464905,0.6159258811369388,0.6394246926749457,0.6478825717468546,0.6167573750816896
3589,0.6818130407972849,0.6824182852353695,0.6540978856969137,0.6151756166792581,0.6386168938962312,0.6471050676202317,0.6159971321237337
3590,0.6809135045565728,0.6815780772457687,0.6532610456709396,0.6144193284201276,0.6378077922500427,0.6463188918215432,0.6152343061320672
3591,0.6800103139425581,0.6807348355116714,0.6524197517207921,0.6136574966573586,0.6369965475090832,0.6455311146679744,0.614462870938092
3592,0.6791118396038414,0.6798885175046863,0.6515738312736679,0.6128939795340633,0.6361822110062749,0.6447196692391265,0.6136898779525302
3593,0.6782092032319122,0.6790398713790642,0.6507255912134979,0.6121337000191678,0.6353671047343898,0.643901559787292,0.6129160557635973
3594,0.6773021663487548,0.6781904908428309,0.6498723762150704,0.6113742516046374,0.6345502798353738,0.6430822562464499,0.6121362167109262
3595,0.676388742062931,0.6773361071396647,0.6490180728859594,0.6106155469270045,0.6337340592774696,0.6422692488365634,0.6113566220301487
3596,0.6754769215601023,0.6764788843605063,0.6481574853471878,0.6098515255111779,0.632907346697753,0.6414442588660165,0.6105771522701879
3597,0.6745608127651028,0.6756227856740196,0.647287566538,0.6090900616143409,0.6320743388251239,0.640613110482032,0.6097815637954354
3598,0.6736484618082279,0.674756767810566,0.6464168850561859,0.608326835428296,0.6312462678470396,0.6397870817653744,0.6089812635576631
3599,0.6727306429723805,0.6738876244343641,0.6455410197298167,0.6075631180472361,0.6304164686599651,0.6389570160033186,0.6081782683785543
3600,0.6718126985646584,0.673014968078516,0.6446670628236408,0.6067993870598645,0.6295879349061054,0.6381274804354566,0.6073696244130258
3601,0.6708935267708696,0.6721442770231955,0.6437923895289765,0.6060327323512589,0.6287621314518037,0.6373007767822425,0.6065682342876212
3602,0.6699673836230967,0.6712658191185641,0.6429207445317702,0.6052667695079702,0.6279345340821607,0.6364690043170599,0.6057615610315181
3603,0.6690476337472704,0.6703878656042368,0.6420515498276466,0.6044977798211499,0.6271141835222128,0.6356419451735034,0.604959120097841
3604,0.6681202206432554,0.6694959927894166,0.6411842608464837,0.6037276062631658,0.6262966646156969,0.6348166860109983,0.604159928373649
3605,0.6672009228529732,0.6686107116355559,0.6403189661152853,0.6029684356329705,0.6254785230505757,0.6339906767990275,0.6033672098118978
3606,0.6662878832390905,0.6677292798356493,0.6394577310357914,0.6021992890688496,0.6246624761274002,0.6331708800582825,0.6025800622404328
3607,0.6653717281150007,0.6668532515975718,0.6385961179359092,0.6014265751681054,0.6238438840693217,0.6323512825089798,0.6017991891042286
3608,0.6644627579381744,0.6659799993995991,0.6377327447196565,0.6006596773245497,0.6230262456906336,0.6315415306902514,0.6010142765867885
3609,0.663561761062159,0.6651049784997849,0.6368745901372129,0.5998907821101145,0.6222064934868827,0.6307383161017531,0.6002329375769312
3610,0.6626602001172878,0.664232634704734,0.636016353779638,0.5991276298253425,0.6213940512022518,0.6299431430815032,0.5994547986575811
3611,0.6617667351333498,0.663365989888925,0.6351616733402982,0.5983691270658985,0.6205896196714841,0.6291406106075387,0.5986760363436052
3612,0.6608676740176839,0.6625048375374579,0.6343144037625497,0.5976149173572243,0.6197820254174192,0.6283422511596812,0.5979052691275613
3613,0.6599780712748526,0.6616540053955905,0.6334726814726648,0.5968679807633558,0.6189907063396539,0.6275467899659293,0.5971168817894681
3614,0.6590859697542432,0.6608067188128618,0.632634475862272,0.5961255225401867,0.6182049762160438,0.6267553836226775,0.5963429313974091
3615,0.6581989465106023,0.6599675860998568,0.6317975869551254,0.5953921636938448,0.617426106840125,0.6259692401763852,0.5955760395372941
3616,0.657322523722357,0.6591270586979573,0.630963887667527,0.5946685567660088,0.6166460848850435,0.6251904688040789,0.5948150681862246
3617,0.6564566113388788,0.6582876541455087,0.6301328086878402,0.593944317084018,0.6158758658360741,0.6244221365528504,0.5940604652980863
3618,0.6555985167907277,0.6574520478142918,0.6293079660839809,0.5932244710654012,0.6151169300689204,0.6236615318128577,0.5933067319282852
3619,0.6547470233277235,0.6566171292484969,0.6284855485808537,0.5925152205105302,0.614366566848372,0.6229014734839471,0.5925590187069238
3620,0.6539016493427445,0.6557923034121435,0.6276691092103845,0.5918070114087189,0.6136243917807573,0.6221529667939455,0.5918194054580703
3621,0.6530635525842845,0.6549739853167427,0.6268615679857334,0.5911015170581063,0.6128899624857215,0.6214056403072055,0.5910866817521533
3622,0.6522228925959044,0.654158310924674,0.6260660088534957,0.5903996642580163,0.6121627778112433,0.6206687955111683,0.5903654734868219
3623,0.6513955069160208,0.6533530344865573,0.6252763310408954,0.5897092295632231,0.611446527470155,0.619936187705591,0.589648781706628
3624,0.6505710730999491,0.6525494006550717,0.6244961907351796,0.5890274330407941,0.6107408689077208,0.6192121778229317,0.5889418592195583
3625,0.6497674572055776,0.6517558974917276,0.6237277615849777,0.5883572249045295,0.6100385989698334,0.6184852416275748,0.5882400831229274
3626,0.6489722186396387,0.6509756088311686,0.6229682233913254,0.5876830082206014,0.609327756590071,0.6177668855844609,0.5875504017291318
3627,0.6481762833332573,0.6502015760021004,0.6222170839325525,0.5870213026733359,0.6086296183989939,0.6170608775680791,0.5868742492141694
3628,0.6473929311382528,0.6494399523342376,0.6214763440089877,0.5863608011613761,0.6079396660234261,0.6163601444755125,0.586196948856807
3629,0.6466244079750558,0.6486862128619418,0.6207481116580487,0.5857064356310104,0.6072641092038827,0.6156681736917344,0.5855292008679683
3630,0.6458611534107688,0.6479423060649635,0.6200184310960051,0.5850651658031247,0.6065933717050244,0.6149895204701507,0.5848653953123525
3631,0.645111665793453,0.6472068815489559,0.6192962324013388,0.5844375823656758,0.6059376394086515,0.6143145428984225,0.5842003793001077
3632,0.6443756269139845,0.646477621854568,0.6185884915813575,0.583816613226617,0.6052941366503284,0.6136542154316575,0.5835422800063178
3633,0.6436441447943644,0.6457639593386008,0.6178907027881347,0.5831963871597239,0.604663271311989,0.6130023456431035,0.5828938091426454
3634,0.6429281528944102,0.6450657121863538,0.6172056906673364,0.582590226306015,0.604038634644707,0.6123659229396334,0.5822595441802914
3635,0.6422162989005875,0.64437753180339,0.6165253679935316,0.5819987048586196,0.6034252951277281,0.611732784357026,0.5816298562889058
3636,0.6415220087039442,0.6436970864315491,0.6158589793167535,0.5814223974565572,0.6028124591228815,0.6110984497348984,0.5810097834593169
3637,0.6408391384218062,0.643024427787314,0.6151942171532936,0.580843983329023,0.6021894547914589,0.6104777490392604,0.5803995773725629
3638,0.640166211538908,0.6423706799555342,0.6145366850757517,0.5802765043905599,0.6015798710117949,0.6098686049211937,0.5798037472418689
3639,0.6395084538261189,0.6417246696506282,0.6138915123750961,0.5797100128834579,0.6009833209966067,0.6092747384202052,0.5792219629023545
3640,0.6388811050536999,0.6411089201082415,0.6132756352486675,0.579175894225211,0.6004147195140666,0.6087122865470455,0.5786711053419422
3641,0.6382715804609109,0.6405014446213195,0.6126781058556372,0.5786550949677125,0.5998634377522597,0.6081603360425223,0.5781337042023361
3642,0.6376701453242462,0.639901316641579,0.612092726973737,0.5781513616986607,0.5993223828601479,0.6076240995520488,0.577598127959711
3643,0.6370791869454999,0.6393143685999325,0.611523943467419,0.577656719867109,0.5987984601848657,0.6070937646739542,0.5770656066552814
3644,0.6364969838708717,0.6387399892925195,0.6109722086224847,0.5771771395051234,0.5982904847631605,0.6065750557677357,0.5765502659956615
3645,0.6359242540627631,0.6381800666492309,0.610436267245868,0.5767070289266414,0.5977945993646845,0.6060689582505465,0.5760441314123208
3646,0.6353643217114033,0.6376348880372339,0.6099207244613142,0.5762412561679474,0.5973075184388172,0.6055773613117674,0.5755557379594542
3647,0.6348224326937871,0.6371038831011706,0.6094074150331487,0.5757905643767088,0.5968351163123674,0.6050945788916884,0.5750779551150693
