Pixel,MeanIntensityADC,StdIntensityADC,CVIntensity,MeanSmoothedIntensityADC,MeanSmoothedNormalizedIntensity,StdSmoothedNormalizedIntensity,MeanReferenceCorrectedRatio,StdReferenceCorrectedRatio,MeanReferenceCorrectedRatioNormalizedMax
21,1386.3,6.88839603971781,0.004968907191601969,1383.4091304275914,0.800969917211029,0.0019248547209249419,0.6026943771598405,0.0018754895877554725,0.8492568321292572
22,1376.7,6.476881965884511,0.004704642962071992,1383.2698160005448,0.8008892775884895,0.0018994026302567605,0.6026625801514089,0.001854329713209559,0.8492120400641466
23,1384.1,9.330058949438637,0.006740885015127981,1383.1238469858,0.8008047965200316,0.0018802207353475816,0.6026352313294108,0.0018332510152936036,0.8491735273065768
24,1385.3,7.496665925596525,0.00541158299689347,1382.9794806566647,0.8007212438217778,0.0018620009075495216,0.602607840712522,0.001812460127175899,0.849134956280392
25,1379.7,6.058052492344384,0.004390847642490674,1382.8367605880603,0.8006386446925136,0.001844766204016863,0.6025804273819012,0.0017919738139282944,0.8490963538433748
26,1379.7,8.258329128825032,0.005985597687051556,1382.6880430415724,0.800552583778375,0.0018342732303108305,0.6025496604355502,0.0017718893942746058,0.8490530364200432
27,1379.9,4.03732584763727,0.0029258104555672654,1382.5319691768516,0.8004622474970711,0.0018304782614127957,0.6025149472279435,0.001760768719248739,0.8490041411275566
28,1374.1,6.4265076052238514,0.004676884946673351,1382.3788340048309,0.8003736133756382,0.0018268859907417995,0.6024807740962891,0.0017494728891612162,0.8489560078455163
29,1375.9,9.697937925146768,0.007048432244455823,1382.23827455513,0.800292276896387,0.0018180346043641395,0.6024437721727933,0.0017295694206007157,0.8489039065155071
30,1378.3,12.407658925034971,0.009002146793176355,1382.1039039643674,0.8002145230326668,0.0018078575586750925,0.6024092393749495,0.001708873140166674,0.8488552853307292
31,1380.5,6.2048368229954285,0.004494630078229213,1381.9466717039354,0.8001235416157251,0.0017819955099190874,0.6023594606970224,0.0016754419806781942,0.8487851899848303
32,1379.1,6.445928947793328,0.004674011273869428,1381.79328972356,0.8000347883463066,0.0017587261320955257,0.6023114590403631,0.0016435150387585184,0.8487175976722388
33,1380.3,5.826662852782886,0.004221301784237402,1381.664915564883,0.7999605033934539,0.0017604425500882478,0.602274445782915,0.0016302201704600954,0.8486654789806776
34,1381.1,9.262828941527529,0.006706848846229476,1381.5082489069312,0.7998698500113013,0.0017400540075629763,0.6022251759025691,0.0015987579128627413,0.8485961052332662
35,1374.9,7.503332592921629,0.005457366057838118,1381.3484659448998,0.7997773946737115,0.0017188118229668028,0.6021746119002188,0.0015654387116450013,0.8485249159560058
36,1376.1,7.197221686178633,0.0052301589173596634,1381.201469433508,0.7996923371523479,0.001702375277419477,0.6021296749448023,0.0015365508338074482,0.8484616441275866
37,1371.9,7.179832867135557,0.005233495784776993,1381.0436797626817,0.799601012738073,0.0016884321871689075,0.6020800743511927,0.0015154624452050655,0.8483917802503006
38,1378.1,6.024948132556827,0.0043719237592024,1380.8895972718697,0.7995118348117194,0.001676833595106238,0.6020321199981207,0.0014956081203956232,0.8483242363033294
39,1379.1,8.369587803470372,0.006068876661206854,1380.7335811003445,0.7994215395821117,0.001666065977936143,0.6019833412508545,0.0014752018487420324,0.8482555360279911
40,1379.1,2.247220505424423,0.0016294833626455103,1380.5934401441887,0.7993404528780298,0.0016583580048499496,0.6019414913032533,0.0014499025998340519,0.8481966187533387
41,1383.7,5.761944116355173,0.004164157054531454,1380.472354849766,0.7992703722599067,0.0016526275746035076,0.601907946107412,0.001436089168123173,0.8481493656422107
42,1382.3,11.681181447096865,0.008450540003687236,1380.379020156895,0.7992163454656186,0.0016357230979768408,0.6018814426646595,0.0014201166731070346,0.8481120221148201
43,1385.5,4.636809247747852,0.0033466685295906544,1380.296510171702,0.7991686047574121,0.0016241502890663412,0.6018599747027947,0.001400013187681761,0.848081796046193
44,1379.3,7.661592523751182,0.005554696239941407,1380.2358643390767,0.7991335140212064,0.0016297444050231919,0.6018483402643248,0.0013947507135470883,0.8480654173386203
45,1379.1,3.681032463861192,0.0026691555825257,1380.1766007029587,0.7990992236713566,0.0016360404744081372,0.6018375927187333,0.0013899037470373379,0.8480502887569477
46,1377.7,5.932958789676531,0.004306422871217631,1380.1245370382553,0.7990691155285898,0.0016450196970823176,0.6018302530618005,0.0013813297860090273,0.8480399781250985
47,1378.5,4.06201920231798,0.0029466951050547553,1380.0774142467415,0.7990418988056102,0.0016686930862535323,0.601825320384811,0.0013701726908902118,0.8480330940946892
48,1382.5,2.8722813232690143,0.0020775995105019995,1380.0369519691153,0.799018526235684,0.0016813789159743624,0.6018235287802943,0.0013564712911699197,0.8480306232535784
49,1378.9,4.449719092257398,0.003227006376283558,1379.9797597104616,0.7989854439652273,0.0016932433459463092,0.6018146617952767,0.0013519023684922405,0.848018155819768
50,1378.5,5.830951894845301,0.004229925204820675,1379.920525182391,0.7989511867994578,0.001716297497842609,0.6018051083847845,0.0013522779581603514,0.8480047286961924
51,1379.5,7.858116822750856,0.005696351448170247,1379.8614804666781,0.7989170386184338,0.0017378643211831879,0.6017958259447624,0.0013521734373671086,0.8479916833914842
52,1380.7,2.819574435974337,0.0020421340160602136,1379.7989588208357,0.798880862277026,0.0017561923727592173,0.6017851992649673,0.001356177629984952,0.8479767268914806
53,1377.3,6.1400325732035,0.0044580211814444935,1379.7353169509138,0.7988440383864046,0.0017712628794254517,0.6017742400950318,0.001357460716332918,0.8479613030814479
54,1380.9,7.2835430938520584,0.005274489893440552,1379.6862292790438,0.7988156513225373,0.0017914855900314352,0.6017697690088659,0.0013584516998546225,0.8479550334968626
55,1375.7,3.8987177379235853,0.002833988324433805,1379.6394223185598,0.7987885831248148,0.0018107514155834574,0.6017664171312082,0.001359566913591352,0.8479503395291281
56,1381.1,5.572252686302012,0.004034648241475644,1379.5853339887083,0.7987572857988992,0.0018242036585736315,0.6017599976676553,0.0013619463828193406,0.8479413076971218
57,1378.3,5.953990258641679,0.004319807196286497,1379.5381134150705,0.7987299621695636,0.001839303570956113,0.6017566662097937,0.0013667469667957947,0.8479366249658101
58,1382.3,5.6964901474504455,0.004121023039463536,1379.49946106538,0.7987076120953319,0.0018559601618277823,0.6017571487764881,0.0013675759473824373,0.8479373316506755
59,1385.5,6.34428877022476,0.004579060822969874,1379.4824820101016,0.7986978254456829,0.0018682244579680063,0.6017671464658225,0.0013588810247746536,0.8479514655863675
60,1382.9,6.730527468185536,0.004866966135067999,1379.485924777493,0.7986998570656475,0.0018701571132638086,0.6017860981499907,0.0013443766566000395,0.8479782123023833
61,1383.7,6.797058187186572,0.004912234001002076,1379.4970243557748,0.7987063177205115,0.001868989096306319,0.6018058970580377,0.0013289904115353546,0.848006148329057
62,1381.5,7.176350047203662,0.005194607345062368,1379.5057341110667,0.7987113823204218,0.0018670155956874292,0.6018172687881271,0.001318090171931364,0.8480221956849892
63,1385.5,4.8218253804964775,0.003480205976540222,1379.5257255878118,0.7987229833557871,0.0018705692187268863,0.6018342387388946,0.0013096372531196054,0.8480461342978739
64,1384.9,9.95238664843765,0.007186357605919309,1379.5524631595904,0.7987384844384003,0.0018775908355174022,0.6018548032770518,0.0013065088870002283,0.848075132419145
65,1381.5,11.629703349613008,0.008418171081876952,1379.5778377078275,0.7987531942794933,0.0018837546429085537,0.6018753996499916,0.0013035909675052342,0.848104173331835
66,1385.7,6.942621983083913,0.0050101912268773275,1379.6019538123342,0.7987671734228627,0.0018890388109500827,0.601896048376029,0.0013008627384369076,0.8481332859465815
67,1381.3,10.353743284435827,0.007495651404065611,1379.624916052922,0.7987804824123047,0.0018934232988082696,0.6019142465220927,0.0012983000065879282,0.8481589433720425
68,1380.5,7.106335201775948,0.005147653170428068,1379.646829009402,0.7987931817916157,0.001896889872331722,0.6019327083152674,0.0012958920189867684,0.8481849702308178
69,1387.7,8.843076387773658,0.006372469833374402,1379.6812500599233,0.7988130960172061,0.0018817059623058114,0.6019573214751268,0.001289847032545568,0.8482196376504195
70,1380.9,11.326958991715296,0.008202591781964875,1379.7062346997639,0.798827548901758,0.0018629673897569891,0.6019784843240489,0.0012799703091498514,0.8482494484475825
71,1377.9,7.003570517957251,0.005082785773972894,1379.7070444961034,0.7988280284056275,0.0018577573221551374,0.6019922625892665,0.0012709398935340584,0.8482688762757936
72,1388.9,5.813776741499453,0.004185885766793471,1379.7045657802735,0.7988265926734645,0.0018501015467619955,0.6020025232205943,0.0012648586856346769,0.8482833346737907
73,1382.7,8.927485648266257,0.006456560098550848,1379.7010689799802,0.798824561332719,0.0018411076549627347,0.6020129260597896,0.001260432812025631,0.8482979866089991
74,1380.1,5.9833101206606365,0.004335417810782289,1379.6967693553347,0.7988220593056943,0.001830819531825787,0.6020235376012704,0.001257601581979729,0.8483129261203832
75,1376.7,5.333854141237835,0.0038743765099424968,1379.6938022517857,0.7988203276941437,0.0018203203695665209,0.6020352621814935,0.0012551318623372247,0.8483294330224751
76,1376.1,5.389805191284746,0.0039167249409815755,1379.6922495901858,0.7988194139079089,0.0018095966074971263,0.6020481081766338,0.0012530271367424434,0.8483475191009638
77,1376.5,10.222524150130436,0.007426461423995958,1379.6921932913874,0.7988193653568312,0.0017986376651192542,0.6020721823588733,0.0012513143576403044,0.8483814258167367
78,1373.7,6.1400325732035,0.004469704137150397,1379.6937152762428,0.7988202294507522,0.0017874362089130497,0.6020967136600196,0.0012499796812482182,0.8484159756127552
79,1376.9,5.856620185738529,0.0042534825954960625,1379.6968974656036,0.7988220535995134,0.001775988439832806,0.6021217195367776,0.0012490345465409562,0.8484511930701044
80,1375.7,4.024922359499621,0.0029257268005376327,1379.6998999519885,0.798823775074794,0.0017663771733065121,0.6021463786953554,0.0012490040917200363,0.8484859233972974
81,1375.9,5.481788029466299,0.00398414712512995,1379.7048563378494,0.798826626433933,0.0017563817987275012,0.6021716039485273,0.0012493392404426106,0.8485214501414495
82,1372.9,7.700649323271382,0.005609038767041577,1379.7099249727084,0.7988295422535657,0.0017450859842985127,0.6021965731820339,0.001248924462809938,0.8485566156796942
83,1373.5,7.123903424387503,0.0051866788674099044,1379.71723771602,0.7988337558864699,0.0017334676760423179,0.6022146210583031,0.0012489723115237624,0.8485820269628223
84,1370.3,8.273451516749223,0.006037693582973964,1379.7307166593105,0.798841537393587,0.0017199635476637587,0.6022355296756241,0.0012486279698967738,0.848611467122742
85,1370.5,7.416198487095663,0.005411308637063599,1379.7482587025734,0.798851667326121,0.0017041944089771944,0.6022558299750717,0.0012484353723476972,0.8486400462614894
86,1371.3,9.20326029187483,0.006711339817599964,1379.7640504283931,0.7988607832825616,0.0016899855091336811,0.602275655786749,0.0012498156163380572,0.8486679564592009
87,1370.1,11.696153213770756,0.00853671499435863,1379.782278863818,0.7988713103518406,0.0016787839358735274,0.6022968073169717,0.0012534469507542673,0.8486977351633296
88,1369.5,9.86154146165801,0.007200833487884637,1379.8030241867036,0.7988832931331556,0.0016673822041053856,0.6023192921831402,0.0012576619506756025,0.848729391299921
89,1371.3,10.353743284435827,0.007550312320014459,1379.8244447465718,0.7988956656963596,0.0016566505632082931,0.6023422790562588,0.001262947547357759,0.8487617538424326
90,1374.5,13.0,0.009457984721716987,1379.842906917875,0.7989063103572003,0.0016430420594154159,0.6023641542509941,0.0012728606072246165,0.8487925329519607
91,1377.3,3.9623225512317903,0.002876876897721477,1379.8723314936083,0.7989233122621031,0.0016303328573036141,0.6024010755163167,0.0012789382083612454,0.8488445261316793
92,1373.1,12.280065146407,0.0089433145047025,1379.893053983235,0.7989352620045007,0.001617742115731373,0.6024336412925724,0.0012912183164934003,0.8488903663898961
93,1379.1,2.4596747752497685,0.0017835362013267847,1379.9213083108784,0.7989515860144337,0.0016074387862873843,0.6024689203159996,0.0012991941379342307,0.848940046463729
94,1376.5,8.674675786448736,0.0063019802298937425,1379.953060833213,0.7989699337871675,0.0015975577910576494,0.602505133314257,0.001308171416689143,0.848991041072099
95,1375.5,11.213830746002902,0.008152548706654236,1379.994150241108,0.7989936846881136,0.0015854312108695143,0.6025448112803908,0.0013167873874075481,0.849046915380503
96,1379.9,6.967783004657938,0.005049484023956763,1380.0404165239668,0.7990204309439851,0.0015731077533870674,0.602586119680691,0.001326122319280491,0.8491050852453024
97,1381.5,3.278719262151,0.002373303845205212,1380.0994955767176,0.799054590743684,0.0015651289760449457,0.6026323744895565,0.0013404020424991846,0.8491702166516969
98,1379.7,10.917875251164945,0.007913224071294444,1380.1269589323877,0.7990704805979345,0.001578332780325165,0.602656570665062,0.0013538397871889754,0.8492043028482777
99,1383.7,3.1937438845342623,0.0023081187284340987,1380.1499030458078,0.799083757256252,0.001589157096758096,0.602676090037136,0.001364232632501336,0.8492318023195227
100,1385.7,5.06951674225463,0.0036584518598936494,1380.1519545531078,0.799084918016876,0.0015997013225068388,0.6026945632687986,0.0013824208700883441,0.8492578056497949
101,1378.5,3.7416573867739413,0.002714296254460603,1380.1178531682099,0.7990651334320527,0.0015978382411791993,0.6027004209913922,0.0013977537428303236,0.8492660151084911
102,1383.7,6.610597552415364,0.004777478898905373,1380.0704011245894,0.7990376307653195,0.0016014470672589733,0.6027010725880695,0.001411739020745263,0.8492668998073885
103,1388.7,7.918333157931662,0.0057019753423573575,1380.0276774828415,0.7990128619844293,0.0016102398264189808,0.6027043948878394,0.001430423618121298,0.8492715439551372
104,1378.7,6.870225614927067,0.0049831186008029785,1379.9641703465768,0.7989760745524466,0.0016173700188842537,0.6027017569356279,0.0014420908630164906,0.8492678034447506
105,1382.7,3.456877203488721,0.0025000919964480515,1379.8903908583382,0.7989333405933866,0.001623203283264395,0.6027026187448296,0.001452489347928229,0.8492690005837538
106,1386.7,9.270922284217466,0.006685600551105117,1379.8309522253355,0.7988989303552169,0.0016332349626897856,0.602709613952747,0.00145749798466792,0.8492788624658496
107,1382.1,6.6932802122726045,0.0048428335230971745,1379.7431637484622,0.7988481210882602,0.0016546095501169197,0.6027066159468429,0.0014639771390438994,0.8492746606214077
108,1380.7,8.857200460642177,0.006415007214197275,1379.6347230247352,0.7987853631233439,0.0016583608472760282,0.6026942755485025,0.0014558095076532976,0.8492573019459677
109,1382.3,9.871676655968834,0.007141486403797174,1379.5204676634944,0.7987191967997017,0.0016689093058358188,0.602676363177383,0.001468285347828743,0.8492320418425138
110,1386.7,8.482334584299302,0.006116921168456985,1379.427363394808,0.7986653184532942,0.001684950730910159,0.6026590703408153,0.001468151461477168,0.8492077029707875
111,1384.1,10.526157893552615,0.007605055916156791,1379.3195771664004,0.7986029436408999,0.001698795211523598,0.6026424262622715,0.001465073774858595,0.8491842821507891
112,1385.7,7.446475676452586,0.005373800733530046,1379.2078310234347,0.7985382780653472,0.0017067206017472958,0.6026235156074338,0.0014573442788253592,0.8491576689910014
113,1391.1,7.553145040312677,0.005429620473231743,1379.087070623626,0.7984683457778526,0.0017057213553849802,0.6025920101979411,0.001462155660805047,0.8491132545102781
114,1386.1,9.208691546577072,0.006643598258839241,1378.980056194227,0.7984063618853419,0.0016973689668185292,0.602565429441916,0.0014660673070479426,0.8490757694630696
115,1388.9,9.989994994993742,0.007192738854484658,1378.8790167580514,0.7983478579421487,0.0016890556064139996,0.6025403621652659,0.0014620722419248487,0.8490404435503776
116,1386.9,9.787747442593725,0.007057284189627027,1378.787975500444,0.7982951399955909,0.0016824794047219202,0.6025185506838726,0.0014603162649637958,0.8490097007847254
117,1384.7,8.452810183601665,0.006104434306060277,1378.703008586882,0.7982459375326018,0.0016762973573166144,0.6024982646175061,0.0014593997609994316,0.8489811057078793
118,1382.3,7.172865536171719,0.005189080182429082,1378.6240358395094,0.7982002041550189,0.0016705124877536921,0.6024794531069644,0.001459314326163769,0.8489545866803507
119,1376.9,8.933084573650918,0.006487823787966386,1378.5356024537991,0.798148955923202,0.0016602650201843405,0.6024553461674229,0.001470797891875195,0.8489205626626175
120,1382.9,5.9833101206606365,0.004326639757510041,1378.464308827677,0.7981076355588178,0.0016471891579324482,0.602437552805946,0.001478813650144861,0.8488954399823685
121,1378.3,3.52845575287547,0.0025600056249549955,1378.4004604126276,0.7980706270810767,0.0016346358345875097,0.6024319404779149,0.0014867308197623345,0.8488874829471073
122,1380.9,8.590692637965812,0.006221082365099436,1378.3531861546867,0.7980432484739557,0.0016244735521466032,0.6024316797944976,0.001483306491168908,0.8488871071741795
123,1378.3,5.805170109479997,0.004211833497409851,1378.2965044198122,0.7980103931420138,0.0016122463695173975,0.602415287890982,0.001490046730211149,0.8488639658151813
124,1385.3,8.136338242723197,0.005873340245956252,1378.240591695151,0.7979779899952005,0.001616187797537983,0.6024055999696597,0.0015040944897299015,0.8488502783985877
125,1378.3,5.953990258641679,0.004319807196286497,1378.1929078329488,0.7979503498007497,0.001629143768916201,0.6024112746595993,0.001524076590734748,0.848858237558287
126,1382.9,10.114346246792227,0.007313866690861397,1378.143617973443,0.7979217844246462,0.001635035099711913,0.6024153654419047,0.0015378543385628082,0.8488639695178308
127,1382.3,6.360031446463139,0.00460105002276144,1378.089172154936,0.797890239327457,0.001634341825073379,0.6024087312588184,0.001545511636209449,0.8488545952904542
128,1382.1,3.943348830626071,0.002853157391379836,1378.0512569186162,0.797868277012326,0.001637091092953603,0.6024165495868252,0.0015508957351779559,0.8488656026206508
129,1382.9,5.770615218501403,0.004172836227132405,1378.007444949631,0.797842887285395,0.0016308002358388274,0.6024133163139289,0.001555666801685603,0.8488610212828613
130,1384.7,4.738143096192854,0.0034217831271704004,1377.9867135707204,0.7978308741932123,0.0016317256453449158,0.6024172752015836,0.0015598798070721007,0.848866590834878
131,1385.9,6.599242380758567,0.004761701696196383,1377.9863853644122,0.797830670712892,0.0016317978426126222,0.6024189639648635,0.001564813562588041,0.8488689547109953
132,1376.5,9.82344135219425,0.007136535671772066,1378.010220323526,0.797844490643779,0.0016206951989582202,0.6024299596190392,0.0015509612304896562,0.8488844725941783
133,1377.9,4.954795656734998,0.00359590366262791,1378.038144353265,0.7978606752337415,0.001609451053946132,0.602441470196728,0.0015379924049200339,0.848900712832962
134,1381.5,10.547511554864494,0.007634825591650014,1378.0741980689418,0.7978815620938466,0.001601307201812831,0.602460307685487,0.0015285678794004246,0.8489272724702543
135,1383.5,7.466592261534039,0.005396886347332157,1378.1144750660021,0.7979048912828752,0.0015930805750102145,0.6024793447097253,0.001520132660400274,0.8489541100358469
136,1373.1,6.407027391856539,0.004666103992321418,1378.2007185504622,0.7979548579965264,0.0015835826422046146,0.6025168187814194,0.0015019974984980466,0.8490069574786402
137,1378.3,6.704476116744694,0.004864308290462667,1378.2912280197281,0.79800729304523,0.0015739188167640937,0.6025544876732718,0.0014841807990401312,0.8490600777617722
138,1371.1,9.646242791885346,0.007035404268022279,1378.4032737838538,0.7980721898728207,0.001571487569614868,0.6025998896941539,0.001473435320417392,0.8491240806135313
139,1371.9,7.486654793697917,0.005457143227420305,1378.5398994639495,0.7981513011111037,0.0015700761563414703,0.6026543434213181,0.0014698023806007442,0.849200819670977
140,1373.3,3.271085446759225,0.0023819161485176036,1378.676735872365,0.7982305400109189,0.0015667872901581914,0.60270211973521,0.001462805054033242,0.8492681577605907
141,1371.5,7.533259586659682,0.005492715702996487,1378.8155802131591,0.7983109410818483,0.001562693090512597,0.6027629243798498,0.0014554653322348002,0.8493538539855546
142,1368.7,10.883473710171767,0.007951686790510533,1378.9945333518172,0.7984145570861221,0.0015917470819899898,0.6028461624335796,0.001471413643065916,0.8494711439860172
143,1373.3,5.932958789676531,0.00432022048327134,1379.1538749870447,0.7985068051929294,0.0016088030444924696,0.6029181302363174,0.001485092282241827,0.8495725379912461
144,1374.3,6.51536645170477,0.004740861858185818,1379.326560309007,0.798606774842796,0.0016232543100259899,0.6029959377521014,0.0014987538365395783,0.8496821559438603
145,1374.7,6.924593850905626,0.005037167273518313,1379.4969828724493,0.7987054341503168,0.0016442734941116074,0.603072760104975,0.0015165227024312223,0.8497903818479948
146,1371.5,5.979130371550699,0.004359555502406635,1379.6692774145163,0.7988051759247246,0.001666366233207904,0.6031504025711232,0.0015354279433330141,0.8498997630888974
147,1371.5,15.451537140362444,0.01126615905239697,1379.8081688162258,0.7988855569658269,0.0016731933703156246,0.6032134415692828,0.0015524837726877336,0.8499885496692862
148,1374.9,7.3688533707762165,0.005359555873718973,1379.9419563745398,0.7989629988603979,0.0016833662967105302,0.6032767806221963,0.0015656647409262846,0.8500777787657249
149,1375.9,3.4713109915419564,0.002522938434146345,1380.0858778908773,0.7990462956084982,0.0016892280243765323,0.6033443740437591,0.0015806526318856602,0.850172988717034
150,1376.5,6.284902544988268,0.0045658572793231145,1380.203766529065,0.7991145352447552,0.001702551211385213,0.6034004103792087,0.0015945225473545691,0.8502519303438186
151,1375.9,5.920304046246273,0.0043028592530316686,1380.315351270522,0.7991791273818694,0.0017132458412020405,0.6034535145404847,0.0016059012013208487,0.8503267424146095
152,1376.3,6.704476116744694,0.004871376964865722,1380.4306168727408,0.7992458498544593,0.0017198036583872033,0.6035080516365543,0.0016150153186622186,0.850403573442539
153,1380.1,5.9413803110051795,0.004305036092315905,1380.5335167837607,0.7993054164351759,0.0017278354638299164,0.6035570062387793,0.0016237110016728321,0.8504725418146689
154,1374.1,13.446189051177289,0.009785451605543475,1380.640930010841,0.7993675618929995,0.0017261775058114467,0.6036077575925504,0.0016384413341955376,0.8505440040504629
155,1376.1,5.504543577809153,0.004000104336755435,1380.737677317257,0.7994235337390959,0.0017217807003989177,0.6036536693780032,0.001650797934132584,0.8506086516073674
156,1379.9,10.249390225764653,0.0074276326007425555,1380.8388492211934,0.7994820847556404,0.0017227145768603058,0.6037013390269812,0.0016602658758770505,0.8506757940665987
157,1378.3,11.355615351005863,0.008238856091566323,1380.916475154895,0.7995269822369687,0.0017255310282342558,0.6037412478314534,0.0016778587238400837,0.8507319753594279
158,1373.9,7.453187237685633,0.005424839680970691,1380.9807943533956,0.7995641816926536,0.0017283164407078837,0.6037753384688893,0.0016931174448026485,0.8507799644388359
159,1374.9,7.368853370776216,0.005359555873718972,1381.0236898546336,0.799588992195825,0.001734995094630454,0.6038000642343393,0.001705491749720191,0.8508147744686223
160,1382.1,10.89954127475097,0.007886217549201194,1381.0488249151026,0.7996035182917065,0.0017558671256587553,0.603817028786198,0.0017264810060311896,0.8508386461512705
161,1377.5,7.33143914930759,0.005322278874270483,1381.066012607104,0.7996134385753193,0.001776968087077407,0.6038305246726045,0.0017489281356711534,0.8508576248047584
162,1377.7,4.08656334834051,0.002966221491137773,1381.0736648862035,0.7996178291179504,0.0018026025972817162,0.6038398597591027,0.0017767121648556582,0.8508707319216731
163,1375.5,6.06217782649107,0.004407253963279586,1381.0749550524765,0.7996185264251545,0.0018122462691585032,0.6038464236829159,0.0017981036377180916,0.850879926490558
164,1376.1,5.128352561983234,0.003726729570513214,1381.0539158603206,0.799606282765094,0.0018207345848539566,0.603843237245747,0.0018225478317342358,0.8508753647418056
165,1376.3,6.476881965884511,0.004706010292730154,1381.0300784610115,0.799592444629371,0.001826377394568629,0.6038439162974047,0.0018371799921047514,0.8508762816755862
166,1376.7,3.420526275297414,0.0024845836240992326,1381.0019672334101,0.7995761324671031,0.001833429208354526,0.6038424010499464,0.00185236139182469,0.8508741065534915
167,1381.9,5.9413803110051795,0.004299428548379173,1380.982954797999,0.7995650835795651,0.0018512646967043741,0.6038680757747736,0.001875032440126262,0.8509102366652591
168,1372.9,9.235799911215056,0.006727219689136175,1380.9949028671506,0.7995719421824514,0.0018593454874029397,0.6039068274717987,0.0018974949031242232,0.8509647712967284
169,1381.5,5.220153254455275,0.0037786125620378396,1381.0485683459651,0.7996029760299457,0.0018538445766374011,0.6039525429970352,0.0019057430187173375,0.8510291446343338
170,1374.5,4.847679857416329,0.0035268678482476023,1381.1067820007763,0.799636642377974,0.0018536482576032736,0.6039991367599067,0.001917131935833402,0.8510947519520263
171,1381.1,0.7416198487095663,0.0005369776617982524,1381.1618669762308,0.7996684990613921,0.0018539880546053157,0.6040432695841692,0.0019282168830352267,0.851156893620591
172,1375.3,6.360031446463139,0.004624468440677044,1381.2220474286955,0.7997033214256482,0.0018556987621828713,0.6040858437132316,0.0019354358314993224,0.8512168561431315
173,1372.9,7.127411872482185,0.005191501108953445,1381.279653474803,0.7997366559481827,0.0018577907496084873,0.6041152076442488,0.001942008649588535,0.8512582072509721
174,1375.1,5.103920062069938,0.0037116719235473334,1381.3467598995765,0.7997754917446501,0.0018542400676267654,0.6041386645848826,0.0019452522867180247,0.8512912375416845
175,1375.1,11.182575731914362,0.008132190918416379,1381.4039131151007,0.7998085764926925,0.0018558058960662371,0.6041553225165169,0.0019478483667470386,0.8513146991292153
176,1380.9,6.18869937870632,0.0044816419572064016,1381.4631913923922,0.7998428838489738,0.00184838007776482,0.6041704638412388,0.0019478193020427761,0.8513360163317104
177,1380.7,4.295346318982906,0.0031109917570673615,1381.5248823259326,0.7998785797648995,0.0018325801191491032,0.6041842142304933,0.0019457219343492194,0.8513553672712446
178,1377.5,3.774917217635375,0.0027404117732380217,1381.5976222908462,0.7999206948666131,0.0018133057979198197,0.6042003504687399,0.0019353956034339971,0.851378104380921
179,1386.9,8.82043082847998,0.00635981745510129,1381.6640215817952,0.7999591341889598,0.0018028109093662396,0.6042138065291451,0.001931172015998833,0.8513970594767869
180,1385.5,7.158910531638177,0.005167023119190312,1381.7219282948604,0.7999926406981992,0.0017955496424210326,0.6042366868009882,0.0019333651548207864,0.8514292766990528
181,1384.7,13.56281681657612,0.00979476913163582,1381.7748174428748,0.8000232431210218,0.0017962265939126844,0.6042547715769258,0.0019394633156040043,0.8514547364795872
182,1382.3,8.151686941977102,0.005897190871718949,1381.851328032888,0.8000675133703737,0.0018037512972736694,0.6042860268752335,0.0019516817755046,0.8514987474784579
183,1381.7,9.654014708917737,0.006987055590155415,1381.9285732960761,0.8001122091143287,0.0018114850350916664,0.6043153864993389,0.0019639064253739492,0.8515400876100051
184,1379.3,6.300793600809346,0.004568109621408936,1381.9840091367976,0.8001442880463007,0.0018017530917942162,0.6043330125033346,0.001963864152817543,0.8515649040443034
185,1389.7,5.044799302251776,0.0036301354984901602,1382.0562802355566,0.8001861066628987,0.0018016569328712752,0.6043558246410179,0.001971083742509002,0.8515970169556087
186,1391.3,5.239274758971894,0.0037657405009501143,1382.1393167801002,0.8002341536292817,0.0018250469461225994,0.6043735704475486,0.00199183419550662,0.8516219792844264
187,1386.3,8.258329128825032,0.005957101009034864,1382.238403188298,0.8002914865705668,0.0018483952638798978,0.6043967139964976,0.002014378152880623,0.8516545480805984
188,1384.9,3.0083217912982647,0.00217223033525761,1382.3493585335898,0.8003557191667345,0.0018674486775382155,0.6044209008007659,0.0020267925924061176,0.8516886171661294
189,1383.7,9.038805230781334,0.006532344605609116,1382.4631662932377,0.8004216039673174,0.0018858774916642917,0.6044449128933083,0.002038701517226357,0.8517224408935652
190,1389.3,8.497058314499201,0.006116071629237171,1382.5863161674367,0.8004928965013013,0.0019084418462769921,0.6044715989627828,0.0020531549532725748,0.8517600282047905
191,1395.3,6.978538528947161,0.005001460996880356,1382.695291294,0.8005559740717327,0.0019384690583078967,0.6044906888089714,0.0020738112799195503,0.851786900415083
192,1391.9,6.931810730249349,0.004980106854119799,1382.780143518369,0.8006051216653878,0.0019582917738086543,0.6044978459439133,0.002079001633423718,0.8517970064733962
193,1382.1,6.268971207462991,0.0045358304084096605,1382.8421680615077,0.8006410616629769,0.0019936587556553605,0.6044990759684585,0.0020902132419039422,0.8517987698174669
194,1392.1,11.523888232710346,0.008278060651325586,1382.9040407896205,0.8006768943051693,0.0020255312256142236,0.604501768858843,0.0021050394931662825,0.8518025724819793
195,1390.7,4.764451699828639,0.0034259378009841366,1382.9429178116056,0.8006994234553959,0.0020382174890493784,0.604500861857729,0.002106576851063986,0.8518013138310107
196,1385.1,6.841052550594828,0.0049390315143995585,1382.980188487688,0.800721023714968,0.0020454021861048776,0.6044975913662047,0.002104786561762373,0.8517967278274806
197,1382.7,5.426785420486055,0.0039247742970174694,1383.0098084533684,0.8007381805491403,0.0020539768040477606,0.6044918799418901,0.0021075042714886797,0.8517886866438407
198,1392.9,3.7483329627982624,0.0026910280442230326,1383.002796028415,0.8007341067760253,0.002028640340723781,0.6044683758176829,0.0020970956639896504,0.8517555547748523
199,1389.5,8.455767262643882,0.006085474820182715,1382.9859215529482,0.8007243204706066,0.0020127729155389367,0.6044464241999438,0.002092715244071083,0.8517246067595357
200,1391.5,6.5,0.004671218109953288,1382.9895253732489,0.8007264106017452,0.0019902453326570194,0.6044311824565337,0.002079350776227315,0.8517031366614745
201,1391.9,7.9088557958784405,0.005682057472432243,1382.9926800232595,0.8007282340404569,0.001953451282739789,0.6044135387334977,0.002060127641851867,0.8516782751178524
202,1389.9,5.4129474410897425,0.0038944869710696756,1382.990223966389,0.8007267795169494,0.0019204968528092306,0.6043912722961648,0.0020513214982251443,0.8516468651524549
203,1392.1,4.277849927241488,0.0030729472934713656,1383.0063407611224,0.8007360824314083,0.001881517156280913,0.6043749866325581,0.002038482120748065,0.8516238893544154
204,1389.7,10.556988206870367,0.007596595097409777,1383.0311075263558,0.8007504003040807,0.0018469475940534037,0.6043603796215938,0.0020263809005708,0.851603286727072
205,1384.7,8.80056816347672,0.006355577499441554,1383.0425475119234,0.8007569991010659,0.0018131976003411326,0.6043404202332228,0.002015831529743185,0.8515751375051261
206,1388.9,6.00416522091123,0.004322964375341082,1383.0736638404053,0.8007749792335023,0.0017803842746317664,0.6043268553884764,0.002009121496055311,0.8515559851823822
207,1385.7,7.19027120489902,0.005188909002597257,1383.1297784041028,0.8008074417256953,0.0017609801328642874,0.6043220464519179,0.0020068981219101448,0.8515491771044699
208,1390.9,7.503332592921628,0.00539458810332995,1383.1867468619603,0.8008404016817581,0.0017366376364666392,0.6043129432814627,0.002001450078257235,0.8515363218200841
209,1385.3,8.555699854482976,0.006176062841610464,1383.2497769399856,0.8008768457157146,0.0017071903039326986,0.6043045669824627,0.0020009115471789087,0.8515244641680535
210,1385.9,8.706319543871567,0.006282069084256848,1383.293804866281,0.8009022717054524,0.0016867038394303613,0.6042860030126549,0.0020094426684198106,0.8514982309456446
211,1387.3,9.148770409186143,0.006594658984492283,1383.3174693603023,0.8009159110936256,0.0016786138218759657,0.6042566933316889,0.0020229021870070162,0.8514568582677409
212,1386.9,12.239281024635394,0.0088249196226371,1383.3566960274568,0.8009385603195618,0.0016950238450823473,0.6042376124726929,0.0020479133374785748,0.8514298992851334
213,1382.5,9.759610647971568,0.00705939287375882,1383.394484025006,0.8009603880304198,0.0017087792448561958,0.6042242551536298,0.002068326593927909,0.8514110184838198
214,1382.5,7.483314773547883,0.0054128859121503675,1383.4299984574557,0.8009809060433593,0.0017160886627937096,0.6042086942020684,0.0020837603499985376,0.8513890452214528
215,1379.7,14.463747785411636,0.010483255624709455,1383.455982705993,0.8009959192898229,0.0017152011977153313,0.6041878069067471,0.0020917224881973847,0.8513595810413636
216,1381.7,6.88839603971781,0.004985449836952891,1383.472126517178,0.8010052363276949,0.0017103125902794684,0.6041615047402356,0.0020974508039627924,0.8513224895821512
217,1379.7,6.685805860178712,0.004845840298745171,1383.4786425366262,0.8010089878633038,0.0017123303010227635,0.604147672895855,0.0021040304135727106,0.8513029770986016
218,1384.9,7.46993975879324,0.005393847757089494,1383.481505408963,0.8010106280203635,0.0017122382438612023,0.6041327284669584,0.0021086117681769897,0.851281901391163
219,1380.9,13.277801022759755,0.009615324080498047,1383.4786094196863,0.8010089328439841,0.001710938038741632,0.6041132815471091,0.002112896634278131,0.8512544802256565
220,1386.9,9.939818911831342,0.0071669326640935475,1383.4555283067127,0.8009955765284238,0.0017170977696673681,0.6040830979024008,0.002113697383972708,0.8512119559629824
221,1374.5,5.291502622129181,0.003849765458078706,1383.44155138922,0.8009874790546959,0.0017245943161838934,0.6040550319097561,0.002118430228818527,0.8511724004483225
222,1379.5,7.0178344238090995,0.0050872304630729245,1383.445368203736,0.8009896594001109,0.0017289672697529985,0.6040302341995092,0.002128240208000374,0.8511374263515163
223,1379.3,3.6674241641784495,0.002658902460797832,1383.432619401829,0.8009822782777999,0.0017404551383617874,0.603999007354304,0.002133396379315129,0.8510934236213243
224,1382.1,6.5038450166036395,0.004705770216774213,1383.4159802309377,0.8009726438534541,0.00175108741566579,0.6039644164200701,0.0021383914094708642,0.8510446797710207
225,1382.7,5.06951674225463,0.0036663894859728288,1383.3706900263185,0.8009464000019889,0.001755295725521803,0.6039157171128704,0.00214591498115171,0.8509760305243159
226,1381.3,7.155417527999327,0.005180205261709496,1383.3369649544418,0.8009268475448561,0.0017698743059117645,0.6038705318058449,0.0021594592130671575,0.8509123290666241
227,1375.3,11.278297743897348,0.008200609135386713,1383.2984586678879,0.8009045292242837,0.0017818281480515199,0.6038217893079938,0.0021711191104887523,0.850843619573566
228,1379.1,11.791946404220129,0.008550465088985664,1383.249484988012,0.8008761344504489,0.0017965879213269597,0.6037562501276156,0.0021881545529009246,0.8507512235020883
229,1381.7,12.18400590938793,0.008818126879487536,1383.2058856646433,0.800850844219673,0.0018053802293210603,0.6036910179287344,0.002204152085348041,0.8506592536719738
230,1380.3,9.846319109189992,0.007133463094392518,1383.1555510528217,0.8008216802750973,0.0018003623653096797,0.6036208636509915,0.0022070119976325036,0.8505603810404525
231,1379.9,8.947066558375433,0.00648385140834512,1383.1238039337777,0.8008032969425279,0.0017955180143399718,0.6035568944141032,0.0022051516768746933,0.8504702423975491
232,1380.9,9.396807968666808,0.0068048431955006206,1383.065089690269,0.8007693103481094,0.001771562995722319,0.6034792873109517,0.0021918350512336936,0.8503609004080073
233,1369.9,10.05236290630218,0.0073380267948771295,1383.0060453231554,0.800735131901698,0.0017499314971053768,0.6033997232652195,0.002179830188000343,0.8502488001109022
234,1380.1,4.695742752749558,0.003402465584196477,1382.9581460265415,0.8007074019069513,0.0017385006866528245,0.6033313718183287,0.002173673269090702,0.8501524897769126
235,1379.3,7.362064927722384,0.00533753710412701,1382.9028674041365,0.8006754007171916,0.0017287709725079376,0.6032586229229803,0.0021679582496512625,0.8500499846452539
236,1385.3,7.870832230456955,0.005681680668777128,1382.8419526270966,0.8006401396146353,0.0017203740035504483,0.6031875298723335,0.002161998433711988,0.8499498162662522
237,1382.3,10.883473710171767,0.007873452731079915,1382.7929125390403,0.8006117612180839,0.0017051233627132208,0.6031205662983584,0.0021509944222786992,0.8498554755693968
238,1383.5,9.17877987534291,0.006634463227569866,1382.739548075783,0.800580877517946,0.0016873585445279305,0.6030507332327231,0.0021392805584219423,0.849757090079194
239,1384.7,2.6832815729997477,0.0019378071589512152,1382.6818243773878,0.8005474700437423,0.0016698696367925935,0.6029780829406143,0.0021276681321217325,0.849654735143585
240,1381.3,6.942621983083913,0.005026150715328975,1382.6448219485214,0.8005260423000194,0.0016600628041253775,0.6029136194263226,0.0021241689089453804,0.8495638993934687
241,1386.1,7.987490219086343,0.0057625641866289185,1382.6100477668367,0.80050592488401,0.001645460169000891,0.6028493440538869,0.002113184290210832,0.8494733519683884
242,1380.9,7.092249290598858,0.00513596154000931,1382.5691513086936,0.8004822428456955,0.001630263346904117,0.6027708899326616,0.0021072436862309488,0.8493628035560142
243,1385.7,7.345066371381542,0.00530061800633726,1382.5416088209665,0.8004663058936512,0.0016084745294326827,0.6026969117980195,0.0020948807159249837,0.8492585768748799
244,1381.3,7.8230428862431785,0.00566353644120986,1382.5189556137216,0.800453202307095,0.0015918411899396145,0.6026237763427524,0.002084115734907237,0.8491555410566599
245,1380.1,5.366563145999495,0.003888532096224546,1382.5001615758165,0.8004423773329303,0.0015604805888781998,0.6025561391154733,0.0020549679577638144,0.8490603020278226
246,1377.5,8.5,0.006170598911070781,1382.487919114496,0.800435321179393,0.0015303180242385184,0.6024898407195786,0.002033002991919714,0.8489669254108317
247,1379.3,4.711687595755898,0.0034159991269164785,1382.4672433371848,0.8004233914460996,0.0015005650661034963,0.6024184132665112,0.0020086548106269665,0.8488663314373335
248,1380.1,8.08084154033477,0.005855257981548272,1382.4276527322863,0.8004005126899681,0.001465303064737783,0.6023373537290845,0.001981276205403692,0.8487521705104928
249,1380.1,9.787747442593725,0.007092056693423466,1382.3754810017783,0.8003703400517279,0.0014335256701201115,0.6022575685309779,0.0019581128786475693,0.8486397905336108
250,1378.9,5.366563145999495,0.0038919161258970884,1382.3152698725687,0.800335522367164,0.0014000526307218182,0.6021762328651875,0.0019314735682781606,0.8485252362531632
251,1376.5,6.284902544988268,0.0045658572793231145,1382.2607771674466,0.8003040191977654,0.0013772051247836674,0.6020968898356931,0.00190805987099329,0.8484134937820068
252,1377.5,8.5,0.006170598911070781,1382.1961576505878,0.8002666527851116,0.0013562757787231028,0.6020127085727218,0.0018852895882617412,0.8482949332441112
253,1382.3,11.333578428722324,0.008199072870377144,1382.1373681096145,0.8002326483196862,0.001336230516590834,0.601930710729123,0.0018668279968217921,0.8481794326335155
254,1381.3,7.52994023880668,0.005451343110697662,1382.0915075964242,0.8002061206454432,0.0013281581631106548,0.6018540580460522,0.001855859819641272,0.8480714549369978
255,1380.1,8.44393273303382,0.0061183484769464684,1382.0559553409425,0.8001855462985962,0.0013169249497495034,0.6017789884810563,0.0018481410203864427,0.8479656930121239
256,1377.1,6.786015030929419,0.004927757629024341,1382.0271090915671,0.8001688485927492,0.001314117064262703,0.6016984511607918,0.0018456315515013694,0.8478522115867302
257,1382.5,11.20267825120404,0.008103203075011963,1382.000724302352,0.8001535710330749,0.001319002156795569,0.6016182149824506,0.0018477433220178065,0.8477391439060931
258,1381.9,5.343220002957019,0.0038665750075671315,1381.9775966513623,0.8001401666035057,0.0013147325141348737,0.6015359998364533,0.0018500244224251524,0.8476232771566353
259,1381.5,10.012492197250394,0.007247551355230108,1381.985491729924,0.8001447077818252,0.0013318873499389707,0.6014664665836713,0.001865776277113796,0.8475252589447534
260,1378.1,6.348228099241551,0.00460650758235364,1381.987553172306,0.8001459191577471,0.0013291828750660484,0.601393631574533,0.001859069454079324,0.847422645264359
261,1381.7,10.545141061171254,0.007632004820996782,1381.950112031131,0.8001242219113414,0.0013246257391267653,0.6013029058326473,0.0018628620317764806,0.8472947835460127
262,1378.5,6.4031242374328485,0.004644994006117409,1381.9004162276576,0.8000953751142589,0.0013334055884244665,0.601206210005626,0.0018882160156211388,0.8471584472061849
263,1383.5,8.916277250063503,0.006444725153641853,1381.8330373724752,0.800056307950593,0.0013548324583561773,0.601116320542874,0.001913068625890898,0.8470317223752902
264,1381.5,8.200609733428363,0.005936018627164939,1381.7795759985925,0.8000253430462164,0.0013634700008424729,0.6010309422008061,0.001919702951651469,0.8469114016871545
265,1379.9,4.904079934095692,0.0035539386434493016,1381.7249442023215,0.7999937024547235,0.001371977127016361,0.6009435850635365,0.0019257026535536479,0.8467882952552468
266,1383.3,3.3466401061363023,0.002419316204826359,1381.6423915137048,0.7999458845116914,0.0013816886131699706,0.6008426901489571,0.0019355474847695471,0.8466460986821602
267,1377.7,4.604345773288535,0.0033420525319652573,1381.5646402585292,0.7999008446499241,0.0013979671942644283,0.6007475842142004,0.0019485731607586198,0.8465120546091651
268,1381.9,7.092249290598858,0.005132244945798435,1381.4877177983587,0.7998562814558223,0.001406046871008508,0.6006512512008715,0.001959165457127167,0.8463762814992268
269,1386.7,11.399561395071302,0.008220639932985723,1381.4290547989578,0.7998222750538158,0.0014133609264246505,0.6005613474225544,0.001973718195853074,0.8462495500668373
270,1388.5,6.892024376045111,0.004963647372016645,1381.3925132184602,0.799801113768329,0.001419970179218226,0.6004796276020825,0.0019773827917885663,0.8461343901240188
271,1387.3,9.364827814754525,0.006750398482487224,1381.3624927121025,0.7997837287275085,0.0014238817195390962,0.6003993863874169,0.0019797700620676636,0.8460213151097596
272,1381.5,5.5,0.003981179876945349,1381.3733657007929,0.7997900510940339,0.0014116446433646767,0.600319910643589,0.0019668496231085714,0.8459093548829817
273,1384.3,6.7786429320329304,0.004896801944688963,1381.3657937738487,0.7997856582124363,0.0014093732354410655,0.6002308673096461,0.0019681681468603955,0.8457838717528062
274,1385.7,7.90253124005214,0.005702916388866377,1381.3949694496305,0.7998025781628568,0.001412662632759904,0.6001670120379692,0.0019613667451577796,0.8456939253585356
275,1380.9,7.829431652425354,0.0056698034994752365,1381.4249524815561,0.7998199606089392,0.001410039942536804,0.6000947422742963,0.001953534263385158,0.845592117664892
276,1389.7,10.03493896344168,0.007220939025287242,1381.4727482441565,0.7998476459789663,0.001383553616649754,0.6000290294795659,0.0019390110959575703,0.8454995400342767
277,1385.7,13.881642554107204,0.010017783469803856,1381.5241056465334,0.7998773929831582,0.001363865295770933,0.5999487265363117,0.0019273895672318288,0.8453864034262025
278,1386.3,6.016643582596529,0.00434007327605607,1381.5818659478628,0.7999108460240818,0.0013506697801382256,0.5998792003955193,0.0019187461704073241,0.8452884516940262
279,1392.7,7.479973261984297,0.0053708431550113424,1381.6283448763381,0.7999377497397733,0.00133866814107274,0.5997972979272556,0.0019157040866360701,0.8451730370642814
280,1391.7,9.444575162494075,0.006786358527336406,1381.675468190751,0.7999650531578569,0.0013371376184253794,0.5997237787737182,0.0019090433346784393,0.8450694647887396
281,1387.5,6.576473218982953,0.0047398005181859115,1381.7011780915832,0.7999799492649929,0.0013341961066920176,0.5996592963403257,0.001904581039146687,0.8449786137431682
282,1380.1,13.885243966167826,0.01006104192896734,1381.714808327001,0.7999878567656088,0.0013269902106127895,0.5995867660722686,0.0018968544773226017,0.8448764308357297
283,1389.3,6.996427659884722,0.0050359372776828054,1381.7138915106548,0.7999872973286253,0.0013390030771920258,0.599507693636366,0.0019097397071274806,0.8447649781470353
284,1386.3,9.404786015641186,0.006784091477776229,1381.7042968358587,0.799981709450727,0.0013524269041712996,0.5994247004598876,0.001924317318300684,0.8446479964457506
285,1381.3,10.329569206893384,0.0074781504429836995,1381.6749883437164,0.7999647193118351,0.001375632229173668,0.5993277352348083,0.0019393091034372604,0.8445113380366133
286,1384.1,3.248076353782343,0.002346706418454117,1381.6349239922724,0.7999415110807024,0.001404430854318493,0.599230748777466,0.001953908845044921,0.8443746585011276
287,1382.5,6.082762530298219,0.004399828231680448,1381.5623849948965,0.7998995058589754,0.0014346651589202156,0.5991190577574562,0.0019676936228058667,0.8442172619771773
288,1379.3,11.333578428722324,0.008216905987618593,1381.458214090569,0.7998391967972934,0.0014381984543082715,0.5989980977004844,0.0019676437842919177,0.8440468138235675
289,1377.1,8.1117199162693,0.00589043636356786,1381.3079848429074,0.7997522218935847,0.0014222540951814664,0.5988563604929154,0.0019592804584123054,0.8438471033845317
290,1383.9,4.748684028233506,0.003431378010140549,1381.141432778284,0.7996558079688756,0.0014058995247335539,0.5987068215646865,0.0019474510710340003,0.8436364103101411
291,1378.3,11.46516463030514,0.008318337539218705,1380.9431562535758,0.7995410423060904,0.0014081995301179172,0.5985482130187035,0.0019385228874015017,0.8434129520465101
292,1383.5,8.645808232895291,0.00624922893595612,1380.728658702922,0.7994168405201509,0.001420087355009857,0.5983898267577603,0.0019462703856627424,0.8431897563076012
293,1380.1,6.465291950097845,0.004684654699005758,1380.4924988387363,0.7992800860337992,0.0014253264013570014,0.5982214023092606,0.0019542975387260068,0.8429524038272918
294,1378.9,4.39317652729776,0.003186000817534092,1380.2625435204604,0.7991469226123333,0.001432565116499849,0.5980577666554219,0.001963478781302517,0.8427217967166605
295,1380.9,9.50263121456368,0.006881476728628923,1380.014984805433,0.799003578682048,0.001443238386487035,0.5978862030392532,0.001970760657324092,0.8424800299523934
296,1383.1,6.931810730249348,0.005011792878497107,1379.778070397908,0.7988663895862487,0.0014436252708457111,0.5977190414577406,0.0019760910973722055,0.8422444613523068
297,1377.9,5.835237784358063,0.0042348775559605655,1379.5208209689574,0.7987174316340098,0.001437921758070132,0.5975429521459495,0.0019775763364203594,0.8419963191688196
298,1381.3,13.103434664239753,0.00948630613497412,1379.2694168542646,0.7985718723861652,0.0014340621937903764,0.5973693671789708,0.001975787096984436,0.8417517209857861
299,1385.1,5.616938667993447,0.0040552585863789245,1379.0138680673467,0.7984239023365514,0.0014343760104328248,0.5971913944318079,0.0019788021301934346,0.8415009268408721
300,1381.7,1.4832396974191326,0.0010734889610039319,1378.7576304480713,0.7982755422745036,0.0014430507576408823,0.5970131060649881,0.001982732186570868,0.8412496965407229
301,1385.5,7.566372975210778,0.005461113659480894,1378.4913615332875,0.7981213827557526,0.0014281758996287804,0.5968230961505665,0.001974674031672173,0.8409819571383637
302,1382.9,10.597169433391164,0.007663004869036925,1378.2340598144312,0.7979724128577204,0.001418210343655886,0.5966376369530797,0.001969263620721162,0.840720628020083
303,1386.5,8.789197915623474,0.006339125795617363,1377.9931441833226,0.797832923900028,0.0014214966177334204,0.596467461080533,0.001971023328899328,0.840480830963242
304,1389.7,5.239274758971894,0.003770076102016186,1377.7390028663663,0.7976857854577274,0.001408782999489338,0.596291878676076,0.0019640913359109794,0.8402334228499806
305,1380.9,5.727128425310541,0.0041473882433996235,1377.4891850531128,0.7975411534223744,0.0014166671263395889,0.596118573496981,0.001964552472138585,0.8399892268670499
306,1383.7,6.572670690061994,0.0047500691552084945,1377.242364322954,0.7973982520204032,0.001427705919005369,0.5959470581667763,0.0019676165573020263,0.839747547532425
307,1383.9,5.481788029466299,0.003961115708841895,1376.982234417398,0.7972476189868836,0.0014433645611522368,0.595770364194426,0.00197982951083958,0.8394985433147252
308,1380.1,4.6690470119715,0.003383122246193392,1376.7330172408615,0.797103323484844,0.001454435838914131,0.5955990591690169,0.0019848046245100745,0.8392571545857971
309,1383.3,7.8230428862431785,0.005655347998440814,1376.4819005463505,0.7969579046441733,0.0014740278530262045,0.5954276861469397,0.0019998364015790075,0.8390156434849396
310,1381.7,10.545141061171254,0.007632004820996782,1376.256820041683,0.7968275751145577,0.0014876211884981875,0.5952684149902391,0.002008326889712516,0.8387912013662463
311,1384.5,10.0,0.007222824124232575,1376.0454516932857,0.7967051840178854,0.0014978079024328065,0.595115998825019,0.0020156012972193283,0.8385764154075414
312,1382.5,6.082762530298219,0.004399828231680448,1375.841772052622,0.796587247895758,0.0015050276219867858,0.5949679175320941,0.002020735791856053,0.8383677419010059
313,1382.7,5.995831885568507,0.00433632160668873,1375.651950108466,0.7964773248714729,0.0015082753651003101,0.5948195095859277,0.002027009662338506,0.8381585983578173
314,1381.7,4.969909455915671,0.0035969526350985532,1375.5075421217057,0.7963937032345616,0.0015239441139060011,0.5946924227739888,0.0020364328844118614,0.837979505048408
315,1381.9,7.58617163001207,0.005489667580875657,1375.3795909883654,0.7963196131859459,0.0015609015589317268,0.594560454274046,0.0020539163416248766,0.8377935332935513
316,1376.9,16.218816233005416,0.011779225966305044,1375.2636613043449,0.7962524873534544,0.0015998962807405352,0.5944360195226187,0.002071435474645268,0.8376181788587959
317,1376.1,3.847076812334269,0.0027956375353057695,1375.1404781389058,0.7961811617663551,0.0016341318466907236,0.5943109142501489,0.0020871603977549564,0.8374418815271335
318,1379.3,6.1400325732035,0.004451557002250054,1375.0348283017452,0.7961200117466601,0.001657185909845478,0.5941959199324862,0.002091820253817398,0.8372798583876918
319,1368.9,8.44393273303382,0.006168407285436351,1374.9191762771238,0.7960530658214171,0.0016693152147196392,0.5940746289890303,0.002093007663983868,0.8371089620556967
320,1370.7,8.570297544426332,0.006252496931805888,1374.7731908782082,0.7959685754757142,0.0016784907010833064,0.5939285101215994,0.0020880901445101394,0.8369031031126527
321,1371.9,14.108508071373103,0.010283918704988048,1374.6265344255032,0.795883697865533,0.0016866005518817492,0.5937837661861548,0.0020823786321498964,0.8366991827873875
322,1374.3,4.8166378315169185,0.0035047935905675024,1374.4619557819206,0.7957884527992618,0.0016773224131928376,0.5936330004896405,0.0020663431987115906,0.8364867858318696
323,1368.1,13.575713609236164,0.009923041889654385,1374.3094963697813,0.795700217576712,0.0016698199093271035,0.5934892432661286,0.002052908531422273,0.8362842547445171
324,1371.1,9.851395840184273,0.007185030880449473,1374.141501103761,0.7956029947521273,0.0016505726113943942,0.5933455288634955,0.0020321070437939745,0.8360817942551494
325,1371.1,11.706835610018619,0.008538279928538122,1373.9568638780538,0.7954961105052973,0.0016417077652837813,0.5932084812170937,0.0020230173463778953,0.8358886971361642
326,1371.3,9.311283477587825,0.006790114108938835,1373.791635619543,0.7954004766148726,0.00162219974427271,0.5930805799171035,0.0020056113472621787,0.8357085047030054
327,1375.1,5.748912940721924,0.004180723540631172,1373.596875590993,0.7952877357385983,0.001623381627887095,0.5929407669956339,0.001999835464056216,0.8355115157482341
328,1372.9,8.87693640846886,0.0064658288356536225,1373.4112023279547,0.7951802529191063,0.0016259969821323065,0.5928012525559806,0.0019955235069091756,0.8353149430231049
329,1365.5,10.862780491200215,0.00795516696536083,1373.218981497225,0.7950689856501593,0.0016359979081701614,0.5926542994288532,0.001992761045031465,0.8351078939465731
330,1369.9,7.9088557958784405,0.0057733088516522665,1373.0365036703238,0.7949633658326644,0.001642868663921038,0.5925136291832187,0.001986815297132156,0.8349097054745
331,1364.3,4.577116996538323,0.003354919736522996,1372.8559499376522,0.7948588611256847,0.001648409300763769,0.592375920288002,0.0019799596903472953,0.8347156917759886
332,1362.5,5.916079783099616,0.004342076905027241,1372.688849526218,0.7947621685414553,0.0016499137063932256,0.5922462003344319,0.001964851068454272,0.8345329614441253
333,1362.3,6.572670690061994,0.004824686699010493,1372.534683022957,0.7946729524356456,0.0016470282645872152,0.5921242971502483,0.0019509759589800876,0.8343612331413632
334,1366.3,7.965550828411052,0.00583001597629441,1372.4256108114691,0.7946098171370846,0.0016425897657821912,0.5920241358620472,0.0019442369137165965,0.8342201139422858
335,1369.3,3.1144823004794873,0.002274506901686619,1372.3011369568576,0.7945377730620153,0.0016260933384708654,0.5919112507488055,0.0019293816318498305,0.8340610734559318
336,1359.7,4.944694126030447,0.0036366066970879214,1372.2037654832668,0.7944814131105723,0.0016330794450127915,0.5918100085305671,0.0019277143661916587,0.8339184285789466
337,1368.9,9.555103348473004,0.006980132477516987,1372.098308247259,0.7944203855822581,0.0016489584465332737,0.5917139531954236,0.0019263280562544017,0.8337831068169324
338,1372.1,10.945318634009702,0.007977056070264341,1371.9724987341565,0.7943475849611812,0.0016485799660309571,0.5916105043572024,0.0019142076506155083,0.8336373760131849
339,1374.3,7.242237223399963,0.005269764406170387,1371.888265099372,0.7942988806642235,0.0016488034729044837,0.5915290526990329,0.0018952472712937824,0.8335226655467176
340,1368.7,4.738143096192854,0.0034617835144245294,1371.7704121926195,0.794230674051423,0.0016432335231255303,0.5914347920303289,0.0018841516755217674,0.8333898695519963
341,1372.5,4.301162633521313,0.003133816126427186,1371.6733715398325,0.7941745105537652,0.0016526423457769615,0.5913512618069031,0.0018822936374421435,0.8332721805335606
342,1375.1,5.389805191284746,0.003919573261060829,1371.5850134515863,0.7941233634186519,0.001654635953746588,0.5912733011460717,0.0018799609103821694,0.8331623297565646
343,1369.9,8.249242389456137,0.006021784356125364,1371.5082471639344,0.7940789202625272,0.0016512428531161305,0.5912022333290757,0.0018771864366968819,0.833062184802859
344,1367.3,6.942621983083913,0.005077614263939087,1371.4108713328515,0.794022556156343,0.0016265866193348247,0.5911242475433068,0.0018606627136930336,0.8329523140536785
345,1378.1,4.615192303685731,0.0033489531265406946,1371.3096305805393,0.7939639562070775,0.001604176413544436,0.5910440169017624,0.0018447015209475115,0.8328392819158568
346,1371.5,4.873397172404482,0.0035533337020812843,1371.2184195550385,0.7939111568607362,0.0015819177827426586,0.5909622016755808,0.0018307451820051275,0.8327240106645254
347,1369.3,9.284395510748128,0.006780395465382406,1371.1161504345807,0.7938519451012159,0.0015713689200174893,0.5908856128664451,0.0018254347521640022,0.8326160902799369
348,1355.9,9.697937925146768,0.007152399089274111,1371.0195521543958,0.7937960102245419,0.0015607153999519555,0.5908045777793447,0.0018220089948520993,0.8325018975537966
349,1368.3,3.383784863137726,0.002472984625548291,1370.948328248148,0.7937547628496835,0.0015824004617020048,0.590735035119188,0.0018351477962201322,0.8324038883789313
350,1362.7,8.729261137118078,0.006405856855594098,1370.8828401959559,0.7937168449531196,0.0016013680897948466,0.5906710195957626,0.0018445172633859666,0.8323136770275446
351,1361.9,4.954795656734998,0.0036381493918312634,1370.823796526041,0.7936826569071067,0.0016171603574269848,0.5906180173679545,0.0018528321855927818,0.8322389843297504
352,1363.9,4.695742752749558,0.003442879062064343,1370.770112048561,0.7936515338373967,0.00164281811996478,0.5905566737587898,0.0018770269170022523,0.8321524953796141
353,1361.1,5.527205442174191,0.004060837148023063,1370.7331484885249,0.7936301018353387,0.0016669678512606612,0.5905030822831963,0.0018975159436368705,0.8320769413249574
354,1357.3,8.613942186943213,0.006346380451590078,1370.7014201938468,0.7936117140943177,0.0016988370167440275,0.5904523557418029,0.0019179908498455935,0.8320054373347542
355,1354.3,6.51536645170477,0.004810873847526227,1370.6826528237937,0.793600825801243,0.0017296379559960065,0.5904078832473674,0.0019393422340946908,0.8319427409483782
356,1363.9,11.182575731914362,0.008198970402459389,1370.6792013414185,0.7935988009863392,0.0017521902513254366,0.5903681291361887,0.001957790873397642,0.831886689513763
357,1359.1,9.902019995940224,0.007285718487190217,1370.6749416314008,0.7935963198573867,0.001776676851682574,0.5903286513873556,0.001973955608090645,0.831831042431156
358,1365.5,11.5,0.008421823507872574,1370.6747458928537,0.793596197267853,0.0017928355162639723,0.5902916078911498,0.001984457480446555,0.8317788354228279
359,1364.9,7.334848328356899,0.005373908951833027,1370.6974585362916,0.7936093830757084,0.0017982273380415003,0.5902702251893104,0.001977276178971956,0.8317487488510451
360,1374.7,7.710382610480495,0.005608774722107001,1370.7242353254996,0.793624934312772,0.0018167128566067769,0.5902489554398537,0.001973306670734595,0.83171883227018
361,1360.3,7.067531393633848,0.005195568178808975,1370.7625265262413,0.7936471522416481,0.0018373276386845444,0.5902336781484425,0.0019705227769956763,0.8316973602411354
362,1362.5,11.335784048754634,0.008319841503673125,1370.8045411168682,0.7936715280686238,0.0018591304980026219,0.5902210997353723,0.001967896291392299,0.8316796939049006
363,1369.1,11.728171212938529,0.008566336434839332,1370.8297675103724,0.7936861891133258,0.001850940738608653,0.5901998416313079,0.0019480707792272746,0.8316498022522423
364,1363.9,2.8809720581775866,0.002112304463800562,1370.8631894750956,0.7937055962961079,0.0018419116017928626,0.5901831626792428,0.0019273314120625109,0.8316263646029831
365,1374.3,4.944694126030447,0.003597972877850867,1370.892354867196,0.7937225269774814,0.001839818286580464,0.5901657612333001,0.0019135115553236546,0.8316018933339129
366,1372.3,10.72147377928986,0.007812776928725396,1370.9283894099076,0.793743434451488,0.0018373197248125759,0.5901524864460065,0.0018994786116837482,0.831583236756056
367,1371.9,9.249324299644814,0.006741981412380503,1370.9751263019175,0.7937705360856858,0.0018372995503739735,0.5901450474343639,0.0018873586589167395,0.831572799556272
368,1376.9,4.449719092257398,0.003231693726673976,1371.0328217637639,0.7938039719454849,0.0018256360473353631,0.5901253575903518,0.0018719043587822383,0.8315450910313997
369,1376.9,4.2485291572496005,0.0030855756825111484,1371.1109498548599,0.79384925155811,0.0018150280866917985,0.5901146263272659,0.0018529439184510983,0.8315300215586726
370,1378.9,6.268971207462991,0.004546356666518958,1371.185404580081,0.7938923786334505,0.001805517921139007,0.5901025216400886,0.0018420564285561206,0.8315129878480734
371,1379.5,7.858116822750856,0.005696351448170247,1371.2779840324138,0.7939460194162018,0.0017938348828430623,0.5900984684008923,0.001824052188737388,0.8315073224694132
372,1382.3,4.944694126030447,0.0035771497692472305,1371.3758517372094,0.79400272827382,0.0017895999457130337,0.5900969855874606,0.0018080909920720207,0.8315052846769021
373,1377.5,10.35615758860399,0.007518081734013786,1371.486179080734,0.7940666383909504,0.001776567603736216,0.5901012024719913,0.0017910233983585877,0.8315112658929671
374,1378.3,3.930648801406709,0.0028518093313550817,1371.6095098780072,0.794138063937475,0.0017539149779417654,0.5901113960276607,0.0017726887493524337,0.8315256557404137
375,1379.3,9.418067742376884,0.006828150324350674,1371.7561356539675,0.7942229661351438,0.001720472048251558,0.5901320366551797,0.0017518123187959698,0.8315547566132956
376,1383.1,10.05236290630218,0.007267994292749751,1371.9441825301249,0.794331864486887,0.001683999927571661,0.590173403258863,0.0017250129696389361,0.8316130818650386
377,1376.9,9.594269122762817,0.006968021731979677,1372.1242287021116,0.7944361369219937,0.001638197851150452,0.590211673550299,0.00169117704717015,0.8316670502673397
378,1379.5,7.314369419163897,0.005302188777936858,1372.3118396547552,0.7945447890054297,0.0015929558726137459,0.5902511501084641,0.001657726285143497,0.8317227167981198
379,1382.9,7.074602462329597,0.005115772985992911,1372.5133682629983,0.7946615185535169,0.0015462664524346797,0.5902972153684242,0.0016170058514089842,0.8317876896054353
380,1387.3,6.220932405998316,0.004484201258558579,1372.7129814919958,0.7947771515683281,0.0015089153197913,0.5903431032770037,0.0015766145792403643,0.83185242484439
381,1379.7,3.63318042491699,0.002633311897453787,1372.9225345091672,0.7948985181810437,0.0014799979082394216,0.5903963959490769,0.0015477066612009278,0.8319275665963364
382,1378.1,4.39317652729776,0.0031878503209475076,1373.1177139027611,0.7950115429250941,0.0014458022977861889,0.5904440776848547,0.001522879676600549,0.8319947826608314
383,1381.3,9.57601169589929,0.006932608192209723,1373.3424261121925,0.7951416560354462,0.0014258055869779522,0.5905050748643758,0.0015093547695305312,0.8320807473591397
384,1382.9,6.348228099241551,0.004590518547430436,1373.5717553459972,0.7952744436556042,0.0014087029917165571,0.5905687191692865,0.0014968781014275134,0.8321704430548271
385,1383.9,4.129164564412516,0.002983715994228279,1373.7934472904758,0.7954028128512551,0.0013835429761193017,0.5906297883682801,0.001478973778424961,0.8322565187383948
386,1383.3,7.259476565152615,0.0052479408408534775,1374.0210087768687,0.7955345793112076,0.0013585214517040634,0.5906941362170512,0.0014615793713445644,0.8323472133199392
387,1376.1,8.988882021697693,0.006532143028629964,1374.2544938380784,0.7956697726338938,0.0013302396605660168,0.5907665456414801,0.0014436284467735326,0.8324492647757242
388,1383.7,10.756393447619885,0.007773645622331347,1374.4797141310937,0.7958001721927535,0.0013015757689527566,0.590835586968215,0.0014288656636613972,0.8325465605750171
389,1371.9,8.961026726887942,0.00653183666950065,1374.7102958824394,0.7959336744198926,0.0012732154765527127,0.5909071687650488,0.0014150163343174637,0.8326474346127757
390,1373.3,4.8166378315169185,0.003507345686679472,1374.9482027523743,0.7960714158629657,0.0012452737166026091,0.5909821857044033,0.0014023017299598494,0.8327531471620727
391,1377.7,3.5637059362410923,0.0025867067839450476,1375.1667837960636,0.7961979849632114,0.0012176785439687574,0.591039469682501,0.001383217729122097,0.8328338882593835
392,1374.9,5.9413803110051795,0.004321318140232147,1375.3870701878768,0.7963255363213664,0.0011901512003076732,0.5910985343879529,0.0013662603346670237,0.8329171327538667
393,1371.1,9.167878707749137,0.006686513534934825,1375.6047128020584,0.7964515664549541,0.001173964502483681,0.5911575528717697,0.0013509759260889956,0.8330003211448563
394,1369.1,9.902019995940224,0.007232503101263768,1375.84981859761,0.7965935336208394,0.0011682197112429917,0.5912295050861621,0.0013257498513766933,0.8331017743675476
395,1371.1,10.101980003939822,0.007367792286441414,1376.1056832155584,0.7967416903931605,0.0011306385420958812,0.5913072535312367,0.0013012217799144275,0.8332113539902448
396,1373.3,9.10768905925098,0.006631973392012656,1376.3716453628954,0.7968956446465355,0.00109878869066768,0.5913853378552272,0.0013002461640931947,0.8333213500120584
397,1369.1,4.421538193886828,0.003229521725138287,1376.6465295625417,0.7970547653388255,0.0010928323044489521,0.591468172756664,0.0013112158733277045,0.833438034644978
398,1369.9,8.974965180990955,0.006551547690335758,1376.92956907018,0.7972185826086605,0.001081697997165062,0.5915554660195459,0.0013301844848355427,0.8335609741131181
399,1382.5,8.336666000266533,0.006030138155708161,1377.2500246198385,0.7974040846408189,0.001086297731667408,0.5916524981232177,0.001347150622651266,0.8336976568273847
400,1373.1,7.700649323271382,0.005608221777926868,1377.5881020420159,0.7975997869493902,0.0011050865002269655,0.5917586217665786,0.0013711988022029255,0.8338471437228797
401,1369.7,10.449880382090505,0.007629320568073669,1377.9193223402604,0.797791529650674,0.0011260099124941632,0.5918633524276589,0.0013917768130094611,0.8339946798730754
402,1376.7,6.438167441127949,0.004676521712158022,1378.2271639959677,0.7979697362154244,0.001143859976066737,0.5919669556039319,0.0014109742754140361,0.8341406262721627
403,1379.5,3.7080992435478315,0.002688002351248881,1378.5175545928482,0.7981378354596309,0.0011633065574611994,0.5920641872008658,0.0014320659814507908,0.834277590573141
404,1385.1,9.249324299644814,0.006677730344123034,1378.7614322728148,0.7982789855319723,0.0011699967878121213,0.5921426050212799,0.0014544347303920456,0.834388030025781
405,1382.1,14.467204291085407,0.010467552486133715,1378.935735967358,0.7983798708451284,0.0011538388152085772,0.5921923460027886,0.0014599789238846008,0.8344580831304185
406,1378.9,7.249137879775774,0.0052571889765579615,1379.0708243242261,0.7984580147028382,0.0011408151945774773,0.5922289328131696,0.0014804640435439433,0.8345095587012059
407,1372.9,5.389805191284745,0.003925854170940888,1379.1635726729546,0.798511656020394,0.0011293596117527358,0.5922484544247711,0.0014971254424401752,0.834537003153401
408,1373.5,8.306623862918075,0.006047778567832599,1379.1703402068492,0.7985155394693961,0.0010927661578572616,0.5922395439540673,0.0014948844935283947,0.8345244168492869
409,1377.5,5.766281297335398,0.004186048128737132,1379.1707843224485,0.798515760839574,0.0010610445396722933,0.5922286221806272,0.0014953690070959225,0.8345089893370836
410,1370.7,10.146427942877237,0.007402369550505024,1379.1128544275248,0.7984821509068748,0.0010209913853754973,0.5921933851070083,0.0015053672615882544,0.8344592679367377
411,1373.9,13.078608488673403,0.009519330729073006,1379.0415193180777,0.7984407904861756,0.0009915984268926046,0.5921556330759271,0.0015157592267548803,0.8344060130322294
412,1376.7,8.333666660000267,0.006053364320476696,1378.9754410871499,0.7984024815773335,0.0009926750860487267,0.5921183741132662,0.0015342764264706511,0.8343534517197411
413,1367.3,7.085195833567341,0.005181888271460061,1378.9413726448925,0.7983827390780227,0.0009748682152174597,0.592095752553278,0.0015341823026846124,0.8343215568156175
414,1375.7,5.805170109479997,0.004219793639223666,1378.926477342356,0.7983740784981957,0.0009504646049470668,0.592066641724533,0.0015386928148677615,0.834280496682646
415,1369.7,8.273451516749223,0.006040338407497425,1378.9116458335047,0.7983654544867164,0.0009264768496312699,0.5920375283976694,0.0015436730578902687,0.8342394360827644
416,1378.1,5.683308895353129,0.004124017774728343,1378.8949353740422,0.7983557431000361,0.0009014625441044955,0.5920076117162274,0.0015483361414898235,0.8341972473443313
417,1376.3,5.472659317004851,0.0039763564026773605,1378.9050729923588,0.7983615688582659,0.0008875071736491941,0.5919892580364432,0.0015592756619570063,0.8341713415529712
418,1369.7,14.25482374496437,0.01040725979773992,1378.9110497285797,0.7983649884089933,0.0008674060363333977,0.5919566428510452,0.0015672930278971618,0.8341253456092075
419,1373.5,5.5901699437494745,0.004070018160720404,1378.9320838660446,0.7983771243493578,0.0008714562688251479,0.5919380771108852,0.0015832128470366857,0.8340991392772725
420,1370.3,8.913472948295743,0.006504760233741329,1378.983248667269,0.7984067551208577,0.0008826432066994747,0.5919322308720988,0.001584085702752607,0.8340909069173492
421,1374.3,4.738143096192854,0.003447677433015247,1379.0453967888848,0.7984427309673798,0.0008872662539325408,0.5919113815086086,0.0015877856808653326,0.8340615245238361
422,1374.3,6.553624951124378,0.0047687003937454545,1379.1108480638436,0.798480628563061,0.0008921304264475013,0.5918931143300251,0.0015883797089139785,0.8340357903173572
423,1378.5,11.532562594670797,0.008366022919601594,1379.1334441007914,0.7984936831626562,0.0009074162131194488,0.5918628464110206,0.0016026592462117628,0.833993111255977
424,1376.9,7.602631123499285,0.005521556484493634,1379.1490834886858,0.7985027026398022,0.0009195351436287289,0.591831118973152,0.0016183796969762494,0.8339483687133417
425,1382.3,6.815423684555495,0.004930495322690802,1379.1444399707602,0.7984999928324829,0.0009238899359042042,0.5918117509396045,0.0016268633436467197,0.8339210568909223
426,1382.9,6.188699378706321,0.004475160444505258,1379.1411697600583,0.7984980752002839,0.000924882275706642,0.5917932068131151,0.0016352327714222689,0.8338948995802962
427,1384.5,5.049752469181039,0.003647347395580382,1379.0881263568222,0.7984673587008819,0.0009347733071750021,0.5917535732188102,0.001639985486009876,0.8338390457753088
428,1384.1,7.635443667528429,0.005516540472168507,1379.0243023437288,0.7984303990423125,0.0009514010504545265,0.5917252566959628,0.0016473771450757234,0.8337991343476645
429,1388.9,6.767569726275452,0.004872611222028549,1378.9415206253257,0.7983824646043047,0.0009686189726219605,0.5916901543139552,0.0016545429483076238,0.8337496623502885
430,1383.5,8.645808232895291,0.00624922893595612,1378.8358425516158,0.7983212780992892,0.0009885940216573775,0.5916466222396246,0.0016611747961267668,0.8336883165086079
431,1381.7,5.333854141237835,0.003860356185306387,1378.6882145524628,0.7982357930432771,0.0010009950042043788,0.5915865307774018,0.0016687366846387197,0.8336036267750913
432,1382.3,4.3531597719357835,0.0031492149113331288,1378.505993468999,0.7981302777553024,0.0010178740638729464,0.5914998859224944,0.0016782070364661152,0.8334815192594462
433,1380.3,11.222744762311937,0.00813065620684774,1378.2826728682574,0.7980010193138364,0.0010268597342589373,0.5913959623398742,0.0016678768976312497,0.8333351275817774
434,1382.1,5.248809388804284,0.0037977059466060958,1378.0082747904344,0.7978421708213175,0.001046110755591681,0.59126807679421,0.0016666029477183642,0.8331549493744823
435,1389.3,6.924593850905626,0.004984232239909038,1377.7084338388977,0.7976686105962159,0.0010659912821648029,0.5911323052365539,0.0016593432064765008,0.8329636770152764
436,1381.5,4.031128874149275,0.0029179362100248095,1377.393003000577,0.7974859966102542,0.0010802266001003122,0.5909903053336414,0.0016591990142339945,0.8327636004120686
437,1383.5,8.717797887081348,0.006301263380615358,1377.0542703858814,0.7972898694182677,0.0010781982595382787,0.5908335979590069,0.0016604320367919617,0.8325427748596242
438,1382.5,9.082951062292475,0.006569946518837233,1376.7193662637808,0.7970959469993654,0.001071074161802104,0.5906787291642795,0.001663751339357603,0.8323245285990287
439,1383.9,6.48459713474939,0.004685741119119438,1376.4151664257054,0.7969197838781911,0.0010956275616987277,0.5905320578035583,0.0016841434076644236,0.8321178165881792
440,1379.1,6.328506932918696,0.0045888673286336714,1376.1392242269671,0.7967599764509272,0.001131088205656442,0.5903974315974083,0.001710037788726276,0.8319280653574499
441,1383.1,5.079370039680118,0.003672453213563819,1375.883566502746,0.7966118981940356,0.001175317209234568,0.5902714555057218,0.001743944325376169,0.8317504849425026
442,1376.5,10.606601717798213,0.007705486173482175,1375.6543517838345,0.7964791051740063,0.00120599153398046,0.5901567973421146,0.0017803274211480944,0.8315888280845369
443,1380.9,5.319774431308154,0.0038523965756449806,1375.4643198085573,0.7963690295023486,0.0012378659835300323,0.5900511512563487,0.0018073366650007432,0.8314399072684537
444,1379.9,10.15135458941318,0.0073565871363237756,1375.2818611546213,0.7962633567931983,0.0012640298581082714,0.5899482761946727,0.0018266912252806607,0.8312949119857546
445,1386.1,9.044335243676011,0.006525023622881474,1375.1339511385772,0.7961777235611771,0.00129264353471222,0.5898597628945517,0.0018362567563992148,0.8311701894755587
446,1379.7,13.682105101189656,0.009916724723628076,1375.0014221982933,0.7961009759562903,0.0013118004042105317,0.5897774080621643,0.0018481424907297271,0.8310541246534168
447,1379.1,6.328506932918696,0.0045888673286336714,1374.8723372454976,0.7960262365285969,0.0013399270354073013,0.5896961109907739,0.001859451458953004,0.8309395627460952
448,1375.9,6.48459713474939,0.004712985780034443,1374.7725968648797,0.7959684643477257,0.0013594666927586804,0.5896245700662153,0.0018741020372529445,0.8308387254186294
449,1377.7,3.1144823004794873,0.002260638963837909,1374.7146263581294,0.7959348633197736,0.00139858629723357,0.58957072731754,0.0019003328251597327,0.8307628043883086
450,1375.9,7.074602462329597,0.005141799885405623,1374.6571611461677,0.7959015579259145,0.001437394198903728,0.589516901652736,0.0019256407954951057,0.8306869104903724
451,1370.9,13.08816259067712,0.00954713151263923,1374.5959052646426,0.7958660798324667,0.0014680273673553337,0.589461268531467,0.0019414954583617493,0.8306084947871115
452,1372.5,10.074720839804943,0.007340415912426188,1374.5492855020216,0.7958390665523072,0.0015177368905988564,0.589419532271392,0.0019681232593966713,0.8305496531895761
453,1373.7,10.220078277586722,0.0074398182118269795,1374.544435787568,0.7958362578856797,0.0015714612174861698,0.5893960633215868,0.0019912714685999307,0.830516579600354
454,1373.1,8.45872330792301,0.006160311199419569,1374.5177086737704,0.7958207901319324,0.0016038995803290203,0.5893558096223408,0.002003459363215998,0.8304598590891918
455,1375.9,5.481788029466299,0.00398414712512995,1374.5166738565367,0.7958201690131197,0.0016464825154769505,0.5893191881060179,0.0020280989222902766,0.8304082293688477
456,1379.1,11.047624178980746,0.008010749169009315,1374.4914729107866,0.795805573640707,0.0016723381224727548,0.589270189212778,0.002040715551953471,0.8303391768316268
457,1375.3,10.2810505299799,0.007475496640718317,1374.4554444685639,0.7957847134529265,0.0016928664837459048,0.5892171361738059,0.002049920574790077,0.8302644162091297
458,1376.7,9.162423260251623,0.0066553521175649185,1374.4090007486252,0.7957578242282235,0.0017137708064937282,0.5891602151157568,0.002059036423279264,0.8301842063778986
459,1373.7,6.2008063991709985,0.00451394511113853,1374.3588458397794,0.7957287799023256,0.001730614085891845,0.5891023090256879,0.0020680363341199553,0.8301026025443781
460,1371.9,10.014988766843427,0.007300086571064528,1374.3212982014968,0.7957070563598007,0.001750177343886734,0.5890504209962467,0.0020727468388307504,0.8300294990996827
461,1378.5,4.0,0.0029017047515415306,1374.2583057722036,0.7956705880967998,0.001778165018348071,0.5889882499786688,0.002084752833265198,0.8299418903375143
462,1374.9,6.024948132556828,0.004382099158161922,1374.183217641925,0.7956271297871972,0.001799895061382504,0.5889116985065458,0.0020904931863201816,0.8298340351229129
463,1379.9,9.646242791885348,0.006990537569305998,1374.0709445910093,0.7955621558217263,0.0018108041440374884,0.5888010638605522,0.0020875339578557005,0.8296781670215083
464,1381.7,9.364827814754525,0.006777757700480947,1373.9252525384647,0.7954778503989249,0.0018153143678452362,0.5886848140619734,0.0020769732772663676,0.8295144098922245
465,1378.3,11.020435563080072,0.007995672613422385,1373.7307459416577,0.7953652505113105,0.0018175786151277426,0.5885715605332686,0.002073628840174594,0.8293548373066496
466,1378.5,7.745966692414834,0.005619127089165639,1373.5104292216988,0.7952377168036259,0.0018051362189154478,0.5884533857117014,0.0020606465389040643,0.8291883429141442
467,1376.1,5.079370039680118,0.003691134394070284,1373.245142485643,0.7950841642444322,0.0017797797017290507,0.5883169354633329,0.002036636227756277,0.8289961202878902
468,1369.3,9.284395510748128,0.006780395465382406,1372.9841931972655,0.7949331261805537,0.001759482894885581,0.5881833673757002,0.0020140884141974028,0.8288079596324659
469,1372.9,9.289779329994873,0.006766537497264821,1372.6854146023127,0.7947601717514374,0.0017389303706310392,0.5880346498624529,0.0019950253846545765,0.8285984377124848
470,1376.7,6.476881965884511,0.004704642962071992,1372.3721379338072,0.7945788334726203,0.0017240293995067308,0.5878808110133306,0.0019757731967625074,0.8283817090202608
471,1366.7,8.657366805212773,0.006334504137859642,1372.049653535808,0.7943921228643527,0.0017238403315408748,0.5877241495497474,0.0019747746975740726,0.8281609539149845
472,1363.9,7.283543093852058,0.005340232490543337,1371.7152977605183,0.7941985430026574,0.0017173717216700955,0.5875635567977537,0.00196965660041408,0.8279346661797055
473,1355.7,9.093954035511725,0.0067079398358867925,1371.3958853944785,0.7940136079497717,0.001724831393219377,0.5874105506468628,0.001973179240281585,0.8277190619389788
474,1353.7,12.049896265113654,0.008901452511718736,1371.0869191571994,0.7938347607430503,0.0017286959021997688,0.5872584021041275,0.00196408437520437,0.827504710545047
475,1350.9,6.580273550544841,0.004871029351206485,1370.7974983637698,0.7936671799676059,0.0017723138952498885,0.5871162031819891,0.001988036801690699,0.8273043150668041
476,1350.3,12.101652779682617,0.008962195645177085,1370.5147340753351,0.793503471865588,0.0018097022041711726,0.5869784600861594,0.0020041332633939984,0.8271102210137787
477,1347.1,2.355843797877949,0.0017488262177106,1370.2095818637772,0.7933267848168324,0.0018325458291872587,0.5868375907957251,0.002017700767003731,0.8269117089314992
478,1348.1,4.33589667773576,0.003216301964049967,1369.9231389804768,0.793160951823776,0.0018376372656599437,0.5867060650828964,0.002016678151523316,0.8267263904421878
479,1350.9,11.599568957508723,0.008586548935901045,1369.6329160598937,0.7929929353726427,0.0018454893833510884,0.5865742829268018,0.0020156789684214922,0.8265407156355777
480,1354.1,12.116104984688768,0.00894771803019627,1369.349354524697,0.7928287627322262,0.0018367905570673855,0.5864467479674517,0.0020098898327989842,0.8263610130309722
481,1364.7,10.220078277586722,0.007488882741691743,1369.091983783165,0.7926797887429282,0.001828545020792246,0.5863318557189574,0.001995009758007646,0.8261991617469967
482,1365.1,9.528903399657278,0.006980370229036172,1368.843920644847,0.7925362255811284,0.0018178511924526637,0.5862224074508406,0.0019728453108690076,0.8260450063198086
483,1371.7,10.686440005914037,0.00779065393738721,1368.5867635947297,0.7923873686001077,0.0018096986910427308,0.5861105544441388,0.0019596420990276885,0.8258874303973686
484,1372.9,10.430723848324238,0.007597584564297645,1368.3123712687961,0.792228542836709,0.001803391949642692,0.5859928420573896,0.0019444886508426156,0.8257216100951437
485,1375.7,6.648308055437865,0.004832672861407186,1368.00126846597,0.7920484979111855,0.0018114348319492486,0.5858609617192851,0.0019266181957003766,0.8255358577198233
486,1370.1,9.016651263079881,0.006581016906123554,1367.694368725764,0.7918708876870955,0.0018405479339368407,0.5857324668159362,0.0019193113649648163,0.8253548763970757
487,1373.5,7.22841614740048,0.005262771130251533,1367.3820986379428,0.7916901561388523,0.0018589699610402114,0.5856032891733858,0.0019099039035422258,0.8251729241014489
488,1372.7,7.90253124005214,0.0057569252131216865,1367.0782081818093,0.791514260574605,0.0018699898490922566,0.5854793491940189,0.001901015188839046,0.8249983365959921
489,1374.3,6.51536645170477,0.004740861858185818,1366.759679863775,0.7913298888213192,0.0018904179466423762,0.5853508209204096,0.0018975682464621958,0.8248172806062737
490,1382.3,5.044799302251776,0.0036495690532097054,1366.3808980617082,0.7911105750445794,0.0018998157151622684,0.5851981994110635,0.0019041257591583683,0.8246022193304767
491,1370.9,7.92464510246358,0.005780614999243985,1366.0361200367154,0.7909109615501768,0.0019272853718835415,0.5850515938474704,0.0019170273688162093,0.8243956411397931
492,1369.3,4.43846820423443,0.0032414140102493463,1365.6666529841493,0.7906970620590783,0.0019355667386983097,0.5848878104009265,0.0019170109694287517,0.8241648760081723
493,1372.9,7.92464510246358,0.005772193970765226,1365.296079128579,0.7904825220730682,0.0019446064160514715,0.5847241911322417,0.001917348709748971,0.8239343428956406
494,1374.3,4.738143096192854,0.003447677433015247,1364.9305526433063,0.7902708967031246,0.0019488020034430188,0.5845633886270954,0.0019171858079158482,0.8237077718446605
495,1373.3,13.754999091239519,0.01001601914457112,1364.5890798632524,0.7900731895357056,0.001971950994125791,0.5844135595922628,0.0019300054773964573,0.8234966454224079
496,1369.5,10.062305898749054,0.007347430375136221,1364.2528573383295,0.789878518598376,0.0019935463200664015,0.5842666678291706,0.0019430129844316768,0.8232896541412072
497,1351.9,12.2494897852931,0.009060943697975516,1363.9160115177315,0.7896834889020148,0.0020179924935811075,0.5841202147692133,0.0019570933423522477,0.8230832827860499
498,1360.1,4.827007354458868,0.003549009157017034,1363.59717660655,0.7894988946378276,0.0020363179347774245,0.5839821977094284,0.001965750751070371,0.822888808003567
499,1363.1,4.006245124802026,0.002939069125377468,1363.2852521550058,0.7893183058258627,0.0020541002812433495,0.5838478795692258,0.0019729581131795798,0.8226995502608363
500,1357.3,7.049822692805827,0.005194004783618822,1362.989017463965,0.7891467898973051,0.0020612856426491417,0.5837210371246455,0.0019772214815162383,0.8225208162782982
501,1349.3,9.5236547606473,0.0070582188991679395,1362.7076531506057,0.7889838824910151,0.0020701066038386283,0.5835987702770284,0.001982742186976367,0.822348527590594
502,1351.1,5.792236183029832,0.004287052167145165,1362.4223941107703,0.7888187076111011,0.0020878298757068215,0.5834626325989153,0.001996690173373268,0.8221566767528099
503,1364.9,10.737783756436894,0.007867084589667296,1362.1583259038173,0.7886658351493288,0.00210213464449456,0.5833353825180074,0.001999756849293446,0.8219773871925928
504,1353.3,6.534523701081817,0.004828584719634831,1361.9084810741122,0.7885212194923807,0.002112838248941462,0.58320924041856,0.001994949616125995,0.8217996841839599
505,1350.5,8.455767262643882,0.0062612123381294935,1361.65397163622,0.7883739088121422,0.002127366519030576,0.583081248408393,0.0019908658232983944,0.8216193808427811
506,1358.1,7.436396977031283,0.005475588673169342,1361.4093580629808,0.7882323306138398,0.002140941828833574,0.5829624387665837,0.0019854984132041684,0.8214520197453004
507,1360.7,13.627178724886527,0.010014829664794977,1361.163559077579,0.7880900789363491,0.0021670498915204116,0.5828429423939917,0.0019841749646205284,0.8212837041119073
508,1366.5,11.280514172678478,0.008255041472871188,1360.9253592098728,0.7879522260953558,0.0021880609852929257,0.5827265251991947,0.001980208432849102,0.8211197261292227
509,1369.3,9.284395510748128,0.006780395465382406,1360.696721248621,0.7878199178257371,0.0022048908983540783,0.5826140318236115,0.0019715236847669304,0.8209612882247939
510,1373.1,6.674578638386096,0.004860955967071661,1360.4652322674115,0.787685916670241,0.002223761774450453,0.5825001516723349,0.00197563592782873,0.8208008473433621
511,1373.1,9.92723526466458,0.007229797731166397,1360.2403968281021,0.7875557686729403,0.002238270193381745,0.5823889586900127,0.0019769006893515864,0.8206441954667401
512,1366.9,10.310189135025604,0.007542753043401568,1360.022238461151,0.7874294879819826,0.002247555793307348,0.5822828627331333,0.001974599239572173,0.8204947272801023
513,1372.5,7.842193570679061,0.005713802237288934,1359.8133570206687,0.7873085871291241,0.0022596041197917023,0.5821804227560117,0.0019717036075615653,0.8203504190716373
514,1377.1,7.231873892705818,0.0052515241396455005,1359.6163506177695,0.7871945589079463,0.0022764221432899395,0.582082757508693,0.0019726302417014097,0.8202128366585839
515,1375.1,10.002499687578101,0.007274016207968949,1359.4198381801798,0.7870808386417517,0.0022903455043860725,0.581997791770372,0.001965859294135951,0.8200931752211231
516,1373.1,9.620291055888071,0.007006256686248687,1359.2246171289612,0.7869678386469008,0.0022902725259339113,0.5819139089098124,0.0019576376012445376,0.8199750139266833
517,1369.5,8.077747210701755,0.005898318518219609,1359.0350548913364,0.786858105069515,0.002290862199600584,0.5818329958553635,0.0019525425099550713,0.8198610261359051
518,1367.3,3.7682887362833544,0.0027560072670835623,1358.8688331246176,0.7867618802249048,0.0022957699330697612,0.5817651968671469,0.0019516094392637534,0.8197655085806627
519,1368.9,6.9498201415576215,0.005076937790603858,1358.7081281172489,0.7866688582215001,0.0023062202411075843,0.5817005066699636,0.0019518739336519169,0.8196743799937212
520,1368.9,4.6690470119715,0.00341080211262437,1358.548693580289,0.7865765464074572,0.0023126773502594486,0.5816371266430377,0.0019565456832155432,0.819585069860701
521,1358.7,6.476881965884511,0.004766969872587407,1358.4256305073336,0.7865053016292095,0.0023090711137612263,0.5815875475809519,0.0019523571603155673,0.819515218743154
522,1360.3,5.740209055426466,0.004219811111833027,1358.3181440743851,0.7864430374927924,0.0023002790201271765,0.581545277014981,0.0019552429954706354,0.8194556255907297
523,1362.3,4.05585995813465,0.0029772149733059165,1358.230558308046,0.786392294055134,0.002274755903451998,0.5815121835915245,0.0019478399297431833,0.8194089618055156
524,1353.7,6.797058187186572,0.005021096392987052,1358.1440124136316,0.7863421688577863,0.002269526463340371,0.5814802096421984,0.001949053538084778,0.8193638909264376
525,1358.5,6.103277807866851,0.0044926594095449765,1358.0745468426126,0.7863019205702974,0.0022553777352114237,0.5814562401209313,0.0019479987728433378,0.8193300871109754
526,1356.3,5.449770637375485,0.0040181159311181045,1358.025098893292,0.7862732427341597,0.0022323932181566885,0.5814415501478934,0.0019467860257790543,0.8193093389800061
527,1342.7,1.7175564037317668,0.0012791810558812591,1357.9742384193191,0.7862437587905637,0.002217200941383036,0.5814142025271077,0.0019473073108067375,0.8192707661446754
528,1347.7,8.408329203831164,0.006239021446784272,1357.9470990867644,0.7862280456444085,0.002203339116340272,0.5813969258074605,0.001938624049077929,0.8192464247854255
529,1349.1,6.877499545619759,0.005097842669646253,1357.9272874872947,0.7862165715612898,0.002188139289676883,0.5813775963427653,0.0019301014691828107,0.8192191870515918
530,1355.1,9.489467845985885,0.007002780492942134,1357.918683009013,0.7862115842609416,0.002170780496394854,0.5813653803814114,0.0019208265078035302,0.8192019705154708
531,1348.7,7.379024325749306,0.005471212520018763,1357.9172197631522,0.7862107304787347,0.002153222458653016,0.5813563132096358,0.0019117911480162162,0.8191891893913652
532,1346.1,9.633275663033837,0.007156433892752275,1357.9210186248006,0.7862129226249648,0.0021364122394347713,0.5813495945380649,0.0019034728616467488,0.8191797164219373
533,1347.1,8.517628778010932,0.006322937256336525,1357.930253893645,0.7862182616095537,0.0021203383259350284,0.5813580799342487,0.0018959067144146483,0.8191916663838471
534,1348.3,7.546522377890362,0.00559706473180328,1357.9547090110402,0.7862324343058467,0.0021048569983040427,0.5813740152700175,0.0018825992364298423,0.8192141383284035
535,1351.3,6.119640512317697,0.004528706069945754,1357.9767441515996,0.7862451793456204,0.002085965058583406,0.5813898638881148,0.0018747730485387426,0.8192364550002725
536,1344.1,6.54217089351845,0.004867324524602671,1358.0125679659916,0.7862659032857248,0.0020744513703355423,0.5814125805377232,0.0018727937372784492,0.8192684450156275
537,1345.3,5.805170109479997,0.004315149118769046,1358.0599152555005,0.7862933332879767,0.002056624946787846,0.5814412109553251,0.0018572210545149623,0.8193088060305925
538,1343.7,13.64551208273255,0.010155177556547258,1358.0993611916601,0.7863161558068107,0.0020434443292365557,0.5814626695968828,0.0018538945554411083,0.8193390239461419
539,1349.9,3.879432948254165,0.0028738669147745496,1358.137900072255,0.7863384548531924,0.002026814725055421,0.5814850735001187,0.00184805547207387,0.8193705782677749
540,1352.7,5.044799302251776,0.0037294295130123277,1358.1840462626305,0.7863651572986006,0.002011322161385503,0.5815005647551563,0.0018432513305458175,0.8193923905356936
541,1349.9,11.204909638189859,0.008300547920727356,1358.2282280955485,0.7863907037574887,0.001998136101067692,0.5815068714165595,0.001845274152770838,0.819401239466633
542,1354.5,13.047988350699889,0.009633066334957467,1358.2807414534404,0.7864210741537073,0.0019862366725003212,0.5815266505145369,0.0018481018794611445,0.8194290723640293
543,1360.1,7.92464510246358,0.005826516507950578,1358.3417466920178,0.7864563613103083,0.0019756173341530557,0.5815504100855517,0.0018516893012566762,0.8194625140835384
544,1361.5,11.789826122551595,0.00865943894421711,1358.4093507423943,0.786495470092201,0.0019645798308013758,0.5815773483215434,0.0018547685344159595,0.8195004356512726
545,1357.5,8.789197915623474,0.006474547267494271,1358.450725827474,0.78651935626048,0.0019443577603291994,0.5815934193649953,0.0018631034561346594,0.8195230047115645
546,1360.9,5.200961449578337,0.003821707288984008,1358.4622367530142,0.786525954705813,0.0019485723312868645,0.5815970756860727,0.0018844094602550325,0.8195280779655251
547,1353.5,8.789197915623474,0.006493681503970058,1358.452405902144,0.7865201981964035,0.001957691386105179,0.5815919747269015,0.0019077868760429086,0.8195208152685435
548,1354.7,8.273451516749223,0.006107220430168467,1358.4091987530683,0.7864951389796904,0.0019495296528836993,0.5815729728821695,0.0019152388533230954,0.8194939906585026
549,1358.9,7.162401831787993,0.0052707350296475036,1358.3445325238936,0.7864576722740063,0.0019484925409991,0.5815451809225833,0.001921896045248541,0.8194547972722125
550,1352.1,8.734987120768983,0.006460311456821968,1358.2415573154092,0.7863979982040514,0.0019490830017818222,0.5815090618796638,0.001936945619372828,0.8194038413368151
551,1355.1,10.88806686239573,0.008034880719058174,1358.1132720495718,0.7863236777090572,0.0019427203873215908,0.5814630179136695,0.001945964758938119,0.8193389136941679
552,1357.5,7.433034373659253,0.005475531766968142,1357.9665500601848,0.7862386610674086,0.0019389461706615233,0.5814100063398013,0.0019622456919514745,0.8192641439601112
553,1351.9,6.637017402418047,0.004909399661526774,1357.8205747706513,0.7861540951073642,0.00193327470570099,0.5813505885035224,0.0019723833244938344,0.8191803683915253
554,1355.7,3.8340579025361627,0.00282810201559059,1357.6845326459033,0.7860752934510031,0.0019313640393202724,0.5812958827728061,0.001980933517558709,0.8191032487417832
555,1361.1,7.684399781375251,0.005645727559602712,1357.599296265027,0.7860259397820764,0.0019405177311116921,0.5812633975925758,0.001986667666472046,0.8190574666802949
556,1359.1,14.510341140028377,0.01067643377237023,1357.5549017864926,0.786000255273725,0.0019624165441853255,0.5812488759146479,0.001993268519800353,0.8190370169536821
557,1363.3,8.955445270895245,0.006568946872218327,1357.5205520245424,0.7859804197165456,0.001979850771977904,0.5812365852703978,0.0019886391754485315,0.81901974889931
558,1359.3,4.177319714841085,0.0030731403772832227,1357.5016375455548,0.7859695092395016,0.0019915863386286196,0.5812265913116058,0.001984088250874358,0.8190057040672825
559,1351.9,12.330855606972293,0.009121129970391518,1357.5619330358118,0.7860044284179126,0.002039781489892475,0.5812504553807688,0.002008309496881722,0.8190393283351683
560,1349.7,4.266145801540309,0.0031608104034528475,1357.635366887774,0.7860469369450296,0.0020876469771610746,0.5812791635140142,0.002037297966495214,0.8190797613904423
561,1354.5,10.41633332799983,0.007690168569951886,1357.749365679877,0.7861129660364147,0.002131643056081528,0.5813230748356174,0.0020554390493672478,0.8191416536060213
562,1353.9,8.23407554009556,0.00608174572722916,1357.8777924770593,0.7861873294127262,0.0021636128324847483,0.5813704509381707,0.002072013898697387,0.819208409523071
563,1357.9,10.0024996875781,0.007366153389482362,1358.018848332265,0.7862689888626212,0.0021764292543615398,0.5814182904624212,0.002081807482255462,0.8192758061375758
564,1353.5,15.795568998931314,0.01167016549607042,1358.1503421067157,0.7863451244084959,0.0021980037226360725,0.5814599685452716,0.0020934476901412254,0.8193345327313487
565,1356.1,8.1117199162693,0.0059816532086640365,1358.2896948796933,0.7864258068663547,0.0022255348592472445,0.5815054907455409,0.002109429567595043,0.8193986716407687
566,1360.1,10.865081684000357,0.007988443264466112,1358.4366434586714,0.78651088565004,0.0022503928945154135,0.5815546331308376,0.0021243194326105172,0.819467910392188
567,1356.1,6.18869937870632,0.004563601046166449,1358.5947752797806,0.7866024351498149,0.00228377140003653,0.5816031236378092,0.0021452563580756407,0.8195362237233578
568,1359.3,5.357238094391549,0.003941174203186603,1358.7520504179347,0.7866934891864673,0.002316721389193574,0.5816522651835387,0.002165888882892659,0.8196054550263987
569,1363.5,11.640446726822816,0.008537181317801845,1358.908749495628,0.7867842102539625,0.0023492702426571054,0.5817074377846365,0.002186246733886497,0.8196831852894109
570,1363.1,9.542012366372202,0.007000229158808747,1359.0333511119093,0.7868563611203885,0.002357829097774301,0.5817452372415735,0.002189161571440976,0.8197364526640959
571,1356.5,14.2828568570857,0.01052919783050918,1359.0737717319105,0.7868797652042485,0.0023661057458795516,0.581748138450662,0.00219370630736317,0.8197405440863115
572,1362.3,12.784756548327387,0.009384685126864412,1359.0729974927067,0.7868793363179437,0.0023728619676867875,0.5817396395102886,0.0021929424654087014,0.8197285888985647
573,1357.5,5.678908345800274,0.004183357897458765,1359.0233541534387,0.7868505855986935,0.0023724929473007703,0.581724439984176,0.002194692905341375,0.8197071672844473
574,1364.3,5.630275304103699,0.004126860151069192,1358.9531661102228,0.7868099559257636,0.002384994782881541,0.5816848023874485,0.002200084953576182,0.8196513252355879
575,1357.5,6.87386354243376,0.005063619552437393,1358.8474073357588,0.7867487502435033,0.0023809909825749133,0.5816334199625655,0.002191096912051578,0.8195789539315029
576,1356.7,5.953990258641679,0.004388582780748639,1358.6955220667837,0.7866607944421238,0.0023853688371178396,0.5815632029891405,0.002197704584575235,0.8194799910502676
577,1360.1,6.00416522091123,0.004414502772524984,1358.5307199710041,0.786565363023826,0.002385791934329645,0.5814883511079094,0.002201220433258569,0.8193745030050475
578,1361.7,10.917875251164945,0.008017827165429203,1358.4009151605073,0.7864901737304516,0.0024024723914954013,0.5814293573267288,0.0022193841932085325,0.819291337739022
579,1366.7,8.54107721543366,0.006249416269432691,1358.2710991948304,0.786414983099002,0.0024177431471501193,0.5813688303690705,0.002235402380732725,0.8192060176362588
580,1363.1,6.637017402418047,0.004869061259201854,1358.1483345229365,0.7863438979909068,0.002428944462592865,0.5813123308242888,0.002243506923466445,0.8191263984682464
581,1368.3,9.99749968742185,0.007306511501441095,1358.0398239050355,0.7862811002341796,0.0024341745713608995,0.5812627601690581,0.002239872344877534,0.8190565817992621
582,1358.5,4.527692569068709,0.003332861662914029,1357.9826659834198,0.7862480303554037,0.002465922873182601,0.5812358157937888,0.0022531826313897363,0.8190186365696214
583,1364.1,6.618156843109719,0.004851665452026772,1357.9280001987095,0.7862164111117401,0.0024827968194086492,0.581210567029611,0.002255869313459326,0.8189830877952884
584,1364.1,5.856620185738529,0.004293395048558412,1357.9207186550416,0.7862121558680358,0.0025056246499540256,0.5812062107894798,0.0022788650339149274,0.8189768914365467
585,1364.7,3.383784863137726,0.0024795082165587497,1357.9598442283786,0.78623477842698,0.002528864668940091,0.5812223113615135,0.002299968086993783,0.81899953450355
586,1364.1,10.089598604503552,0.007396524158422075,1357.9940793011358,0.7862545296724225,0.002545121125643046,0.5812368954184524,0.0023259586168125003,0.8190199975523147
587,1365.9,7.179832867135557,0.005256485004125892,1358.06123522702,0.7862933449529621,0.0025519701655185136,0.5812780828378441,0.002345405612824594,0.8190779516760148
588,1367.9,11.706835610018619,0.008558253973257268,1358.1164587707244,0.7863252753870001,0.00256258133933831,0.5813138989707316,0.0023615530688408937,0.8191283619511024
589,1362.5,8.54400374531753,0.0062708284369302975,1358.180012096406,0.7863620282039798,0.0025742297194281923,0.581353009906046,0.0023783299095538903,0.8191834149782624
590,1365.1,8.065358020571685,0.005908254355411095,1358.2344061479064,0.7863934847981744,0.002571673486707131,0.581387923149848,0.0023851009454507054,0.8192325643558623
591,1372.9,5.458937625582472,0.0039762092108547396,1358.2938066092777,0.7864278450593444,0.0025736023975175826,0.5814246955874534,0.0023933693528053177,0.8192843384778474
592,1367.5,11.20267825120404,0.008192086472544087,1358.3375990566979,0.7864531903834102,0.0025824654635035423,0.5814498901088317,0.0024008037336588793,0.8193198224641464
593,1364.9,14.39791651594077,0.010548696985816374,1358.3966948422187,0.7864873950618348,0.0025887170393237365,0.5814780814765942,0.00240691198498846,0.8193595284537128
594,1366.5,13.285330255586423,0.009722158986890906,1358.4499392129924,0.786518219507472,0.0025978973118286467,0.5815038280008733,0.0024130434833117796,0.8193957925903239
595,1364.3,10.674736530706507,0.007824332280808113,1358.515919487497,0.7865564091752544,0.00259966779898215,0.5815278993271619,0.002416700561976216,0.8194296885506411
596,1366.3,7.242237223399963,0.005300620085925465,1358.5629471113825,0.7865836278631041,0.002585285377086252,0.5815419882713103,0.0024103432765662175,0.8194495270492876
597,1364.5,7.648529270389178,0.00560537139640101,1358.616231745384,0.7866144733561131,0.0025773072637072666,0.5815594223680183,0.0024068615867048645,0.8194740848450554
598,1371.1,4.068169121361598,0.002967084181578002,1358.6648683296676,0.7866426169872053,0.0025692879021101626,0.5815755141555978,0.0024057470997067947,0.81949673953733
599,1358.7,6.016643582596529,0.004428235506437425,1358.6943678542652,0.7866597015139594,0.0025721525510557968,0.5815865981867181,0.0024063577447142764,0.8195123588387812
600,1358.9,6.024948132556827,0.0044336949978341506,1358.68056436496,0.7866517194048817,0.002543001185829068,0.5815799209590521,0.002387127410439166,0.8195029664666637
601,1353.3,6.996427659884722,0.005169901470394386,1358.6591490340825,0.7866393265470344,0.002511337005700496,0.5815707426802084,0.002367296500485793,0.8194900481284323
602,1362.9,13.722244714331545,0.010068416402033563,1358.6159753505463,0.7866143197870508,0.0024824910186060836,0.5815625588455096,0.0023528723101371705,0.819478513371822
603,1355.9,10.101980003939822,0.007450387199601609,1358.5401206502502,0.7865703702079399,0.002443125429260997,0.5815404611274457,0.0023373226763502334,0.8194473528914716
604,1357.7,6.534523701081817,0.004812936363763583,1358.4052111248595,0.78649220015837,0.002404019406360291,0.5814931502469352,0.0023287434282105455,0.8193806285019158
605,1355.7,8.555699854482976,0.006310909385913532,1358.2420064856992,0.7863976361798286,0.00237867454423437,0.5814337837148752,0.002330806805364573,0.8192969022031832
606,1359.3,5.761944116355173,0.00423890540451348,1358.0949632619916,0.7863124482960052,0.002357194473667868,0.5813890493835325,0.002330860196801291,0.8192338123225784
607,1355.1,6.407027391856539,0.004728084563394981,1357.9209717381852,0.7862116749248683,0.002335474347480057,0.5813358697319903,0.00232695717713879,0.8191588390221376
608,1350.3,10.61602562167217,0.00786197557703634,1357.7227398341965,0.7860968389619938,0.0023208721113332593,0.5812707337910593,0.0023333921324667235,0.8190669864995058
609,1351.1,9.723682430026189,0.007196863614851743,1357.5225745980945,0.7859809223203296,0.0022949608158150912,0.58119016623553,0.002324836952987207,0.818953432730978
610,1351.3,9.17605579756357,0.006790539330691609,1357.3030357776327,0.7858537945916034,0.002258119705095258,0.5811027175926368,0.0023091907731054126,0.8188301936563033
611,1354.7,11.997916485790356,0.008856511763335318,1357.0641007138522,0.785715442673158,0.002210107591927026,0.5810083577794274,0.002286465620286658,0.8186972269015111
612,1361.1,7.797435475847172,0.0057287748702131895,1356.8287982298202,0.7855791921003019,0.0021722455490162385,0.5809174559247795,0.0022698234870904537,0.8185691272004364
613,1353.7,8.228000972289685,0.006078156882832005,1356.5768346131365,0.7854332881170367,0.0021288306680085196,0.5808184953600601,0.0022521521603886866,0.8184296693045618
614,1350.3,9.641058033224361,0.007139937816207037,1356.3389816018043,0.7852955468661953,0.0020903822714384997,0.580727661129088,0.0022390377747114718,0.8183016575798728
615,1358.5,8.616843969807043,0.006342910540895873,1356.118992913854,0.7851681331919921,0.0020613651207398256,0.5806465404354257,0.0022347063381320613,0.8181873123852978
616,1350.1,12.521980673998822,0.009274854213761072,1355.9005037260997,0.7850416314152027,0.0020318191040437955,0.580568106496632,0.0022198368171328525,0.8180768009205316
617,1358.3,7.8390050389064045,0.00577118827866186,1355.7071180505704,0.7849296957002123,0.00200364770717751,0.5804976692588242,0.0021981315101102885,0.8179775932025478
618,1360.3,4.868264577855235,0.0035788168623503893,1355.545037992982,0.7848358633783569,0.001990009216100077,0.580432758568165,0.0021890058933452744,0.8178861448581441
619,1352.7,7.9498427657407165,0.005877018382302592,1355.3874311625257,0.7847446087132546,0.0019711626818627818,0.5803714071939344,0.0021803196961471334,0.8177996998667971
620,1357.7,7.496665925596525,0.005521592344108805,1355.2551230599436,0.784667981918546,0.00195415828267448,0.5803224997574647,0.0021774328940365032,0.8177307657770516
621,1356.3,5.995831885568507,0.004420726893436929,1355.1296075904106,0.7845952748476533,0.0019343462162852753,0.5802780793985407,0.0021764694797452512,0.8176681419239167
622,1352.1,6.5612498809297,0.0048526365512385925,1355.0348530523002,0.7845404084694786,0.0019125327167573776,0.5802483771123639,0.0021671406917981545,0.8176262932956637
623,1358.3,6.2809234989768825,0.004624106234982613,1354.9433124260936,0.7844874021184896,0.0018969517661506367,0.5802215646653638,0.002161081266388423,0.8175885132367368
624,1362.7,8.941476388158724,0.006561588308621651,1354.8512971818432,0.7844341317876605,0.0018790757534222526,0.5801960299914513,0.0021512971728213145,0.8175525458445213
625,1357.3,6.648308055437865,0.00489818614561104,1354.7416173616507,0.784370597938637,0.0018724122522313796,0.5801643789547984,0.0021558114156002392,0.8175079197152293
626,1361.9,6.28887907341205,0.004617724556437367,1354.626426359698,0.7843039150260832,0.001841943032763968,0.5801365579279392,0.0021387397878660855,0.8174687405861583
627,1353.3,6.220932405998316,0.004596861306434875,1354.5400721949377,0.7842539127459356,0.0017977209335492991,0.5801221471169663,0.0021192507875206434,0.8174484430430077
628,1354.3,7.6452599694189605,0.0056451746063789126,1354.4696277568842,0.7842131519041655,0.0017603461740044795,0.5801155832128939,0.0020956282085446004,0.8174392310834067
629,1348.7,9.189668111526117,0.006813722926911928,1354.39747587911,0.7841714014574819,0.0017283622225781376,0.5801092932842824,0.0020748240233620457,0.8174304014494703
630,1348.3,9.641058033224361,0.0071505288387038205,1354.3316481168308,0.784133313214505,0.00170369656464284,0.5801066893725364,0.0020572331013927725,0.8174267667540003
631,1345.5,3.3166247903554,0.0024649756895989594,1354.258128683723,0.7840907777532767,0.0016897667816164763,0.5800969645933651,0.002042882047463448,0.8174131042784559
632,1355.9,7.003570517957251,0.005165255931821853,1354.1562168776209,0.7840317689025639,0.0016787826182342873,0.5800737696275158,0.0020388817587247412,0.8173804243296493
633,1350.1,11.293803610830144,0.008365160810925224,1354.0364719477807,0.7839624090900401,0.0016777887666510878,0.580048754994696,0.0020461666450316343,0.8173451513624457
634,1346.9,8.82043082847998,0.006548690198589338,1353.9198466337143,0.7838948352192959,0.001669663668249662,0.5800209877642883,0.002055499173006972,0.8173059800502308
635,1347.9,9.489467845985885,0.007040186843227157,1353.8059043147096,0.7838288035399014,0.001656187937209688,0.5799953488234799,0.002065349407348183,0.8172697939632328
636,1342.1,7.700649323271382,0.005737761212481472,1353.6744776456374,0.7837526369137355,0.0016478515691859222,0.5799631632282652,0.002080454008055518,0.8172243727610556
637,1347.7,13.754999091239519,0.010206276687125858,1353.529773698011,0.7836687733979066,0.00163870358380016,0.5799287490019155,0.0020975668164984304,0.8171758017713474
638,1348.9,5.813776741499453,0.0043100131525683535,1353.3508841787382,0.7835651339258745,0.0016327442037671037,0.5798781753792246,0.0021116115413930396,0.8171044815524949
639,1342.5,4.242640687119285,0.003160253770666134,1353.1580295943515,0.7834534088674271,0.0016320190686029995,0.5798224576925078,0.002127775490553522,0.8170259120306689
640,1342.3,4.944694126030447,0.003683747393302873,1352.9426012833765,0.7833286429665274,0.001642130040239206,0.5797604221193353,0.002141133728353291,0.8169384686266017
641,1340.7,12.34706442843804,0.009209416296291519,1352.725122859499,0.7832027124992885,0.0016337751653861987,0.5796984422085758,0.0021411291757586085,0.8168511251708382
642,1342.9,6.107372593840988,0.00454789827525578,1352.4914781397772,0.7830674443433489,0.001616782781807002,0.5796304354927256,0.002131984296193546,0.8167553168375505
643,1339.7,7.5960516059331775,0.005669964623373275,1352.2582914796292,0.7829324382985146,0.0016048577368814208,0.5795634932007117,0.002125748205304865,0.816661002059125
644,1339.7,6.300793600809346,0.0047031377180035425,1352.0199995816886,0.7827944755571399,0.0015945603067077038,0.5794951982321647,0.00212041423924487,0.8165647800017904
645,1340.7,3.383784863137726,0.002523894132272489,1351.774751208994,0.782652487053903,0.0015870584563461513,0.579429497251154,0.0021157734705159535,0.816472214556938
646,1343.3,6.099180272790763,0.004540445375411869,1351.5267220591145,0.7825088875087667,0.0015809853745065168,0.579363050899177,0.0021119784082222256,0.8163785973813698
647,1349.3,10.047387720198719,0.007446370503371169,1351.2721390667552,0.7823614931799571,0.0015767233267598253,0.5792942132054402,0.0021089823199207927,0.8162816100083494
648,1358.5,10.559356040971437,0.007772805330122515,1351.0073590198858,0.7822081949765622,0.0015771034460835458,0.5792290424638401,0.002107906807175349,0.816189789586983
649,1361.7,4.764451699828638,0.0034988996840924123,1350.7619309442157,0.782066094228578,0.00158163586152208,0.5791730263295606,0.002110311351599717,0.816110856304449
650,1363.9,6.5612498809297,0.004810653186399076,1350.511429876194,0.7819210558862622,0.0015879539011973375,0.5791156715216699,0.0021135612833634103,0.8160300355593234
651,1351.5,2.692582403567252,0.001992291826538847,1350.2600472003628,0.7817755059415552,0.0015955055710689184,0.5790511044949515,0.0021175936390188063,0.8159390501414551
652,1360.7,10.651291001564083,0.007827802602751585,1350.0214553326632,0.7816373535941654,0.0016116031116168528,0.5789999682927144,0.0021272428420973217,0.8158669830192032
653,1348.5,12.206555615733702,0.009051950771771377,1349.8033136984818,0.7815110406621922,0.0016193032885790308,0.578953596950532,0.0021336557963512175,0.8158016325717006
654,1355.1,15.590060936378665,0.01150473096921162,1349.585872400437,0.7813851272107843,0.0016241762844371747,0.5789085940363787,0.002140391390092261,0.8157382048235637
655,1353.9,6.024948132556827,0.00445006878835721,1349.378740580199,0.7812652011422001,0.001623470811290649,0.5788690558907776,0.0021402292401187474,0.8156824975162404
656,1349.5,12.093386622447824,0.008961383195589347,1349.1898826876045,0.7811558512668363,0.0016208266001992034,0.5788192848663403,0.0021402104163942767,0.8156123666158217
657,1348.5,5.338539126015656,0.00395887217353775,1349.005485995464,0.781049083545233,0.001616525531290758,0.5787660615331587,0.0021396816458212438,0.8155373700271037
658,1341.1,7.162401831787993,0.005340691843850566,1348.8262520600122,0.7809453013082394,0.001610113789980125,0.5787167958903403,0.0021392027175516234,0.8154679464627039
659,1354.1,7.797435475847171,0.005758389687502526,1348.6453354353953,0.7808405562481129,0.0016149295536564954,0.5786685010875015,0.0021405299501566014,0.8153999027890878
660,1341.9,8.634234187233979,0.00643433503780757,1348.4667654074462,0.7807371545068083,0.001616775756941523,0.5786228560338218,0.002144455157584732,0.8153355773278548
661,1342.3,7.13792686989717,0.005317683729343045,1348.2768852471952,0.7806272080574355,0.001609156566068311,0.578578722129889,0.0021435667581840346,0.8152733845886144
662,1347.7,9.628083921528727,0.0071440854207380925,1348.0477093971137,0.7804944984614048,0.001609101757697437,0.5785163953854697,0.0021486746296779237,0.8151855448498992
663,1344.5,8.455767262643882,0.006289153784041563,1347.818666886292,0.7803618741600263,0.0016146767737801107,0.578469446611143,0.002154131607137802,0.8151193797131888
664,1349.7,7.9498427657407165,0.005890081326028537,1347.5945417182018,0.7802320875545636,0.0016133662811897132,0.5784246001595593,0.0021590709977581343,0.815056168825077
665,1353.9,10.0772019926168,0.007443091803395228,1347.3624301385153,0.7800976747975499,0.0016078473825807296,0.5783762828333805,0.002162804443108227,0.8149880658174435
666,1356.3,7.276675064890558,0.005365092578994734,1347.1182913576195,0.7799562732306482,0.001600029990355737,0.5783227243721948,0.002171793385942511,0.8149125508749039
667,1351.5,7.794228634059948,0.005767094808775396,1346.8937163220403,0.7798262207696176,0.0015920238878790339,0.5782774520890721,0.0021752958936733036,0.8148487277226366
668,1354.9,9.787747442593725,0.0072239629807319536,1346.6582311719378,0.7796898318140426,0.0015909055251287958,0.5782222505619833,0.0021863510270292595,0.8147708945873472
669,1357.3,6.685805860178712,0.004925812908110744,1346.4224943330892,0.7795533007653017,0.0015899769636622102,0.5781664280560734,0.0021965464869806604,0.8146921928923074
670,1348.5,7.33143914930759,0.005436736484469848,1346.2198244105043,0.7794359002541354,0.00158657771957468,0.57812425405695,0.002209266606506692,0.8146327052995985
671,1350.5,10.747092630102339,0.007957861999335313,1346.0240654704558,0.77932250231964,0.0015791857512923,0.578089231002022,0.0022200733953481296,0.8145832940010281
672,1340.1,7.797435475847172,0.005818547478432335,1345.8246993984123,0.7792070557573669,0.0015645556409155045,0.5780517092780311,0.0022184837707719526,0.8145304060078056
673,1341.9,7.553145040312677,0.0056286944185950346,1345.6072241119289,0.7790811403410893,0.001543040268072813,0.5780054244562478,0.002210407486606607,0.8144651855002385
674,1348.3,11.399561395071302,0.008454766294646074,1345.386602018921,0.7789534119014812,0.0015291158076825562,0.5779567676214696,0.0022031674276273804,0.814396632048075
675,1342.7,4.994997497496871,0.003720114320024481,1345.1662575853122,0.7788258495556238,0.0015036435948580444,0.5779071750527731,0.0021902762529196107,0.8143267658933588
676,1349.1,5.200961449578338,0.003855134126142123,1344.9659075915433,0.7787098523664824,0.0014898808145230478,0.5778770125348699,0.0021846656234364775,0.8142842668541244
677,1351.1,8.891006692158093,0.006580568938019461,1344.746391430041,0.7785827928059742,0.0014827074963071304,0.5778346266768535,0.0021730555306840493,0.8142245796638644
678,1351.9,7.486654793697917,0.005537876169611596,1344.5344499842772,0.7784601129082027,0.0014727522220628127,0.5777895847602202,0.0021618106084879867,0.8141611441822771
679,1345.9,6.6370174024180475,0.004931285684239577,1344.3056774636684,0.7783276527503014,0.001475319533442241,0.5777316952943063,0.002163925930530657,0.8140795654275845
680,1345.1,12.022894826122368,0.008938290704127848,1344.0870674862315,0.7782010742400309,0.001479280662596451,0.5776776224029179,0.002167126994994591,0.8140033619325765
681,1346.1,13.77679207943562,0.010234597785777892,1343.864211219853,0.7780720381728545,0.00148293329652318,0.5776093743018574,0.0021699269007834413,0.8139071842430452
682,1352.9,4.6690470119715,0.0034511397826679723,1343.6543667736073,0.7779505443587406,0.0014776178248796016,0.5775472329185203,0.0021672553134302083,0.8138196227668935
683,1346.1,10.691117808723277,0.007942290920974131,1343.4490311116301,0.7778316600085674,0.0014721299700659785,0.5774976933160292,0.002164817282425998,0.8137498168158569
684,1353.7,9.011104260855047,0.0066566478989843,1343.2365207516925,0.7777086229137385,0.0014670670371343295,0.5774461541665891,0.0021622299015536858,0.8136771942376464
685,1334.9,7.700649323271382,0.005768708759660935,1343.0686989138594,0.7776114402285554,0.0014511036280374205,0.5774148751302202,0.002160452203941797,0.8136330978057407
686,1349.1,10.224969437607138,0.0075791041713788,1342.9234678839834,0.7775273537555084,0.0014378107761844742,0.5773943225731883,0.0021556528083561733,0.813604134699041
687,1354.3,9.562949335848225,0.007061175024623958,1342.764827282092,0.7774355051824589,0.0014274447045265562,0.5773689823095633,0.0021515074326915913,0.8135684271158677
688,1351.7,8.182297965730655,0.006053338733247506,1342.592678628862,0.7773358101868778,0.0014411827404893591,0.5773362250480362,0.00216246372479391,0.8135222376985812
689,1349.9,9.410100955887774,0.006970961520029464,1342.4314259718808,0.777242445330994,0.0014342402401532545,0.5773088910278779,0.0021605347634608154,0.8134837162019102
690,1349.9,10.702803371079934,0.007928589800044399,1342.2742116643171,0.7771514248717739,0.00144089327437437,0.5772763458571278,0.002162010705401526,0.8134378545168042
691,1345.5,13.219304066402286,0.009824826507916972,1342.1061029292014,0.7770541040905323,0.0014510813336315127,0.577239278729387,0.002162977302897318,0.8133856278046899
692,1346.9,3.9115214431215892,0.002904091946782678,1341.9322994747558,0.7769535031627618,0.0014447123938983722,0.5771998798769629,0.0021536335458170706,0.8133301385263667
693,1354.1,6.767569726275452,0.004997835999021824,1341.750047017348,0.776848013103273,0.0014389933324452638,0.5771569186484597,0.0021438265282819305,0.813269634781373
694,1343.5,6.461423991660043,0.00480939634660219,1341.5371028254929,0.7767247357932074,0.0014452190631108418,0.5771007805843799,0.0021427123821653625,0.8131905458451463
695,1349.1,9.92723526466458,0.007358413212263421,1341.316977486589,0.7765972848365574,0.0014570377536240445,0.5770415321912148,0.0021476391618461725,0.813107055203778
696,1346.9,7.829431652425353,0.005812927205008057,1341.105959829159,0.7764750888831096,0.0014722014461379586,0.5769861354379084,0.002158337703561337,0.8130289706435889
697,1348.3,9.641058033224361,0.0071505288387038205,1340.892911928991,0.77635174301024,0.0014852763011977865,0.5769297534406903,0.0021619750994602534,0.8129495260453499
698,1338.7,4.631414470763764,0.0034596358189017437,1340.684776665463,0.7762312463072567,0.001498702517056154,0.576875328032374,0.0021645965859804685,0.8128728432936029
699,1342.9,1.140175425099138,0.0008490397089129034,1340.4797568345161,0.7761125586372055,0.001513285187592705,0.5768220408312608,0.002166418984326922,0.8127977696591142
700,1340.7,5.239274758971894,0.003907865114471465,1340.27234142869,0.7759924903544732,0.0015314652713967782,0.5767674750882176,0.0021681321455853534,0.8127209009419778
701,1333.9,1.2449899597988732,0.0009333457978850536,1340.054564255151,0.7758664341233412,0.0015393366490244849,0.5767224667645698,0.002163126378719727,0.8126575137091555
702,1336.3,11.377609590770813,0.008514262957996567,1339.8497208154863,0.7757478700624618,0.0015440219098062705,0.5766817186656717,0.0021559301552289078,0.8126001333451984
703,1334.7,7.345066371381542,0.005503159040519624,1339.657525258211,0.7756366322852236,0.001548409024862129,0.5766450766277684,0.002147757001216894,0.8125485423407472
704,1332.3,7.276675064890558,0.005461739146506461,1339.4560322071036,0.7755199988884183,0.0015611432645815234,0.5765887521353937,0.0021459643587063595,0.8124692019546682
705,1334.9,5.176871642217914,0.0038780969677263567,1339.2409753287589,0.7753955019565704,0.0015682720137743438,0.5765261532975596,0.002144487989670824,0.8123810071268185
706,1332.7,4.994997497496871,0.0037480284366300525,1339.006493447647,0.7752597621374655,0.0015728418324205933,0.5764690190734141,0.0021410717373620677,0.8123005223293367
707,1330.3,6.88839603971781,0.005178077155316703,1338.764002670279,0.775119344376894,0.0015855333545687217,0.5764069409680124,0.002151120713630549,0.8122130263440444
708,1330.5,14.089002803605371,0.010589254268023578,1338.535968831738,0.7749873111957483,0.0015967026664434156,0.5763495593171548,0.0021570258101674725,0.812132161628741
709,1321.5,8.261355820929152,0.006251498918599434,1338.3157810935468,0.7748598410318008,0.0016030547991158356,0.5762796892290114,0.002155916279292939,0.8120337225699226
710,1328.5,9.82344135219425,0.007394385662171057,1338.0784881071045,0.774722468838342,0.0016048484083435442,0.5762018298792861,0.0021525259102425725,0.8119240315367959
711,1328.7,7.328028384224504,0.005515186561469485,1337.8386156596146,0.7745835825973625,0.0016197281762964787,0.5761221904359882,0.002159618646427486,0.8118118012537405
712,1329.5,9.340770846134703,0.007025777244178039,1337.607242413396,0.7744496483858446,0.001625914926759455,0.5760454966203052,0.0021554493466527727,0.8117037575378966
713,1326.9,11.653325705565772,0.008782369210615548,1337.375582967094,0.7743155427186295,0.001633420999355845,0.5759679200582658,0.002153257179818528,0.8115944629016913
714,1331.1,9.058145505565696,0.006805007516764853,1337.115638865003,0.7741650298131421,0.0016541286007040403,0.5758849965420109,0.0021642951451053332,0.8114775988839826
715,1328.9,4.774934554525329,0.0035931481334376767,1336.8476218986716,0.774009846740751,0.0016758353992283451,0.5758007858938635,0.0021748636071206983,0.81135892539784
716,1333.3,6.572670690061994,0.004929626258202951,1336.5788951840204,0.77385428870491,0.0016835683404492468,0.5757160388763347,0.0021707080878940197,0.8112395383225074
717,1336.3,6.7786429320329304,0.005072695451644789,1336.3024530937835,0.7736942630656167,0.0016922274814716576,0.5756277010094397,0.0021670870800671884,0.8111150910971512
718,1331.5,9.759610647971568,0.00732978644233689,1336.0056561119568,0.7735224575097597,0.0016883800517221317,0.5755302901992027,0.0021567444892800097,0.8109778642993272
719,1341.9,5.572252686302012,0.004152509640287661,1335.6944666821869,0.7733423336870142,0.001686700872606404,0.575426337090296,0.002143632969180207,0.8108314339680376
720,1338.5,8.336666000266533,0.006228364587423633,1335.3829241212538,0.7731619941127631,0.0016822554793237882,0.5753218526600746,0.0021320596309350004,0.810684244235552
721,1337.7,8.012490249604053,0.00598975125185322,1335.0967372841922,0.7729963198305942,0.0017123297519057081,0.5752278769973028,0.002139478206309038,0.8105518466843755
722,1335.1,7.003570517957251,0.0052457272997957095,1334.8351338490938,0.7728448507643251,0.0017442944431813121,0.5751440424204157,0.00215494590958035,0.8104337069661831
723,1335.3,6.610597552415364,0.004950645961518284,1334.5994228065988,0.7727083880747704,0.0017656960022290385,0.575070877974535,0.0021620713464767737,0.8103306186907677
724,1330.3,8.090117428072352,0.006081423309082427,1334.3850439540308,0.7725842966434436,0.0017852364402845733,0.5750016218101223,0.0021634517243745333,0.8102330558120183
725,1333.3,7.049822692805827,0.005287499207084548,1334.1682414643342,0.7724587636474924,0.001804844683666322,0.5749358471588838,0.002174378748668452,0.8101403569322864
726,1329.9,11.447707194019246,0.008607945856093875,1333.9884687685542,0.7723546453680514,0.0018477443942152333,0.5748854315936628,0.0022022230248470048,0.8100692729671204
727,1332.1,6.4265076052238514,0.0048243432213976815,1333.8399575928943,0.7722686542916578,0.0018725554461703597,0.5748478547692086,0.0022151712574392983,0.8100163120110901
728,1329.7,8.511756575466665,0.0064012608674638375,1333.6841110149635,0.7721784181724582,0.0019028996574519041,0.574806446931696,0.002230329876871095,0.8099579545875966
729,1328.9,9.542012366372202,0.007180384051751224,1333.5002257181006,0.7720719623526942,0.0019134744232671883,0.574752247666534,0.0022327878929595244,0.8098815850288501
730,1333.3,6.610597552415364,0.004958072116114426,1333.3073247699974,0.7719602862626639,0.0019208512221275816,0.5747010481692023,0.0022338555798236256,0.809809444087426
731,1325.1,11.770726400694224,0.00888289668756639,1333.0935416737552,0.7718364986256695,0.0019378893984933364,0.5746431041366401,0.0022445680136371506,0.8097277730522242
732,1325.5,8.440971508067067,0.0063681414621403745,1332.8493073766317,0.7716950483316541,0.0019501593026225656,0.5745693373797974,0.0022605003019098187,0.8096237681910526
733,1322.3,12.163469899662678,0.009198721848039536,1332.5603917036915,0.7715277512331138,0.0019491482423679195,0.5744759612079118,0.0022646079357240556,0.8094921602658944
734,1319.3,3.492849839314596,0.00264750234163162,1332.2748645909396,0.7713623850621831,0.0019645746917165926,0.574383666772895,0.0022837828253246006,0.8093620425703703
735,1324.1,5.224940191045253,0.003946031410803756,1331.9766672854385,0.7711896933954153,0.001982677150624892,0.5742880426397774,0.0023017485479286883,0.8092272494203181
736,1327.1,14.24956139675885,0.010737368244110354,1331.6741862165632,0.7710145164051277,0.0019836622925661395,0.5741855381509605,0.002312632460901659,0.8090827563755634
737,1334.3,7.996874389409903,0.005993310641842092,1331.3956011116913,0.7708531984566109,0.001986985620968945,0.574093356679706,0.002319172319330714,0.8089528378317586
738,1331.5,6.689544080129826,0.00502406615105507,1331.1098786089915,0.7706877867480669,0.0019799592948807096,0.573987920212574,0.002311873001656624,0.8088042873523081
739,1336.3,9.972462083156797,0.007462741961503253,1330.8757505562414,0.7705522335192905,0.0019784909958889176,0.5739040303853776,0.002310415651352499,0.8086860865605304
740,1338.1,8.324662155306964,0.006221255627611512,1330.6487673962056,0.7704208262625815,0.0019747686456253045,0.573822480239889,0.002305771646187397,0.8085711933028428
741,1331.7,7.085195833567341,0.005320414382794429,1330.4451125060973,0.7703029196496065,0.0019735796908976933,0.5737502083498545,0.0023037185118133644,0.8084693633328465
742,1335.1,5.572252686302012,0.004173659416000309,1330.253028326321,0.7701917014691704,0.001969827049294182,0.5736821042564363,0.0023029489681332172,0.8083733956092299
743,1333.3,7.102816342831906,0.005327245438259886,1330.0665297542714,0.770083714688113,0.001954055705862789,0.5736155464241546,0.0022970939858962484,0.8082796047611949
744,1333.1,7.486654793697917,0.005615973890704311,1329.8852673190781,0.7699787572699448,0.0019477992830480545,0.5735503435861471,0.0022962862201802423,0.808187717290546
745,1337.5,7.566372975210778,0.005657101289877217,1329.7196346852966,0.7698828817094727,0.0019249218838970849,0.573490937839563,0.002280163762560992,0.8081040385458896
746,1334.1,6.58027355054484,0.004932369050704475,1329.5638735142118,0.7697927228655594,0.0019222552895081142,0.5734424232336307,0.0022732364256542216,0.8080357073452717
747,1344.5,6.670832032063167,0.004961570868027644,1329.4122341820935,0.7697049053833849,0.0019313001944792785,0.5733976944360735,0.00228232037229247,0.8079726551685347
748,1336.5,10.14889156509222,0.007593633793559461,1329.270108475417,0.76962258822375,0.001927554519032657,0.5733542918988983,0.0022872162173582394,0.8079114648618415
749,1327.5,11.884864324004713,0.008952816816576056,1329.1588013933592,0.7695581108957306,0.001917305753873666,0.5733239106675527,0.002289947164168029,0.8078686188657687
750,1329.5,11.543396380615196,0.008682509500274686,1329.0569760399014,0.769499114358491,0.0019230248286705614,0.5732973136947631,0.002302169504938401,0.8078310954245795
751,1334.3,7.102816342831906,0.005323252898772319,1328.9421789552378,0.7694326263228961,0.0019289294299728445,0.573264781151499,0.002310066039104031,0.8077852282451582
752,1337.7,5.761944116355173,0.004307351511067634,1328.823886813278,0.7693641129838062,0.0019303388731737965,0.5732208616717854,0.0023162088531862666,0.8077233133000773
753,1331.7,5.06951674225463,0.0038068008877785013,1328.7119763057085,0.7692992819687765,0.0019241137285136818,0.5731697745400478,0.0023216417998911353,0.8076512863140376
754,1333.3,13.141537200799608,0.009856399310582471,1328.6062546570774,0.7692380682221766,0.0019254394348107923,0.5731208900554201,0.00232277374978797,0.807582396520919
755,1330.1,5.962382074305538,0.004482656998951611,1328.5064096966478,0.769180256885293,0.0019198468747774421,0.5730740219341468,0.002320753686519096,0.8075163497409393
756,1331.9,7.940403012442127,0.005961711098762765,1328.419300639949,0.7691298343282978,0.001903018968108454,0.5730320773802862,0.0023101932727368642,0.8074572596266314
757,1322.9,11.545561917897285,0.008727463842994394,1328.2890674008247,0.7690544485001053,0.0018915574014056575,0.572968533941907,0.002300919791460974,0.8073677404697147
758,1329.1,13.912224840046253,0.010467402633395722,1328.1612515240406,0.7689804459156185,0.0018906619614334635,0.5729078958801571,0.0023002625962207225,0.8072822995010963
759,1324.7,6.2008063991709985,0.004680913715687324,1328.0510470617942,0.7689166924342319,0.001874679733800175,0.5728541277919244,0.002280604751435672,0.8072065990601864
760,1327.9,7.214568594171103,0.00543306619035402,1327.9620841536391,0.7688651715569766,0.0018626525574409949,0.5728165168294101,0.0022780663775638257,0.807153594802573
761,1317.5,4.031128874149275,0.0030596803598855974,1327.880324354293,0.7688178198062219,0.0018576712638709932,0.5727946847541668,0.00227911093700123,0.8071228190052107
762,1320.3,8.657366805212773,0.006557120961306349,1327.8043234165605,0.7687738224353204,0.001848003062832968,0.5727761024263638,0.0022733732073239167,0.8070966452247081
763,1326.9,9.528903399657276,0.007181327454711941,1327.706214481,0.7687170098700842,0.0018386685184141915,0.5727487142957752,0.0022712990442650305,0.807058050442086
764,1315.9,9.276313923105448,0.007049406431419901,1327.6236408764212,0.7686692110279837,0.0018191309625698235,0.5727287242198946,0.0022602272857256208,0.8070298972649649
765,1319.9,8.065358020571685,0.006110582635481237,1327.533239124361,0.7686168623076088,0.0018079853395290666,0.5727060191310167,0.0022570404688222914,0.806997896808211
766,1323.3,12.96919426949878,0.009800645559962805,1327.4552384463352,0.7685717042139244,0.0017894677029356523,0.572689291536495,0.0022481365592939852,0.8069743328447163
767,1323.9,8.399404740813482,0.0063444404719491514,1327.4126728944022,0.7685470631242429,0.0017784011897995788,0.5726884450890976,0.002242431235641737,0.806973144871435
768,1322.5,6.837397165588672,0.005170054567552871,1327.3558724614418,0.7685141342555463,0.001769359098386077,0.5726823420269251,0.002248497878162141,0.8069644950259747
769,1328.9,4.129164564412516,0.003107204879533837,1327.3454144803025,0.7685080404138434,0.0017934836087674716,0.5726974092557934,0.0022682576035576384,0.8069856797095787
770,1331.9,2.8372521918222215,0.002130229140192373,1327.3200082095227,0.7684933421742242,0.0018030335093649312,0.5727047945759282,0.0022698177853306975,0.8069960995367162
771,1325.9,11.115304764152894,0.008383214996721391,1327.2550578718608,0.7684557629391771,0.00181324195143502,0.5726963849437368,0.0022683226618934863,0.8069842810794338
772,1331.3,6.418722614352485,0.004821394587510317,1327.1854404858157,0.7684154782539594,0.0018237721145286797,0.5726871916785624,0.0022677649345392045,0.8069713504403792
773,1330.3,4.522167621838006,0.0033993592586920285,1327.0788555308416,0.7683538052775167,0.0018284343355807566,0.5726632396496767,0.0022609890452754524,0.8069376366686163
774,1326.9,9.44986772394196,0.007121763300883231,1326.9591614965098,0.7682845413337921,0.0018313535324152176,0.5726347862640978,0.0022536497049253923,0.8068975792561893
775,1325.7,5.805170109479997,0.004378947053994114,1326.8304722040011,0.7682100571974413,0.001832089080814164,0.5726035695417352,0.002248142613339218,0.8068536146882579
776,1333.5,7.088723439378913,0.005315878094772338,1326.6745804824518,0.7681198265593701,0.0018257520716396837,0.5725616945482319,0.002238636566082678,0.8067946372695415
777,1330.7,6.6670833203133135,0.0050102076503444155,1326.460603739259,0.7679959814748487,0.001787865595092922,0.5724907204948588,0.0022110321734586796,0.8066946832759776
778,1329.9,10.273752965688828,0.007725207132633151,1326.175705325473,0.7678311003416104,0.0017572830348278334,0.5723921860917189,0.0021802689826310147,0.8065559276177321
779,1333.9,14.800337833982034,0.011095537771933454,1325.8459592539702,0.7676402275049572,0.001715966003315857,0.5722747657551734,0.002150822983917792,0.8063905285120985
780,1326.7,8.885381252371786,0.006697355281805824,1325.4748743517218,0.7674253945158236,0.0016817847529506248,0.5721399325648264,0.002130911003955923,0.806200561077066
781,1323.9,9.343446901438464,0.007057517109629476,1325.0966808110938,0.7672064305152816,0.001643360292704199,0.5720024212563466,0.0021131046210573806,0.8060068048622234
782,1325.9,1.949358868961793,0.001470215603712039,1324.708780520972,0.7669818454179949,0.001605875844879078,0.5718661401231746,0.0020962167015468915,0.8058147807919468
783,1327.7,10.61602562167217,0.00799580147749655,1324.295648956955,0.7667426559025609,0.0015637059550600704,0.5717196053179424,0.0020765552936856256,0.8056083120475798
784,1323.7,11.211601134539169,0.008469895848409133,1323.8694428249175,0.766495897131668,0.0015185191983191704,0.5715629615874424,0.002055738670238649,0.805387599222297
785,1324.9,6.48459713474939,0.004894404962449536,1323.415884017511,0.7662333302151328,0.001492086386531847,0.5713998149205401,0.0020354067177831975,0.805157750601939
786,1321.7,4.8166378315169185,0.003644274670134613,1322.9520859750708,0.7659648346501327,0.001471159574097089,0.5712327744228359,0.0020173717615514556,0.8049224110347367
787,1320.5,9.924716620639604,0.00751587778920076,1322.464018095801,0.7656823015926634,0.0014498036289287196,0.5710557459701895,0.001995302951259829,0.8046730111781514
788,1322.5,8.958236433584458,0.006773713749402237,1321.97420443088,0.7653987569245562,0.001427967281121587,0.5708784196791937,0.0019731434541999287,0.8044231905834878
789,1318.7,3.801315561749643,0.002882623463827742,1321.4742951538665,0.7651093670083048,0.0014131646125291656,0.5706971546955025,0.001953713604664485,0.804167817440864
790,1320.1,6.308724118235002,0.004778974409692449,1320.9579921199188,0.7648104631096218,0.001406845969742192,0.5705091954140646,0.001943639980548924,0.8039029852633888
791,1318.3,11.638298844762494,0.008828262796603576,1320.4605312305896,0.7645224372865187,0.001387914875313996,0.5703297248457643,0.001937031465062784,0.80365008396442
792,1312.7,10.929318368498558,0.008325831011273373,1319.9602519153434,0.7642327563741103,0.00138800891982176,0.5701540866957249,0.001944409938822944,0.8034025601293167
793,1324.7,5.953990258641679,0.004494595197887581,1319.4611353533003,0.763943728343351,0.0013945644265010832,0.5699789108899742,0.0019598059657583173,0.803155664434354
794,1318.7,7.13792686989717,0.005412851194280101,1318.9602146152108,0.7636536577754534,0.001400750234739671,0.5698028857661317,0.0019743905798682957,0.8029075737580375
795,1311.7,9.311283477587825,0.007098638009901521,1318.459891725043,0.7633639344191052,0.0014086272787868467,0.5696293837623043,0.0019892638563052244,0.8026630392681557
796,1317.9,12.085114811204733,0.009169978610823835,1317.9605152821684,0.7630747600648531,0.001418138050920676,0.5694604047377407,0.0020044266775347537,0.8024248789133409
797,1320.1,8.734987120768983,0.006616913204127705,1317.447059259286,0.7627774378380252,0.0014325114726508263,0.5692840544822122,0.0020203754785697585,0.802176335810478
798,1313.3,11.233877335986895,0.00855393081244719,1316.9285983952304,0.7624772201229411,0.0014498372005959798,0.5691042304259339,0.0020368415298360988,0.8019228999218694
799,1319.3,8.969392398596462,0.0067985995593090745,1316.4159906889186,0.7621803873929403,0.001464764179593808,0.5689256019892805,0.002053291180320555,0.801671144518213
800,1318.9,9.140568910084317,0.0069304487907228115,1315.8814756037164,0.761870879179754,0.001473077130256368,0.5687361487468943,0.0020648510179007568,0.8014041512405301
801,1312.1,12.002083152519816,0.00914723203453991,1315.3562407566776,0.7615667443330564,0.00147903135791213,0.5685493266256779,0.0020753506902158247,0.8011408663742554
802,1313.3,6.180614856144977,0.004706171366896351,1314.8170098191804,0.7612545118958999,0.00148272148744622,0.568355052321593,0.002083404820478785,0.8008670904233067
803,1317.9,7.179832867135557,0.005447934492097698,1314.2621572723572,0.760933244490428,0.0014798304238454827,0.5681525994652105,0.0020863665375641,0.8005817993479184
804,1312.7,5.826662852782886,0.004438685802378979,1313.677851216053,0.7605949661238192,0.00148633181703812,0.5679410064002225,0.0020823685391916824,0.8002836693710605
805,1317.3,8.043631020876083,0.006106149715991865,1313.092299265596,0.7602559745586406,0.0014952755708207246,0.5677277263702275,0.0020772812461921017,0.7999831700391915
806,1324.5,11.157956802210698,0.008424278446365193,1312.4971369533714,0.7599114012448502,0.0015115123593990366,0.5675091243302041,0.0020795994369041232,0.7996751511622934
807,1323.7,10.485704554296769,0.00792151133511881,1311.934218339995,0.7595854642028181,0.001524741601650459,0.5673116428081011,0.0020889789996231547,0.7993968616727019
808,1319.1,10.224969437607138,0.007751474063836812,1311.3716840574257,0.7592597564630558,0.0015371859636524937,0.567115225282141,0.0020963453038700184,0.7991200785372642
809,1319.9,1.2449899597988734,0.0009432456699741445,1310.8287471600122,0.7589453842017374,0.0015532578308147158,0.5669281677976812,0.0021080029890339883,0.7988564682621487
810,1328.5,11.045361017187261,0.008314159591409305,1310.277856270744,0.7586264044645462,0.0015495933419141406,0.5667338311117919,0.0021120877583084324,0.7985825984765011
811,1322.5,3.391164991562634,0.0025642079331286457,1309.7288889528063,0.7583085440397932,0.0015568655364975278,0.5665415051922565,0.0021192518183835132,0.7983115675855682
812,1320.3,2.9068883707497264,0.0022016877760734125,1309.193514744454,0.7579985507148226,0.001570516205443873,0.5663558980233971,0.0021297985993016704,0.7980500010540738
813,1315.3,3.7682887362833544,0.0028649652066322167,1308.7048708047232,0.7577156170657442,0.0015708269808727075,0.5661910072489691,0.0021339665625503684,0.7978176298317148
814,1314.1,10.064790112068906,0.00765907473713485,1308.2225264042313,0.7574363242554185,0.0015651440326737893,0.5660142408833383,0.002137220824984339,0.7975685201680088
815,1316.1,7.503332592921628,0.005701187290419898,1307.739251766317,0.7571564975035809,0.001553049512849611,0.5658318626085255,0.0021367037571547918,0.7973115073422777
816,1315.1,9.167878707749137,0.006971240748041318,1307.277693823437,0.7568892659088121,0.0015397340446413857,0.5656633715903643,0.0021304559922500675,0.7970740864915262
817,1314.3,12.142899159591172,0.009239061979450028,1306.8510376496113,0.7566422419189947,0.0015438474384041475,0.5655141197914381,0.00213128155528933,0.7968637718158244
818,1320.9,6.913754406977443,0.00523412401164164,1306.4265816607174,0.7563964953011673,0.001540117311535787,0.5653649059211489,0.002128067174844168,0.7966535183569359
819,1320.9,9.181503144910424,0.006950944920062399,1306.038805297672,0.7561720029387755,0.001543865048976288,0.5652376791161414,0.0021236368446348373,0.7964742631945215
820,1317.5,14.326548781894402,0.010874040821172222,1305.6720628977923,0.7559596803984541,0.001541327640296879,0.5651110641671405,0.002118727642557967,0.7962958626113994
821,1311.1,3.0903074280724887,0.002357034114920669,1305.3091418442202,0.7557495853998777,0.0015338392693689542,0.5649804236912168,0.002108059655538748,0.7961118088929571
822,1311.1,6.931810730249348,0.005287019091029935,1304.956810890949,0.7555456566690338,0.0015264414164809672,0.5648486610680548,0.0020886520695215147,0.7959262105444269
823,1305.3,8.64291617453276,0.006621402110267954,1304.6049423547443,0.7553419689015641,0.0015299387331475251,0.5647160599794898,0.002080321374317597,0.7957393993300939
824,1295.7,5.215361924162119,0.0040251307587883915,1304.2736800502757,0.7551501825588692,0.001542512779545218,0.5645913067972115,0.0020830940100751575,0.7955636101549672
825,1303.7,9.162423260251623,0.007028015080349484,1303.9814709847747,0.7549809762378714,0.0015792326529845532,0.5644659183604314,0.0021037703117864066,0.7953868903922428
826,1296.9,4.774934554525329,0.003681806272284161,1303.6952468475797,0.7548152245184879,0.0016130499506605343,0.5643430999618813,0.002125981067023137,0.7952137818871992
827,1298.1,6.4265076052238514,0.004950703031525962,1303.4047936771121,0.7546470341884035,0.0016491116895503812,0.5642152308150054,0.0021467877681709234,0.7950335679213502
828,1295.1,5.9413803110051795,0.0045875842104896765,1303.1037359394697,0.754472711168378,0.001683165846449726,0.5640793416298517,0.002165094501711935,0.794842059877342
829,1296.3,7.067531393633848,0.005452080069145914,1302.804036867877,0.7542991769340216,0.0017144657331358655,0.5639485613559339,0.002181837160038095,0.7946577536751528
830,1298.9,11.696153213770756,0.00900466026158346,1302.5057339367663,0.7541264536525175,0.0017432054325871027,0.5638231753024243,0.002196961700385756,0.7944810517890527
831,1295.1,10.249390225764653,0.00791397592909015,1302.1969388617783,0.7539476634285883,0.0017725314000235181,0.5636932999869261,0.002210598617687093,0.7942980326558585
832,1301.1,5.835237784358063,0.0044848495767873826,1301.8894728218934,0.7537696436576754,0.0017973441332465282,0.5635790365937449,0.002222161607183287,0.7941370147650716
833,1301.7,8.378544026261364,0.006436616752140558,1301.567198629315,0.7535830450213559,0.0018289088682190756,0.563468671515231,0.002238143353591181,0.7939814823980734
834,1294.5,4.527692569068709,0.0034976381375579056,1301.2397384981891,0.7533934512764892,0.0018463886861696548,0.5633563250901304,0.0022460299963583284,0.7938231703129477
835,1294.7,14.385756844879591,0.011111266582899198,1300.9194208195822,0.7532079938688144,0.001860033583241031,0.5632473111775141,0.0022519683018258374,0.7936695551946716
836,1297.3,7.362064927722384,0.005674913225716785,1300.5490259697892,0.7529935346493498,0.0018932773989494653,0.5631168316051992,0.0022688609198572266,0.7934856799141653
837,1299.9,9.410100955887774,0.007239096050379086,1300.1521912520807,0.7527638110805138,0.0019068800618870904,0.5629750945469569,0.002266569172665599,0.7932859992817453
838,1287.7,9.284395510748128,0.007210060969750818,1299.7642477356371,0.7525392642659904,0.001903061861688676,0.5628373741042632,0.0022493715317571006,0.7930920109949884
839,1296.7,6.016643582596529,0.004639965745813626,1299.3695166408343,0.7523107774048969,0.0018964862455982633,0.562696857676813,0.0022331234410735284,0.7928940745304843
840,1288.7,8.333666660000267,0.006466723566384936,1298.9762988159025,0.7520831698499164,0.0019034658788163932,0.5625571162459184,0.002222508018342979,0.7926972314621288
841,1286.1,7.021395872616783,0.005459447844348638,1298.6000595233504,0.7518653777559972,0.0019057602462041914,0.5624248245049805,0.0022131052130065117,0.7925108663338585
842,1295.1,5.481788029466298,0.004232714098885259,1298.2155282718522,0.7516427828153164,0.0019100952853887698,0.5622890149757382,0.0022051172140700607,0.7923195426696457
843,1282.5,3.7416573867739413,0.0029174716466073614,1297.8478437821711,0.7514299314609655,0.0019276961592958903,0.5621605524684826,0.002206069795494519,0.7921385577814968
844,1286.9,9.91463564635635,0.007704278223915105,1297.4955975385476,0.7512260111907849,0.0019472932033363457,0.5620388046773441,0.002209842919918375,0.7919670238438358
845,1286.1,14.205632685663812,0.01104551176865237,1297.1703734980888,0.7510377591950214,0.0019638619210116713,0.5619287674663822,0.002206798166419947,0.7918120137348987
846,1277.7,6.099180272790763,0.0047735620824847485,1296.858268123471,0.7508571183348524,0.001978280197371176,0.5618243961356449,0.002199036606788376,0.7916650056773713
847,1275.3,5.310367218940701,0.004164014129177999,1296.5439390334636,0.750675210542434,0.001997120076858576,0.5617190213065101,0.0021886672691872814,0.7915166071721852
848,1277.3,9.038805230781334,0.007076493565161931,1296.2479474904844,0.7505039171266095,0.0020088617305903072,0.5616215280209611,0.0021753313028476055,0.7913793116557966
849,1283.9,9.902019995940224,0.007712454237822434,1295.9572747024126,0.7503357030672457,0.0020209287436395054,0.5615285913076317,0.0021621633646065367,0.7912484368106781
850,1273.1,6.127805479941412,0.004813294697935286,1295.672354675466,0.7501708196762757,0.0020333155709882315,0.5614355421885113,0.002149140586716395,0.791117403622604
851,1285.9,14.09077712548176,0.01095791051052318,1295.3941478009122,0.7500098317114839,0.0020467965671698706,0.5613476097492285,0.002134567092752648,0.7909935886281129
852,1289.1,7.453187237685634,0.0057816982683155955,1295.1120835000152,0.7498465826213854,0.0020643788566505764,0.5612427111685252,0.002128939406911235,0.7908458351419917
853,1284.3,9.641058033224361,0.007506858236568062,1294.8383794835402,0.7496881663520865,0.002080055936620306,0.5611401342888529,0.0021242228541184472,0.7907013463797815
854,1290.3,11.486949116279744,0.008902541359590595,1294.5762501862905,0.7495364825504758,0.0020935566865652845,0.5610389027952227,0.0021107236666354917,0.7905587886847314
855,1283.7,11.399561395071302,0.00888023790221337,1294.3199623687055,0.749388190114218,0.002110334513113677,0.560953970193441,0.002096788085642986,0.790439206672967
856,1292.5,3.9370039370059056,0.0030460378622869677,1294.0744429599997,0.7492461308955528,0.0021287538320118923,0.560873428890795,0.0020841639133618484,0.7903258111190954
857,1285.3,10.047387720198719,0.007817153754142006,1293.8238231938924,0.7491010913062135,0.002149844022681945,0.5607660630098481,0.0020799026358728798,0.790174587643677
858,1290.3,8.090117428072352,0.0062699507308938635,1293.5965557510692,0.7489695721870225,0.0021608447247076336,0.5606681625273175,0.002069883055965728,0.7900367029840443
859,1287.9,9.208691546577072,0.0071501603747007305,1293.3594250376343,0.7488323255202464,0.002167660371315563,0.560565287113689,0.0020616507986405694,0.7898917914492346
860,1282.9,8.080841540334768,0.006298886538572584,1293.1179533905286,0.7486925400307503,0.00217717407018324,0.5604747506831016,0.002061521437669291,0.7897642376113992
861,1289.3,7.758865896508329,0.006017890247815349,1292.8739423713025,0.7485512849670938,0.002182316127318763,0.5603762902494418,0.0020586181022501106,0.7896255181507654
862,1292.5,16.3707055437449,0.012665923051253308,1292.6252113165888,0.7484073248334967,0.00217070576620478,0.5602764057353683,0.0020386441797333194,0.7894848300094713
863,1291.5,9.367496997597597,0.007253191635770497,1292.3673858271773,0.7482580544672921,0.002165025913474113,0.5601731625860094,0.0020335761269588176,0.7893393571071042
864,1288.3,6.629479617586889,0.005145912922135286,1292.0981327274753,0.7481021790110872,0.0021585415646921116,0.5600655109169808,0.0020251124206795306,0.7891876863619344
865,1284.1,10.13903348450926,0.007895828583840248,1291.8516717518676,0.7479595304015827,0.0021526700993821897,0.5599752422864857,0.0020091024301401444,0.7890605442219752
866,1289.7,5.118593556827891,0.0039688249645870284,1291.6127450544718,0.7478212439479058,0.0021479677699550075,0.5598882332174036,0.0019937022943203302,0.7889379948984713
867,1296.7,5.5181518645285585,0.004255534714682315,1291.3653069548263,0.7476779966207666,0.002144766547424799,0.5597974965901711,0.0019877560329753835,0.7888101558700241
868,1297.5,5.545268253204709,0.004273809829059506,1291.1149660682163,0.7475330686969547,0.0021443069610315576,0.5597054317378694,0.001983441254579043,0.7886804457758225
869,1294.3,6.2809234989768825,0.004852757087983375,1290.8736159079913,0.7473933537856352,0.0021428222167778595,0.5596171629151747,0.001976511841614705,0.7885560938287497
870,1294.3,7.90253124005214,0.006105641072434629,1290.6436759280882,0.747260227346066,0.0021337297335298254,0.5595337076976514,0.0019696492230973912,0.7884385067416116
871,1299.3,8.78635305459552,0.00676237439744133,1290.4192255167845,0.7471302890045083,0.0021346683081245607,0.559452468013459,0.0019663118239933524,0.7883240519895939
872,1297.1,7.231873892705818,0.005575417387021678,1290.2162216360018,0.7470127857153044,0.0021061285240367637,0.5593803306482179,0.001940211716485736,0.7882224457757858
873,1297.3,6.457553716385176,0.004977687286198394,1290.0365261549828,0.7469087724813506,0.0020810043001199758,0.5593087511991435,0.0019174394875019795,0.7881216155721891
874,1295.7,6.3796551630946325,0.0049237131767343,1289.849217437994,0.7468003168373014,0.0020450133868254107,0.5592342443660221,0.0018974590969862489,0.7880166240795815
875,1296.7,8.151686941977102,0.006286486420896971,1289.6774933787983,0.7467008691501151,0.0020208046605230887,0.5591648171064161,0.0018889663483944912,0.7879187727587653
876,1295.1,9.902019995940224,0.007645757081260308,1289.512026329718,0.7466050744517176,0.002005207409214464,0.5590942138924735,0.001877346654422626,0.7878192960569151
877,1306.5,6.4031242374328485,0.004900975306110102,1289.3241439924639,0.7464963196419131,0.001989960913971957,0.5590146162763336,0.0018609058236755045,0.7877071625216902
878,1302.3,7.57957782465488,0.005820147296824756,1289.1423337333588,0.746391075334292,0.0019741657428522423,0.5589383287710772,0.0018455145833662214,0.7875996882422557
879,1297.5,9.17877987534291,0.007074204142846173,1288.9630211887488,0.7462872756666706,0.00195859207861975,0.5588637549268926,0.001830633209958874,0.7874946271622383
880,1302.5,7.842193570679061,0.006020877981327494,1288.7713642175022,0.7461763019857817,0.001941284143796728,0.5587844128247436,0.0018223376561788212,0.7873828178779607
881,1307.3,6.496152707564686,0.004969136929216467,1288.5746996162866,0.7460624409953553,0.0019308875538753259,0.5587104201398028,0.001814789245320636,0.7872785583572163
882,1304.7,10.171037311896953,0.0077956904360366,1288.361400375972,0.7459389574806937,0.0019007862539481858,0.5586222493123024,0.0017929696993164584,0.7871543371399103
883,1298.7,7.328028384224504,0.005642587498440366,1288.1659945670863,0.7458258365954858,0.0018854523698896468,0.5585422872877472,0.001779181081709442,0.7870416855760329
884,1298.5,7.516648189186454,0.00578871635670886,1287.996059519864,0.745727448879679,0.0018600385236981131,0.5584830808873639,0.0017635392923785068,0.7869582669634719
885,1294.9,11.781341180018513,0.009098263325367605,1287.8487860462717,0.7456422032186951,0.001832752385405942,0.5584334277522818,0.001740482496820087,0.7868883347591109
886,1288.7,3.154362059117501,0.0024477085893671925,1287.7046830839615,0.7455587969025463,0.001798994927198628,0.5583848388291222,0.0017124212717612186,0.7868199057625668
887,1290.5,9.591663046625438,0.007432516890062331,1287.5520697651996,0.745470470705051,0.0017791979770375188,0.5583371827027699,0.001690214102295816,0.7867527967189724
888,1291.9,9.50263121456368,0.007355547035036519,1287.4152865181882,0.7453913145586185,0.001758129738140385,0.5583033065088012,0.0016656440709749564,0.7867051106712974
889,1302.9,6.208864630510155,0.004765419165331303,1287.302248117353,0.7453259012219291,0.0017441056723244697,0.5582791583941945,0.0016466531645979638,0.7866711235261017
890,1295.3,6.942621983083913,0.005359856390862281,1287.2025288269967,0.7452681716367093,0.0017300072686519505,0.5582601906566553,0.0016363320975021345,0.7866444036702942
891,1290.3,6.629479617586889,0.005137936617520646,1287.1118631852123,0.7452156729513478,0.0017157763752660457,0.5582538330500701,0.0016294855414164548,0.786635440217158
892,1294.7,11.34460224071342,0.0087623404964188,1287.0608383466356,0.7451861263842445,0.0016882541057075308,0.5582633911591289,0.001614624317571264,0.7866489080725567
893,1296.9,7.940403012442127,0.006122602369066333,1287.0046676584393,0.7451535861053245,0.0016716416715037653,0.5582531329734018,0.0016108560884278533,0.786634434421873
894,1291.9,13.45548215412588,0.0104152660067543,1286.9767917354136,0.745137416196013,0.0016608785392230301,0.5582619133095831,0.0016144092327063963,0.7866467713923496
895,1291.9,6.711929677819934,0.005195394130985319,1286.9487214682383,0.7451211376787245,0.0016430380915577962,0.5582698892463849,0.00161267614409643,0.7866579826859339
896,1287.3,10.80277742064512,0.00839181031666676,1286.9248933068125,0.7451072776960903,0.0016303162860426637,0.5582719762811539,0.0016260177773671678,0.7866608555605943
897,1291.1,8.488227141164401,0.006574414949395401,1286.8915225861965,0.7450878992340481,0.0016095713354164494,0.5582672926200068,0.0016327718212710014,0.7866541947142338
898,1283.7,9.47100839404126,0.00737789856979143,1286.8416289525794,0.7450589604408101,0.0015775865542406549,0.5582552603957355,0.0016315639805920775,0.786637190828894
899,1275.9,8.777812939451376,0.006879702907321401,1286.7811392924727,0.7450239222605375,0.0015328919540761367,0.5582409010777345,0.0016125214119856865,0.7866169513466197
900,1280.1,6.54217089351845,0.005110671739331654,1286.683639882913,0.7449674642205478,0.001510696034846618,0.5582103942110905,0.0016031409097243994,0.7865739667299189
901,1283.1,7.797435475847171,0.0060770286617155105,1286.5540116379975,0.7448924156745262,0.0014744474184204552,0.5581658225842945,0.0015827067098549447,0.786511175868203
902,1297.1,6.288879073412049,0.004848414982200331,1286.437386498231,0.7448248805312657,0.0014456445260806064,0.5581267322800936,0.0015713728820080984,0.786456088152444
903,1281.9,3.4713109915419564,0.002707942110571773,1286.2995351427458,0.7447450606966115,0.0014062421217940807,0.5580881831380258,0.0015532233936798538,0.786401772484945
904,1283.5,5.315072906367325,0.004141077449448636,1286.1543086446618,0.7446609762816883,0.0013661137571861002,0.5580468509969068,0.0015331955593618654,0.7863435414221127
905,1285.5,10.688779163215974,0.008314880718176565,1286.0200544860893,0.7445832278370724,0.0013177132882310162,0.5580106711844094,0.001515230799496759,0.7862925529399035
906,1284.7,9.404786015641186,0.00732060871459577,1285.9004934424177,0.7445139755653736,0.0012697917600202934,0.5579812334427314,0.0015019453749435066,0.7862510501219397
907,1284.5,5.338539126015656,0.0041561223246521254,1285.7828012399755,0.7444458055177104,0.0012253558618342613,0.5579529482370946,0.0014909485599055798,0.786211170065006
908,1281.5,3.122498999199199,0.002436596956066484,1285.6650821953817,0.7443776208477354,0.0011828821412057482,0.5579274535357347,0.0014811829570592037,0.7861752223921017
909,1276.9,4.560701700396552,0.003571698410522791,1285.5613433799747,0.7443175286971562,0.001143013771220985,0.5579059924806355,0.0014738055643575118,0.7861449565266379
910,1284.1,10.224969437607138,0.00796275168414231,1285.4495653401664,0.7442527611916416,0.0011042407294616426,0.5578813107028646,0.001474812317758212,0.7861101288675771
911,1284.5,5.338539126015656,0.0041561223246521254,1285.322308442474,0.7441790887546355,0.0010790437700791689,0.5578526393584352,0.001461744152352754,0.7860697420617704
912,1286.9,9.181503144910424,0.007134589435783995,1285.2057148509507,0.7441116082841255,0.00105488462397823,0.5578289744345553,0.0014427162920628946,0.7860364302588929
913,1279.5,5.873670062235365,0.004590597938441083,1285.1214390356422,0.744062836129987,0.0010351384239432534,0.5578034067702441,0.0014265886663716299,0.7860004341865532
914,1285.1,5.200961449578338,0.00404712586536327,1285.0342529384823,0.7440123992164415,0.001017976939780491,0.5577780096423552,0.0014039913329055454,0.7859647007351698
915,1283.1,7.940403012442127,0.006188452195808688,1284.9203852197427,0.7439464918012886,0.001002975676778558,0.5577424265171869,0.0013903907084529652,0.7859145880692424
916,1285.5,9.340770846134703,0.007266255033943759,1284.8096489691554,0.7438824138479017,0.0009910122246248032,0.5577095596449931,0.0013717704262260363,0.7858683215871416
917,1282.5,11.313708498984761,0.00882160506743451,1284.6837699104785,0.7438095636269695,0.0009921001028078958,0.5576714383078362,0.0013601316206607458,0.7858146431339031
918,1281.5,9.513148795220223,0.007423448142973252,1284.5076463529174,0.7437076139839298,0.0009808190918886171,0.5576290685432809,0.0013466795374543566,0.7857549722629946
919,1283.1,11.1265448365609,0.008671611594233419,1284.2864206600982,0.7435795777903865,0.0009795967067865166,0.5575722278925815,0.001326768347578697,0.7856749416770159
920,1278.9,8.61974477580398,0.006739967765895675,1284.0232316207591,0.7434272185501615,0.0009552103206160838,0.5574976036542616,0.0013076358206446578,0.7855698185067261
921,1282.7,2.539685019840059,0.0019799524595307235,1283.7450451392688,0.7432661372471309,0.0009385681260098575,0.5574193668115585,0.0013071835902270146,0.7854595551904252
922,1280.7,8.511756575466665,0.006646175197522187,1283.4497903610606,0.7430951712640288,0.0009213012096043941,0.5573342735501755,0.001307557535854553,0.7853396278603888
923,1279.3,6.099180272790763,0.0047675918649189115,1283.1042523894382,0.7428951035684805,0.0008856914913549828,0.5572278805460242,0.0012963690805323912,0.7851897024421504
924,1282.5,3.605551275463989,0.0028113460237535978,1282.7487946741062,0.7426892794539164,0.0008398580471832737,0.5571176960798221,0.0012871382153973275,0.7850344226890017
925,1280.9,6.767569726275452,0.005283448923628271,1282.3777414944007,0.7424744224407809,0.0007943602344099397,0.5570012368137822,0.0012802502247438114,0.784870298028614
926,1278.1,4.159326868617084,0.003254304724682798,1281.9792568558676,0.7422436774436718,0.0007461668883460882,0.5568733426621908,0.0012756354134841165,0.7846900553800304
927,1280.1,6.06630035524124,0.004738926923866292,1281.5653458236561,0.7420039977982712,0.0006981697653710031,0.55672061702542,0.0012732764303691661,0.7844748199733116
928,1285.3,6.685805860178712,0.005201747343171798,1281.1731809431255,0.7417768913262922,0.0006686692319393775,0.5565790452720236,0.0012844341869272218,0.7842752768530277
929,1289.7,12.637246535539298,0.009798593886593236,1280.8047152422537,0.7415634886903384,0.0006490178147865952,0.5564399916177915,0.0013056423818853156,0.7840792578809215
930,1295.3,8.555699854482976,0.006605187874996508,1280.4511396149271,0.7413587125374066,0.0006351072612158529,0.5563093597667051,0.0013261074559452113,0.7838951138902484
931,1281.1,2.8372521918222215,0.0022147000170339723,1280.1200950107661,0.7411669797497547,0.0006173431629328294,0.5561904271219614,0.001346017012080624,0.7837274560454492
932,1275.5,7.123903424387503,0.005585184966199532,1279.7724162904046,0.7409656242417357,0.0006102452054995177,0.5560661345014102,0.0013653021914615472,0.783552253012136
933,1275.9,4.801041553663121,0.0037628666460248618,1279.4155816075559,0.7407589657008022,0.0006054976537243347,0.5559466511601185,0.0013856313817048782,0.7833838244974655
934,1279.5,7.533259586659682,0.00588765891884305,1279.0696528560386,0.7405586052133127,0.0006048999550663574,0.5558332148246344,0.0014126818233802377,0.7832239000676734
935,1275.1,8.517628778010932,0.006679969240068177,1278.7341751136726,0.7403642948836839,0.0006128811546266024,0.5557186302917815,0.0014415262911245356,0.7830623570052866
936,1279.9,6.985699678629192,0.005458004280513471,1278.3908880481908,0.7401654537400092,0.0006179253637590241,0.5556023602909059,0.0014724296627143172,0.7828984285813518
937,1271.9,13.966030216206752,0.010980446745975902,1278.022191051636,0.7399519102278773,0.0006237806361159275,0.5554906314967214,0.0014996044310300796,0.7827409116431597
938,1278.9,5.412947441089743,0.00423250249518316,1277.6506168901699,0.7397366840193014,0.000628521477435793,0.5553783289212046,0.0015317753741673017,0.7825825688163327
939,1280.3,2.6362852652928135,0.00205911525837133,1277.2382057067534,0.7394977939216613,0.000649372092655942,0.5552489203929236,0.0015735635047746106,0.7824000978650143
940,1276.9,8.1117199162693,0.006352666548883467,1276.8289212853979,0.7392607194371532,0.0006892237495563587,0.5551238044931966,0.001617216926860309,0.7822236775224088
941,1276.9,9.476286192385707,0.007421322102267763,1276.4050521635459,0.739015211180944,0.0007241113914355924,0.555002049846667,0.0016557549415058472,0.7820520045754344
942,1278.9,5.770615218501403,0.004512170786223632,1275.9433741281823,0.7387478261076564,0.0007355434934486036,0.5548636230396607,0.0016836759715669757,0.781856864148341
943,1281.3,11.497825881443848,0.008973562695265627,1275.5072958362493,0.7384952752889544,0.0007560895774466103,0.5547195317206113,0.001709634159332882,0.7816537479545174
944,1278.9,6.2289646009589745,0.004870564235639201,1275.074055143199,0.7382443901893547,0.0007637837506242953,0.5545768716343831,0.001725287217120757,0.7814526772178455
945,1275.5,10.404326023342406,0.008157056858755316,1274.6465316541376,0.7379968164041827,0.0007732779390466514,0.5544368618875765,0.0017409272907422909,0.7812553423258678
946,1272.1,7.987490219086344,0.006278979812189564,1274.2231050791875,0.7377516167031706,0.0007836939379512246,0.554291654954756,0.0017560645929684802,0.7810506861935433
947,1268.9,0.8944271909999159,0.0007048839081093197,1273.8117642701407,0.7375134139122312,0.0007999576501699614,0.5541420569796989,0.0017727215747595747,0.7808398392152396
948,1270.3,6.2008063991709985,0.004881371643840824,1273.4556243458387,0.7373071725636036,0.0008194953714441655,0.5540160476377703,0.001789866241883056,0.780662229607102
949,1275.3,10.73312629199899,0.00841615799576491,1273.1359003319612,0.7371220403258889,0.0008337617856474988,0.5539054097872947,0.0017984529184565986,0.7805063103940837
950,1266.3,7.774959806970066,0.006139903503885388,1272.8323098455867,0.7369462504924797,0.0008513399108143205,0.5537989576722969,0.0018075454169579387,0.7803562906039703
951,1266.9,7.503332592921629,0.00592259262208669,1272.5352446165439,0.7367742379178288,0.0008719837664873579,0.5536949359946821,0.001817732835966397,0.7802096932211877
952,1269.9,6.48459713474939,0.005106384073351752,1272.2349682643921,0.7366003679484915,0.0008919277663864813,0.5535913730222511,0.0018273028801817281,0.7800637440300512
953,1271.1,3.7483329627982624,0.0029488891218615865,1271.9579112448646,0.7364399363678836,0.0009213949845966956,0.5534972479473932,0.001841094727738208,0.7799310844083708
954,1270.3,9.497368056467012,0.007476476467343944,1271.687188450213,0.7362831699392174,0.0009509734315975386,0.553405166224328,0.00185571330277802,0.779801301540411
955,1274.1,7.092249290598858,0.005566477741620641,1271.445800641256,0.7361433626084205,0.0009714104723383014,0.5533250900067989,0.0018748380922909114,0.7796884113546885
956,1270.7,6.3992187023104625,0.005035979147171215,1271.2109882879402,0.7360073604459623,0.0009925040187553687,0.5532470677481821,0.0018946099043227335,0.7795784131441035
957,1271.9,10.0024996875781,0.007864218639498466,1270.9908727098184,0.7358798640666182,0.0010154633746621807,0.5531792134554472,0.0019158004572265041,0.779482738683384
958,1272.5,5.70087712549569,0.0044800606094268685,1270.7443000081125,0.7357370738551293,0.0010353159890778665,0.5531109859232695,0.001929458423865831,0.7793865617067443
959,1271.1,5.527205442174191,0.004348363969926986,1270.4820298767165,0.7355852043014414,0.0010577300341363166,0.5530354646468509,0.0019414574173048206,0.779280115038573
960,1277.9,10.818964830333815,0.0084662061431519,1270.2195694100642,0.7354332185582273,0.0010706462183776686,0.5529593653554259,0.0019521707125827233,0.7791728533212133
961,1279.3,6.099180272790763,0.0047675918649189115,1269.9706319845225,0.7352890594260774,0.0010898315456170666,0.5528935674594931,0.001965647503437315,0.7790801036375768
962,1279.5,5.809475019311125,0.004540425962728507,1269.7213761134556,0.7351447159479855,0.0011032327599531776,0.5528273900367906,0.001977306851637191,0.7789868190612631
963,1277.7,10.353743284435827,0.008103422778771094,1269.467565965902,0.7349977398854799,0.0011150651430204882,0.5527540170751353,0.0019873265975575596,0.7788833995403909
964,1274.3,4.295346318982906,0.003370749681380292,1269.2188063260403,0.7348537182472151,0.0011219419876220668,0.5526775980134049,0.0019878861332644753,0.7787757204817138
965,1275.7,8.5848704125339,0.006729537048313789,1268.9631688205823,0.7347057184276402,0.0011283817372928053,0.5525978436559504,0.0019872844376169567,0.7786633463357949
966,1280.3,10.62779375035101,0.008301018316293846,1268.7193861339447,0.7345645800820522,0.001143105419482312,0.5525278148789384,0.001989992437475836,0.778564673453633
967,1273.5,7.566372975210778,0.005941400059058326,1268.4661822006979,0.7344179858730754,0.0011720234611317076,0.5524486470538205,0.001997686778744546,0.7784531178769285
968,1272.5,8.336666000266533,0.0065514074658283164,1268.2291822120274,0.7342807554444695,0.001197973219705615,0.5523711473963633,0.0020092336052781805,0.7783438957366535
969,1271.1,5.527205442174191,0.004348363969926986,1267.9944008840553,0.734144791577219,0.0012319750237729102,0.5522938081351226,0.0020282472357127075,0.7782348782922887
970,1271.5,7.729812416870153,0.006079286210672555,1267.7522212316267,0.7340045515556819,0.00125914430393435,0.5522026787352626,0.0020431181149675624,0.7781064360706998
971,1265.1,3.4351128074635335,0.00271528954822823,1267.4849337094797,0.7338498070108137,0.001294975035832258,0.5521068081459978,0.0020529890930659858,0.7779713447998071
972,1274.9,5.054700782440045,0.003964782165220836,1267.2138971753939,0.7336928761358442,0.0013341179781336846,0.552015769249659,0.0020683177029690533,0.7778430460309459
973,1265.7,6.942621983083913,0.005485203431369134,1266.8998340667067,0.7335110191286052,0.001368477773249698,0.5519053217144625,0.0020857263156501813,0.7776873832199763
974,1263.1,9.82598595561789,0.007779262097710308,1266.6032011008842,0.7333392389503586,0.0014042085837338303,0.5518017637028663,0.002107505216821989,0.7775414192095894
975,1259.9,11.918473056562238,0.009459856382698814,1266.324916140071,0.733178104605841,0.001435051320565664,0.5517216270655003,0.0021221101401110265,0.777428482667379
976,1267.1,8.188406438373708,0.0064623206048249615,1265.9954869453966,0.7329873889105379,0.0014428185941861057,0.5516346072814824,0.00212063165974802,0.7773058832900103
977,1264.7,11.766477807738388,0.009303769912025292,1265.6676064034293,0.7327975734647102,0.0014499504333200211,0.5515474820761475,0.0021180445439080322,0.7771831396106932
978,1261.1,11.081516141756055,0.008787182730755733,1265.3351281843538,0.7326051008260062,0.0014493036813689,0.5514476946551824,0.002111229442873385,0.7770425589356588
979,1270.7,4.790615826801394,0.0037700604602198744,1265.0138304186141,0.7324191008530447,0.0014442114782206093,0.5513612130884906,0.002102861808574399,0.7769207284361451
980,1267.9,9.330058949438637,0.007358670990960357,1264.7033357473915,0.732239355418441,0.0014355954794071815,0.5512786279490012,0.002093162352137537,0.7768043886172483
981,1267.7,5.890670590009257,0.00464673865268538,1264.4009589097282,0.7320643326486288,0.0014185898526908984,0.5511987617328219,0.0020745891511837968,0.7766919059529576
982,1270.3,4.41021541423999,0.0034717904544123357,1264.1160789717092,0.7318994369786882,0.0014134550645736287,0.5511256962405385,0.0020613634470398965,0.7765889997723059
983,1264.9,4.774934554525329,0.003774950236797635,1263.8496137954787,0.7317451967964825,0.0014198931155142392,0.5510598255158329,0.0020541932009175467,0.7764962265516038
984,1264.7,3.993745109543172,0.003157859658055801,1263.6062107335565,0.7316043618489987,0.0014100601337010748,0.550993302675025,0.0020272406371097313,0.7764025954281444
985,1256.3,10.674736530706507,0.008496964523367434,1263.3633710082179,0.7314638500932775,0.0014098777489377908,0.5509255377400916,0.002004558963187333,0.7763072067512583
986,1259.3,10.871982339941507,0.008633353720274364,1263.1288743116324,0.7313281683231441,0.0014084349561017556,0.5508599070313209,0.0019812257530536746,0.776214824560363
987,1259.7,5.449770637375485,0.004326244849865432,1262.8825524271738,0.7311856476530434,0.001399774132379997,0.5507875986903913,0.001952631820436521,0.7761130450965343
988,1249.5,7.053367989832942,0.00564495237281548,1262.6386119993206,0.7310444689179151,0.0014072614225055468,0.5507078674020974,0.0019400786790572868,0.7760007592039303
989,1256.9,4.6690470119715,0.0037147322873510224,1262.3793312818332,0.7308943795980066,0.0014233567574144159,0.5506157448512947,0.0019387037781835605,0.7758709791345002
990,1259.1,8.72066511224918,0.006926110008934302,1262.1189116902,0.7307436266419567,0.0014377139529316793,0.5505177157189237,0.0019377838279844885,0.7757328695238838
991,1259.1,10.538026380684384,0.00836949120854927,1261.824906117839,0.7305734403695079,0.0014312969594026752,0.5504045277127093,0.0019247844575097169,0.7755734152256638
992,1253.3,5.449770637375485,0.004348336900483113,1261.503934118212,0.7303876374955284,0.001424408110963896,0.550279036027799,0.0019124423558716617,0.7753966229621747
993,1255.5,7.19374728496908,0.005729786766203966,1261.196184841338,0.7302094783475805,0.0014126835172578731,0.5501587399872593,0.0019012522465243892,0.7752271394381962
994,1266.3,3.930648801406709,0.0031040423291532095,1260.8746751271808,0.7300233611003096,0.0013992686656201163,0.5500318381163797,0.0018868668151791248,0.7750483557842835
995,1252.9,8.532291603080617,0.006810034003576196,1260.5531627985283,0.7298372388683199,0.0013937023396455345,0.5499043007072258,0.0018766887264214105,0.7748686698804071
996,1250.5,6.324555320336759,0.0050576212077862925,1260.2414304252375,0.7296567635386021,0.0013819244524295683,0.5497803644462369,0.0018681428333797297,0.7746940429199042
997,1255.9,7.940403012442126,0.0063224803029239,1259.9299194125474,0.7294764140574268,0.0013709633267837218,0.5496558286457882,0.001860582083383818,0.7745185686304846
998,1260.9,5.792236183029832,0.004593731606812461,1259.622787156561,0.7292986064795901,0.0013583891602910836,0.5495324761346827,0.001850501138071728,0.7743447695733037
999,1251.5,4.330127018922194,0.0034599496755271224,1259.3162440335113,0.729121137117164,0.0013466967149535704,0.5494086228143933,0.0018415856391030044,0.7741702616590397
1000,1253.5,6.34428877022476,0.005061259489608903,1259.0106072688272,0.7289441896660441,0.00133582894650721,0.5492819158046738,0.0018338031651006865,0.7739917294848828
1001,1255.9,10.15135458941318,0.008082932231398342,1258.7061940879362,0.7287679478221261,0.0013257331663204515,0.5491572243566079,0.001827146061664839,0.7738160343346274
1002,1257.5,9.874208829065749,0.007852253542000595,1258.413457242987,0.728598457091328,0.0013090365707613143,0.549034315539036,0.0018204207811996548,0.7736428424808106
1003,1254.5,7.7781745930520225,0.006200218886450397,1258.1622080807151,0.7284529915840998,0.0012812717045007698,0.5489261646799528,0.0018080176896804487,0.7734904551351114
1004,1254.5,9.38083151964686,0.007477745332520414,1257.9120021020615,0.7283081390282211,0.0012584139274248467,0.5488175512446017,0.0017951431083059715,0.7733374245091966
1005,1253.1,6.599242380758567,0.005266333397780359,1257.6714932864193,0.728168856612038,0.001255383810140117,0.5487146739200002,0.0018029050456701836,0.7731924200288743
1006,1254.3,9.615092303249096,0.007665703821453477,1257.4458954602849,0.7280381945078823,0.001246372882070918,0.5486174732786618,0.001811957724160048,0.7730554019886966
1007,1255.1,7.813449942247022,0.006225360483026869,1257.2446748395862,0.7279216290771604,0.0012481223643510456,0.5485300464945044,0.0018300417400720804,0.7729321390915541
1008,1254.5,10.44030650891055,0.008322284981196134,1257.0415430228345,0.7278039665174001,0.0012539201058837546,0.5484507182625307,0.0018468986736173345,0.7728202971133589
1009,1245.5,6.5,0.005218787635487756,1256.800470870608,0.7276643438335183,0.00127176984175675,0.5483545437599628,0.0018663979474686945,0.772684722783722
1010,1249.5,3.905124837953327,0.0031253500103668084,1256.5550305939596,0.727522198821408,0.0012963211844290994,0.5482561454147298,0.0018865529714488603,0.7725460216482635
1011,1250.5,3.605551275463989,0.002883287705289076,1256.307648618813,0.7273789299799172,0.0013207076272064569,0.5481565569845662,0.0019065011220913376,0.7724056440991552
1012,1253.1,4.979959839195493,0.003974112073414327,1256.0586979464954,0.7272347532611738,0.0013448980663220659,0.5480655800069534,0.0019262695154191657,0.7722774014408638
1013,1253.7,9.78263768111648,0.007803013225744978,1255.7893332949945,0.7270787612857823,0.0013738029527769777,0.547965622816371,0.001946816159510706,0.7721365094153947
1014,1249.7,8.899438184514796,0.0071212596499278195,1255.5396627649752,0.7269341792191002,0.0013909393544048996,0.5478741697081314,0.001960711713672871,0.7720076106207664
1015,1251.9,7.553145040312677,0.006033345347322212,1255.2897883043238,0.7267894805132075,0.001408085650688317,0.5477825217736069,0.0019742229135591583,0.7718784373891532
1016,1254.1,4.277849927241488,0.003411091561471564,1255.013177317692,0.7266293162898169,0.0014339980489631197,0.5476717222073855,0.001987537389741377,0.7717222942200479
1017,1261.5,5.408326913195984,0.004287219114701533,1254.7366097316815,0.7264691780019141,0.001457260902595943,0.5475603263674136,0.0019996469263119424,0.7715653127881393
1018,1266.3,5.783597496368502,0.004567320142437418,1254.4892598276772,0.7263259424283672,0.0014685599620538883,0.5474610433948451,0.0020103844256363205,0.7714253859831559
1019,1259.9,8.777812939451376,0.006967071148068399,1254.242750919656,0.7261831949084522,0.0014788915857372317,0.5473614674989135,0.0020204079080764223,0.7712850479606639
1020,1262.3,4.631414470763764,0.0036690283377673804,1254.006800215093,0.7260465493432766,0.001486202284687769,0.5472635218693115,0.00203192883608138,0.7711469947366562
1021,1262.9,6.288879073412049,0.004979712624445363,1253.7712573717945,0.7259101406090213,0.0014930803543864147,0.5471652051179664,0.0020430437910066166,0.7710084195886886
1022,1261.7,4.324349662087931,0.0034273992724799325,1253.5282886646885,0.7257694311275387,0.0014966583997630598,0.5470630737789632,0.0020530567844623446,0.77086446745822
1023,1259.1,8.429116205154607,0.006694556592132958,1253.2470709373647,0.7256065645407965,0.0015181294791692462,0.5469436512471145,0.0020732703923720926,0.7706961343439487
1024,1252.1,4.6690470119715,0.0037289729350463226,1252.9400809099213,0.7254287744051756,0.0015386683826139305,0.5468221586060771,0.002093489243928057,0.7705248849292643
1025,1253.1,4.61519230368573,0.003683019953463994,1252.626461045335,0.7252471609257649,0.001560968657445359,0.5466977564863,0.0021106617434778607,0.7703495515305234
1026,1250.5,4.58257569495584,0.003664594718077441,1252.2997085709328,0.725057949396856,0.0015664567241059472,0.5465749376878822,0.0021194370460460854,0.7701764568003369
1027,1247.1,10.911003620199198,0.008749100810038648,1251.9717928204288,0.7248680568382244,0.0015663025771625247,0.5464520356498364,0.0021276343046915534,0.7700032391303024
1028,1254.5,9.354143466934854,0.0074564714762334425,1251.6672686106383,0.7246916886669288,0.001572393472702452,0.5463397576017192,0.0021429510199574976,0.7698449735017099
1029,1254.1,6.618156843109719,0.0052772162053342795,1251.36261559338,0.7245152485134652,0.0015835582612284316,0.5462278273138097,0.002159661015249221,0.7696871990588579
1030,1260.1,9.289779329994873,0.007372255638437326,1251.0598253168623,0.7243398850214742,0.001596538612813615,0.5461171035425352,0.0021774633863990947,0.7695311224104218
1031,1252.3,4.738143096192854,0.0037835527399128436,1250.783217293325,0.724179709952273,0.0016085468755610178,0.5460181922641174,0.0021879352479775376,0.7693917241666413
1032,1249.9,5.748912940721924,0.004599498312442534,1250.5158558681112,0.7240248805139441,0.0016194387169263928,0.5459163501653961,0.0021997714563393713,0.769248188920215
1033,1252.1,12.441864811996632,0.00993679802890874,1250.3085249976325,0.7239048335751415,0.0016317696821605064,0.545847943735403,0.0022062566538138587,0.7691517900883384
1034,1251.3,8.408329203831164,0.006719674901167717,1250.1279226353486,0.7238002432763564,0.0016557946715796896,0.5457823964331492,0.002222015827359875,0.7690594019482424
1035,1252.1,5.920304046246273,0.004728299693511919,1249.9656215657587,0.7237062700592467,0.0016683070143290676,0.5457160137581976,0.0022280820175976765,0.7689658608688098
1036,1247.9,5.481788029466299,0.004392810344952559,1249.8112884319985,0.7236169061185905,0.001686460065851426,0.5456534170089913,0.002237511181427297,0.7688776472006763
1037,1250.5,4.358898943540674,0.0034857248648865846,1249.651411173837,0.7235243067808523,0.0017154342514590709,0.5455886799250431,0.0022574225639497066,0.7687863886526726
1038,1253.5,5.894913061275798,0.004702762713423053,1249.5242823864137,0.7234506837921006,0.0017218629513139248,0.5455384937931931,0.002264107830839269,0.7687156551790647
1039,1243.1,10.39471019317037,0.0083619259859789,1249.404092120877,0.7233811191974782,0.0017182419355545495,0.5454842276975691,0.002257129907480861,0.7686392183427775
1040,1250.5,6.442049363362563,0.005151578859146392,1249.2478707986224,0.7232906340215399,0.0017272627139881033,0.5454139550037025,0.002268958798965312,0.768540160635445
1041,1248.1,10.96813566655701,0.008787866089701956,1249.0900673581207,0.7231992558200447,0.0017365229550461673,0.5453518345328128,0.0022757500791139654,0.7684526176579037
1042,1250.3,11.830046491878212,0.009461766369573873,1248.9155023883488,0.7230981776348288,0.0017405455402084446,0.5452716566406236,0.002279176636046256,0.7683396375854931
1043,1244.7,10.244510725261602,0.008230505925332691,1248.7235640974093,0.7229870248563162,0.0017596071901474298,0.5451822747658734,0.0022926382317357374,0.7682136652882601
1044,1255.3,7.710382610480495,0.006142262893715045,1248.527602446826,0.7228735451470701,0.0017755655941584282,0.5451065892171733,0.002304253357001398,0.7681069977826587
1045,1248.9,11.949895397031725,0.009568336453704638,1248.3237973103887,0.72275555671617,0.0017813381447915934,0.5450195714381209,0.002304180807306172,0.7679844020145956
1046,1251.1,7.214568594171103,0.005766580284686359,1248.1291967660507,0.7226428962703555,0.00179193882957541,0.5449355018703923,0.0023065387022089797,0.7678659561525534
1047,1249.5,3.774917217635375,0.0030211422310007,1247.9057287077753,0.7225135342669036,0.001788751063960784,0.5448450608383021,0.0023001162766821646,0.7677385473927518
1048,1249.1,10.466613587975818,0.008379323983648882,1247.6791621239884,0.7223823560360163,0.0017950608784193564,0.5447550629751738,0.0023028213397897858,0.7676117342495695
1049,1251.1,6.637017402418047,0.005304945569832985,1247.4538592129222,0.7222519130877721,0.0017998331433500283,0.5446651102851068,0.0023040439422815557,0.7674849887408902
1050,1257.3,7.758865896508329,0.006171053763229403,1247.2117260985092,0.7221117045321485,0.001824576692690804,0.5445672861530404,0.0023188400366959635,0.7673471214403053
1051,1256.9,9.864076236526156,0.007847940358442322,1246.9954142624274,0.7219864335579891,0.0018458331555759094,0.5444710593215306,0.0023348209030030088,0.7672114853423468
1052,1257.9,5.594640292279745,0.004447603380459293,1246.8199026710627,0.721884765296253,0.001875084457922203,0.5443949957984454,0.0023587661215094045,0.7671042420321161
1053,1251.9,8.003124389886741,0.006392782482535938,1246.6134093105734,0.7217651723153146,0.001891645175958775,0.5443052896800152,0.002374071940246926,0.7669777922270755
1054,1249.1,4.695742752749559,0.003759300898846817,1246.4200663384674,0.7216531912155801,0.0019167845684039636,0.5442211875205449,0.002393669537861991,0.7668592319769143
1055,1251.1,6.841052550594828,0.005468030173922811,1246.2225990871998,0.7215388634364043,0.0019308684215441835,0.5441419730538668,0.0023994745684727337,0.7667476040432233
1056,1249.1,4.068169121361598,0.0032568802508699053,1246.0428239512241,0.7214347906511691,0.0019388541322359644,0.5440629874561493,0.0024000309525620965,0.7666363105845178
1057,1245.3,5.357238094391549,0.004301965867173813,1245.8497103575044,0.7213230143740705,0.0019506651067214918,0.5439779782477052,0.002398259061621274,0.7665165475662417
1058,1243.1,10.911003620199198,0.008777253334566163,1245.663763966859,0.7212153734071467,0.0019579497050920894,0.5438958761940714,0.0023974918595665337,0.7664008691320106
1059,1237.5,6.020797289396148,0.0048652907389059785,1245.4728280734118,0.7211048786428902,0.001946791793834931,0.5438113506307207,0.0023806808961262505,0.7662818207897935
1060,1237.5,9.096702699330127,0.007350870868145557,1245.274748158749,0.7209902497283298,0.0019528269668659516,0.543730282080493,0.0023713799570293354,0.7661676406264355
1061,1235.9,7.7168646482881895,0.006243923172010834,1245.0713414713925,0.7208725405205032,0.001960456940488585,0.543646133016011,0.0023619750300322056,0.7660491237909367
1062,1236.9,6.2289646009589745,0.00503594842021099,1244.8408351918108,0.7207391284712736,0.001973937761289125,0.5435493802400275,0.002358050409970161,0.7659128317497287
1063,1239.7,7.9498427657407165,0.006412714984061238,1244.5907893945684,0.7205943860140135,0.0019993134979103245,0.5434433084111032,0.0023636198574316617,0.7657633881844899
1064,1240.7,12.901550294441362,0.010398605863175113,1244.2856282937264,0.7204177156925329,0.0020185408260004504,0.5433202989331025,0.0023699924217880065,0.7655900572013769
1065,1241.1,9.030503861911583,0.007276209702611863,1243.9737392250186,0.7202371480618064,0.002038797912502165,0.5432043683610759,0.0023773928991111986,0.7654266988125733
1066,1243.9,6.931810730249349,0.005572643082441794,1243.6613608970927,0.7200563089928218,0.002056420317074795,0.5430884934790458,0.0023810513591539383,0.7652634325371783
1067,1237.3,5.357238094391549,0.004329781050991311,1243.3387046396033,0.7198695188261997,0.002072677005897504,0.5429592835711701,0.0023841343759632857,0.7650813750934954
1068,1246.7,5.044799302251776,0.004046522260569323,1243.0112213266193,0.7196799232991624,0.0021039275186713964,0.5428288494902639,0.002397013290597414,0.7648975814075845
1069,1244.1,9.316651759081694,0.007488667919847034,1242.6847583639956,0.7194909150049955,0.0021299242528503284,0.5426827008249273,0.0024080767657542568,0.764691640215878
1070,1244.1,10.549881515922348,0.00847993048462531,1242.3719883846761,0.7193098095510063,0.0021550676548708564,0.5425422963451636,0.0024241205282793986,0.7644937680808565
1071,1246.3,8.857200460642177,0.007106796486112636,1242.0286319479194,0.7191110150051541,0.002163113113546437,0.5423882747114797,0.0024273316686244067,0.7642767351835287
1072,1248.1,13.049904214207858,0.01045581621200854,1241.681285268459,0.7189099038716755,0.0021623531536594533,0.542232226044575,0.0024273908019992584,0.7640568404382453
1073,1246.7,9.216832427683602,0.007392983418371382,1241.339251592017,0.7187118503157109,0.0021575693811902103,0.5420781885026958,0.0024293091191131184,0.7638397614744263
1074,1235.1,9.489467845985885,0.007683157514359879,1241.0264835299943,0.7185307569624004,0.002160168420939798,0.5419115838521883,0.002431537808621824,0.7636049934897933
1075,1238.7,13.226866597951307,0.010678022602689357,1240.7037575526303,0.7183438972696683,0.002161184303301184,0.5417419782715337,0.002433145228826954,0.7633659959243889
1076,1239.7,8.136338242723197,0.0065631509580730794,1240.3733911485463,0.718152612123216,0.0021615227340145075,0.5415703354515919,0.0024347777962361204,0.7631241259189585
1077,1242.5,9.746794344808963,0.007844502490791922,1240.0533396255591,0.7179672947469531,0.0021718963329079386,0.5414044463503991,0.002442397814560108,0.7628903554293547
1078,1241.1,11.556383517346593,0.009311404010431547,1239.7488586420907,0.7177909843720058,0.0021760372260278176,0.5412659654855366,0.0024486221167676057,0.7626951979164064
1079,1241.7,13.330416347586446,0.010735617578792338,1239.4126774261936,0.717596325349654,0.002179816249124488,0.541113774936486,0.0024535587296228884,0.7624807316330702
1080,1237.7,13.700364958642524,0.011069213023060938,1239.0576594689685,0.7173907679091087,0.0021856286469904744,0.5409654269772713,0.0024579507220289266,0.7622716865806807
1081,1235.3,8.408329203831164,0.006806710275909628,1238.7030291542442,0.7171854097592122,0.002185821556985317,0.5408359324391381,0.002464742577825343,0.762089179389129
1082,1233.1,2.8372521918222215,0.002300910057434289,1238.32700146151,0.7169676845783559,0.0021970182418454146,0.5406987896201813,0.002472634700554077,0.7618959198814098
1083,1233.9,10.761040841851685,0.008721161230125361,1237.9438196381784,0.7167458190039505,0.002197950865250325,0.5405602052413684,0.002474979660805829,0.7617006303816564
1084,1234.7,9.270922284217466,0.007508643625348235,1237.5571966161529,0.7165219603649373,0.0021929239823703997,0.540423590728585,0.0024744582673574406,0.761508116513047
1085,1232.9,5.200961449578337,0.004218477937852491,1237.1453386599387,0.7162835034508179,0.0021826254757554503,0.5402765296830454,0.002468756574131158,0.7613008951956297
1086,1236.7,5.783597496368502,0.004676637419235467,1236.6904115999998,0.7160201171203994,0.0021742804734880303,0.5401184883794843,0.0024626581122059307,0.7610782075560477
1087,1235.7,10.894952959971878,0.00881682686733987,1236.2186724638814,0.7157469990523035,0.00217010495921669,0.5399541252919029,0.0024582089167555165,0.7608466149611858
1088,1240.5,7.968688725254614,0.006423771644703437,1235.7565011604072,0.7154794174565821,0.0021550146488199867,0.5397804341466177,0.002448856068621763,0.7606018747714242
1089,1238.5,6.96419413859206,0.0056230877178781264,1235.3000165584772,0.7152151409724714,0.002132418263243289,0.5396093065336394,0.002433155705615156,0.7603607614631762
1090,1238.9,7.05691150575094,0.005696110667326612,1234.8703838689196,0.7149664210545744,0.00209839656616543,0.5394409166481964,0.0024097346976613898,0.7601235187328546
1091,1229.9,5.176871642217914,0.0042091809433432905,1234.4609694199987,0.7147294029310352,0.002071363865022249,0.5392796089881438,0.0023907131969128975,0.7598962488415405
1092,1236.5,5.5677643628300215,0.0045028421858714284,1234.0725845767508,0.7145045622231535,0.002050816547246118,0.5391183062296111,0.002374528955720739,0.759668990180451
1093,1232.9,10.310189135025604,0.008362551005779546,1233.7214883624529,0.7143012991230985,0.002063103689282599,0.538973136819384,0.002377054385150387,0.7594644422387611
1094,1239.9,10.632497354808041,0.00857528619631264,1233.3768757478615,0.7141017895604399,0.002062935827418006,0.5388426956056929,0.002373566155971987,0.7592806524677732
1095,1239.7,2.4899799195977463,0.002008534257963819,1233.040749610665,0.713907192799222,0.002069686217111225,0.538725566360046,0.0023737081967966033,0.7591156172417196
1096,1237.5,9.974968671630002,0.008060580744751517,1232.7059054476565,0.7137133401615883,0.0020758036788594897,0.5386089176701911,0.002373148058737871,0.7589512614641702
1097,1232.1,6.767569726275452,0.005492711408388485,1232.3593732706272,0.7135127279527371,0.0020727753765136326,0.538491899641887,0.0023664281321366548,0.7587863945039541
1098,1239.1,5.572252686302013,0.00449701612969253,1231.975112880841,0.7132902668649489,0.002079247601996788,0.5383585982386607,0.0023654717881333356,0.7585985779120664
1099,1235.7,10.73312629199899,0.00868586735615359,1231.541895718248,0.7130394743373397,0.002072636547101619,0.5382040928430948,0.0023549899140142593,0.7583809032880919
1100,1230.9,10.224969437607138,0.008306905059393238,1231.082644283108,0.7127735849433604,0.0020569456274112134,0.5380383870771454,0.002344949067568585,0.7581474183584949
1101,1232.7,7.742738533619742,0.006281121549135834,1230.614621041988,0.7125026149240716,0.002042875645876242,0.5378714269859646,0.0023361525393495015,0.757912163656537
1102,1237.3,11.713240371477058,0.009466774728422419,1230.1575262168585,0.7122379620188266,0.0020252888182225263,0.5377095543115638,0.002327860440012074,0.7576840679112697
1103,1235.3,8.87130204648675,0.007181496030508177,1229.6899190290883,0.7119672353130515,0.0020057349199627456,0.5375409765112813,0.002315862318829703,0.7574465382969289
1104,1229.5,14.0089257261219,0.011394002217260593,1229.2243335433718,0.7116976800258021,0.0019839479762774927,0.5373734207751524,0.002302605315188002,0.7572104499342913
1105,1233.5,9.5,0.007701661937576003,1228.7726441000937,0.7114361591707129,0.0019597997758560083,0.5372120683146896,0.0022907027554299303,0.7569830919431942
1106,1233.1,4.421538193886829,0.003585709345460084,1228.3228822370388,0.7111757503243541,0.00193571621863875,0.537051677120006,0.0022798032948112405,0.7567570838991099
1107,1226.1,7.987490219086343,0.006514550378506112,1227.8907729232483,0.7109256066713232,0.0019087638914407569,0.5368991128228859,0.0022576803858127153,0.7565421527095408
1108,1226.3,4.944694126030447,0.004032205925165495,1227.4771529715117,0.710686144713996,0.0018869787793385404,0.5367499129748596,0.002243263208811076,0.756331939774849
1109,1228.1,7.3006848993775915,0.005944699046802045,1227.072606015612,0.7104519383641389,0.0018776264655654114,0.5366044597065988,0.0022342568817980985,0.7561270047376667
1110,1218.7,8.5848704125339,0.007044285232242472,1226.6790425544036,0.7102240796825161,0.0018656220202383535,0.5364635750484162,0.0022266014635546967,0.7559284961683281
1111,1225.1,9.542012366372202,0.007788762032790958,1226.2827439825282,0.7099946469511905,0.001859063909675138,0.5363212457553801,0.002219382754453022,0.7557279591542703
1112,1217.1,7.845380806563822,0.006445962374960006,1225.893181744904,0.7097691053358626,0.0018465282172600416,0.536181600079326,0.0022113811265560683,0.7555311958384259
1113,1221.5,11.800423721205947,0.009660600672293039,1225.4982976149774,0.7095404918866345,0.0018338491961979648,0.5360393500392264,0.002201151468467204,0.755330772349043
1114,1219.1,9.316651759081692,0.007642237518728318,1225.1216738173184,0.7093224486938324,0.0018109605814441887,0.5359047966669637,0.002186572513397726,0.7551411921193045
1115,1222.1,4.827007354458868,0.003949764630111176,1224.7466293491111,0.7091053056914277,0.0017865884843473912,0.5357754427563008,0.0021746357820692326,0.7549589221075136
1116,1228.9,5.3665631459994945,0.004366964884042228,1224.3925254194376,0.708900267920685,0.0017537985091444983,0.5356552424809329,0.002163312280006074,0.7547895318004595
1117,1225.3,7.758865896508329,0.006332217331680674,1224.04349151902,0.7086981661783514,0.0017184372701855336,0.5355372438201382,0.0021508993536521553,0.7546232443140264
1118,1233.5,17.421251390184345,0.014123430393339558,1223.6999581680825,0.7084992332841127,0.001684198736774942,0.5354216253655031,0.0021429989516286597,0.7544602955498035
1119,1227.9,8.663140308225419,0.007055249049780453,1223.3499089719962,0.7082965655431099,0.0016495151672076495,0.5353031193476423,0.002126267401832763,0.7542933182016633
1120,1222.3,3.73496987939662,0.003055689993779449,1222.995301490531,0.7080912955019445,0.001615560697860854,0.5351825716427265,0.0021012306444697882,0.7541235034134841
1121,1227.9,8.00312438988674,0.006517733031913624,1222.6237679408916,0.7078762090592332,0.0015964017840631927,0.5350569632910327,0.002086654079545619,0.7539465388937243
1122,1222.1,9.555103348473004,0.007818593689937816,1222.282290454746,0.7076784890445411,0.001567911723752203,0.534946845724703,0.0020766929589324835,0.7537913679713842
1123,1224.7,8.899438184514796,0.0072666270797050675,1221.9218115140698,0.7074697960643095,0.0015535871553923315,0.5348259355986771,0.002065985975620361,0.7536210179377951
1124,1220.7,9.135097153287424,0.007483490745709366,1221.6019022196265,0.7072845771845551,0.0015403407521055602,0.5347225487945142,0.0020594394393343095,0.7534753464675814
1125,1221.1,5.481788029466298,0.004489221218136351,1221.2762286602785,0.7070960324638975,0.0015308592740291053,0.5346231446629639,0.0020516968545247305,0.7533352907726372
1126,1225.3,10.825894882179487,0.008835301462645464,1220.9168751726727,0.7068880079598627,0.0015161247910171634,0.534491472038536,0.002036631828928607,0.7531497916887876
1127,1222.9,4.393176527297759,0.0035924249957459795,1220.5797663338485,0.7066928516602251,0.0014947137734426291,0.5343677415014827,0.002021446926378304,0.7529754731526096
1128,1224.5,11.661903789690601,0.009523808729841243,1220.2494177083322,0.7065016105744808,0.0014719725011521018,0.5342451597075484,0.002005426378270437,0.7528027756507596
1129,1225.9,10.370631610466164,0.008459606501726212,1219.927904508181,0.7063154789498484,0.001442453509366393,0.5341178789094885,0.0019881287909178794,0.7526234510928551
1130,1218.1,4.03732584763727,0.0033144453227463015,1219.61114341466,0.7061320961487474,0.0014140595672370506,0.5339912959547986,0.001972044603316388,0.752445106848449
1131,1212.9,2.5099800796022267,0.0020694039736187868,1219.2772265259787,0.7059388052429287,0.0013949678836715136,0.533853551076007,0.001953448827837075,0.7522510591838873
1132,1219.5,4.5,0.0036900369003690036,1218.959220584103,0.7057547021346042,0.0013747869300865987,0.5337012903707551,0.0019405841015567656,0.7520365309431828
1133,1222.5,12.737739202856996,0.010419418570844169,1218.6205683215624,0.7055586639885875,0.0013450334086885865,0.5335355806563497,0.001918971602049882,0.7518030741921029
1134,1218.3,13.16054710108968,0.01080238619477114,1218.2703394224998,0.7053559305060739,0.001304954147595345,0.53336514619151,0.0018913575571789297,0.7515629670226417
1135,1215.3,6.099180272790763,0.005018662283214649,1217.8971869773804,0.7051398763504959,0.001280618110107362,0.5331849727426732,0.0018828598120493726,0.7513090801372497
1136,1219.9,3.681032463861192,0.0030174870594812625,1217.5357858170676,0.7049306234047178,0.001257469194337976,0.5330101940432641,0.0018756513670844766,0.7510627918842531
1137,1221.5,12.913171570144957,0.010571569029999965,1217.1694043918362,0.7047184851905968,0.001239754815381352,0.5328334381230837,0.001871119479945116,0.7508137149792565
1138,1222.1,9.044335243676011,0.007400650718988636,1216.8018401689385,0.7045056623080774,0.0012248770423110582,0.5326563205807826,0.0018676969948140387,0.7505641284695332
1139,1221.7,7.293833011524188,0.005970232472394359,1216.4412589143465,0.704296874455634,0.0012096549086711515,0.5324895485648258,0.0018663879827509192,0.7503291117272883
1140,1212.7,9.378166132032424,0.007733294410845571,1216.099148894642,0.7040988168497669,0.001184034668004098,0.532340648856968,0.0018517831163827026,0.7501193198830703
1141,1215.9,7.249137879775773,0.005961952364319247,1215.7615039099846,0.7039033391886178,0.0011700595653531165,0.532198972273261,0.0018429308793142336,0.7499196974985084
1142,1214.5,9.16515138991168,0.007546440008161119,1215.4592333951296,0.7037283256820112,0.0011732944358592567,0.532084731937059,0.00184502632848674,0.749758715358553
1143,1216.1,8.142481194328912,0.006695568780798382,1215.150458016006,0.7035495542394798,0.0011627149071551533,0.5319676148322123,0.0018398723416759404,0.7495936915841621
1144,1215.7,7.19027120489902,0.005914511149871695,1214.8482852832744,0.7033745999907851,0.0011536673878088195,0.5318622906134579,0.0018368584320091516,0.7494452788156261
1145,1213.5,10.344080432788601,0.008524170113546437,1214.5535039030128,0.7032038997190242,0.0011560118925814703,0.5317595293571825,0.0018448628878915754,0.7493004486809081
1146,1220.7,9.615092303249096,0.007876703779183333,1214.2471596559049,0.7030264902372694,0.0011600765737276785,0.531651022690003,0.0018573406344081984,0.7491475079611611
1147,1215.1,12.085114811204733,0.009945777969882918,1213.9454019307245,0.7028517384708569,0.0011663336964956078,0.5315438312985715,0.001869930010421541,0.7489964225841294
1148,1218.7,10.047387720198719,0.008244348666775021,1213.6638519882,0.7026887032491869,0.0011678022262167674,0.5314447859511472,0.0018763419949995217,0.7488568349173976
1149,1204.5,6.224949798994366,0.005168077873801882,1213.3844194382564,0.702526882938548,0.0011748175839344061,0.5313459561552807,0.0018876214564346604,0.7487175380920943
1150,1207.1,12.551892287619426,0.010398386453168276,1213.1113348828644,0.7023687359144757,0.0011837464554366349,0.5312491848715013,0.0019000805109498447,0.748581139365332
1151,1212.5,9.746794344808963,0.008038593274069248,1212.84690709566,0.702215598500288,0.0011950685791824662,0.5311554737251474,0.0019139916301483693,0.7484490496634779
1152,1204.1,8.309632964216892,0.006901115326149732,1212.5971586536812,0.7020709477480016,0.0012051689931508217,0.5310674509855888,0.0019306325855149497,0.748324962797731
1153,1211.9,7.419568720619818,0.00612226150723642,1212.3772018625737,0.7019435773386817,0.0012085981431692345,0.5309917263919643,0.0019367088741655105,0.7482182388738441
1154,1207.9,6.248999919987197,0.005173441443817531,1212.1493072894814,0.7018116234651642,0.0012190839261313697,0.5309141538467536,0.0019421035511328025,0.748108922302113
1155,1202.7,8.743569065318807,0.007269950166557584,1211.9199892108563,0.7016788532758229,0.0012256175733035882,0.5308353433863074,0.0019440759077417836,0.7479978700767715
1156,1204.5,3.391164991562634,0.0028154130274492604,1211.6629557392162,0.7015300594847773,0.001220056529575279,0.5307437704108305,0.0019356997401345035,0.7478688679100429
1157,1206.7,9.052623929005335,0.007501967290134528,1211.3997234735557,0.7013776764769298,0.001219374809944053,0.530648850881293,0.0019291179976850313,0.7477351463792008
1158,1208.9,8.35463942968217,0.0069109433614708985,1211.1116547227878,0.7012109282735683,0.001215573014615231,0.5305424121742262,0.0019175419416520689,0.747585207838398
1159,1211.9,12.944110629935144,0.010680840523091957,1210.8240801116285,0.7010444646471854,0.0012132596532311675,0.5304355420757971,0.001906841699551786,0.7474346596470467
1160,1205.7,9.08019823572151,0.007531059331277688,1210.545560194839,0.7008832404595065,0.0012150479468956618,0.5303319831493531,0.0018983940746337565,0.7472887737214602
1161,1207.1,7.453187237685633,0.006174457159875432,1210.2708149120422,0.7007241938231766,0.0012135596240105807,0.5302294147851683,0.0018907959440952725,0.747144275505659
1162,1208.3,9.82089608946149,0.008127862359895299,1210.0059653195985,0.7005708644314067,0.0012087615201582494,0.5301305111379122,0.0018851894273513856,0.747004928996578
1163,1210.5,5.0990195135927845,0.004212325083513246,1209.7354729491312,0.7004142770438657,0.0012094802405133625,0.5300260726129065,0.0018791745295116686,0.7468577919382516
1164,1211.7,4.969909455915671,0.00410160060734148,1209.4961286296889,0.7002757077291001,0.001214568212610418,0.5299344412196059,0.0018790518479587098,0.7467286847925091
1165,1205.7,9.284395510748128,0.00770041926743645,1209.2576425618984,0.7001376320770014,0.0012259029661347831,0.5298512599239074,0.0018821644251874761,0.7466114748162983
1166,1211.5,3.840572873934304,0.0031700972958599288,1209.0252372872415,0.7000030744968031,0.0012388745299068318,0.5297692788135675,0.0018866143194705344,0.7464959537405111
1167,1200.3,4.790615826801394,0.003991182060152791,1208.8047173338493,0.6998753947322716,0.001239640326544013,0.5296910401871293,0.0018874406659140275,0.7463857099900444
1168,1204.9,6.767569726275452,0.005616706553469543,1208.5898368467863,0.6997509777639975,0.0012426651267806463,0.5296048858265239,0.0018897058637362255,0.7462643095634945
1169,1209.5,13.6106575888162,0.01125312739877321,1208.3522365699982,0.699613419036904,0.0012430029175085665,0.5295168311833219,0.0018876545272498648,0.7461402440041487
1170,1205.9,6.749074010558782,0.005596711178836372,1208.1441701548458,0.6994929512277354,0.0012592993529332351,0.52943132301742,0.0018939176480774653,0.7460197508305091
1171,1207.1,7.419568720619818,0.006146606511987258,1207.9230342263647,0.6993649180688051,0.001265714093749184,0.5293415949908634,0.0018960203094005369,0.7458933175935896
1172,1211.9,10.772650555921695,0.008889058961895943,1207.714317150486,0.6992440713563011,0.0012781254763071935,0.529256579175448,0.0019014549551457525,0.7457735166863211
1173,1205.7,6.016643582596529,0.004990166361944538,1207.5004462072022,0.6991202437865844,0.001286330080875287,0.5291685670347055,0.0019044654199611107,0.7456494968641059
1174,1211.5,4.9749371855331,0.004106427722272472,1207.2920632638209,0.6989995923908713,0.0012954143326269765,0.5290822144350193,0.0019081708107881298,0.745527813660609
1175,1212.5,6.041522986797286,0.004982699370554463,1207.0896764039255,0.6988824147786732,0.001303063934186872,0.5289977363694061,0.0019107821698085292,0.7454087753192151
1176,1207.9,7.9088557958784405,0.006547608076726915,1206.8972443219766,0.6987709918771324,0.0013173537290467803,0.5289190874037966,0.0019183516879148562,0.7452979415427119
1177,1213.7,6.180614856144977,0.0050923744386133125,1206.712439071373,0.6986639895741845,0.0013428352400234262,0.5288517696376414,0.0019291943254913918,0.7452030754705079
1178,1214.5,6.164414002968976,0.005075680529410437,1206.523853434887,0.6985548029777775,0.0013642329502275535,0.5287723582368258,0.001937328646937932,0.745091172725974
1179,1211.5,8.231038816577165,0.006794088994285732,1206.347242012506,0.6984525461357214,0.001392342151545112,0.5286972718986226,0.0019491104500465348,0.7449853617806572
1180,1211.7,4.969909455915671,0.00410160060734148,1206.1623259073021,0.6983454946187637,0.0014247536854745811,0.5286242961558428,0.0019594084605237387,0.7448825400478423
1181,1208.7,3.456877203488721,0.0028599960316776046,1205.998572224132,0.6982507109798087,0.0014479973600737097,0.5285592082295583,0.0019622569742279604,0.7447908531208324
1182,1214.7,6.553624951124378,0.005395262164422801,1205.8254401720756,0.6981505036792073,0.0014653789331297638,0.528488623526588,0.0019611538046817516,0.7446914275502418
1183,1202.9,5.00499750249688,0.004160776043309402,1205.6549740337114,0.6980518498894723,0.0014908516435331095,0.528417821238295,0.001961113361013619,0.744591705038928
1184,1207.1,7.1449282711585,0.005919085635952697,1205.4552271168548,0.6979361850316046,0.0015330935574055218,0.5283394755351438,0.001983298299131562,0.744481287937532
1185,1208.7,10.651291001564083,0.008812187475439796,1205.2431917235606,0.6978133996764813,0.0015560853297443972,0.52826341473111,0.001998549059843683,0.7443740847491283
1186,1205.1,10.88806686239573,0.00903499034303853,1205.0235274073252,0.6976861652580715,0.0015816323223204795,0.528176119784265,0.002022837383072985,0.7442510162207054
1187,1207.9,3.3241540277189325,0.002752010951004994,1204.8184463971888,0.6975673691455098,0.001604611492653528,0.528094467614114,0.002047128016214579,0.7441358977619725
1188,1205.1,5.8779248038742375,0.004877541120134626,1204.6328784111606,0.6974599340069128,0.0016041448845069966,0.5280228517107577,0.0020454964180778436,0.744034994092142
1189,1207.1,7.684399781375251,0.0063660009786888,1204.4303611751006,0.6973426700683826,0.0016169627980756795,0.5279429233964911,0.0020535766308662257,0.7439223570694357
1190,1200.3,4.381780460041329,0.003650571073932624,1204.2335226227988,0.6972286400637824,0.00164375062163235,0.5278646114811452,0.002080909230155273,0.743811933592268
1191,1196.7,9.404786015641186,0.007858933747506631,1204.0510723352481,0.6971229685795985,0.0016683092950966949,0.5277917443220161,0.002100488471921061,0.7437092122451554
1192,1201.5,4.716990566028302,0.0039259180740976295,1203.8722541045468,0.6970194044745274,0.001688086426185277,0.5276990038685223,0.0021167216600771854,0.7435784922101351
1193,1198.5,11.672617529928752,0.009739355469277223,1203.7000329426476,0.696919659035552,0.0017111210480354314,0.5276084546982764,0.0021346387163080683,0.7434508591078341
1194,1195.3,13.553597308463905,0.011339075803952067,1203.507632234642,0.6968082497599636,0.00173797842845187,0.5275194614570352,0.0021497755706197446,0.7433254402765237
1195,1199.3,6.180614856144977,0.005153518599303742,1203.3292821728967,0.6967049977354666,0.0017589966941550298,0.5274351566134889,0.002157187772143202,0.7432066499827381
1196,1197.5,9.082951062292475,0.007584927818198309,1203.1397279530577,0.696595235691005,0.0017883562809039401,0.527344473368682,0.0021738637453835707,0.7430788445917412
1197,1208.9,3.507135583350036,0.0029010965202663874,1202.9216548186523,0.6964689745530342,0.0018100045729022426,0.5272398257232105,0.0021840245456639707,0.7429313761292117
1198,1202.9,11.371015785759864,0.009453001733942857,1202.7062144809993,0.69634424373905,0.001842845594617045,0.527134870787685,0.0021982697073152607,0.7427834767530964
1199,1199.9,8.590692637965812,0.007159507157234612,1202.4848061221091,0.6962160849731485,0.0018593594949584907,0.5270258418962598,0.0021986221112465423,0.7426298729263416
1200,1201.7,5.215361924162119,0.004339986622420004,1202.2854665436182,0.6961006964420718,0.00188459474568268,0.5269294681363826,0.0022049644725727264,0.7424940939442498
1201,1195.3,2.1095023109728985,0.0017648308466267034,1202.0689321268378,0.6959753494804033,0.0019037776389520889,0.5268260227587533,0.002209106435616289,0.7423483454693885
1202,1205.7,6.534523701081817,0.005419692876405255,1201.8391214773012,0.6958423215237847,0.0019111633787037717,0.5267243414939002,0.0022062201079099553,0.7422050955302117
1203,1204.9,6.6932802122726045,0.005555050387810278,1201.5997538017007,0.6957037641446813,0.0019195526667070263,0.5266148252476048,0.0022029526892577166,0.7420508081905932
1204,1202.9,5.00499750249688,0.004160776043309402,1201.3912362989624,0.6955830632451633,0.0019272971710123628,0.5265174165132248,0.0022005740335255095,0.7419135783094073
1205,1208.7,8.028075734570521,0.006641909269935071,1201.1855539549103,0.69546400576481,0.0019345060772418107,0.5264198521482241,0.0021975070297751953,0.7417761328669242
1206,1205.7,7.9498427657407165,0.0065935496107993,1200.9904707747428,0.695351040846804,0.0019417555034663876,0.5263184450294591,0.002204378318070502,0.741633223795724
1207,1204.3,12.99807678081646,0.010793055535013254,1200.7893815760071,0.6952345914201654,0.0019485905004277598,0.5262108185914756,0.002212603253634475,0.7414815439599283
1208,1199.9,13.34353776177817,0.01112054151327458,1200.5831039985287,0.6951151329428831,0.0019414815672417825,0.5261001620786325,0.00221491587941985,0.7413255943670402
1209,1202.5,4.358898943540674,0.003624863986312411,1200.3513120844655,0.694980925679762,0.0019438048296540414,0.5259775757917066,0.002216690211499726,0.7411528581710984
1210,1200.9,5.200961449578337,0.00433088637653288,1200.1218883802312,0.6948480582024252,0.001967126253127457,0.5258552849606347,0.002235983183731349,0.7409804970969202
1211,1199.5,5.634713834792322,0.004697552175733491,1199.8983410155988,0.6947185854681788,0.001989073498812468,0.5257277381678495,0.0022561756055148536,0.7408007217388726
1212,1202.3,3.8013155617496426,0.0031617030373032044,1199.6781564148016,0.6945910596746792,0.002009847265995719,0.5256004789293979,0.0022757107211330103,0.7406213517988649
1213,1198.5,5.873670062235365,0.004900851115757501,1199.4579571728311,0.6944635260518766,0.002030118795843191,0.5254720284548461,0.0022947791778224133,0.7404403042869246
1214,1202.7,8.997221793420456,0.007480852908805567,1199.2365526485341,0.694335295504647,0.0020502141170423626,0.5253440776561412,0.0023135037733658164,0.7402599621577064
1215,1193.7,12.537942414925983,0.010503428344580701,1199.020044725306,0.6942098997710574,0.002068369121308993,0.5252263870660631,0.0023312678716989484,0.7400940776685997
1216,1195.3,13.39589489358587,0.01120714037780128,1198.7968492717391,0.6940806426221275,0.00209177869208643,0.5250955987389394,0.0023493794646217785,0.739909747202122
1217,1193.3,10.917875251164945,0.009149313040446616,1198.571277939157,0.6939500001657988,0.0021166829933231724,0.5249624506925239,0.002370252956508038,0.7397220808418709
1218,1200.1,3.6469165057620936,0.0030388438511474826,1198.3435337866936,0.6938181018783338,0.00214200362215395,0.5248364752461454,0.002390880249691415,0.739544523858458
1219,1192.1,10.382677881933928,0.008709569567933837,1198.115213573769,0.6936858693124891,0.0021624991228990967,0.5247073340350881,0.0024091313830016236,0.7393625016306975
1220,1195.1,6.48459713474939,0.005425987059450582,1197.8743296652033,0.6935463666235596,0.00217293549695777,0.524574354141692,0.0024213468767870444,0.7391750794519665
1221,1199.1,5.920304046246274,0.004937289672459573,1197.6406859912797,0.6934110615540073,0.0021976988287973043,0.5244482727371887,0.0024397659646625087,0.7389973776201049
1222,1197.5,10.21028892833107,0.008526337309671039,1197.4017650457736,0.6932727038109914,0.002217614805039894,0.5243144922403413,0.0024550922866046925,0.7388088303798421
1223,1199.9,6.822756041366275,0.005686103876461601,1197.1591566161178,0.6931322043376914,0.0022333890533934495,0.5241784369788618,0.002469612214343218,0.7386170720214232
1224,1200.1,6.328506932918696,0.00527331633440438,1196.8867535724967,0.6929744915809385,0.0022597455120303717,0.5240286874722009,0.002482186006300496,0.738406055360035
1225,1200.7,7.710382610480495,0.006421572924527771,1196.5924114274428,0.6928040523361473,0.002287556586821337,0.5238990076918888,0.002500484671895484,0.7382232938099461
1226,1192.1,10.772650555921695,0.009036700407618233,1196.307424992316,0.6926390620270485,0.0023033224520517424,0.5237741639340024,0.0025062213605831453,0.7380473848621364
1227,1192.3,9.10768905925098,0.007638756235218469,1196.029375684678,0.6924780749296733,0.0023169300644455154,0.5236531327142797,0.002513468876336858,0.7378768351143632
1228,1193.9,4.277849927241487,0.003583088974990775,1195.7243148061552,0.692301465538699,0.0023238436110936795,0.5235320986746791,0.0025139260734062543,0.7377063019184323
1229,1183.7,7.546522377890362,0.006375367388603837,1195.3992891187388,0.6921132924390456,0.002324508434987095,0.5234024201609182,0.0025119497044851623,0.7375235838845988
1230,1200.1,6.767569726275452,0.00563917150760391,1195.0825236677254,0.6919298964786792,0.0023332184981361575,0.5232788533812168,0.002515292098543626,0.7373494667680094
1231,1193.1,10.702803371079934,0.008970583665308805,1194.7656076217834,0.6917464096614238,0.0023401263903890246,0.5231532089492106,0.0025183945293769596,0.7371724184855155
1232,1188.3,11.65975986030587,0.0098121348651905,1194.432392463637,0.6915534894982708,0.0023546690965036143,0.523004204410767,0.002524803553807841,0.7369624574913841
1233,1190.5,13.322912594474229,0.011191022758903175,1194.1185273593926,0.6913717589655658,0.002358936278964004,0.5228628942258602,0.0025284117760786436,0.7367633248364716
1234,1193.7,8.983317872590282,0.007525607667412484,1193.807870763762,0.6911918818655324,0.0023763098146677934,0.5227222430134697,0.0025398501707420153,0.7365651154307461
1235,1191.1,10.538026380684384,0.0088473061713411,1193.4995293908555,0.6910133432154046,0.0023971528230278165,0.5225724951740263,0.0025535070284640467,0.7363540854151911
1236,1193.1,10.406728592598157,0.008722427786940037,1193.2281292676257,0.6908561796684503,0.0024003225683823185,0.5224376362386428,0.002560224530414677,0.7361640227196251
1237,1189.3,7.9498427657407165,0.006684472181737759,1192.9696254038372,0.6907064738635852,0.002413899170802545,0.5223071623526948,0.0025742173900013127,0.7359801312713132
1238,1191.9,2.5592967784139455,0.002147241193400407,1192.7151520459802,0.690559101086867,0.0024242869257156342,0.5221772164650318,0.0025865563898420066,0.7357969830695475
1239,1194.9,8.249242389456137,0.006903709422927556,1192.453007410358,0.6904072930985791,0.0024390659175576104,0.5220427004393036,0.0026000137327021654,0.7356074015283666
1240,1197.3,10.66302021005306,0.008905888423998214,1192.1672477818258,0.6902418268342803,0.0024580231403819497,0.5218966599300664,0.002612989801690584,0.7354015976863741
1241,1188.1,12.074767078498866,0.010163089873326207,1191.878215676695,0.6900744748717679,0.0024774040147685136,0.5217574062825445,0.0026245692929017963,0.7352053674001
1242,1193.7,12.823805987303457,0.010742905241939731,1191.5622626365162,0.6898915402495166,0.0024934658860797333,0.5216146119927629,0.0026336385143844922,0.7350041548823429
1243,1190.7,8.772114910328067,0.007367191492674953,1191.2431591295194,0.6897067918100424,0.0025017050407645375,0.5214693408857098,0.002636577781973545,0.7347994638155788
1244,1188.5,7.3824115301167,0.006211536836446529,1190.938383753882,0.6895303785443582,0.002498439986479515,0.5213205134675231,0.002625915119316046,0.7345898074419391
1245,1186.9,11.823705003085962,0.00996183756263035,1190.598114687457,0.689333377072142,0.0024964768028902934,0.5211644993125415,0.0026230216615762605,0.7343699808552477
1246,1189.1,12.330855606972293,0.010369906321564456,1190.2507434317413,0.689132264356191,0.002490534479191363,0.5209862616746406,0.002617711427118029,0.7341188417179184
1247,1186.1,12.83744522870497,0.010823240223172558,1189.9083622017256,0.6889340373919125,0.0024901273217613528,0.5208092625274817,0.0026160412292935554,0.733869442195415
1248,1187.7,5.06951674225463,0.004268347850681679,1189.5697489823146,0.6887379884287828,0.0024936168685176555,0.5206417500681217,0.0026172101508626887,0.7336334077534968
1249,1190.3,9.972462083156797,0.008378108109851968,1189.270648630142,0.6885648042470338,0.0024834441100669937,0.5204900362838878,0.002613279576873049,0.7334196210853126
1250,1186.7,5.826662852782886,0.004909971225063525,1188.998743037824,0.6884073700505149,0.0024719985328252618,0.5203487615035637,0.0026078157341147246,0.7332205483002543
1251,1190.9,8.324662155306964,0.006990227689400422,1188.7253093601614,0.6882490305651114,0.002467796154053482,0.520205387751156,0.002610119590381649,0.7330184938660527
1252,1189.9,7.249137879775774,0.0060922244556481835,1188.4571353498136,0.6880937412715629,0.002461186166915191,0.5200716659493564,0.002610245175622695,0.7328300459217253
1253,1187.5,10.14889156509222,0.008546435002182922,1188.1844515093987,0.6879358522780842,0.002456086827157174,0.5199340101829707,0.0026090406450114483,0.7326360661666801
1254,1187.5,9.420721840708387,0.007933239444807063,1187.9218592721838,0.6877837955494069,0.002456437479208983,0.5197988512232014,0.0026127555691635713,0.7324455932092802
1255,1188.7,8.151686941977102,0.0068576486430361756,1187.664352228298,0.6876346833667861,0.002455473414714065,0.5196640393540705,0.0026156946467690307,0.7322556098635612
1256,1188.1,8.590692637965812,0.007230614121678153,1187.4001057127664,0.6874816822368237,0.002452637092013243,0.5195244419626621,0.002615169189781988,0.7320588962419146
1257,1190.3,6.119640512317697,0.005141258936669493,1187.1545889185556,0.687339508328183,0.002444592478509294,0.5193912438183415,0.00261503235526521,0.7318711833894257
1258,1184.5,3.0,0.002532714225411566,1186.899419930653,0.6871917009396501,0.0024398799717549775,0.5192520682602731,0.0026250288819368627,0.7316749995265
1259,1182.7,9.972462083156797,0.008431945618632617,1186.6333734222678,0.6870376146400986,0.0024260953058843427,0.5191064212091032,0.0026266517809779644,0.731469714897697
1260,1185.5,9.205976319760984,0.007765479814222677,1186.3512366127018,0.6868742239020762,0.002401937936518206,0.5189520645256545,0.002620712101167637,0.7312521728311666
1261,1186.3,14.541320435228707,0.012257709209499036,1186.0726853219692,0.6867129094715668,0.0023783062859924517,0.5187976471859418,0.0026150848602617366,0.7310345458652944
1262,1190.9,9.140568910084317,0.007675345461486537,1185.7898335350924,0.6865491084707713,0.002348824359848877,0.5186397610324839,0.002605920438213119,0.7308120369115676
1263,1185.5,6.224949798994366,0.005250906620830338,1185.5063209781074,0.6863849361239174,0.0023166482652720393,0.5184800395725959,0.002593416579379724,0.7305869530325606
1264,1184.1,3.9749213828703582,0.0033569135908034444,1185.2182299169795,0.6862181161542081,0.0022866859467922944,0.5183168108480797,0.002581582794634416,0.730356930763317
1265,1179.1,6.6932802122726045,0.005676600977247566,1184.9232960244924,0.6860473358435404,0.0022606909195763652,0.5181491263936524,0.002571591907841087,0.7301206320605858
1266,1174.3,6.438167441127949,0.00548255764381159,1184.622433676798,0.6858731243549191,0.002234850880351411,0.5179774279395174,0.002561531568623836,0.729878678026791
1267,1176.7,8.857200460642177,0.007527152596789477,1184.3088647077195,0.6856915748303278,0.0022112251111023737,0.5177987937944182,0.002549059300563511,0.7296269697644437
1268,1179.1,3.4351128074635335,0.00291333458354977,1183.9958083540166,0.6855103234248161,0.002196293613651779,0.517619045708053,0.0025406836194279882,0.7293736937647712
1269,1176.1,6.542170893518451,0.005562597477696158,1183.6830327971074,0.6853292381810607,0.002180096119733292,0.51743812346868,0.002531017355056424,0.7291187670846435
1270,1185.1,7.179832867135557,0.006058419430542197,1183.3605672234742,0.6851425273832495,0.0021705075494340056,0.5172517098936662,0.0025275111018031563,0.7288560846530032
1271,1179.7,9.67987603226405,0.00820537088434691,1183.0425485577207,0.6849583763824815,0.002162173658279827,0.517068197551559,0.0025275162005023,0.7285974761113092
1272,1186.1,8.61974477580398,0.0072673002072371476,1182.7384062385415,0.6847822810148415,0.002134647610698993,0.5168894276930069,0.0025141046918885704,0.7283455742827236
1273,1185.3,11.64903429473877,0.009827920606377095,1182.4192248195852,0.6845975023839148,0.0021098986496127063,0.5167004878546516,0.0024974215105581917,0.7280793659169685
1274,1195.9,6.711929677819934,0.005612450604415029,1182.107490006099,0.6844170230624724,0.00207593627827697,0.5165220926210932,0.002478794364655634,0.7278280042258407
1275,1183.5,6.87386354243376,0.005808080728714626,1181.8080014885263,0.6842436321172969,0.0020480801461181634,0.5163471110009684,0.0024635849410070162,0.7275814502918496
1276,1188.9,12.739701723352868,0.010715536818363921,1181.516695992596,0.6840749835728247,0.0020225046585791656,0.5161733710161338,0.002448636830371845,0.7273366525194904
1277,1183.7,6.996427659884722,0.00591064261205096,1181.2385187489886,0.6839139287139472,0.0019868951567395933,0.5159961393552519,0.0024305037698733327,0.7270869275850507
1278,1178.7,10.03493896344168,0.008513564913414508,1180.9564940141202,0.6837506587051863,0.0019520807490909905,0.5158214875332023,0.002410419117272926,0.7268408504705662
1279,1180.5,6.96419413859206,0.005899359710793782,1180.6786228407607,0.6835897959796735,0.0019166694482754332,0.5156460153829917,0.0023896889918850785,0.7265936193732692
1280,1190.1,9.555103348473004,0.008028823921076384,1180.3932932095527,0.683424634866429,0.0018847235598008676,0.515471635540444,0.002366596814699781,0.7263479472744564
1281,1183.5,9.420721840708387,0.007960052252394075,1180.126055362816,0.6832699877323691,0.0018368089505653908,0.5153030664649336,0.002328294988844098,0.7261105080569827
1282,1180.3,6.476881965884511,0.005487487897894189,1179.8709329129292,0.6831223441777132,0.0017876498383878104,0.5151400612939716,0.0022917306827387584,0.7258808980299734
1283,1176.1,10.16366075781753,0.008641833821798768,1179.6078456646073,0.6829700884757035,0.0017439009430781644,0.5149925212502982,0.002257800465137849,0.7256730784147271
1284,1177.5,9.340770846134703,0.007932714094381912,1179.3545336655554,0.68282348269602,0.0016974160636236823,0.5148555810939213,0.0022248285294159363,0.7254801853339756
1285,1176.9,4.801041553663121,0.004079396340949206,1179.0937544936708,0.6826725408313269,0.0016595064672697154,0.514715160290901,0.002198385235400306,0.7252823719423487
1286,1178.9,7.162401831787993,0.006075495658485022,1178.8377406751915,0.6825243612137706,0.0016236555273916949,0.5145766775168041,0.0021721734500963832,0.7250872926641294
1287,1175.1,6.248999919987198,0.005317845221672367,1178.5724250053884,0.6823707984716307,0.0015903990186185225,0.5144340706911009,0.0021465339394094434,0.7248864050532771
1288,1181.9,5.248809388804284,0.0044409927987175595,1178.3092382319455,0.6822184725956428,0.0015579212469811721,0.514292407910457,0.002120246554553456,0.7246868528352962
1289,1180.9,6.18869937870632,0.005240663374296147,1178.0502634104068,0.6820685873705814,0.001525768484941915,0.5141569889834787,0.0020936211020038836,0.7244961009425421
1290,1180.5,5.454356057317857,0.004620377854568282,1177.783999201714,0.6819144736096298,0.0015019075738547801,0.5140182656528738,0.002072223594247795,0.7243006818529032
1291,1176.1,9.838699100999074,0.008365529377603159,1177.5041729087811,0.6817524734430561,0.0014932974802495218,0.5138689781346691,0.0020649839592587183,0.7240903370494731
1292,1169.7,11.508692367076288,0.009839012026225773,1177.224504008464,0.6815905698204623,0.001477764549103787,0.5137195054692683,0.00205363538533692,0.7238797397076879
1293,1179.7,6.648308055437865,0.00563559214667955,1176.9507579857648,0.6814320973767154,0.0014622506209731418,0.5135609377209014,0.0020418017256675033,0.7236563253715576
1294,1173.7,4.324349662087931,0.003684373913340658,1176.6914134745925,0.6812819598415408,0.001454106738213989,0.5134078177677349,0.002033753345643853,0.7234405845649725
1295,1176.3,3.866522985836241,0.003287021156028429,1176.435607944238,0.6811338749239458,0.0014476504276578575,0.513246278282004,0.002025486265768024,0.7232129833036514
1296,1180.5,7.905694150420948,0.006696903134621727,1176.191695404334,0.6809926969695763,0.0014335824101808536,0.5130886386967959,0.002009085711857119,0.722990901322401
1297,1181.3,6.610597552415364,0.00559603619098905,1175.964454629363,0.6808611903985933,0.0014122494891058584,0.512937043931038,0.0019851774211386464,0.7227773589049914
1298,1170.5,6.164414002968976,0.005266479284894469,1175.742508904542,0.680732755650085,0.0013921318902410987,0.5127865918443408,0.0019601237005774604,0.722565432929106
1299,1179.3,3.3466401061363023,0.0028378191351957115,1175.5060028811808,0.6805958777585696,0.0013829395396402786,0.5126286847720591,0.0019424906568276795,0.7223429867830108
1300,1169.1,7.797435475847172,0.006669605231243839,1175.3095390732033,0.6804822394132233,0.0013605217178858753,0.5124871956460323,0.001905442899007952,0.7221437370716624
1301,1171.5,7.19374728496908,0.006140629351232676,1175.1108165155995,0.6803672950063943,0.0013334864132392727,0.5123437372900655,0.0018655124414361961,0.7219417167835473
1302,1177.3,2.7748873851023212,0.0023569925975556964,1174.9143612483065,0.6802536647302769,0.0013122253743774754,0.5122003446504807,0.0018269335210447082,0.7217397899488349
1303,1176.3,7.276675064890558,0.00618607078542086,1174.71814076269,0.6801401771287965,0.0012989378777642044,0.5120561928439088,0.0017891466061910942,0.7215367993876521
1304,1179.9,6.859300255857007,0.005813458984538526,1174.4898423372263,0.6800080343332697,0.001304144566430539,0.5118972597776161,0.001780692025601243,0.7213128877206525
1305,1181.1,10.632497354808041,0.009002199098135672,1174.2582759669563,0.6798740017037959,0.0013151242631411048,0.5117361668807432,0.0017740264483044454,0.7210859315631177
1306,1178.3,8.333666660000267,0.007072618738861298,1174.020969036539,0.679736616964661,0.0013363771911126152,0.5115847508430698,0.00177945921928024,0.7208725783457336
1307,1175.5,7.33143914930759,0.006236868693583658,1173.8040565637411,0.6796110488499784,0.0013504733131879945,0.5114407296900965,0.0017796477905798213,0.7206696534196331
1308,1175.7,7.429670248402684,0.006319358891216028,1173.5841942430627,0.6794837526014192,0.0013689974251759206,0.5112940040031506,0.0017872405524865006,0.7204628975459116
1309,1173.9,5.616938667993447,0.004784852771099282,1173.3602236787935,0.679354080814583,0.0013798444437770063,0.5111441430107714,0.001790728316985605,0.7202517304741699
1310,1171.3,5.142956348249516,0.004390810508195609,1173.150327639841,0.6792325754334411,0.001387572464056349,0.5110076960441499,0.001788244840142268,0.7200594850126938
1311,1172.9,3.943348830626071,0.0033620503287800072,1172.9407622473923,0.6791112411779956,0.0014030968434440615,0.5108760232521904,0.0017946651532796834,0.7198739425624227
1312,1167.7,4.3531597719357835,0.0037279778812501357,1172.735996022488,0.6789926857099688,0.00141816661837374,0.5107442999211884,0.001800889961937616,0.7196883295491393
1313,1166.7,10.401922899156675,0.00891567917987201,1172.5473934789327,0.6788835128987393,0.0014426970976567316,0.5106175619877598,0.0018050405178438418,0.719509767220583
1314,1165.7,5.357238094391549,0.004595726254089001,1172.3649245413158,0.6787778615539333,0.001467714823176051,0.5104915274599897,0.001817433250478273,0.7193321633495238
1315,1159.3,12.018735374406077,0.010367234861042076,1172.1811389438728,0.6786714584632572,0.0014991708513145204,0.5103630390115793,0.001830139561965149,0.7191511116955973
1316,1172.3,8.657366805212773,0.007384941401699883,1171.9912387391578,0.6785615119918325,0.0015095883199115077,0.5102209727629211,0.001833993453164891,0.7189509323109565
1317,1176.1,6.06630035524124,0.005157980065675742,1171.8085015543243,0.6784557134061663,0.0015227943545513152,0.5100797336283645,0.0018390116904284913,0.7187519183814082
1318,1167.9,7.6681158050723255,0.0065657297757276524,1171.6417572371479,0.6783591657681155,0.0015551884900087312,0.5099432436950755,0.0018553637223411115,0.7185595802939074
1319,1169.3,10.329569206893384,0.00883397691515726,1171.480099681997,0.678265559209811,0.0015902218721019293,0.5098244736789047,0.0018742409801010699,0.7183922061736899
1320,1176.3,8.511756575466665,0.007236042315282381,1171.3181233327216,0.6781717790076092,0.001631980450425255,0.5096944045902194,0.0018937637355124675,0.7182089208987148
1321,1168.7,11.987493482792805,0.010257117722933862,1171.1375687285517,0.6780672569313324,0.0016542241782038286,0.5095628160814589,0.0019003400083489063,0.7180235165522749
1322,1165.3,13.989281611290838,0.012004875664027151,1170.959906279066,0.6779644106691396,0.0016817868440301032,0.5094306183903767,0.001909353479537836,0.7178372511689434
1323,1163.7,12.00833044182246,0.010319094647952616,1170.7773806940509,0.6778587475066233,0.0017032916247438537,0.5092945322728697,0.001915796889539932,0.717645508501737
1324,1169.1,4.533210782657254,0.003877521839583658,1170.6119748241604,0.6777629973785052,0.001730941871762034,0.5091642146751598,0.0019252266551068565,0.7174618962813264
1325,1171.1,8.87693640846886,0.0075799986409946715,1170.454141404113,0.6776716301615988,0.0017691145340528694,0.5090356053871041,0.0019405863390780155,0.7172806871188067
1326,1170.1,4.33589667773576,0.0037055778802972056,1170.3098393915614,0.6775881003706028,0.0017958519036396395,0.5089113888667438,0.0019495531177804158,0.7171056704569739
1327,1179.1,9.276313923105448,0.007867283456115214,1170.1551527780389,0.6774985640172225,0.0018176851239780577,0.5087789872895038,0.0019546467103433757,0.7169191263489696
1328,1171.3,6.572670690061994,0.005611432331650298,1170.0000053161475,0.6774087637194635,0.0018324234578767943,0.5086443543356608,0.0019554029728812566,0.7167294434550444
1329,1167.9,9.646242791885346,0.008259476660574831,1169.8549717678156,0.677324817063786,0.0018484054843056496,0.5085206758578186,0.001957438819669569,0.7165551979732554
1330,1166.5,6.928203230275509,0.005939308384291049,1169.7003536540692,0.6772353362330816,0.0018620433591273803,0.5083909864027761,0.001954604296519096,0.7163724972018205
1331,1170.5,6.4031242374328485,0.005470417973031054,1169.5541359136728,0.6771507100299871,0.0018731970816699968,0.5082500331766674,0.0019526284496393096,0.7161739162506955
1332,1168.1,6.8044103344816005,0.005825195047069258,1169.4097939864932,0.6770671542950413,0.0018921295227138557,0.5081082495684548,0.0019586912660866456,0.7159741426990215
1333,1167.9,7.214568594171103,0.0061773855588415985,1169.2819381950815,0.6769931412968514,0.0019016285809953536,0.5079720710960698,0.001960262477385875,0.7157822669716035
1334,1167.1,5.481788029466298,0.004696930879501584,1169.1586767690835,0.6769217789643396,0.0019073793527280558,0.5078427765226696,0.001962097515767307,0.7156000822445785
1335,1171.7,3.866522985836241,0.0032999257368236242,1169.050440673187,0.676859139103026,0.0019078347421948134,0.5077135168045052,0.0019554463294589215,0.7154179739803981
1336,1174.3,10.86047881080756,0.009248470417105987,1168.9456065585555,0.6767984839570642,0.0019150185404467378,0.5075834289216733,0.001948836014639423,0.71523471359726
1337,1173.7,7.12039324756716,0.006066621153247984,1168.8340746299032,0.6767339639453693,0.0019312862458647497,0.5074550044795364,0.0019441302034725223,0.7150538101930011
1338,1169.5,9.1104335791443,0.007790024437062248,1168.7050749096543,0.6766593413543385,0.00194787676811991,0.5073173097336815,0.00193698290044391,0.7148598540280319
1339,1164.7,12.911235417263523,0.011085460133307738,1168.571141636803,0.6765818239928862,0.001976414409769359,0.507173624595327,0.0019460588326666115,0.7146574099529063
1340,1166.3,5.142956348249516,0.004409634183528695,1168.4298204974757,0.6765000351214132,0.0019997045651465833,0.5070250965923853,0.0019508520679498405,0.7144481513057227
1341,1169.9,5.176871642217915,0.00442505482709455,1168.2690375781476,0.6764069908964528,0.00202430987560949,0.5068708096172563,0.0019534930004298026,0.7142307940014284
1342,1167.1,8.488227141164403,0.007272921892866424,1168.1091580540904,0.6763144840194327,0.0020538889487063117,0.5067151805927715,0.0019557792329605154,0.7140115602859649
1343,1167.9,3.8794329482541645,0.003321716712264889,1167.9447702686637,0.6762193628658202,0.0020867995626145247,0.5065672392141443,0.001961324905724714,0.7138031546523652
1344,1163.9,8.663140308225419,0.007443199852414656,1167.805573145306,0.676138837337635,0.0021229448312598247,0.5064315167756073,0.0019665827523269895,0.7136119761645324
1345,1168.7,7.710382610480495,0.006597401052862577,1167.6952464989797,0.6760749977008551,0.0021406201702189923,0.5062982953829269,0.001967944383465341,0.7134242925409818
1346,1164.7,5.333854141237835,0.004579594866693427,1167.5780017238308,0.6760071682760482,0.002169702869869166,0.5061604560847224,0.001972662677576094,0.713230116538319
1347,1165.1,7.317786550590281,0.006280822719586543,1167.474088085839,0.6759470527190841,0.002195403750189229,0.5060332016287052,0.001976627436671594,0.7130508504462526
1348,1166.3,6.815423684555495,0.005843628298512814,1167.411580732571,0.6759108778345483,0.0022108700445300183,0.5059220421249526,0.0019821725432731833,0.7128942323769449
1349,1168.5,10.8397416943394,0.009276629605767566,1167.3633274332958,0.6758829422059124,0.0022196219583703798,0.5058153108674054,0.0019867745440046328,0.7127438405433798
1350,1164.7,7.102816342831906,0.006098408468130768,1167.3360383773115,0.6758671569432011,0.0022312643882857045,0.5057160187495973,0.0019902626321974598,0.7126039435672661
1351,1169.7,4.764451699828639,0.004073225356782627,1167.2978156763463,0.675845021581031,0.0022332470758955713,0.5056059544084369,0.0019923216147798646,0.7124488442350259
1352,1170.5,5.830951894845301,0.004981590683336438,1167.2963824100311,0.6758442043535384,0.002240073838946707,0.5055099588289026,0.001993262760937706,0.7123135906064456
1353,1171.5,5.385164807134504,0.004596811615138288,1167.3020361689346,0.6758474858386584,0.0022538816672097984,0.5054151217590761,0.001999687260918505,0.7121799614393509
1354,1164.7,8.526429498916883,0.007320708765275936,1167.2980009569123,0.6758451696380618,0.0022613630079181637,0.5053142824657544,0.0019992909011710895,0.7120378870853321
1355,1160.7,6.815423684555495,0.00587182190450202,1167.2736471076344,0.675831091677285,0.0022736450880588904,0.5052071482017523,0.0020014040057806585,0.7118869459084245
1356,1167.1,6.3874877690685254,0.005472956703854448,1167.233091056777,0.6758076181305533,0.0022899789642950997,0.5050932191947888,0.0020095943829890072,0.7117264122322938
1357,1160.7,9.257429448826494,0.007975729687969755,1167.205808624181,0.6757918538661267,0.0023056677596102857,0.5049852146386663,0.0020117998349394165,0.7115742524630677
1358,1174.1,6.268971207462991,0.0053393843858810935,1167.1652342718567,0.6757683781235171,0.002328992670373544,0.5048784750510824,0.0020226561859578974,0.7114238563264196
1359,1168.1,15.59807680452946,0.013353374543728673,1167.1134031229344,0.6757383771960568,0.0023615694967895904,0.5047656004968215,0.0020413389685196947,0.7112648043536077
1360,1155.1,7.797435475847171,0.006750441932167926,1167.0765826629402,0.6757170658736893,0.0023931972541996176,0.5046580695332687,0.0020598144151076003,0.7111132803118375
1361,1166.3,8.028075734570521,0.006883371117697438,1167.037321310148,0.675694345000325,0.0024225963484708654,0.5045547393703333,0.002076118684095233,0.710967680491461
1362,1165.3,9.257429448826494,0.007944245643891268,1166.9835312070584,0.6756632258369755,0.0024471588369855686,0.5044437846681681,0.0020862907728615016,0.7108113554711076
1363,1168.1,11.436782764396638,0.009790927801041554,1166.9364361291941,0.6756359814971964,0.002480112482059734,0.5043365989998302,0.002102427394055974,0.7106603402961074
1364,1168.1,3.6469165057620936,0.0031220927195977177,1166.9094426854767,0.6756203929237167,0.0025105635678358937,0.5042368594238338,0.002113241131687669,0.7105198364195633
1365,1167.7,8.526429498916883,0.007301900744126816,1166.892383103744,0.6756105480956405,0.0025356139073588963,0.5041380570879028,0.0021223412824101953,0.7103806455670327
1366,1169.3,7.52994023880668,0.006439699169423313,1166.8576667895547,0.6755904723656899,0.0025680075635887405,0.5040304891349946,0.0021382106414861413,0.7102290930702787
1367,1165.5,7.22841614740048,0.006201987256456869,1166.8337323053206,0.6755766300300785,0.0025913925571058594,0.5039265644389233,0.0021501437726094896,0.7100826663665816
1368,1166.7,8.28854631404084,0.007104265290169572,1166.8128513772795,0.6755645565615234,0.0026150343437346744,0.5038230659377723,0.0021621157210199686,0.7099368412840745
1369,1169.7,7.726577508832744,0.006605606145877356,1166.7990881512012,0.675556601906223,0.0026362304012535103,0.5037260491016685,0.002172995580132438,0.7098001475128942
1370,1168.9,9.262828941527529,0.007924398102085319,1166.7725254020072,0.6755412459639664,0.002646793846349828,0.5036248044950821,0.0021747072257154794,0.7096575088059822
1371,1169.9,4.477722635447622,0.00382744049529671,1166.761328041602,0.6755347767664868,0.002662279205029132,0.5035272962561971,0.002181822975209539,0.7095201223108628
1372,1164.5,5.049752469181039,0.004336412596978136,1166.7435184483213,0.6755244798042295,0.0026626303837443983,0.5034217930063039,0.0021785271703715385,0.709371476232765
1373,1168.5,5.916079783099616,0.005062969433546954,1166.7246721205106,0.6755135916878382,0.0026674443483226382,0.5033236331584735,0.0021763509878240392,0.7092331871055634
1374,1164.3,12.537942414925983,0.010768652765546666,1166.6893508121125,0.6754931880628362,0.002688218103647741,0.5032239065728235,0.0021801445466664536,0.7090927134521096
1375,1163.5,10.331989159885913,0.00888009382027152,1166.6663512713926,0.6754799034601898,0.0027006386047370955,0.5031284806373323,0.002181504341338293,0.7089582849976493
1376,1169.1,10.466613587975818,0.008952710279681652,1166.6488297954922,0.6754697909395448,0.002709853380169255,0.503030083307051,0.002180585356274393,0.7088196702767656
1377,1168.1,4.219004621945797,0.003611852257465797,1166.6191474305244,0.675452612592872,0.002725994135140097,0.5029254123554924,0.0021897845776418395,0.7086721858454555
1378,1162.3,13.245754036671524,0.011396157650065838,1166.582972925165,0.6754316854966236,0.0027430028816276424,0.5028191280617118,0.002197470860704868,0.7085224376449226
1379,1161.5,10.977249200050075,0.009450924838613926,1166.558546567218,0.6754175469995147,0.0027484274574870703,0.5027058777994422,0.002199940145133934,0.708362864549557
1380,1169.9,9.436630754670865,0.008066185789102372,1166.5303882787016,0.6754012566834247,0.0027566964309314983,0.502595773019661,0.002202523760927859,0.7082077319718799
1381,1165.1,6.674578638386097,0.00572876031103433,1166.5130193150264,0.6753912107063232,0.002759665570890099,0.5024885252190443,0.002201953419632726,0.7080566250475719
1382,1166.5,4.387482193696061,0.003761236342645573,1166.5051932591407,0.6753866864216085,0.002761145470695743,0.5023837252920258,0.0022010821011632,0.7079089637816103
1383,1169.5,8.5,0.007268063274903805,1166.5067959447501,0.6753876231516925,0.0027595872934122103,0.5022814518335464,0.0021976839318040508,0.7077648649129482
1384,1163.1,5.639148871948673,0.0048483783612317715,1166.5075776788403,0.6753880921732802,0.0027645122400669015,0.5021774199127632,0.002197182303166731,0.707618295265112
1385,1165.3,4.764451699828639,0.004088605251719419,1166.4856174871454,0.6753753980704157,0.0027539429816327396,0.5020623246691657,0.0021849976102428638,0.7074561405877203
1386,1160.3,2.3345235059857505,0.0020119999189741884,1166.4779373200965,0.6753709667035069,0.0027458977150512315,0.5019522330675898,0.0021756469742257064,0.7073010314915761
1387,1170.3,5.495452665613635,0.004695764048204422,1166.438821507542,0.6753483366578548,0.002755103560033994,0.5018359012494504,0.00217793499843133,0.7071371290561371
1388,1165.9,7.021395872616783,0.006022296828730408,1166.4008940702442,0.6753263974222021,0.002766510366590901,0.5017186333678539,0.0021811881322743717,0.7069719094300057
1389,1166.1,12.817956155331473,0.010992158610180493,1166.360392400889,0.6753029445274765,0.0027759601518073666,0.5015989482640234,0.0021880174853255415,0.706803257259671
1390,1165.5,5.408326913195984,0.004640349131871287,1166.3213658297732,0.6752803436135142,0.0027855363168149266,0.5014787247579962,0.0021953607581631247,0.7066338399771519
1391,1171.5,2.179449471770337,0.0018603922080839411,1166.2901768183226,0.6752622543674098,0.002791939606419945,0.5013608343697841,0.002205976723193231,0.7064676804867464
1392,1160.9,10.273752965688828,0.008849817353509197,1166.2558931159533,0.6752423763519259,0.0027876194214356245,0.5012407130531069,0.002208439768657275,0.7062983849729341
1393,1164.9,4.006245124802025,0.003439132221479977,1166.2370591634203,0.6752314317011069,0.0027756348624254183,0.5011176232788327,0.0022080111245428163,0.7061248951864811
1394,1164.7,7.379024325749306,0.006335557934016747,1166.2238732179014,0.6752237560096028,0.00276363177492007,0.500997831458064,0.002207848931536349,0.7059560514236712
1395,1165.9,7.651797174520506,0.006562996118466854,1166.1997135384731,0.6752096820214565,0.002750900924297926,0.5008809513345052,0.0022166015425381293,0.7057912599671634
1396,1164.7,12.7455874717488,0.010943236431483472,1166.1945134816515,0.6752066262757465,0.00273251894492579,0.5007628700250486,0.002212944278036428,0.7056248237201357
1397,1167.3,5.630275304103699,0.004823331880496615,1166.205019395204,0.675212659544118,0.0027190990029546114,0.5006594154227823,0.0022136972776184475,0.7054789903716109
1398,1168.1,2.8809720581775866,0.002466374504047245,1166.213084241659,0.6752172810866384,0.0026973420974081767,0.5005546627820819,0.0022085516716721354,0.7053313332103286
1399,1165.9,10.714476188783099,0.009189875794479028,1166.2365927374617,0.675230839531267,0.002680508165450405,0.5004476048974226,0.002207754532182149,0.7051804206891283
1400,1167.3,5.357238094391549,0.0045894269634126185,1166.2577908909307,0.6752430825118566,0.0026625175292977117,0.5003390120009714,0.002201611648109692,0.7050273721599719
1401,1160.7,11.681181447096865,0.010063910956402916,1166.2763440466701,0.6752537769273903,0.0026458674784054785,0.50022887104306,0.002200023177291032,0.7048721225184722
1402,1169.3,5.93295878967653,0.005073940639422329,1166.2947518364717,0.675264423736888,0.0026339068027117414,0.5001266273231084,0.0021939533847597607,0.7047280390744725
1403,1165.5,9.86154146165801,0.008461211035313608,1166.3255108505978,0.6752822178695445,0.0026232304474244563,0.5000263365326754,0.0021895481369884253,0.7045867039507108
1404,1169.5,4.769696007084728,0.004078406162535039,1166.3528996060024,0.6752980463272593,0.0025992647051135717,0.49992303134913574,0.0021794794165146828,0.7044411105120852
1405,1168.1,6.00416522091123,0.005140112337052676,1166.3972266305586,0.6753236855792899,0.0025781876737689543,0.499825551876381,0.0021705862487360963,0.7043037248522623
1406,1167.1,14.918109799837245,0.01278220358138741,1166.460195006495,0.6753601176100983,0.0025503331933019054,0.49973475888431285,0.0021574360786229888,0.7041757625962666
1407,1167.7,5.380520420925842,0.004607793458016479,1166.529668943899,0.6754003047344511,0.0025227949318512495,0.49964558469047604,0.0021470860073834544,0.7040500688760163
1408,1170.5,4.0,0.0034173430158052115,1166.5933793135973,0.6754371730001817,0.0025046582373306364,0.499552909190064,0.0021390040594717803,0.7039194590525721
1409,1164.7,9.162423260251623,0.007866766772775499,1166.6627647067608,0.6754773335977068,0.0024931706932937187,0.4994638213513657,0.002133820801448902,0.7037939095948781
1410,1167.3,5.06951674225463,0.00434294246745021,1166.7295173031723,0.6755159739466079,0.0024869012961719603,0.4993727036763148,0.0021311063005372355,0.7036655042951081
1411,1165.9,5.458937625582472,0.004682166245460564,1166.7994313472825,0.675556445896284,0.0024766249747480255,0.4992797175925611,0.002125581123570397,0.703534469119113
1412,1162.9,7.635443667528429,0.006565864362824343,1166.853445425468,0.6755876900871074,0.002458994219402835,0.4991776805627433,0.002120135968762353,0.7033906545799604
1413,1168.3,4.790615826801394,0.00410050143524899,1166.9159417978558,0.6756238466182152,0.0024410101321240864,0.49907864627915427,0.002114271801545685,0.7032510729001393
1414,1167.5,5.1478150704935,0.004409263443677517,1166.988320265221,0.6756657526161365,0.0024256637207875423,0.49898334714085646,0.002104069861791308,0.7031167865918027
1415,1172.5,4.949747468305833,0.004221533022009239,1167.06648007886,0.6757110145834959,0.002412586390387377,0.49889016333811875,0.002093419938043589,0.702985489314074
1416,1162.9,12.116104984688768,0.01041887091296652,1167.1445285149996,0.6757562148479701,0.0024035184401666274,0.4988110497206308,0.0020847393337767254,0.7028740212862943
1417,1167.7,3.993745109543172,0.0034201807909079143,1167.2161710890923,0.6757977057000906,0.002400671827075565,0.4987281333806089,0.0020800757442110203,0.7027571948985653
1418,1166.1,8.018728078691781,0.006876535527563487,1167.2835780065238,0.6758367491571119,0.002390672540431,0.498642493046413,0.0020698005549102004,0.7026365387816761
1419,1168.1,5.9833101206606365,0.005122258471586882,1167.3505676505079,0.6758755537660479,0.002374995813349992,0.4985559103013397,0.00205531851374825,0.702514557133612
1420,1167.1,10.818964830333815,0.009269955299746222,1167.4283755530817,0.6759206205149196,0.0023568050881748923,0.49847333200063976,0.0020395551729691114,0.7023982165693357
1421,1169.3,10.305338422390601,0.008813254444873516,1167.5126029130774,0.675969403438368,0.002338431334700978,0.49839084184877536,0.0020237797432030606,0.702281999578235
1422,1168.3,4.969909455915671,0.004253966837212763,1167.612698516455,0.6760273688686073,0.002326101536041874,0.49831466365907245,0.002012913597458618,0.7021746721050349
1423,1159.5,9.151502608861563,0.00789262838194184,1167.7149263278873,0.6760865699003972,0.0023105926931706326,0.4982390786357159,0.0019997922364542895,0.7020681821465627
1424,1166.3,6.51536645170477,0.005586355527484155,1167.8219742228262,0.6761485586615993,0.002298505542847617,0.4981653794044446,0.0019895043747983725,0.7019643458611106
1425,1162.9,8.663140308225419,0.007449600402636012,1167.9325530807973,0.6762125623644615,0.002283134585661994,0.4980914506071614,0.0019839290738928685,0.7018601530688112
1426,1159.7,11.840608092492547,0.010210061302485597,1168.0429220819467,0.6762764491653721,0.0022619804893130612,0.49801146539064345,0.0019737217680606076,0.7017474307177782
1427,1166.5,5.385164807134504,0.004616515051122592,1168.1659719081265,0.6763477071636641,0.0022419145983591762,0.4979307994154089,0.0019574549501827406,0.7016337820476051
1428,1166.3,7.8390050389064045,0.006721259572070998,1168.2955117831011,0.676422719896825,0.0022309059555991875,0.497859592448907,0.0019475150799998183,0.7015334595242404
1429,1166.5,7.035623639735144,0.006031396176369605,1168.4415151348844,0.676507260532846,0.002227845759772048,0.4977895669343573,0.0019434673210829928,0.7014347940142897
1430,1164.3,3.73496987939662,0.0032079102288041055,1168.5839523150985,0.6765897389898239,0.0022155910049257974,0.497718428285602,0.0019331007819921486,0.7013345663370001
1431,1161.3,11.099549540409287,0.009557865788693092,1168.7390886218104,0.6766795609437044,0.00219824477567465,0.49765322677886753,0.0019217329150919248,0.7012426959480083
1432,1162.1,6.8044103344816005,0.005855270918579813,1168.884574303527,0.6767637556529238,0.0021821138848675888,0.4975947442404324,0.0019206190438782903,0.7011602487264702
1433,1167.5,5.0990195135927845,0.004367468534126582,1169.0433004865642,0.6768556023139493,0.002159934702898332,0.49754197679314804,0.0019192374879825338,0.7010858407521752
1434,1169.1,4.533210782657254,0.003877521839583658,1169.2007293570412,0.6769467029761269,0.002142582142111207,0.4974888673367775,0.0019196946471407596,0.7010109552730875
1435,1171.7,6.960603422117942,0.005940602050113461,1169.3529797838578,0.6770348136847895,0.0021296057695518993,0.497431725272836,0.0019208889322544925,0.7009303956146973
1436,1161.3,11.755849607748475,0.010123008359380415,1169.5029801760318,0.6771216194644932,0.0021162328391414837,0.4973759956719429,0.0019224218404604245,0.7008518230304179
1437,1161.5,6.726812023536855,0.005791486890690362,1169.641857808066,0.6772019810455316,0.002103463415123185,0.49732196151158786,0.0019253972861123713,0.7007756344796847
1438,1170.5,7.874007874011811,0.006727046453662376,1169.7705966016856,0.677276488289295,0.00209296588991013,0.49726366497417207,0.001925994134995188,0.7006934548449457
1439,1174.5,6.576473218982953,0.005599381199644915,1169.918729024129,0.6773622034462027,0.002072116949650485,0.49721379833070783,0.0019254851223707312,0.7006231341309824
1440,1169.5,8.54400374531753,0.00730568939317446,1170.07167542959,0.6774507246939997,0.0020555727290785418,0.49716399106040354,0.001923117422748494,0.7005529165629877
1441,1166.5,5.220153254455275,0.0044750563690143805,1170.2279645544227,0.6775411951651464,0.0020179307684265258,0.49711564518240275,0.0019054964053735275,0.7004847813346673
1442,1167.9,3.8794329482541645,0.003321716712264889,1170.3726688506486,0.6776249633294069,0.0019835766143241635,0.49705276218254235,0.0018887188824345316,0.7003961647427513
1443,1160.7,6.723094525588644,0.005792275803901649,1170.5340447375072,0.6777183898953112,0.001947438585480613,0.4969908005765024,0.0018697195108097345,0.7003088533101295
1444,1165.9,10.16366075781753,0.008717437822984415,1170.6802004272151,0.6778029995143852,0.00191354000186461,0.4969369752874383,0.00185337496130193,0.7002330038443012
1445,1170.7,7.412826721298698,0.006331960981719226,1170.848855940445,0.6779006323829122,0.0018938481355875014,0.496893244724576,0.001846004452993634,0.7001713721917078
1446,1164.9,9.607288899580361,0.008247307837222387,1171.0201681294836,0.6779998042503438,0.0018693478465639825,0.4968533533295517,0.0018358995486169637,0.7001151507644827
1447,1171.5,3.7080992435478315,0.003165257570249963,1171.211592933549,0.678110626283934,0.0018498316672485107,0.49682268573700006,0.0018273329553751153,0.7000719330674124
1448,1173.7,6.833739825307955,0.005822390581330795,1171.4086631301327,0.6782247189872483,0.00183258496517735,0.4967952469292274,0.0018195608606583244,0.7000332667103123
1449,1170.3,7.6452599694189605,0.006532735169972623,1171.6132055542405,0.6783431373659,0.0018163192950170078,0.49677195605071656,0.001812540546738701,0.7000004443004524
1450,1168.7,5.426785420486055,0.0046434375121811025,1171.8139890313273,0.6784593535063881,0.001801845899772799,0.4967481959760767,0.0018130031225358282,0.699966930286713
1451,1166.7,4.893873721296862,0.004194629057424241,1171.9887152283088,0.678560426686173,0.0017867651352233222,0.4967247778272693,0.0018272113346098557,0.6999338371647977
1452,1172.1,8.663140308225419,0.007391127299910775,1172.170314933394,0.6786654760629357,0.0017763613242628511,0.4967050051336647,0.0018446339433506275,0.6999058770581076
1453,1175.3,4.969909455915671,0.004228630524900597,1172.3880068743863,0.6787914374498658,0.001766915024466215,0.4967014105542965,0.0018587300903645178,0.6999007295934835
1454,1172.3,5.911852501542981,0.005042951890764293,1172.5896090370968,0.6789080945341723,0.001750837690554204,0.496696080417858,0.0018666555062836526,0.699893149196322
1455,1172.7,9.846319109189992,0.008396281324456375,1172.8096383368743,0.6790354594350834,0.0017344703406967697,0.4966994738856972,0.00186511593248065,0.6998979044229225
1456,1176.9,7.602631123499285,0.006459878599285653,1173.028100856777,0.6791619173269388,0.0017126196094866702,0.49670327955582244,0.0018609252603128156,0.6999032430656047
1457,1175.3,8.899438184514796,0.007572056653207518,1173.2374478517195,0.679283065824447,0.0016964265608479182,0.4966893480586102,0.0018672404025944652,0.6998835526029845
1458,1171.7,8.273451516749223,0.007061066413543759,1173.446017644364,0.6794037474205353,0.001685152482019205,0.49667334902052573,0.001880026451399641,0.6998609297793308
1459,1175.7,6.85200700525036,0.005828023309730679,1173.6694341099324,0.6795330451945649,0.0016718209504775457,0.4966640597571022,0.0018869696208165796,0.6998477842571494
1460,1174.9,5.856620185738529,0.004984781841636333,1173.9253815202314,0.6796812173959568,0.0016614543172140156,0.49666910264155045,0.0018859077297181475,0.6998548749991291
1461,1171.7,9.311283477587825,0.007946815291958542,1174.1543783645352,0.6798137291175228,0.0016697844363702812,0.4966634529197454,0.0019070626422541615,0.6998468347475858
1462,1172.3,5.044799302251776,0.004303334728526636,1174.3966896132267,0.6799539701147344,0.001673590752781992,0.4966642902592727,0.0019211088109097549,0.699847958733592
1463,1178.1,4.588027898781785,0.0038944299285135265,1174.6425658133896,0.680096305516201,0.0016732752751698532,0.49666102648285887,0.0019260297041967763,0.6998433349118112
1464,1174.3,6.2809234989768825,0.005348653239356964,1174.877489195605,0.6802322845807434,0.0016712526506610765,0.49664711386115823,0.0019335774401620586,0.6998236890340495
1465,1175.3,5.932958789676531,0.005048037768805012,1175.1113042061197,0.6803676041668258,0.0016745369201365988,0.49663290469583143,0.0019476365058393656,0.6998036053440543
1466,1170.1,4.929503017546495,0.004212890366247753,1175.360140189244,0.6805116412554277,0.0016738473751768828,0.4966253478094062,0.0019550491935204435,0.6997929183032966
1467,1178.3,4.295346318982906,0.003645375811748202,1175.6131757489943,0.680658114753353,0.0016753710573007526,0.49661784686727095,0.001962299580610881,0.6997823140777408
1468,1176.1,3.577708763999664,0.0030420106827647856,1175.8754887581129,0.6808099619373429,0.0016729318173071043,0.4966168468894218,0.0019672330771736603,0.6997808731575106
1469,1178.9,4.9295030175464944,0.004181442885356259,1176.1410243941193,0.6809636586040126,0.0016732733557041678,0.4966157523330506,0.0019771245571170103,0.6997792804203149
1470,1175.3,5.718391382198319,0.004865473821320785,1176.4139932145201,0.6811216676969094,0.0016733428270582018,0.49662063925286193,0.001984876226984589,0.6997861256016861
1471,1177.1,6.445928947793328,0.005476109886834873,1176.7003977518893,0.6812874491373655,0.0016710478711375182,0.49663806091862545,0.0019930945759787833,0.6998106275231379
1472,1177.3,3.3090784215548594,0.002810735090083122,1176.9922683274008,0.6814563915385358,0.0016784982298378207,0.4966642344041611,0.002006485436052102,0.6998474578766611
1473,1180.1,9.838699100999076,0.008337174053892955,1177.2935610210195,0.6816307917462858,0.0016820321807926157,0.4966945143485713,0.002017492632124479,0.6998900780071444
1474,1180.9,7.92464510246358,0.006710682617040884,1177.6023383174397,0.6818095331938034,0.0016849124752941706,0.4967174694222912,0.0020263880621159405,0.6999223851819074
1475,1181.9,6.107372593840988,0.0051674190657762815,1177.9008950288928,0.6819823617608232,0.0016822662942773028,0.4967378489922078,0.002031781838998045,0.6999510669689897
1476,1181.7,5.310367218940701,0.0044938370304990274,1178.2186886737518,0.6821663257870307,0.0016770046138347603,0.49676606143656177,0.0020365531079280332,0.6999907872285391
1477,1178.3,6.85200700525036,0.0058151633754140375,1178.5118441865457,0.6823360298452752,0.0016716580702395905,0.4967837437216184,0.0020401603924955396,0.7000156741899429
1478,1182.3,13.599632347971763,0.011502691658607598,1178.8148331647053,0.6825114341202264,0.0016639860758971363,0.49680126795072777,0.0020412544552463364,0.7000403461405289
1479,1184.5,8.276472678623424,0.0069873133631265716,1179.104686918554,0.6826792629477505,0.0016643459580007768,0.49681311217435253,0.0020392796841595686,0.7000570428688067
1480,1183.9,12.963410045200298,0.010949750861728438,1179.408044191949,0.6828549031829775,0.0016736487966731702,0.49683063499546665,0.0020427040271297904,0.7000817313638251
1481,1180.9,6.767569726275452,0.005730857588513381,1179.7112700433813,0.6830304693327944,0.001685656365963966,0.496848223256515,0.0020468875743035824,0.70010651448
1482,1178.3,2.7748873851023212,0.0023549922643658844,1180.030471158202,0.6832152837362873,0.0016943227484451566,0.49687279203442325,0.002049890264806522,0.7001411328628107
1483,1186.5,7.615773105863909,0.00641868782626541,1180.341219086868,0.6833952086195527,0.001697299267271602,0.4968941860539166,0.0020493801618243364,0.700171285795846
1484,1182.5,2.692582403567252,0.002277025288428966,1180.6599562159256,0.6835797563493057,0.0017161032715294117,0.4969194608353383,0.0020564559156669975,0.7002069023338782
1485,1177.7,6.260990336999411,0.005316286267300171,1180.9858302199118,0.6837684363353711,0.0017354167857217976,0.49694838829325,0.0020637980478455074,0.7002476663284731
1486,1181.7,6.099180272790763,0.005161360982305799,1181.3165950730775,0.6839599490735108,0.001754249332688777,0.49697800763210165,0.0020707616625226543,0.7002894065603803
1487,1181.5,5.0,0.004231908590774439,1181.6327082946673,0.6841429841057327,0.001774373030419188,0.4970022383737579,0.0020772227982977435,0.7003235609240253
1488,1185.9,4.642197755374064,0.003914493427248557,1181.9700003224614,0.6843382698940728,0.0017880267201795337,0.497036282557061,0.002083277641644632,0.7003715307652479
1489,1188.3,6.74166151627327,0.005673366587792031,1182.3273538954738,0.6845451695396465,0.0017971001572785713,0.49707979539612157,0.0020876080394133228,0.7004328434303988
1490,1188.9,10.92245393673052,0.00918702492785812,1182.6703366337047,0.6847437542336031,0.0018036542358720938,0.4971184290331112,0.0020896060855184495,0.7004872877789121
1491,1182.5,4.795831523312719,0.004055671478488557,1183.0210751850477,0.6849468303290852,0.0018144901650610063,0.4971616166152235,0.0020933783201700414,0.7005481472824444
1492,1184.1,3.577708763999664,0.003021458292373671,1183.3895107320743,0.6851601537812911,0.0018226311268959188,0.4972136635993416,0.002095722379163513,0.7006214919738271
1493,1181.3,4.08656334834051,0.003459378098993067,1183.7834116374736,0.685388199420262,0.001820385022185265,0.49727795931766394,0.002098006108631063,0.7007120759754758
1494,1186.1,8.974965180990955,0.00756678625831798,1184.1808168380537,0.685618274527315,0.0018170900100912663,0.49734540452410647,0.0020997051255204472,0.7008070987372541
1495,1185.5,8.261355820929152,0.006968667921492326,1184.56937441229,0.6858431994001926,0.0018218791902446041,0.49739593160350193,0.0021108817850529348,0.7008782517959383
1496,1183.5,8.04673846971554,0.006799103058483769,1184.9323519389602,0.6860533444329443,0.0018379097469381333,0.4974366882123703,0.0021206316823818346,0.7009356664077269
1497,1188.3,5.56327241828045,0.004681706991736472,1185.3168598343,0.6862759440979892,0.0018470541070956903,0.4974875720880901,0.0021296093950776036,0.7010073427591536
1498,1186.7,4.764451699828638,0.004014874610119354,1185.6928375030243,0.6864936066615224,0.0018548946315460617,0.4975360811749578,0.0021376082222771087,0.701075674649916
1499,1184.9,7.26636084983398,0.00613246759206176,1186.0554625957298,0.6867035562676242,0.0018686421139783003,0.49758031254892304,0.002144528366814126,0.7011379958066076
1500,1185.1,8.919080670113933,0.007526015247754564,1186.4216986550232,0.6869155829795417,0.0018700860240252063,0.49762750269917067,0.0021486743608748055,0.7012044733847056
1501,1184.5,4.2130748865881795,0.0035568382326620343,1186.7677595257026,0.6871158790420123,0.0018840243738954927,0.49767581538052486,0.002168784795664063,0.701272478977261
1502,1186.5,7.681145747868608,0.006473784869674343,1187.1002482027593,0.6873083597576845,0.0019008187786609385,0.4977254548733768,0.0021813238809793227,0.7013423978532203
1503,1184.1,7.436396977031283,0.006280210266895772,1187.409591275959,0.6874874252432625,0.0019285478649814912,0.49776597568872266,0.0022017803583456856,0.7013994516550168
1504,1188.1,8.44393273303382,0.007107089245883193,1187.7113097837096,0.6876620794250907,0.001949177445470963,0.4978040191051102,0.0022183025510374593,0.7014530208058726
1505,1182.9,7.231873892705818,0.006113681539188281,1188.0011731240413,0.6878298741327457,0.0019596569033174622,0.497837944661143,0.0022292154012828465,0.7015007963818316
1506,1182.9,6.024948132556827,0.005093370642114149,1188.2973963113025,0.688001351171553,0.001978581884244745,0.4978755173638379,0.0022439790564634113,0.7015537081267966
1507,1186.1,7.249137879775773,0.006111742584753203,1188.6046151942332,0.6881792173928976,0.001991484792171625,0.49790810089832516,0.002251360661724697,0.7015996140529394
1508,1184.5,6.670832032063167,0.005631770394312509,1188.879508108864,0.688338366770141,0.0020100020631533435,0.49793142718161193,0.002261485401171939,0.7016324732438074
1509,1191.9,2.9664793948382653,0.002488866007918672,1189.163731111368,0.6885029333662281,0.002022529980687749,0.4979645257338793,0.0022658744623586012,0.7016791198243879
1510,1188.7,2.9068883707497264,0.0024454348201814807,1189.455482640194,0.6886718730616953,0.002030572821715378,0.49800034697374207,0.00226539154815597,0.7017296186745607
1511,1186.7,12.607537428062626,0.0106240308654779,1189.748727917326,0.6888416786987432,0.002038776423782477,0.4980364940164471,0.0022647835899300413,0.7017805778045088
1512,1189.3,8.043631020876083,0.0067633322297789315,1190.0279546193408,0.689003370632444,0.0020569896767110565,0.4980686081128427,0.0022683706269775966,0.7018258547514722
1513,1186.5,6.892024376045111,0.005808701539018214,1190.3155987760745,0.6891699287841636,0.0020719886444458897,0.4981140876988519,0.0022719891791269597,0.7018899582804854
1514,1187.7,10.244510725261602,0.008625503683810392,1190.5895842865416,0.6893285844440582,0.002082427181319618,0.4981531339096989,0.0022723535205479506,0.7019450021145411
1515,1193.3,9.284395510748128,0.007780437032387604,1190.8397468645733,0.6894734342848287,0.002084396919525371,0.4981856443520707,0.0022711809096690647,0.7019908280003364
1516,1194.7,5.540758070878027,0.004637781929252555,1191.0855165676276,0.68961574798294,0.002089456122134093,0.49821347629965107,0.0022700452254121894,0.7020300678718014
1517,1195.5,10.618380290797651,0.008881957583268632,1191.348634841294,0.6897681160389657,0.0020870725459321378,0.49824786988545655,0.0022634062647284487,0.70207856505966
1518,1187.7,12.039518262787759,0.010136834438652655,1191.6017585966852,0.6899147029844239,0.002075262350242613,0.4982775317088214,0.0022511017337597744,0.7021203995618185
1519,1191.7,7.276675064890558,0.006106129952916471,1191.8394639761834,0.6900523687332972,0.002050632589657212,0.4983003396001481,0.0022314491067129275,0.7021525879809343
1520,1189.1,10.865081684000357,0.009137231253889797,1192.0970646190005,0.690201547253095,0.0020400420278341566,0.4983312022097057,0.0022197569842406883,0.7021961132578307
1521,1197.9,5.176871642217914,0.004321622541295528,1192.3233554606854,0.6903326083738486,0.002013462403155617,0.49834885727710754,0.002198257769444519,0.7022210448550873
1522,1188.1,8.82043082847998,0.007423980160323189,1192.5725118066316,0.6904769164724177,0.0020058802788538196,0.49837609415293765,0.0021840945781364638,0.7022594776513227
1523,1197.7,6.3796551630946325,0.005326588597390525,1192.7695964700895,0.6905910321811044,0.0019986107062856277,0.4983817403550077,0.0021789602602286158,0.7022674434761536
1524,1196.3,4.994997497496871,0.004175371978180115,1193.010164547625,0.6907303668398406,0.0019674935042967353,0.49840787023707467,0.0021536916181748756,0.702304322895854
1525,1198.3,5.953990258641679,0.004968697537045547,1193.250145758119,0.6908692868984107,0.0019562983223839446,0.4984340737857553,0.002153393020738051,0.7023412256933249
1526,1192.5,7.399324293474371,0.00620488410354245,1193.5368971518628,0.6910353499097459,0.0019419153984104316,0.49846531267406513,0.0021383130768226778,0.7023852868023841
1527,1191.3,9.922197337283713,0.008328882176851937,1193.8141943563573,0.6911959429287214,0.001911222974227501,0.49849223810443916,0.0021146794042745535,0.7024232780394736
1528,1192.9,12.340988615179905,0.010345367268991452,1194.119813168174,0.6913729124305131,0.0018924995867093506,0.49852861878324406,0.0021011674595743483,0.7024745724244228
1529,1201.5,6.020797289396148,0.0050110672404462325,1194.43126526757,0.6915532549404386,0.0018781397738441756,0.49856719250331805,0.0020906367002181047,0.7025289523862853
1530,1197.7,7.19027120489902,0.006003399185855405,1194.7831148051093,0.6917569698444332,0.0018934905799705198,0.4986225133378624,0.002097658558538534,0.7026069038920969
1531,1189.9,9.249324299644814,0.00777319463790639,1195.1384062385412,0.6919626738856852,0.0019116269739604516,0.49867928266099754,0.0021068023529843744,0.7026868926918751
1532,1185.3,4.08656334834051,0.003447703828853885,1195.5031778318757,0.6921738626037186,0.0019282789026436452,0.49872946839698,0.0021161134814528986,0.7027575993245291
1533,1196.9,6.6932802122726045,0.005592179975163008,1195.8828185827938,0.6923936531006961,0.0019549551552590612,0.49878543555160837,0.00213172725759642,0.7028364395393563
1534,1198.1,5.366563145999495,0.0044792280661042445,1196.258485126579,0.6926111361455528,0.001981880365674772,0.49883944421629545,0.0021488434240322647,0.7029125131514107
1535,1199.1,11.092790451459903,0.009250930240563676,1196.6184138031479,0.6928195119076271,0.0019943914956078593,0.498882441588745,0.0021580665874635094,0.7029730747677553
1536,1202.1,4.588027898781784,0.003816677396873625,1196.9952145149878,0.6930376527302622,0.0020124415645833738,0.49893214048213086,0.002170682326733285,0.7030430768553046
1537,1200.3,3.73496987939662,0.00311169697525337,1197.3548026099704,0.6932458311113149,0.0020241316095969343,0.49897445015286745,0.00217953282899649,0.7031026698875655
1538,1200.1,10.382677881933928,0.008651510609060852,1197.7103877383727,0.693451699891694,0.0020383180232741343,0.499014996781827,0.0021879441067869506,0.7031597864600923
1539,1196.7,8.303613671167511,0.006938759648339192,1198.0619882016613,0.6936552610349039,0.0020486446078411195,0.49906189724865124,0.0021946482744742584,0.7032258571615966
1540,1202.5,3.5355339059327378,0.002940152936326601,1198.4196244887642,0.6938623396120882,0.0020519087353773127,0.49911091143865527,0.0021933183297500164,0.7032949316701631
1541,1197.3,9.024965373894794,0.007537764448254234,1198.7598634013434,0.694059308603159,0.002062708605783628,0.4991524055902904,0.00220308884697591,0.7033533743260542
1542,1198.5,7.297259759663212,0.0060886606255012195,1199.0973516905833,0.6942546954670004,0.002061268971398184,0.4991926066777955,0.002204801233128136,0.7034100061737532
1543,1199.5,5.0990195135927845,0.004250954158893526,1199.421619000067,0.6944424171937211,0.002073758063154107,0.4992251489973315,0.002215315130574278,0.7034558288518391
1544,1203.1,4.129164564412516,0.00343210420115744,1199.7628043599393,0.6946399516332663,0.0020749933541208258,0.499264698261384,0.002216881497686282,0.7035115460501178
1545,1198.1,7.179832867135557,0.005992682469856905,1200.1040951711213,0.6948375488570463,0.002075819374795053,0.4992963938341039,0.0022178671060125604,0.7035561989845626
1546,1198.5,10.793516572461451,0.00900585446179512,1200.445106231308,0.6950349858590332,0.002076165377476457,0.49932872470461565,0.0022182728866435943,0.7036017494603812
1547,1196.3,7.19027120489902,0.006010424813925453,1200.7800816419797,0.6952289316567194,0.002071122999779384,0.49935941276876655,0.002215410066597178,0.703644991699915
1548,1200.3,5.019960159204453,0.004182254569028121,1201.1149228418935,0.6954228114824182,0.002060050736081126,0.4993910287278253,0.002207291963010913,0.7036895557266061
1549,1201.3,4.764451699828638,0.00396607983004132,1201.4529514601588,0.695618543414632,0.002053242608770724,0.4994250687124905,0.002199882745551088,0.7037375401638569
1550,1200.9,4.774934554525329,0.003976130031247672,1201.7782743285393,0.6958069221827451,0.002044943891088443,0.4994550420289746,0.0021910914421627257,0.7037797991228476
1551,1200.9,8.961026726887942,0.007461925828035591,1202.1069214405238,0.6959972246015858,0.002038007276953156,0.4994957051911494,0.0021831926359540564,0.7038371202105104
1552,1204.9,9.058145505565696,0.007517757079895174,1202.4251776767492,0.6961815054262442,0.0020196948888883282,0.4995329565499779,0.0021709431613849547,0.7038896325486328
1553,1203.5,8.558621384311845,0.007111442778821641,1202.7556228642911,0.696372814105731,0.0019992517692192357,0.4995822818518335,0.002163778007938831,0.7039591293769694
1554,1206.9,4.393176527297759,0.0036400501510462824,1203.0997866571918,0.696572100444613,0.00196402269140033,0.49963804922090416,0.002142530273613811,0.7040377420379552
1555,1199.3,5.805170109479997,0.004840465362694903,1203.4415196666762,0.6967699658025459,0.0019501812814629515,0.499693678367407,0.0021342481168440436,0.7041161392080992
1556,1204.3,6.648308055437865,0.005520475010743059,1203.788917067345,0.6969711013111608,0.0019310852784997499,0.49975265874534724,0.0021255142012018714,0.7041992542708904
1557,1202.3,9.562949335848225,0.007953879510811133,1204.1308088638432,0.6971690343543814,0.0019281860214162424,0.4997955711625176,0.002127412088164892,0.7042597112243001
1558,1207.1,7.1449282711585,0.005919085635952697,1204.4782144565972,0.6973701791021115,0.0019194291477763615,0.4998410620389201,0.002122557449332957,0.7043238225005384
1559,1217.1,9.620291055888071,0.007904273318452117,1204.8189666817502,0.6975675037784443,0.0018879202813962663,0.49988419740922535,0.002100420075940183,0.7043846517123742
1560,1202.5,5.1478150704935,0.004280927293549688,1205.1473183557682,0.6977576136560406,0.0018593907343730843,0.49992058119580446,0.0020871454401453216,0.7044359311460718
1561,1209.1,3.943348830626071,0.003261391804338823,1205.4886576222627,0.697955239907804,0.001838151304444836,0.49996285282902536,0.0020780000504036326,0.704495503967134
1562,1207.1,5.527205442174191,0.0045789126353857935,1205.8342679282546,0.6981553326664842,0.001817984752461249,0.5000075083881098,0.0020707887083401396,0.7045584284203388
1563,1208.3,4.466542286825459,0.003696550762911081,1206.1985537483654,0.6983662625627153,0.0017968889503390958,0.5000606321987978,0.002058017876449107,0.7046333128400132
1564,1203.1,4.4777226354476225,0.003721820825739858,1206.5600298575432,0.6985755675256454,0.0017763164639435565,0.5001134278164521,0.0020451222413468964,0.7047077366307583
1565,1207.1,9.69793792514677,0.008034079964499022,1206.910137444024,0.6987782649654516,0.0017653549466883059,0.500164454346134,0.0020420410737192005,0.7047796392254694
1566,1207.1,7.453187237685633,0.006174457159875432,1207.2644254341658,0.6989833719516294,0.001750813142256326,0.500218143887707,0.0020397857292117623,0.7048552840390201
1567,1204.1,11.036303729057117,0.009165603960681935,1207.6110177445867,0.6991840137308507,0.0017400703551687766,0.5002547968885233,0.002041260328878236,0.7049069122097047
1568,1196.7,5.044799302251776,0.004215592297360889,1207.984948263503,0.6994004726844304,0.0017467851518655313,0.5003029706876689,0.0020527898757644433,0.7049747610288681
1569,1206.5,2.0,0.0016576875259013675,1208.3484603673085,0.6996109037035009,0.0017452665287733835,0.5003471268170513,0.0020597823719511765,0.7050369484721131
1570,1206.9,5.224940191045253,0.004329223789083811,1208.733030139037,0.6998335163348789,0.0017633325161175925,0.5004004015330049,0.0020774752082323386,0.7051119717452237
1571,1207.5,6.689544080129826,0.005539995097416005,1209.1093431603567,0.700051359155251,0.0017781441426993957,0.5004507588300992,0.002091406211465254,0.7051828957985642
1572,1203.3,6.978538528947161,0.0057995001487136716,1209.4825966992937,0.7002674292757002,0.00179407948170606,0.5005004542940392,0.002106056409706988,0.7052528846382659
1573,1199.3,6.037383539249433,0.005034089501583784,1209.8381152452162,0.700473235893126,0.0017993005110216848,0.5005435197350234,0.0021149883926040902,0.7053135355169221
1574,1207.3,8.273451516749223,0.006852854731010704,1210.2340329722788,0.7007024329589515,0.001804217945844108,0.5006041090917395,0.0021237935887257783,0.705398879003388
1575,1203.1,8.488227141164401,0.007055296435179455,1210.6255658421492,0.7009290878387787,0.001805405629242868,0.5006637938958612,0.0021316635532142966,0.7054829453896101
1576,1204.1,6.4265076052238514,0.0053371876133409615,1211.0227195282823,0.7011590345828582,0.001792617331442929,0.5007268149705123,0.002125694998240448,0.7055717540591033
1577,1204.7,9.718538984847465,0.008067186008838271,1211.4288269892675,0.7013941616848427,0.0017784273991279702,0.5007946513418737,0.002119931702401298,0.7056673444765275
1578,1206.3,4.41021541423999,0.0036559855875321146,1211.8108033559731,0.7016152898829601,0.001773359586386574,0.5008537291090898,0.002123812978682621,0.7057505632742266
1579,1209.5,8.32165848854662,0.0068802467867272584,1212.1900745915577,0.7018348542480779,0.0017643319530257588,0.5009130105622277,0.0021255168774667785,0.705834071862954
1580,1212.9,5.272570530585627,0.004347077690317113,1212.5752284415325,0.7020578452461057,0.0017398383187781424,0.5009761469084674,0.0021164274933755567,0.7059230372658606
1581,1211.9,8.065358020571685,0.006655134929096199,1212.9589690696562,0.7022800110898894,0.001724109465021922,0.5010402255803867,0.002112546359291501,0.7060133196026153
1582,1210.1,5.319774431308154,0.004396144476744198,1213.3273782974302,0.7024932982719893,0.001708832387738938,0.5010996012905367,0.0021093350253843144,0.70609697296558
1583,1207.9,7.78138805098422,0.0064420796845634735,1213.693706735557,0.7027053832526369,0.0016992855367092814,0.5011577268287686,0.0021079918477555463,0.7061788685538739
1584,1211.9,5.705260730238365,0.004707699257561156,1214.0678478084933,0.7029219749764564,0.001691069729058616,0.5012207765498629,0.00211072326523734,0.7062676833760743
1585,1213.3,8.714929718592114,0.007182831713996632,1214.4281787687364,0.7031305736999757,0.0016851569223330443,0.5012799241638379,0.0021138087859001293,0.7063510031561885
1586,1215.1,10.95673308974897,0.009017145164800405,1214.7826196197025,0.7033357485687308,0.0016813353465626264,0.501338541953369,0.002120594637940233,0.7064335630378936
1587,1218.7,2.539685019840059,0.0020839296133913668,1215.1567938095795,0.7035523839811555,0.0016653006236845844,0.5014073047844216,0.002115116176987387,0.7065304560854578
1588,1215.7,7.19027120489902,0.005914511149871695,1215.5519817438576,0.7037811587406629,0.001636460371712633,0.5014868375059608,0.002110405443631183,0.7066425000017448
1589,1222.7,9.536770941990795,0.007799763590407128,1215.944648258884,0.7040084596892411,0.001615082228504348,0.5015590320291616,0.0021117026669854144,0.7067441911316007
1590,1218.3,9.82089608946149,0.008061147574047025,1216.3048504116591,0.7042169840304954,0.0015993239487660962,0.5016132141633871,0.002111076057312455,0.7068205194003282
1591,1223.3,12.853015210447703,0.010506838233015372,1216.6555769363238,0.7044200012915226,0.0015902854528748148,0.5016629350485771,0.0021174386232829,0.7068905377977894
1592,1221.1,11.160197130875423,0.009139462067705694,1216.9872875395838,0.7046120171307522,0.001588983865451442,0.5017064741211777,0.0021249413359418997,0.7069518494923612
1593,1215.3,6.496152707564686,0.005345307913737091,1217.3190600192322,0.7048040443599063,0.001601574672059483,0.501751785217333,0.0021427457646187027,0.707015631075795
1594,1222.7,4.41021541423999,0.0036069480774024616,1217.6352129811505,0.7049870388016808,0.0016112241369021212,0.501792491984277,0.002157133066930198,0.7070729360869176
1595,1225.3,12.497999839974394,0.010199950901799065,1217.982225005214,0.7051878923393959,0.0016452972125092823,0.5018418737120693,0.002182296968254819,0.7071424565389981
1596,1224.5,7.905694150420948,0.006456263087318046,1218.307238665952,0.7053760110395653,0.0016715812266080534,0.5018845991577883,0.002204052550308201,0.7072025991702945
1597,1220.1,8.834591105421914,0.007240874604886415,1218.6179465056903,0.7055558475705844,0.0017038580058750547,0.5019217995071038,0.002227913975450819,0.7072549571576999
1598,1227.9,4.695742752749558,0.0038242061672363855,1218.9038304098988,0.705721304360418,0.001737095929591014,0.501943267015871,0.0022534645816606057,0.7072851342878106
1599,1217.7,12.029131306956458,0.009878567222597074,1219.1816709065133,0.7058821189480085,0.0017634648238134436,0.5019644783577665,0.002273396656304525,0.7073149658865299
1600,1225.3,11.541230437002806,0.00941910588182715,1219.4524930519858,0.7060388558360874,0.0017955860115524077,0.5019859280619496,0.0022983213250363363,0.7073451204847782
1601,1222.7,5.6964901474504455,0.004658943442750017,1219.7452959565157,0.7062084036468164,0.0017818976191529183,0.5020196238068898,0.0022889257921355614,0.7073926234640174
1602,1227.1,9.058145505565696,0.007381750065655363,1220.0025861715926,0.7063573937404117,0.001760166854875557,0.5020313673946845,0.0022756453258822957,0.7074091966311526
1603,1217.1,11.599568957508723,0.009530497869943902,1220.2525268661248,0.7065021202730248,0.0017496583458824517,0.5020427442606277,0.0022683876189883065,0.7074252422387162
1604,1223.7,5.263078946776307,0.004300955256007442,1220.4638791789507,0.7066244694723809,0.0017518201759395323,0.5020409675938036,0.0022729250028979318,0.7074227175505678
1605,1214.9,6.107372593840988,0.005027057859775279,1220.6907959308064,0.7067558083559426,0.0017688569959397958,0.5020441394592035,0.0022874703804758078,0.7074271383499247
1606,1221.5,15.173990905493518,0.012422423991398705,1220.904909150653,0.7068797136736553,0.001785798058606454,0.5020446189938071,0.0023058990664813666,0.7074277459503323
1607,1227.1,9.071934744033381,0.007392987322983768,1221.1033749648202,0.7069945617823082,0.0018044676573027803,0.5020412977525427,0.002324460818320268,0.7074229997006739
1608,1215.1,6.931810730249348,0.0057047244920165815,1221.2964718257701,0.7071063573338563,0.001796228226582087,0.502038462127199,0.0023218306074716207,0.7074189982965565
1609,1213.9,7.8453808065638215,0.006462954779276564,1221.4727010089407,0.7072083856048781,0.0017906169405921372,0.5020314451418818,0.002320451510845241,0.7074091029718542
1610,1215.3,6.099180272790763,0.005018662283214649,1221.6410563781114,0.7073058423123489,0.0017909420102198929,0.5020240039564267,0.002323820556199103,0.7073985931989613
1611,1213.1,7.684399781375251,0.006334514699015127,1221.7723254802677,0.7073817818191064,0.0018193289122017274,0.502004195092427,0.0023465569306157365,0.7073706081290938
1612,1212.9,9.838699100999074,0.008111714981448654,1221.9292478358584,0.7074726255273308,0.0018125313574490218,0.5019978578688309,0.002345917380807789,0.7073616654600319
1613,1220.3,12.686607111438423,0.010396301820403527,1222.0638328152345,0.7075505363677538,0.0018071695490234846,0.5019853327403678,0.0023458140641899046,0.7073440025937948
1614,1224.3,7.276675064890558,0.005943539218239449,1222.1760647314243,0.707615479980147,0.0018153855621628437,0.5019645581223083,0.002355692732408363,0.7073146899641645
1615,1227.5,7.22841614740048,0.005888730058982061,1222.2659366124403,0.7076674647750314,0.0018245547845974041,0.5019375725070103,0.0023682933808761714,0.7072766135063857
1616,1218.9,7.569676347110224,0.006210252151210291,1222.3533264659327,0.7077180492012698,0.0018155737284326853,0.501912597404094,0.002367010499846334,0.7072414096462628
1617,1217.5,7.22841614740048,0.005937097451663639,1222.4082503884774,0.7077498172786834,0.0018205641010822545,0.5018773787715018,0.002374663804357317,0.7071917511796141
1618,1230.5,8.077747210701755,0.006564605616173714,1222.4321317113076,0.7077636358217075,0.0018127936875933317,0.5018325612556783,0.0023730025647710593,0.7071285915507091
1619,1227.3,6.078651166171653,0.004952864960622222,1222.4340828219888,0.7077647744600812,0.0018004738320891484,0.5017819450225417,0.0023663923701058437,0.707057279864989
1620,1219.9,12.330855606972293,0.010108087225979417,1222.4502637590062,0.7077742256020303,0.001753141310319075,0.5017404297823217,0.002332704563627939,0.7069988725139214
1621,1216.3,11.65975986030587,0.009586253276581328,1222.4148375221976,0.7077537331695833,0.0017435282829596293,0.5016889637747862,0.0023253398204640453,0.7069263743474679
1622,1224.5,6.442049363362563,0.005260963138719937,1222.3791573307467,0.7077331423241291,0.0017039049216150384,0.5016377104234941,0.002297480862641884,0.7068542300620126
1623,1222.1,7.602631123499285,0.00622095665125545,1222.322000454929,0.7077001128293247,0.001670250497902273,0.5015732555954048,0.0022725629148664483,0.7067634760673016
1624,1228.1,5.504543577809153,0.004482162346559037,1222.2139965262143,0.7076376640036118,0.0016382730994867266,0.5014895423959629,0.0022442123564009524,0.7066456023622348
1625,1220.3,11.133283433021905,0.009123398699518073,1222.0661734857129,0.7075520936803883,0.0016503469409109126,0.5013911564932247,0.0022450661261032854,0.7065069751631201
1626,1217.3,13.330416347586446,0.010950806167408565,1221.9723260031672,0.707497797073587,0.0016571621608202423,0.5013145254424629,0.0022395753591407243,0.7063990282555304
1627,1226.1,11.1265448365609,0.009074744993524916,1221.828830126662,0.70741477181235,0.0016524599484005987,0.5012191672536931,0.0022264178143852373,0.7062647100087723
1628,1226.5,11.726039399558575,0.009560570240161903,1221.6893251900592,0.7073340717240996,0.0016413680715435801,0.5011271430430693,0.0022079366283151423,0.706135108334208
1629,1225.5,5.766281297335398,0.004705247896642512,1221.5186378653939,0.7072353097242201,0.0016368232867182751,0.5010240798452898,0.002193334911715791,0.705989943381271
1630,1216.9,6.767569726275452,0.005561319521961912,1221.349181096509,0.7071372257986617,0.0016335573863023524,0.5009233280982566,0.0021860860641144337,0.7058480019282575
1631,1228.9,5.835237784358063,0.004748342244574874,1221.1458233873645,0.7070195162637392,0.0016289417269514782,0.5008105338156916,0.002177797884435439,0.7056890942710344
1632,1222.1,7.3688533707762165,0.006029664815298434,1220.9190863384847,0.7068882573857096,0.0016236711564841554,0.5006900681731181,0.0021718922038012406,0.7055193646935699
1633,1224.1,12.421755109484328,0.01014766367901669,1220.669105032126,0.7067435346797352,0.0016286153016079128,0.500562041908944,0.002170977913135035,0.7053389718237053
1634,1223.3,6.058052492344384,0.004952221443917587,1220.385891224802,0.7065795689265281,0.001636679326076888,0.5004224144095778,0.0021716355389651545,0.70514222865748
1635,1221.9,10.96813566655701,0.008976295659675105,1220.0652256440221,0.7063939189285235,0.0016445116563164094,0.5002695109927009,0.0021722642442160217,0.7049267784713269
1636,1224.5,8.396427811873332,0.006857025571150128,1219.7127613514917,0.7061898663410731,0.0016490863537166574,0.5001057047291957,0.002169968297509781,0.704695973846768
1637,1226.9,12.280065146407,0.010009018784258701,1219.3286543454287,0.7059674729821703,0.0016560615886258138,0.49993111413187813,0.002172672307270146,0.7044499532411705
1638,1220.7,11.734564329364767,0.00961297970784367,1218.9489747256807,0.7057476248062765,0.0016622452717541078,0.49976058187096023,0.0021787467751282212,0.704209632881224
1639,1218.5,4.0,0.003282724661469019,1218.5432505497047,0.7055127013734639,0.001660694152037261,0.49958363581785126,0.0021810568270439626,0.7039602822078018
1640,1226.3,7.242237223399963,0.005905763046073525,1218.0921565141527,0.7052515176539245,0.0016651882821271857,0.4993903039011508,0.0021840064419961923,0.7036878461973787
1641,1225.5,6.244997998398398,0.005095877599672296,1217.6233276598855,0.704980084956692,0.0016560417349544636,0.4991919710604395,0.0021778978381405056,0.7034083858624489
1642,1223.1,7.1449282711585,0.005841655033242172,1217.1331425623343,0.7046963040038599,0.0016394866676533938,0.4989872071595752,0.002165603397468006,0.7031198819441741
1643,1218.7,9.536770941990795,0.007825363864766387,1216.605411743797,0.7043907993827347,0.0016144598720765457,0.49876942934635765,0.0021471054380593365,0.7028130573078153
1644,1218.9,4.9295030175464944,0.004044222674170559,1216.0069142070872,0.7040442921426875,0.0016103632593754203,0.4985250720424001,0.002142542058111986,0.7024687453161469
1645,1223.3,7.362064927722384,0.006018200709329179,1215.3782722369428,0.7036803300545994,0.0016099385992810295,0.4982708424701118,0.0021396999564320444,0.7021105210761862
1646,1218.1,10.620734437881403,0.008719098955653398,1214.7217580040665,0.7033002623545881,0.001591172085413265,0.49800772509132757,0.0021233696970156275,0.7017398069474043
1647,1217.1,11.64259421263148,0.009565848502696147,1214.0727182646096,0.702924523057363,0.0015813991059192008,0.4977502640626241,0.0021102359612575686,0.701377061462457
1648,1220.3,4.43846820423443,0.0036371942999544617,1213.386508419989,0.7025272511605067,0.0015767124350801024,0.49748020854799196,0.0021013889625202888,0.7009965570668711
1649,1219.5,3.5,0.002870028700287003,1212.6787723898908,0.702117507573492,0.0015801610787416383,0.49720402430014576,0.002097329059337785,0.7006074094348946
1650,1216.1,8.61974477580398,0.007088023004525928,1211.9377377992469,0.7016884835140388,0.0015805901056885783,0.49691693621586913,0.00209235076168023,0.7002028962249633
1651,1220.7,9.82089608946149,0.008045298672451453,1211.1768844628455,0.7012479947959377,0.0015773494737550144,0.49662452238119004,0.0020838207495467286,0.6997908875613418
1652,1212.1,8.294576541331088,0.006843145401642677,1210.419581959641,0.70080955863653,0.001560423914641828,0.4963280584171983,0.0020707943227742205,0.6993731731321915
1653,1214.9,5.224940191045253,0.0043007162655735055,1209.6446413740462,0.7003609041918324,0.0015404244236832205,0.49601837953326944,0.002057885663694425,0.6989368340633801
1654,1208.9,8.234075540095562,0.0068112131194437596,1208.84758355274,0.6998994451826648,0.0015137802323802298,0.4957015148723897,0.0020422988226117297,0.6984903704423917
1655,1207.7,7.463243262818116,0.006179716206688843,1208.0291823863265,0.6994256260786148,0.0014958465315260462,0.49537782020812793,0.0020305449378871165,0.6980342793795494
1656,1209.7,8.757853618324527,0.0072396905169252925,1207.1745878901875,0.6989308571218459,0.0014809290988144605,0.49504124399682803,0.002018715300124211,0.6975600377472428
1657,1208.9,5.458937625582472,0.004515623811384293,1206.2835872444073,0.6984150016157535,0.001469209654848482,0.4946917362807303,0.0020097672518745524,0.6970675657348246
1658,1209.3,5.06951674225463,0.004192108444765261,1205.3691554918848,0.697885584765039,0.001452730983892858,0.49433465514414154,0.0019980208736129434,0.6965644283207629
1659,1209.1,11.182575731914362,0.009248677307017089,1204.4637578663696,0.6973613771338278,0.0014582069206603042,0.4939750323793374,0.0019989272132725005,0.6960576845445712
1660,1204.9,6.786015030929419,0.005632015130657663,1203.526288227196,0.6968186029252499,0.0014626037943036223,0.49359760367168526,0.001998844418968179,0.6955258532408688
1661,1197.9,7.651797174520506,0.006387676078571254,1202.5596314084619,0.6962589371601403,0.0014640165973252683,0.49320942319650224,0.001996063052109791,0.6949788795720933
1662,1199.7,10.207840124139876,0.008508660601933712,1201.5646205626635,0.6956828573211242,0.00146353293823224,0.4928108591647794,0.0019920379312453156,0.6944172770888393
1663,1200.7,11.289375536317321,0.009402328255448756,1200.5624932350004,0.6951026614519088,0.0014523570153518648,0.4924085748580328,0.0019831295768364516,0.6938504389239294
1664,1199.7,6.3796551630946325,0.005317708729761301,1199.5443627559987,0.6945132221448865,0.0014306653497849512,0.4919905351513588,0.0019654695726744227,0.6932614244209604
1665,1197.3,9.602083107326242,0.008019780428736526,1198.5069868029063,0.693912639311022,0.0014047398755465143,0.49156513951921255,0.0019463911934393071,0.6926620440738107
1666,1198.5,8.888194417315589,0.007416098804602076,1197.4599769575884,0.6933064738197495,0.0013926958449580879,0.49113221169120813,0.0019333626139204788,0.6920520398467179
1667,1196.5,5.0,0.004178854993731718,1196.3965313491126,0.6926908003420097,0.0013810320555705498,0.4906928550933949,0.0019186146281445836,0.6914329841300857
1668,1201.7,4.868264577855235,0.00405114802184841,1195.3131723501506,0.6920636010079326,0.0013700214445440896,0.490245658486092,0.0019031988443259117,0.6908028842821043
1669,1195.9,6.931810730249348,0.005796313011329833,1194.2286187011428,0.6914356925130655,0.0013641038037106711,0.489798314146217,0.0018935410188046912,0.6901725609609868
1670,1185.1,9.030503861911583,0.007620035323526777,1193.1404682038224,0.690805695197475,0.0013767666415289606,0.4893575660066619,0.0018920701092472335,0.6895515194186186
1671,1192.1,8.82043082847998,0.007399069565036474,1192.0138743421344,0.6901534455572962,0.0013731496572504406,0.4889008875367784,0.0018833384646798098,0.6889080419294069
1672,1188.9,7.05691150575094,0.005935664484608411,1190.9081171363678,0.6895132454419493,0.0013908858118673918,0.48845839045809586,0.0018857943153411602,0.6882845269290677
1673,1196.7,6.591661399070799,0.005508198712351298,1189.7595418184233,0.6888482603904423,0.0013956701526172777,0.487997813738344,0.0018821089116172528,0.6876355478431478
1674,1186.1,6.895650803223725,0.005813717901714632,1188.6691149672079,0.6882169763983191,0.0014077244230428128,0.4875605993168987,0.0018734104507518825,0.6870195226542293
1675,1192.9,3.4351128074635335,0.002879631827867829,1187.511146639204,0.6875465536526946,0.0014399965125870531,0.4870931707221259,0.0018800506568437856,0.6863608815628098
1676,1188.9,11.058933040759403,0.009301819363074608,1186.3774859710609,0.6868902619623307,0.0014528639504265335,0.4866370710534139,0.0018662964300349006,0.6857182662990302
1677,1191.9,9.370165420097983,0.007861536555162332,1185.2020057536395,0.6862096828661722,0.0014641564249273631,0.48616315226851503,0.0018690379978552724,0.6850504701522279
1678,1178.7,6.3992187023104625,0.005429047851285706,1184.0132229842095,0.6855214071726483,0.0015003820179919545,0.4856831408301849,0.0018805044855125473,0.6843740868713127
1679,1185.1,7.092249290598858,0.005984515475992624,1182.8217002237204,0.6848315599475466,0.0015316330247242796,0.48520139887570635,0.0018868712657688662,0.6836952780692808
1680,1179.9,3.6124783736376886,0.0030616818151010155,1181.6323227437629,0.6841429404400441,0.001559397947706895,0.48471995981545274,0.0018952804787138503,0.6830168820348688
1681,1188.9,10.620734437881403,0.008933244543596099,1180.3985746643277,0.6834286520004971,0.0015611311715121594,0.48421977142539535,0.0018882873510077244,0.6823120930200467
1682,1185.5,3.840572873934304,0.0032396228375658406,1179.1595792928556,0.6827113194786715,0.0015682064650293552,0.4837169115767634,0.0018848616388893865,0.6816035339442011
1683,1175.7,5.718391382198319,0.0048638184759703315,1177.907949982969,0.681986675292093,0.0015750342090260297,0.4832083792070915,0.0018806242948737582,0.6808869850337071
1684,1172.5,6.689544080129826,0.0057053680853985725,1176.6338536179019,0.6812490254698641,0.0015608120702051203,0.48269016942871623,0.0018669620045678617,0.6801568074339658
1685,1172.9,10.039920318408907,0.008559911602360734,1175.3454045452197,0.6805030644685764,0.001546463802023567,0.4821656397795248,0.0018534815770848995,0.6794177234065206
1686,1173.9,4.852834223420371,0.0041339417526368265,1174.0561399243086,0.679756622268962,0.001542947392015693,0.4816403724637661,0.001846585526515906,0.6786775921165438
1687,1169.9,7.8453808065638215,0.0067060268455114294,1172.7749741382909,0.6790148563055733,0.0015396151422430702,0.4811180533041658,0.0018427140805540457,0.6779416009403076
1688,1170.5,7.937253933193772,0.0067810798233180454,1171.476588763429,0.6782631214548009,0.0015295520414403032,0.4805883243777386,0.001835788434786885,0.6771951718645027
1689,1170.9,6.148170459575759,0.005250807463981347,1170.1722270009454,0.6775079250198529,0.0015104356509580265,0.4800558265826177,0.0018254020623599985,0.6764448412859597
1690,1172.9,2.3021728866442674,0.001962804063981812,1168.8688970926007,0.6767533223103913,0.0014920189771178236,0.47951538448126146,0.0018161741471441938,0.6756833114615682
1691,1162.1,12.521980673998822,0.010775303910161623,1167.561427043823,0.6759963199889933,0.0014777269665453866,0.47897058969049,0.0018092661314007084,0.6749156445336396
1692,1167.1,5.5497747702046425,0.0047551835919841,1166.270816480739,0.6752491059121161,0.0014505943677418488,0.47843209992720537,0.0017908742301453147,0.6741568932161197
1693,1161.5,11.884864324004713,0.010232341217395363,1164.9655385991077,0.6744934160568891,0.0014337701221152576,0.4778870029697555,0.0017727842588739198,0.6733888475430577
1694,1155.3,7.8230428862431785,0.006771438488914722,1163.6842169891715,0.6737516060594716,0.0014110794348879284,0.4773511637377565,0.0017499593715319135,0.6726338603635439
1695,1159.3,12.557866060760482,0.010832283326801072,1162.3864671109634,0.6730002778552506,0.0013959449414664834,0.47680803674036765,0.0017316189890505091,0.6718685947336952
1696,1165.7,4.177319714841085,0.0035835289652921716,1161.088676272329,0.6722489253096016,0.0013812871746188694,0.47627238821285667,0.0017135518993827803,0.6711138669901338
1697,1162.3,10.220078277586722,0.00879297795542177,1159.7937789827763,0.6714992383028603,0.0013677769483925412,0.47573792125858594,0.0016982760079658986,0.670360795938209
1698,1153.9,3.8794329482541645,0.0033620183276316527,1158.5149786177928,0.670758866332308,0.001368944965788941,0.4752119503347063,0.0016900960432370308,0.6696196874929415
1699,1159.9,11.360017605620161,0.00979396293268399,1157.231766902065,0.6700159319685862,0.001370105981579951,0.47468408482068575,0.0016839505702303185,0.6688759011955006
1700,1159.7,7.463243262818116,0.0064354947510719285,1155.954904226687,0.6692766644532131,0.0013781929149221713,0.47415876593157974,0.001682928785101555,0.6681356946467569
1701,1151.1,6.931810730249348,0.006021901424940794,1154.693625686203,0.6685464162390454,0.0013843345841591365,0.4736398090469266,0.0016820390387110435,0.6674044486835611
1702,1147.1,11.577996372429904,0.010093275540432312,1153.4452493313497,0.667823628888771,0.0013894611860029663,0.47311817117854094,0.0016830307716332949,0.6666694165294631
1703,1151.3,10.401922899156675,0.009034936940116978,1152.21697077605,0.6671124799112981,0.001401929346440997,0.472604301248804,0.0016865711468564825,0.6659453281666017
1704,1151.5,6.576473218982953,0.0057112229431028685,1151.004333525941,0.6664103930920925,0.0014130386499065966,0.4720904285996503,0.0016880657135790794,0.6652212430208513
1705,1146.1,7.317786550590281,0.0063849459476400675,1149.7859325338275,0.665704932761445,0.0014358506032252736,0.4715733859449938,0.0017034558274325814,0.6644926504319572
1706,1142.5,7.0710678118654755,0.006189118434893195,1148.5905000570897,0.6650127950403361,0.0014520308953652923,0.4710649753554666,0.0017101688899899719,0.6637762485963277
1707,1146.5,9.433981132056603,0.00822850513044623,1147.3975487363775,0.664322099344516,0.0014642712581934858,0.47055681161753765,0.001713912560655396,0.6630601993424736
1708,1143.1,4.588027898781784,0.0040136715062389855,1146.2155415186276,0.663637757110756,0.0014773131578497592,0.47005238302038865,0.001713933582474357,0.6623494295516895
1709,1145.3,6.1400325732035,0.0053610692161036415,1145.0469109302526,0.6629611429257004,0.0014878119983782274,0.4695527042661295,0.0017169644221593607,0.661645336401939
1710,1139.9,7.003570517957251,0.006144021859774761,1143.9003813677186,0.6622972878444925,0.0015199938630079796,0.4690613697808034,0.0017383693725749108,0.6609529585396249
1711,1145.1,6.0456596000767355,0.005279590952822231,1142.7736796145257,0.6616449406915672,0.0015525784294841787,0.4685774637996264,0.0017534153748700121,0.6602710781551295
1712,1141.7,7.049822692805827,0.006174846888679887,1141.661561341731,0.6610010308979823,0.0015742524148958192,0.46809885239038634,0.0017651974135843799,0.6595966521264702
1713,1139.5,9.082951062292475,0.0079709969831439,1140.5563322640114,0.6603611123842471,0.0016003388284144759,0.46762239744488704,0.0017784319811378953,0.658925267645529
1714,1130.1,12.451907484397722,0.011018412073619789,1139.4768523045536,0.6597361010884086,0.0016215426452564797,0.4671558479234384,0.0017897863465795398,0.6582678392768927
1715,1132.1,10.911003620199198,0.009637844377881104,1138.4178736484214,0.6591229595227919,0.0016449173302317296,0.4666970680468035,0.0018022295010014374,0.6576213578056148
1716,1136.3,3.3466401061363023,0.0029452082250605496,1137.3687795274627,0.6585155453056672,0.001664088126964924,0.4662397591454779,0.0018118000346091462,0.6569769526616513
1717,1135.3,11.638298844762494,0.010251298198504795,1136.338952319456,0.657919287131423,0.0016828014001003138,0.4657896225224151,0.001821026355285677,0.6563426550576429
1718,1132.7,8.34865258589672,0.007370577015888338,1135.3394312949924,0.6573405843906085,0.0017008664531933172,0.46535119720020796,0.001828067514132041,0.6557248681857427
1719,1132.1,3.5071355833500366,0.0030979026440685776,1134.3444326501724,0.6567645296760992,0.001695822779947488,0.4649139289000509,0.0018176992318284873,0.6551087451210724
1720,1129.9,8.974965180990955,0.007943149996451859,1133.3959993864717,0.6562154263861614,0.0017011085933755369,0.46449506310339145,0.0018142277621408251,0.6545185436190087
1721,1127.1,9.6591925128346,0.008569951657203976,1132.4448962001863,0.6556647880156079,0.001686801948476349,0.4640744349167834,0.0017990970859356533,0.6539258719138481
1722,1132.1,9.710818709048171,0.008577704009405681,1131.5034157509465,0.655119724778257,0.0016780421141352306,0.4636570970758627,0.0017856644025792381,0.6533378384046253
1723,1137.5,5.5901699437494745,0.004914435115384154,1130.584496478717,0.6545877501068847,0.0016651700929674323,0.46324836548371773,0.0017642340021624444,0.6527619601815152
1724,1128.9,7.519973404208288,0.006661328199316403,1129.6967050387493,0.6540737875710902,0.0016495693007994143,0.46285176327958366,0.0017437592949890552,0.6522031637039469
1725,1128.5,9.924716620639604,0.008794609322675768,1128.797804085417,0.6535533849442914,0.0016333911393618626,0.46244999889230537,0.0017247040671597854,0.6516370854774356
1726,1120.7,8.78635305459552,0.007840058048180172,1127.938482756103,0.6530558831565694,0.0016198129794734943,0.4620638533558119,0.001710384822164251,0.6510929987951484
1727,1118.9,5.481788029466298,0.00489926537623228,1127.0971521174429,0.6525687894893561,0.001608329695400622,0.4616844947205731,0.0016989723283962596,0.6505584663699019
1728,1118.1,2.355843797877949,0.0021070063481602266,1126.254403027941,0.6520808853783938,0.0016080233073195221,0.4613039863908958,0.0016902472893620122,0.6500223240096774
1729,1128.9,9.542012366372202,0.008452486815813802,1125.4346630656419,0.6516063035824251,0.0016087285290913088,0.46093234788459314,0.001681884036574193,0.6494986803581966
1730,1121.5,10.712142642814275,0.009551620724756375,1124.6408231651321,0.6511467078111414,0.0016089805791773175,0.46057077567689897,0.001675628909215702,0.6489892113174086
1731,1117.5,7.3484692283495345,0.006575811390021955,1123.8563722657893,0.6506925150589138,0.001622702966149213,0.46021252074522695,0.0016838575877470765,0.6484843841928848
1732,1115.7,6.3992187023104625,0.00573560876786812,1123.0849248201946,0.6502458523834658,0.001627189466636954,0.4598590767588111,0.0016873283442448556,0.6479863406296341
1733,1123.7,7.242237223399963,0.00644499174459372,1122.3317955743632,0.6498097746695556,0.0016349027912698098,0.4595126329721141,0.001697360751399406,0.6474981383765475
1734,1119.5,7.466592261534039,0.006669577723567699,1121.5859965018121,0.6493779352415314,0.0016304714814564171,0.45916870359879597,0.0017028722950671936,0.6470134718136661
1735,1122.3,9.311283477587825,0.008296608284405083,1120.8312309305318,0.6489409295068845,0.0016335574644611426,0.4588206311580104,0.0017059986554563713,0.6465229940049338
1736,1117.9,5.8779248038742375,0.005258005907392644,1120.0873428797336,0.648510220354041,0.0016390448174634197,0.458476553595273,0.0017105876424309478,0.6460381441054645
1737,1117.3,2.7748873851023212,0.0024835651884921876,1119.3691865172289,0.6480944094618607,0.0016434231419459244,0.4581425637217976,0.0017146367401759033,0.6455675085563122
1738,1117.9,2.747726332806817,0.0024579357123238363,1118.6470969080174,0.6476762850965403,0.0016709799266836193,0.4578065326770463,0.0017382375830500552,0.6450939593548008
1739,1115.3,8.212794895770866,0.007363754053412415,1117.9284223525467,0.6472601878469788,0.0017104660643726612,0.45747148215703753,0.0017560882569432577,0.6446218413118991
1740,1116.9,6.465291950097845,0.005788604127583351,1117.2620329966799,0.6468743536268782,0.00175756958641304,0.4571574225039526,0.0017800564055033654,0.6441792927982697
1741,1114.1,4.189272013130682,0.003760229793672635,1116.6025999412675,0.6464925582269239,0.0017956334979920623,0.4568458161808481,0.001797288061486999,0.6437402103877141
1742,1117.7,11.065712810298304,0.009900431967700013,1115.9726193495374,0.6461278121850811,0.0018475550880550737,0.4565477973012162,0.0018224745785801746,0.643320274413593
1743,1109.3,7.12039324756716,0.006418816593858433,1115.3766346913958,0.6457827501580033,0.0019061098564181632,0.45626343912016437,0.0018512554051781493,0.6429195854886822
1744,1120.1,5.813776741499453,0.005190408661279755,1114.7925522615888,0.6454446099774037,0.0019420596019129111,0.45598371619374234,0.0018621524146192495,0.6425254619348691
1745,1111.5,10.712142642814275,0.009637555234200876,1114.2449129329561,0.6451275496304201,0.001969695733281103,0.45571867947090877,0.0018732653876026577,0.6421520109597132
1746,1115.1,12.973048986263793,0.011633978106236027,1113.6696228764918,0.6447944795826992,0.0019796143065795506,0.4554478655021028,0.001875254125588999,0.6417704188805008
1747,1111.7,4.969909455915671,0.004470549119290879,1113.1260337496547,0.6444797664855331,0.001986305280734128,0.4551901902391687,0.001875011319402718,0.6414073432848035
1748,1106.7,8.743569065318807,0.007900577451268462,1112.6084994627277,0.6441801446245667,0.0019827401156102525,0.454943361174016,0.001868090114940811,0.6410595566717058
1749,1115.9,4.979959839195493,0.004462729491169004,1112.1057365512606,0.6438890827164704,0.001975947966605092,0.4547104168380218,0.001857855907432466,0.640731346290691
1750,1114.1,4.615192303685731,0.00414252966850887,1111.6199004051662,0.6436078074166512,0.0019654212174751787,0.45448510764147737,0.0018485720554168533,0.6404138809923028
1751,1113.9,4.4777226354476225,0.004019860521992658,1111.1505544037316,0.6433360988170648,0.0019452559826857278,0.454267278613942,0.001829992936102686,0.6401069738272184
1752,1114.9,3.5425979167836705,0.0031775028404194727,1110.68287575309,0.6430652898803946,0.0019281851073445152,0.4540508937247152,0.0018273886349026965,0.6398020316805363
1753,1108.7,4.41021541423999,0.003977825754703698,1110.2547483156181,0.6428173751874003,0.0019177992714999154,0.4538514637651603,0.0018295152248678417,0.6395209760380474
1754,1110.1,7.334848328356899,0.006607376207870372,1109.843172027696,0.6425790527407151,0.0019035672264689045,0.45365960934344873,0.0018276270048122492,0.6392506044298377
1755,1107.7,3.5637059362410923,0.00321721218402193,1109.4442213118034,0.642348054402026,0.0018990581634230888,0.4534737495831914,0.0018277475487403975,0.6389886929300119
1756,1106.9,8.142481194328912,0.007356112742188916,1109.043687780466,0.6421161557430455,0.0019005481982124616,0.4532881011647974,0.0018274783319454804,0.6387270980474152
1757,1110.1,8.44393273303382,0.0076064613395494295,1108.655161928772,0.6418912202894986,0.001910578120806676,0.4531082432940874,0.00182927611844108,0.6384736730525966
1758,1107.1,8.590692637965812,0.007759635658897853,1108.290033543981,0.6416798273203096,0.0019092827802156653,0.4529388547527307,0.0018261228811876306,0.6382349971083112
1759,1107.5,6.576473218982953,0.005938124802693411,1107.9406004972836,0.6414775331165785,0.001927278831312484,0.4527768113528253,0.0018305846096204836,0.6380066805782316
1760,1107.1,7.003570517957251,0.0063260505084972015,1107.5978846118717,0.6412791358771176,0.0019389954850778266,0.45261669072690214,0.001830110570739885,0.637781082238063
1761,1113.3,4.266145801540309,0.003831982216419931,1107.2560724703299,0.6410812874220138,0.0019455981500068624,0.45245804040813375,0.0018214013806278828,0.6375575845391939
1762,1105.7,5.215361924162119,0.004716796530851152,1106.9367564920162,0.6408964676886504,0.0019453833281219636,0.4523097061904037,0.0018081871628433674,0.6373486263836735
1763,1104.1,6.00416522091123,0.005438062875564922,1106.6171363607511,0.6407114586554157,0.001952075498410129,0.4521623937310009,0.0018015287843964455,0.6371410908529338
1764,1103.9,7.1449282711585,0.0064724415899615,1106.3238788826409,0.6405417045982915,0.001958609728007935,0.45202702160040176,0.0017966923979350887,0.6369503737283361
1765,1109.7,6.418722614352485,0.005784196282195625,1106.0471343824497,0.6403815179871125,0.0019672408743526236,0.45189958736373886,0.0017915295613576527,0.6367708474376844
1766,1105.1,7.877182237323193,0.007128026637700836,1105.7873098499433,0.6402311414800088,0.001978976508017406,0.4517802796732206,0.0017850514491456742,0.6366027857132549
1767,1105.1,13.930183056945088,0.012605359747484472,1105.538378350591,0.640087076168659,0.001998521913427024,0.4516684318507049,0.0017820165283852435,0.6364452415282236
1768,1102.9,6.28887907341205,0.005702129906076752,1105.31788558795,0.6399594702444621,0.002008339465496562,0.4515693409422409,0.0017749880414131747,0.6363056674161838
1769,1104.7,8.273451516749223,0.00748931973997395,1105.1196573442546,0.6398447417205049,0.0020290112077519145,0.4514805087708605,0.0017771459765431026,0.6361805336351838
1770,1109.1,6.407027391856539,0.005776780625603227,1104.9314854952224,0.6397358210597487,0.0020475542301212142,0.45139697245433946,0.0017814665612881692,0.6360628454921712
1771,1100.9,5.319774431308154,0.004832204951683308,1104.7338015894452,0.6396213278479466,0.002067257927939578,0.45131076261906966,0.0018009589350403998,0.6359413198391628
1772,1112.9,7.402702209328699,0.00665172271482496,1104.5776912960903,0.639530968336726,0.002077387038827892,0.45123343209967326,0.0018009912512455127,0.6358323730942356
1773,1107.3,4.711687595755898,0.004255113876777656,1104.4189797542265,0.6394390532168215,0.00209306545046218,0.4511502560743258,0.0018150787226688988,0.6357151332830024
1774,1103.9,8.488227141164401,0.007689308036202917,1104.2680684718948,0.6393516561935357,0.002109916041080565,0.45107081098306195,0.001829394479225194,0.6356031546662374
1775,1108.1,8.96102672688794,0.008086839388943183,1104.159117050089,0.6392885232433407,0.002121964229839116,0.4510090619049607,0.001847367232052723,0.6355160810779007
1776,1107.7,5.630275304103699,0.0050828521297316045,1104.0946303495907,0.6392511984811948,0.002103713667609832,0.4509660425334541,0.0018342626440024606,0.6354554733199863
1777,1104.3,4.494441010848846,0.004069945676762516,1103.9612698255064,0.6391739785197608,0.0020911851024153143,0.4508954721391702,0.0018283913486154756,0.6353560246513171
1778,1104.7,5.826662852782886,0.005274430028770603,1103.8369552808076,0.6391019887654497,0.0020826020020381004,0.45082919025205614,0.0018263654124389868,0.6352626100397037
1779,1107.9,7.283543093852058,0.006574188188331128,1103.7078225698983,0.6390271958158433,0.002085490726930948,0.45076154679661473,0.0018337863656790628,0.6351672606525092
1780,1104.7,6.2809234989768825,0.005685637276162652,1103.59357714374,0.6389610217808361,0.0020839390967333157,0.4507006020505938,0.0018387994077168584,0.6350813494815579
1781,1101.9,6.1278054799414114,0.005561126672058636,1103.4800637762614,0.6388952679832496,0.002087496388065019,0.45064058722957673,0.0018474516130649991,0.6349967461507872
1782,1108.5,6.442049363362563,0.005811501455446606,1103.3772245215318,0.638835702229607,0.0020967086773742657,0.4505855748585752,0.0018575613780138465,0.6349191988886126
1783,1101.7,5.805170109479997,0.005269283933448304,1103.2893588298978,0.6387848130364253,0.002109052330919261,0.4505373328129495,0.0018678964420904773,0.634851197983523
1784,1103.1,5.343220002957018,0.004843821958985603,1103.2081771826088,0.6387377960999986,0.0021080852017182137,0.4504924881458111,0.001870255027399996,0.6347879907949034
1785,1103.9,10.15135458941318,0.009195900524878321,1103.1394886395885,0.6386980126718009,0.00209822880282324,0.45045342527601645,0.0018675979377983573,0.634732933988006
1786,1103.3,6.2809234989768825,0.005692851897921583,1103.0678235808366,0.6386565023845723,0.0020728756779625998,0.45041383974183724,0.0018570821924203955,0.6346771395456756
1787,1106.3,4.522167621838006,0.004087650385824827,1102.9882217858983,0.6386104032555413,0.0020407848579351378,0.45037171886302785,0.0018415887874279472,0.6346177780795443
1788,1106.1,5.683308895353129,0.005138151067130575,1102.9174949823544,0.6385694615214916,0.0020177314642221005,0.45033393984661974,0.001827121840354,0.6345645537405866
1789,1102.5,4.847679857416329,0.004396988532803927,1102.8472752165956,0.6385288264764165,0.002000308817565267,0.45029709840356585,0.0018129202967884588,0.6345126626348865
1790,1103.7,6.058052492344384,0.005488857925472849,1102.7627518957336,0.6384798979294126,0.001998412753279156,0.45025327251517966,0.001809829188474818,0.6344509136195118
1791,1103.5,5.522680508593631,0.00500469461585286,1102.6892303710295,0.6384373381602539,0.001989697390332516,0.45021457230663947,0.0018032296309921944,0.634396388625883
1792,1103.3,6.942621983083913,0.006292596739856714,1102.6358430745136,0.6384064402622538,0.001981584088200638,0.4501847371252838,0.001795982902452919,0.6343543603444782
1793,1099.1,7.749193506423749,0.00705048995216427,1102.5992702943724,0.6383852460287676,0.0019766155450301206,0.4501624222290744,0.001797430377569123,0.6343228960964407
1794,1103.1,10.249390225764653,0.00929144250363943,1102.5705566870574,0.6383685759338513,0.0019754721497881825,0.4501439821844209,0.0018067046519123873,0.6342968637055078
1795,1104.7,10.986355173577815,0.00994510289995276,1102.5918106164258,0.6383808728773912,0.001962893999450068,0.45014661920259763,0.0018017568737727226,0.634300570794992
1796,1111.9,7.351870510285121,0.006611988947104164,1102.616054134003,0.6383949050207682,0.001950146785334005,0.45015116456371046,0.0017958137651975126,0.6343069708394238
1797,1100.9,4.006245124802026,0.003639063606868949,1102.6705091903932,0.6384264018437714,0.001953447713670428,0.45016874287982594,0.0018045476747379685,0.6343317039104291
1798,1101.9,7.419568720619818,0.00673343199983648,1102.703640597541,0.6384455395176414,0.001940186954952515,0.4501783258208302,0.0018072215155205693,0.6343451614580856
1799,1103.3,6.88839603971781,0.0062434478743023745,1102.7514672111854,0.63847318260464,0.001928507757813426,0.4501893312888516,0.0018113899286460711,0.6343606211007204
1800,1097.5,9.013878188659973,0.008213100855271046,1102.7991191765452,0.638500729083709,0.0019080648045805653,0.45020135580457765,0.001810005461179508,0.6343775207566691
1801,1103.5,7.905694150420948,0.007164199501967329,1102.8444297742276,0.6385268970565665,0.0018929173017464144,0.450206457132358,0.0018164396803234861,0.6343846406020568
1802,1100.1,9.581231653602789,0.008709418828836277,1102.8693173291429,0.6385412421482044,0.0018893733506916428,0.45020480205439,0.0018285089329941058,0.6343822419850647
1803,1093.3,7.661592523751182,0.007007767789034283,1102.8882100206697,0.6385521545130377,0.0019057336998490918,0.4502022807113087,0.0018425079260993844,0.6343786579709807
1804,1097.9,10.51427600931229,0.009576715556346014,1102.8982238862097,0.6385579267957272,0.0019156182433253922,0.4501977159160545,0.0018530091457052305,0.634372193764459
1805,1097.3,6.220932405998316,0.005669308672193854,1102.9155963358785,0.6385679527862403,0.0019281132209539966,0.4501977356664571,0.0018662624301078081,0.6343721823209383
1806,1094.9,6.913754406977442,0.006314507632639913,1102.9434511686425,0.6385840614149595,0.001934911385030975,0.4502036148307268,0.0018737106046703808,0.6343804431902325
1807,1101.7,6.591661399070799,0.0059831727322054995,1102.993125881854,0.6386127900097819,0.0019516487020970889,0.45021998099860977,0.001889062048561623,0.6344034682302201
1808,1103.3,8.07465169527454,0.007318636540627699,1103.0438237342205,0.638642128935549,0.0019545122004971153,0.450238345294657,0.0018935174433892849,0.634429330874688
1809,1104.9,5.319774431308154,0.004814711223919046,1103.102039654928,0.6386758147431302,0.0019597610920321904,0.45026135896480846,0.0019004335397462165,0.6344617383240759
1810,1106.3,8.857200460642177,0.008006147031223156,1103.1528096673646,0.6387052101714991,0.0019450353000554452,0.45028291425942263,0.0018928248693501832,0.634492116621852
1811,1100.1,11.249444430726346,0.010225838042656437,1103.216931384321,0.638742369102028,0.0019178745343073128,0.4503115005748438,0.0018719802305622614,0.6345324388309995
1812,1096.7,8.628441342444185,0.007867640505556838,1103.2922755608374,0.6387860360923903,0.0018894438789946264,0.45034624920150296,0.0018482392700587499,0.6345814554692533
1813,1104.1,5.9833101206606365,0.005419174097147574,1103.3747928666178,0.6388338463743253,0.0018658842305433012,0.4503855077771187,0.0018290110064962915,0.6346368166530431
1814,1105.1,8.080841540334768,0.007312317021386996,1103.4644074812975,0.6388857623862463,0.0018433111458647361,0.4504292459332091,0.0018109982393182537,0.6346984860855691
1815,1106.7,4.236744032862972,0.0038282678529528973,1103.5469310618664,0.6389335543706013,0.0018251301699250665,0.45047167261341137,0.0017992103495499795,0.6347582866651811
1816,1100.1,9.581231653602789,0.008709418828836277,1103.6418851731164,0.6389885416868142,0.0018110330687443172,0.4505207571411539,0.0017898850052493866,0.6348274655760564
1817,1105.1,4.642197755374064,0.004200703787326092,1103.7413628841089,0.639046157006552,0.001804478007890974,0.4505732726954184,0.0017823883225396013,0.6349014864128633
1818,1103.5,9.630680142129112,0.008727394782174094,1103.8393756062428,0.6391029156249722,0.001794163149829464,0.45062677534507545,0.0017748725847408142,0.6349768909731304
1819,1096.3,6.7786429320329304,0.006183200704216848,1103.9339012888656,0.6391576534577017,0.0017791627425052022,0.45068044024130904,0.0017654180082648,0.6350525214738723
1820,1101.1,9.92723526466458,0.00901574358792533,1104.0267510800109,0.6392114311385517,0.0017704995706544087,0.45073500739335237,0.0017568665688923687,0.6351294317585892
1821,1101.3,8.757853618324527,0.007952286950262896,1104.127546322327,0.639269807906541,0.0017625052508333846,0.45078684712503214,0.001748878865992145,0.6352024976512769
1822,1104.7,7.429670248402684,0.0067255094128747025,1104.228611903455,0.6393283415201421,0.001756305479001995,0.4508398921320581,0.001741706324318243,0.6352772622695916
1823,1104.9,6.465291950097845,0.005851472486286402,1104.3516195491106,0.6393995665857342,0.0017432082629303615,0.4508955454293602,0.0017339187098935642,0.6353556904382629
1824,1106.7,4.711687595755898,0.004257420796743379,1104.4788954454687,0.6394732296931668,0.0017270794675906395,0.45095377396540404,0.0017322273848418943,0.6354377139092369
1825,1104.1,5.683308895353129,0.005147458468755664,1104.6040300701884,0.6395456667900784,0.0017207404698138294,0.4510119483102633,0.0017322990943081245,0.6355196700192518
1826,1104.3,5.826662852782886,0.00527634053498405,1104.7563824623207,0.6396338408554118,0.0017104218007839692,0.451082043499109,0.0017353858514362766,0.635618408275063
1827,1104.1,5.224940191045253,0.004732307029295583,1104.8904572665167,0.6397114419456592,0.0016946640386455165,0.45114357986377396,0.001733696161786273,0.6357050952861131
1828,1107.5,4.769696007084728,0.004306723256961379,1105.0311066548554,0.6397928600459755,0.0016852215463247628,0.4512084601307936,0.001732749413071456,0.635796503798417
1829,1102.5,6.928203230275509,0.0062840845626081715,1105.1962850636564,0.6398884666544996,0.0016736921107632584,0.4512840016183456,0.0017338960622589412,0.6359029231144009
1830,1100.1,3.3241540277189325,0.0030216835085164376,1105.3611038922056,0.6399838824109132,0.0016702270970016231,0.4513547147900101,0.0017349651848170566,0.6360025549372306
1831,1103.3,5.426785420486055,0.004918685235644027,1105.5096204711558,0.6400698709856262,0.0016684178299528655,0.4514126608038195,0.0017341686782126418,0.6360842074318881
1832,1104.9,9.370165420097983,0.008480555181553065,1105.657202455192,0.6401553107655079,0.0016702083448142872,0.45147165758459284,0.0017368485672240096,0.6361673320949343
1833,1108.1,4.6690470119715,0.004213561061250339,1105.801259576685,0.6402387120607121,0.0016701874275057151,0.4515306222951631,0.001738126503834041,0.6362504122465724
1834,1108.7,6.438167441127949,0.005806951782382925,1105.9394595315414,0.6403187258982925,0.0016635974956887539,0.4515885774241687,0.001735422853866568,0.636332075693147
1835,1107.1,6.367888189973187,0.005751863598566695,1106.0620389228693,0.6403897000998188,0.0016523776192981076,0.4516415110616793,0.001729517930742443,0.6364066673688881
1836,1101.7,8.955445270895245,0.008128751267037528,1106.1965229827274,0.6404675607321053,0.001646106224968676,0.45170063743252414,0.001727402810232227,0.6364899796385877
1837,1108.1,5.458937625582473,0.004926394391826075,1106.3367218063788,0.6405487289401536,0.0016374297567498311,0.45176340391333775,0.0017244322467043329,0.6365784197839806
1838,1104.7,6.438167441127949,0.005827978130830043,1106.4582313462363,0.6406190868395127,0.0016279423141983148,0.45181982011456084,0.0017186847762059837,0.6366579237164464
1839,1106.3,8.378544026261364,0.007573482804177316,1106.5844647561742,0.6406921788006347,0.001614622268717476,0.45187942138010884,0.0017113719507172063,0.6367419159892275
1840,1107.1,8.188406438373708,0.00739626631593687,1106.715513543528,0.6407680561393023,0.0016038459386954731,0.4519422200103584,0.001705890890782913,0.6368304109933964
1841,1108.1,4.159326868617084,0.003753566346554539,1106.8410739823798,0.6408407562657589,0.0015937789664166905,0.4520022095044146,0.0017006504343635466,0.6369149479007001
1842,1106.3,4.177319714841085,0.0037759375529612988,1106.9627628766139,0.6409112155682866,0.0015804501787118805,0.45206381328347056,0.00169374581051653,0.6370017613912498
1843,1104.7,6.815423684555495,0.006169479211148271,1107.0761648665934,0.6409768873262176,0.0015741229490324983,0.45212342953658025,0.0016876580725108958,0.6370857836112437
1844,1109.1,7.351870510285121,0.006628681372540908,1107.2229020200527,0.641061834828002,0.0015691913835351608,0.4521980316492834,0.0016880502060265016,0.6371908944367562
1845,1112.9,7.684399781375251,0.006904843005998068,1107.3693594225167,0.6411466195605164,0.001563455774763606,0.45227386693365046,0.0016882720133864332,0.6372977423362192
1846,1104.1,10.620734437881403,0.009619359150331857,1107.5174362433602,0.6412323367655651,0.0015484729279281752,0.4523516861256893,0.0016854867088136787,0.6374073820570003
1847,1106.7,4.604345773288536,0.004160428095498813,1107.6516053436862,0.6413100045167756,0.0015198313647921584,0.4524215708227156,0.001675886876385102,0.637505849014253
1848,1104.3,8.613942186943213,0.007800364200799794,1107.7956851241383,0.6413934091749873,0.0015109930189922474,0.45248813432599394,0.0016755933772791842,0.637599628884675
1849,1107.1,6.767569726275452,0.0061128802513553005,1107.9237462405802,0.6414675438231909,0.0014866459190890295,0.4525483364957382,0.0016673383104491575,0.6376844550386881
1850,1097.5,8.261355820929152,0.007527431271917223,1108.0561529967845,0.6415441919291679,0.0014651702094815471,0.4526104566600302,0.0016611046141704953,0.6377719805919129
1851,1103.3,5.805170109479997,0.005261642444919784,1108.1868418552872,0.6416198504673492,0.00143968795670732,0.45267387633411704,0.0016520390952831923,0.6378613432077095
1852,1105.7,4.868264577855235,0.004402880146382594,1108.3349944964937,0.641705612888277,0.001429847539423329,0.4527463917210174,0.0016516321709069694,0.6379635099550531
1853,1111.9,3.0083217912982647,0.002705568658420959,1108.4818459905473,0.6417906199063379,0.0014173154078465319,0.4528202986159364,0.001650606530764206,0.6380676356705491
1854,1110.1,4.722287581247038,0.004253929899330725,1108.621215147695,0.6418713044510463,0.0014113184540409283,0.45289303264196656,0.0016500781658954358,0.6381701176817423
1855,1103.5,5.0990195135927845,0.004620769835607417,1108.7648699855133,0.6419544624614361,0.0014008709073695632,0.45296936191185894,0.0016495826330915717,0.6382776586537263
1856,1108.9,6.06630035524124,0.00547055672760505,1108.8986788083891,0.6420319306601223,0.00139576562023349,0.4530381382409077,0.001648729844930143,0.6383745668929771
1857,1109.7,4.324349662087931,0.0038968637127943864,1109.0404365684292,0.6421139901492304,0.0013867427007585682,0.45310517097497227,0.0016488846984464365,0.6384690076212466
1858,1109.5,5.894913061275798,0.005313125787540151,1109.174354677208,0.6421915187662669,0.0013815558755627525,0.45317155931121655,0.0016487013395142629,0.6385625479443215
1859,1107.3,7.563068160475615,0.006830188892328741,1109.3025937536283,0.6422657553058985,0.0013660620296862983,0.4532381354635898,0.0016452296505806872,0.6386563500518252
1860,1109.5,4.031128874149275,0.003633284248895245,1109.4229408888827,0.6423354302697246,0.001353836296546342,0.453303944718037,0.0016412963067640779,0.6387490787405264
1861,1113.5,9.300537618869138,0.008352525926240806,1109.5448405114366,0.6424060060411063,0.0013395801406778948,0.45337279549801685,0.00163610197867899,0.6388460956971864
1862,1109.9,3.8144462245521304,0.003436747657043094,1109.670184818678,0.6424785704909214,0.0013254294108692825,0.4534382889503045,0.0016323727154653176,0.6389383758389772
1863,1114.1,4.505552130427524,0.004044118239320998,1109.7789415477355,0.6425415414069916,0.0013153991625270073,0.4534926664357283,0.001627790482682431,0.6390150024047715
1864,1111.1,9.939818911831342,0.008945926479913007,1109.9081152190706,0.6426163369445801,0.001305918774693958,0.45355859421253963,0.001622582780481132,0.6391079074102475
1865,1112.9,6.00416522091123,0.005395062647956896,1110.0330490505523,0.642688676915759,0.001300089042462864,0.45362593382132516,0.0016190489565467842,0.6392028015397234
1866,1113.1,8.203657720797473,0.007370099470665236,1110.1530693738957,0.6427581738931197,0.0012921319947391944,0.45369256519658263,0.001614215194195796,0.6392967002320388
1867,1113.3,7.085195833567341,0.006364138896584336,1110.299436140523,0.6428428942311564,0.0012729201774714408,0.45377310235138024,0.0016125786849200442,0.639410165608472
1868,1117.3,5.890670590009257,0.00527223716997159,1110.4497054771123,0.6429298731662809,0.0012592873941495682,0.4538529620143434,0.0016134457085293346,0.6395226750207782
1869,1113.7,4.024922359499621,0.0036140094814578624,1110.6011868937157,0.6430175731744014,0.001239255526077237,0.4539366868297095,0.0016071579513325057,0.6396406516758415
1870,1107.5,7.053367989832942,0.006368729561925908,1110.756567568587,0.643107553845849,0.001215224315834091,0.4540181733334553,0.0015936917779284985,0.6397554982308449
1871,1109.9,6.00416522091123,0.005409645212101297,1110.894956812902,0.643187697192724,0.0011910662632057041,0.45409642525609994,0.001580140531228201,0.639865787560628
1872,1105.3,4.919349550499538,0.004450691713109145,1111.0221514856062,0.6432613603286572,0.0011701363724325232,0.45417373607681333,0.0015675382376154107,0.6399747513225996
1873,1113.5,3.774917217635375,0.003390136701962618,1111.1524235935608,0.6433367875058628,0.0011436391186706034,0.45425586441874444,0.0015574924223264656,0.640090486599942
1874,1107.3,4.8166378315169185,0.004349894185421222,1111.272097234829,0.6434060488036175,0.0011216071335562621,0.4543353591877379,0.0015568043862094012,0.6402024800845718
1875,1113.1,8.339664261827332,0.007492286642554427,1111.3827377948887,0.6434700381863665,0.001146083741787871,0.45441468904211274,0.0015835076483941796,0.6403141860471402
1876,1114.7,4.685082710048992,0.0042029987530716705,1111.491544547956,0.6435330098752686,0.0011552364370776731,0.4544967202586845,0.0015934616529803302,0.6404297457391348
1877,1111.9,7.039176088151226,0.0063307636371537235,1111.5717366959293,0.6435794274554727,0.001162256390270209,0.45457042414185767,0.001599293168862714,0.6405335864079427
1878,1111.3,2.1095023109728985,0.001898229380880859,1111.6580683760299,0.6436294307134188,0.0011571058163465109,0.4546463610446165,0.0015929757937071284,0.6406406079835529
1879,1107.9,4.695742752749559,0.00423841750406134,1111.7403177831932,0.6436770548595355,0.001149847787725822,0.45472408702427014,0.0015898004528395841,0.6407501359238227
1880,1110.7,5.826662852782886,0.005245937564403427,1111.8281463489943,0.6437278896746613,0.0011387325606019873,0.4547985353321214,0.0015901594090286437,0.6408550268303934
1881,1112.1,3.361547262794322,0.0030227023314399084,1111.9012194006073,0.6437701796300225,0.0011305787940620352,0.4548708455453186,0.0015920289727192306,0.6409569030515903
1882,1113.3,5.357238094391549,0.0048120345768360275,1111.9471510280696,0.6437967629409379,0.0011249114691207803,0.4549358605769635,0.0015928351093726055,0.6410485062899498
1883,1113.3,8.105553651663778,0.007280655395368524,1112.0030363876801,0.6438290979259251,0.0011481499239751572,0.45500687851739074,0.0016067315597732904,0.6411485486827647
1884,1112.3,3.3466401061363023,0.003008756725826038,1112.0530494165819,0.6438580489041164,0.0011670526201664106,0.4550792453092568,0.0016151808423344335,0.6412505093738107
1885,1108.1,4.6690470119715,0.004213561061250339,1112.0803703694082,0.6438738637979923,0.0011711750886016347,0.4551334572064971,0.0016177268831809206,0.6413268959466137
1886,1112.7,7.513321502504734,0.0067523335153273426,1112.097787788396,0.6438839420128633,0.0011766793910491656,0.45518802600198516,0.0016214500560946129,0.6414037825385066
1887,1117.5,5.291502622129181,0.004735125388929917,1112.104112775389,0.6438875888961536,0.001161477910201428,0.45524236277082075,0.0016199303442017458,0.6414803390314898
1888,1108.7,7.362064927722384,0.006640267816111107,1112.1173747155713,0.6438952442384519,0.0011697601361710388,0.4553019551226184,0.001628817216596716,0.6415642866266615
1889,1109.3,7.463243262818116,0.0067278853897215505,1112.148405637207,0.64391320093321,0.0011854669309555004,0.45537304978990295,0.0016370975204637794,0.6416644510380654
1890,1112.7,7.886697661252142,0.0070878922092676745,1112.1784467109278,0.6439305694611043,0.0012023868599200644,0.45543532051112845,0.0016494765430170879,0.6417521662471072
1891,1112.3,6.648308055437865,0.005977081772397613,1112.1782192498379,0.643930417258833,0.0012215342363256993,0.45549005976710816,0.0016616580158541885,0.64182927268096
1892,1111.3,10.940749517286282,0.009845000915402035,1112.169371449195,0.6439252702281004,0.0012393158570858955,0.4555460166348596,0.00167427708033462,0.6419080920754727
1893,1113.3,4.11703777004778,0.0036980488368344383,1112.1385690344473,0.6439074233951568,0.0012550882156016799,0.45559761371756136,0.0016833945352613376,0.6419807782794534
1894,1111.1,7.877182237323192,0.007089534908939962,1112.103220012399,0.6438869300338204,0.0012691841566748983,0.45565186602183905,0.0016952769446975488,0.6420571928590358
1895,1109.5,6.946221994724902,0.006260677778030556,1112.079477257819,0.6438731507398385,0.00128622812819383,0.45571348395095146,0.0017096000533475516,0.6421439813586369
1896,1113.3,8.526429498916883,0.007658698912168224,1112.0275995708803,0.6438430833152861,0.001307956818116155,0.4557679830575455,0.0017253308171319016,0.6422207403222313
1897,1111.3,10.73312629199899,0.00965817177359758,1111.970173750648,0.6438098255809832,0.0013061230955341804,0.45581193319660296,0.0017269607086118598,0.6422826619577894
1898,1112.9,4.129164564412516,0.0037102745659201328,1111.8999133730624,0.6437691281359282,0.0013060115699491085,0.45585564124806066,0.0017312897865012378,0.6423442344333191
1899,1111.3,5.333854141237835,0.004799652786140408,1111.8357796294276,0.6437319711445022,0.0013212905342105603,0.4559067532126534,0.0017430191577725012,0.6424162291672673
1900,1113.3,3.9623225512317903,0.003559078910654622,1111.7636852705498,0.6436902049265829,0.0013348870707334576,0.4559593666277788,0.0017541461548075906,0.6424903394043567
1901,1113.7,9.984988733093292,0.00896560001175657,1111.6780251671378,0.6436405853653793,0.0013486446278260346,0.4560092568653255,0.0017650997308563572,0.6425606134337905
1902,1110.3,1.3038404810405297,0.0011743136819242815,1111.582540139045,0.6435852665516654,0.0013625122703910687,0.45605615117088166,0.0017785383967196119,0.6426266562477667
1903,1115.5,4.716990566028302,0.0042285885845166305,1111.4749458145916,0.6435229454904949,0.001374851031207309,0.4561028186459547,0.0017893745650590538,0.6426923884103168
1904,1107.1,7.317786550590281,0.006609869524514752,1111.3610416672177,0.6434569713145225,0.001390345576781074,0.45614251037353704,0.0018013549897443533,0.6427482898855456
1905,1112.3,4.3531597719357835,0.0039136561826267945,1111.2292060910831,0.6433806218091205,0.0014070322984461685,0.4561781207685812,0.001812304503220343,0.6427984458204099
1906,1115.1,8.648699324175862,0.007755985404157352,1111.093718936534,0.6433021464181403,0.0014215602952948562,0.45621728947301826,0.001825027185058465,0.6428536052348992
1907,1108.5,4.949747468305833,0.004465266096802736,1110.9643671309202,0.6432272411200151,0.0014245424243538574,0.4562638940754125,0.0018293224459707959,0.6429192636539546
1908,1110.1,5.792236183029833,0.00521776072698841,1110.8253132819038,0.6431467256746239,0.0014296623120948196,0.45631128978722246,0.001832874036278926,0.642986042453542
1909,1110.3,5.848076606885378,0.005267113939372583,1110.6760981098132,0.6430603266100593,0.0014355343850794209,0.4563537390971663,0.0018367949286685827,0.6430458500375146
1910,1109.1,6.749074010558782,0.00608518078672688,1110.5284547722881,0.6429748198340801,0.0014326947216957834,0.4563944779234652,0.0018411781299326655,0.6431032314990197
1911,1109.5,5.5,0.004957187922487607,1110.386969442657,0.6428928622098621,0.001433990362801831,0.4564448646070244,0.0018507433907188015,0.6431741921318119
1912,1109.1,6.8044103344816005,0.0061350737845835375,1110.2403447124948,0.6428079177937348,0.001434365643233987,0.45649650055266344,0.0018623416745312397,0.6432469027395744
1913,1111.9,7.553145040312677,0.00679300750095573,1110.096376832441,0.6427244996291004,0.00144287793664628,0.4565543649471232,0.0018796301092970352,0.6433283758972208
1914,1113.5,5.545268253204709,0.004980034354023088,1109.9367078624039,0.6426319917050577,0.0014508380845296238,0.45661075519649563,0.0018963978676689206,0.6434077728420261
1915,1110.7,8.167006795638168,0.007353026735966658,1109.759142323543,0.6425291402556,0.0014554011593213405,0.4566646112984373,0.0019078856302098732,0.6434836174377837
1916,1108.1,8.988882021697693,0.008111977277951172,1109.575723626939,0.6424228891960871,0.00145916577809583,0.45671711993679204,0.0019212740110051158,0.6435575535526312
1917,1109.1,4.852834223420372,0.004375470402506873,1109.3810741043892,0.6423101345316542,0.001465337383057725,0.45676073169574244,0.0019357172132903261,0.6436189514006382
1918,1110.5,6.782329983125268,0.006107456085659854,1109.1718712552865,0.6421889524700178,0.0014785511482061193,0.4568016269802153,0.0019530387567014348,0.6436765190309037
1919,1104.3,3.52845575287547,0.0031951967335646747,1108.955927017242,0.6420638714554121,0.0014979598745974052,0.45684285200863445,0.0019717804962572547,0.6437345552994331
1920,1105.5,3.905124837953327,0.0035324512328840586,1108.7229725242755,0.6419289440635136,0.0015158821323932006,0.4568819370450279,0.001989431609191992,0.6437895780745105
1921,1107.3,7.710382610480495,0.006963228222234711,1108.4889035591189,0.6417933685619737,0.0015335390977478183,0.45691983191720453,0.0020074800752117494,0.6438429209821169
1922,1112.3,12.676750372236569,0.01139688067269313,1108.235507721918,0.6416466119910711,0.0015515322545305568,0.456954652041786,0.002023823177995788,0.6438919393809103
1923,1107.1,11.577996372429904,0.01045794993445028,1107.968813690201,0.6414921571628479,0.0015696191589574292,0.45698339534175875,0.0020399213666994396,0.6439323959785648
1924,1106.5,8.54400374531753,0.00772164821086085,1107.6924019281093,0.6413320671439127,0.001592714749842969,0.45701328272863495,0.0020597112828923004,0.6439744552775084
1925,1110.7,7.032069396699666,0.0063312050028807645,1107.401905879919,0.6411638246461902,0.001615639519282903,0.4570405191198099,0.0020789917823569775,0.6440127810333676
1926,1111.1,6.328506932918696,0.005695713196758795,1107.0974606278862,0.6409875185509298,0.0016307559268503883,0.45706691150560985,0.0020926972133588177,0.6440499324204645
1927,1106.9,4.852834223420372,0.004384166793224655,1106.7646956858275,0.6407948208595309,0.0016489041397274918,0.45708634071793197,0.0021066389138644664,0.6440772771916119
1928,1108.1,6.6558245169174945,0.006006519733704084,1106.4334825338706,0.6406030149476158,0.0016679251794684772,0.45711095693590015,0.0021222111073974505,0.6441119231650324
1929,1108.9,5.272570530585627,0.004754775480733724,1106.0967970689828,0.6404080392348963,0.0016843988145363493,0.45713404811282843,0.0021370260567692076,0.6441444198499577
1930,1105.7,12.940247292845681,0.011703217231478413,1105.7668404434596,0.6402169456214025,0.0016986930175859716,0.45715526956515057,0.002153505940927135,0.6441742682048275
1931,1107.1,6.5612498809297,0.005926519628696324,1105.437350418195,0.6400261192427439,0.001715350712239117,0.4571815390513441,0.0021714355436534116,0.6442112278765872
1932,1106.7,5.911852501542981,0.005341874493126395,1105.1041303796571,0.6398331299818745,0.0017302977382485643,0.45720911270524545,0.0021892360630286645,0.644250023116544
1933,1107.3,4.711687595755898,0.004255113876777656,1104.7674940672807,0.6396381543352996,0.0017471499549908788,0.4572398673590822,0.0022093063422766136,0.6442932923027888
1934,1108.7,4.842520005121301,0.0043677460134583755,1104.4122577125495,0.6394324132135285,0.0017651383878210128,0.45725458841533684,0.002229031926680628,0.6443139723270743
1935,1105.5,7.952986860293433,0.0071940179649872754,1104.0429769863472,0.6392185454505931,0.001777286136866314,0.4572685462477463,0.002245449757046246,0.644333581277175
1936,1101.5,6.164414002968976,0.00559638130092508,1103.681502271567,0.6390091930625565,0.0017951332448283214,0.457290584093409,0.0022648734949026815,0.6443645704521264
1937,1107.1,3.7483329627982624,0.003385722123383852,1103.3222693993434,0.6388011472326338,0.0018143527656268943,0.45731819565882176,0.0022832810296589323,0.6444034193388705
1938,1107.9,4.801041553663121,0.004333461100878348,1102.9768117798762,0.6386010618827476,0.0018425387002608238,0.45735596073921386,0.002308020113745435,0.6444565614966657
1939,1106.1,6.328506932918696,0.005721460024336585,1102.6306472008841,0.6384005886716213,0.0018565428647725317,0.45739767491486844,0.002323148351786901,0.6445152908109477
1940,1109.3,6.260990336999411,0.005644091171909683,1102.2764613503582,0.6381954712705727,0.0018718844350107393,0.4574382744690485,0.002338795277414432,0.6445724491651638
1941,1104.1,8.905054744357274,0.00806544221026834,1101.9365569188758,0.6379986628645047,0.001869241343839196,0.4574759807309213,0.0023400054615425213,0.6446255741470182
1942,1101.5,8.902246907382429,0.008081930919094352,1101.5895279877425,0.637797729765997,0.0018674084152545851,0.4575153305210534,0.0023415194986177628,0.6446810150615283
1943,1103.1,10.632497354808041,0.009638742956040289,1101.2254996082677,0.6375869305905588,0.0018786789719381176,0.4575520003507985,0.002352521690723141,0.6447326533637062
1944,1097.7,8.700574693662482,0.007926186292850945,1100.8498311471856,0.6373693998354636,0.0018922854236258463,0.4575879919009635,0.0023631270623764226,0.6447833435569643
1945,1098.7,8.997221793420456,0.008188970413598303,1100.468141677763,0.6371483802408541,0.0019073554427539738,0.4576235894388952,0.002374829505415739,0.6448334755387964
1946,1095.1,4.533210782657255,0.004139540482747927,1100.076311278329,0.6369214907504539,0.0019274184025682678,0.45765880812569754,0.0023883682678070414,0.6448830719695859
1947,1102.3,3.801315561749643,0.0034485308552568658,1099.6844606601314,0.6366945880265926,0.0019474803070079429,0.45768482162580193,0.0024021369623746366,0.6449196956321173
1948,1099.5,8.587782018658833,0.00781062484643823,1099.280261432105,0.6364605720941021,0.0019478342282468037,0.4577099427962338,0.0024015176562213153,0.6449551050120184
1949,1091.5,8.411301920630361,0.007706185909876648,1098.8670195363866,0.636221318776302,0.0019498685703022035,0.45773531067735995,0.0024019285642044104,0.6449908600204847
1950,1105.3,7.6452599694189605,0.006916909408684484,1098.434851309302,0.6359711103293162,0.001946767545419491,0.45776244548835976,0.002399726425870203,0.6450291070335543
1951,1095.1,12.808200498118383,0.011695918635849132,1097.9726005251712,0.6357034337704525,0.0019700082500674343,0.45778096482617603,0.002417228006592492,0.6450551579072128
1952,1094.3,6.960603422117942,0.0063607817071351025,1097.5211648622355,0.6354420411673276,0.0019801074360121657,0.457815526613121,0.002425511067345072,0.645103838983203
1953,1106.5,6.324555320336759,0.005715820443142123,1097.0733598617521,0.6351827575526214,0.0019857532149297587,0.4578555873034751,0.0024307671508215153,0.6451602761373232
1954,1095.7,5.263078946776307,0.004803394128663235,1096.6136644853125,0.6349165947431372,0.0019901153452794814,0.4578926114285432,0.002434627589479855,0.6452124400092654
1955,1094.1,11.76010204037363,0.010748653724863935,1096.1680952268966,0.6346586270724089,0.001992053674777188,0.4579391993781508,0.0024347471618406114,0.6452780993664048
1956,1087.9,9.476286192385707,0.008710622476685087,1095.7214064415998,0.6344000232825028,0.001988860774883485,0.45798876592574667,0.0024306688931675785,0.6453479692151743
1957,1095.5,12.399596767637245,0.011318664324634638,1095.2537227362675,0.6341292629659577,0.001981188009758319,0.4580327762373136,0.002424808817079907,0.6454100077726224
1958,1095.7,10.686440005914037,0.009753071101500444,1094.7884877672186,0.6338599321976174,0.0019673535117331518,0.4580808029449256,0.0024143324620598044,0.6454777159653033
1959,1101.7,10.497618777608569,0.00952856383553469,1094.3245631832065,0.6335913612143175,0.0019555756305389364,0.4581321478061464,0.0024045353302145278,0.6455501006398299
1960,1094.1,12.521980673998822,0.011445005642993167,1093.8667129432395,0.6333263329629266,0.00193119666569603,0.4581885834124163,0.002384957362852153,0.6456296870133083
1961,1096.7,9.391485505499118,0.008563404308834793,1093.4065995961541,0.6330599852880706,0.0019117764012034867,0.4582463954387954,0.0023689940607212363,0.6457111990646485
1962,1091.5,5.338539126015656,0.004891011567581911,1092.9399942829764,0.6327898577464557,0.0019067031127055541,0.458299890898245,0.0023627058953995137,0.6457866041576074
1963,1094.5,15.700318468107582,0.014344740491646945,1092.474723756792,0.6325204705544735,0.0019170047240212487,0.4583560617994443,0.0023685922907567374,0.6458657415855947
1964,1094.3,11.421471008587291,0.010437239338926521,1092.004904008812,0.6322484606128881,0.0019205159204574655,0.45841221014302536,0.0023696722668084765,0.6459448591014387
1965,1089.3,8.19756061276768,0.007525530719514991,1091.5117246169607,0.6319629070889954,0.0019316292410167537,0.45846020247707947,0.0023772490287166277,0.6460124661083323
1966,1092.7,12.387493693237547,0.011336591647513083,1091.0221389360286,0.6316794591590378,0.0019310168884379409,0.4585111196283095,0.002375522117607982,0.6460842246045975
1967,1085.3,5.974947698515862,0.0055053420238789855,1090.5188513825076,0.6313880819811516,0.0019261380567161788,0.45855746067948405,0.002371284190027996,0.6461495425681743
1968,1088.1,10.237187113655782,0.009408314597606639,1090.0184113629512,0.6310983434417823,0.0019223810174058339,0.45859667713311414,0.002369238859580879,0.6462048120985564
1969,1089.3,7.791020472312982,0.007152318435979971,1089.527104646923,0.6308138888623722,0.001923798824699838,0.4586410698713081,0.002370125887566912,0.6462673674033083
1970,1087.7,6.833739825307955,0.006282743242905171,1089.051094122708,0.6305382843750643,0.0019317241029070545,0.45869300105110133,0.0023748919372989386,0.646340539638308
1971,1096.7,6.099180272790763,0.005561393519459071,1088.5748901258419,0.6302625670670491,0.0019409112696138647,0.45874571323214236,0.002380360405403628,0.6464148112707455
1972,1089.9,12.310564568694646,0.01129513218524144,1088.083529376911,0.6299780863159545,0.0019473670786960733,0.45879265591361085,0.0023825531286210274,0.6464809670858405
1973,1088.1,7.197221686178632,0.006614485512525165,1087.6097376876944,0.6297037718860482,0.0019572225163656926,0.45884738330943015,0.0023872582294460157,0.6465580831209312
1974,1087.3,6.099180272790763,0.005609473257418158,1087.123651421551,0.6294223496763713,0.0019687646458618965,0.45890835539318536,0.0023909368510771226,0.6466440082587153
1975,1089.1,13.4740491315714,0.01237172815312772,1086.6514430706789,0.6291489850178573,0.001971258150681207,0.45897459429269183,0.002386782015776471,0.6467373791197786
1976,1088.1,8.35463942968217,0.007678190818566464,1086.169670721755,0.62887008784832,0.0019695225824790338,0.45903596855455203,0.002379895510671005,0.6468239044997224
1977,1082.7,5.094114250780011,0.0047050099296019315,1085.7075609460703,0.628602577382263,0.0019670517253099797,0.45910459471985127,0.0023722263984062527,0.6469206403294302
1978,1084.1,4.2485291572496005,0.003918945814269533,1085.2435988876255,0.6283339970753952,0.0019653848859110673,0.4591748818243634,0.0023644375995980327,0.6470197195497522
1979,1086.9,8.933084573650918,0.008218865188748658,1084.7667965199387,0.6280579898670645,0.001957118696372907,0.45923795928309996,0.0023523502975725218,0.64710864713907
1980,1085.7,9.808159868191384,0.009033950325312134,1084.295374086349,0.6277850988836672,0.0019489100124335237,0.4593013012421429,0.002339975336706596,0.6471979491019105
1981,1079.1,7.877182237323192,0.007299770398779716,1083.8050896379768,0.62750126154184,0.0019472444878372633,0.45936039875862916,0.0023350316118027088,0.6472812461631859
1982,1086.9,6.6558245169174945,0.006123676986767406,1083.3369447356765,0.6272302375820675,0.0019546391883544143,0.4594366657221288,0.002335080975782408,0.6473887322404852
1983,1083.3,9.148770409186143,0.008445278693977794,1082.8345509909436,0.6269393694746082,0.001957004930171942,0.45949649388821656,0.002335472992895294,0.6474730437135101
1984,1089.9,9.672124895802371,0.008874323236812892,1082.3351027365984,0.6266502068665851,0.0019649582974128805,0.4595554280689709,0.002338371407811548,0.6475560976348131
1985,1080.1,6.465291950097845,0.005985827192017263,1081.8526785068505,0.6263708913179744,0.001974896901100538,0.4596267347019505,0.002343912648552937,0.6476565731607256
1986,1078.9,8.691950298983537,0.008056307627197641,1081.3763835255486,0.6260951052422287,0.0020011188846309983,0.4597032035769314,0.0023603376023328413,0.6477643015767737
1987,1079.7,3.6331804249169903,0.0033649906686273874,1080.9065907940198,0.6258231330796972,0.0019969600635409146,0.4597787737499008,0.0023541801693691172,0.6478708206032191
1988,1078.5,6.164414002968976,0.005715729256345828,1080.4334061906081,0.6255491530303925,0.002015127315973704,0.4598490242709813,0.002366050771944162,0.6479697914793315
1989,1080.9,3.9115214431215892,0.0036187634777699964,1079.9616956396383,0.625276029396607,0.0020339423028241832,0.4599149800020739,0.0023777210355572457,0.6480627138506685
1990,1076.9,7.162401831787993,0.006650944221179304,1079.5000318968487,0.6250087225721991,0.0020591514057194315,0.4599767348932627,0.002392405344702346,0.6481497132681522
1991,1079.7,6.906518659932803,0.006396701546663705,1079.0331379433921,0.6247383939990958,0.0020768574085012967,0.4600317451074071,0.0024025049142874333,0.6482272179450821
1992,1075.9,6.786015030929419,0.006307291598595983,1078.5754731582906,0.6244734104658034,0.002094047202844331,0.4600878463629664,0.0024121391486687013,0.6483062612862225
1993,1083.1,8.517628778010932,0.007864120374860062,1078.1216206559134,0.6242106433737877,0.002111466004121374,0.46014050744425194,0.002420303480136746,0.648380465722352
1994,1077.5,6.910137480542627,0.006413120631594085,1077.6550221404236,0.6239404933526265,0.0021304231982165554,0.4601922759787354,0.0024298166452327236,0.6484534059910544
1995,1075.3,8.182297965730655,0.007609316437952808,1077.1862671892236,0.6236691008662246,0.00214112911427516,0.46023979346125515,0.0024343769423172987,0.6485203675460474
1996,1077.1,4.852834223420372,0.004505463024250647,1076.7271970257566,0.6234033181120235,0.0021490233798444076,0.46031061050419375,0.002437307210774877,0.6486201630399818
1997,1078.3,6.360031446463139,0.005898202213171788,1076.2704328471305,0.6231388774168795,0.002159196979211147,0.46037516272830326,0.00244011482088011,0.6487111370522852
1998,1080.1,8.049844718999243,0.007452869844458146,1075.8407839477024,0.6228901315988373,0.0021763503269354887,0.46044577631702455,0.0024470866379041442,0.6488106427199054
1999,1077.9,8.096295449154509,0.0075111749226779,1075.3993361796536,0.622634566812982,0.0021869382851313016,0.4605153590246724,0.002448817023513388,0.6489087143550772
2000,1075.3,4.147288270665544,0.0038568662425979205,1075.0020324214906,0.6224045528840743,0.0022023230096667075,0.4605978493509527,0.0024542544340016887,0.6490249611846709
2001,1076.1,4.505552130427524,0.00418692698673685,1074.6173861322004,0.6221818687823977,0.0022155733318188608,0.4606853021039571,0.0024584640343345227,0.6491482018952947
2002,1079.3,7.224956747275377,0.006694113543292298,1074.2457110512164,0.6219666904201521,0.0022304006719419604,0.46076972144928,0.002464213671935104,0.6492671632987193
2003,1071.5,4.873397172404482,0.0045482008141899035,1073.867048121535,0.6217474732298308,0.002236208725079081,0.46084238082620255,0.002464267902158314,0.6493695662287702
2004,1070.9,13.352902306240393,0.012468860123485286,1073.5047521066358,0.6215377323701445,0.0022426767387482,0.4609344429180771,0.002464712276787397,0.6494993099469734
2005,1071.3,4.969909455915671,0.004639138855517288,1073.1628296333931,0.6213397786486604,0.0022465146762919515,0.46103152686157617,0.0024653629066196856,0.6496361218943274
2006,1074.9,5.366563145999495,0.0049926161931337755,1072.8276013138773,0.6211457128279771,0.002251235454315517,0.4611258565039936,0.002464349873204475,0.6497690647625413
2007,1078.1,6.1278054799414114,0.0056838934050101216,1072.5132075586866,0.6209637014104183,0.0022512817236328003,0.46121956872568265,0.0024624083851179767,0.6499011306728624
2008,1068.1,5.389805191284746,0.0050461615871966545,1072.2059672368944,0.6207858443463861,0.0022499578423675554,0.4613199964536715,0.0024576033757285785,0.6500426718514605
2009,1069.5,4.795831523312719,0.004484180947463973,1071.9201506123645,0.6206203824604968,0.0022457394562710622,0.4614209465009325,0.002452813279146877,0.6501849410616665
2010,1074.5,8.94427190999916,0.008324124625406383,1071.6600292474936,0.6204697881333139,0.002237336650650609,0.4615298724394762,0.002447557700556133,0.6503384402237143
2011,1071.9,5.920304046246273,0.005523186907590515,1071.4080853266742,0.6203239401510808,0.0022318338435766546,0.4616386080296275,0.002441698350897277,0.6504916821435583
2012,1070.5,6.020797289396148,0.005624285183929143,1071.1647484986322,0.6201830781311697,0.0022277243673495223,0.4617511946847023,0.0024360878092411684,0.6506503536431781
2013,1073.9,4.954795656734998,0.0046138333706443775,1070.918910470101,0.62004078673444,0.0022277494855985256,0.4618568871805257,0.00242924284051491,0.6507993302817798
2014,1070.7,6.85200700525036,0.006399558237835397,1070.6915107338168,0.6199091713280692,0.002226716343847964,0.46197023978489565,0.002421744882324492,0.6509591016834431
2015,1070.1,10.039920318408907,0.009382226257741245,1070.4625518868438,0.6197766535151786,0.0022286196624098655,0.4620705344426712,0.0024156123586862198,0.6511004733640967
2016,1071.9,11.315917991926241,0.010556878432620804,1070.2339487855295,0.6196443515122896,0.0022275857602399914,0.46215850170725814,0.00240612551516428,0.651224483580873
2017,1064.7,9.162423260251623,0.008605638452382477,1070.0141556618269,0.619517136691816,0.0022183524245519273,0.46224729437816636,0.0023947841743487885,0.6513496432080705
2018,1071.3,8.07465169527454,0.007537246051782451,1069.77942122047,0.6193813140048852,0.00221578721847564,0.4623322128229713,0.0023791203563755074,0.6514693871600542
2019,1072.1,8.706319543871567,0.008120809200514474,1069.537898154957,0.6192415804274978,0.002203007061152527,0.46240467716086175,0.0023543835504386272,0.6515716051355586
2020,1065.7,9.85900603509299,0.009251202059766341,1069.2901607827514,0.6190982136552872,0.002202656953199321,0.4624744817004876,0.002342363607842352,0.6516700347729053
2021,1060.9,5.103920062069938,0.0048109341710528206,1069.038024609379,0.6189522847644653,0.0022143639143182427,0.4625342885827174,0.0023394106607850657,0.6517543596368881
2022,1075.9,3.943348830626071,0.003665162961823655,1068.8012386607222,0.6188152428018446,0.002224344958646937,0.4626001674638413,0.0023356805587346646,0.6518472393037993
2023,1066.5,9.300537618869138,0.00872061661403576,1068.5784083649967,0.6186862470404616,0.002245860265591011,0.4626571081684516,0.0023442976846987217,0.6519274861176931
2024,1066.3,8.628441342444185,0.00809194536476056,1068.3738994064286,0.6185678610729608,0.0022684374007981172,0.4627146739452968,0.002353177221288799,0.6520086154041467
2025,1072.9,3.049590136395381,0.002842380591290317,1068.1859154524577,0.6184590440278808,0.002288545862277865,0.46276590047002825,0.002360533168404106,0.6520808129063089
2026,1061.9,12.085114811204733,0.011380652426033273,1068.0163687449353,0.6183609488165527,0.0022780086538670835,0.4628173809651305,0.002342661542346439,0.6521534316779052
2027,1061.5,13.285330255586423,0.012515619647278778,1067.8567710634698,0.6182685696601701,0.0022832226202128963,0.462865301791281,0.00234139353028721,0.6522209849702706
2028,1071.3,9.67987603226405,0.009035635239675207,1067.7206867581976,0.6181897949970778,0.002281534201405778,0.46291747423468677,0.0023380571913382137,0.6522945220043002
2029,1067.1,4.477722635447622,0.004196160280618144,1067.5876966209453,0.6181127633963832,0.0022945076634715775,0.46296067342647246,0.0023515771556684704,0.6523553582718824
2030,1071.1,5.200961449578338,0.004855719773670375,1067.4712229476058,0.6180452956858768,0.0023076916646463416,0.46299647755331597,0.002364911987157465,0.6524057753092778
2031,1069.7,8.969392398596462,0.008384960641858896,1067.3568595205602,0.617979060847963,0.0023282556460401654,0.463026637162951,0.0023802361797056106,0.652448249633877
2032,1061.3,7.328028384224504,0.006904766215230854,1067.2600663733265,0.6179230084357872,0.0023434320269840572,0.4630596856765471,0.0023908769024128113,0.6524948070684407
2033,1066.1,11.749468073066117,0.011020981214769831,1067.165554286079,0.6178682782915997,0.002360822232436797,0.4630864387609465,0.002402427496155199,0.6525324933233019
2034,1068.1,10.737783756436894,0.010053163333430292,1067.0733947216886,0.6178149140286523,0.002365487973980672,0.4631024503849853,0.0024062230178397005,0.6525550539013485
2035,1064.5,9.0,0.008454673555659934,1066.9913325123878,0.6177674048214834,0.002372208392365452,0.46310687328019295,0.0024094910693689443,0.6525612937954202
2036,1065.1,7.987490219086344,0.007499286657671904,1066.9363719869093,0.6177355896153771,0.0023935198235848303,0.46312119299903226,0.0024204059696500448,0.6525814756479209
2037,1061.7,7.8230428862431785,0.007368411873639614,1066.874504139188,0.6176997824317014,0.0023939303880641796,0.46312092889014567,0.002418375836835275,0.652581120307685
2038,1070.5,5.0,0.004670714619336758,1066.8486208101688,0.6176848019503414,0.002407027525952694,0.46312464284763327,0.0024247512060389656,0.6525863551459393
2039,1067.1,8.834591105421914,0.00827906579085551,1066.7900557671906,0.6176508937374334,0.002404471789605905,0.4631004123963513,0.0024232908979684525,0.6525522094910462
2040,1065.5,5.315072906367325,0.0049883368431415534,1066.7227886381072,0.6176119516673779,0.0024127645872150734,0.46306505851926827,0.002427070326816277,0.6525024012191698
2041,1061.3,11.519548602267365,0.01085418694268102,1066.6446030281145,0.6175666783251273,0.0024065562118280276,0.46301385316003724,0.002424396387482039,0.6524302477976682
2042,1066.9,5.683308895353129,0.005326936821963753,1066.5792894499077,0.6175288348363053,0.0024062807814074385,0.4629628887867899,0.0024290611688967062,0.652358403847463
2043,1067.7,9.135097153287424,0.008555865086904021,1066.529357993259,0.6174998995599403,0.0024007917213464884,0.4629033171073229,0.0024303567856884447,0.6522744378681342
2044,1069.5,6.87386354243376,0.0064271748877361016,1066.4919410797406,0.6174782071382146,0.0023913973831703687,0.462834013702745,0.002429938684333187,0.6521767564912148
2045,1060.9,7.924645102463581,0.007469738054919012,1066.4651613274377,0.6174626907750737,0.002386567085369695,0.46275608521779493,0.0024289186648562677,0.6520669386181023
2046,1067.1,10.052362906302179,0.00942026324271594,1066.4372568192637,0.6174465057555419,0.0023658671022194966,0.4626604347944895,0.0024221811589476357,0.6519321317446269
2047,1067.9,9.697937925146768,0.009081316532584293,1066.4342736801439,0.617444749202295,0.0023446837812410412,0.46256673698449735,0.002415339607612774,0.6518000759645198
2048,1063.1,3.0903074280724887,0.002906883104197619,1066.4760977612139,0.6174689484385498,0.0023271480029713387,0.46247809417277974,0.002408168985167826,0.6516751545363906
2049,1062.3,6.591661399070799,0.0062050846268199185,1066.51736966088,0.6174928218275031,0.0023125266498067996,0.462388719668157,0.002403719238954005,0.6515491956937014
2050,1065.7,12.275992831539126,0.011519182538743667,1066.5579621403717,0.6175162888125438,0.0022982735008737457,0.46228250425237977,0.0024017633258255036,0.6513994952822951
2051,1067.3,9.510520490488416,0.00891082215917588,1066.623235455351,0.6175540466777811,0.002283901035316465,0.4621765059754937,0.0023995582719119214,0.6512501021614151
2052,1069.5,6.48074069840786,0.006059598595986779,1066.7072742230873,0.617602671596048,0.0022731571252737606,0.46206228101397234,0.0023988714613987798,0.6510891193688542
2053,1063.9,6.859300255857007,0.006447316717602224,1066.798260750593,0.6176553488006411,0.0022609059572569474,0.4619438095550688,0.0023920543771357903,0.6509221816539933
2054,1060.9,11.738824472663351,0.011064967925971675,1066.9119252358992,0.617721156972908,0.002249524466520615,0.46181309977428137,0.002385477461302909,0.6507380000695748
2055,1071.5,5.522680508593631,0.0051541581974742234,1067.0418032522641,0.6177963551165473,0.0022374571066003505,0.4616855588090753,0.00237808855524699,0.6505582881085633
2056,1063.9,7.351870510285122,0.006910302199722832,1067.1978507977324,0.6178866956757301,0.0022270891083155334,0.46155606807570926,0.002373251207772303,0.6503758202263992
2057,1068.1,3.3241540277189325,0.0031122123656201974,1067.3413219236822,0.6179697833554425,0.0022130109974406757,0.46141572708037426,0.002361278297103138,0.6501780913090831
2058,1068.1,9.91463564635635,0.009282497562359658,1067.5097048322036,0.6180672543689607,0.002219299149621057,0.4612706991240831,0.002367148879849491,0.6499737138368413
2059,1067.1,8.862843787408194,0.00830554192428844,1067.6749618501628,0.6181629130130004,0.0022201771963070486,0.4611129008467906,0.002370581233428765,0.6497513385775294
2060,1059.9,9.316651759081694,0.008790123369262848,1067.853153473494,0.6182660611709416,0.0022287943604970563,0.4609515190365844,0.0023778981738059794,0.6495239148688995
2061,1067.9,6.328506932918696,0.005926123169696315,1068.039927090448,0.6183741568170242,0.002239465001717549,0.46078731005925916,0.002390040327172614,0.6492924829931584
2062,1071.5,6.082762530298219,0.005676866570506971,1068.2468171570217,0.6184939422316201,0.002246957111454271,0.4606178171705989,0.0023928236700869092,0.6490536512737147
2063,1061.1,5.8779248038742375,0.005539463579185975,1068.448313519823,0.6186106139627737,0.0022462369078263653,0.460434300748607,0.002389645400430148,0.6487950749973364
2064,1065.7,6.418722614352485,0.00602301080449703,1068.6391509339478,0.6187210993986001,0.002244832539821483,0.4602328209163473,0.002388690838543991,0.6485111726369348
2065,1066.5,8.154753215150045,0.007646275869807825,1068.85478596435,0.6188459424335144,0.002243238566379686,0.4600288822373625,0.002387551563829956,0.6482238059186048
2066,1069.3,12.577758146824099,0.011762609320886654,1069.0811819087448,0.6189770115053428,0.0022399923953640303,0.4598166630383346,0.002386270185103756,0.6479247692513148
2067,1066.5,6.6332495807108,0.006219643301182185,1069.3282729777159,0.6191200531883922,0.002240264304569524,0.4596066153512751,0.0023884762958979425,0.6476287815557761
2068,1069.9,6.877499545619759,0.006428170432395326,1069.5998296220635,0.6192772600772971,0.002241229802716787,0.45940487292048304,0.002391026970819415,0.6473444967572575
2069,1069.9,7.021395872616783,0.006562665550627893,1069.897832060516,0.619449779770487,0.0022319154790018236,0.45920300825742366,0.0023880279165652057,0.6470600404973971
2070,1073.3,4.764451699828638,0.004439068014374954,1070.1963038880222,0.6196225552286095,0.002216869218260281,0.45899212324919586,0.0023849019692499655,0.6467628541535761
2071,1072.7,11.638298844762494,0.010849537470646493,1070.5227163037375,0.6198115077083635,0.0022044433068238644,0.4587823420517082,0.002383142851993705,0.6464672233834298
2072,1075.5,6.87386354243376,0.006391318960886806,1070.8490220480448,0.6200004087970099,0.0021828103114333967,0.4585679225136037,0.0023749383730443537,0.6461650668689278
2073,1073.1,10.44270080008041,0.009731339856565473,1071.1986996372013,0.6202028432394957,0.0021610442021338908,0.4583534866814986,0.0023664792906292055,0.6458628890260114
2074,1074.7,5.215361924162119,0.004852853749104047,1071.5694542415458,0.6204174778538873,0.0021405637987795966,0.45814632396402966,0.002359312623904594,0.6455709562018072
2075,1072.7,8.151686941977102,0.00759922340074308,1071.9160510837585,0.6206181368620747,0.0021389549543245033,0.4579197943549064,0.00235947810146595,0.6452517461327514
2076,1070.3,8.303613671167511,0.007758211409107271,1072.3153936253439,0.6208493317977003,0.0021157549148691935,0.45770900848211615,0.0023495318850807172,0.6449547173849676
2077,1073.5,5.220153254455275,0.004862741736800443,1072.7265493281245,0.6210873676247974,0.0020881435199557566,0.4574948244913073,0.0023372992021066822,0.644652902593758
2078,1073.7,7.694153624668538,0.007166018091337001,1073.1322173796023,0.6213222331836781,0.0020820331690910294,0.4572775997740196,0.0023343495997914655,0.644346811569414
2079,1068.1,5.200961449578337,0.0048693581589535975,1073.5546934983668,0.6215668352455974,0.0020689486265737223,0.4570590699404565,0.002327142898274419,0.6440388863625423
2080,1077.1,7.956129712366434,0.007386621216568967,1073.9899684430482,0.6218188529874304,0.002049536083630283,0.45684176120966746,0.0023159750124018643,0.6437326908576011
2081,1072.3,4.790615826801394,0.004467607784016968,1074.4085141039013,0.622061206984367,0.00201498248968464,0.45661958873174335,0.002293680369663589,0.6434196658467758
2082,1078.3,1.5652475842498528,0.0014515882261428663,1074.8376848992918,0.6223097188137265,0.0019788220829256124,0.4564006899136864,0.00226966347470209,0.6431112584805427
2083,1069.9,4.09878030638384,0.0038309938371659403,1075.2841589473755,0.6225682709528073,0.0019387610555936415,0.4561841587430885,0.0022398687751003345,0.6428062095208856
2084,1072.9,4.159326868617084,0.003876714389614208,1075.7412896782403,0.6228329995208125,0.0018910991428934705,0.45596556470494687,0.002205433128059219,0.642498260086024
2085,1070.7,6.1400325732035,0.005734596594007191,1076.2037377696154,0.6231007787468867,0.001845875200292588,0.45575677546256993,0.0021775893923025574,0.6422040969717437
2086,1075.7,8.273451516749223,0.007691225729059424,1076.6687297649023,0.6233700604274329,0.0018079071289592733,0.4555438702437679,0.0021474989361657936,0.641904162151764
2087,1075.1,7.602631123499285,0.007071557179331491,1077.1322904111707,0.6236385308205608,0.0017678378586519748,0.45532544080087256,0.0021130718506604763,0.6415964595396668
2088,1070.1,10.237187113655782,0.009566570520190434,1077.6251480458018,0.6239239625655487,0.0017316560239825144,0.45511474028687804,0.002080530505219826,0.641299643526679
2089,1071.5,5.894913061275798,0.005501552087051608,1078.1385486413837,0.6242212897359822,0.0016983555139627594,0.4549083133172804,0.0020488973709502927,0.6410088499206535
2090,1078.9,7.402702209328699,0.006861342301722771,1078.6623427272211,0.6245245957566882,0.0016855870850376884,0.45470212829602996,0.002034027912461012,0.6407183543516921
2091,1080.7,5.426785420486055,0.005021546609129318,1079.2062483822876,0.6248395260018061,0.0016857828849880445,0.45450250051662966,0.0020288970447735295,0.6404370767264075
2092,1080.9,3.9749213828703582,0.0036774182467114052,1079.7517621262534,0.6251553752156439,0.0016839819743248731,0.4543137836092045,0.0020253817392464797,0.6401711597954021
2093,1080.5,10.173494974687902,0.009415543706328461,1080.3161420681943,0.6254821490513696,0.0016829338918689272,0.4541324479244473,0.002021924556427562,0.6399156451564625
2094,1080.3,6.629479617586889,0.0061367024137618156,1080.9065107904644,0.625823967806874,0.001689449998839896,0.45395977388006215,0.0020222334298195233,0.6396723337998422
2095,1078.5,6.782329983125268,0.006288669432661352,1081.5500851889778,0.6261966471182953,0.0016854406199385042,0.4538074258181039,0.002006714289887988,0.6394577258622697
2096,1084.5,4.743416490252569,0.004373828022362904,1082.2085894013653,0.6265779699203706,0.0016856626615378396,0.45366152195188725,0.0019931288991593297,0.6392521971533697
2097,1081.7,8.599418584997476,0.007949910867151222,1082.8789207189227,0.6269661380270841,0.001677994510570202,0.45351918633017857,0.001976465893778924,0.639051696446044
2098,1082.9,7.197221686178632,0.006646247747879427,1083.583223393813,0.6273739692865454,0.001654054821620818,0.4534035768155166,0.0019537383591843684,0.6388888489935436
2099,1084.9,4.560701700396552,0.0042037991523610945,1084.281980375605,0.6277785659559388,0.001635500034035252,0.45328562175663495,0.0019383178402339145,0.6387226695206297
2100,1084.5,8.972179222463181,0.008273102095401734,1084.9881302785636,0.6281874391970466,0.00161985315068389,0.453171008936193,0.001924997886927557,0.6385611951325837
2101,1093.5,12.913171570144957,0.011809027498989445,1085.7050025752842,0.6286025149431383,0.0016107565296792508,0.453061395457229,0.0019157447583267925,0.6384067592554314
2102,1084.3,3.456877203488721,0.003188118789531238,1086.481316642402,0.6290520214513465,0.0015827280397436433,0.4529773562204973,0.0018951563418128244,0.638288382787173
2103,1079.9,7.351870510285121,0.006807917872289212,1087.2716966941514,0.6295096720177092,0.0015681352646122152,0.4529001969742901,0.0018803955207281843,0.63817969420308
2104,1083.7,6.978538528947161,0.00643954833343837,1088.0745034419892,0.6299745425003574,0.0015477948336831942,0.4528294924652515,0.0018577128662516486,0.6380801281986053
2105,1080.1,8.1117199162693,0.007510156389472549,1088.8808137878086,0.6304414417236973,0.0015320803372469542,0.45276372313792485,0.001836883649839726,0.6379875149129628
2106,1083.3,3.1144823004794873,0.0028749952002949204,1089.6913155181687,0.630910745864868,0.001529012401196982,0.452701629962523,0.0018262255095452928,0.6379000536842911
2107,1083.5,5.454356057317857,0.005034015742794515,1090.5124653906253,0.631386210098084,0.0015385379800507428,0.4526461592524872,0.0018221122421535306,0.6378219196805072
2108,1088.9,6.308724118235001,0.005793667111979981,1091.335355994042,0.631862681052983,0.0015523193754686804,0.45259387526782724,0.0018201413786258461,0.6377482750912462
2109,1085.9,9.77496803063826,0.009001720260280191,1092.1491615749433,0.6323338928737379,0.0015612217759915607,0.4525405593269246,0.001815867647671896,0.6376731803295351
2110,1091.5,10.712142642814275,0.009814148092363055,1092.9788284272393,0.6328142748385746,0.001574924452642358,0.4524968169201573,0.0018167016838855905,0.6376115589877751
2111,1086.7,7.172865536171719,0.00660059403346988,1093.7859794204426,0.6332816084718624,0.0015967128778074074,0.45244702352065025,0.0018238341903716363,0.6375413961476737
2112,1093.5,7.762087348130012,0.007098388064133527,1094.5932459743374,0.6337490143651759,0.001608593029556685,0.45240082251754166,0.001825435550408385,0.6374763055094667
2113,1090.7,10.047387720198719,0.009211871018794095,1095.3933845425877,0.6342122817304643,0.0016233222618935014,0.4523593235811717,0.0018309051802901182,0.6374178281278743
2114,1096.9,5.458937625582472,0.004976695802336103,1096.1795463676447,0.6346674779588481,0.0016263814806387357,0.4523163782519203,0.001826484803546286,0.6373573372444279
2115,1095.7,6.3796551630946325,0.0058224469864877545,1096.9646221313603,0.6351220352737479,0.001626818039321655,0.4522775815486749,0.0018231160139734767,0.6373026829620198
2116,1092.1,12.320714265009151,0.011281672250718022,1097.7778052880847,0.6355929151556743,0.0016348903781030668,0.45225522692100817,0.0018124848109881072,0.6372712405598452
2117,1093.7,8.613942186943213,0.007875964329288847,1098.5847183622168,0.6360601466339583,0.0016531807319630381,0.45224792304932676,0.0018106118429701658,0.6372609833272495
2118,1102.3,6.2809234989768825,0.005698016419284117,1099.4062461163917,0.6365358277138224,0.0016691230890598895,0.4522511443120429,0.0018104109129206125,0.6372655431739228
2119,1093.1,10.0772019926168,0.009218920494572135,1100.2466053829035,0.6370223914264734,0.0016924569306420968,0.45227643314961413,0.0018183188816284974,0.637301179054116
2120,1100.5,8.94427190999916,0.008127461980917001,1101.0701567564288,0.6374992182873915,0.0017089929790750412,0.45230047419866654,0.001824296042245028,0.637335054317567
2121,1095.1,8.576129663198897,0.007831366690894803,1101.877562750072,0.6379666964830426,0.001737289271936622,0.4523238390592814,0.0018360808687436715,0.6373679731062938
2122,1102.7,4.266145801540309,0.0038688181749708065,1102.6602715240567,0.6384198784833859,0.001760921747788314,0.45234331777366715,0.0018450873058824021,0.6373954215311373
2123,1098.5,13.322912594474229,0.012128277282179543,1103.4637191718389,0.638885047233921,0.0017964973016864865,0.45237784174148643,0.0018644138720307435,0.63744404495461
2124,1109.9,9.330058949438637,0.0084062158297492,1104.2644796413674,0.6393486766224895,0.0018240086678232674,0.4524180810095541,0.0018764434315549825,0.6375007396323319
2125,1107.5,3.570714214271425,0.0032241211867010612,1105.033770128352,0.639794085598669,0.0018492056120322673,0.45244302694643235,0.001887373436524791,0.6375358875614978
2126,1101.7,7.19027120489902,0.006526523740491077,1105.8124300949385,0.6402448940050063,0.0018702490666104828,0.45247860149300845,0.001901668396647454,0.6375859857233239
2127,1100.1,9.91463564635635,0.00901248581615885,1106.5982032316967,0.6406998098042467,0.0019125914373015842,0.4525241507103024,0.001928768535227896,0.6376501256285163
2128,1107.3,8.657366805212773,0.007818447399270996,1107.3742222094465,0.641149122987981,0.0019222083504211033,0.45257305193368935,0.001930475303998541,0.6377190432318376
2129,1098.9,7.700649323271382,0.007007597891774849,1108.1636493648148,0.6416061841160798,0.0019501550268472563,0.4526312528066546,0.00194445784638565,0.6378010454495081
2130,1101.5,8.077747210701755,0.007333406455471407,1108.9320287873425,0.6420510960096973,0.001963820348395071,0.4526885079535754,0.001943833598850278,0.6378817611122536
2131,1107.3,4.711687595755898,0.004255113876777656,1109.6847956641273,0.64248696037716,0.001990864337009623,0.4527473227703453,0.0019517004018314776,0.6379646610605799
2132,1111.5,9.394147114027968,0.008451774281626601,1110.4072579260667,0.6429052759197647,0.002017437267423639,0.4528019898890488,0.0019600764338560195,0.6380417138134409
2133,1110.5,4.415880433163924,0.003976479453546983,1111.0924108173933,0.6433019833443586,0.0020406969359601517,0.45284805207186557,0.001968213745293437,0.6381066340154107
2134,1108.7,3.383784863137726,0.0030520292803623396,1111.797637977816,0.6437103191540223,0.002075590688886283,0.4529109550779712,0.001981360950457823,0.6381952870294572
2135,1108.9,7.092249290598858,0.006395751907835564,1112.4698508604802,0.6440995420487765,0.0021005217165479925,0.45296934251455906,0.0019891432333826323,0.6382775785051534
2136,1108.9,6.767569726275452,0.006102957639350213,1113.1104283501986,0.6444704572624754,0.0021282958850000647,0.453016494764184,0.0019968043790665833,0.6383440480115485
2137,1111.7,3.8013155617496426,0.003419371738553245,1113.7271727981001,0.644827579269998,0.0021542018751933485,0.4530572839991863,0.002002487756273501,0.6384015574399502
2138,1117.1,1.6733200530681511,0.0014979142897396395,1114.3059638380505,0.6451626905847769,0.0021918417619041742,0.45309155915683796,0.002021725313755077,0.6384498463496391
2139,1112.3,15.4580076335859,0.013897336719936978,1114.8624244737737,0.6454849159412319,0.0022157569230826096,0.4531259504105322,0.0020253771318881576,0.6384983475602459
2140,1117.7,5.6964901474504455,0.005096618186857337,1115.419873737314,0.6458077364468886,0.002223661843685831,0.45316831296914223,0.00201602559648788,0.6385581058311639
2141,1113.9,7.46993975879324,0.006706113438184074,1115.9571429318491,0.6461188759392236,0.002238660949973727,0.45321207877779024,0.002010001524208797,0.6386198454390615
2142,1118.3,4.631414470763764,0.004141477663206442,1116.493091283366,0.6464292235379231,0.0022445765165611292,0.4532651731365678,0.002004382887329156,0.638694701628902
2143,1115.9,8.29457654133109,0.007433082302474315,1117.0145424328289,0.646731162071303,0.0022563844510902474,0.45332250971325294,0.0020050991723204927,0.6387755160559624
2144,1118.9,10.714476188783099,0.009575901500387075,1117.5050219225493,0.647015160706724,0.002264521724025858,0.45337767196569156,0.002005379345027465,0.6388532593890026
2145,1121.9,9.370165420097983,0.008352050468043482,1117.996816329098,0.6472999069919193,0.0022606557674579083,0.45343824277847294,0.0020017210631722146,0.6389386146399303
2146,1121.5,5.678908345800274,0.0050636721763711754,1118.458246510309,0.6475670770022546,0.0022597559779412696,0.4534892655112981,0.0019988999831240515,0.6390105203006176
2147,1119.9,8.065358020571685,0.007201855541183752,1118.8852021309945,0.647814287056796,0.0022609392566312453,0.4535364060038102,0.0019972179685066815,0.6390769557603779
2148,1116.9,6.931810730249349,0.00620629486099861,1119.2858951465444,0.6480462807503684,0.0022582611882296473,0.4535700446584183,0.00199549429018088,0.6391243561037648
2149,1129.3,3.0740852297878796,0.002722115673238183,1119.652513619348,0.6482585456428362,0.0022572486215578468,0.45359963304143563,0.0019947675548676828,0.6391660483408815
2150,1117.7,2.33452350598575,0.0020886852518437415,1120.0127614386406,0.6484671145185363,0.0022412226030614955,0.45363475566152356,0.0019872466532116747,0.639215531477398
2151,1124.3,7.259476565152615,0.006456885675667184,1120.3203658724763,0.6486452080903756,0.0022306879293718246,0.45364925117088734,0.0019819170490643512,0.6392359533034596
2152,1125.1,15.12613632095123,0.013444259462226675,1120.598541373087,0.6488062831895488,0.002220711156715205,0.4536559348346819,0.0019728522912580144,0.6392453890263514
2153,1125.9,6.1278054799414114,0.005442584137082699,1120.8411555546322,0.6489467656510458,0.002209936987253714,0.4536578538354409,0.001964014280209328,0.6392481078286305
2154,1133.5,4.898979485566356,0.004321993370592286,1121.0523448972522,0.6490690541577455,0.002197215121986873,0.45365691562643845,0.001954026982271108,0.6392468006976271
2155,1119.9,5.639148871948674,0.005035403939591636,1121.2200869058295,0.6491661950575462,0.0021894304884984596,0.45364848779323086,0.0019452210753108001,0.6392349467853408
2156,1133.1,9.436630754670865,0.00832815352102274,1121.3577324133857,0.6492459086713674,0.0021863048033079627,0.45362313186075714,0.0019393160196619623,0.6391992347882489
2157,1122.3,6.037383539249433,0.005379473883319463,1121.4801662644763,0.6493168215143162,0.002171647434748166,0.4536011985724585,0.0019257450281696177,0.6391683543917444
2158,1132.3,9.922197337283713,0.008762869678780988,1121.5954759645151,0.6493836223087769,0.0021725017386564753,0.45357110667987743,0.0019180666663557396,0.639125990210393
2159,1129.5,11.05667219374799,0.009788997072818053,1121.6611531318665,0.6494216954848416,0.002181800745621053,0.4535299752246704,0.0019132667267754164,0.6390680780441571
2160,1131.3,11.681181447096865,0.010325449878102064,1121.7009978657065,0.6494448038921402,0.002199757893649504,0.45348763324713237,0.0019150555235044222,0.6390084526494567
2161,1128.3,17.093858546273278,0.015150100634825204,1121.7019941627098,0.6494454330129713,0.0022167527902895987,0.4534249311566459,0.0019136126249216434,0.6389201519776684
2162,1125.7,9.66695401871758,0.008587504680392271,1121.6793510648465,0.6494323856600246,0.0022242072567788744,0.45334821803164715,0.0019046483685066099,0.6388121210484817
2163,1135.1,5.389805191284746,0.004748308687591178,1121.6056200319204,0.6493897589000527,0.00222567868842261,0.4530627797013107,0.0018914967846406468,0.6384099777138955
2164,1132.1,12.895735729302148,0.011390986422844402,1121.5270851253583,0.6493443210580294,0.0022141232789801247,0.452797278413259,0.0018770814169910483,0.6380358968127309
2165,1130.9,8.576129663198897,0.007583455356971347,1121.42169464613,0.6492833257986611,0.0022140215867946294,0.4524812157745341,0.0018708160106809181,0.6375905568336504
2166,1131.7,10.171037311896953,0.00898739711221786,1121.2849704867124,0.6492041740242271,0.002209149741526655,0.4521677903778255,0.001864965273117278,0.6371489194002381
2167,1122.1,6.599242380758567,0.005881153534229184,1121.1421935964104,0.6491215014993215,0.0021968797386211106,0.4518389724125954,0.0018582434099608238,0.636685577233773
2168,1133.7,3.0740852297878796,0.002711550877470124,1120.9634192892295,0.6490180002806138,0.002197658185084725,0.4515228977458922,0.001856341463989486,0.6362402044111033
2169,1138.7,8.482334584299302,0.007449139004390359,1120.7515646447096,0.6488953356563307,0.0021838444098009127,0.4512029888902556,0.001848305545428365,0.6357894175864895
2170,1132.1,6.045659600076736,0.00534021694203404,1120.5369874390994,0.6487710813635543,0.002173850916819268,0.4508689079905424,0.0018452451209806302,0.635318646512191
2171,1133.7,9.297849213662266,0.008201331228422216,1120.2963485958912,0.6486317617932358,0.0021613367225946094,0.45053907374501245,0.0018357564951871563,0.6348538851937364
2172,1132.7,9.162423260251623,0.008089011441910146,1120.0205653584667,0.6484720647638682,0.0021458370875530003,0.4502030345689477,0.0018308610737693724,0.6343803487908921
2173,1118.7,13.827508813954884,0.012360336831996856,1119.7159348258676,0.6482956497129713,0.0021269032140147355,0.44986372465251,0.0018274990722412815,0.6339021888038084
2174,1122.1,9.463086177352503,0.008433371515330633,1119.3885013625938,0.6481060820078464,0.002099675909553492,0.44952024367129484,0.0018089730277014995,0.6334182039983884
2175,1128.9,10.655984234222572,0.00943926320685851,1119.0340578971325,0.6479008681931797,0.0020828916884132486,0.4491644570523552,0.0017979689692739268,0.6329168684125239
2176,1123.1,7.197221686178632,0.006408353384541566,1118.6426440739476,0.6476742448709715,0.0020681944470238474,0.44881133732977585,0.0017891374797263861,0.6324192866979994
2177,1124.7,11.43241006962224,0.010164852911551737,1118.2066196406176,0.6474217921161702,0.002049987943899221,0.44844451586848877,0.0017785285835700344,0.6319023970228418
2178,1121.3,10.917875251164945,0.009736801258507934,1117.7339786779255,0.6471481353236559,0.0020341603536104444,0.4480824983207283,0.0017701401356883819,0.6313922715997755
2179,1123.1,9.289779329994873,0.008271551357844248,1117.2091304275896,0.6468442618760799,0.002033674911828275,0.44770489219818754,0.0017679502906423703,0.6308601883323839
2180,1126.1,10.88806686239573,0.009668827690609831,1116.654041181793,0.6465228844508,0.002023155656857351,0.44733489558876827,0.0017591897573162988,0.630338834780394
2181,1113.5,6.6332495807108,0.005957116821473552,1116.0664396413322,0.6461826737483366,0.0020087372999619962,0.44695838797294307,0.0017503178351470849,0.6298082975967154
2182,1117.7,5.6964901474504455,0.005096618186857337,1115.4326621052503,0.6458157353671211,0.001998720790113484,0.44655672545054337,0.0017421982489644603,0.6292423213768951
2183,1114.1,6.6558245169174945,0.005974171543772997,1114.7687882424466,0.6454313555887343,0.001998743916039222,0.44616360491398943,0.0017432144209147142,0.6286883643073492
2184,1118.7,6.704476116744694,0.005993095661700807,1114.0755318101346,0.6450299727568802,0.001985101057447345,0.4457687900058219,0.0017347987861849625,0.628132030506943
2185,1117.5,4.69041575982343,0.00419724005353327,1113.3401624821731,0.6446041960504771,0.0019717303967282146,0.4453676665044098,0.0017290584188335825,0.6275667956200307
2186,1116.1,15.17563837207516,0.013597023897567567,1112.5753250035577,0.6441613451923816,0.0019505085700931074,0.4449886818165073,0.0017220081963245238,0.6270327451774687
2187,1114.1,3.5425979167836705,0.0031797845047874256,1111.781876928741,0.6437019159963231,0.0019211057847258193,0.44459869069811725,0.001713613737283278,0.626483173659378
2188,1114.5,4.769696007084728,0.004279673402498635,1110.9908261718012,0.6432438573625279,0.0019211606616725081,0.44421635968022277,0.0017249500058026885,0.6259443710565573
2189,1112.1,7.797435475847172,0.007011451736217222,1110.1689517355517,0.6427679655852425,0.0019323508537340182,0.4438330288619031,0.0017392077457182463,0.625404171446841
2190,1113.7,6.220932405998316,0.005585824195024078,1109.3512733899347,0.6422945091336525,0.0019431332600824147,0.4434894279135051,0.001752032836164028,0.6249199650984613
2191,1106.7,6.457553716385176,0.0058349631484459884,1108.534881724597,0.6418217791963967,0.001939549968098116,0.443152762175077,0.0017612128590428504,0.6244455142232476
2192,1107.5,8.54400374531753,0.007714676068006799,1107.7026545842186,0.6413398822684852,0.0019527121724561385,0.44283060423611326,0.0017788478727808706,0.6239915051047772
2193,1106.3,6.6670833203133135,0.006026469601657158,1106.8362199104336,0.6408381965851353,0.0019535132104776497,0.44251408879893706,0.0017863846553465533,0.6235454680286243
2194,1113.5,7.22841614740048,0.00649161755491736,1105.962456980665,0.6403322704649174,0.001965929616236821,0.44222478878961197,0.0017995217320556742,0.6231377808094207
2195,1102.3,6.815423684555495,0.006182911806727293,1105.0860713635261,0.6398248182198848,0.001967946284183289,0.4419629195798572,0.001808894224633495,0.6227687391315777
2196,1109.7,7.429670248402684,0.006695206135354315,1104.1895984048153,0.6393057316212853,0.0019645448119083924,0.4417072484335799,0.00181632209981929,0.6224084284131396
2197,1102.5,2.5495097567963922,0.002312480505030741,1103.2957277404112,0.6387881803454472,0.0019624076697433994,0.44147390211592563,0.0018184980980199348,0.6220796045138626
2198,1102.7,4.8166378315169185,0.004368040112013166,1102.367677953449,0.638250803019907,0.001957486630953112,0.44124354557176415,0.0018269717439412414,0.6217549578566559
2199,1102.3,8.857200460642177,0.008035199546985556,1101.4194177693364,0.6377017163041915,0.0019493435891459866,0.4410446303049625,0.0018355556754503716,0.6214746078793095
2200,1092.3,9.378166132032424,0.008585705513167102,1100.4555751933262,0.6371436047875938,0.0019495248970643926,0.44086823709757417,0.0018490094597831289,0.6212259880228607
2201,1095.7,8.5848704125339,0.007835055592346355,1099.483498351567,0.6365807642180666,0.0019434299061226892,0.44071063040217107,0.001851459746155662,0.6210038806751157
2202,1094.9,9.62029105588807,0.008786456348422749,1098.4878300473547,0.6360042659387214,0.0019384380554041966,0.4405637047953591,0.0018542642094434806,0.6207968252036024
2203,1086.5,4.795831523312719,0.004414018889381242,1097.4752743694992,0.6354179903299326,0.0019318108492924976,0.4404367861546111,0.00185631620634766,0.620617961481237
2204,1102.3,4.944694126030447,0.004485797084305948,1096.4508819999905,0.6348248438398297,0.001921024921392403,0.44034399295047244,0.001860068151963326,0.6204871680848595
2205,1086.7,1.396424004376894,0.001285013347176676,1095.397914242818,0.6342151348413478,0.001915185066891037,0.44026780803355176,0.0018700127107374523,0.6203797583368532
2206,1091.5,6.726812023536855,0.006162906114096981,1094.33282289671,0.6335984063195277,0.001906534460375026,0.4402196567632977,0.0018787079393059857,0.6203118504988138
2207,1088.3,10.674736530706507,0.009808634136457326,1093.2694869227366,0.6329826908532739,0.0018903966924892883,0.4401647623626035,0.0018843677334767822,0.620234437714072
2208,1084.5,6.123724356957945,0.005646587696595616,1092.2190135683652,0.6323744092181677,0.0018833332773397602,0.44011408863115653,0.0018971289445110203,0.6201629604361314
2209,1090.3,9.795407086997457,0.008984139307527705,1091.1445717413212,0.631752253925139,0.0018641435316475849,0.44008718293446786,0.0019034542393058045,0.6201249786195551
2210,1085.1,3.681032463861192,0.0033923439902877085,1090.0807480768271,0.6311362486516539,0.0018469796751836597,0.4400956529105266,0.001910479504575483,0.6201368482808888
2211,1087.7,8.526429498916883,0.007838953294949786,1089.003051203153,0.6305122097889616,0.0018296494064651253,0.4401393621791517,0.0019178921998460456,0.620198372607093
2212,1080.3,9.871676655968834,0.009137903041718813,1087.9223739791546,0.6298864698625463,0.001807532993386763,0.4402202974671324,0.0019184513300673966,0.6203123783711592
2213,1078.3,10.207840124139876,0.009466604956078898,1086.8237147794866,0.6292502876189097,0.0017879117194582888,0.4403198116811929,0.001926534560456132,0.6204525320183967
2214,1079.5,6.98212002188447,0.00646792035376051,1085.7500386509614,0.6286285773118001,0.0017767741746356706,0.44045035729471704,0.0019371861156898642,0.620636414630414
2215,1077.9,5.152669211195301,0.00478028500899462,1084.6757638030163,0.6280065495851808,0.0017554297306776967,0.4405899485210588,0.0019375487793923942,0.6208330726217429
2216,1082.9,3.1304951684997055,0.00289084418552009,1083.6059348171527,0.6273870869565809,0.0017298705030057092,0.4407672714316502,0.0019380894709888383,0.6210828896592332
2217,1079.3,7.758865896508329,0.007188794493197748,1082.5544280399452,0.6267782232881676,0.001717863241345043,0.4409769143687649,0.0019466381469395134,0.6213782332824039
2218,1082.5,8.674675786448736,0.008013557308497678,1081.5037369852666,0.6261698630532535,0.0016990627157507476,0.44122416036806217,0.001946271109058429,0.621726595957347
2219,1077.7,7.155417527999327,0.006639526332002716,1080.4388120953586,0.6255532608484788,0.0016846421709707914,0.4414954684794477,0.001948154484221724,0.6221088635891816
2220,1073.1,4.533210782657254,0.004224406656096594,1079.3802442635856,0.6249403601590128,0.0016662976721511862,0.4417905213091333,0.0019443455796981327,0.622524612446261
2221,1071.3,8.67179335547152,0.008094645155858789,1078.3172293496332,0.6243249176236727,0.0016433214015065423,0.4421245593430779,0.0019321673201131572,0.6229953289256823
2222,1071.7,5.890670590009257,0.005496566753764353,1077.2491004829035,0.6237065049994445,0.0016228307573878376,0.44248266799604574,0.001923009219746145,0.6234999548408225
2223,1071.3,5.805170109479997,0.005418809025931109,1076.2119687236705,0.6231060261593087,0.001618924085186704,0.4428816310527508,0.0019236617874508247,0.6240621336635043
2224,1075.3,7.293833011524188,0.006783067991745734,1075.1704219534004,0.6225029915221599,0.0016159027967522267,0.4433068785809202,0.0019247220125907815,0.6246613502458064
2225,1069.7,10.52140675005011,0.009835848135037963,1074.1272735433183,0.6218990348082785,0.0016120876579037021,0.4437383802880442,0.0019243998174405016,0.6252693852896217
2226,1069.7,8.043631020876083,0.007519520445803573,1073.0952630574493,0.6213015380819311,0.0015853842674355973,0.444207455578043,0.0019121319348708642,0.6259303788036716
2227,1069.7,6.099180272790763,0.005701767105534975,1072.0420967729347,0.6206917974984677,0.0015694564238987498,0.4447094545481606,0.0019035644261757479,0.6266377700847768
2228,1071.1,5.481788029466298,0.005117904985030621,1071.0127297160982,0.620095827927207,0.0015725937406402461,0.4452587985382519,0.001904947945053384,0.62741186310084
2229,1067.5,10.41633332799983,0.009757689300234032,1070.0105155871913,0.6195155766363868,0.001559449179509623,0.445849370567372,0.0019000900374073018,0.6282440471353603
2230,1068.9,10.99090533122727,0.010282444879060031,1069.0076867032933,0.6189349721184823,0.0015441863426272316,0.4464803750884485,0.001893908056388667,0.6291332069796383
2231,1067.1,4.2485291572496005,0.003981378649845001,1068.0273606060114,0.6183673900935135,0.0015431982129583907,0.4471608587203053,0.0018952619171752887,0.6300920781232182
2232,1061.9,4.277849927241488,0.004028486606310846,1067.0619212705813,0.6178083969777168,0.0015617402332917909,0.4478834605197489,0.0019115390778762472,0.6311102654080429
2233,1063.5,3.278719262151,0.003082951821486601,1066.1133687858955,0.6172591799084854,0.00158951721513513,0.4486338936350798,0.0019322460715657259,0.6321676652146804
2234,1070.3,6.6670833203133135,0.0062291724939860914,1065.172127127225,0.6167141665276168,0.0016375986116036211,0.44942275457501746,0.0019682626800501223,0.6332791772646823
2235,1063.9,10.632497354808041,0.009993887916917042,1064.2567084898824,0.6161840993937009,0.0016959723462869314,0.45023355556790606,0.0020102474129178234,0.6344216004720842
2236,1058.7,5.518151864528558,0.0052121959615836,1063.374634428203,0.6156733702365573,0.0017482167604774654,0.45109801699165264,0.002043626463081346,0.6356396730566075
2237,1061.7,9.833615815151617,0.009262141673873615,1062.5185974278656,0.6151776947635508,0.0017887215254021314,0.45200130619358997,0.0020764121551094814,0.636912437156183
2238,1064.9,15.142654985173506,0.01421979057674289,1061.6944900383435,0.6147004953756028,0.0018340573727287954,0.45295700683324525,0.0021139823786585736,0.638259043764079
2239,1059.5,11.07925990308017,0.01045706456166132,1060.8809978482766,0.6142294437829925,0.0018721043815778443,0.45395548849252315,0.002148157411464275,0.6396659374809323
2240,1055.5,6.144102863722254,0.005821035399073665,1060.0769406744937,0.6137638593852386,0.0019039063112811245,0.45499565749378307,0.002178825201085705,0.6411315798343805
2241,1058.3,6.360031446463139,0.0060096678129671535,1059.3016656078023,0.6133149674665057,0.0019374510992717464,0.4560644964671624,0.0022052039049672194,0.6426376481130605
2242,1059.9,14.24956139675885,0.01344425077531734,1058.556047632624,0.6128833147477599,0.0019368550122438857,0.45717582096903,0.0022022311887207047,0.6442036622307317
2243,1058.1,8.502940667792526,0.008036046373492606,1057.8542916504414,0.6124770904233104,0.0019301018498111319,0.4583352546275866,0.0021899094781627627,0.6458375056266882
2244,1047.9,3.8144462245521304,0.003640086100345577,1057.1712657381784,0.6120817105822367,0.0019244693829155895,0.4595317841481162,0.002178018914627524,0.6475236177712743
2245,1054.1,5.941380311005179,0.005636448449867355,1056.494025181082,0.6116896858813761,0.0019086033740034157,0.46076728826671254,0.002159809118645792,0.6492646544233136
2246,1053.1,6.599242380758567,0.006266491672926187,1055.7921311535479,0.6112833320984451,0.0019011676574193102,0.46201808565975605,0.0021566835938591966,0.6510271759012608
2247,1050.5,9.785192895390463,0.009314795711937614,1055.1161368392036,0.6108919673810396,0.0018997229389064957,0.4633001947098688,0.0021579093858717278,0.6528338076612215
2248,1051.3,10.329569206893384,0.009825520029385889,1054.4543125664036,0.6105088033851717,0.0019015477928783651,0.46461847035440595,0.0021616210230754576,0.6546913978513875
2249,1050.7,6.7786429320329304,0.006451549378540906,1053.804006191131,0.6101323032537851,0.0019166951458464356,0.4659634643596472,0.0021732610425322855,0.6565866320747393
2250,1053.5,11.586630226256467,0.010998225179170828,1053.1573194974303,0.6097578885117636,0.001937282588072444,0.4673456242762192,0.0021901011499956893,0.6585342242687003
2251,1056.1,11.523888232710346,0.010911739638964442,1052.4988367239043,0.6093765822705273,0.0019818210823686457,0.4687573654774977,0.0022322786341424762,0.6605234266630592
2252,1050.3,7.172865536171719,0.006829349267991735,1051.860157532062,0.6090067427850228,0.002024801481775331,0.4702120036405744,0.0022738933958957657,0.6625730752239362
2253,1047.7,7.463243262818116,0.007123454483934442,1051.2245965615962,0.6086387392825878,0.002089774202785776,0.4717013815914294,0.002321758377579045,0.6646717033197722
2254,1048.3,6.629479617586889,0.006324029016108833,1050.592879073499,0.6082729690362392,0.0021389339589064104,0.4732230063012944,0.002360282468547731,0.666815785423458
2255,1052.9,10.526157893552615,0.009997300687199747,1049.9785615744204,0.6079172749707923,0.0021845777656719157,0.47476787477693466,0.0023970595544918613,0.6689926237284048
2256,1053.3,12.214745187681975,0.011596644059320208,1049.3817442866803,0.6075717135917404,0.0022271722807842903,0.47635268128645125,0.0024326559240183316,0.6712257402358707
2257,1045.5,8.0156097709407,0.007666771660392826,1048.8100796636777,0.6072407543096583,0.0022488713301086114,0.4779801568035407,0.002449502064556613,0.6735190328791585
2258,1050.5,5.291502622129181,0.005037127674563714,1048.2624835613674,0.6069237276836275,0.002276567727947554,0.4796385243917996,0.002470580680571324,0.6758558462344139
2259,1042.9,4.068169121361598,0.003900823781150252,1047.7480108484185,0.6066258726369671,0.002302895859588782,0.48133803072657966,0.0024924569098116888,0.6782506218419015
2260,1045.9,5.792236183029832,0.005538040140577332,1047.2584321394738,0.6063424215492381,0.002325743424142991,0.48307632807337236,0.002514431637598095,0.680700048511675
2261,1051.9,10.05236290630218,0.00955638644956952,1046.7759141364947,0.6060630700520577,0.002346783576297741,0.48484645045305685,0.0025334739301284717,0.6831943336835862
2262,1044.9,4.979959839195494,0.0047659678813240436,1046.3055955428147,0.60579073498256,0.002373127374128974,0.48663679216693234,0.002564809333943943,0.6857170548223116
2263,1049.7,8.983317872590282,0.008557985969886902,1045.8426041593198,0.6055226406455072,0.002404173202805833,0.4884512826858661,0.002599565177638201,0.6882738000614369
2264,1048.9,6.465291950097845,0.006163878301170603,1045.3990888483993,0.6052658251616004,0.002432081101013514,0.4902860631866305,0.002632238060953789,0.6908591387995849
2265,1050.5,5.385164807134504,0.005126287298557357,1044.975665759443,0.6050206447973553,0.0024593135504864727,0.492154497392551,0.0026644594742867953,0.6934919013987351
2266,1048.5,4.415880433163924,0.004211617008263161,1044.5706326817203,0.6047861228522697,0.0024904088813727915,0.4940571250890504,0.0026973817679521953,0.6961728578708878
2267,1043.9,9.195107394696379,0.008808417851035902,1044.1698317746645,0.6045540244004443,0.002508931449263886,0.4959771210622459,0.0027278132281443723,0.6988782622368062
2268,1038.5,13.038404810405298,0.012555035927207797,1043.7966570191854,0.6043379074945092,0.0025343689518949834,0.49793399632261715,0.0027653058407481547,0.7016356182092385
2269,1042.3,6.6670833203133135,0.006396510908868189,1043.4268045900142,0.6041237223487355,0.0025665422974956308,0.4999150403046511,0.002805789663664885,0.7044270384643684
2270,1041.5,7.681145747868608,0.007375079930742782,1043.030057893647,0.6038939920526329,0.0025797771170561748,0.5019044521215978,0.0028298842241127296,0.7072302848196104
2271,1046.3,5.239274758971894,0.00500743071678476,1042.64618601786,0.6036717278790747,0.0025821412321164706,0.5039199533561755,0.002845150488544386,0.7100703104945367
2272,1043.3,3.492849839314596,0.003347886359929643,1042.3081328233388,0.6034760281362926,0.002571485486596584,0.5059667979805714,0.0028455879021895094,0.7129545475791471
2273,1045.1,5.343220002957018,0.005112639941591253,1041.9898940170824,0.6032917996582592,0.0025715578553892004,0.5080410943257927,0.0028530546234601458,0.7158774627388649
2274,1034.3,11.616798181943249,0.011231555817406216,1041.6547239136619,0.6030977831256905,0.002549758457449925,0.5101234994152369,0.0028437157208136515,0.718811823732073
2275,1041.7,9.011104260855047,0.008650383278155944,1041.3162060361788,0.6029018136655341,0.002531194240841396,0.5122021079941951,0.0028390009776264906,0.7217408196167091
2276,1040.7,8.151686941977102,0.007832888384719038,1041.0257336927455,0.6027336527774864,0.0025290104037031455,0.5143185149460143,0.002846544295713686,0.7247230639845709
2277,1041.3,6.815423684555495,0.006545110616110146,1040.717520430108,0.6025552473307133,0.00253448886422419,0.5164387548606698,0.0028538858433510444,0.7277107436371549
2278,1041.9,7.179832867135557,0.006891095946958016,1040.4061207949173,0.6023750092037103,0.0025139096102597806,0.5185533718698485,0.0028416750929137033,0.7306905184671192
2279,1044.5,4.301162633521313,0.004117915398297093,1040.0816922582244,0.6021871886156553,0.0025149664027642417,0.520671327268858,0.002851127177018192,0.7336749447761068
2280,1039.9,7.003570517957251,0.006734850002843784,1039.740526419917,0.6019896903469879,0.002489631451992504,0.5227834669939829,0.0028405236869602515,0.7366511982182946
2281,1035.1,9.69793792514677,0.009369083108054073,1039.3793338963274,0.6017805262671229,0.0024770759938661556,0.5248911030707937,0.0028522940723165135,0.7396210052649179
2282,1041.9,4.954795656734998,0.004755538589821477,1039.0422337724874,0.6015853422560495,0.0024397243936750508,0.5270145329111735,0.0028415747807465836,0.7426131168117807
2283,1040.9,8.018728078691783,0.007703648841091155,1038.7204894509534,0.6013990474192235,0.0024020623346249575,0.5291474527593827,0.002830987984712137,0.7456185987530745
2284,1037.5,3.3541019662496847,0.003232869365059937,1038.4043636797862,0.601216004902055,0.002364789846234225,0.5312829039603908,0.0028208294916228973,0.7486276487535605
2285,1035.7,4.944694126030447,0.004774253283798828,1038.0569417028619,0.6010148203200135,0.00232362677804841,0.5333998099090441,0.002812726857896839,0.7516105336108353
2286,1032.9,8.648699324175862,0.008373220373875362,1037.7270638607965,0.6008237954679441,0.0022828285020538106,0.5355209545578727,0.002804594586474413,0.7545993937366096
2287,1036.7,8.497058314499201,0.008196255729236232,1037.409049203936,0.6006396325166499,0.002243390888934933,0.5376358744212839,0.002798866353493837,0.7575794730259502
2288,1040.7,7.996874389409903,0.007684130286739601,1037.103503423688,0.6004627107819289,0.0022024879778892014,0.5397482461617626,0.002787621765578477,0.760555990415511
2289,1037.5,8.558621384311845,0.008249273623433103,1036.8130804070656,0.6002945366378539,0.002164155171850621,0.5418571252757733,0.0027798673706959137,0.7635275752198983
2290,1033.1,8.1117199162693,0.007851824524508083,1036.5171054225566,0.6001231648420788,0.0021163446235532507,0.5439547649673074,0.002762515576262215,0.7664833508985811
2291,1037.7,8.67179335547152,0.008356744102796106,1036.2312642217712,0.5999576285634282,0.0020982208582656426,0.5460355430211519,0.0027708974813752244,0.7694153155151299
2292,1035.1,10.175952043912156,0.009830887879347074,1035.9673380690617,0.599804766305237,0.0020902887854050813,0.5481085746621983,0.0027888671674736187,0.7723363454724158
2293,1036.7,12.7455874717488,0.012294383593854345,1035.6826425401102,0.5996399076774883,0.0020775895994277187,0.5501426326072506,0.0027973229155976768,0.7752024894886754
2294,1034.3,9.038805230781334,0.008739055622915338,1035.4001175651442,0.5994762908759785,0.0020804003610877747,0.5521501368505233,0.0028187032042355543,0.7780312013098565
2295,1032.5,6.442049363362563,0.0062392729911501825,1035.146534530081,0.5993294559181632,0.0020680095900781933,0.5541455880856898,0.0028248889597224168,0.7808429662715144
2296,1030.1,8.590692637965812,0.008339668612722855,1034.851269642491,0.5991585235182757,0.0020362014754851583,0.5560883290723361,0.002810670340339176,0.7835805090135002
2297,1032.1,11.058933040759403,0.010714982114872013,1034.542160828069,0.5989795353295562,0.002021414542039986,0.5579930716992627,0.002816071628586712,0.7862644501107848
2298,1037.1,6.18869937870632,0.005967312099803607,1034.2692904869905,0.5988215728667832,0.0019926549385823828,0.5598575021446024,0.002802329545724291,0.788891650413145
2299,1032.7,10.95216873500404,0.010605373036703825,1034.0163096573417,0.5986751371585751,0.001959745170990682,0.5616850622112415,0.0027830901409735755,0.791466912423445
2300,1026.5,9.16515138991168,0.008928544948769294,1033.7908542340506,0.5985446664452384,0.001917254393159057,0.5634855977092934,0.0027508553866919623,0.7940041358456121
2301,1032.5,10.51189802081432,0.010181015032265685,1033.5664501864633,0.5984148088985732,0.0018837510167648572,0.565241628164661,0.002722548456804734,0.7964786533531981
2302,1027.3,8.136338242723197,0.007920118994182027,1033.3434356559696,0.5982857192962301,0.0018643863388214984,0.5669501459572963,0.00271135894814716,0.7988861681819616
2303,1030.1,6.4265076052238514,0.0062387220708900615,1033.140089276305,0.5981679945330232,0.001856166693517104,0.5686179810069061,0.002712300838705966,0.8012363213999333
2304,1035.1,8.502940667792526,0.008214607929468194,1032.9618444915693,0.598064803285499,0.0018545707488689235,0.5702449600222483,0.0027170326492091334,0.8035289000063729
2305,1034.9,9.939818911831342,0.009604617752276877,1032.8160635461857,0.5979804426300526,0.0018422874160494269,0.57181676669976,0.0027061357160951998,0.805743786954574
2306,1031.7,7.981227975693966,0.007735996874763949,1032.6903779601594,0.5979077162940378,0.0018303559161515085,0.5733394323668015,0.002695142653956206,0.8078894337077015
2307,1030.1,4.827007354458868,0.004685959959672719,1032.582295073687,0.5978451788116736,0.0018254743301992812,0.5748083164761784,0.0026888346567688656,0.8099592977479171
2308,1032.5,10.488088481701515,0.010157954945957883,1032.4745552089958,0.5977828294235961,0.0018392651188807278,0.5761981431523048,0.0026965233820315754,0.8119177402888245
2309,1031.7,12.37739875741264,0.011997090973551072,1032.3357757076847,0.5977024973534737,0.0018368688009886692,0.5775010729670932,0.0026964923399732748,0.8137537259728524
2310,1030.1,6.268971207462992,0.006085788959773801,1032.232784637929,0.5976428662737647,0.0018489858120192095,0.5787510995828653,0.0027105201588676587,0.8155151408401522
2311,1033.3,5.263078946776307,0.005093466511929069,1032.1216502868597,0.5975785286450274,0.0018349125173633364,0.5799203244002453,0.0027053094372565456,0.8171627025600836
2312,1033.5,5.385164807134504,0.005210609392486215,1032.030978718886,0.5975260159886726,0.0018403766124990009,0.5810214901509895,0.002718073042962473,0.8187143307715367
2313,1035.9,5.3665631459994945,0.0051805803127710146,1031.914644485295,0.5974586286001247,0.001841285172468218,0.5820253353641882,0.0027317809567769546,0.8201288108393843
2314,1033.3,6.760177512462229,0.006542318312650952,1031.8424310797316,0.5974167721514396,0.0018567514927993276,0.5830313215449932,0.002758384758330162,0.8215462707942525
2315,1030.9,8.61974477580398,0.008361378189740983,1031.7561539554324,0.5973667943787867,0.0018722547271394858,0.5839301509711794,0.0027790688051325743,0.8228127664701969
2316,1030.9,11.392980294900891,0.011051489276264322,1031.6632651211578,0.5973129918212537,0.0018790944913649027,0.5851449389237965,0.0027948909511497384,0.8245244879346842
2317,1031.5,6.224949798994366,0.006034851962185522,1031.5865772683642,0.5972685730140139,0.001893581961494306,0.586336994102353,0.0028146037223102565,0.826204172898248
2318,1031.9,11.092790451459903,0.010749869610873052,1031.4965737910854,0.5972164507148197,0.0018991559457028119,0.5875303600551021,0.0028270871066759834,0.8278857135574006
2319,1032.7,10.95216873500404,0.010605373036703825,1031.379542184452,0.5971486921241704,0.0018809982956090165,0.5886578573035568,0.0028207108166224022,0.829474454759086
2320,1026.7,5.826662852782886,0.005675136702817655,1031.261150168772,0.5970801146083049,0.0018862217891060823,0.5897494927190408,0.0028373202798126864,0.8310126175252283
2321,1030.1,11.216059914247962,0.01088832143893599,1031.1063751853085,0.5969904843586118,0.001886116576832355,0.5908089656231615,0.0028472461393010844,0.8325054744136684
2322,1030.3,11.89327541092024,0.0115435071444436,1030.9552896032912,0.5969029755992213,0.0018918900762777795,0.5918116517985602,0.002864434476778412,0.8339182917516774
2323,1030.9,9.62029105588807,0.00933193428643716,1030.8217924282533,0.5968256482027275,0.0018955754611820173,0.5927982537987075,0.0028806656059134346,0.8353084424167824
2324,1030.5,16.170961628796228,0.015692345103150148,1030.681958936743,0.596744664219469,0.0019056499840595013,0.5937624010136313,0.0028979145931780532,0.8366669682036818
2325,1028.7,7.965550828411052,0.007743317612920241,1030.5492863735183,0.5966678010097748,0.0019222536225596922,0.5946775370209025,0.0029255472266842926,0.8379563943761005
2326,1032.9,8.933084573650918,0.008648547365331511,1030.4109705093708,0.596587674502316,0.001930891906703757,0.5955593569338107,0.002946794147390582,0.8391988854286785
2327,1036.1,5.200961449578337,0.005019748527727378,1030.2806262413465,0.5965121624827376,0.0019404968643352816,0.5964028713870237,0.0029686839381062513,0.840387399505175
2328,1029.5,13.97318861248212,0.01357279127001663,1030.1411192131477,0.5964313040625189,0.0019663784291603214,0.5972304967733301,0.0030113422851773246,0.8415534614134369
2329,1038.1,6.024948132556828,0.0058038224954790755,1030.0415627186976,0.596373611956794,0.0019888027117956355,0.5980692038810355,0.00304288542422576,0.8427351975775375
2330,1032.9,8.648699324175862,0.008373220373875362,1029.9476176283276,0.5963191143469688,0.0020197266845278124,0.5988688017240371,0.003092967107365252,0.8438617447358675
2331,1026.7,8.714929718592114,0.008488292313813298,1029.8594564987263,0.5962679906622265,0.002045320271024085,0.5996567211708251,0.0031332542139360523,0.8449718738758373
2332,1028.3,12.686607111438423,0.012337457076182461,1029.780041030152,0.5962219637576679,0.0020607207103084924,0.6004035637778841,0.0031586048218286114,0.846024172182446
2333,1032.5,10.63014581273465,0.010295540738726053,1029.7131242434366,0.5961831660023658,0.0020742946665634554,0.6011325341689463,0.0031843599438770407,0.8470512776106315
2334,1028.3,8.182297965730655,0.007957111704493489,1029.6428513162737,0.5961424301053272,0.002078965720814587,0.6018849991009467,0.0032031402248249652,0.8481114956515106
2335,1031.5,4.5,0.004362578768783325,1029.5774734214826,0.5961045161450353,0.0020971395488169615,0.6025995568551578,0.00323348620819101,0.8491182814724446
2336,1025.9,9.410100955887774,0.009172532367567768,1029.498729180998,0.5960588551867101,0.0021108778416415092,0.6032564158937536,0.003262445524145691,0.8500437590017518
2337,1026.5,8.06225774829855,0.007854123476179784,1029.4123211576348,0.596008791003515,0.0020966466172825274,0.6038904520134568,0.0032648931801130435,0.8509371359272804
2338,1032.3,6.7786429320329304,0.0065665435745741844,1029.3195661855184,0.595955032194351,0.0020878814969498187,0.6045291197953266,0.0032756261273456182,0.8518370068560429
2339,1025.7,7.014271166700073,0.006838521172565149,1029.221107430489,0.5958979850650469,0.0020756848053735855,0.6051112573342201,0.003280583559929225,0.8526572449603751
2340,1027.5,5.338539126015656,0.005195658516803558,1029.1362642697034,0.5958488352110644,0.0020569110534783145,0.6057325106736812,0.003278244021360766,0.8535326245876484
2341,1028.1,4.33589667773576,0.0042173880728876185,1029.0625597303297,0.5958061322170245,0.0020404255739156292,0.6063372205973787,0.003277871864218592,0.8543846897437192
2342,1035.5,4.527692569068709,0.004372469888043176,1028.9561056744196,0.5957444424861247,0.0020384284306228175,0.6068957647862203,0.0032925801370536872,0.8551716595840707
2343,1028.3,7.102816342831906,0.0069073386587882,1028.8665914563583,0.5956925613764298,0.00203429680287842,0.607467513250961,0.003305760344515912,0.855977237503477
2344,1026.1,2.5099800796022262,0.002446135931782698,1028.8097246152179,0.5956596340777984,0.0020072357929093415,0.6080057361238321,0.0032921296649682957,0.8567356553546089
2345,1029.1,12.788666857808128,0.012427039993983218,1028.791833798284,0.5956492454887737,0.0019923924959406574,0.6085717812371472,0.0032928814050605638,0.8575332287478107
2346,1028.5,9.327379053088816,0.009068914976265255,1028.7655420851008,0.5956339961424573,0.0019813999636529604,0.6090992697128,0.0032952005251332,0.8582764774178786
2347,1022.9,6.8044103344816,0.006652077753916903,1028.7673337115698,0.5956350276416591,0.00195713014660141,0.6096251304112216,0.0032842729402460516,0.8590174683128889
2348,1033.9,9.51577637400123,0.009203768617855915,1028.7776637567397,0.5956409784574886,0.0019477140135401988,0.6101245034646726,0.0032882216930464774,0.8597210902892455
2349,1030.1,7.987490219086343,0.007754092048428642,1028.8172697000102,0.5956639051460016,0.0019446562528771581,0.6106241898498233,0.003290004445151192,0.8604252008837033
2350,1030.9,11.036303729057117,0.010705503665784379,1028.845755846235,0.5956803832946749,0.001949970748352939,0.611100886583309,0.003299311116449242,0.8610968981900419
2351,1022.1,6.58027355054484,0.0064379938856715,1028.8849229028976,0.5957030645797416,0.0019463037906710754,0.6115868819937814,0.003298574920092632,0.8617817275994606
2352,1031.7,5.263078946776307,0.005101365655497051,1028.9343856676915,0.5957316836987349,0.001956812738794591,0.6120652827957597,0.003312043590358309,0.8624558114385279
2353,1027.3,7.8230428862431785,0.007615149310078048,1028.9855522119126,0.5957612895739964,0.0019669491018895558,0.6125130353988828,0.003325051129012215,0.8630867094899474
2354,1030.1,8.203657720797473,0.007963943035431001,1029.0385706902937,0.5957919679975056,0.001976791640179181,0.6129606822996357,0.0033378069605437097,0.8637174589339371
2355,1024.9,6.54217089351845,0.006383228503774465,1029.0859019442319,0.5958193642085924,0.001985471682276206,0.61338121174303,0.003347215851725644,0.8643100114379495
2356,1025.3,7.5960516059331775,0.007408613679833393,1029.1287399265736,0.5958441828972527,0.001980226068000045,0.6137770871261207,0.003342159723621403,0.8648678690476217
2357,1025.3,3.9623225512317903,0.0038645494501431685,1029.1677452331273,0.5958667846835757,0.0019755263809412105,0.6141379889594395,0.0033367553352260408,0.8653764485975474
2358,1029.9,11.64259421263148,0.011304587059550905,1029.194305019227,0.5958821851582949,0.0019694931391558697,0.6144576358227137,0.0033292745423753444,0.8658269022032898
2359,1031.9,11.382003338604326,0.011030141814714919,1029.2218537817428,0.5958981547537672,0.0019566060728829584,0.614829635874187,0.0033185803369180106,0.8663511212078367
2360,1027.7,7.57957782465488,0.00737528249942092,1029.2193590303418,0.5958967187614352,0.0019424229167602709,0.6151687500025685,0.003309522375217587,0.8668289791744066
2361,1030.5,12.942179105544785,0.012559125769572814,1029.1982225789616,0.5958844915537216,0.0019173697189594004,0.6154671237266736,0.0032930597867485817,0.8672494305856769
2362,1026.1,9.838699100999076,0.009588440796217792,1029.173274193456,0.5958700643369808,0.0018918564074662922,0.6157292987495963,0.00327453103136761,0.8676188847996362
2363,1030.7,8.8289297199604,0.008565954904395458,1029.1873727721293,0.5958782326070706,0.0018919786561178997,0.6159872333276046,0.003274642714294909,0.8679823489059327
2364,1033.3,9.85900603509299,0.009541281365617915,1029.2056920176904,0.5958888485287498,0.0018895345420533892,0.6162420847974399,0.00327218809859764,0.8683414742934857
2365,1033.3,7.52994023880668,0.0072872740141359535,1029.2258656376075,0.595900521786987,0.001894212213975475,0.6165048450986566,0.003278088302788931,0.8687117175585571
2366,1028.7,4.685082710048992,0.00455437222713035,1029.2577145476678,0.5959189539129124,0.0019036422124897017,0.6168131028904054,0.003287379234036674,0.869146069952334
2367,1024.1,6.06630035524124,0.005923542969672142,1029.2465935305247,0.5959125345514265,0.0018842856956932318,0.6170582643404634,0.0032720052926751837,0.8694915500725345
2368,1039.9,6.5612498809297,0.006309500799047696,1029.208975300869,0.5958907877221653,0.0018566390902953268,0.6172982028894577,0.003248217423563141,0.8698296942256125
2369,1034.3,9.135097153287424,0.008832154262097481,1029.210745837076,0.5958918083232965,0.0018717352010016212,0.6175574404145852,0.003259969375220475,0.8701949781007603
2370,1030.1,4.159326868617084,0.004037789407452756,1029.2418978969931,0.595909878506847,0.0018680179455748034,0.6178259155416507,0.003250818978890586,0.8705733383542515
2371,1026.1,4.505552130427524,0.0043909483777677845,1029.2638844079406,0.5959226180007867,0.0018767890675805779,0.6181002659379969,0.0032552711650582432,0.8709599387630231
2372,1027.9,11.002272492535349,0.010703640911115232,1029.2619216191804,0.5959214936875596,0.0018601372588415081,0.6183316661540516,0.0032432282853791087,0.8712860200500983
2373,1034.5,6.837397165588672,0.006609373770506207,1029.2555849541086,0.5959177969303162,0.0018646013059292605,0.6185616318389868,0.0032540164596246415,0.8716100161488687
2374,1031.9,11.382003338604326,0.011030141814714919,1029.2265600475553,0.5959009745228755,0.0018570424046593537,0.6187766161224744,0.0032548089346237517,0.871912918012732
2375,1036.7,5.953990258641679,0.005743214294050042,1029.1884434950982,0.595878891862385,0.0018500124698222608,0.6189820182732518,0.003255033175934998,0.8722023251455356
2376,1035.7,5.449770637375485,0.0052619200901568835,1029.1574012439828,0.595860911226628,0.0018506310752754752,0.6192381140430038,0.0032586866985688436,0.8725631705266504
2377,1035.1,12.491997438360288,0.012068396713709099,1029.1731910525061,0.595870032343593,0.00186486905676158,0.6195194449527132,0.0032739264742949912,0.8729595458416182
2378,1030.3,12.060265337047937,0.011705586078858524,1029.184046611228,0.5958762983326946,0.0018803905695784415,0.6197512723917241,0.003289322682058726,0.8732861690301894
2379,1028.7,11.43241006962224,0.011113453941501155,1029.1908735813154,0.5958802409377565,0.0019011281589409363,0.6199679632831714,0.0033057100790332065,0.873591480581901
2380,1029.1,6.822756041366275,0.006629828045249515,1029.2026544970686,0.5958870505003454,0.0019248895065868904,0.6201901676215122,0.0033244055193343194,0.8739045599081787
2381,1032.7,6.572670690061994,0.006364549908068165,1029.2235310676178,0.5958991231129496,0.001954798390721831,0.6203982745898088,0.003347757536488247,0.8741977711183273
2382,1033.1,6.967783004657938,0.006744538771327014,1029.249175083169,0.5959139977359398,0.00195771321186627,0.6205890869015604,0.0033440434679890825,0.8744666779497999
2383,1024.9,7.26636084983398,0.007089824226591842,1029.2781048220943,0.595930799141259,0.0019476066749266436,0.6207688106308255,0.0033261286918296233,0.8747200025884799
2384,1032.5,11.661903789690601,0.011294822072339566,1029.3166592153611,0.5959531678640329,0.001948242972122296,0.6209606708307909,0.0033162790631992506,0.8749904258653748
2385,1027.5,11.07925990308017,0.010782734698861478,1029.3540987878391,0.5959749135412002,0.001937092641789641,0.6211365595524181,0.00329333937996435,0.8752383841550377
2386,1032.5,8.215838362577491,0.007957228438331711,1029.3688093327085,0.5959835115856583,0.0019065949553441455,0.6213370345146594,0.0032551101152267477,0.875521002883036
2387,1026.9,10.597169433391164,0.01031957292179488,1029.3676404790162,0.5959829260047002,0.0018558564392120848,0.6215117241453079,0.0032012077572037808,0.8757672958054457
2388,1034.1,12.521980673998822,0.012109061671017139,1029.3793558580878,0.5959897485658895,0.0018314570742716382,0.6216967644190057,0.003176815278519894,0.8760280952315324
2389,1022.5,4.242640687119285,0.004149281845593432,1029.4015316584935,0.5960026691257789,0.0017802184509595933,0.6218721934401572,0.003125008189315744,0.8762754171039235
2390,1030.9,9.62029105588807,0.00933193428643716,1029.423405746144,0.5960154192231422,0.0017292613547724264,0.6220165819186518,0.0030721094515998486,0.8764790058099539
2391,1023.3,5.215361924162119,0.00509661089041544,1029.470517905377,0.5960427755038278,0.001686158363987987,0.6221747454503918,0.0030255935905092054,0.8767019836947467
2392,1028.5,12.389511693363866,0.012046195132099044,1029.536100427999,0.5960808116629343,0.0016532951705529083,0.622369179974522,0.0029891326351617247,0.8769760569390123
2393,1030.3,12.34706442843804,0.011983950721574339,1029.574175148531,0.5961028853091594,0.0016297708739665987,0.6225357853387438,0.0029678585923353473,0.8772108527629721
2394,1030.1,6.8044103344816005,0.006605582307039706,1029.5964464651647,0.5961157692738726,0.0016271974652397676,0.6226930391164529,0.0029699220275803194,0.8774324076840447
2395,1027.5,9.987492177719089,0.009720187034276486,1029.637666772124,0.5961396106395613,0.0016444805684389069,0.6228625423020746,0.002987628267560844,0.8776712087008022
2396,1025.5,6.5,0.006338371526084837,1029.6895360926776,0.5961696085822226,0.0016721329423924948,0.6230243979842359,0.0030139888469956737,0.8778992210264477
2397,1028.7,7.965550828411052,0.007743317612920241,1029.7403160401961,0.5961989721463038,0.0017014546902713661,0.6231904527676628,0.0030424286977666095,0.8781331446111198
2398,1033.1,6.599242380758567,0.006387806002089409,1029.799013550935,0.596232912863607,0.001737682631907222,0.623364147540295,0.003077047824120255,0.8783778290806193
2399,1037.9,4.748684028233505,0.004575280882776284,1029.854768011482,0.596265146582887,0.0017748789441226981,0.6235366599216923,0.0031131624271883694,0.8786208429676078
2400,1032.7,14.158036587041297,0.013709728466196665,1029.8912165159472,0.5962862047819173,0.0018056861787728508,0.6237139826631426,0.003144841593800273,0.8788706378814464
2401,1034.3,8.090117428072352,0.0078218287035409,1029.9402116346846,0.5963145191699096,0.001844334046766537,0.6238279449326568,0.003183227991171654,0.8790311406097813
2402,1025.1,6.168468205316454,0.0060174306948750905,1030.0213514500488,0.596361502410969,0.0018545890455790423,0.6239559291453851,0.0031890488807415278,0.8792114944703492
2403,1034.9,5.683308895353129,0.00549165029988707,1030.1059026588605,0.5964104705691538,0.0018598426228801353,0.6240801406081884,0.0031892048549879664,0.8793865482645662
2404,1030.7,10.95216873500404,0.010625952008347763,1030.1852227855068,0.5964564051133013,0.0018553374603972996,0.6241949490309741,0.003184356046152558,0.8795483481845079
2405,1028.5,6.557438524302,0.006375730213225086,1030.2588795667666,0.5964990529804814,0.0018543132507741562,0.624303581077758,0.003183660636619235,0.8797014329538946
2406,1027.5,7.599342076785332,0.007395953359401783,1030.3172229005445,0.5965328214453253,0.0018662177200587512,0.624427245297352,0.0031946576697077056,0.8798756741153028
2407,1030.7,4.41021541423999,0.004278854578674677,1030.3743104050873,0.5965658623902448,0.0018775599574706937,0.6245450217707116,0.003205389991115187,0.8800416185600882
2408,1029.1,5.224940191045253,0.005077193850009963,1030.3945748351402,0.5965775514056723,0.0018960669431666057,0.6246349843082261,0.003228721168024735,0.8801683178686399
2409,1030.1,8.961026726887942,0.008699181367719584,1030.4052320408202,0.596583678697827,0.0019122579901446172,0.6247327047724869,0.0032504072439103263,0.8803059580840762
2410,1029.3,4.05585995813465,0.003940406060560235,1030.3719402779618,0.5965643708004091,0.0019127340839637994,0.6248357278324936,0.0032594545487138354,0.8804510910677832
2411,1029.9,11.204909638189859,0.01087960931953574,1030.3130522576662,0.5965302151753196,0.0019333720220709833,0.6249164748990428,0.003288282854036653,0.880564788026407
2412,1027.5,8.986100377805714,0.008745596474750086,1030.2315251484004,0.5964829591564906,0.0019501424814934343,0.6249946304986168,0.0033128016684788944,0.8806748551119412
2413,1032.1,7.214568594171102,0.006990183697481933,1030.1663374145664,0.5964452013183501,0.0019501356255047578,0.6250974490705756,0.0033172616161708333,0.8808197352446665
2414,1036.7,4.177319714841085,0.00402943929279549,1030.1136227405375,0.596414664509042,0.0019454136492450345,0.6252267291334443,0.0033189352407128904,0.8810018895903576
2415,1038.5,5.0,0.004814636494944632,1030.059126549421,0.5963830968900956,0.0019466950264186316,0.6253743465587449,0.0033244367609553986,0.8812098874531069
2416,1037.3,8.67179335547152,0.008359966601245078,1030.02410660518,0.5963628426671649,0.001930283911191286,0.6255459615848294,0.0033096115142731294,0.8814517580925194
2417,1040.9,5.748912940721924,0.005523021366819025,1029.964707015307,0.5963284403766088,0.0019282342396847493,0.6256954879920691,0.0033119518641035266,0.8816624529356639
2418,1033.1,2.8372521918222215,0.002746348070682627,1029.9033664241347,0.5962929171980486,0.0019251884115294498,0.6258373248075089,0.0033129081814436204,0.8818623173462244
2419,1031.5,10.087120500916008,0.009779079496767821,1029.7990492823706,0.5962325290417402,0.0019093325315253417,0.6259473073118873,0.0033012921664579624,0.8820173346513813
2420,1030.7,10.674736530706507,0.010356783283891051,1029.696083834669,0.5961729257480123,0.0018939155473685816,0.6260521451026865,0.0032893980656283767,0.8821651056093881
2421,1037.7,8.927485648266257,0.00860314700613497,1029.626214585578,0.5961324772898966,0.0018678241716017674,0.6261562875498397,0.0032724864273071773,0.8823118638979708
2422,1028.7,11.43241006962224,0.011113453941501155,1029.5692724469732,0.5960995093473593,0.0018471014707822483,0.6262775166125731,0.0032601350255346095,0.882482688469383
2423,1025.7,8.19756061276768,0.007992162048130719,1029.453157308087,0.5960322587744521,0.0018436911710954164,0.6263717684151807,0.0032642954847081226,0.882615478984835
2424,1029.1,7.179832867135558,0.006976807761282245,1029.3453770058688,0.5959698320063807,0.001841815918926363,0.6264506034952323,0.003269783700591923,0.8827265418312977
2425,1026.9,11.674759098157015,0.011368934753293421,1029.254607132872,0.5959172460207183,0.0018539680351242196,0.6265347343080101,0.003285970213856641,0.8828450551644845
2426,1024.1,5.639148871948674,0.005506443581631358,1029.1692661721845,0.5958678113038707,0.0018624639575687348,0.6266443190446072,0.0032979960226111596,0.8829994473854621
2427,1024.1,6.06630035524124,0.005923542969672142,1029.0687728169244,0.5958096095453503,0.001857911724028908,0.6267226488735138,0.0033002687734573297,0.8831098049293592
2428,1028.7,8.273451516749223,0.008042628090550424,1028.972810730592,0.59575401964077,0.0018590730914037211,0.6268194237434512,0.003309056071595795,0.88324613346218
2429,1024.9,7.668115805072326,0.007481818523828984,1028.848388120088,0.5956819348947809,0.0018617051529852679,0.6269182938411911,0.003322925872909352,0.8833853848729358
2430,1029.9,11.425847889762931,0.011094133303974104,1028.7446513962773,0.5956218559886437,0.0018573109843868277,0.6270086597655139,0.003325194429771223,0.8835127022627616
2431,1027.3,8.497058314499201,0.008271253104739805,1028.642658715121,0.5955627853818676,0.001853500824802088,0.6270690099695523,0.003328025172235455,0.8835977214769507
2432,1024.9,12.157302332343306,0.011861940025703293,1028.5791756322128,0.5955260708639726,0.0018226995062165603,0.6271529274386005,0.0032996062956272567,0.8837160436013617
2433,1032.1,10.039920318408907,0.009727662356757007,1028.5024924855109,0.5954816806679808,0.0018154200712378326,0.6272580840770637,0.0032939243685986648,0.8838642380699208
2434,1027.7,4.969909455915671,0.004835953542780646,1028.4157513754485,0.5954314687559922,0.0018017132444540576,0.6273548047488193,0.0032838828522104278,0.8840005458172702
2435,1028.9,9.370165420097983,0.00910697387510738,1028.3041833667612,0.595366810002732,0.0018221797477354718,0.6274044554882816,0.003312430511481823,0.884070403449622
2436,1025.7,6.648308055437865,0.006481727654711772,1028.261987330162,0.5953424255707295,0.0017993742764819975,0.6274957215570673,0.0032875963592573663,0.8841990788732124
2437,1030.9,7.92464510246358,0.007687113301448811,1028.2388647338635,0.5953290781552837,0.001785535937030584,0.6275977119540351,0.0032697131080510534,0.8843428566479921
2438,1039.1,11.447707194019246,0.011016944657895532,1028.216334756496,0.5953160740164862,0.001772059685047112,0.627728899375985,0.0032521072890491407,0.8845277751931597
2439,1034.1,10.310189135025604,0.009970205139759797,1028.1949237831109,0.5953037193480677,0.00174231322923041,0.6278584684159194,0.0032242035895322617,0.8847104048142109
2440,1034.1,10.761040841851685,0.010406189770671778,1028.175158198758,0.5952923160437474,0.0017145635483765674,0.6279865508194347,0.0031978491626298575,0.88489093783205
2441,1035.1,5.639148871948673,0.005447926646651216,1028.1837325231943,0.5952973026174708,0.001689426340534114,0.6280992625703533,0.003177706651739008,0.8850497767861908
2442,1027.3,5.019960159204453,0.0048865571490357765,1028.177204825667,0.59529354930982,0.0016692853586739065,0.6282087239002386,0.0031595950242936243,0.8852040504502099
2443,1026.7,7.328028384224504,0.007137458248976823,1028.1543977118,0.5952803770931298,0.0016372573537139783,0.6282987458343546,0.003132784248914802,0.8853309407655223
2444,1026.9,9.463086177352503,0.009215197368149287,1028.1469728937905,0.5952761026211265,0.0016208273526481945,0.6283963381129539,0.003117317576639371,0.8854684896310451
2445,1029.5,6.5383484153110105,0.006350994089665867,1028.1332673609083,0.5952682224690513,0.001580578480588367,0.6284924970028083,0.0030800152097957656,0.8856040664803903
2446,1027.5,11.521718621802913,0.011213351456742494,1028.106590968319,0.5952528091150843,0.00155182079348846,0.6285792286133105,0.003055587498007487,0.8857263200617803
2447,1035.7,13.255187663703596,0.012798288755144922,1028.1178688551795,0.5952593071866297,0.00155912935780256,0.6286874570054289,0.003068713154669277,0.8858787587759329
2448,1029.9,7.453187237685634,0.007236806716851766,1028.1347609349145,0.5952690595507641,0.001566623034907797,0.6287932532817069,0.0030808841120564413,0.8860277761807133
2449,1027.9,9.489467845985885,0.00923189789472311,1028.1405128245412,0.5952723252164132,0.001595048246077357,0.6289214448160145,0.0031148217076521255,0.8862082907699322
2450,1035.9,7.283543093852058,0.007031125681872823,1028.1310176748657,0.5952667629749265,0.001627391390278725,0.6290397750020451,0.0031509911050957955,0.8863749172984428
2451,1035.7,8.228000972289685,0.007944386378574572,1028.1162602433806,0.5952581277600435,0.001674444393748771,0.6291615592453172,0.0032024889152525863,0.88654636753672
2452,1027.1,4.979959839195493,0.004848563761265206,1028.1077418691434,0.5952531055028812,0.0017224407832898054,0.6292857527664544,0.003254356184496678,0.8867212127830397
2453,1032.3,9.795407086997457,0.009488915128351698,1028.1295476313169,0.5952656758192234,0.0017565124744206068,0.6294269198741654,0.0032890778488234487,0.8869200329068254
2454,1037.7,5.239274758971894,0.005048930094412541,1028.1575541048073,0.5952818601999356,0.0017792100901914251,0.6295701169229072,0.0033110627830007073,0.8871217550953384
2455,1025.9,8.096295449154509,0.00789189535934741,1028.1809590665964,0.5952953869392638,0.0017959783314446358,0.6297085465759864,0.003327871450191333,0.8873167696354212
2456,1026.9,10.876580344942983,0.010591664568062112,1028.2025359732822,0.595307821577172,0.001841571836629455,0.6298635290796055,0.0033705925753789176,0.8875350537207518
2457,1029.5,10.21028892833107,0.009917716297553248,1028.2212093958049,0.5953185766763998,0.0018845939600576477,0.6300157173844911,0.0034115295735952745,0.887749396833344
2458,1025.3,9.148770409186143,0.008923018052458933,1028.215153353227,0.5953150261668683,0.0019097250167053068,0.6301515676460633,0.003438469797106367,0.8879407338383543
2459,1032.3,9.10768905925098,0.008822715353338157,1028.2079038807015,0.5953107866357599,0.001938381342631518,0.6303011983289435,0.0034672502219814114,0.8881514966788441
2460,1033.5,6.244997998398398,0.006042571841701401,1028.213121193192,0.5953137613910707,0.0019705512535318085,0.6304579955015115,0.003499192906955516,0.8883723467102124
2461,1031.3,12.755391017134675,0.012368264343192744,1028.2047216913402,0.5953088591970239,0.0019933114552422313,0.6306058150429137,0.003523579216642599,0.8885805549961547
2462,1032.5,6.689544080129826,0.006478977317317023,1028.171508189041,0.5952895565442247,0.0020354559467819925,0.6307376291997044,0.003568149716233949,0.8887661646695939
2463,1028.7,4.466542286825459,0.004341928926631145,1028.1178969174289,0.5952584640054231,0.002064870826155217,0.630855983848466,0.003599898812161335,0.888932835875196
2464,1027.5,14.309088021254185,0.013926119728714536,1028.0858507001242,0.5952398545013123,0.002099952526525024,0.6309864715003821,0.0036359633654282184,0.8891165849003707
2465,1027.9,11.49130105775669,0.011179395911816995,1028.0318143115787,0.5952085239269483,0.0021261353191649865,0.6311086359908837,0.0036638468618938854,0.8892886345677968
2466,1029.1,11.469524837585906,0.011145199531227196,1027.9811846103894,0.5951791597802222,0.0021513704285677443,0.6312709374791747,0.003692728288261535,0.8895172369233636
2467,1027.5,7.599342076785332,0.007395953359401783,1027.934374686811,0.5951520075823913,0.0021809429875636684,0.6314308003226197,0.0037243686908990815,0.8897423992059942
2468,1027.5,9.682458365518542,0.009423317144056975,1027.867156535939,0.5951130489970995,0.0021990509878432457,0.6315732234927569,0.003746291617741338,0.889943013945324
2469,1021.3,3.7013511046643495,0.0036241565697291193,1027.7947705736872,0.5950711015582428,0.0022168569222698912,0.631707447232037,0.0037672767808126784,0.890132079905374
2470,1025.1,6.523036102920173,0.006363316849985537,1027.759671148789,0.5950507302700453,0.0022465005908019805,0.6318594536290905,0.003798782252282702,0.8903461872708661
2471,1025.7,8.318653737234168,0.008110221056092588,1027.749083488684,0.595044598340669,0.002251179321179472,0.6320212892554725,0.00380330979461083,0.8905742223366131
2472,1036.1,7.05691150575094,0.006811033206978999,1027.7754972116468,0.5950598731210877,0.002261077400538124,0.6322005319838006,0.003814920532944461,0.8908267631916944
2473,1028.9,6.308724118235001,0.006131523100626883,1027.8116772945957,0.595080812431042,0.0022658322818307998,0.6323803252904522,0.0038209063020864338,0.891080096550246
2474,1024.1,6.913754406977442,0.00675105400544619,1027.8455036345902,0.5951003915382879,0.002270484117759927,0.6325343945210509,0.0038261315487634817,0.8912971868963251
2475,1026.7,13.782234942127491,0.013423818975482118,1027.8793547251396,0.5951199958381448,0.0022726562837488778,0.6326765509844126,0.0038272426895120566,0.8914975066845177
2476,1023.9,12.963410045200298,0.012660816530130186,1027.9250813761716,0.5951464730184488,0.002278742388533156,0.6328294299114252,0.003831645623025791,0.8917129324277215
2477,1020.1,4.33589667773576,0.0042504623838209585,1027.977849037305,0.5951770248409716,0.0022852028729096682,0.6329744434450162,0.003836682661013578,0.8919172731620145
2478,1024.5,5.70087712549569,0.00556454575451019,1028.0336144787323,0.5952093088896631,0.002288833019757502,0.6331444734015096,0.003840729444467858,0.8921568601143521
2479,1026.9,7.569676347110224,0.007371386062041313,1028.1128422265451,0.5952552213776073,0.002269660980551911,0.6333252960859255,0.00381983933322502,0.8924117275731046
2480,1022.1,9.071934744033381,0.008875780005902927,1028.1535328367595,0.5952787726848541,0.002270849113412831,0.6334791199664784,0.0038232027138431312,0.8926284695640572
2481,1019.7,7.293833011524188,0.007152920478105509,1028.21635497526,0.5953152126192183,0.0022362515016229496,0.633643718473159,0.003786173556659319,0.8928605137147259
2482,1021.3,9.833615815151617,0.009628528165232172,1028.2540553000672,0.5953370848545272,0.00221667777748462,0.6337818393871126,0.0037640285734680226,0.893055210752892
2483,1030.1,7.586171630012071,0.007364500174752035,1028.2865388352832,0.5953559171078571,0.0022073135072375087,0.6339211510622225,0.0037530202434659147,0.8932515540908105
2484,1029.5,11.715374513859981,0.01137967412711023,1028.3252249991124,0.5953783428052344,0.0021973225116725978,0.6340610756031133,0.003741070337842792,0.893448764082903
2485,1032.9,9.208691546577072,0.0089153756864915,1028.360263244821,0.5953986696026894,0.002183855732189699,0.6341873961403697,0.003723745774496123,0.8936268241181204
2486,1028.3,8.182297965730655,0.007957111704493489,1028.4060423600586,0.5954252166760703,0.0021670627854004196,0.6342962928752838,0.0037036980991659975,0.8937803353757447
2487,1028.3,10.90642012761291,0.010606262887885744,1028.4854332523769,0.5954712439905366,0.0021455778655648456,0.6344205229752996,0.0036760594113604884,0.893955477933283
2488,1034.3,9.457801012920498,0.009144156446795415,1028.5897924003652,0.5955316958979553,0.0021503916962001667,0.6345546233189154,0.0036729625833094356,0.8941444698182501
2489,1026.5,8.602325267042627,0.008380248677099491,1028.7010144241765,0.5955961470652561,0.0021484657333101826,0.6346872898905404,0.003659500711819828,0.8943314846427632
2490,1031.3,4.685082710048992,0.004542890245368944,1028.8285557789557,0.5956700390271994,0.002147643926209258,0.6348443297997501,0.0036486334484004007,0.8945528319740028
2491,1027.9,11.960351165413163,0.011635714724596909,1028.9699002744405,0.5957518974554923,0.002157546946027899,0.6350133120693287,0.003650743677838788,0.8947909660010351
2492,1035.9,9.343446901438464,0.009019641762176333,1029.1221404175758,0.5958400630477023,0.002170052105694424,0.635184289736448,0.00365490752402942,0.8950319110902631
2493,1027.5,8.411301920630361,0.00818618191788843,1029.293953543911,0.5959396071965462,0.002157967151302951,0.6353808344155223,0.0036319895289261806,0.8953089589216763
2494,1028.5,4.153311931459037,0.0040382225877093215,1029.468515550588,0.596040742031708,0.0021498081027681772,0.6355804033383461,0.00361183017570795,0.8955902664270259
2495,1023.7,5.890670590009257,0.0057542938263253456,1029.620123683063,0.5961285583214068,0.002164088176319858,0.6357635286597925,0.0036134289711187008,0.8958483535702275
2496,1042.3,7.328028384224504,0.007030632624219999,1029.7475029391346,0.5962023644625083,0.0021700756146584865,0.635925558175181,0.0036051806931219725,0.8960767498471078
2497,1035.1,7.971825386948713,0.0077015026441394204,1029.8870477903652,0.596283213340522,0.002180061887195757,0.6360888749960009,0.003599867011300272,0.8963069570361781
2498,1027.5,13.77497731395591,0.013406303955188234,1030.013737168281,0.5963565832158937,0.0022063919186486943,0.6362540775415255,0.0036143173977663443,0.8965397647192723
2499,1026.7,5.6524331044250316,0.00550543791217009,1030.1261208994968,0.5964216836976164,0.0022269549460870648,0.6364050974060129,0.003621754304674671,0.8967526151066405
2500,1030.1,9.235799911215056,0.008965925552096939,1030.2288916544499,0.5964812265964118,0.0022375131447450983,0.6365447561910639,0.0036203165735017168,0.8969494562130202
2501,1034.9,13.021136663133523,0.012582024024672454,1030.3350751972478,0.5965427452175391,0.002248264633037833,0.6366961491198077,0.0036191581282652347,0.8971628313307782
2502,1036.9,10.382677881933928,0.010013191129264081,1030.4445076861862,0.5966061446876832,0.0022591863722043366,0.6368278394719852,0.0036180892408698975,0.8973484432335036
2503,1036.1,9.95238664843765,0.00960562363520669,1030.5425197111217,0.5966629416858376,0.002256629664632996,0.6369619719985902,0.003605198796234706,0.8975375200109248
2504,1026.3,13.618002790424152,0.013269027370577953,1030.6441782597803,0.5967218491084637,0.0022545542253138355,0.6370765019581566,0.0035926785251781937,0.8976989730721859
2505,1031.5,12.951833846988619,0.012556310079484845,1030.7472556078803,0.5967815778303924,0.0022514616820520934,0.63720232037044,0.003579477399021672,0.8978763327756433
2506,1037.7,9.338094023943002,0.008998837837470368,1030.8597911541224,0.5968467715488389,0.002246244118025701,0.6373645815435458,0.003567520361872494,0.8981050286822942
2507,1037.7,6.3796551630946325,0.006147880083930454,1030.988435825912,0.59692128126607,0.002253782733818917,0.6375444232245979,0.003567338898769196,0.8983584721600094
2508,1037.9,2.966479394838265,0.002858155308640779,1031.1197132944528,0.5969973143769863,0.002260917457881415,0.6377221412627887,0.0035670882312903527,0.8986089217962124
2509,1029.9,11.204909638189859,0.01087960931953574,1031.2592339180276,0.5970781095393936,0.0022649895097255827,0.6378819710311545,0.003567028743316823,0.898834151519009
2510,1026.5,7.211102550927978,0.00702494159856598,1031.400687525116,0.5971600235223804,0.002268709282121193,0.6380399565107522,0.0035667830878062462,0.899056781775086
2511,1035.1,12.25969004502153,0.011843966809990853,1031.5726721623419,0.5972596353239253,0.002271158937338794,0.6382137568850534,0.0035606922286302817,0.8993017330306013
2512,1031.9,4.878524367060187,0.004727710405136337,1031.7669007511502,0.5973721191264143,0.002284965353773179,0.6384022716571037,0.003564551147677461,0.8995674095842963
2513,1030.5,12.942179105544785,0.012559125769572814,1031.9744439186463,0.5974923118925135,0.0022955665042177927,0.6385961559294285,0.00356608156032528,0.899840652669728
2514,1028.5,8.031189202104505,0.007808642880023826,1032.1564469532036,0.5975977438249338,0.002279315639340765,0.6387824711490739,0.003541578278038101,0.9001032689446419
2515,1028.3,12.039518262787759,0.01170817685771444,1032.3336577922041,0.5977004133580583,0.002263332722989293,0.638946404165177,0.0035141113398244623,0.9003343638951662
2516,1034.1,6.188699378706321,0.0059846237101888805,1032.504150249821,0.5977991865201993,0.00225195635018021,0.6391029570647195,0.00349145964758688,0.9005550488220514
2517,1031.5,10.943034314119645,0.010608855369965725,1032.6776519915106,0.5978997039369046,0.002239331932871292,0.6392652007476233,0.0034673206571171834,0.900783755807983
2518,1028.3,10.293201639917484,0.010009920879040634,1032.8889265666771,0.5980220771388425,0.002246771711008032,0.6394541163405126,0.0034614181066564896,0.9010500278990994
2519,1029.9,8.862843787408194,0.008605538195366727,1033.0984217163525,0.5981434056248714,0.002264586125341343,0.6396294647640974,0.0034667110037188247,0.9012971573469055
2520,1031.9,6.859300255857007,0.006647252888707245,1033.2816375281227,0.5982495622599122,0.0022472405949546395,0.6397633167072487,0.003434905945433747,0.9014858802401559
2521,1028.3,9.795407086997457,0.00952582620538506,1033.4420840490573,0.5983425010137664,0.00224130866952318,0.6398920476245739,0.003420135182278264,0.9016673319821852
2522,1030.7,9.795407086997457,0.009503645179972308,1033.6048356833346,0.5984367729126163,0.0022352537592825565,0.6400148853078259,0.0034055449284921646,0.9018404773110984
2523,1037.7,7.694153624668538,0.007414622361634902,1033.7911752940713,0.5985446886421459,0.0022391694873582354,0.6401449760807938,0.003401691770971941,0.9020238316718616
2524,1034.3,6.119640512317697,0.005916697778514645,1033.9620369184224,0.5986436737494087,0.0022347973961581685,0.640258097580197,0.003383801293992142,0.9021833229884338
2525,1034.3,5.426785420486055,0.005246819511250174,1034.1385700802448,0.598745938392595,0.002233719366734259,0.6403673140332826,0.0033693386669919724,0.9023373075040944
2526,1035.7,5.718391382198319,0.0055212816280760055,1034.3254951636254,0.5988542348301074,0.002233844180981829,0.640475516953578,0.003351870664313182,0.9024898836323716
2527,1039.3,5.357238094391549,0.0051546599580405555,1034.5057362026607,0.5989586544423674,0.00221621217961328,0.6405721014078093,0.0033224405218623475,0.9026260852918535
2528,1030.7,3.801315561749643,0.0036880911630441863,1034.6747349119717,0.5990565705975723,0.002191517586372385,0.6406542147565237,0.00328596198227369,0.9027419108715107
2529,1035.3,5.6964901474504455,0.0055022603568535165,1034.8534257296028,0.5991600968530228,0.0021789139680418682,0.6407633027113775,0.0032590287965377084,0.9028957395946824
2530,1035.3,7.6452599694189605,0.00738458414896065,1035.0292841773419,0.5992619811089511,0.002150180853747498,0.6408649251597867,0.003220099850453351,0.903039046291903
2531,1029.5,8.558621384311845,0.008313376769608397,1035.2075999020494,0.5993652902186916,0.0021171287636636915,0.6409623513344085,0.0031770937876784535,0.903176443785792
2532,1029.3,5.805170109479997,0.00563992044057126,1035.367016660441,0.5994576824660361,0.0020834683110769617,0.6410423528129445,0.003126494200070757,0.9032893239602933
2533,1024.9,4.09878030638384,0.003999200220883832,1035.5197478057905,0.5995461632026509,0.002060925920692197,0.6411124870690467,0.0030951143572890047,0.9033882352010979
2534,1040.7,9.024965373894794,0.008672014388291337,1035.697475966258,0.5996491064163187,0.0020534678165889,0.6411923643650878,0.0030779626019895433,0.9035008520865034
2535,1032.1,6.730527468185536,0.006521197043101963,1035.860344904224,0.5997434415635536,0.002036885824196961,0.6412613802360265,0.003055085081431979,0.9035981545156201
2536,1034.1,7.987490219086343,0.007724098461547571,1036.0142604159373,0.5998325925814255,0.0020251548130163326,0.6413193768390011,0.0030358908802789668,0.9036799297411747
2537,1036.5,10.124228365658293,0.009767707058039839,1036.1821997317588,0.5999298554235469,0.002013161382343905,0.6413805771581365,0.0030185933740056055,0.9037662141235728
2538,1039.9,3.3241540277189325,0.0031966093160101282,1036.3772729768443,0.600042815730264,0.0020120544204448466,0.6414530933393671,0.0030131280862535684,0.9038684259835481
2539,1040.1,3.6469165057620936,0.0035063133407961674,1036.5819361906342,0.6001613513777165,0.002007291565258718,0.6415260632636444,0.002998340424844445,0.9039713121442983
2540,1036.7,9.20326029187483,0.00887745759802723,1036.7641398441299,0.6002668483635516,0.0020165198406952864,0.6415796517745115,0.0030041201655873306,0.9040468319736293
2541,1038.5,6.103277807866851,0.005877012814508282,1036.9323486272654,0.6003642447107177,0.002013410788234011,0.641635405648161,0.002999868624932659,0.9041254063997467
2542,1039.3,5.333854141237835,0.005132160243661922,1037.0771834739555,0.6004481164053089,0.001980899185311187,0.6416559725278651,0.002970618607632677,0.9041544292993194
2543,1034.1,11.567194992737004,0.011185760557718794,1037.202162100457,0.6005204984635311,0.0019453272129016557,0.6416587952929097,0.0029371708815913735,0.9041584554083993
2544,1042.5,6.892024376045111,0.0066110545573574205,1037.3396556186872,0.6006001204523793,0.0019205055774086236,0.6416753459019581,0.002913730176410321,0.9041818173703501
2545,1038.7,6.016643582596529,0.005792474807544555,1037.4788354863763,0.6006806929520189,0.0019038476969218223,0.6417057775425223,0.002904112074028537,0.904224697393543
2546,1038.3,6.51536645170477,0.006275032699320784,1037.6092071194512,0.6007561725492656,0.0018767277789705423,0.6417232505370728,0.0028847189514042576,0.9042493268980895
2547,1043.1,4.006245124802026,0.0038407105021589748,1037.7552462026692,0.6008407462277571,0.001840980622885369,0.6417429314136703,0.002852312737433051,0.9042771049654308
2548,1040.9,5.412947441089743,0.005200256932548509,1037.9178453247218,0.6009349015351336,0.0018114235718469827,0.6417463335681475,0.002826401769491845,0.9042819359276006
2549,1038.3,14.788509052639485,0.0142430020732346,1038.0621267699105,0.6010184590016066,0.001770130595048236,0.6417676341394125,0.0027898608373827538,0.9043119978048046
2550,1036.9,7.749193506423749,0.0074734241551005385,1038.2150039783962,0.6011070002754517,0.0017274017067365954,0.6417878923613503,0.002750345761526165,0.9043406027468073
2551,1041.9,8.663140308225419,0.008314752191405527,1038.3759601516117,0.6012002157955552,0.001684305925456833,0.6417877712452343,0.0027117236980314834,0.9043404862243202
2552,1034.1,7.9088557958784405,0.0076480570504578295,1038.5425584056518,0.601296695061052,0.0016416505760712581,0.6418744486660708,0.0026749483683602697,0.9044626727920964
2553,1034.9,7.700649323271382,0.007440959825366105,1038.7163371095419,0.6013973177604586,0.001598835137407986,0.6419371252663542,0.002642711407553264,0.9045510223353735
2554,1041.5,6.020797289396148,0.005780890340274746,1038.8830669598449,0.6014938512428378,0.0015628882726449356,0.6419955927630155,0.0026181740078946914,0.904633427056438
2555,1036.7,6.160357132504576,0.0059422756173479075,1039.0289029839291,0.6015782551334149,0.001543029034746201,0.6420413729944165,0.00261534509642123,0.9046978985883467
2556,1039.5,5.0990195135927845,0.004905261677337936,1039.1837053324432,0.6016678603875546,0.0015208276814953597,0.6421006194639661,0.0026079123206124307,0.9047813617182466
2557,1039.3,6.942621983083913,0.006680094277960082,1039.3341362448414,0.6017549106460083,0.0014950854664745232,0.6421570269096393,0.0026062114514307016,0.9048607868381637
2558,1045.9,9.762171889492624,0.009333752643171071,1039.4771163685768,0.6018376662390919,0.0014752231429592427,0.6422087762869775,0.002602291707232419,0.9049336754386111
2559,1038.9,5.504543577809153,0.005298434476666814,1039.647121658572,0.6019360616969005,0.0014614767349522874,0.6422772500595599,0.0026048398726180554,0.9050301208620368
2560,1043.5,11.113055385446435,0.010649789540437408,1039.8163052998493,0.6020339825180283,0.0014515201045628217,0.6423453260434214,0.0026095288936363852,0.9051260081207136
2561,1043.9,6.407027391856539,0.006137587308991798,1040.0165738956653,0.602149892932764,0.0014505466434847135,0.6424002029344866,0.0026224131342073033,0.9052032789694164
2562,1044.7,6.037383539249433,0.005779059576193579,1040.2408920135072,0.6022797650024618,0.0014377043317251774,0.6424871536520014,0.0026157895137242566,0.9053258063981199
2563,1044.9,5.272570530585627,0.005046004910121186,1040.4903202669634,0.6024241704037061,0.0014417676786870396,0.6425814130717692,0.002621390094583309,0.9054586138940959
2564,1042.5,7.5,0.007194244604316547,1040.747583988488,0.6025731142068962,0.0014444178213542786,0.6426904007153138,0.002625566745676981,0.9056121772293713
2565,1043.3,6.534523701081817,0.0062633218643552355,1040.9943539974386,0.6027159875942555,0.0014453804145874753,0.642770282662737,0.0026268995895570944,0.9057247481418654
2566,1039.1,5.748912940721924,0.0055325887217033244,1041.2443488991726,0.6028607410633351,0.0014386933461391787,0.6428486669773272,0.0026192208791566435,0.9058352245155904
2567,1046.1,6.268971207462991,0.005992707396485032,1041.4656324594878,0.6029888368526516,0.0014289675459622062,0.6428855380413202,0.0026206828069937683,0.905887150169586
2568,1045.1,4.61519230368573,0.004416029378706087,1041.7160075088364,0.6031338108814648,0.0014098056252738473,0.6429318956625393,0.0026050626201337755,0.9059524987634597
2569,1042.3,4.919349550499538,0.004719705987239315,1041.9798179265542,0.603286568022274,0.0013879865485181503,0.642990613234628,0.002586524911776199,0.9060352711965425
2570,1042.3,6.572670690061994,0.006305929857106394,1042.279768163994,0.6034602359655478,0.0013782446456662748,0.6430683993344729,0.002579866826974521,0.9061448806816182
2571,1044.5,6.519202405202649,0.006241457544473575,1042.5928041246339,0.6036414793217213,0.0013700004497606201,0.6431470209315375,0.002574454081758947,0.9062556633134398
2572,1049.3,7.981227975693966,0.0076062403275459515,1042.9000597847983,0.6038193797389572,0.001354812763537381,0.6432312043639836,0.002563692775166492,0.9063743029517741
2573,1044.3,6.24099351065197,0.0059762458207909324,1043.2062435018959,0.6039966639469381,0.0013306144455753482,0.6432924004024526,0.002546072696296262,0.9064605575508388
2574,1046.5,1.4142135623730951,0.0013513746415414192,1043.5434074194206,0.6041918774917348,0.0013200383365969343,0.6433618832808934,0.0025391656567247695,0.9065584662650797
2575,1046.7,2.9916550603303182,0.002858178141139121,1043.9056605565972,0.6044016096053847,0.0013239626344920977,0.6434564424407696,0.0025434583770356555,0.9066916990096028
2576,1041.7,4.868264577855235,0.004673384446438739,1044.276200772328,0.6046161396475677,0.0013276577750801974,0.6435505510213265,0.002547648952616022,0.9068242959952929
2577,1046.7,7.57957782465488,0.007241404246350319,1044.6678429281014,0.6048428583413106,0.001333755820722104,0.6436521854624783,0.002562923852462317,0.906967452433317
2578,1043.1,6.328506932918696,0.006067018438230943,1045.0463690325294,0.6050620024026079,0.0013483341834301674,0.6437645110991281,0.0025767920940933226,0.9071256989665815
2579,1043.9,4.588027898781785,0.004395083723327699,1045.4360402074574,0.6052876080778391,0.001359470583341285,0.643859095647249,0.0025856413410106087,0.9072589605286778
2580,1043.5,5.172040216394301,0.004956435281642837,1045.8513803227918,0.605528085361387,0.0013727806207337395,0.6439640192311498,0.0025926215501020753,0.9074068076107933
2581,1051.1,9.436630754670865,0.00897786200615628,1046.2292141088685,0.6057468248425868,0.0013922873895413545,0.6440874921692656,0.002610809836323398,0.9075807569183615
2582,1041.3,8.228000972289685,0.007901662318534222,1046.6012058923814,0.6059621937839788,0.0014107437794242303,0.6442341665388056,0.0026246340385151245,0.9077874148202898
2583,1045.9,1.2449899597988732,0.0011903527677587465,1046.9522259377168,0.6061654035416655,0.0014334608011412002,0.6443796505872443,0.0026465903542397,0.9079923694950919
2584,1042.1,5.343220002957018,0.005127358221818461,1047.2810975476968,0.6063557718398028,0.0014481810487587527,0.6444897755344839,0.002669250390020968,0.9081474707988214
2585,1043.1,5.389805191284746,0.0051671030498367816,1047.625973877712,0.606555394537599,0.0014750267276336963,0.6446023766493778,0.002703053745279574,0.9083060423613418
2586,1039.3,11.64903429473877,0.011208538722927711,1047.99028880587,0.606766357826026,0.0014644769914297841,0.6447561082376154,0.0026868305569649237,0.908522719313759
2587,1048.1,4.878524367060187,0.004654636358229355,1048.3340980732103,0.6069653588858742,0.0014809038648308705,0.644892019698789,0.0027154577913267534,0.9087141392007373
2588,1043.5,7.33143914930759,0.007025816146916713,1048.6690557053141,0.6071592385094275,0.0014956712216484423,0.6450174689178277,0.002741762069601348,0.9088908202930966
2589,1044.3,5.263078946776307,0.0050398151362408385,1049.0234906300907,0.6073643888496105,0.0015207092057801135,0.6451218125977203,0.0027760440783008954,0.9090377452078672
2590,1049.1,3.7815340802378077,0.003604550643635314,1049.3928079592267,0.6075781404665407,0.001545985169435644,0.6452293285032866,0.002814956831854787,0.9091891286540896
2591,1046.5,3.1622776601683795,0.0030217655615560244,1049.7630738272524,0.6077924393085319,0.001575665943844755,0.6453354207680901,0.0028568996785334347,0.9093385032740086
2592,1046.5,3.1622776601683795,0.0030217655615560244,1050.132274898498,0.6080061199360438,0.0016106113414342369,0.6454593834054989,0.002902447694633053,0.9095130565331694
2593,1043.9,5.1526692111953,0.00493597970226583,1050.5004442899049,0.6082192101538115,0.0016469725785846312,0.6456052382194969,0.002946728103062933,0.9097184671001012
2594,1045.1,5.770615218501403,0.005521591444360734,1050.8407025497488,0.6084161158583622,0.0016893466272676501,0.6457281668540013,0.003001513686832491,0.9098915292747604
2595,1045.1,9.876740352970712,0.009450521818936668,1051.1894797067293,0.608617951099279,0.001732399072470259,0.645858917070929,0.003057186258059345,0.9100756092848622
2596,1047.9,2.5592967784139455,0.002442310123498373,1051.4981984384551,0.6087965674077895,0.0017855332663484814,0.6459602363104064,0.0031259558064240193,0.9102181795056785
2597,1045.9,7.109852319141376,0.006797831837786954,1051.8329937975518,0.6089903665370797,0.0017861612530609043,0.646072974748253,0.003137605118776905,0.910376976003438
2598,1048.3,2.9068883707497264,0.002772954660640777,1052.1639507289708,0.6091819925176158,0.001760806444619623,0.646182784214665,0.0031193142006219225,0.9105317335233666
2599,1052.1,10.526157893552615,0.01000490247462467,1052.4917322687168,0.6093717422673766,0.001752381485488236,0.6462862196216379,0.003122106617135707,0.9106774482213268
2600,1049.1,12.064410470470573,0.011499771680936587,1052.8338891750368,0.6095698184085468,0.001744008244844941,0.6463942785060381,0.003124056515188881,0.9108296833778
2601,1051.7,6.220932405998316,0.005915120667489128,1053.2083148793602,0.609786575817305,0.0017387300995976617,0.6465257891605856,0.003128494150942411,0.9110149565615476
2602,1053.9,7.971825386948713,0.007564119353779972,1053.5971412237118,0.6100116727016194,0.0017423373861527984,0.6466537043874822,0.003137960889434692,0.9111951619446504
2603,1054.1,4.505552130427524,0.004274311858863034,1053.999796505123,0.610244779244955,0.0017461006543069992,0.6467855168566494,0.003146697762988264,0.9113808633086512
2604,1057.7,9.011104260855047,0.00851952752279006,1054.4074953222382,0.6104808126199,0.0017438665710447511,0.6469160529329742,0.0031498574192078627,0.9115647755020453
2605,1052.3,9.162423260251623,0.008707044816356195,1054.8018361600448,0.6107090810022661,0.0017538608353165608,0.6470342442699006,0.0031688922436857634,0.9117312456581919
2606,1056.3,11.355615351005863,0.010750369545589191,1055.2083858193323,0.6109444200852956,0.001765336959603021,0.6471559971073549,0.003188227486142448,0.9119027418390159
2607,1053.5,1.6583123951777,0.001574098144449644,1055.5932139031952,0.6111672051713058,0.0017655889363036698,0.6472607233347181,0.0031945224849680197,0.912050276876681
2608,1057.5,5.196152422706632,0.004913619312252134,1055.9880178552662,0.6113957680045601,0.0017639054010569117,0.6474176646399841,0.0031993478671384352,0.9122713917475856
2609,1056.1,7.402702209328699,0.007009470892272228,1056.4126992136532,0.6116416220886585,0.0017748920219098554,0.6475863117101055,0.0032139183396187767,0.9125089918223713
2610,1054.3,9.216832427683602,0.00874213452308034,1056.8220441169992,0.6118786111739196,0.001783902523983959,0.6477392087356728,0.003223367925204096,0.9127244190544795
2611,1057.9,8.974965180990955,0.008483755724540083,1057.2418424696932,0.6121216533508241,0.001790764238159603,0.6478924292405873,0.003231273489205336,0.9129403032477927
2612,1060.3,11.486949116279744,0.01083367831394864,1057.6715827021565,0.6123704518708128,0.0017976690805807244,0.6480459217948393,0.0032391440351057935,0.9131565712738918
2613,1060.9,7.63544366752843,0.0071971379654335275,1058.1456597199585,0.6126449473461233,0.0017983479151831344,0.6482210189792263,0.0032361514818560924,0.9134033231300085
2614,1059.9,9.489467845985885,0.008953172795533431,1058.6193860467934,0.6129192104968288,0.0018119082023336974,0.6483906008117853,0.003248833052470695,0.9136422559270226
2615,1059.7,7.19027120489902,0.006785195059827328,1059.1147201313584,0.6132059846931102,0.0018293778384404112,0.6485683794321444,0.0032638355734685297,0.913892740810283
2616,1056.7,6.2809234989768825,0.00594390413454801,1059.607977783768,0.613491574666923,0.001846094683937257,0.6487156450413079,0.0032735613760584066,0.9141002560113873
2617,1067.3,9.338094023943002,0.008749268269411602,1060.134694875334,0.6137965252135695,0.001861367435942843,0.6488487498576034,0.003285371102085772,0.914287797431937
2618,1061.7,10.791200118615167,0.010164076592837117,1060.6511828412479,0.6140955739886096,0.0018618031485264188,0.648998410126506,0.0032825295804524055,0.9144987004407913
2619,1066.1,5.2488093888042835,0.004923374344624598,1061.1877349668762,0.614406235074276,0.001867267441008596,0.6491546077467465,0.0032840266815328304,0.9147188044802247
2620,1068.5,8.602325267042627,0.008050842552215842,1061.7227082859517,0.6147159824868087,0.0018688467556914835,0.6493002732366218,0.003282897240764647,0.9149240689781587
2621,1072.7,4.522167621838006,0.004215687164946402,1062.2430543754076,0.6150172735075147,0.0018556212077962997,0.6494276841808332,0.0032690884804973323,0.9151036440469305
2622,1072.9,5.200961449578337,0.004847573352202756,1062.7706863660233,0.6153227662062395,0.001851002700255733,0.6495581264611552,0.0032650827602757897,0.9152874627134502
2623,1067.5,9.1104335791443,0.008534364008566088,1063.3043963609773,0.6156317807694919,0.0018500443629941644,0.6496829666572488,0.003262634764534349,0.9154633911813723
2624,1063.1,3.612478373637689,0.003398060740887677,1063.8261994215052,0.6159338868722919,0.001848517861963076,0.649783851185456,0.003263518147067504,0.9156055398187066
2625,1065.1,11.610340218959994,0.01090070436481081,1064.3640007529807,0.6162452523007843,0.0018516491415482151,0.6499142331126364,0.0032683327033526744,0.9157892449771239
2626,1064.3,7.996874389409903,0.007513740852588465,1064.9255678465947,0.6165703695874387,0.0018518988056194343,0.6500791156952734,0.0032735693467036983,0.9160215556649
2627,1065.9,9.058145505565696,0.00849811943481161,1065.4864800962894,0.6168951145448218,0.0018482666546770687,0.6502315492384183,0.0032745447784207965,0.9162363337178903
2628,1063.5,9.367496997597597,0.008808177712832719,1066.0439711917543,0.6172178778769684,0.0018440945182879383,0.6503818452840304,0.0032754037634171204,0.9164481016262588
2629,1068.5,11.01135777277262,0.010305435444803574,1066.5926015883992,0.6175355222877714,0.0018576384355824505,0.6505112203936505,0.0032843708746534603,0.9166304007870301
2630,1071.9,6.5612498809297,0.006121139920635973,1067.1159079837162,0.6178385489685383,0.0018636246587617217,0.6506251919621185,0.003277029391167049,0.9167910607538128
2631,1075.3,7.677890335241837,0.0071402309450775015,1067.6374079370912,0.618140557244031,0.001853802374351726,0.6507384130425344,0.0032525445036768173,0.9169507093260585
2632,1069.7,5.5181518645285585,0.005158597611039131,1068.1498019519884,0.618437255768969,0.0018566116150594532,0.6508391264761855,0.0032457154155353628,0.9170926712486078
2633,1067.9,3.4713109915419564,0.0032505955534618937,1068.691417483485,0.6187508933550173,0.001851606300832236,0.6509700486190979,0.0032286676446861046,0.9172772309293038
2634,1067.7,3.993745109543172,0.0037405124187910197,1069.2275108523404,0.6190613223433387,0.0018443499411031088,0.6510937863049275,0.0032130929170796204,0.9174516510251818
2635,1068.1,9.555103348473002,0.008945888351720816,1069.775996405947,0.6193789314053167,0.0018355811713988768,0.6512175109014304,0.0031950998231249366,0.9176260618825506
2636,1073.9,4.306971093471606,0.004010588596211571,1070.3233760280477,0.6196958914654441,0.0018372093351164067,0.6513333356470327,0.0031859326761269706,0.9177893249110533
2637,1074.5,5.916079783099616,0.0055058909102834955,1070.905364247132,0.620032870770934,0.0018408163007680245,0.6514899804920042,0.0031831172594692725,0.9180100823183522
2638,1070.3,10.779610382569492,0.01007157841966691,1071.4777896882624,0.6203643366262318,0.001844164613437286,0.6516476634337269,0.003173941918430227,0.9182323366465743
2639,1075.5,8.04673846971554,0.007481858177327327,1072.0799368860903,0.6207129939626659,0.001845933277668564,0.6518143676533777,0.0031682730019486184,0.9184672798288475
2640,1066.5,11.704699910719626,0.010974870989891819,1072.7037925868663,0.6210742301731522,0.0018442646621928476,0.6519855771046192,0.0031576173992468766,0.91870858225257
2641,1075.3,4.324349662087931,0.004021528561413495,1073.3516141458203,0.6214493264132306,0.0018393895756218703,0.6521782526580152,0.0031492140589044213,0.9189801174878409
2642,1074.3,7.102816342831906,0.006611576229016016,1073.9887025044313,0.6218182301223443,0.0018419402121583875,0.6523401829289378,0.003139558219578358,0.9192083595883223
2643,1077.9,5.962382074305537,0.005531479798038349,1074.6245883695115,0.6221864417811446,0.001850508437949641,0.6525009008607452,0.0031326679149583014,0.9194348981084698
2644,1077.5,9.5524865872714,0.008865416786330765,1075.2945601068172,0.6225743819614802,0.0018702728155363638,0.6526570171994206,0.003134812074936534,0.9196549357978439
2645,1078.7,7.345066371381542,0.006809183620451971,1075.9611033693066,0.6229603586066548,0.001863771706733937,0.6528010840204447,0.0031138093160843266,0.9198580268500713
2646,1074.3,7.8230428862431785,0.007281990958059367,1076.6435242873604,0.6233555183729058,0.0018601425143741693,0.6529451800362048,0.003097260555600419,0.92006114574394
2647,1078.3,7.479973261984297,0.006936820237396176,1077.332510900273,0.6237544505280875,0.0018660990685870455,0.6530840162621129,0.0030949093498570408,0.920256806755906
2648,1075.1,9.989994994993742,0.009292154213555708,1078.0411447480517,0.6241647583634047,0.0018639111840842968,0.6532258824133317,0.0030870697938355273,0.9204567408356746
2649,1077.7,9.602083107326242,0.008909792249537201,1078.7467318373258,0.624573305444429,0.0018698293827481846,0.653357385981981,0.0030836465050717954,0.9206420756505569
2650,1078.1,6.107372593840988,0.005664940723347545,1079.4688930837078,0.6249914422447602,0.0018668741260910835,0.6534983791873962,0.003076127691914636,0.9208407735009084
2651,1071.5,5.267826876426369,0.004916310663953681,1080.202871500178,0.625416422559674,0.0018609191929028907,0.6536572209806397,0.003066240517656047,0.9210646261979779
2652,1071.7,4.05585995813465,0.003784510551585938,1080.9515939270568,0.6258499396759183,0.0018541080378515031,0.6537995097487372,0.0030555980525461515,0.9212651547523707
2653,1076.7,4.994997497496871,0.004639172933497604,1081.7064562346627,0.6262870222126866,0.0018477480753149522,0.6539518540372359,0.0030423388495536105,0.9214798669821587
2654,1078.9,5.224940191045253,0.004842840106631988,1082.472694908451,0.6267306862398994,0.001842186204210165,0.6540863699376441,0.003030937654760376,0.9216694493105375
2655,1071.3,5.357238094391549,0.005000688970775272,1083.2185035674852,0.627162531600278,0.001829046578689029,0.654219441365129,0.0030117576900926552,0.9218570111542357
2656,1074.1,2.9664793948382653,0.002761827944174905,1083.9661727013638,0.6275954258424172,0.0018244162300483293,0.6543456838065111,0.0030061050651705988,0.9220349056411417
2657,1081.1,9.62029105588807,0.008898613500960198,1084.6943861557309,0.6280170656089166,0.0018075023697899247,0.6544440028563597,0.0029894424340273108,0.9221734715194534
2658,1086.7,4.994997497496871,0.004596482467559465,1085.416048382113,0.6284348996554678,0.0017879631753587152,0.6545296641955354,0.0029746648018974813,0.9222941824317525
2659,1095.3,12.397580409095962,0.011318890175382052,1086.129802283158,0.6288481425799697,0.001770954932292124,0.6546022484523937,0.00296510834656747,0.9223964515902328
2660,1084.5,4.527692569068709,0.004174912465715729,1086.8434841984326,0.6292613592228185,0.001752222475740123,0.65470580919029,0.0029502687190552422,0.9225423940851076
2661,1083.5,7.123903424387503,0.006574899330306879,1087.5567028251428,0.6296743163257181,0.0017216139767846873,0.6548427272276699,0.0029255812478219505,0.9227353561800467
2662,1089.7,7.224956747275377,0.006630225518285195,1088.2848223319793,0.6300959029356253,0.0016914896854649513,0.6549781572662073,0.002900717088351745,0.9229262244303472
2663,1087.5,7.22841614740048,0.0066468194458854995,1088.9982152583752,0.6305090167936002,0.001663419150422171,0.6551098730142793,0.002861455311423459,0.9231119334354781
2664,1089.3,9.536770941990795,0.00875495358669861,1089.6922638827584,0.6309109468549987,0.0016447338778988476,0.6552193926414812,0.002822978499852467,0.9232663917202644
2665,1097.7,7.758865896508329,0.007068293610739117,1090.3948585950288,0.6313178159643492,0.0016263348780539333,0.6553115810556511,0.0027869598352889893,0.9233964139311496
2666,1088.9,4.09878030638384,0.003764147585989383,1091.111426738798,0.6317327388002321,0.0016010353482208682,0.6554439122256968,0.0027577132710298598,0.9235829468920878
2667,1093.1,5.481788029466298,0.005014900767968436,1091.8321508842723,0.6321500883190264,0.0015788210705037433,0.6555826575958144,0.002724058278549044,0.9237785481435642
2668,1085.1,8.45872330792301,0.007795339883810719,1092.5684748516119,0.6325764687844598,0.001556281248820935,0.6557028629972452,0.0026902518282009968,0.9239480234771305
2669,1085.1,5.200961449578337,0.0047930710990492465,1093.3038840942013,0.6330022826883136,0.0015444576890661893,0.6558102481436133,0.002674546201369079,0.9240993755716804
2670,1090.1,8.018728078691783,0.007355956406468933,1094.066630673788,0.6334439401991794,0.001517471711315462,0.655922257991798,0.0026444583625119694,0.9242572773886973
2671,1097.5,12.216791722870616,0.011131473096009672,1094.830587416092,0.6338862775491486,0.001495544321204838,0.6560237171640442,0.0026241175432507955,0.9244002792888532
2672,1100.3,8.028075734570521,0.007296260778488159,1095.606656069252,0.6343356274814305,0.0014780957487882317,0.6561055228568707,0.00260647981346237,0.9245155859223596
2673,1107.9,5.481788029466299,0.004947908682612418,1096.39215224381,0.634790432031912,0.0014595421153900307,0.6562005354915963,0.002589475109594073,0.9246494975704816
2674,1104.1,6.786015030929419,0.0061461960247526665,1097.1967086118925,0.6352562693750917,0.0014513627468383708,0.656294840600602,0.0025796173712497195,0.92478240236503
2675,1101.7,5.761944116355173,0.005230048213084482,1098.0312790372445,0.6357395063103847,0.0014455200282244883,0.6563954782542398,0.002563950882690509,0.924924265486433
2676,1091.9,12.611502686040232,0.011550052830882162,1098.855547828276,0.6362168082606143,0.0014318272566206211,0.6564788418472591,0.0025336586337472646,0.9250418279423525
2677,1097.3,12.497999839974394,0.011389774756196477,1099.6786699016752,0.636693434300639,0.001414153566814888,0.6565509206474758,0.0025047147981365455,0.9251434779486057
2678,1100.9,7.6681158050723255,0.00696531547376903,1100.4809570621505,0.637157984825975,0.0013804336325151463,0.6566004809416118,0.002470216218008007,0.9252133779575324
2679,1100.9,9.222255689363639,0.008377014887241019,1101.2992088537333,0.6376317681280103,0.0013515355550231256,0.6566500010786503,0.0024422116391854547,0.9252832042072063
2680,1104.1,7.127411872482185,0.006455404286280396,1102.116963891212,0.638105252641549,0.0013223738071020026,0.6566901650324274,0.002417989610137533,0.92533983075136
2681,1099.7,12.049896265113654,0.010957439542705878,1102.9360925845135,0.6385795369952599,0.0012926486286271124,0.6567489015925104,0.002392129536215658,0.9254226382551594
2682,1101.7,5.848076606885378,0.005308229651343721,1103.7738242832643,0.6390645713807712,0.001274739277388556,0.6568238819260951,0.0023804931733673812,0.9255282981842029
2683,1104.9,5.200961449578337,0.004707178432055694,1104.6498365504763,0.6395717451670794,0.0012601670351121864,0.6569112658160028,0.0023794824178774857,0.925651404043348
2684,1105.9,6.188699378706321,0.005596075032739236,1105.5365161327495,0.640085097568946,0.0012514188918815979,0.6570101529326307,0.0023809849318534894,0.925790722802898
2685,1113.9,8.018728078691783,0.0071987863171665166,1106.4100864613656,0.6405908556660644,0.0012365218541349585,0.657090919186883,0.0023806044955912023,0.9259045016295009
2686,1109.5,4.123105625617661,0.003716183529173196,1107.3081621056863,0.6411108097924598,0.0012202919818328163,0.6571764647482095,0.002376839067288251,0.926025028000344
2687,1113.9,3.286335345030997,0.0029502965661468684,1108.2382194764275,0.6416492799123569,0.001197375027397092,0.6572754995311004,0.002369951739536479,0.9261645606259747
2688,1104.9,4.006245124802026,0.0036258893336971907,1109.1825002244173,0.6421959901739186,0.0011872579814338538,0.657374014990147,0.0023681972493406244,0.9263033632359665
2689,1112.1,7.074602462329597,0.006361480498453015,1110.142592394091,0.6427518542929909,0.001175139121580108,0.6574734951134239,0.0023656848353941057,0.9264435241401353
2690,1107.9,3.9749213828703582,0.003587797980747683,1111.119292709312,0.6433173574657871,0.0011636006744257497,0.6576011292338902,0.0023554299394636462,0.9266233937742786
2691,1109.7,1.5652475842498528,0.001410514178831984,1112.1220063811177,0.6438979203189998,0.0011428762364719953,0.6577462580550361,0.00234110797435485,0.9268279147942213
2692,1111.1,2.1908902300206647,0.0019718209252278505,1113.1130228010197,0.6444716886849536,0.0011480965412817754,0.6578751622298961,0.0023478619063388136,0.9270095355408243
2693,1112.5,8.645808232895291,0.007771513018332846,1114.140007355453,0.6450662769630466,0.0011657969088211578,0.6580166007308217,0.0023627566737175784,0.9272088023489242
2694,1117.1,6.6558245169174945,0.0059581277566175764,1115.1795590915217,0.6456681621749406,0.0011811640000702868,0.6582058355951915,0.0023693156407843838,0.927475448396293
2695,1119.1,10.322305943925516,0.009223756540010291,1116.2404668965746,0.6462824048139446,0.0011932446266683149,0.6583997442279788,0.0023768031707141557,0.9277486755536455
2696,1110.9,5.504543577809153,0.00495503067585665,1117.3193307066438,0.6469070589387289,0.0012005236668348183,0.6585722524878588,0.0023763689621192612,0.9279917731582042
2697,1115.3,9.641058033224361,0.008644362981461814,1118.4159326471222,0.6475419853442095,0.0011965333220611998,0.6587574155502158,0.0023692878159151123,0.9282527113695398
2698,1116.5,5.744562646538029,0.005145152392779247,1119.5018297981064,0.6481707111593519,0.0012108004634140386,0.6589231612836066,0.0023726593573702823,0.9284862791171232
2699,1122.1,9.528903399657278,0.00849202691351687,1120.5804849714518,0.6487952598853718,0.0012148963736917872,0.6590920801550505,0.002365127207713019,0.9287243378141795
2700,1119.9,5.639148871948674,0.005035403939591636,1121.6542043262991,0.6494169595780102,0.0012302801071905592,0.6592313809051925,0.0023604628516584753,0.928920675040432
2701,1120.5,6.06217782649107,0.005410243486382035,1122.7140035853513,0.6500305541923411,0.0012485208582766099,0.6593510896172428,0.002373400139493249,0.9290893424837477
2702,1130.1,6.767569726275452,0.005988469804685826,1123.79904440198,0.6506587518048813,0.0012664923264613117,0.659494717323925,0.0023902741433676398,0.9292916980104898
2703,1123.1,9.289779329994873,0.008271551357844248,1124.8633529681997,0.6512749379811325,0.0012775970732628915,0.6596048901062593,0.002405970559714028,0.9294468993138377
2704,1126.1,11.058933040759403,0.0098205603771951,1125.942740548824,0.6518998454915412,0.0013016663740128315,0.6597602773115153,0.0024319529348184876,0.929665788766792
2705,1132.5,5.522680508593631,0.004876539080435877,1127.0442652353242,0.6525375723766359,0.0013284825387187215,0.6599197794321464,0.002458548647037583,0.9298904788970628
2706,1119.9,9.91463564635635,0.008853143714935573,1128.168089126408,0.6531882366362269,0.001342356389292652,0.6600841457849201,0.0024690277756033003,0.9301220632114141
2707,1136.7,7.710382610480495,0.006783128891071078,1129.3042405370586,0.6538460424626938,0.0013513227918990748,0.6602439818320989,0.0024753701086165482,0.9303472737056028
2708,1123.3,9.391485505499118,0.008360620943202278,1130.4779917015985,0.6545256342978941,0.001360447785810457,0.6604441248724447,0.0024764386098607132,0.9306293067579071
2709,1136.9,8.234075540095562,0.0072425679831960256,1131.685013538735,0.6552244724298666,0.0013618617099983778,0.6606549449641996,0.0024788518057987834,0.9309263630669893
2710,1137.3,6.906518659932803,0.006072732489169791,1132.8835532559683,0.6559184074126171,0.0013610137399373977,0.6608564472381572,0.0024773803725420865,0.931210300808638
2711,1140.3,7.496665925596525,0.006574292664734302,1134.0836435432054,0.6566132449878959,0.0013575381716666515,0.6610771520396479,0.002472918417228023,0.9315213067376049
2712,1139.3,6.797058187186572,0.005965995073454377,1135.290799765399,0.6573121727526721,0.0013490091793131802,0.6612932790345771,0.0024659270426338115,0.9318258649673374
2713,1138.1,7.924645102463581,0.006963048152590793,1136.5005228990635,0.6580126000495359,0.0013398264740615065,0.6614979597143522,0.0024540674915047834,0.9321143153794686
2714,1147.5,9.912113800799505,0.008638007669542052,1137.7243325847226,0.6587211860292848,0.001323203100095076,0.6616854995854444,0.002437084281793321,0.9323786154268827
2715,1143.3,9.17605579756357,0.008025938771594132,1138.9519468839203,0.6594319892769198,0.0013164343016751003,0.6618496281547959,0.0024204868205924307,0.9326099450867705
2716,1137.3,5.93295878967653,0.005216705169855385,1140.1969231748058,0.6601528439405996,0.0013028328330238848,0.6620284876314262,0.0024004140145217974,0.932862034033198
2717,1149.1,8.45872330792301,0.007361172489707607,1141.4588396521394,0.6608834971013425,0.0012797460798770893,0.6622027753117086,0.002378438440789459,0.9331076673859036
2718,1139.9,7.7168646482881895,0.0067697733558103245,1142.7475416336652,0.6616296492567747,0.0012736958142619843,0.6623936485868309,0.002368974625020325,0.9333766566705854
2719,1140.7,4.522167621838006,0.0039643794352923695,1144.0274967340663,0.6623706973407197,0.0012759272131740715,0.6625878075537349,0.0023778052221158537,0.9336502139122402
2720,1142.3,6.553624951124378,0.005737218726362932,1145.3103265591828,0.663113390148883,0.001286107610196963,0.6627806295093384,0.0023976158286331895,0.9339218563789717
2721,1147.9,5.296225070746144,0.004613838375072866,1146.5803401284134,0.663848686665635,0.0012929638076725582,0.6630369411712526,0.002407511287642452,0.9342829994238422
2722,1146.5,9.1104335791443,0.007946300548752115,1147.7786710346236,0.6645424821861631,0.0012890391335532404,0.6632366361275667,0.002410809797699057,0.9345643695637419
2723,1149.9,5.103920062069938,0.004438577321567039,1148.959601603215,0.6652262077218581,0.0012894156211575882,0.6634230103836054,0.0024148211519409986,0.9348269791026624
2724,1149.7,9.284395510748128,0.008075494051272617,1150.1471837964104,0.6659137631866697,0.0012948344793868914,0.663598982938543,0.0024286486108877066,0.9350748983873135
2725,1148.3,4.236744032862973,0.003689579406830073,1151.3257031031512,0.666596051368382,0.0013219916465576694,0.6637786290906862,0.0024606553061802434,0.9353279591861023
2726,1151.3,6.099180272790763,0.0052976463760885635,1152.502479064436,0.6672773402250366,0.0013376239400146766,0.6639436799651107,0.002482964556521582,0.9355604670846432
2727,1144.7,6.360031446463139,0.005556068355432112,1153.6667242727199,0.6679514018066726,0.0013540270323824152,0.6640887760677872,0.0024963538094656445,0.9357648929992217
2728,1151.9,7.877182237323193,0.006838425416549347,1154.8312100145697,0.6686256183325454,0.0013757038712869198,0.6642368124694225,0.0025074705406937423,0.9359734835958747
2729,1153.5,11.926860441876563,0.010339714297248863,1156.026381390378,0.6693175839180394,0.0013880275774173336,0.6643718423949917,0.0025191789286464717,0.9361637259188968
2730,1156.7,2.9916550603303182,0.0025863707619350894,1157.249101703002,0.6700254964461525,0.0014060584006587292,0.6645122366656395,0.002535065159660533,0.9363615182182514
2731,1155.5,3.5,0.003028991778450887,1158.506852766448,0.6707536802631846,0.0014116272409132257,0.6646777460140487,0.002547706526249975,0.9365946891388113
2732,1160.5,11.0,0.009478672985781991,1159.800236088931,0.6715024913248112,0.0014175724690370232,0.664841095188588,0.002561437935467531,0.936824809302227
2733,1162.9,7.231873892705818,0.006218826977991072,1161.1033615437445,0.6722569522817066,0.0014288985552933008,0.6650019053082027,0.0025750008875347263,0.9370513645336199
2734,1158.1,10.702803371079934,0.009241691884189565,1162.4289557967354,0.673024399494009,0.0014419091123130656,0.6651889791099743,0.002596686308100364,0.9373148969991943
2735,1158.7,2.906888370749727,0.00250874978057282,1163.7742462628037,0.6738032751589166,0.0014421980489253727,0.6653575580893283,0.0026035260354463317,0.9375524056044912
2736,1170.7,14.078352176302452,0.012025584843514523,1165.100554970206,0.67457113545352,0.0014442152827027306,0.6655156344531705,0.002619132597951836,0.937775081695093
2737,1167.1,5.200961449578338,0.004456311755272332,1166.390759589322,0.6753181379841487,0.0014385851149840599,0.6656640144243171,0.0026162879171515107,0.9379841579112245
2738,1169.5,7.053367989832942,0.006031097041327869,1167.6535939288,0.6760492912934277,0.001457858821278668,0.6657919909354298,0.0026274429320454823,0.9381644731767305
2739,1168.7,9.011104260855047,0.0077103655864251275,1168.9134655222217,0.67677871675478,0.0014732704546291434,0.6659027151484852,0.0026403430901113098,0.9383204620426472
2740,1179.1,12.022894826122368,0.010196671042424195,1170.1829129660734,0.677513690403534,0.0014791053384521071,0.666008133361607,0.0026468151671125884,0.938468985578478
2741,1173.7,10.917875251164945,0.009302100409955648,1171.4620122550177,0.6782542544884645,0.0014834980722810908,0.6661528572662057,0.002651977673570907,0.9386728989462881
2742,1176.1,10.49047186736612,0.008919710796161993,1172.748039782167,0.6789988276111077,0.0014883522814593576,0.6662963167713132,0.002658071435014102,0.9388750271452526
2743,1174.9,8.561541917201598,0.007287038826454675,1174.0562159189715,0.679756224458518,0.0014896745881811096,0.6664507243602108,0.002662234230408191,0.9390925822696244
2744,1180.5,2.9154759474226504,0.002469695847033164,1175.375859580694,0.6805202540414331,0.0014762040882378095,0.6665718749783521,0.0026604037792145453,0.9392632737439437
2745,1178.3,5.6964901474504455,0.004834498979419881,1176.7391431776123,0.681309572933151,0.0014499420264581751,0.6667259303915578,0.002645151428961967,0.9394803699344013
2746,1179.7,3.5637059362410923,0.003020857791168172,1178.116053175355,0.6821067722182474,0.0014268886889437003,0.6668696321661817,0.002634504976087987,0.9396828635526285
2747,1178.7,6.7786429320329304,0.005750948444924858,1179.5505753196944,0.6829373305990067,0.0014030869096511374,0.6670578166571356,0.0026229613856917824,0.9399480396379343
2748,1177.1,4.068169121361598,0.0034560947424701373,1180.9597853150842,0.6837531622455384,0.001424792396595609,0.667213526040108,0.002656504435050176,0.9401673478684243
2749,1181.7,9.338094023943002,0.007902254399545571,1182.3758712587733,0.6845729342587884,0.0014689322503379724,0.6673557326866624,0.002713315890200065,0.9403675650885743
2750,1180.3,6.6670833203133135,0.005648634516913762,1183.825034228108,0.6854119477419083,0.0014774087075957014,0.6675542155515268,0.0027247072827576374,0.9406472119542737
2751,1182.7,10.437911668528336,0.00882549392790085,1185.2747260226886,0.6862512838053796,0.0014849325940105129,0.6677372104334417,0.0027306612795955647,0.9409050570894676
2752,1192.9,12.491997438360288,0.010471956943884891,1186.734133107448,0.6870962497126729,0.001493516699551041,0.6679246480648531,0.0027357383444243516,0.9411691649122822
2753,1194.9,10.922453936730518,0.009140893745694633,1188.1963988813518,0.6879428684628741,0.0014963426273390268,0.6680939183768271,0.002738438665413616,0.9414076723795739
2754,1194.3,3.898717737923586,0.003264437526520628,1189.6550458451816,0.6887874007358455,0.001483999433462052,0.6682460652550818,0.0027307210348202914,0.9416220735994478
2755,1190.9,10.807404868885037,0.009074989393639295,1191.0789866042046,0.6896118375000397,0.0014772765654054573,0.668414936251657,0.002726404586316032,0.9418600381313285
2756,1198.3,7.310950690573696,0.006101102136838602,1192.5191698280341,0.6904456696452606,0.0014878146458939198,0.6685868423175575,0.0027334306738428485,0.9421022601323795
2757,1194.3,9.562949335848225,0.008007158449173763,1193.9463759173682,0.6912719995848859,0.0014962549265920583,0.6687455183342979,0.0027360075436294066,0.9423258509527976
2758,1197.7,6.648308055437865,0.005550895930064177,1195.3990647950438,0.6921130741941577,0.0015021959127860189,0.6688982599334421,0.0027400407010608582,0.9425410695330925
2759,1198.9,5.029910535983716,0.004195437931423568,1196.8556745441479,0.6929564339257178,0.0015010411113810507,0.6689878095977896,0.0027357751848448783,0.9426672696918171
2760,1197.7,8.333666660000267,0.006958058495449834,1198.3060251915406,0.6937961694494009,0.0015111017773196127,0.6690525596484059,0.002737224212849225,0.9427585191640754
2761,1203.5,9.069178573608527,0.007535669774498153,1199.7976175847537,0.6946597654987774,0.0015160704230036124,0.6691452490434052,0.0027413110620826404,0.9428891154550056
2762,1203.1,7.214568594171102,0.005996649151501208,1201.3057557242264,0.6955329318697631,0.0015223086424992636,0.669226325746832,0.002748700902594571,0.9430033368736062
2763,1198.5,2.5495097567963922,0.0021272505271559385,1202.834828998943,0.6964182189869281,0.001527930730412455,0.6693279851242353,0.0027559040841270165,0.9431465611072071
2764,1205.9,4.642197755374064,0.00384957107170915,1204.3600045840888,0.6973012617089207,0.0015265226242755258,0.6694641217661641,0.002756098321289838,0.9433383839257642
2765,1203.1,7.861297602813418,0.006534201315612517,1205.9106868366332,0.6981991155717979,0.0015121832067829688,0.6695910615188724,0.002737102689561565,0.9435173090606934
2766,1203.1,4.695742752749559,0.003903036117321552,1207.468055922318,0.6991008538957955,0.0014959081494725173,0.6696995487858803,0.002713243189033828,0.9436702494674366
2767,1211.5,8.645808232895291,0.007136449222365077,1209.0453467648745,0.7000141160202112,0.0014652520734391348,0.6697981314694988,0.002685193220288592,0.9438092265504375
2768,1203.9,4.642197755374064,0.0038559662392009834,1210.6118050562668,0.7009211237124864,0.0014352696530289231,0.669888789539784,0.00265236620004723,0.9439370591430887
2769,1213.9,3.3615472627943226,0.0027692126722088494,1212.2179473771891,0.7018510903077697,0.0014075267649486397,0.6699618992701121,0.002625820690855512,0.9440401430442792
2770,1213.9,5.572252686302012,0.004590372095149528,1213.8541560452868,0.7027984617953971,0.0013857685350705947,0.6700266052088826,0.0026031116729389172,0.9441313830576895
2771,1213.3,3.7013511046643495,0.0030506479062592513,1215.4800780688363,0.7037398630241036,0.00135759693023127,0.6700653913982639,0.0025817450452579357,0.9441860827260481
2772,1222.3,12.387493693237547,0.010134577185009855,1217.1347651181084,0.7046979119353413,0.0013545776123774543,0.6701045532040831,0.0025744927250198214,0.9442412951643234
2773,1217.3,12.547908192204787,0.010307983399494609,1218.7941512869054,0.705658658721433,0.0013621298386655661,0.670156067928095,0.002579327637492349,0.9443138799477537
2774,1224.3,8.772114910328067,0.007165004419119552,1220.4299235085903,0.7066057257595687,0.0013720559692643461,0.6701924911471491,0.0025876154384647165,0.944365185575955
2775,1223.7,12.296340919151518,0.010048493028643881,1222.0672562353607,0.7075537087744502,0.0013860479713812047,0.6702175604310208,0.0025939892104007906,0.9444005059665164
2776,1224.7,20.073614522551736,0.016390638133870938,1223.7103826836822,0.7085050659455329,0.0013972731045810167,0.670220244452867,0.002592974977365973,0.9444043109122584
2777,1222.3,7.362064927722384,0.0060231243784033255,1225.352207461951,0.7094556753415635,0.0014138573376104788,0.6702178721039879,0.0025927873899926407,0.9444009944488159
2778,1226.3,8.452810183601665,0.006892938256219249,1226.949632881294,0.7103805551551396,0.0014315623019083362,0.6701927522442748,0.002600190812093743,0.9443655885849693
2779,1232.1,14.825653442597396,0.012032832921513997,1228.5303260537144,0.7112957886567651,0.0014338228933285688,0.6701666304714082,0.002587542626801646,0.9443288346998469
2780,1226.9,4.393176527297759,0.003580712794276435,1230.1294801773397,0.7122217027966051,0.0014345627877462865,0.6701860719280748,0.002576647367794211,0.9443562741616344
2781,1228.9,4.904079934095691,0.00399062570924867,1231.7875275502513,0.7131816733042416,0.001433842222870777,0.6702068029854696,0.0025777075480603808,0.944385475014532
2782,1235.9,7.684399781375251,0.0062176549731978725,1233.4847801514563,0.7141643306358288,0.0014429032485558356,0.6702299016650612,0.0025872468243383013,0.9444179938712722
2783,1231.3,3.930648801406709,0.003192275482341192,1235.1802956819943,0.7151460131604785,0.0014440104209735812,0.6702551566541561,0.0025835370535967706,0.9444536006264095
2784,1233.5,9.069178573608527,0.007352394465835855,1236.9040092413766,0.7161440165381373,0.0014563402046636155,0.6702553383556981,0.0025868336880816244,0.9444538613056668
2785,1239.9,8.00312438988674,0.006454653109030356,1238.6785182609497,0.7171714396805645,0.0014713291701365049,0.6702577695863822,0.002588390783631236,0.9444573041681761
2786,1241.3,8.136338242723197,0.006554691245245466,1240.4745065793848,0.71821129535269,0.001487343255195606,0.6703070486606998,0.002591755352056602,0.9445267547968775
2787,1239.3,7.612489737267302,0.006142572207913582,1242.2878290015576,0.7192611975231535,0.0014798024372653334,0.6703426608622242,0.00258022109426151,0.9445769639292159
2788,1238.5,10.747092630102339,0.008677507170046297,1244.0653734501561,0.7202904291716828,0.0014631492334288827,0.6703252976668838,0.0025505730852680092,0.9445525914574759
2789,1240.3,7.207634840916957,0.0058112028065121,1245.8592591914835,0.7213290903804712,0.0014482989837184966,0.6702791896651459,0.0025312755172096847,0.9444876683730172
2790,1242.1,10.597169433391164,0.0085316556101692,1247.6222224255794,0.7223498524945676,0.0014494223677739867,0.6701942285530669,0.002518383848392242,0.944368000109295
2791,1244.5,4.358898943540674,0.00350253028810018,1249.4113130082544,0.7233857088101138,0.001449287891153431,0.6701163170863167,0.002515019309282229,0.9442582225427968
2792,1243.7,8.843076387773658,0.007110297007134886,1251.2015028990468,0.7244222181448905,0.001469838595433268,0.6700038653105823,0.0025167402808223024,0.9440997898559076
2793,1241.1,12.57179382586272,0.010129557510162535,1252.9922596124172,0.7254590056148662,0.0014852421478793497,0.6699140753609655,0.002531308865824452,0.9439732283648731
2794,1244.9,9.289779329994873,0.0074622695236524,1254.792039994813,0.726501034312975,0.0015009002171812314,0.6698498572312144,0.0025409521219540263,0.9438827193103407
2795,1248.7,6.2809234989768825,0.005029969967948172,1256.5879700971532,0.727540841542827,0.0015008601181006945,0.669770726076478,0.0025403098872194938,0.9437712103043637
2796,1251.9,7.453187237685633,0.0059535004694349644,1258.4167834038883,0.7285996721353675,0.0015030496738206323,0.6696864683661083,0.002545406929720976,0.9436524588858788
2797,1263.1,7.877182237323192,0.0062363884390176485,1260.2838218517848,0.7296806318035636,0.0015051193897860568,0.6695876545579738,0.0025510873238715807,0.9435131920388369
2798,1264.9,9.113177272499422,0.007204662244050456,1262.1757042796746,0.7307760022776882,0.001496698481399882,0.669483215656853,0.0025435668735267055,0.9433660366509873
2799,1269.9,9.762171889492626,0.007687354822814887,1264.0782704067965,0.7318775563390935,0.0014943894307027346,0.669380670386788,0.0025397235201748245,0.9432215467186584
2800,1274.9,4.827007354458868,0.0037861850768365107,1265.9957091774959,0.7329877157381474,0.0014912998055806586,0.6692690610510016,0.0025371481912585796,0.9430642769510673
2801,1278.5,6.0,0.004692999608916699,1267.9228688159633,0.7341035039521241,0.0014893586487515844,0.6691534085831973,0.0025349428010713543,0.942901309158491
2802,1273.9,9.140568910084317,0.007175264078879281,1269.8518878834775,0.7352203709587461,0.0014832846709115998,0.6690051677245139,0.002529954455932972,0.9426924260684396
2803,1274.9,7.092249290598858,0.005562984775746221,1271.784642193255,0.7363394014319907,0.00147657136291487,0.668843765793272,0.00252438807151738,0.9424649990133036
2804,1273.3,5.06951674225463,0.0039814000960140036,1273.7271144077065,0.7374640482530781,0.0014655144563694253,0.6686771434741298,0.002519789248556359,0.9422302042706573
2805,1273.5,3.774917217635375,0.002964206688367,1275.669393149507,0.7385885831605892,0.001453671908525141,0.6685214568844472,0.0025148955038187724,0.9420108194406318
2806,1275.1,5.661271941887264,0.004439865063043891,1277.6401873198797,0.7397296177747321,0.001448842868378479,0.6683643060012963,0.0025163725308310664,0.9417893594627319
2807,1271.9,4.588027898781784,0.003607223758771746,1279.6151582336195,0.7408730998909336,0.0014336359711723597,0.6682077721118956,0.0025043109806352137,0.9415688096653833
2808,1273.9,3.0903074280724887,0.002425863433607417,1281.5870578125987,0.7420147897529838,0.0014448673542302576,0.6680315646745121,0.002508713486036398,0.941320513071654
2809,1271.7,6.016643582596529,0.0047311815542946676,1283.4865318632972,0.7431145529530695,0.0014283505364521333,0.6678277873561627,0.002498255626586882,0.9410333837972995
2810,1280.9,5.813776741499453,0.004538821720274379,1285.382899022099,0.7442125463359093,0.0014037281353885215,0.6676659095673734,0.0024756767133296527,0.9408053323103983
2811,1281.5,8.426149773176359,0.006575224169470433,1287.253723084868,0.7452957559827484,0.0013947052692827697,0.6674639373622895,0.002458551183178356,0.9405207855779055
2812,1295.1,8.065358020571685,0.006227594796210088,1289.1275585233057,0.7463807203392918,0.0013915689255882499,0.6672286972572861,0.002440563840205735,0.9401893748013977
2813,1292.9,11.545561917897285,0.008929972865571416,1290.9612684311098,0.7474424213768245,0.0014059335223958003,0.6669582347520603,0.0024399651969056807,0.9398082850265002
2814,1295.9,10.064790112068906,0.007766641030996917,1292.8099213995642,0.7485127439066266,0.0013849253965079675,0.66669484700454,0.0024324763747551304,0.9394371365137492
2815,1296.1,6.465291950097845,0.004988266298972183,1294.7101086845767,0.7496128949956673,0.0013604270189985807,0.6664470247845509,0.00242632061981509,0.9390879092524382
2816,1305.3,9.57601169589929,0.007336253501799808,1296.6249279053002,0.7507215136062203,0.0013404948511108136,0.6661900940673755,0.0024235922507794706,0.9387258421103126
2817,1302.5,7.648529270389178,0.005872191378417795,1298.552731058207,0.7518376663392627,0.0013293308382390028,0.6659034003385486,0.0024196207243958067,0.9383218569959126
2818,1303.3,4.024922359499622,0.0030882547068975847,1300.5003505166756,0.7529652970137215,0.0013131850191653001,0.6656009394188638,0.0024121060855089122,0.9378956611791655
2819,1298.5,8.2915619758885,0.006385492472767425,1302.4542264623603,0.7540965477122649,0.0012985924447182927,0.6652903171237977,0.0024060438251572113,0.9374579621800876
2820,1301.1,5.343220002957018,0.004106694337834923,1304.4227287661665,0.7552362963772621,0.001274255827761294,0.6649837191701575,0.0023870636152936156,0.937025973396668
2821,1300.7,7.710382610480495,0.00592787161565349,1306.3930959023094,0.756377131633427,0.0012578446858316442,0.6646852802640334,0.0023693950361632164,0.9366054847818791
2822,1304.3,5.6964901474504455,0.00436746925358464,1308.3467991170055,0.7575083260933794,0.0012324127485116557,0.664369568901535,0.0023458304226444647,0.9361606656530068
2823,1303.1,10.49047186736612,0.008050396644437205,1310.2835098553478,0.7586296564729371,0.0012148544721299916,0.6640378836183757,0.002333463481915568,0.9356933055204102
2824,1317.5,4.873397172404482,0.0036989731858857546,1312.2144131024638,0.7597476302981223,0.00120485187413572,0.6636930047005395,0.0023223155794490483,0.9352073592817897
2825,1313.5,9.656603957913983,0.007351811159432039,1314.105826838499,0.7608427611231303,0.0011785043340999974,0.6633217026472366,0.00229829194664177,0.9346842155999168
2826,1320.7,8.043631020876083,0.00609043009076708,1315.9865042367974,0.7619316112154351,0.0011806493844529866,0.6629528058321911,0.0023055995156304344,0.9341643735720654
2827,1317.3,5.5181518645285585,0.0041889864605849534,1317.8771041676005,0.7630261926527182,0.0011870266127963786,0.6626099485516848,0.002318776385343502,0.9336812081115106
2828,1314.9,6.268971207462991,0.004767641043016952,1319.7902086280164,0.7641338011562836,0.0011984748340854272,0.6622765222068534,0.0023346087168776624,0.9332113238938062
2829,1315.9,6.931810730249349,0.005267733665361614,1321.7563697384453,0.7652721417021857,0.0012222883015016938,0.6619657376318724,0.0023511180306658164,0.9327733576526637
2830,1324.9,13.939153489362258,0.010520909871961852,1323.72191156209,0.7664101428068981,0.0012434923938274528,0.6616520005402907,0.0023608024044993454,0.9323312541227103
2831,1336.5,8.246211251235321,0.006170004677317861,1325.6940455741465,0.7675519762774734,0.001256498348010289,0.6613402883589952,0.0023626096049884047,0.9318920259385324
2832,1331.5,12.757350822173073,0.009581187249097314,1327.670770639923,0.7686964685192488,0.001268833982136032,0.6610136220224397,0.0023639284340281935,0.9314317272418056
2833,1337.1,8.834591105421914,0.006607277769367972,1329.6317363996209,0.7698318403245374,0.0012714677447976104,0.6606652004110388,0.002360175633807741,0.9309407800038014
2834,1334.5,6.96419413859206,0.005218579347015406,1331.5974598435387,0.7709699697403086,0.0012714976273067618,0.6603192584607184,0.002354504932162383,0.9304533310928168
2835,1337.3,4.207136793592526,0.0031459932652303344,1333.5549990457166,0.7721033630351222,0.0012676138588288992,0.6599761137668327,0.00234660510972453,0.9299698285550659
2836,1339.7,5.953990258641679,0.004444271298530774,1335.5437396346233,0.7732548277151946,0.0012647442496583308,0.6596552287032107,0.0023372894921565215,0.9295176992828553
2837,1342.3,5.239274758971894,0.0039032070021395326,1337.5286958287547,0.7744041052349895,0.0012597717279652415,0.6593526054699582,0.0023260437348416145,0.9290913069495434
2838,1344.1,6.308724118235001,0.004693641930090768,1339.4983350894104,0.775544534370809,0.001261649145095107,0.659040469668971,0.002311486534966266,0.9286515323237629
2839,1344.7,7.293833011524188,0.005424134016155416,1341.4599882870687,0.7766803357664711,0.0012526463567559924,0.658736244662089,0.0022938511746529657,0.92822290542342
2840,1352.5,6.123724356957945,0.004527707472797002,1343.4070018798297,0.777807656463273,0.001254922141185426,0.658428005082364,0.0022820172168720246,0.9277886133821776
2841,1345.1,6.730527468185536,0.005003737616672022,1345.3341073110955,0.7789234621161486,0.0012617846716402594,0.6581037633056777,0.0022684675896954497,0.9273317851552634
2842,1348.7,9.82089608946149,0.00728174989950433,1347.2615322336846,0.7800394495669091,0.0012732134554164038,0.6577733401228456,0.0022576832696178943,0.926866240183956
2843,1355.1,13.315404612703288,0.0098261416963348,1349.2442861512877,0.781187486468992,0.0012767042259715184,0.6574741329761179,0.002239194000608696,0.9264447045814567
2844,1344.9,6.767569726275452,0.005032024482322442,1351.214331355911,0.7823281658397875,0.0012826525955354003,0.6571741737603846,0.002221467688848722,0.9260221100428889
2845,1341.1,13.992855319769443,0.010433864230683352,1353.196187978733,0.7834756599097349,0.001282027432872414,0.6568441088622649,0.002208315188539047,0.925557067662832
2846,1351.3,11.541230437002806,0.008540835075114932,1355.1501836683017,0.7846070032217197,0.001283326004285625,0.656495938895419,0.0022020250657938095,0.9250664821955855
2847,1364.1,6.107372593840988,0.004477217648149687,1357.090755144681,0.7857305801134437,0.0012769816088202492,0.6561804835115356,0.0021908873774533033,0.9246220010859705
2848,1348.7,5.608029957123981,0.004158100361180382,1358.9730998937723,0.7868204426682397,0.0012611462588539785,0.6558284119891533,0.0021764955730092655,0.9241259232836017
2849,1353.1,4.068169121361598,0.003006554668067104,1360.8846856810273,0.787927205689511,0.0012471238332341988,0.6554954812710746,0.0021722041565223997,0.9236567851608937
2850,1363.1,12.808200498118383,0.009396376273287642,1362.8024420257539,0.7890375264784218,0.0012328863291746282,0.6551717476751481,0.0021725853224419415,0.9232005893515538
2851,1363.3,9.06642156531451,0.006650349567457281,1364.7073380167735,0.7901403634712467,0.001230151383140499,0.6548460531489924,0.0021891741350517397,0.9227415808184791
2852,1363.1,6.328506932918696,0.0046427312250889126,1366.6114020753944,0.7912427576579855,0.0012149182591720798,0.6545404808677435,0.002188980977458137,0.9223109678689259
2853,1364.1,4.2485291572496005,0.003114529108752731,1368.4850712319321,0.7923275566916848,0.0012130514933698792,0.6542291754488518,0.0021929788497327954,0.921872276987377
2854,1380.7,9.66695401871758,0.0070014876647480125,1370.3954297751002,0.7934336025698199,0.0012190764504423973,0.6539390211665691,0.002198648484779112,0.9214633961178107
2855,1391.7,7.791020472312982,0.005598203975219503,1372.32890917157,0.7945530552273599,0.001219052166643736,0.653654686678261,0.002195869876790863,0.9210627464452997
2856,1390.9,4.449719092257397,0.0031991653549912984,1374.2588569078093,0.7956704560564319,0.001214844263120058,0.65337963582645,0.002193718762996516,0.9206751710774037
2857,1380.7,7.710382610480495,0.005584401108481563,1376.1782908870105,0.7967817974086941,0.0012134400414026546,0.6531117235771081,0.00218420258684141,0.9202976885692472
2858,1374.3,6.553624951124378,0.0047687003937454545,1378.0730680840798,0.7978788594340334,0.0012072454294334942,0.6528422513190545,0.0021739733907815487,0.9199180007553271
2859,1381.1,5.661271941887264,0.004099103570984914,1379.9558072733598,0.7989689524106003,0.0012012713298975946,0.6525621591394226,0.0021635825221699863,0.9195233494552889
2860,1380.9,2.701851217221259,0.001956587165776855,1381.8242268719646,0.8000507553454499,0.0011955963848756684,0.6522891890233389,0.002153115101962933,0.9191387348411917
2861,1382.7,7.412826721298698,0.005361124409704707,1383.6894186146915,0.8011306859507193,0.0011941747457658823,0.652023609081197,0.002145306893156614,0.9187645301607841
2862,1396.9,8.049844718999243,0.005762649236881124,1385.5475048564329,0.802206501463895,0.0011888762643071785,0.6517488006807379,0.002136388472586591,0.9183773217890663
2863,1382.9,4.929503017546495,0.003564612782953572,1387.4015126598297,0.8032799565505389,0.0011898675784468326,0.6514909320599478,0.0021295591237347755,0.9180139804041472
2864,1390.5,11.445523142259598,0.00823122843743948,1389.244475615046,0.8043470134329995,0.0011977741619173872,0.6512321298813386,0.0021263417496228494,0.9176493159755827
2865,1390.9,12.136721138759018,0.008725804255344752,1391.0793048754317,0.8054093544125406,0.0012143185059306357,0.6509924814920041,0.0021284634635858213,0.9173116335638554
2866,1396.3,1.9874606914351791,0.0014233765605064666,1392.8779078634511,0.806450680885276,0.001222493373178916,0.6507536609036169,0.0021398172882711682,0.9169750763656594
2867,1403.1,4.4777226354476225,0.003191306845875292,1394.6465581476903,0.8074746525130054,0.0012321980303669432,0.6505218495962178,0.0021555399792231424,0.9166483782086111
2868,1406.9,7.162401831787993,0.005090910392912071,1396.3809885232454,0.8084788212686469,0.0012494345349672552,0.6503038999349966,0.002171013094938751,0.9163412220913287
2869,1407.5,6.614378277661476,0.00469938065908453,1398.0887120037657,0.8094675206390305,0.0012737171572839963,0.6500826553176368,0.0021909707087958636,0.9160294137580832
2870,1400.1,8.82043082847998,0.006299857744789644,1399.7567525005547,0.8104332643041824,0.0012963078757738838,0.6498493661512946,0.002204282832680814,0.9157006552585246
2871,1400.5,14.124446891825535,0.010085288748179603,1401.4194229983286,0.8113959157726109,0.001312625393755502,0.6496409941146715,0.002210346073395142,0.9154070290151527
2872,1403.3,6.340346993658944,0.004518169310666959,1403.0671875612854,0.8123499304298342,0.0013103766667633945,0.6493737028354262,0.0022110859012863327,0.9150303747212185
2873,1406.9,6.107372593840988,0.004341013998038942,1404.7885499922081,0.8133465570050472,0.0013221342221054234,0.6491561116060328,0.0022172176877314335,0.9147237515278277
2874,1407.5,5.267826876426369,0.0037426833935533706,1406.5302455272601,0.8143549319555113,0.0013410619981774321,0.6489552627783912,0.0022330833546991167,0.9144406880139803
2875,1399.1,8.663140308225419,0.006191937894521778,1408.27628949087,0.8153658463030519,0.0013581132596146089,0.6487734029362905,0.0022419972738840976,0.9141844085564864
2876,1402.9,4.827007354458868,0.0034407351589271274,1410.0633900940343,0.8164005673468626,0.001349939704612091,0.6486130775556609,0.002231088505947393,0.913958518914416
2877,1407.7,6.534523701081817,0.004641986006309453,1411.842637276262,0.8174307446122796,0.0013425370109041992,0.6484670947129508,0.0022196034705459573,0.9137528423526436
2878,1406.9,8.29457654133109,0.00589564044447444,1413.6334950834498,0.8184676194597624,0.0013342555269653241,0.6483453656543215,0.002215027152968364,0.9135813163768847
2879,1401.9,4.421538193886828,0.003153961191159732,1415.4056937606897,0.8194937035394745,0.0013277642431270707,0.6482227771721656,0.0022075419482411136,0.913408593143439
2880,1403.5,3.840572873934304,0.0027364252753361625,1417.1753471396198,0.820518313251401,0.0013194628959853774,0.6481313099471311,0.0021996851401098597,0.9132797216747658
2881,1407.5,5.522680508593631,0.003923751693494587,1418.8931869738956,0.8215129130608758,0.0013031959529786435,0.6480379973627712,0.0021920542024179567,0.9131482432309665
2882,1410.5,8.200609733428363,0.005813973579176436,1420.582602189735,0.8224910962126197,0.001288711099969218,0.6479424218311022,0.0021733070822686504,0.9130136212758307
2883,1408.5,8.154753215150045,0.005789672144231484,1422.258234657932,0.8234612952455587,0.001280529686117876,0.6478628651101348,0.002158117457903434,0.9129015639456053
2884,1415.7,6.1400325732035,0.0043371000728992725,1423.9164378547628,0.8244213645235543,0.001269453921507626,0.6477948364423729,0.0021532399257528294,0.9128057084333856
2885,1433.1,3.54259791678367,0.0024719823576747403,1425.5454106457103,0.8253645042508196,0.0012636984120993388,0.6477120337695522,0.002151959667279651,0.9126890271155299
2886,1425.1,8.1117199162693,0.0056920355878670266,1427.1650188374467,0.8263022170502159,0.0012690693284820123,0.6476465551986716,0.0021562315217830332,0.9125967509457789
2887,1433.5,9.340770846134703,0.006516059188095363,1428.8028294939554,0.8272504992481485,0.0012763258451965675,0.6475997832713472,0.0021523045347931983,0.9125308673395411
2888,1434.1,6.523036102920173,0.0045485224900077914,1430.4825248878246,0.8282229910756127,0.001301235291511592,0.6475705589183443,0.0021668259664709413,0.912489658737236
2889,1436.7,5.472659317004851,0.003809187246470976,1432.169268786682,0.8291995963464427,0.0013061125123284474,0.6475575364041796,0.0021646264402214875,0.9124713213846114
2890,1437.3,11.388590782006348,0.007923600349270402,1433.8583406321409,0.8301775585702741,0.0013181509824413944,0.6475679266734157,0.002162511609076025,0.912485983721943
2891,1439.3,11.30044246921332,0.00785134611909492,1435.4884643239127,0.8311214036141361,0.0013442145458961454,0.64757497655349,0.0021620268914113584,0.9124959511670167
2892,1440.9,5.029910535983716,0.003490811670472424,1437.0763069208388,0.8320407516498921,0.0013589239689373717,0.647556641435483,0.0021622334911913835,0.9124701320205156
2893,1436.3,11.399561395071302,0.007936755131289636,1438.625193363722,0.8329375582271477,0.001356530360151865,0.6475309079803473,0.002152041172629423,0.91243390466877
2894,1436.9,6.465291950097845,0.0044994724407389835,1440.1705741170279,0.8338323544031819,0.0013502679741775776,0.6475139035023862,0.0021347327307458057,0.9124100009029196
2895,1434.1,9.50263121456368,0.006626198462146071,1441.7010778692643,0.8347185069137926,0.0013640188462419776,0.6475096033083412,0.002133912772480802,0.9124039581223112
2896,1439.5,2.7838821814150108,0.0019339230159187292,1443.2217641917068,0.8355989713899774,0.0013782820616137904,0.6475030654907947,0.002134471517185869,0.9123947569908317
2897,1442.7,12.487994234463756,0.008655988240426807,1444.7539450555182,0.83648607381754,0.0013928147696878198,0.6475242667997414,0.0021402882234276364,0.9124246273048909
2898,1438.9,10.842047777057617,0.007534955714127192,1446.2866336543143,0.8373735235673724,0.0013917228632697727,0.6475452872978599,0.0021244445988045342,0.9124543061097755
2899,1447.7,12.049896265113654,0.008323476041385407,1447.8321114925452,0.8382683547221074,0.001400049363908747,0.6475947628541977,0.0021191804508068754,0.9125240571090419
2900,1454.9,4.642197755374064,0.0031907332155983667,1449.3841346325712,0.8391670064602668,0.0014152805613007846,0.6476677277545237,0.0021076277988948244,0.912626938585588
2901,1455.9,3.8794329482541645,0.00266462871643256,1450.9389369810856,0.8400672553086569,0.0014312456392151492,0.6477215564739692,0.0020998713568093465,0.9127028437057427
2902,1461.9,11.160197130875423,0.0076340359332891594,1452.4826430630114,0.8409610586374452,0.001447712711333999,0.6477896196247556,0.0020986272692307593,0.9127987826059341
2903,1450.1,10.16366075781753,0.007008937837264692,1453.9895971847197,0.8418335610053835,0.0014673967133413868,0.6478433087494204,0.0021053065221454054,0.9128744405384737
2904,1462.9,5.224940191045253,0.0035716318210713325,1455.4451916381552,0.8426763353975693,0.00148999759981337,0.6479130029072468,0.0021108936006463542,0.9129726638076641
2905,1461.7,5.805170109479997,0.003971519538537318,1456.857778515655,0.8434942484613595,0.0015409972932243971,0.6479935769314693,0.0021172088839055974,0.913086247683597
2906,1463.7,10.134100848126586,0.006923618807219092,1458.2589381314635,0.8443055311152856,0.0015632802845970796,0.6480547685106854,0.0021156698364617225,0.9131725090274946
2907,1459.3,2.16794833886788,0.0014856084005124923,1459.6534316557943,0.8451129728974724,0.0015815997593270942,0.648120336935503,0.002107063932777963,0.9132649610620197
2908,1459.1,8.188406438373708,0.005611956986069295,1461.0407377582878,0.8459162114895434,0.0016073135988585393,0.6481900770534988,0.0021141051787960476,0.9133632450013277
2909,1463.5,5.5,0.0037581141100102495,1462.4145765955695,0.8467116575496749,0.0016264889325954348,0.6482840696015832,0.0021170165713962656,0.913495710220792
2910,1470.3,6.553624951124378,0.004457338605131183,1463.8047882738226,0.8475165579182281,0.0016461214079749938,0.6484015345308526,0.002127631427106255,0.9136612196058447
2911,1465.1,7.179832867135557,0.004900575296659312,1465.2109640602846,0.8483307018509499,0.0016536990681054315,0.6485457922181593,0.0021326999141896906,0.9138644873977517
2912,1475.3,5.495452665613635,0.0037249729991280654,1466.5988659191037,0.8491342715457171,0.0016651856093482377,0.6486818191896385,0.002137784145193876,0.9140561636121175
2913,1478.3,5.044799302251776,0.0034125680188404088,1467.9792439576918,0.8499334938863015,0.0016776884272990844,0.6488344440567233,0.0021408684310287533,0.9142712367375319
2914,1468.5,13.0,0.008852570650323459,1469.3580904249422,0.8507318275892356,0.0016825843195144533,0.648983517363803,0.0021410123013673064,0.914481303162237
2915,1470.3,12.882158204276175,0.008761584849538309,1470.732460353366,0.8515275798919657,0.001699511903346201,0.6491034545338188,0.002143582278628468,0.9146503240753848
2916,1470.9,9.6591925128346,0.006566858734675777,1472.0961037048353,0.8523171102309629,0.0017108395225919055,0.6492362779082067,0.002146955425832626,0.914837491646326
2917,1468.1,5.639148871948674,0.003841120408656545,1473.421110916485,0.8530842433746827,0.0017320909641305442,0.6493703784864614,0.0021628574456109104,0.915026429252998
2918,1473.1,7.7168646482881895,0.005238520567706326,1474.7317596686303,0.8538430619202091,0.0017515919440422736,0.6495171657231659,0.0021783302303277287,0.9152332375020439
2919,1477.3,11.099549540409287,0.007513402518384409,1476.022187739943,0.8545901676949524,0.0017644680985855208,0.6496600755077876,0.002192172871217164,0.9154345765175746
2920,1485.1,6.674578638386097,0.004494363099041208,1477.272551982711,0.8553140896643893,0.0017735915773138564,0.6497960144231856,0.0022007389134600704,0.915626110528937
2921,1475.3,7.8230428862431785,0.005302679377918511,1478.4892376916184,0.8560185155344625,0.00177145734627408,0.6499477147140689,0.00220323913908477,0.9158398563925185
2922,1471.9,4.588027898781784,0.0031170785371165055,1479.7383783505932,0.8567417420874068,0.0017958130238220525,0.6501331927274807,0.002215406594910333,0.91610120187338
2923,1475.3,4.919349550499538,0.0033344740395170732,1480.9645008187813,0.8574516324061296,0.001803399499338887,0.6503285580270883,0.002222339320547816,0.9163764691875768
2924,1490.7,10.604244433244643,0.007113600612628056,1482.1791831271016,0.8581549215620738,0.001807069249579275,0.6505100896742295,0.002221191756234061,0.9166322692416902
2925,1498.7,5.472659317004851,0.003651604268369154,1483.4004354877732,0.8588620017101448,0.001817023397147509,0.6506991490516396,0.002226575165080361,0.9168986626687321
2926,1503.3,3.7682887362833544,0.0025066777996962377,1484.6220983242042,0.8595693447704875,0.001840798451727357,0.6509073978566989,0.0022316043015948336,0.9171921242763025
2927,1492.9,8.35463942968217,0.0055962485294943866,1485.8269727892134,0.8602669601310705,0.0018534966130005993,0.6511279475837041,0.0022335909335546656,0.9175029143522947
2928,1481.9,7.419568720619819,0.005006794466981455,1487.022713950694,0.8609592867822039,0.00185426464580712,0.6513439324421233,0.0022301017886457507,0.9178072771748716
2929,1486.9,9.50263121456368,0.006390901348149626,1488.2640827609853,0.8616780565568452,0.0018737645967635969,0.6515782856343486,0.002228592898958764,0.9181375510398142
2930,1489.9,6.6370174024180475,0.004454673066929355,1489.5253902352174,0.8624083436633387,0.001895429498164461,0.6518161195735763,0.0022355758147842575,0.9184726948240757
2931,1492.5,9.273618495495704,0.006213479728975346,1490.7746868924107,0.863131699446847,0.0019001659751597577,0.6520191281319643,0.0022280398654312638,0.9187587911692818
2932,1499.1,9.330058949438637,0.0062237735637640165,1492.0194622157587,0.8638524320773003,0.0019129110020798053,0.6522350105106083,0.002225939336341547,0.9190630227204233
2933,1487.3,11.031772296417289,0.007417314796219518,1493.2482071970169,0.8645638709740988,0.0019265438029474839,0.6524700677700647,0.0022278150587111446,0.9193942590683664
2934,1487.5,5.291502622129181,0.003557312687145668,1494.485373816187,0.8652801778228094,0.0019337387691990469,0.6527031718173776,0.0022287322304982405,0.919722729442916
2935,1502.7,4.994997497496871,0.003324015104476523,1495.697859599869,0.8659821682249179,0.0019305602210320204,0.6529395979342956,0.002231886672310879,0.9200558576440816
2936,1501.3,9.121403400793104,0.006075670019844871,1496.8785377825159,0.8666657461883511,0.0019313185734229012,0.6531768037703978,0.0022360219689313084,0.9203900887792809
2937,1496.9,3.9115214431215892,0.0026130813301633972,1498.0397491304711,0.867338054074723,0.0019316816256362275,0.6533739271229728,0.002239594299923377,0.9206678409777569
2938,1497.9,10.0274622911283,0.0066943469464772675,1499.2106548526428,0.8680159625145929,0.0019411729540742889,0.6535880297869587,0.0022510298928281746,0.9209695070089075
2939,1496.7,10.604244433244643,0.007085083472469194,1500.403802086202,0.8687067198180978,0.0019591076783277827,0.6538133846492336,0.0022742781386282784,0.9212869903488347
2940,1498.5,4.58257569495584,0.003058108571875769,1501.6079213106727,0.8694038338511787,0.001972562328041393,0.6540565261305343,0.002294128666453612,0.9216295455990382
2941,1495.1,7.469939758793239,0.00499628102387348,1502.8316436721893,0.8701123088400031,0.0019766896222604318,0.654321710428016,0.002306428731314859,0.9220031739822593
2942,1496.5,9.354143466934854,0.006250680565943772,1504.039509119804,0.8708116248350635,0.0019805785503312296,0.654582300619519,0.0023127689689465968,0.9223703536541205
2943,1508.7,9.66695401871758,0.006407472670986665,1505.2332303222279,0.87150275923086,0.001974776096062074,0.6548504970251656,0.002312411200742895,0.9227482599030757
2944,1517.7,7.032069396699666,0.004633372469328369,1506.4273686237993,0.8721941740509672,0.0019602419810746167,0.6551097362732432,0.002297495005512233,0.923113583477272
2945,1515.3,13.1224997618594,0.008660001162713258,1507.605618463226,0.8728763803683559,0.0019179382156210732,0.6553312465023236,0.002271662066417257,0.9234257409398081
2946,1523.1,9.167878707749137,0.006019223102717575,1508.7573064249566,0.8735431842934183,0.001907677854132339,0.6555400167902441,0.00226750035816434,0.9237199141058717
2947,1510.3,2.8635642126552705,0.001896023447431153,1509.8831462662044,0.8741950133578216,0.0019074000410632319,0.6557586955076729,0.002270630331205764,0.9240280388580253
2948,1516.5,10.222524150130436,0.006740866567840709,1510.9827867731028,0.8748316736753179,0.0018983496483310266,0.6559875785568674,0.0022696208678284493,0.9243505435927393
2949,1521.5,8.200609733428363,0.005389819082108684,1512.0571283778277,0.8754536896118651,0.0018820339983380426,0.656224780463526,0.0022644167418384045,0.9246847776572291
2950,1508.7,5.239274758971894,0.0034727081321481367,1513.1107731149793,0.876063726807395,0.0018618919655704325,0.65645229799316,0.0022562955264749007,0.9250053696118019
2951,1514.5,8.426149773176359,0.005563651220321135,1514.1505028110273,0.8766657279053087,0.0018468002297861985,0.6566844753805869,0.0022450411426329455,0.9253325485970734
2952,1519.5,9.205976319760984,0.006058556314419864,1515.1542736104266,0.8772469117738417,0.001839270098813207,0.6569005123269858,0.00223662669517039,0.9256369886704465
2953,1518.5,6.2048368229954285,0.0040861618854102265,1516.1433572211142,0.8778195908381508,0.0018323927298712725,0.6571210275867472,0.002228848747465846,0.9259477364501774
2954,1515.3,7.395944834840239,0.0048808452681582785,1517.1066986855276,0.8783773468892789,0.0018281684245102406,0.6573416748660653,0.0022274577704487256,0.9262586489161346
2955,1504.3,10.097029266076236,0.006712111457871592,1518.0355526912394,0.8789151474752236,0.0018311500599409447,0.6575589268630884,0.002226056338548159,0.9265647893383333
2956,1523.5,13.06713434537198,0.008577049127254335,1518.944748306905,0.8794415658147736,0.0018324226178431772,0.6577589976263896,0.0022239272877984423,0.9268467195727897
2957,1541.9,12.239281024635394,0.00793779170156002,1519.8347406290038,0.8799568854621997,0.0018263474026429835,0.6579616701351801,0.0022129980489066195,0.9271323383592225
2958,1525.9,9.723682430026189,0.006372424424946712,1520.6985623762016,0.8804570542295881,0.0018097819881762588,0.6581555826538535,0.002196772839687357,0.9274056145415972
2959,1509.9,6.599242380758567,0.004370648639485109,1521.5645457881005,0.8809584578062175,0.0017771913138515,0.6583616274874571,0.0021779144511600776,0.9276959709977961
2960,1520.3,7.102816342831906,0.00467198338672098,1522.5115105769491,0.8815067614255288,0.0017792148504015138,0.6585967636983217,0.0021712183838938273,0.9280273294473085
2961,1516.7,12.706297651164952,0.008377594548140669,1523.4575632555436,0.8820545372258367,0.0017792253373112908,0.6587955683315331,0.0021633694921595176,0.9283074954876996
2962,1517.5,4.387482193696061,0.002891256799799711,1524.4092787566246,0.8826055643635842,0.0017795007001278416,0.6590046662390938,0.002163387462689605,0.9286021342245376
2963,1510.5,1.4142135623730951,0.0009362552547984741,1525.3702731014712,0.8831619482674842,0.0017823464831527947,0.6592109756912661,0.002168956390394317,0.9288928248880352
2964,1525.3,6.924593850905626,0.004539824199112061,1526.3694267021979,0.8837404545695844,0.0017749943832802114,0.6594410031269898,0.002161757415139596,0.9292169727491408
2965,1527.3,6.099180272790763,0.003993439581477616,1527.3901437885345,0.8843314349748896,0.0017898432005208872,0.6596781986081469,0.002167788568856426,0.9295512049542067
2966,1527.3,7.758865896508329,0.005080119096777535,1528.392345890763,0.8849116889011077,0.0018020507727212417,0.6599099375122486,0.0021744921898741113,0.929877741050586
2967,1528.5,13.811227316933133,0.009035804590731522,1529.3808058571753,0.8854839771737195,0.001816213368699219,0.6601413610798357,0.0021846981754875413,0.9302038223194146
2968,1530.1,4.39317652729776,0.0028711695492436833,1530.3528689292598,0.886046790724834,0.0018300686982864367,0.6603716653369075,0.0021895171200619276,0.9305283477920219
2969,1544.7,12.467958934805647,0.00807144360381022,1531.3293318483088,0.886612120967546,0.0018386313121150778,0.6606101645471613,0.0022004987072544234,0.9308643895261861
2970,1545.5,4.795831523312719,0.0031030938358542343,1532.2926482135676,0.8871698392257267,0.0018472959961549767,0.6608496267576133,0.002211601072964821,0.9312017878416852
2971,1536.3,10.437911668528336,0.0067941884192724965,1533.251439758987,0.8877249531358803,0.0018510279020355893,0.6610882582260116,0.0022161207147380724,0.9315380336766307
2972,1535.7,16.39207125411551,0.010674006156225506,1534.206781216429,0.8882780584423153,0.0018522036456055649,0.6613176991544114,0.002222474374348297,0.9318613184159806
2973,1526.7,13.998214171814917,0.009168935725299612,1535.174263344175,0.8888381857046795,0.0018648493610468944,0.6615586826892709,0.0022361332568599066,0.9322008616589861
2974,1529.7,5.215361924162119,0.0034094017939217615,1536.1559169078628,0.8894065396583732,0.001878441216182303,0.6618041803140787,0.0022442756658083303,0.9325467874219548
2975,1522.3,12.725957724273643,0.008359691075526272,1537.158643129246,0.8899870824625202,0.0019036910812043994,0.662062762277839,0.002261107223840379,0.9329111363729432
2976,1518.5,4.949747468305833,0.003259629547781253,1538.194272773788,0.8905866527854647,0.0019371830051334257,0.6623420032033256,0.0022880250528714147,0.9333045633689947
2977,1520.1,6.107372593840989,0.0040177439601611666,1539.2422722927208,0.8911934456300908,0.0019569210496193186,0.6626216496295612,0.0022922848228914437,0.9336986308426141
2978,1529.7,6.648308055437865,0.0043461515692213275,1540.2857130033756,0.8917975966684791,0.0019618785222474894,0.6628822408399084,0.002290163704047455,0.9340658465260407
2979,1539.1,7.940403012442126,0.005159120922904377,1541.3172840797372,0.8923948828535291,0.0019669187700747017,0.6631399091142898,0.0022860768215755907,0.9344289510614943
2980,1545.9,8.605230967266365,0.005566486168100372,1542.2866066378638,0.8929560994144261,0.001963149692833421,0.663376008343016,0.002285501009463902,0.9347616313788587
2981,1548.1,13.939153489362258,0.00900403946086316,1543.2370056534194,0.8935063467477949,0.0019569000622996053,0.6636204365735082,0.002287247401642636,0.9351060358428847
2982,1550.9,10.502380682492898,0.00677179746114701,1544.138717537782,0.8940284322548246,0.0019144132922593086,0.6638489748435005,0.002264706501108854,0.9354280878139889
2983,1550.7,6.88839603971781,0.004442120358365776,1545.0183869609982,0.8945377367390425,0.0018641905762083564,0.6640784881563105,0.0022440071988264346,0.9357514933907327
2984,1544.5,12.649110640673518,0.008189777041549703,1545.872501261503,0.8950322409882594,0.001831542215048804,0.6643015308055376,0.0022328591279508385,0.9360657764184598
2985,1549.7,5.239274758971894,0.0033808316183596143,1546.714298674721,0.8955196157720641,0.0018087799150841041,0.6645240903795921,0.0022258614258133173,0.9363793783837394
2986,1552.7,4.522167621838006,0.002912454190660144,1547.5370008601778,0.8959959463321996,0.0017840099479528757,0.6647287057016428,0.0022148397287402037,0.9366677048866029
2987,1550.9,9.6591925128346,0.006228120776861564,1548.343686124621,0.8964630164705565,0.0017564807491190113,0.664924648402852,0.002199045196030082,0.9369438272713724
2988,1553.3,16.619265928433784,0.010699327836498927,1549.138156292794,0.8969230266723629,0.0017325226402813549,0.6651017257047173,0.0021813571126255687,0.9371933812799238
2989,1538.1,9.762171889492624,0.006346903250434058,1549.9403669357073,0.8973874995455151,0.0016913966274879338,0.6652852285781272,0.002161653705626065,0.9374519739883533
2990,1541.5,10.688779163215974,0.006934011782819315,1550.7392681504887,0.8978500579287483,0.0016504135360690486,0.665461876016173,0.002141795437514811,0.9377009026938253
2991,1557.1,6.045659600076736,0.003882640549789183,1551.5379173279248,0.8983124922192947,0.0016143154802632379,0.6656414641792632,0.002117932680785176,0.9379539977823244
2992,1562.7,10.674736530706507,0.006830957017153969,1552.3697245803605,0.8987941036105616,0.0015735843213582278,0.6658268464648645,0.002098337795692249,0.9382152363322452
2993,1548.7,4.177319714841085,0.0026973072349977946,1553.2092365761007,0.8992801686586536,0.0015385055636929833,0.6660183155124229,0.002083458238746835,0.9384850441601778
2994,1555.1,8.188406438373708,0.00526551761196946,1554.0521470671115,0.8997682308817179,0.0014988561231841161,0.6662142645525743,0.002058235027683109,0.9387611980177948
2995,1556.7,6.51536645170477,0.004185370624850498,1554.9140312990035,0.9002672509305331,0.0014450523712718354,0.6664216098543793,0.002035966069079483,0.939053382514499
2996,1559.3,3.4928498393145966,0.0022400114405916735,1555.8617168170526,0.9008159619229203,0.001411602635973623,0.666666477626118,0.002017952113578815,0.9393984469882197
2997,1560.9,9.071934744033381,0.00581198971364814,1556.874659265911,0.9014024469781143,0.001403342785837685,0.6669320436694992,0.0020123073458160248,0.9397726630689242
2998,1556.3,5.911852501542981,0.003798658678624289,1557.9174562878266,0.9020062030390955,0.0013919845450165115,0.6671826277486591,0.002009806994407388,0.9401257565727382
2999,1561.7,8.393449827097319,0.0053745596638901955,1559.025694301019,0.902647865884647,0.0014017232079668756,0.667463852204474,0.002010025259855054,0.9405220412618265
3000,1564.7,3.898717737923586,0.0024916710793913117,1560.1189592740159,0.9032808582416345,0.001417397430376934,0.6677414779303431,0.0020129540316329813,0.9409132461666958
3001,1562.7,4.522167621838006,0.002893816869417038,1561.1993980560446,0.9039064192205519,0.001436262996226519,0.6680166320936156,0.0020187733798188116,0.9413009641093228
3002,1560.7,12.235195135346228,0.007839556055197172,1562.2838520056318,0.9045343270112098,0.0014329031325057053,0.6682967267084049,0.0020092672296048286,0.9416956766362571
3003,1562.3,11.977061409210524,0.007666300588370047,1563.3704897559805,0.9051634610968723,0.0014396258692062468,0.6685694384409347,0.002015274556674754,0.9420799444415048
3004,1564.9,7.021395872616783,0.004486801631169265,1564.423903371749,0.9057733413640937,0.001434310806793335,0.668839051535016,0.002021961694610693,0.9424598260477509
3005,1563.7,7.19027120489902,0.004598242121186301,1565.4630050660294,0.9063749372783703,0.0014289882503012033,0.6691050561168576,0.0020280281948502525,0.942834625562158
3006,1567.9,7.553145040312677,0.004817364015761641,1566.429464751819,0.9069344448412806,0.001410407353791548,0.6693427329266022,0.0020380405293702873,0.9431694793783446
3007,1563.7,8.34865258589672,0.0053390372743472025,1567.39940067054,0.9074959627995736,0.0014081885325717821,0.6695848239961435,0.0020548809122165257,0.9435105449886064
3008,1565.5,11.01135777277262,0.007033764147411446,1568.3697048844963,0.908057685347248,0.0013975955524286124,0.6698302013220717,0.0020710814832468304,0.9438562337884798
3009,1570.1,6.2289646009589745,0.003967240685917441,1569.354237181792,0.9086276489188025,0.00139398806626685,0.6700849833383374,0.0020887961261793937,0.944215178854271
3010,1569.3,9.78263768111648,0.006233758797627273,1570.3533785815405,0.9092060554740848,0.0014013017419139571,0.6703465911652089,0.002114811032239247,0.9445837272134734
3011,1567.1,7.877182237323193,0.005026598326413881,1571.4043954023318,0.9098145669351207,0.0013767302559660375,0.6706118710237888,0.00210893422130458,0.9449575341692678
3012,1571.1,8.203657720797473,0.005221601248041164,1572.4679563971997,0.9104303285443709,0.0013459540206082596,0.6708823921906838,0.0021047514426998162,0.9453387137309383
3013,1573.5,9.810708435174291,0.006234959285144131,1573.5193211201633,0.9110390346396728,0.001322542152757365,0.6711538366885533,0.0021016043853244225,0.9457211975056022
3014,1576.1,8.003124389886741,0.005077802417287444,1574.543896852941,0.9116322299340756,0.0013002000991537191,0.6714172213587196,0.002099081293082014,0.9460923233305989
3015,1571.9,4.068169121361598,0.0025880584778685653,1575.551073991097,0.9122153399286761,0.001273312363607187,0.6716794810406214,0.0020986699008154817,0.9464618521633266
3016,1573.1,12.25969004502153,0.007793331666786302,1576.5092352688532,0.9127700788968525,0.0012495830746692541,0.6719214375416683,0.0020970083947767122,0.9468027795952733
3017,1564.1,8.734987120768983,0.005584673052086812,1577.442318307838,0.9133102778507464,0.0012329165958822504,0.6721672322635955,0.0021036628169820142,0.947149091680002
3018,1563.7,5.718391382198319,0.0036569619378386637,1578.291490515056,0.9138019039131191,0.0012188959170802917,0.6723822212540129,0.002108214600498638,0.9474520006057044
3019,1570.3,8.273451516749223,0.005268707582467823,1579.0936643807352,0.9142663345522817,0.0012189641131006316,0.6725778747406898,0.002112519725588913,0.9477276785832072
3020,1576.3,6.016643582596529,0.0038169406728392626,1579.8948867444308,0.9147302233511019,0.0012077165578639488,0.6727789244844199,0.0021106933740026395,0.9480109730754664
3021,1579.3,17.81010948871455,0.011277217430959633,1580.6956968893696,0.9151938961999564,0.0011789486929315504,0.6729853972309467,0.002096943053788601,0.9483019424244302
3022,1586.7,8.228000972289685,0.00518560595720028,1581.403473879894,0.915603702112233,0.0011609697803041143,0.6731486522619792,0.002087147039341085,0.948532006054271
3023,1584.5,8.336666000266533,0.0052613859263278846,1582.1040116815739,0.9160093045729196,0.0011657658100383066,0.6733187855679008,0.0020878060297417644,0.9487717446089488
3024,1584.9,7.536577472566709,0.004755238483542626,1582.7951965621219,0.9164094924744495,0.0011666259475241493,0.6734890055458893,0.002087111410429963,0.9490116076139611
3025,1583.1,8.369587803470372,0.00528683456728594,1583.4676930303747,0.9167988860542307,0.0011469065751744262,0.6736525810299852,0.0020725446831613707,0.9492421416623994
3026,1593.3,7.981227975693966,0.005009243692772213,1584.1261273485884,0.9171801510182063,0.0011266030952029348,0.6738116642734585,0.00205386415031335,0.9494663578218351
3027,1582.3,4.631414470763764,0.0029270141381304206,1584.7500759510972,0.9175414380958081,0.0011148785058259368,0.6739577529696699,0.0020410404223864826,0.9496722497552215
3028,1584.7,8.212794895770866,0.00518255499196748,1585.382029963868,0.9179073431460317,0.0011134217459261575,0.6741146109869137,0.0020363811809908563,0.9498932986368815
3029,1583.9,13.694889557787606,0.00864630946258451,1586.0133355818084,0.9182728736347728,0.0011079834202693346,0.6742728575658049,0.002030281235142835,0.9501163073553078
3030,1587.1,8.87693640846886,0.005593180271229828,1586.649581375739,0.9186412557558636,0.0011005597528098317,0.6744350536430225,0.0020262326097743115,0.9503448725124682
3031,1592.5,8.0,0.005023547880690738,1587.2931233545112,0.919013854974032,0.0011048929562794331,0.6746023848957721,0.0020278563652186706,0.9505806604398952
3032,1589.1,6.1278054799414114,0.003856148436184892,1587.9626220424702,0.9194014891480775,0.0011056700866868732,0.6747829649044675,0.0020264968970214532,0.9508351231249119
3033,1590.3,1.2041594578792296,0.000757190126315305,1588.5869124466624,0.9197629233459258,0.001111222001128392,0.674946738275772,0.002034142162920599,0.9510658721222102
3034,1593.9,8.45872330792301,0.005306934756209932,1589.2049156868939,0.9201207194471477,0.0011192841950217124,0.6750986554349849,0.0020418525358965756,0.951279919726675
3035,1593.7,10.401922899156675,0.0065269014865763164,1589.817457246475,0.9204753757493549,0.0011162661050089701,0.6752502651130836,0.0020395259068300402,0.9514935617723937
3036,1586.7,8.028075734570521,0.005059605303189337,1590.4197808355843,0.9208240952880402,0.0011304988004985008,0.6753908896355041,0.002048532764834551,0.9516916994421303
3037,1585.9,11.907980517283358,0.007508657870788421,1591.0090467637433,0.921165257699359,0.0011303566017621502,0.6755277605461607,0.0020523635751048515,0.9518845541360905
3038,1596.7,3.7013511046643495,0.002318125574412444,1591.600045753677,0.9215074736786087,0.001121475942401729,0.675681108767362,0.002038549722868491,0.9521006810195433
3039,1598.3,7.13792686989717,0.004465949364885922,1592.1838538357788,0.92184553150554,0.001119211278755206,0.6758326029266801,0.002025014378260991,0.9523142010033752
3040,1598.1,5.594640292279745,0.0035008073914521904,1592.7824782626599,0.9221921450917578,0.0011100996549466586,0.6759917647553417,0.0020163152202164634,0.95253850298558
3041,1595.7,3.5637059362410923,0.0022333182529555005,1593.3797182271373,0.922537958070065,0.0011003531110054757,0.6761518972451374,0.0020071217694354183,0.9527641742970949
3042,1599.7,7.463243262818116,0.004665401802099216,1594.0251654757733,0.9229116647042517,0.0010681604455844282,0.6763342226376634,0.001996838764281617,0.9530211015763804
3043,1603.1,11.271645842555559,0.0070311557872594094,1594.699878861728,0.9233023287011071,0.0010480940178730915,0.6765220377496901,0.0019862378768284246,0.9532857752689192
3044,1599.3,8.700574693662482,0.0054402392882276504,1595.4208557417458,0.9237197511932205,0.0010371035037188409,0.6767309915581302,0.001986760281455185,0.9535802069466079
3045,1608.9,14.99333185119305,0.009318995494557182,1596.145456137929,0.9241392435824795,0.001028045394655295,0.6769431649931593,0.001996537014183728,0.953879143957062
3046,1600.1,7.63544366752843,0.004771854051327061,1596.8683513602875,0.9245577802229701,0.0010206882158156605,0.6771564713632673,0.0019970376687843496,0.9541797102247547
3047,1599.9,3.0083217912982647,0.0018803186394763826,1597.5774500653283,0.9249683097631491,0.0010205852819145011,0.6773659580374106,0.002005434772839471,0.9544748727287888
3048,1597.5,8.703447592764606,0.005448167507207891,1598.2415151348866,0.925352774371847,0.0010204809229129178,0.6775585585639607,0.002011065195676002,0.9547462460543479
3049,1601.1,8.080841540334768,0.005047056111632483,1598.8724777310458,0.9257180468141328,0.001034997614612242,0.6777395117248044,0.002028706986605985,0.9550011766965391
3050,1593.1,8.034301463101817,0.005043187159062092,1599.4556056957742,0.9260556459175883,0.0010399148757680853,0.6779027527248871,0.0020369087732992476,0.9552311699454087
3051,1584.7,10.305338422390601,0.0065030216586045315,1600.0107787797199,0.9263770723365322,0.0010500844126326194,0.678059648696901,0.002042679637481592,0.9554522344727555
3052,1587.1,6.288879073412049,0.00396249705337537,1600.5419600348343,0.9266846132490297,0.0010501070033054293,0.678209109702942,0.0020440327995427535,0.9556628270923178
3053,1592.1,6.767569726275452,0.00425071900400443,1601.0686065350276,0.926989534230327,0.0010481552133542545,0.6783595591966938,0.0020431549699714588,0.9558748193650827
3054,1594.5,10.246950765959598,0.006426435099378864,1601.6007030377912,0.9272976293292483,0.0010501405899815638,0.6785154042024522,0.0020377311562305663,0.9560944364773336
3055,1601.5,5.123475382979799,0.0031991728897782074,1602.1654652189425,0.9276246354322654,0.0010537125142615904,0.678670639196994,0.002033269907331046,0.9563131897903785
3056,1603.5,8.231038816577165,0.00513317045000135,1602.770663881367,0.9279750036464758,0.0010455444867708114,0.6788334748129563,0.002040741335927728,0.9565426065430331
3057,1609.9,8.218880702382776,0.005105211940109805,1603.4182145786094,0.9283499044446831,0.0010569767385672213,0.6790070580590315,0.0020501095633392525,0.9567871750886583
3058,1619.9,11.360017605620161,0.007012789434915834,1604.0792733271899,0.9287326226277102,0.0010579314118024246,0.6791875987658954,0.0020576552578398803,0.9570415466174225
3059,1615.1,8.891006692158093,0.005504926439327654,1604.7775591769314,0.9291369177798181,0.0010505562759211605,0.6793852792812103,0.002056006843589472,0.9573200975192749
3060,1616.7,12.547908192204787,0.007761432666669627,1605.5165567271492,0.9295647629644943,0.0010540477124070166,0.6795898973881316,0.0020637313726999556,0.957608400953131
3061,1619.3,7.981227975693966,0.004928813669915375,1606.239503890814,0.9299833217380208,0.0010607568911437854,0.67978860905683,0.0020703688602366392,0.9578883880453251
3062,1627.7,9.391485505499118,0.005769788969404139,1606.9495218523966,0.9303943986842282,0.0010697629187352122,0.6799828715541981,0.00207644662153928,0.9581621097658356
3063,1626.1,10.237187113655782,0.00629554585428681,1607.6562816299554,0.9308035916542465,0.0010742203563471225,0.6801769124867969,0.0020805347273967034,0.9584355229222432
3064,1619.1,7.368853370776216,0.0045512033665469805,1608.3534251195572,0.9312072259127916,0.0010856470240236304,0.680368176322545,0.002083881777956367,0.9587050298086753
3065,1623.9,11.227199116431489,0.006913725670565606,1609.0200869058324,0.9315932269462059,0.0011049801326150994,0.6805479732294273,0.0020849711893342476,0.958958393393772
3066,1635.9,7.283543093852058,0.004452315602330251,1609.6701590223279,0.9319696186787626,0.0011215922298601117,0.6807223173938757,0.0020866141972127167,0.9592040713296074
3067,1633.9,10.66770828247567,0.006528984810867048,1610.2944645905923,0.9323311075133471,0.0011508617004985806,0.6808874651588257,0.00208740418480693,0.9594368030039819
3068,1629.3,11.755849607748475,0.007215276258361551,1610.90692510082,0.9326857516431388,0.001155896108127714,0.6810545235744163,0.0020771935093548428,0.9596722470217776
3069,1633.7,6.496152707564686,0.003976343702983832,1611.4924977929397,0.933024817671923,0.0011672565638002313,0.6812110658087993,0.0020719498717591475,0.9598928587581697
3070,1628.1,13.334166640626627,0.008190016977229058,1612.0613659517862,0.9333542125444856,0.0011907661283634798,0.6813678249672244,0.0020702944630433128,0.9601137747816777
3071,1612.7,11.681181447096865,0.007243245146088463,1612.6451022224178,0.9336922020315557,0.0012178532857445674,0.6815115035684183,0.002073966770728084,0.9603162422920899
3072,1607.5,8.930285549745875,0.005555387589266486,1613.2125564622136,0.9340207681737468,0.0012437466378351872,0.6816484471685724,0.0020763361142958608,0.9605092229829195
3073,1601.5,11.800423721205947,0.007368356991074585,1613.7534397607308,0.9343339567034323,0.0012454552334927864,0.6817744526694354,0.0020691057261010525,0.9606868068633885
3074,1602.5,6.244997998398398,0.003897034632385896,1614.2996395482592,0.9346502012136,0.001267211202455801,0.6819031354660916,0.002074973227049334,0.9608681338306789
3075,1601.3,8.378544026261364,0.005232338741186139,1614.8415039797067,0.934963936159356,0.0012923978372293729,0.6820276012365152,0.0020819092405112032,0.9610435192773025
3076,1597.3,9.934787365615835,0.006219737911235106,1615.396413173928,0.9352852445471121,0.0013117884673780947,0.6821580960935343,0.002080886597264213,0.961227424048294
3077,1604.3,11.355615351005863,0.007078236832890272,1615.9914984456918,0.9356298231568634,0.0013116981746895693,0.6823062111098123,0.0020707224939277413,0.9614361713000104
3078,1603.7,8.87130204648675,0.005531771557327898,1616.6018528928175,0.9359832341287924,0.0013236627918745462,0.6824615621958163,0.002067080457064355,0.9616551049063305
3079,1607.9,6.465291950097845,0.004020954008394704,1617.2208011859443,0.9363416157669416,0.0013470471215046337,0.6826214671498491,0.002068919664946163,0.9618804465519603
3080,1614.5,9.273618495495704,0.0057439569498270076,1617.8587099731758,0.9367109544949308,0.0013483834266441804,0.6827904378202933,0.0020694152506690057,0.962118546372594
3081,1619.3,6.496152707564686,0.004011704259596546,1618.5176197809324,0.9370924414399529,0.001373266506383333,0.6829694702221762,0.0020814213081573837,0.9623708053190155
3082,1619.5,14.585952145814822,0.009006453933815883,1619.2106504951512,0.937493659863571,0.0014040944648781967,0.6831642345544158,0.002102720522691807,0.9626452096293352
3083,1622.5,6.041522986797286,0.0037235888978719794,1619.8870896222932,0.937885276030541,0.0014310241616529225,0.6833534702453155,0.0021214737057614055,0.9629118271058708
3084,1618.1,10.21273714534943,0.006311561179994703,1620.5503424553167,0.9382692786323974,0.0014477937891397299,0.6835387554237436,0.0021304385394901627,0.9631728990310483
3085,1613.1,9.343446901438464,0.0057922304267797806,1621.1956474754093,0.9386428970890336,0.001451764667017939,0.6837182231857919,0.002132657793270645,0.9634257864944022
3086,1597.9,5.412947441089743,0.0033875382946928737,1621.838240566693,0.9390149703073485,0.0014474569767099412,0.6839012113930139,0.0021246450763575953,0.9636836617112257
3087,1593.1,9.672124895802371,0.006071260370223069,1622.4361787757111,0.9393611750857789,0.0014462850854396498,0.6840810752475914,0.0021218481712626234,0.9639371185974455
3088,1586.7,11.519548602267365,0.007260067184891514,1623.0265928158992,0.9397030268675313,0.0014357252413808713,0.6842588263623405,0.0021146691523639856,0.9641876045125375
3089,1585.1,7.453187237685634,0.004702029674901037,1623.5975891739072,0.9400336193044527,0.0014386694901928436,0.6844296059096941,0.002117283355708341,0.9644282439847481
3090,1593.5,5.267826876426369,0.003305821698416297,1624.1379166307267,0.9403464530440404,0.0014347974373189489,0.6845888278762005,0.0021179854946297197,0.9646525959141282
3091,1597.3,11.713240371477058,0.007333149922667663,1624.662071168314,0.9406499403395889,0.0014285830575148904,0.6847483061080943,0.0021127513316988892,0.9648773278152524
3092,1604.3,10.533280590585253,0.00656565517084414,1625.185667075409,0.9409531075710346,0.0014247137360324004,0.6849088572931697,0.002107360927819217,0.9651035748672208
3093,1606.9,4.722287581247038,0.0029387563515134965,1625.7103394573624,0.9412568945683584,0.0014211225823686946,0.6850713296215123,0.002103101034087402,0.9653325257821139
3094,1619.1,8.188406438373708,0.005057381531945963,1626.2361981229762,0.9415613421885644,0.0014224540937241965,0.6852359284604641,0.002108340474466351,0.9655644438097941
3095,1617.7,6.037383539249433,0.003732078592600255,1626.7579839278355,0.9418634482469705,0.0014349142411323268,0.6854005971936552,0.002112678313596307,0.9657964770114861
3096,1624.9,3.714835124201342,0.0022861930729283905,1627.2911000837605,0.9421721074396074,0.0014812182465418794,0.6855601234396383,0.002131416881779039,0.9660212509152485
3097,1634.1,12.381437719424994,0.007576915561731225,1627.8737572650384,0.9425094639567091,0.0014909575953523386,0.6857299860145714,0.0021328355378977524,0.9662606116002366
3098,1635.5,10.476163419878482,0.006405480537987455,1628.4819993742738,0.9428616398913487,0.0015023905544103288,0.6858905635546901,0.002133069930275263,0.966486895006242
3099,1636.1,8.18840643837371,0.005004832490907469,1629.0943394434182,0.9432161973208707,0.0015290735186810748,0.6860523512365031,0.0021365397156466156,0.9667148952439086
3100,1633.7,6.300793600809346,0.00385676293126605,1629.7206994820779,0.9435788683014961,0.0015652219240529326,0.6862196469072602,0.0021449186788208285,0.9669506493360652
3101,1645.5,11.05667219374799,0.006719338920539648,1630.3852022181475,0.9439636028734082,0.001588780015628268,0.6864027246971268,0.0021545408011540974,0.9672086222452385
3102,1646.5,4.153311931459037,0.002522509524117241,1631.0408437324975,0.9443431915640715,0.001616132904258106,0.6865819124934472,0.002170146945572703,0.9674610960177399
3103,1640.5,9.096702699330127,0.005545079365638602,1631.7181168836357,0.9447353010947748,0.0016286874569904964,0.6867701668418286,0.0021809523336630086,0.967726341669431
3104,1648.7,7.014271166700073,0.004254425405895598,1632.397119261955,0.9451284046913205,0.0016344299731145245,0.6869592293513201,0.002191079169717088,0.9679927193366721
3105,1638.3,10.52140675005011,0.006422149026460423,1633.0833287579758,0.945525701197625,0.0016373923535821522,0.6871515256689125,0.002194391684670612,0.9682636760180083
3106,1640.3,6.648308055437865,0.004053104953629132,1633.7693038209202,0.9459228496743863,0.0016409973935405274,0.6873440448743999,0.00220144049152371,0.9685349347858268
3107,1636.9,8.763560920082657,0.005353754609372996,1634.4629775266797,0.9463244462739402,0.0016349761437903674,0.6875402452383177,0.0022072973016733347,0.9688113703175316
3108,1645.3,9.243916918709298,0.005618377754032272,1635.1495706563087,0.946721926033503,0.0016278703829229945,0.6877340306025435,0.002217579553736908,0.969084384325573
3109,1635.1,6.248999919987198,0.0038217845513957545,1635.8350962003635,0.9471187878960283,0.0016217032651978452,0.687925081936789,0.002228121921095148,0.9693535461552376
3110,1643.1,7.684399781375251,0.004676769387971061,1636.5125091398493,0.9475109802602051,0.0016164566969553336,0.6881161153257945,0.0022313292679946306,0.9696227146617769
3111,1642.7,9.324698386543128,0.0056764463301534835,1637.1900005141936,0.9479032187845515,0.0016112035311748743,0.688307727296662,0.0022343313272324885,0.969892699414476
3112,1647.9,3.8794329482541645,0.002354167697223232,1637.8853705044937,0.9483058130365827,0.0016175358701343162,0.6885075217331134,0.002240549036919903,0.9701742144402614
3113,1654.9,5.9833101206606365,0.0036155115841806974,1638.595821252196,0.948717160585586,0.001616476630195638,0.6887144410923479,0.0022379080167200887,0.9704657935895732
3114,1654.7,12.163469899662678,0.007350861122658293,1639.3003494708792,0.9491250814044934,0.0016068184006209887,0.6889078877686804,0.0022313125917267852,0.9707383945376169
3115,1648.3,3.52845575287547,0.002140663564202797,1640.0124062158852,0.9495373746035733,0.0015943563585393572,0.6890958321201803,0.0022198610149269738,0.9710032572260893
3116,1645.3,8.273451516749223,0.005028536751199917,1640.7347858597736,0.9499556407674049,0.0015910592789183569,0.6892878948007363,0.00221293180344398,0.9712739157494396
3117,1650.3,11.681181447096865,0.007078216958793471,1641.4626041767528,0.9503770529087955,0.0015916665200270252,0.6894821255870294,0.0022082905244870383,0.971547626083242
3118,1648.9,10.632497354808041,0.006448236615202887,1642.183821241738,0.950794655356139,0.0015811256188100278,0.6896735704276761,0.002195918390699148,0.9718174277861509
3119,1641.1,10.418733128360666,0.0063486278278963295,1642.9221691770276,0.9512221627017974,0.0015670943676749395,0.6898722994723752,0.00218606882346509,0.972097479190482
3120,1639.7,10.341663309158735,0.006307045989607084,1643.6430308449533,0.9516395488569438,0.0015566819562424622,0.6900638792569065,0.0021766914067502773,0.9723674578098276
3121,1643.9,8.947066558375433,0.005442585655073564,1644.3708775727816,0.9520609604426727,0.0015423338210336637,0.6902586893233048,0.0021712481223307863,0.9726419707184857
3122,1642.5,9.340770846134703,0.005686922889579728,1645.0944121263874,0.952479876678983,0.0015287208587211635,0.690452090476564,0.0021657338306932884,0.9729144995060206
3123,1642.5,8.616843969807043,0.005246175932911441,1645.812604394628,0.9528957005216718,0.0015159148176155741,0.6906437550652453,0.0021603471521146737,0.9731845817865015
3124,1642.5,7.566372975210778,0.004606619771817825,1646.5128932963567,0.9533011657222886,0.0015071633448938762,0.6908374456314686,0.0021544344345632883,0.9734575245202823
3125,1654.9,4.560701700396551,0.0027558775154973418,1647.2024519608374,0.9537004194124332,0.0014950645770957446,0.69102793271744,0.0021469743983522477,0.9737259556178163
3126,1651.3,4.711687595755898,0.0028533201694155505,1647.8576486623901,0.9540797886578879,0.0014624850403607466,0.691217324734575,0.002129046523865332,0.9739928579177617
3127,1649.9,9.672124895802371,0.005862249164071987,1648.5007418194716,0.9544521515396956,0.0014274057639565017,0.6914039438443831,0.0021099365426170587,0.9742558543568226
3128,1655.1,7.1449282711585,0.004316916362249109,1649.142588733801,0.9548237900730003,0.0013998798103376795,0.6915924674448581,0.0020944463221979795,0.9745215283069655
3129,1653.9,8.264381404557755,0.004996905136077002,1649.7788123916714,0.9551921771995329,0.0013836642026614375,0.6917811828770579,0.002081654472329527,0.9747874772921886
3130,1661.3,8.043631020876083,0.004841769109056812,1650.426970697618,0.9555674562863581,0.001372962231316405,0.6919775750979402,0.0020762021094425614,0.9750642258739471
3131,1649.9,8.61974477580398,0.005224404373479592,1651.0907154043543,0.9559517876435587,0.0013640522940066423,0.6921594623172199,0.0020628789116282882,0.9753205657772053
3132,1647.3,8.526429498916883,0.005176002852496135,1651.7550290252645,0.9563364583194689,0.001343258498700928,0.6923429485751319,0.0020423521167387618,0.9755791733235251
3133,1657.5,5.024937810560445,0.003031636688120932,1652.4504190600287,0.9567391068157163,0.0013636721448795248,0.6925260216800652,0.0020405672887804593,0.9758371739697311
3134,1650.5,9.9498743710662,0.006028400103645077,1653.1681982380142,0.9571547090599044,0.0014046494673869612,0.6927131050673756,0.002049032359257451,0.9761008108406694
3135,1649.9,7.127411872482185,0.004319905371526871,1653.9283960332973,0.957594897775853,0.0014352089307606542,0.6929182463105841,0.00204592237874048,0.9763899229119808
3136,1646.5,10.723805294763608,0.006513091585037114,1654.7043761422174,0.9580442269328173,0.0014624924873152924,0.6931303628175168,0.0020409798487980883,0.9766888682530828
3137,1650.3,5.426785420486055,0.003288362976723053,1655.5191393255918,0.9585160024492346,0.0014856396019640218,0.6933703299833509,0.0020372374921381006,0.9770270500577769
3138,1646.5,4.387482193696061,0.0026647325804409726,1656.3540433605424,0.9589994291947062,0.0015140522928070806,0.6936155233975647,0.0020387293019984458,0.9773725832340977
3139,1646.7,8.941476388158724,0.00542993647182773,1657.1999375135724,0.9594892083927986,0.00154837580602108,0.6938649887780806,0.0020460245741546674,0.9777241239346394
3140,1649.3,9.731392500562292,0.005900316801408047,1658.042042391436,0.959976789322508,0.0016006530758760275,0.6941126279264235,0.0020621709351569813,0.9780730835310223
3141,1648.1,7.684399781375251,0.004662581021403586,1658.9113510927377,0.96048011859561,0.0016644657652863154,0.6943798840833407,0.0020843677030856055,0.9784496822913074
3142,1656.7,6.24099351065197,0.0037671235049507876,1659.804755505483,0.9609973756975636,0.0017184334851793022,0.6946566017848517,0.002110012933571885,0.9788395912571352
3143,1653.5,10.965856099730654,0.006631905714986788,1660.703339930586,0.9615176300852643,0.0017819571280797335,0.6949349598134706,0.0021407476817722607,0.9792318045260119
3144,1664.3,11.486949116279744,0.006901970267547765,1661.5781829955063,0.9620241463764815,0.001833377453046139,0.6952029551229911,0.002164395929426788,0.9796094281563128
3145,1667.1,6.913754406977442,0.004147174378847965,1662.4330603800354,0.962519074050659,0.0018807915056764171,0.6954622700961588,0.002194823489189256,0.9799747871419733
3146,1663.9,9.800510190801294,0.005890083653345329,1663.2459517590855,0.9629896925441809,0.0019464290580556353,0.6957037963619299,0.0022335808382948617,0.9803150732487653
3147,1670.7,7.242237223399963,0.004334851992218808,1663.967785147759,0.9634075694162064,0.0019965908673332134,0.6959101054719745,0.0022711726955772765,0.9806057200382469
3148,1669.3,5.932958789676531,0.003554159701477584,1664.6447605950339,0.9637994946832853,0.0020203508833585154,0.6960978383020977,0.002290956458512979,0.9808702208371767
3149,1673.5,12.737739202856996,0.007611436631524945,1665.2915548316403,0.964173948468949,0.002036137311589995,0.6962732406348427,0.002306204972391426,0.9811173506098287
3150,1675.1,6.48459713474939,0.0038711701598408395,1665.8941278436002,0.9645227807587056,0.0020383588912438054,0.6964305498124526,0.0023200434348333923,0.9813389681011714
3151,1677.5,7.158910531638177,0.004267606874299956,1666.4629177418876,0.9648520666073281,0.0020314213402158046,0.6965770359487539,0.002326016353949334,0.9815453534167243
3152,1670.1,9.568176419778222,0.005729103897837389,1667.0168186124272,0.9651727304722995,0.0020203910225555194,0.6967177164550453,0.002330530553254206,0.9817435582639534
3153,1669.5,7.088723439378913,0.004246015836704949,1667.5659014910561,0.9654905636484763,0.0020275873499671533,0.6968569065019132,0.002354226185712196,0.9819396114663504
3154,1668.3,11.399561395071302,0.006833040457394535,1668.1165305821967,0.9658093197324036,0.0020301622654763426,0.6969973702510355,0.002368337956446468,0.9821374903533485
3155,1656.1,7.987490219086344,0.004823072410534596,1668.6935613696216,0.9661433874690353,0.00203346755917585,0.6971495958465475,0.002375997635577387,0.9823519743529217
3156,1665.7,7.014271166700073,0.004211005082968166,1669.2639105528967,0.9664735883862814,0.002035128896121885,0.6972998635230325,0.0023824511694171867,0.9825637017044823
3157,1660.3,5.563272418280449,0.0033507633670303255,1669.8501501156138,0.9668130256116975,0.0020499330250869623,0.6974547155457977,0.002385298898349092,0.9827819229930546
3158,1665.5,9.591663046625438,0.005759029148379128,1670.379861675779,0.9671197568818565,0.002033588564897497,0.6975868063894523,0.0023681864606876356,0.9829681002840577
3159,1660.5,11.958260743101398,0.007201602374647033,1670.8927594167678,0.967416760053507,0.0020107671566300753,0.6977128302491507,0.0023462978026615837,0.9831457397031101
3160,1661.5,9.5524865872714,0.005749314828330665,1671.3881382963523,0.9677036265523705,0.001985645330516525,0.6978325971594628,0.00232155618851025,0.9833145723133991
3161,1662.3,7.310950690573696,0.0043980934191022655,1671.8497262187782,0.9679709494357335,0.0019469021710345692,0.6979394185569844,0.002284945625655525,0.983465181855743
3162,1670.9,7.021395872616783,0.004202164026941638,1672.207841132818,0.9681783110435822,0.0019184567906471567,0.6980282470517055,0.0022671071042638965,0.9835903755690861
3163,1676.9,9.77496803063826,0.005829189594274112,1672.526485708743,0.9683628297029792,0.00189899304001945,0.6981267010387114,0.0022506141697474537,0.9837291415846401
3164,1675.1,2.247220505424423,0.0013415440901584522,1672.8217293317707,0.9685337902296796,0.0018812431861918062,0.6982184689310403,0.00223746109621545,0.9838584755403315
3165,1672.7,7.918333157931662,0.0047338633095783235,1673.096448295315,0.9686928669210326,0.0018641626393520146,0.6983048955783021,0.002224708105275515,0.9839802823642856
3166,1678.5,6.782329983125268,0.004040708956285534,1673.3669716911263,0.9688495329579213,0.0018526608629346997,0.6983817368529659,0.0022091048948942515,0.9840886032409338
3167,1681.5,3.905124837953327,0.0023224054938764953,1673.6441420054496,0.969010032087653,0.0018408144124028036,0.6984656195306499,0.0021976689208716422,0.9842068309244368
3168,1681.1,7.765307463326871,0.004619182358769181,1673.9633373683805,0.9691949027425697,0.0018492282149245017,0.6985594678706093,0.002183666825197646,0.9843391354143243
3169,1683.9,8.605230967266364,0.005110298098026227,1674.3463295536542,0.9694167119510165,0.0018738457529110205,0.6986687234367087,0.002176460601243606,0.9844931556174978
3170,1682.5,5.612486080160912,0.003335801533528031,1674.767051171783,0.9696603355226461,0.0018886272061995769,0.6987906318576234,0.0021736997439616127,0.9846649769221072
3171,1684.9,10.039920318408907,0.005958763320321032,1675.1827409322864,0.9699010420779205,0.0018970888283126942,0.6989100623578638,0.002169155316426393,0.9848333022629493
3172,1680.9,8.82043082847998,0.005247445314105526,1675.6100136041,0.9701484538715244,0.0018870370864328859,0.6990368506365641,0.0021564816290010123,0.9850119891959546
3173,1677.9,5.458937625582472,0.0032534344273094174,1676.1161065110616,0.9704415021096509,0.0018800368938397868,0.6991991464689649,0.0021449539852204853,0.9852407147700001
3174,1683.1,7.940403012442126,0.00471772503858483,1676.6527916273499,0.9707522612390742,0.0018746790658659904,0.6993559628647052,0.002134520019257716,0.9854617174269406
3175,1685.5,1.6583123951777,0.0009838697093905071,1677.1895149152697,0.9710630312823879,0.0018532946582188296,0.6995112583774861,0.0021200337340772936,0.9856805631657579
3176,1677.7,6.2008063991709985,0.003696016212177981,1677.7470128084224,0.9713858214917188,0.001845154689061879,0.6996765654002154,0.0021139433269592883,0.985913502741132
3177,1680.7,7.710382610480495,0.00458760195780359,1678.2854166939105,0.9716975528943192,0.0018260817719355288,0.6998353384301045,0.00210402266088487,0.9861372396263348
3178,1678.3,9.404786015641186,0.005603757382852402,1678.8111533497445,0.9720018878580552,0.001803553249009044,0.7000015598548636,0.0021112365846706416,0.9863714027757702
3179,1678.7,11.755849607748475,0.0070029484766476885,1679.3385392292043,0.97230723612697,0.001773233101863675,0.7001693087153072,0.0020977472414665703,0.9866077802273268
3180,1676.9,2.701851217221259,0.0016112178527170726,1679.8707059747417,0.9726153481385559,0.0017476737413866907,0.7003399824802112,0.002087767545877385,0.9868482715948181
3181,1682.1,10.358571330062848,0.006158118619620028,1680.4147674537264,0.9729303600183382,0.001717095606679714,0.7005166383939272,0.0020718216367574894,0.9870972076956017
3182,1681.3,8.899438184514796,0.005293188713801699,1680.9142474306143,0.9732195495569671,0.0016902850127877486,0.7006548354428885,0.0020606910298565143,0.987291943426278
3183,1680.5,9.300537618869138,0.005534387157910822,1681.4004851631848,0.9735010792124672,0.0016690636893658373,0.7007873545754166,0.0020498413566198983,0.987478684860364
3184,1684.9,5.029910535983716,0.0029852872787605885,1681.9098409602616,0.9737960003651531,0.0016671966604002693,0.700937845134427,0.0020452398723605075,0.9876907630782503
3185,1688.7,8.273451516749223,0.004899302135814071,1682.3877951002712,0.974072710819758,0.001663293367059877,0.7010746711414195,0.0020488641062367734,0.9878835525558157
3186,1685.9,9.463086177352503,0.00561307680013791,1682.8951652753294,0.9743664826244738,0.0016608005677000719,0.7012232587169933,0.00204390029015706,0.9880929434545223
3187,1684.3,8.090117428072352,0.004803252050152795,1683.42587748999,0.9746737992621723,0.0016404079834345265,0.7013839632531649,0.002022065004050514,0.9883194453227588
3188,1682.7,7.694153624668538,0.004572504679781624,1683.959165505405,0.9749825923327287,0.0016379324110531283,0.7015452152341384,0.0020123015995124425,0.9885466978053493
3189,1687.9,3.8144462245521304,0.002259876902987221,1684.4846149153568,0.9752868224619642,0.001633923284508043,0.7017027599296763,0.0020095245315677026,0.9887687000216598
3190,1685.7,7.886697661252142,0.0046785891091250765,1685.0077088393568,0.975589656639284,0.001623819074928997,0.7018589660028641,0.0020142536586527453,0.9889887822701032
3191,1688.5,16.889345754054535,0.01000257373648477,1685.5361171607724,0.9758955657180343,0.0016100823485215032,0.7020141101862254,0.0020181237755243944,0.9892073655988545
3192,1684.3,3.9937451095431715,0.002371160190906116,1686.0609594849193,0.9761994074931362,0.0015955401548870722,0.7021673838074272,0.0020225314880650954,0.9894233101868011
3193,1687.7,6.320601237224193,0.0037450976104901304,1686.563353229652,0.9764902573364391,0.0015882301772473552,0.7023140083814825,0.002028235301926088,0.9896298905419328
3194,1683.3,11.233877335986895,0.006673722649549632,1687.0505700035567,0.9767723235219572,0.0015731862585525087,0.7024542887078312,0.0020297228848730094,0.9898275339831528
3195,1684.7,6.438167441127949,0.0038215512798290196,1687.520002109036,0.9770441061702053,0.0015674990090011947,0.7025842216145691,0.0020307962230843076,0.9900106090144616
3196,1689.9,9.303225247192502,0.005505192761224038,1687.9622148784051,0.9773001335008061,0.0015690813196699567,0.7027057768425627,0.002033473241301098,0.9901818829928273
3197,1684.5,9.300537618869138,0.005521245247176692,1688.4058518505058,0.9775569894484664,0.001563338331316039,0.7028281544258458,0.0020319902163276273,0.990354322124191
3198,1681.1,8.87693640846886,0.005280433292765963,1688.8408672629557,0.9778088586363118,0.001558372511337766,0.7029472570703836,0.0020292783542743254,0.9905221516104763
3199,1686.3,8.80056816347672,0.005218862695532658,1689.2733813006166,0.9780593001546858,0.0015525488004958258,0.703065717151158,0.0020198289717083357,0.990689097906696
3200,1684.9,9.476286192385707,0.005624242502454571,1689.7033608465485,0.9783082753019887,0.001545110368200919,0.7031836054274304,0.0020093663417793278,0.9908552392913796
3201,1680.7,5.142956348249516,0.0030600085370676004,1690.1396514354983,0.9785608924095259,0.0015388861298344745,0.7033046872922893,0.0020031390204481862,0.9910258703456213
3202,1686.1,5.941380311005179,0.0035237413623184738,1690.5643385457752,0.9788067703801155,0.0015352339540760415,0.7034185873892802,0.0020044907568539127,0.9911863590274128
3203,1684.9,6.107372593840988,0.0036247685879523934,1690.9811706664186,0.9790481154622526,0.0015583224572493003,0.703529760289895,0.002011759211783187,0.9913430191495356
3204,1684.5,7.3824115301167,0.004382553594607717,1691.384891267508,0.9792818699065758,0.0015843040368827555,0.7036361018396728,0.0020200843357709225,0.991492872418263
3205,1686.9,6.523036102920173,0.0038668777656767875,1691.7970108475506,0.9795204660810045,0.0015987866756287843,0.7037466430850134,0.002030420544114781,0.9916486239585842
3206,1690.7,12.326800071389167,0.007290944621393013,1692.1839249500513,0.9797444912673609,0.0016214836448101041,0.7038474874754093,0.0020371348850173644,0.9917907327519601
3207,1683.3,7.155417527999327,0.004250827260737436,1692.5462619253765,0.9799542894130159,0.0016520432636542343,0.7039389808233499,0.002046393806414775,0.9919196687415173
3208,1691.1,5.661271941887264,0.003347686087095538,1692.905641209336,0.9801623745637361,0.0016734873268120485,0.7040301983797053,0.002052159688258723,0.9920482189214909
3209,1683.1,4.954795656734998,0.002943851022954666,1693.2687836235086,0.9803726285012424,0.0016935103121500368,0.704124017012709,0.0020604837301794435,0.9921804231538299
3210,1694.5,8.426149773176359,0.004972646664606881,1693.6255965188968,0.9805792253957474,0.0017271917068964033,0.7042163216056306,0.002072398966608307,0.9923104986921644
3211,1691.1,4.642197755374064,0.0027450758413896663,1693.9325283302453,0.980756971431511,0.0017566561177966653,0.7042890871248664,0.0020737305382903387,0.9924130690938281
3212,1691.9,8.546929273136639,0.005051675201333789,1694.230525714007,0.980929544106489,0.0017787518374328265,0.7043594233379199,0.0020721477839494803,0.9925122193531074
3213,1697.5,6.020797289396148,0.0035468614370522226,1694.4982489853678,0.981084559060659,0.0018051597453110921,0.7044297974355762,0.002081584207083334,0.9926113882863096
3214,1693.1,11.599568957508723,0.006851083195032026,1694.7601222363796,0.981236189325504,0.0018323803496961026,0.7044984308595027,0.002090796984432354,0.9927081052850169
3215,1690.1,6.465291950097845,0.0038253901840706738,1695.0233560707372,0.9813886009197474,0.0018567805444923056,0.7045768559259724,0.002100817379198872,0.9928186117057622
3216,1693.3,9.909591313469996,0.005852236055908578,1695.2910647009248,0.9815435855282578,0.0018687479676515483,0.7046574467560809,0.0021105646611425505,0.9929321537424018
3217,1692.9,8.82043082847998,0.005210249175072349,1695.5634538005706,0.9817012784636301,0.0018777018016995267,0.7047403882177397,0.002119392603186133,0.9930490038025868
3218,1700.1,5.176871642217914,0.003045039493099179,1695.8433227969272,0.9818632868712142,0.001871938938119993,0.704826943218088,0.0021260313422851026,0.99317093422652
3219,1698.5,9.460443964212251,0.005569881639218281,1696.1576015143255,0.982045247093084,0.001859900754338869,0.704928403181559,0.0021211950392729345,0.9933138960028758
3220,1698.3,4.41021541423999,0.002596841202520161,1696.4980072317037,0.9822423385177175,0.00185474957193187,0.7050293908326836,0.002118252443606321,0.9934562001511027
3221,1695.9,14.918109799837245,0.008796573972425994,1696.8662907894043,0.9824555658784497,0.0018485107815854052,0.7051329555684063,0.002116261495871036,0.9936021336239648
3222,1688.1,8.648699324175862,0.005123333525369269,1697.2279289972898,0.9826649443653779,0.0018422048760511989,0.7052332771365574,0.0021146427572282128,0.9937434982894908
3223,1705.9,8.706319543871567,0.005103651763803017,1697.613133219874,0.9828879563382455,0.0018419584533708243,0.7053429903050749,0.0021189815629509196,0.9938980812885845
3224,1702.1,9.568176419778222,0.005621394994288363,1697.9948270467896,0.9831089338252612,0.0018389740508418973,0.7054509254233114,0.0021226876147239357,0.9940501575809554
3225,1703.1,4.669047011971501,0.002741499038207681,1698.3878716178333,0.9833365065739157,0.0018323191379561535,0.70556333825859,0.002117819019048062,0.9942085696095588
3226,1700.5,4.527692569068709,0.002662565462551431,1698.7845526032193,0.9835661825592836,0.001821334334939062,0.7056771049452613,0.0021116756330907044,0.994368887077923
3227,1695.3,7.379024325749306,0.004352636303751139,1699.1804781737678,0.9837954210772661,0.0018149799745560313,0.7057904826406665,0.0021076247123175246,0.9945286562873937
3228,1699.1,2.355843797877949,0.0013865245117285323,1699.5486705727326,0.9840085763538824,0.0018105880313504037,0.7058923481957124,0.002112271212727353,0.9946721745840484
3229,1699.5,5.315072906367325,0.0031274333076595027,1699.8959865754482,0.9842096223681402,0.0018008972680509194,0.7059856335815831,0.0021211797809804504,0.9948035776901634
3230,1703.7,5.869412236331676,0.003445097280232245,1700.2377459041854,0.9844074503792859,0.001790156126827627,0.7060767844630769,0.0021298503189163664,0.9949319721974164
3231,1709.1,10.0274622911283,0.005867100983633667,1700.5468043459982,0.9845863669763155,0.0017882177924741852,0.7061546114754282,0.002135829770589381,0.99504161236459
3232,1703.3,2.8635642126552705,0.001681186058037498,1700.8332993449046,0.9847522272113152,0.0017822755776147608,0.7062234086343515,0.0021378587242298734,0.9951385400325339
3233,1703.5,5.5901699437494745,0.0032815790688285732,1701.0917183247461,0.9849018397453555,0.0017659447114886744,0.7062809709642558,0.002133135482868333,0.9952196441326688
3234,1707.1,6.168468205316454,0.003613419369290876,1701.3484666421002,0.9850504831726028,0.0017518129717880276,0.7063411631268882,0.00212994414008249,0.9953044487612226
3235,1711.1,9.3834961501564,0.005483896996175794,1701.583966084777,0.9851868384925458,0.0017528939059033553,0.7063929312357659,0.002128869104637537,0.9953774008431647
3236,1707.9,5.3665631459994945,0.00314219986298934,1701.835599229257,0.9853325239333348,0.001759931852484497,0.7064518793077303,0.002133587694814162,0.9954604538795981
3237,1714.1,11.991663771137015,0.006995895088464509,1702.0998344153086,0.9854854848325552,0.0017694424533843658,0.70651361350736,0.0021455213329259763,0.9955474132894008
3238,1706.3,8.090117428072352,0.004741321823871741,1702.4056191604257,0.9856625158224658,0.0017643438497612761,0.7065779921577142,0.0021472196504053022,0.9956381137243941
3239,1710.9,11.85537852622176,0.006929322886329861,1702.7338467330676,0.9858525576373349,0.001762761404784288,0.7066512401998397,0.0021454754549490554,0.9957413245432349
3240,1703.5,7.314369419163897,0.004293730213773934,1703.0646469690691,0.9860441269256194,0.0017436655730606238,0.7067251785630461,0.0021251280376677695,0.9958455522014953
3241,1713.1,7.266360849833981,0.004241644299710455,1703.4020620524414,0.9862395179207561,0.0017433209072888131,0.706801553201271,0.0021150531080304786,0.9959532021021094
3242,1709.3,9.5236547606473,0.0055716695493168555,1703.767177887655,0.9864509307395375,0.001733289094060962,0.7068831584954889,0.002105735613476714,0.9960682040059927
3243,1704.5,5.049752469181039,0.0029626004512649097,1704.099154995134,0.9866431733519386,0.0017383682107987792,0.7069645428464697,0.0020978573685437514,0.9961829118294474
3244,1706.3,10.997727037892876,0.006445365432745049,1704.4462498115486,0.9868441258767044,0.0017435533292951806,0.7070507489227797,0.0021029394604186046,0.9963043700946095
3245,1700.1,5.366563145999495,0.0031566161672839806,1704.8155343723436,0.9870579796718564,0.001745436365466045,0.7071447851321686,0.002090434640856704,0.9964369170975514
3246,1699.5,12.99038105676658,0.007643648753613757,1705.1855391394402,0.9872722373508196,0.0017301756326835703,0.7072378210164428,0.002074463319231987,0.9965680416944449
3247,1697.7,6.870225614927067,0.004046784246290315,1705.5694430863696,0.987494537148244,0.0017046024387813651,0.7073353986169667,0.0020556398559727134,0.9967055609129482
3248,1703.5,8.645808232895291,0.005075320359785906,1705.9365276365322,0.9877070969069036,0.0017014951617484043,0.7074248544396258,0.0020469451366589165,0.9968316348653099
3249,1711.3,8.857200460642177,0.005175714638369765,1706.2954197528707,0.9879148835118275,0.001697321197624699,0.7075098440600311,0.0020469842262855536,0.9969513834479556
3250,1711.9,10.101980003939822,0.005901033941199732,1706.6541370466239,0.9881225575205083,0.0016817806789955218,0.7075937691815215,0.002045708593453388,0.9970696196548989
3251,1706.5,9.0,0.00527395253442719,1707.0201742299755,0.9883344536221002,0.001656447619335073,0.7076798135384325,0.0020453581281961314,0.9971908274618212
3252,1699.5,5.634713834792322,0.003315512700672152,1707.3418819485755,0.9885207032579586,0.0016426452948034224,0.7077466426456294,0.002043855614892218,0.9972849778915759
3253,1706.5,14.150971698084906,0.008292394783524703,1707.6833864511725,0.9887184465119694,0.0016210389032468805,0.7078209182015975,0.0020294229068517637,0.9973896569729073
3254,1702.7,9.536770941990795,0.005600969602390788,1708.0205137657636,0.9889136543591345,0.0016025912789751388,0.7078926956016222,0.0020166329780682874,0.9974908151889059
3255,1701.9,7.519973404208288,0.0044185753594266925,1708.3411507613946,0.989099299288338,0.0015993114495689198,0.7079570322408902,0.0020148031940347435,0.9975814710412221
3256,1712.7,10.837435120913065,0.006327690267363266,1708.6531851960403,0.989279966323479,0.0015958525507816102,0.7080172752855689,0.002012004669251444,0.9976663617500863
3257,1709.7,4.522167621838006,0.002645006505140086,1708.9727185260622,0.9894649799291562,0.0015824458425170319,0.7080801738354148,0.0020036465464872795,0.9977549997688111
3258,1715.9,10.05236290630218,0.0058583617380396176,1709.2854595716337,0.9896460977389703,0.0015773571868261066,0.7081398830018731,0.001987001472560172,0.9978391840596395
3259,1709.5,5.545268253204709,0.003243795409888686,1709.5927567151234,0.989824074830835,0.0015727442085481822,0.7081970389043359,0.001966818793871296,0.9979197820371096
3260,1706.9,7.402702209328699,0.004336927886419063,1709.897014594994,0.9900002885122307,0.0015853217751688417,0.70825271495188,0.001954758807436525,0.9979982919019011
3261,1715.7,7.8390050389064045,0.004568983527951509,1710.2168072829481,0.9901854909147018,0.0015823132772085679,0.7083116690409347,0.0019379547982107987,0.9980814136935588
3262,1712.3,14.184498581197715,0.00828388634070999,1710.5227635389558,0.9903626831774337,0.0015870123019877545,0.708364629108686,0.001923949913846062,0.9981560912493004
3263,1707.5,9.1104335791443,0.005335539431416866,1710.824733038254,0.990537549241032,0.001589386022084697,0.7084157496460513,0.0019147775949598582,0.9982281578181841
3264,1711.1,5.224940191045253,0.0030535563035738724,1711.1327005383348,0.9907158870142359,0.0015761844026445815,0.7084692393663473,0.0018992710234348243,0.99830356394194
3265,1703.5,11.146748404803978,0.0065434390400962595,1711.4353912897318,0.9908911669576203,0.0015771318380197932,0.7085205039808853,0.0018906059382218128,0.9983758285886604
3266,1707.3,9.934787365615835,0.005819005075625746,1711.7270345784534,0.9910600399893157,0.0015787522568080437,0.7085672295311136,0.0018857423895253063,0.9984416856051018
3267,1709.3,7.395944834840239,0.004326885178049634,1711.983638575668,0.9912086341206441,0.001566930883503657,0.7085995612227777,0.001872309422573402,0.9984872728691693
3268,1707.9,6.407027391856539,0.0037514066349648915,1712.2157004799442,0.991343011944692,0.0015511293172818608,0.7086219220906436,0.0018594379877200137,0.9985188059551386
3269,1705.7,12.00833044182246,0.007040118685479545,1712.4612653808679,0.9914851995399664,0.001552200291240802,0.7086557690533842,0.0018565684692401527,0.998566508705786
3270,1713.5,9.069178573608527,0.0052927800254499715,1712.6824712035236,0.9916132891131415,0.0015530912539201342,0.7086794905493514,0.00185174358050693,0.998599952203163
3271,1706.1,8.294576541331088,0.004861717684386078,1712.8954350912427,0.9917366221798481,0.0015598211155478689,0.708699837065721,0.0018441359747829321,0.9986286553965575
3272,1710.3,8.028075734570521,0.004693957629989196,1713.0957381983965,0.9918526370432641,0.0015680612716547709,0.7087150606905972,0.0018329635591489068,0.9986501506023149
3273,1708.7,10.651291001564083,0.006233564113983779,1713.2806150861707,0.9919597176895862,0.001582095638029279,0.7087240981387464,0.001825227609158348,0.9986629243509922
3274,1708.3,7.032069396699666,0.004116413625651036,1713.4538484063446,0.9920600574437695,0.0015949964139071386,0.7087285949837614,0.0018168130938570454,0.9986693005854536
3275,1710.3,8.80056816347672,0.0051456283479370405,1713.6312746797564,0.9921628112717616,0.0016070269199993518,0.7087351814874954,0.0018127513718323928,0.998678607492469
3276,1708.3,8.657366805212773,0.005067825794774204,1713.7988606901151,0.9922598667461658,0.0016184980306513039,0.7087381328453588,0.0018088129422784579,0.9986827913608755
3277,1714.9,4.449719092257397,0.0025947396887616753,1713.960262721926,0.9923533394667965,0.0016326797632101769,0.7087390411695191,0.0018069662913973378,0.9986840929144272
3278,1715.1,7.486654793697917,0.004365141853943162,1714.1074762364267,0.9924385979960786,0.0016446061218274523,0.7087346765519722,0.0018038662449826564,0.9986779651619851
3279,1720.1,2.073644135332772,0.001205536966067538,1714.240047182935,0.9925153785351963,0.0016509670768637189,0.708724931878821,0.0017982534939664332,0.9986642595144252
3280,1719.1,9.463086177352503,0.0055046746421688695,1714.3790511822413,0.9925958609195448,0.0016485333537022944,0.7087186003361864,0.0017965270824168073,0.9986553418688147
3281,1713.9,3.6810324638611918,0.002147752181493198,1714.4841587730796,0.9926567336166695,0.0016426899762113233,0.7086990895440932,0.0017876341940807608,0.9986278689810859
3282,1714.5,11.169153951844338,0.006514525489556336,1714.5862314577917,0.9927158379438981,0.0016392743593811366,0.7086792378717793,0.0017838132126824936,0.9985999013616855
3283,1714.5,9.433981132056603,0.005502467851884866,1714.683201693506,0.9927719938491893,0.0016488041811823296,0.708658269967184,0.0017840107677901398,0.998570362408436
3284,1719.5,5.894913061275798,0.0034282716262144797,1714.7996460844984,0.9928393987030726,0.0016451508692564307,0.7086464215076698,0.0017873106824621795,0.9985536490288691
3285,1720.5,7.3484692283495345,0.004271124224556545,1714.922070000507,0.9929102867535995,0.0016451575068017503,0.7086381929994715,0.001784864197961964,0.9985420591467135
3286,1718.7,9.148770409186143,0.005323075818459384,1715.036594480462,0.9929765961011154,0.001644373945147584,0.7086279280218729,0.0017838338661925021,0.9985275943022517
3287,1718.7,4.790615826801394,0.0027873484766401317,1715.144976639495,0.9930393510807882,0.0016426963346400437,0.7086164320695898,0.0017816984455304914,0.9985113967470346
3288,1710.5,6.5,0.003800058462437884,1715.2470517644022,0.9930984397047113,0.0016375244093879957,0.7085916942797637,0.0017830962744524222,0.9984765251418741
3289,1717.3,2.6832815729997472,0.0015625001880858018,1715.3464987986495,0.993156015887043,0.0016330384265274363,0.7085665579014773,0.0017815753156034911,0.9984411020969016
3290,1712.9,6.228964600958975,0.0036365021898295143,1715.4511070208887,0.9932165821041222,0.0016233705726797216,0.7085443090947023,0.0017770118302024213,0.9984097494830092
3291,1717.7,4.324349662087931,0.0025175232357733776,1715.569334149066,0.9932850279439964,0.0016002324322240173,0.70852850887287,0.0017681970929723466,0.9983874781905546
3292,1720.9,5.128352561983234,0.0029800410029538226,1715.699125015588,0.9933601571443234,0.0015759414430853835,0.7085093634672153,0.0017631965782393248,0.9983604793864342
3293,1719.7,7.463243262818116,0.00433985187115085,1715.81240360139,0.993425728717203,0.0015409270475912186,0.7084837760644662,0.0017525705745928427,0.9983244096410624
3294,1711.7,4.919349550499538,0.002873955453934415,1715.90288326541,0.9934781104304818,0.0014903159213266893,0.708449214195574,0.0017316409278937152,0.9982757097405563
3295,1718.3,2.1095023109728985,0.0012276682249740432,1716.0026205086338,0.9935358461952235,0.001445980447999379,0.7084189756144035,0.001716096793071541,0.9982330919528852
3296,1717.1,3.681032463861192,0.00214374961496779,1716.118307218893,0.9936027910822656,0.001397040037492974,0.7083986923562007,0.0017084685489995874,0.9982044782206658
3297,1716.3,8.511756575466665,0.0049593640828914905,1716.256917649509,0.9936830276240197,0.0013397440159378417,0.7083883016140138,0.0016910495245405525,0.998189828242249
3298,1719.9,6.711929677819934,0.0039025115866154624,1716.381854269786,0.9937553571350047,0.0012913844421870149,0.7083727599658338,0.001674225538518831,0.998167929946456
3299,1718.7,7.276675064890558,0.0042338250217551394,1716.5009760782498,0.9938243199110197,0.0012425211120700836,0.708355375736432,0.0016577843998406834,0.9981434357738699
3300,1722.3,5.239274758971894,0.003042022155821805,1716.6216139453795,0.993894158658212,0.001198056337290426,0.7083392380639966,0.0016442434566322748,0.9981206946688271
3301,1716.9,6.48459713474939,0.0037769218561065814,1716.7495769310983,0.9939682352180931,0.0011648156331737999,0.7083268070371977,0.001636536082052826,0.9981031693002091
3302,1714.1,6.58027355054484,0.0038389087862696694,1716.8736512908301,0.9940400602103745,0.0011313143917390264,0.708310518655882,0.0016290869616534824,0.9980802085022844
3303,1719.9,4.748684028233505,0.0027610233317248126,1717.0021047558644,0.9941144166623171,0.001102068518208703,0.7082966535230578,0.0016249644919359657,0.998060657228008
3304,1717.3,10.986355173577815,0.006397458320373735,1717.138973584021,0.9941936787360222,0.0010719998753575607,0.7082869369024702,0.0016078659280984377,0.9980469894974441
3305,1715.1,11.791946404220129,0.006875369601900839,1717.2724034793805,0.9942709514880281,0.0010432391930945382,0.7082765394862829,0.00159061561010991,0.9980323637696165
3306,1716.1,3.5425979167836705,0.002064330701464758,1717.4043877331467,0.9943473899610569,0.00101986296514423,0.7082663445681415,0.0015741256004069824,0.9980180248436105
3307,1722.9,6.024948132556827,0.003496980749060785,1717.5214151565876,0.9944151693652422,0.0009982412231846634,0.7082508415642024,0.001557927799429652,0.9979962065359359
3308,1719.3,7.628892449104261,0.0044372084273275525,1717.638185662292,0.994482800890431,0.0009754147253035415,0.7082361541670353,0.0015409763389156116,0.9979755386850429
3309,1720.9,4.006245124802026,0.002327994145390218,1717.7667416155414,0.9945572183166389,0.0009522608584057678,0.7082273081880487,0.0015393873838174517,0.9979630634999106
3310,1719.1,6.931810730249348,0.004032232406636815,1717.9107905449491,0.9946406047585057,0.0009344142414881771,0.708225891594894,0.0015400821921197705,0.997961052643818
3311,1716.9,10.188228501560022,0.005934083814759171,1718.0450410432288,0.9947182868823601,0.0009249952947138044,0.7082215377758349,0.0015560867382630975,0.9979548664741993
3312,1715.9,8.00312438988674,0.004664097202568179,1718.179310540174,0.9947959854589744,0.0009079246706038662,0.7082183551689817,0.0015675150966589148,0.9979503392855733
3313,1712.1,8.127115109311545,0.004746869405590529,1718.329443400109,0.9948828598457038,0.0008891945654121602,0.7082229349001871,0.0015819965255042124,0.9979567410447963
3314,1722.5,6.442049363362563,0.003739941575246771,1718.491551519947,0.9949766931579577,0.0008746284064325374,0.708221746864394,0.0015875483864110332,0.9979550432329887
3315,1721.5,5.07444578254611,0.0029476885173082253,1718.6552004490063,0.995071420026328,0.0008621741794530384,0.7082217611713476,0.0015931550431706437,0.9979550412667242
3316,1713.7,4.764451699828638,0.0027802133978109575,1718.8240665162562,0.9951691676558696,0.0008554342757762235,0.7082245431363976,0.0016002879237950343,0.9979589381607479
3317,1720.9,6.4265076052238514,0.003734387590925592,1718.9850073510993,0.9952623092515269,0.0008420428475735188,0.7082367117333332,0.0016124727106754458,0.9979760433961872
3318,1717.7,8.497058314499201,0.004946765043080398,1719.1501205718178,0.9953578959777657,0.0008270500332885048,0.7082520951600438,0.0016128092884724395,0.9979977116483891
3319,1718.7,10.974971526158964,0.006385623742455905,1719.268168171319,0.9954262054567298,0.0007949190121575158,0.7082496464127153,0.0016193902905636676,0.9979942278776124
3320,1718.1,5.272570530585627,0.00306883797833981,1719.3914935653017,0.9954975984142778,0.0007649574064299458,0.7082509916287789,0.0016160539369166407,0.9979961204925905
3321,1716.5,8.514693182963201,0.004960497048041481,1719.509502818872,0.9955659119862836,0.0007372223478298335,0.7082518274851325,0.001614066216106312,0.9979972939356128
3322,1724.1,4.33589667773576,0.0025148754003455486,1719.6080215329935,0.9956229487139531,0.0007169165876831988,0.7082463771645255,0.0016109182293676243,0.9979896168522429
3323,1721.5,4.2130748865881795,0.0024473278458252566,1719.6878950611413,0.9956691997629552,0.0007002615512694227,0.7082350510094486,0.0016049478139124266,0.997973672505746
3324,1716.1,9.95238664843765,0.005799421157530244,1719.7694380316784,0.9957164122404791,0.0006900707880105377,0.708226276898235,0.0016024731613320168,0.9979613170997306
3325,1713.5,11.958260743101398,0.006978850740065012,1719.8364034480066,0.995755184819539,0.0006753865048558079,0.7082134249333087,0.001598962692569015,0.9979432194291935
3326,1717.7,8.167006795638168,0.004754617683901827,1719.9125513203737,0.9957992748582404,0.0006656160334655086,0.7082063403330227,0.0015961773285202692,0.9979332475271985
3327,1716.3,7.870832230456955,0.004585930332958664,1719.9816381381759,0.9958392745351936,0.0006552002151233629,0.7081983948627687,0.0015941259654832154,0.997922060789864
3328,1715.3,4.147288270665545,0.002417820947161164,1720.0782278776762,0.9958951836576686,0.0006574470651425165,0.7082038805204401,0.0016003497641287104,0.9979297784375263
3329,1717.1,5.8779248038742375,0.0034231697652287217,1720.200002875955,0.9959657309608312,0.000656397492368867,0.7082099275844447,0.0015836936978159937,0.9979383491021299
3330,1716.7,7.446475676452586,0.004337668594659862,1720.3019427443064,0.9960247495986657,0.0006420690757391598,0.7082092590823542,0.0015818190685802792,0.9979374099241125
3331,1721.7,6.496152707564686,0.003773103739074569,1720.4093815934405,0.9960869572782107,0.0006280956459856219,0.7082123559096536,0.0015780106920694542,0.9979417811894814
3332,1717.3,5.585696017507577,0.003252603515697652,1720.5051965708378,0.9961424059605319,0.0006105482943471489,0.7082122199562668,0.0015850638055343279,0.997941566275544
3333,1711.3,8.814760348415605,0.005150914713034305,1720.6248573139296,0.9962116700455649,0.0005918674941402031,0.7082235021701795,0.0015883966818596733,0.9979574525174003
3334,1720.1,6.8044103344816,0.003955822530365444,1720.7488623023867,0.9962834390249078,0.0005674448083838093,0.7082382250244036,0.0015948826703812032,0.9979781771867786
3335,1720.5,6.96419413859206,0.004047773402262167,1720.875145039136,0.996356524822531,0.0005464805175334559,0.708246610076221,0.0016028728969647223,0.9979899659404982
3336,1715.7,9.833615815151617,0.005731547365595161,1721.0183348453932,0.9964394329648479,0.0005247001576935232,0.7082631242800935,0.0015977659533466168,0.9980132462321389
3337,1710.5,7.762087348130012,0.0045379054943759205,1721.1323969082823,0.9965054443117379,0.0005044875059263763,0.7082688655027055,0.001605709457305039,0.99802131320071
3338,1718.3,6.438167441127949,0.0037468238614490773,1721.2461455803364,0.9965712774227542,0.0004939012101993912,0.7082727433282837,0.001613952560782186,0.9980267534180352
3339,1717.5,8.381527307120106,0.004880074123505156,1721.363546528004,0.9966392336931778,0.00048820223696838895,0.7082792308216116,0.0016196197503101665,0.9980358807121934
3340,1719.3,3.4928498393145966,0.0020315534457713003,1721.46664270047,0.99669889019508,0.0004853472207691279,0.7082809799294554,0.001632453249605573,0.9980383130720105
3341,1720.3,3.154362059117501,0.0018336116137403365,1721.5714553762402,0.996759575755622,0.0004892349126221507,0.708284623543298,0.0016327123702969061,0.9980434517242489
3342,1714.7,12.959552461408533,0.007557912440315235,1721.658102190173,0.9968097468322261,0.00048320200285157646,0.7082820224844346,0.0016302285598787142,0.9980397938820621
3343,1719.9,8.414273587185052,0.00489230396371013,1721.7342521541364,0.9968538337062075,0.0004790510553609165,0.708276373209375,0.0016306061215605307,0.9980318328340857
3344,1717.3,5.263078946776307,0.003064740550152162,1721.8078322435347,0.9968964302595553,0.00047198927114145697,0.7082709775764644,0.0016314915533960014,0.9980242267817955
3345,1723.3,8.07465169527454,0.00468557517279321,1721.884980944697,0.9969410893991778,0.0004669627743381045,0.7082684011038987,0.001634063847047829,0.9980205898227389
3346,1724.3,11.745211790342479,0.0068115825496389715,1721.9578645325514,0.9969832790655719,0.00046150253377260324,0.7082766593675431,0.0016366216895396777,0.9980322198519262
3347,1726.1,7.162401831787993,0.004149470964479459,1722.0148056253583,0.9970162421599996,0.0004573198363958116,0.7082790351856463,0.0016378830108107715,0.9980355685986961
3348,1718.9,6.024948132556827,0.0035051184667850527,1722.06180762719,0.9970434360315201,0.0004541254866658158,0.708266852176237,0.0016448525711255063,0.9980183861263126
3349,1723.5,4.9749371855331,0.002886531584295387,1722.1260088248032,0.9970805959483521,0.0004472387947253267,0.7082744734312948,0.0016482811196134655,0.9980291132208363
3350,1723.3,3.7682887362833544,0.002186670188756081,1722.1850734106804,0.9971147819551966,0.00044050725043954955,0.7082807991917355,0.001651698359116895,0.9980380148307383
3351,1718.3,8.78635305459552,0.005113398739798359,1722.238858459079,0.9971459113151855,0.0004342428469484476,0.7082858215701149,0.00165513914942991,0.9980450798517767
3352,1723.7,9.628083921528727,0.005585707444177483,1722.305175480576,0.9971842840476477,0.00042614021325826444,0.7082969164224137,0.001663051224517677,0.9980606890769202
3353,1725.9,12.511994245522974,0.00724954762473085,1722.3656001269003,0.9972192828155568,0.00041473884478182875,0.708314954386011,0.0016563669635418707,0.9980861220357792
3354,1723.1,8.947066558375433,0.005192424443372662,1722.4572282515492,0.9972723228062834,0.000397163782524518,0.7083462773222309,0.001658480779064979,0.9981302525429918
3355,1726.3,6.119640512317697,0.0035449461346913616,1722.5600842390481,0.9973318524634971,0.00037946718679688837,0.7083827285877463,0.0016648611216584768,0.9981815987481666
3356,1724.9,13.380956617521784,0.007757526011665478,1722.6443323407068,0.9973806289716449,0.00037864373871447627,0.7084120970178869,0.0016654650213785956,0.99822298316636
3357,1725.3,11.562871615649808,0.006701948423839221,1722.7483601449926,0.9974408327051618,0.00036920087987161234,0.708450227464114,0.0016744730888774036,0.9982766910307121
3358,1724.3,8.87130204648675,0.005144871569034826,1722.867373016153,0.9975097070614298,0.00036936841339142257,0.7084952065566914,0.0016865495637418476,0.9983400421888522
3359,1723.1,3.3241540277189325,0.0019291706968364766,1722.9857967543753,0.9975782347363416,0.0003569196887168399,0.7085406881627692,0.0016992472019032815,0.9984040923865916
3360,1732.7,5.911852501542981,0.003411930802529567,1723.0890578143444,0.997637986269099,0.00036298645342842223,0.7085807377913103,0.0017127721638233704,0.9984604879768536
3361,1723.5,5.315072906367325,0.0030838833225223816,1723.1683359347662,0.9976838598843276,0.00036594239733649293,0.7086117869222999,0.0017230270651304562,0.9985042115941741
3362,1725.1,12.043670536842164,0.006981433271602901,1723.2672595470576,0.9977410873704848,0.00036684851116029657,0.7086518352729999,0.001740449387725575,0.9985605967621283
3363,1727.9,8.532291603080617,0.004937954513039306,1723.3661354012352,0.9977982947860777,0.00036977796528666674,0.7086928430171989,0.00175519215134733,0.9986183366803427
3364,1725.3,5.974947698515862,0.003463135511804244,1723.5010571276034,0.9978764066526589,0.0003502509029466865,0.7087377419214279,0.0017552283415694996,0.9986815975259752
3365,1722.5,6.892024376045111,0.004001175254598032,1723.6442842339934,0.9979593198453474,0.0003273581032850209,0.7087863735518388,0.0017577048156944516,0.9987501142812955
3366,1723.9,10.933892262136114,0.006342532781562801,1723.7771676998382,0.9980362445835637,0.00031033168505450407,0.7088221396686999,0.0017606988223970758,0.9988005040663058
3367,1724.7,0.9746794344808964,0.0005651298396711871,1723.9124587672407,0.9981146038184822,0.0002904648165501855,0.708858726212599,0.0017490441001756136,0.9988520912633095
3368,1718.3,5.044799302251776,0.002935924636123946,1724.043695623955,0.9981905789629216,0.0002851722806379678,0.7088935167633964,0.001751822582160609,0.9989011108707562
3369,1725.7,6.340346993658944,0.0036740725465949724,1724.1826340865796,0.9982710437828682,0.0002762402170553488,0.7089313857269984,0.0017433510362004237,0.9989545013201333
3370,1722.7,5.286775955154521,0.00306888950783916,1724.310765445795,0.9983452222347072,0.00027371390512479356,0.7089647634750296,0.0017458904025435085,0.9990015300949722
3371,1724.5,7.810249675906654,0.004528993723343957,1724.4222910996582,0.9984097592143689,0.0002785068241873008,0.7089913069360507,0.0017586712828363007,0.9990388990039039
3372,1729.3,14.237275020171522,0.008232969999520917,1724.5294880208282,0.998471791631121,0.0002847983984172524,0.7090161048196568,0.0017708816284063562,0.9990738098084124
3373,1723.1,8.517628778010932,0.0049432004979461045,1724.6541107273715,0.9985439092669093,0.0002926185515517591,0.7090481417418454,0.001784553815022365,0.9991189133553358
3374,1724.5,4.2130748865881795,0.0024430703894393617,1724.763938005098,0.9986074651713215,0.0003143664390647673,0.7090742111888179,0.001797741724460915,0.9991556175529072
3375,1721.7,3.8987177379235853,0.0022644582319356365,1724.902138134254,0.9986874363720541,0.00031676510101743416,0.7091121009043528,0.001813414192973786,0.9992089584777798
3376,1728.1,8.87693640846886,0.005136818707522053,1725.0347205845414,0.9987641570863083,0.00032050696653312515,0.7091478773850752,0.0018283626775356463,0.9992593235191988
3377,1721.5,5.0990195135927845,0.002961963121459648,1725.1597600416328,0.9988365366810477,0.0003017309127802038,0.7091807900188647,0.0018323395766949532,0.9993056798335334
3378,1727.3,8.167006795638168,0.00472819243654152,1725.263666881937,0.9988966610819408,0.00029628658394346687,0.7092052934189472,0.0018441867627042004,0.9993401659606143
3379,1727.1,11.002272492535349,0.006370373743579034,1725.389754925937,0.9989696443924012,0.0002892724431687235,0.7092392335054243,0.001850310415566387,0.9993879682886535
3380,1724.3,6.924593850905626,0.0040158869401528885,1725.5118612679184,0.9990403579150247,0.0002663130468667848,0.7092718959977935,0.0018431626014657,0.9994340052560379
3381,1727.1,6.168468205316454,0.0035715755922161164,1725.6340997290613,0.9991111631800205,0.00023801711508678473,0.7093050126405342,0.0018305616095995055,0.9994806984572685
3382,1725.7,5.718391382198319,0.0033136648213468846,1725.750322236554,0.999178486206954,0.00021098177054871636,0.7093360970662789,0.0018178544915637967,0.9995245287491887
3383,1728.7,3.9306488014067096,0.002273759936025169,1725.8701501330445,0.9992478806715072,0.00019834538765164044,0.709369144707575,0.0018115781324181362,0.9995711079824533
3384,1729.7,6.418722614352485,0.003710887792306461,1725.9814153831771,0.9993123205379014,0.00018737668175712257,0.7093991949449112,0.0018043543206158008,0.9996134677863079
3385,1731.9,14.214429288578561,0.008207419186199296,1726.0797671182002,0.9993693030537019,0.0001697039346051462,0.7094215068473146,0.001790030338703309,0.9996449473815483
3386,1729.9,3.8794329482541645,0.002242576419593135,1726.195231073461,0.9994361743198727,0.00015432289262371082,0.7094512609679475,0.0017824823687918314,0.9996868925296626
3387,1732.3,4.944694126030447,0.0028544098170238683,1726.2970928555533,0.999495173131068,0.000140103950384044,0.7094758718767753,0.0017739604231353115,0.9997215964455851
3388,1735.5,9.578622030334008,0.005519229058100841,1726.3814050994959,0.9995440274174591,0.00012130104954243677,0.7094937558577614,0.0017594366646565907,0.9997468360626393
3389,1728.7,9.718538984847465,0.005621877124340524,1726.457794376928,0.9995882963047231,0.00010114111776569954,0.7095089076984207,0.0017441788730188142,0.9997682270684441
3390,1728.7,3.52845575287547,0.002041103576604078,1726.5384132105323,0.999634969606458,9.785835273719076e-05,0.7095263598539201,0.0017454159767843187,0.9997928142384136
3391,1723.1,6.06630035524124,0.0035205735913419072,1726.602358710506,0.9996719903037551,0.00010938043159094376,0.7095375604051634,0.0017466997930795226,0.9998085907899462
3392,1724.1,7.402702209328699,0.004293661741968969,1726.6634181562854,0.9997073573966908,0.00011936808374477878,0.7095482135853259,0.0017417144292568333,0.9998236150574972
3393,1726.5,1.5811388300841898,0.0009158058674104778,1726.7022643272262,0.9997298655953639,0.00012269055257577158,0.7095504154756715,0.001735697348532925,0.999826732967913
3394,1727.1,6.00416522091123,0.003476443298541619,1726.7998064402095,0.9997863079607459,0.00013766519503899147,0.7095624838264989,0.0017481031731605599,0.9998437046503756
3395,1729.7,7.362064927722384,0.00425626694092755,1726.8685235683777,0.9998261101211368,0.00013711392097153085,0.7095624886465384,0.001742258104441205,0.999843726636823
3396,1724.3,6.704476116744694,0.0038882306540304434,1726.8983272459268,0.9998433547597785,0.0001271255044962931,0.7095463116441676,0.001745878012387523,0.9998209196135412
3397,1727.3,9.038805230781334,0.005232909877138502,1726.9372028735147,0.9998658407418013,0.00012326856294241108,0.7095336955829075,0.0017537366055197564,0.9998031194891569
3398,1732.9,10.101980003939822,0.005829522767580254,1726.9639118601451,0.9998812891903306,0.00012294355982397635,0.7095159396591642,0.0017592642825339185,0.9997780830855258
3399,1724.5,9.473647660748208,0.005493561995214965,1726.9743752445743,0.9998873349079851,0.0001266466282603207,0.709491394154276,0.001763773505245766,0.9997434823837391
3400,1725.1,7.453187237685633,0.0043204377935688555,1726.9823281906313,0.999891956060942,0.00011984509477586454,0.7094657278840497,0.0017575973834290809,0.9997073338730754
3401,1730.7,10.047387720198719,0.00580538956503075,1727.0090650652114,0.9999074637387061,0.00010279397697833005,0.7094477140260703,0.0017471759064220096,0.999681981260568
3402,1736.9,3.286335345030997,0.001892069402401403,1727.0292005134968,0.999919154505875,8.253894169173037e-05,0.7094269492793635,0.0017348009036107113,0.9996527573923448
3403,1723.9,9.330058949438637,0.005412181071662299,1727.0476259075665,0.9999298555022905,6.519246256188294e-05,0.7094054685699402,0.001722387323824512,0.9996225249030551
3404,1730.1,5.504543577809154,0.003181633187566704,1727.0515483476927,0.9999321346794625,6.149623589193258e-05,0.7093780427589965,0.0017192721797002766,0.9995838893409242
3405,1729.1,4.852834223420372,0.002806566551049894,1727.072899884885,0.9999445086012473,6.06924555796837e-05,0.7093578133651024,0.0017149121865099892,0.99955539737435
3406,1730.7,9.378166132032424,0.005418712735905948,1727.0889063479176,0.9999538134716582,5.493902476301403e-05,0.7093354512762458,0.0017010225867756244,0.9995239277366672
3407,1724.9,8.473488065725943,0.004912451774436746,1727.0765894606309,0.9999467290083508,5.166653684931289e-05,0.7093015450744975,0.0016835527190490406,0.9994761999523394
3408,1728.1,6.767569726275452,0.003916191034243072,1727.067820966345,0.9999416938861406,6.406502197803016e-05,0.709269210572681,0.001668092799158405,0.9994306825760482
3409,1725.5,5.024937810560445,0.002912163321101388,1727.035990009152,0.999923284446008,7.422914962154089e-05,0.7092275448880614,0.0016606246766223505,0.9993719930599312
3410,1727.3,8.67179335547152,0.005020432672651838,1726.9851467908477,0.9998938524831619,8.108544766891378e-05,0.7091782377008684,0.001658658533556109,0.9993025206028033
3411,1727.5,5.267826876426369,0.0030493932714479705,1726.9334470638883,0.9998639237250154,7.316588177214897e-05,0.7091287705494217,0.0016566684758602952,0.999232821381435
3412,1722.3,6.629479617586889,0.0038492014269214943,1726.8801814285525,0.9998330814343566,7.023921997800695e-05,0.7090788774992954,0.0016574065910067463,0.9991625160353028
3413,1724.3,11.043097391583578,0.006404394474037916,1726.8267043676988,0.9998021177337157,5.090994179638827e-05,0.7090291400734868,0.001657459037336206,0.9990924293153114
3414,1731.9,12.963410045200298,0.007485079996073848,1726.7647734234913,0.9997662573468526,4.219428147516768e-05,0.7089761993785746,0.0016585040389051156,0.9990178277416465
3415,1723.1,6.6370174024180475,0.0038517888703023897,1726.7034478220917,0.9997307416885363,4.113176269962241e-05,0.7089238004941091,0.001661824087353007,0.9989439773008195
3416,1726.3,9.562949335848225,0.0055395640015340475,1726.6172078236257,0.9996808066343676,5.2630064439496934e-05,0.7088614915450909,0.001663185460288562,0.9988561743272453
3417,1726.1,6.6558245169174945,0.003855990103074848,1726.5342566859279,0.9996327707895267,7.309777521236864e-05,0.7088008773298389,0.0016666396625972628,0.9987707482447223
3418,1725.7,6.815423684555495,0.003949367609987538,1726.4547233907663,0.9995867081611294,9.96989962284705e-05,0.7087420358765288,0.0016725048772513087,0.9986878137750942
3419,1730.3,10.74476616776745,0.0062097706569770855,1726.4106862265876,0.9995612247325578,0.00012864923292262096,0.7086981605107109,0.0016683586959444193,0.9986259969478134
3420,1728.5,10.222524150130436,0.005914101330708959,1726.341915065516,0.9995214238211879,0.000164186226357318,0.708638577891916,0.0016635931544752296,0.99854205335976
3421,1727.3,6.648308055437865,0.003848959680100657,1726.2724409538127,0.9994812108099735,0.00020964990412321026,0.7085787652359685,0.0016617317748822507,0.9984577755868432
3422,1724.5,6.123724356957945,0.0035510144140086662,1726.2065624703246,0.9994430668248677,0.0002554147434911547,0.7085205071844363,0.0016653367121538807,0.9983756721191529
3423,1723.9,6.786015030929419,0.003936431945547548,1726.1242159782366,0.9993953989803197,0.00031027316493033617,0.7084555890399049,0.0016663178237330606,0.998284194701476
3424,1731.9,10.346496991735899,0.005974072978656908,1726.0218950907722,0.9993361595433301,0.00034856939600803096,0.7083825928555663,0.0016689633522805698,0.9981813325680339
3425,1727.1,7.074602462329597,0.00409623210140096,1725.912252396413,0.999272678417786,0.0003902641891615715,0.7083067324892489,0.0016733641225736501,0.9980744267650957
3426,1731.5,11.346805717910216,0.0065531653005545575,1725.7854896383294,0.9991992851836722,0.0004301220102795355,0.7082240075487978,0.001677983313744751,0.9979578488816403
3427,1725.3,7.463243262818116,0.004325765526469667,1725.663080712094,0.9991283900847842,0.0004547739444733878,0.7081432511622998,0.0016893931910576933,0.9978440232758429
3428,1728.1,10.526157893552615,0.006091174060270016,1725.5248408426094,0.999048329736846,0.0004798053389264148,0.7080562006011352,0.0017007257737200571,0.9977213297946432
3429,1728.5,10.51189802081432,0.006081514620083494,1725.3811216882073,0.9989650933811018,0.0005111030993283423,0.7079671244001353,0.001714402636643042,0.9975957779694449
3430,1725.1,9.92723526466458,0.005754585394855127,1725.2357268166265,0.998880876249045,0.0005411424461907976,0.707877603619724,0.0017318738112557784,0.9974695899713921
3431,1725.3,6.3796551630946325,0.0036977077395784113,1725.0565613809515,0.99877712196127,0.0005717128791045549,0.707774490259434,0.001743963776337725,0.9973242670494029
3432,1730.1,12.371337841963577,0.007150649004082757,1724.8739849004282,0.9986713889409715,0.0006026408484683604,0.7076702618641114,0.001757638496824743,0.9971773688629503
3433,1729.7,16.084153692376855,0.009298811176722469,1724.7241310942895,0.9985845999987912,0.0006284165279798158,0.7075797627921749,0.001771214670307981,0.9970498142248327
3434,1721.9,11.513036089581236,0.00668623967105014,1724.565853732943,0.998492967336348,0.0006372036594324135,0.7074861316421346,0.0017700500066510148,0.9969178865226631
3435,1725.9,4.189272013130682,0.002427297070010245,1724.3954459849733,0.9983943119513498,0.0006490698068746233,0.7073878682713486,0.001769262789126755,0.9967794315528362
3436,1728.5,7.314369419163897,0.004231628243658604,1724.218415371848,0.9982918201335235,0.0006617533504097402,0.7072872525511044,0.0017693334287151718,0.9966376602403887
3437,1729.5,4.123105625617661,0.002383987063092027,1724.0327189269515,0.9981843122042978,0.0006731810276334894,0.707183466825529,0.0017687634958617191,0.9964914236171385
3438,1720.7,7.965550828411052,0.004629250205387954,1723.838502190521,0.9980718673144429,0.0006852401815950526,0.70707659121768,0.0017697106110132138,0.9963408284343565
3439,1727.5,6.576473218982953,0.0038069309516543864,1723.643601502125,0.997959034938917,0.0007047272669790763,0.7069698602748932,0.0017691719259681784,0.9961904426416067
3440,1723.5,5.267826876426369,0.003056470482405784,1723.4358557983937,0.9978387550667674,0.00072881548165793,0.7068583062075436,0.0017733607967638553,0.9960332480219473
3441,1720.1,7.021395872616783,0.004081969578871451,1723.2190050276845,0.9977131909169394,0.0007481007275461631,0.706743483420965,0.0017811015389362856,0.9958714351379692
3442,1722.9,7.021395872616783,0.004075335697148286,1722.988973714746,0.997579999661275,0.0007627200238836275,0.7066237408422607,0.0017864372065966544,0.9957026943863111
3443,1720.7,8.182297965730655,0.004755214718272014,1722.741159999278,0.9974365155027767,0.0007732971280988277,0.7064972117338615,0.0017899500762096345,0.9955243963900886
3444,1725.7,11.627553482998906,0.0067378765040267165,1722.4912295884274,0.997291807924435,0.0007896507808898509,0.7063703410361938,0.0017940221664280646,0.9953456162926363
3445,1726.5,6.782329983125268,0.003928369523964824,1722.2452495056525,0.9971493743535766,0.0008188214329787985,0.7062456366176689,0.0018056130987443191,0.9951698761421717
3446,1719.7,5.848076606885378,0.00340063767336476,1722.0144099650715,0.9970157234143577,0.0008544011820258789,0.7061277068110898,0.0018132112529887006,0.9950036966114233
3447,1721.5,3.774917217635375,0.0021928069809093085,1721.7622242905884,0.9968697290487867,0.0008972638680926828,0.7059986373891393,0.0018175475875224555,0.9948218338598418
3448,1718.5,9.420721840708387,0.005481944626539649,1721.514014391935,0.9967260375127813,0.0009334691993562147,0.7058716123717066,0.0018203589990064858,0.9946428551248339
3449,1723.9,6.1278054799414114,0.003554617715610773,1721.2580784854156,0.9965778619918313,0.0009620471081384133,0.7057418510653323,0.001825174620891851,0.9944600107428613
3450,1719.3,4.919349550499538,0.0028612514107482917,1720.9947791143757,0.99642542116535,0.000992239123038867,0.7056095198175715,0.0018313065729805534,0.9942735429890506
3451,1717.9,7.7168646482881895,0.004492033673839099,1720.7022929123746,0.9962560944109882,0.0010274045083136982,0.7054684682743397,0.0018347253476000012,0.99407480053661
3452,1719.3,5.585696017507577,0.003248819878734123,1720.4044339225634,0.9960836546905029,0.00106619644957745,0.7053227311191407,0.001840264331802581,0.9938694532584581
3453,1714.7,12.99807678081646,0.007580379530423082,1720.099514749685,0.9959071165901605,0.001097125508815426,0.7051773823549856,0.0018474422799401318,0.993664643346797
3454,1717.3,8.899438184514796,0.005182226858740346,1719.7895670308758,0.9957276853641442,0.0011239622258878913,0.7050275281486671,0.0018474414269972527,0.993453504297452
3455,1718.3,5.044799302251776,0.002935924636123946,1719.4662323990094,0.9955405015710393,0.00115213113899215,0.7048727284464867,0.0018486443657527091,0.9932353931468253
3456,1718.9,6.6932802122726045,0.003893932289413348,1719.1430839192083,0.9953534035099049,0.001163621231331598,0.7047185649183885,0.0018521789424063033,0.9930181587535305
3457,1719.1,5.079370039680118,0.002954668163387888,1718.825363305917,0.9951694394390526,0.0011820420238648904,0.7045672034052646,0.0018608386964954675,0.9928048637241463
3458,1717.1,6.4265076052238514,0.003742651916151565,1718.5071952653332,0.9949852079625593,0.0011897674912361108,0.7044162526205383,0.0018689069193170184,0.9925921408362678
3459,1712.9,8.234075540095562,0.004807096468034072,1718.1988826518748,0.9948066980979753,0.0011991683463720947,0.7042699527839839,0.0018723613207365921,0.992385988294773
3460,1723.1,10.12669738858627,0.005877022452896681,1717.904853897656,0.9946364801345482,0.0012086448137220427,0.7041301358454521,0.0018686419975535227,0.9921889922549157
3461,1714.5,4.06201920231798,0.002369215049470971,1717.593917899629,0.9944564718516095,0.0012220579989413243,0.7039840343201653,0.0018666708552639282,0.9919831401954837
3462,1712.7,4.43846820423443,0.002591503593293881,1717.2904037565168,0.994280793723523,0.0012343491489291974,0.7038416373340377,0.0018533617193536088,0.9917825414598092
3463,1719.3,7.224956747275377,0.004202266473143359,1716.9804342502466,0.9941013791250576,0.0012521480264852797,0.7036972742798538,0.0018415150023287626,0.9915791692648581
3464,1721.7,14.939879517586478,0.008677399963748897,1716.6771763276724,0.993925848882153,0.0012795084861575484,0.7035563587699392,0.0018335427612879505,0.9913806487934839
3465,1713.5,9.069178573608527,0.0052927800254499715,1716.3638043172389,0.9937444369047934,0.00131822708031869,0.7034120121195355,0.001838572354079416,0.9911772673688783
3466,1717.1,6.328506932918696,0.0036855785527451497,1716.051324546896,0.9935635577772366,0.0013441073801021594,0.7032687622999673,0.001833799827111263,0.9909754512269918
3467,1719.9,7.486654793697917,0.004352959354438,1715.7273023027706,0.9933760016757575,0.0013593849156096375,0.7031215305106159,0.0018232207967197388,0.9907680333853349
3468,1713.5,5.545268253204709,0.0032362230832825847,1715.3948143229122,0.9931835714035607,0.001380512421256429,0.7029715949571541,0.0018055098293989298,0.9905568343027611
3469,1711.1,12.064410470470573,0.007050675279335266,1715.040650259847,0.9929785619410534,0.0014056172740943172,0.7028135593589462,0.0017993568584795715,0.9903341886729369
3470,1709.3,9.57601169589929,0.005602300178961733,1714.6845844129118,0.9927724864944304,0.001425683415203326,0.7026555444552792,0.0017791727157255904,0.9901116107461266
3471,1713.3,7.6452599694189605,0.004462300805124006,1714.2971766937019,0.9925482372563303,0.0014472867435351686,0.7024855032974658,0.0017691114608758439,0.9898720569911701
3472,1717.9,10.561723344227493,0.006148043159804117,1713.90589394388,0.9923217410070478,0.0014693238911239169,0.7023147086399144,0.0017605178750824226,0.9896314379174044
3473,1713.5,9.340770846134703,0.0054512814975983094,1713.5087315427627,0.9920918217948211,0.0014746828511858325,0.7021423560326904,0.0017515773685220302,0.9893886063172204
3474,1716.1,6.268971207462991,0.0036530337436413915,1713.120782448729,0.9918672182971715,0.00148218815915284,0.7019746470099824,0.0017501295974002907,0.989152295708702
3475,1717.3,6.220932405998316,0.0036225076608620023,1712.7167535114945,0.9916333007524709,0.00147461188986479,0.7018012342249094,0.001743727948176223,0.9889079478665265
3476,1709.7,11.244998888394788,0.006577176632388599,1712.3182667813658,0.991402583557298,0.0014820621398283934,0.7016309944980178,0.0017467168205927302,0.9886680546498166
3477,1713.7,9.011104260855047,0.005258274062470121,1711.9013156140368,0.9911611764219417,0.001483613751852849,0.7014541078573219,0.0017469618011654526,0.9884187997073239
3478,1714.3,7.412826721298698,0.00432411288648352,1711.4736953886502,0.9909135904760336,0.0014841575705770468,0.7012737854562411,0.0017473413791912027,0.9881647022021636
3479,1707.1,9.51577637400123,0.0055742348860648066,1711.0643485680073,0.9906765775389765,0.0014584952389125948,0.7011019032355995,0.0017391240894650568,0.9879224953557136
3480,1706.3,7.774959806970066,0.00455661947311145,1710.6520994832983,0.9904378874612434,0.0014394527176415871,0.7009298012597778,0.0017326644723945181,0.9876799836641921
3481,1711.1,6.711929677819934,0.00392258177652968,1710.22929306663,0.9901930825650357,0.0014211651862622555,0.7007543597256088,0.0017274150309196264,0.9874327639936868
3482,1708.1,9.126883367283709,0.005343295689528546,1709.7921266217593,0.9899399573134042,0.001401168673917032,0.7005740373115169,0.0017237421731007019,0.9871786608374915
3483,1706.1,9.864076236526156,0.005781651858933331,1709.3340912755261,0.9896747570781577,0.00139559664968936,0.7003861838164362,0.0017232134363225926,0.9869139499704129
3484,1708.7,6.591661399070799,0.003857705506566863,1708.8781635610917,0.9894107672972975,0.0014017535004143568,0.7002002303932906,0.0017309620142326942,0.9866519013535484
3485,1711.3,9.497368056467012,0.0055497972631724495,1708.3997694886755,0.9891337997226929,0.0014152968002405751,0.7000061246825515,0.0017310692979070617,0.9863783964058122
3486,1705.5,8.558621384311845,0.005018247660106623,1707.9338322661933,0.9888640506218271,0.0014326683427233824,0.6998181928606527,0.0017306302249206953,0.9861136002397402
3487,1707.3,7.310950690573696,0.0042821710833325696,1707.4652868232151,0.9885928108197517,0.0014510546849505642,0.6996302787517552,0.0017237751108386504,0.9858488492232749
3488,1701.5,2.7838821814150108,0.0016361341060329184,1706.9819302644487,0.9883129931296832,0.0014586442227117458,0.6994373988158404,0.0017132773822170397,0.985577100219132
3489,1706.5,14.361406616345072,0.00841570853580139,1706.4856791892373,0.9880257013646062,0.0014562624737060363,0.699221083100004,0.00170143083033563,0.9852723217555726
3490,1706.5,10.074720839804943,0.0059037332785261895,1705.9628228357087,0.987723015117045,0.0014544532090896868,0.6989963153724645,0.0016862751146370786,0.9849556433398023
3491,1703.3,8.167006795638168,0.004794814064250671,1705.4355575716315,0.9874177561571393,0.0014395885134479644,0.6987721882312108,0.0016727179044807444,0.9846398476984088
3492,1707.9,7.619055059520177,0.004461066256525661,1704.892241746702,0.9871032055505944,0.0014185464036955045,0.6985439293832285,0.001655961452505311,0.9843182327332374
3493,1700.3,7.446475676452586,0.004379506955509372,1704.3354830585158,0.9867808642205,0.0013997385119675241,0.6983126049819293,0.0016429557873096482,0.9839922902297117
3494,1703.3,7.6452599694189605,0.004488498778499947,1703.76981974799,0.9864533724658597,0.0013876790947950671,0.6980800720847189,0.0016308665738008871,0.983664648026673
3495,1698.1,9.82598595561789,0.005786458957433537,1703.1819794169598,0.9861130399735764,0.0013761206530622384,0.6978408901898051,0.0016191794295064143,0.9833276361906267
3496,1698.7,5.094114250780012,0.0029988310182963514,1702.6150806702615,0.9857848672050462,0.0013697816952333952,0.697612723735765,0.0015962977692861877,0.9830061836997761
3497,1693.1,10.0274622911283,0.0059225457983156935,1702.0671051175354,0.9854676158893338,0.001361475767090702,0.697383008550226,0.0015857872572550087,0.9826825133132753
3498,1693.7,8.729261137118078,0.005153959459832365,1701.5214876652567,0.9851517202726473,0.0013676229935252863,0.6971559358072457,0.001585207629074764,0.9823625513372105
3499,1701.1,8.279492738084866,0.004867140519713636,1700.9569749069553,0.98482488499321,0.0013753772651910253,0.6969345129873604,0.0015852063698852533,0.9820505507792248
3500,1699.7,7.742738533619742,0.004555355964946603,1700.3672985030366,0.9844835014108655,0.0013704150323749808,0.696693463133973,0.0015714432905890496,0.9817109216677766
3501,1696.5,4.636809247747852,0.002733161949748218,1699.75427221603,0.9841285960132515,0.0013665682503190306,0.6964444969909259,0.001559092428676546,0.9813601352407062
3502,1698.7,7.774959806970066,0.004577005832089283,1699.1321636953023,0.9837684263808079,0.0013662457189640776,0.6961934487194481,0.0015504982781395836,0.9810064064596169
3503,1700.1,4.6690470119715,0.0027463366931189345,1698.490745035301,0.9833970834553571,0.0013684385215043725,0.6959361158085364,0.0015401984634183343,0.9806438281783738
3504,1694.1,8.82043082847998,0.0052065585434625935,1697.858545434273,0.9830310443197685,0.001372340846698998,0.69567539612532,0.00154413379675796,0.9802764437945894
3505,1697.3,4.764451699828639,0.0028070769456363864,1697.2116558557384,0.9826565070136608,0.0013689491799499939,0.6954096979104072,0.0015419952997662992,0.9799020495847524
3506,1694.5,4.69041575982343,0.0027680234640445143,1696.5277030177472,0.9822605186928687,0.0013639174747229537,0.6951298354537883,0.0015359264992740604,0.9795077065824275
3507,1698.7,6.220932405998316,0.003662172488372471,1695.8451163406924,0.9818653374997492,0.0013640758472629152,0.694851536109663,0.0015256831120553347,0.979115581344556
3508,1698.1,8.018728078691783,0.004722176596603135,1695.159883968709,0.9814686219960107,0.0013708864691015677,0.694573137505903,0.0015193962937757256,0.9787233152973596
3509,1692.5,8.154753215150045,0.0048181702896012086,1694.4715936830403,0.9810701560710771,0.001387378012280193,0.694294452198346,0.001509411053645184,0.9783306640753224
3510,1699.3,9.47100839404126,0.005573476369117436,1693.7739553566312,0.9806662522128102,0.0013863803609466458,0.6940128843304397,0.00150175435449454,0.9779339270268416
3511,1695.3,9.284395510748128,0.005476550174451795,1693.084149535196,0.9802668862839505,0.0013983123321407661,0.6937354550212197,0.001498850275305862,0.9775430189419652
3512,1689.7,4.738143096192854,0.002804132743204624,1692.393744645741,0.9798671664292165,0.0014018766130958176,0.6934586910719076,0.0014949487367712144,0.9771530426909996
3513,1692.5,12.31868499475492,0.007278395861007338,1691.6944633704952,0.9794623028716911,0.0014198791067615638,0.6931791824100366,0.0014996951254829544,0.9767591923532659
3514,1692.1,9.851395840184273,0.005821993877539314,1690.9761222503232,0.9790464255938458,0.0014408099365358438,0.6928927377818116,0.0014971317057662472,0.9763555924157699
3515,1687.1,7.553145040312677,0.004476999016248402,1690.2307298189385,0.9786148884218001,0.0014538954749363532,0.6925933368548011,0.0014898938596761705,0.9759337398960728
3516,1692.7,5.044799302251776,0.002980326875554898,1689.4637474083909,0.9781708492806891,0.0014755989836227254,0.6922861123173598,0.0014876762021519905,0.9755008583401663
3517,1693.9,8.218880702382776,0.0048520459899538204,1688.669373802244,0.9777109543133582,0.001495004255659212,0.6919686656184958,0.001483132893678383,0.9750535778245085
3518,1691.3,4.919349550499538,0.0029086203219414286,1687.8553921786602,0.9772396642228186,0.0015023038321519415,0.691644164620122,0.0014899970660664753,0.9745963149714261
3519,1692.1,3.2863353450309964,0.001942163787619524,1687.0371484048624,0.9767659273504432,0.0015135237456661154,0.6913188763770763,0.0014902782768260942,0.9741379649202215
3520,1685.9,1.8841443681416772,0.0011175896364800267,1686.2175571201958,0.9762913892224967,0.0015176442165326998,0.6909894184481145,0.0014955831472581703,0.9736737169222713
3521,1682.3,6.51536645170477,0.00387289214272411,1685.3913436675714,0.9758130470603689,0.0015302322768953797,0.6906579367812024,0.0014929396356591486,0.9732066505659382
3522,1681.5,10.735455276791944,0.00638445154730416,1684.5781585935504,0.9753422565563122,0.0015365960271701744,0.6903337016790383,0.0014836641403870963,0.9727498038477711
3523,1676.1,5.029910535983716,0.0030009608829924925,1683.7483291196481,0.9748618163444462,0.0015325289399608642,0.6900045334937988,0.0014742209364093264,0.9722859937050774
3524,1684.7,6.037383539249433,0.0035836549767017467,1682.8937295688186,0.9743670284746144,0.0015433386685119236,0.689667082050216,0.0014750938409483388,0.9718105062171085
3525,1682.9,5.128352561983234,0.0030473305377522334,1682.0163750197275,0.9738590628835458,0.0015568080213993903,0.689322152715029,0.0014786316336521934,0.9713244787156066
3526,1685.1,3.714835124201342,0.0022045190933483723,1681.096489430041,0.9733264721981115,0.0015642918479400868,0.6889589070141714,0.001479170520788325,0.9708126441104274
3527,1680.7,9.85900603509299,0.0058660118016856016,1680.169413455423,0.9727897075945622,0.0015702539856789768,0.6885947068686674,0.0014833600940816548,0.9702994508964548
3528,1680.5,13.711309200802088,0.008159065278668306,1679.2176981286411,0.9722386558696945,0.0015595901210752557,0.6882223779554567,0.001487479941231764,0.9697747819786702
3529,1681.9,4.801041553663121,0.002854534486986813,1678.296981303754,0.9717055551264371,0.0015475466281893201,0.6878647004288685,0.0014895337566602081,0.9692707561973091
3530,1684.5,12.469963913339926,0.007402768722671372,1677.3441715492463,0.9711538507102027,0.0015370950631440569,0.6874929003358293,0.0015015209287720292,0.9687468020508166
3531,1677.7,10.121758740456126,0.006033116016246127,1676.376603666055,0.9705935828759102,0.0015133239244013226,0.6871167674459564,0.0015142197461969068,0.9682167254648993
3532,1676.3,9.536770941990795,0.00568917910993903,1675.4000971720845,0.9700281959264133,0.001497111730024322,0.6867385700858828,0.001508241828151048,0.9676838011346293
3533,1675.7,14.23727502017152,0.008496314984884836,1674.4063817215506,0.9694528346028897,0.0014755660506993945,0.6863486119910599,0.0015039842519367975,0.967134295785467
3534,1677.9,3.714835124201342,0.00221397885702446,1673.4066823885082,0.9688740180737618,0.0014603861997120118,0.6859436838651123,0.0014991595122732899,0.9665637105976455
3535,1676.5,8.154753215150045,0.004864153423889081,1672.4211998093256,0.9683034162445738,0.0014487100572048157,0.6855464768382519,0.001502792609973255,0.9660039882739149
3536,1671.3,3.4928498393145966,0.0020898999816397995,1671.4249233735104,0.9677265549591112,0.0014495033713051839,0.6851466988296895,0.0015164285912595682,0.9654406309910734
3537,1672.9,7.940403012442127,0.004746489935107972,1670.396102920488,0.9671308529102138,0.0014487513777280713,0.6847353938784726,0.0015285208892702623,0.964861033099724
3538,1670.7,7.742738533619742,0.004634427804884026,1669.3768590150944,0.966540706788192,0.0014624145633071618,0.6843297880375648,0.0015429162210215033,0.9642894691296279
3539,1667.9,10.05236290630218,0.0060269577950129985,1668.3759711324958,0.9659612043075214,0.0014719827184924367,0.6839307467217243,0.0015491304520139895,0.9637271692408099
3540,1673.5,5.830951894845301,0.003484285566086227,1667.3434283353865,0.9653633686477932,0.00148356615094644,0.6835206080474706,0.0015584418950783008,0.963149226711324
3541,1666.9,3.646916505762094,0.002187843605352507,1666.2764015655691,0.9647455761740236,0.0014856884868080635,0.6830981691329427,0.0015597957347247577,0.9625539648076907
3542,1660.3,4.236744032862973,0.0025517942738438673,1665.192336304281,0.9641178999910901,0.0014764230688258974,0.6826624708782861,0.0015629296477293437,0.9619400011046352
3543,1670.3,6.88839603971781,0.004124047200932653,1664.1241239480019,0.9634993954149212,0.0014587982008666112,0.6822248271934007,0.0015648215535905238,0.9613232924268138
3544,1662.1,7.700649323271382,0.004633084244793564,1663.0496552788059,0.9628772635484495,0.0014551804160060247,0.6817876132342002,0.0015751944320260556,0.9607071809432493
3545,1662.9,8.44393273303382,0.005077835548159132,1661.9336072452988,0.9622310867274356,0.001440032778083298,0.6813362860043808,0.0015691838937216755,0.960071213736537
3546,1653.9,6.1278054799414114,0.00370506407880852,1660.814657819224,0.9615832260821783,0.0014229859057735912,0.680886640195009,0.001563883570012491,0.9594376104059743
3547,1660.9,9.838699100999076,0.005923715516285794,1659.7012952209739,0.9609385869468069,0.0014220527587718399,0.680442094241306,0.0015710272218239472,0.9588111753739966
3548,1657.3,5.805170109479997,0.0035027877327460308,1658.5661388872281,0.9602813149268229,0.0014213795476858116,0.6799913613101425,0.0015838213777249924,0.9581760084831703
3549,1659.9,5.079370039680118,0.0030600458097958414,1657.446560239288,0.9596330462387407,0.0014200021282962353,0.6795497018664275,0.0016021648502343127,0.9575536161288367
3550,1656.5,5.612486080160912,0.0033881594205619754,1656.300737636279,0.9589695901554013,0.0014171315890587667,0.6790892062006668,0.0016168403254981458,0.9569046899554141
3551,1659.7,7.049822692805827,0.004247648787615729,1655.1238232810442,0.9582881313209082,0.0014106845948450163,0.6786192636015718,0.0016302229703169418,0.9562424509443304
3552,1653.1,5.705260730238365,0.0034512496099681597,1653.938619407059,0.9576018474745156,0.0014091913599728176,0.6781491506210096,0.0016548715101420098,0.9555799429970581
3553,1652.5,13.133925536563698,0.007947912578858516,1652.719331926744,0.9568958199098618,0.0013976607539626204,0.6776575386646877,0.0016784007462817357,0.9548871295219893
3554,1649.1,7.797435475847172,0.004728297541596733,1651.4773985597712,0.9561766890042142,0.0013929417364270471,0.6771604608344537,0.0017014979011296695,0.9541866206849805
3555,1646.5,5.5,0.0033404190707561495,1650.2238796669924,0.9554508955578388,0.0013759388543366491,0.6766623686592638,0.0017035018560066907,0.9534847308275118
3556,1652.1,8.947066558375433,0.005415572034607731,1648.8981773481967,0.9546833112311279,0.0013696499837949042,0.6761383304209823,0.0017091084831447481,0.9527462822205928
3557,1645.7,10.779610382569492,0.006550167334611103,1647.5440786475133,0.953899272967889,0.0013618458295563793,0.675606216169211,0.0017185728238382938,0.9519964387656558
3558,1640.9,7.700649323271382,0.004692942484777489,1646.1961702001668,0.9531188206431531,0.001384687257000115,0.6750801252351684,0.0017394981059892882,0.9512550813308946
3559,1649.1,8.834591105421914,0.005357219759518474,1644.8339029447154,0.9523301335159076,0.001403588426706076,0.6745488899053876,0.0017318674473025006,0.950506558545691
3560,1642.3,6.88839603971781,0.00419435915467199,1643.4696882388766,0.9515402884515408,0.0014280168411678952,0.6740203588592727,0.0017370783755755238,0.9497618180174848
3561,1635.9,6.28887907341205,0.0038442930945730485,1642.1185555959444,0.9507579981712743,0.0014502157192315234,0.6735006113162132,0.0017481706718175144,0.949029431006134
3562,1640.9,13.202272531651511,0.008045750826772814,1640.7363528139472,0.9499577238734489,0.0014710210071715829,0.6729714539581645,0.0017570232169436051,0.9482837889454896
3563,1635.9,10.726136303441235,0.00655671881132174,1639.3110068508588,0.9491324950728892,0.0014768375281041803,0.6724278480569267,0.0017512598108588519,0.9475178134568921
3564,1636.1,6.18869937870632,0.0037825923713136855,1637.8562214965639,0.9482902086855102,0.0015044386653920625,0.6718673824469593,0.0017590980710568687,0.946728065672352
3565,1630.3,8.303613671167511,0.005093304098121519,1636.3641813274585,0.9474263632119577,0.0015298731385474322,0.6712846734843628,0.001762512538034456,0.9459069903248126
3566,1630.9,6.730527468185536,0.004126879310923745,1634.8346353519944,0.9465407828050256,0.0015370012367268142,0.6706908395779398,0.0017646726380740499,0.9450702233926538
3567,1633.1,5.856620185738529,0.0035861981420234703,1633.3017231267015,0.9456532244980764,0.0015418873908990053,0.6700997806995789,0.0017755287501673707,0.9442373318617822
3568,1630.9,4.954795656734998,0.0030380744722147265,1631.7128249708794,0.9447332487238868,0.0015322398362314935,0.6694898030055354,0.0017808438816517462,0.9433777861411368
3569,1634.7,6.996427659884722,0.004279945959432753,1630.0887888699285,0.9437929270815429,0.0015328989854703524,0.6688667156248199,0.0017910899535044066,0.9424997657156187
3570,1621.1,6.367888189973187,0.003928127931634808,1628.415563306091,0.942824163449238,0.0015057231561667501,0.668227465813517,0.001776856037483484,0.9415990094184084
3571,1625.5,12.816005617976296,0.00788434673514383,1626.7549657544787,0.9418626923370036,0.0014773653156134403,0.6675973118786591,0.0017685424191347804,0.9407110532345481
3572,1620.7,9.457801012920498,0.005835627206096439,1625.0551628002734,0.9408785147799641,0.0014539739970508554,0.6669548756896747,0.001764858264091471,0.9398057843446977
3573,1621.5,10.735455276791944,0.006620693972736321,1623.2977091792409,0.9398609614187862,0.0014241730767928593,0.6662924766050486,0.0017576859316113982,0.9388723923099255
3574,1624.5,7.14142842854285,0.0043960778261267165,1621.4942925568025,0.9388167905397207,0.0013940984359610165,0.6656148004539201,0.0017525206344724843,0.9379174668801845
3575,1619.3,7.085195833567341,0.004375468309496289,1619.6593102612933,0.9377543410316139,0.0013701571720848152,0.664927647059281,0.0017508686568873792,0.9369491795839421
3576,1614.3,6.6670833203133135,0.00413001506554749,1617.7833168184472,0.9366681449131763,0.0013508676395929892,0.6642270292262646,0.001751776036673744,0.9359619218220783
3577,1610.5,7.158910531638177,0.004445147799837427,1615.8704494056037,0.9355605980524888,0.001332097910106137,0.6635145354606606,0.0017534048782990898,0.9349579280199457
3578,1616.7,13.03648725692623,0.008063640290051481,1613.9064959749937,0.9344234938700924,0.0013254383145876955,0.662784219497397,0.0017527829654128144,0.9339288395087928
3579,1612.1,7.26636084983398,0.004507388406323417,1611.9090325583188,0.9332669880718065,0.0013195635098253275,0.6620431882765726,0.001752421244032783,0.9328846518184694
3580,1608.3,6.119640512317697,0.003805036692356959,1609.8802605606093,0.9320923552581529,0.0013143348361703139,0.6612922367289944,0.0017522565171397759,0.9318264851226518
3581,1609.5,11.554220008291344,0.007178763596328887,1607.8059539901212,0.9308913717759447,0.001302553228499226,0.6605254115500149,0.001745236573041356,0.9307459624221524
3582,1612.1,4.159326868617084,0.0025800675321736148,1605.7159954821614,0.9296813229399723,0.0012925689068594799,0.6597548797222921,0.0017399524520786112,0.9296602088280934
3583,1608.3,14.822280526288793,0.009216116723427715,1603.5989985611652,0.9284556134596595,0.0012813826140589044,0.6589758560125057,0.0017362006611883495,0.9285624834765015
3584,1605.3,5.357238094391549,0.003337219270162306,1601.4344401363464,0.927202380635805,0.001274715071786561,0.6581797977237913,0.0017294349017457594,0.9274407716725225
3585,1606.1,12.720062892926277,0.007919844899399961,1599.2516642569826,0.9259385555533504,0.0012656021882152205,0.6573786554910954,0.001736768238782469,0.926311844480874
3586,1603.7,8.482334584299302,0.005289227775955167,1597.0428457386868,0.9246596587945948,0.0012602684270486386,0.656569106317406,0.0017432421578174081,0.9251710761550871
3587,1596.1,7.924645102463581,0.004965005389677076,1594.8077098851543,0.9233655252107255,0.00125846975318212,0.6557509301065518,0.0017508003343036037,0.9240181511412159
3588,1596.1,7.469939758793239,0.004680120142092124,1592.5540571302172,0.9220606723799086,0.0012580805757546737,0.6549272277464905,0.001758240286581299,0.9228574398801221
3589,1593.7,7.710382610480495,0.004838038909757479,1590.2818672551116,0.9207450871286884,0.0012584241250493992,0.6540978856969137,0.0017658055285756612,0.9216887818527153
3590,1593.7,10.059821071967434,0.006312242625316831,1587.9868781096243,0.9194163041980843,0.001256811417522948,0.6532610456709396,0.0017717296313704556,0.9205095638845961
3591,1593.1,8.218880702382776,0.005159048837099226,1585.6767445873502,0.9180787537980271,0.0012542592805347078,0.6524197517207921,0.001776998339378026,0.9193240716078821
3592,1587.3,9.549869109050658,0.00601642355512547,1583.3512991862913,0.9167323458960268,0.0012558513311952987,0.6515738312736679,0.0017811719833437955,0.9181320668324677
3593,1596.3,13.636348484840067,0.008542472270149763,1581.0163978529854,0.9153804660473336,0.0012590112958265852,0.6507255912134979,0.0017849542487268345,0.9169367956493926
3594,1580.1,7.924645102463581,0.005015280743284337,1578.6658374359215,0.9140195224748228,0.0012660402989193927,0.6498723762150704,0.0017892646915915271,0.9157345171811528
3595,1579.9,10.101980003939822,0.006394062917868107,1576.3093070803238,0.9126551181210175,0.0012740899192207021,0.6490180728859594,0.0017953152969042287,0.914530699985734
3596,1581.7,5.5181518645285585,0.003488747464455054,1573.9344329029095,0.9112801007446125,0.0012645888323557192,0.6481574853471878,0.0017925784266818315,0.9133180341843821
3597,1582.3,12.517987058628874,0.007911260227914349,1571.5340661763707,0.9098903057196864,0.0012494898340597543,0.647287566538,0.0017935942100641253,0.9120922025234417
3598,1573.5,8.381527307120106,0.005326677665789708,1569.129258816741,0.9084979405779718,0.0012326016761114182,0.6464168850561859,0.0017937338883286939,0.9108652981207902
3599,1575.7,12.31665539016173,0.007816624605040127,1566.709520423139,0.9070969278044039,0.0012197526122885215,0.6455410197298167,0.0017962070427498893,0.9096310837953452
3600,1578.5,9.5524865872714,0.006051622798398099,1564.2923050174868,0.9056973753018823,0.0012068557396877825,0.6446670628236408,0.0017988470955244977,0.9083995576732592
3601,1570.3,5.044799302251776,0.0032126340840933428,1561.8714782966479,0.9042957330177319,0.0011985143029379834,0.6437923895289765,0.0018026960004816068,0.9071670228277451
3602,1572.7,7.710382610480495,0.00490264043395466,1559.46296027101,0.9029012145633125,0.001194750793629822,0.6429207445317702,0.0018089199197381823,0.9059387506998954
3603,1567.3,9.67987603226405,0.006176147535420181,1557.0527959848414,0.9015057449767454,0.0011948731749136423,0.6420515498276466,0.0018157803864987914,0.9047139327701201
3604,1568.7,2.9068883707497264,0.0018530556325299461,1554.6526635170806,0.900116083309371,0.001197027003907835,0.6411842608464837,0.0018233789355136263,0.9034917993618719
3605,1561.9,11.949895397031725,0.00765087098855991,1552.250257832819,0.8987250871870265,0.0012080129161957712,0.6403189661152853,0.0018395477139477384,0.9022724555687887
3606,1562.9,5.412947441089743,0.0034633997319660523,1549.8569816174927,0.8973393767827534,0.0012199975137434434,0.6394577310357914,0.0018559508023445028,0.9010588329700948
3607,1558.9,9.071934744033381,0.005819446240319059,1547.462304381293,0.8959528757725668,0.001244009421656134,0.6385961179359092,0.001870026153453916,0.8998446961033946
3608,1556.3,8.438009243891594,0.00542183977632307,1545.0631058112474,0.894563763467118,0.001269682774125448,0.6377327447196565,0.0018827697153527602,0.8986280853655041
3609,1544.7,8.333666660000267,0.005395006577329104,1542.6765192178568,0.8931819637525639,0.0012888054334226848,0.6368745901372129,0.0018901947302249597,0.897418837005981
3610,1552.5,8.396427811873332,0.005408327092994095,1540.2899258267776,0.8918001440623968,0.0013219297208385777,0.636016353779638,0.0019073823101238392,0.8962094550947535
3611,1541.7,13.349157276772193,0.008658725612487638,1537.9123576734219,0.8904235554065787,0.0013541065421525317,0.6351616733402982,0.0019227335888163859,0.8950050913401293
3612,1549.9,6.985699678629192,0.004507193805167554,1535.5533644632662,0.8890577248677152,0.0013774055878894532,0.6343144037625497,0.0019339825922882175,0.8938111726546
3613,1541.3,9.011104260855047,0.00584643110416859,1533.208646571665,0.8877001629251666,0.001397215632038767,0.6334726814726648,0.0019430463835626007,0.8926250763787376
3614,1542.1,5.128352561983234,0.003325564205942049,1530.8735026131972,0.8863481498394122,0.0014063560479044366,0.632634475862272,0.0019465942140534942,0.8914439458187952
3615,1534.3,6.815423684555495,0.0044420411161803395,1528.5428242126757,0.8849987291897943,0.0014105996667558235,0.6317975869551254,0.0019463540411977147,0.8902646819354867
3616,1528.5,8.986100377805714,0.005879031977628861,1526.22135789914,0.8836546513076906,0.0014069324029049354,0.630963887667527,0.0019405654820202243,0.8890899211609626
3617,1529.5,9.16515138991168,0.005992253278791553,1523.9079391763908,0.8823152219794039,0.0014115442575812944,0.6301328086878402,0.0019409757968799313,0.8879188389844297
3618,1525.7,5.674504383644443,0.003719279270921179,1521.6115233879766,0.8809856370329001,0.0014215801251407272,0.6293079660839809,0.001943428562721759,0.886756543001885
3619,1524.5,9.82344135219425,0.006443713579661692,1519.3231027261431,0.8796606552298032,0.001443476494130613,0.6284855485808537,0.001957794827680276,0.885597635677159
3620,1518.1,10.16366075781753,0.006694987654184527,1517.051474793224,0.8783453991410688,0.0014722301977887198,0.6276691092103845,0.0019739436859097055,0.8844471548359115
3621,1519.7,7.981227975693966,0.005251844426988199,1514.8038996940256,0.8770440621588633,0.001506034709329451,0.6268615679857334,0.0019941095636892186,0.8833092039921036
3622,1514.5,6.670832032063167,0.004404643137710906,1512.588027093152,0.8757610797183878,0.001542774319802241,0.6260660088534957,0.0020157064771355575,0.8821881361836169
3623,1511.9,7.283543093852058,0.004817476747041509,1510.3893137734317,0.8744880347343091,0.0015936955499994824,0.6252763310408954,0.0020423812768435557,0.8810753581808994
3624,1498.9,6.87749954561976,0.0045883644977114954,1508.2167908987765,0.8732301640955583,0.0016501397797859115,0.6244961907351796,0.0020687830539055474,0.8799760289738069
3625,1509.7,1.3038404810405297,0.0008636421017689141,1506.0759021969693,0.8719906107583923,0.001704720848478676,0.6237277615849777,0.0020944415906145077,0.8788932047807012
3626,1504.1,3.847076812334269,0.0025577267550922606,1503.9600305547438,0.8707655491199681,0.0017618842329428226,0.6229682233913254,0.002119724373692831,0.8778229153879644
3627,1504.3,7.479973261984297,0.004972394643345274,1501.8681822895921,0.869554402295131,0.0018037353009256137,0.6222170839325525,0.002137409309133409,0.8767644712073108
3628,1500.5,6.2048368229954285,0.004135179488834007,1499.8053801955557,0.8683600764167538,0.0018519878067142423,0.6214763440089877,0.002157258578531336,0.8757206848638853
3629,1485.5,8.573214099741124,0.005771264961118226,1497.776901544217,0.8671856257886097,0.001905668124500653,0.6207481116580487,0.002179292741312463,0.8746945257349805
3630,1491.7,4.43846820423443,0.0029754429203153647,1495.749266503357,0.8660116728716043,0.0019733780292575634,0.6200184310960051,0.002205869515876733,0.8736663310263614
3631,1490.7,6.704476116744694,0.0044975354643755905,1493.7442191330597,0.8648507968312433,0.0020446840586933533,0.6192962324013388,0.002235157186279864,0.8726486763549725
3632,1488.5,10.700467279516348,0.007188758669476888,1491.7787750915381,0.8637128532348,0.002118157720593313,0.6185884915813575,0.002265625069713671,0.8716513967985675
3633,1480.7,6.553624951124378,0.004426031573664063,1489.8422531197555,0.8625916548606455,0.00219887635838439,0.6178907027881347,0.0023005345413863233,0.870668140681409
3634,1479.1,16.402743672934722,0.011089678637640946,1487.9416510014914,0.8614912580856281,0.0022718120838314954,0.6172056906673364,0.00233141581211422,0.8697028955506332
3635,1479.7,14.872793954062566,0.010051222514065395,1486.0576598175694,0.8604004935540631,0.0023252219276665774,0.6165253679935316,0.0023496931858565133,0.8687442791332064
3636,1471.9,8.065358020571685,0.005479555690312986,1484.2127522007602,0.8593323387426757,0.0023803697993258037,0.6158589793167535,0.0023737944079294604,0.8678052769104122
3637,1468.9,7.402702209328699,0.005039622989535502,1482.3774540742204,0.8582697428235105,0.0024467848302144237,0.6151942171532936,0.0024053292475872336,0.8668685593311547
3638,1461.3,11.388590782006348,0.0077934652583359675,1480.5654613843494,0.8572206205200781,0.0025174629515386884,0.6145366850757517,0.0024441385661115116,0.8659420092356296
3639,1463.3,8.599418584997476,0.005876729710242244,1478.7893186538226,0.8561922555359665,0.0025894532779289943,0.6138915123750961,0.0024839233672555973,0.8650328739731533
3640,1463.7,10.03493896344168,0.006855871396762779,1477.045923871135,0.8551828589997076,0.002664388916523967,0.6132756352486675,0.0025241098079493546,0.8641650256361852
3641,1457.9,7.436396977031283,0.005100759295583567,1475.3503804526476,0.8542011680012547,0.002740342332189532,0.6126781058556372,0.00256531197567742,0.8633230314785199
3642,1462.1,6.4265076052238514,0.004395395393765031,1473.6879116196103,0.8532386466525216,0.002819720761329734,0.612092726973737,0.002604735373449121,0.8624981773088454
3643,1454.3,2.539685019840059,0.0017463281440143429,1472.0693683989532,0.8523015396209692,0.002899665501893658,0.611523943467419,0.0026488541986343637,0.8616966878240719
3644,1455.1,11.28273016605467,0.007753920806854973,1470.4959874469455,0.8513905856177454,0.00297859419209569,0.6109722086224847,0.0026919555002658494,0.8609192266913451
3645,1454.5,4.527692569068709,0.0031128859189197035,1468.9648933416738,0.8505041189123222,0.0030497149804892382,0.610436267245868,0.0027303138066301982,0.8601640268313225
3646,1444.1,6.87749954561976,0.004762481507942498,1467.4873127258902,0.8496486365918268,0.0031208473885848908,0.6099207244613142,0.002768940893126523,0.8594375716456858
3647,1444.7,10.121758740456126,0.007006131889289213,1466.0196877595517,0.8487988814536367,0.003187679523957751,0.6094074150331487,0.002812637353004972,0.8587142233022803
