ISO-10303-21;
HEADER;
FILE_DESCRIPTION (( 'STEP AP203' ),
    '1' );
FILE_NAME ('TCD1304¾µ¼Ü.STEP',
    '2026-05-06T01:08:14',
    ( '' ),
    ( '' ),
    'SwSTEP 2.0',
    'SolidWorks 2024',
    '' );
FILE_SCHEMA (( 'CONFIG_CONTROL_DESIGN' ));
ENDSEC;

DATA;
#1 = CARTESIAN_POINT ( 'NONE',  ( 21.71000000000002572, -8.318717245530233839, 11.30000000000000071 ) ) ;
#2 = CARTESIAN_POINT ( 'NONE',  ( 19.99749371855331148, 10.49999999999997868, 11.30000000000000071 ) ) ;
#3 = LINE ( 'NONE', #1531, #84 ) ;
#4 = CARTESIAN_POINT ( 'NONE',  ( 21.71000000000002572, 10.49999999999997868, 8.500000000000000000 ) ) ;
#5 = DIRECTION ( 'NONE',  ( 0.000000000000000000, 0.000000000000000000, -1.000000000000000000 ) ) ;
#6 = ADVANCED_FACE ( 'NONE', ( #195 ), #1889, .T. ) ;
#7 = ORIENTED_EDGE ( 'NONE', *, *, #901, .F. ) ;
#8 = FACE_OUTER_BOUND ( 'NONE', #660, .T. ) ;
#9 = EDGE_CURVE ( 'NONE', #1032, #1314, #794, .T. ) ;
#10 = EDGE_LOOP ( 'NONE', ( #393, #1255, #998, #810, #1348, #414, #1429, #1625, #1816, #528, #1321, #1477 ) ) ;
#11 = CARTESIAN_POINT ( 'NONE',  ( 21.71000000000002572, -10.50000000000002309, 0.000000000000000000 ) ) ;
#12 = VECTOR ( 'NONE', #1391, 1000.000000000000000 ) ;
#13 = CARTESIAN_POINT ( 'NONE',  ( 6.535772912950990943, -10.50000000000002309, 2.000000000000000000 ) ) ;
#14 = AXIS2_PLACEMENT_3D ( 'NONE', #1376, #454, #737 ) ;
#15 = AXIS2_PLACEMENT_3D ( 'NONE', #1120, #1555, #1269 ) ;
#16 = CARTESIAN_POINT ( 'NONE',  ( -10.53577291295099272, -10.50000000000003020, 2.000000000000000000 ) ) ;
#17 = ORGANIZATION ( 'æœª', 'æœª', '' ) ;
#18 = CIRCLE ( 'NONE', #428, 1.500000000000001332 ) ;
#19 = DIRECTION ( 'NONE',  ( 3.121622796340347173E-16, -1.000000000000000000, 0.000000000000000000 ) ) ;
#20 = LINE ( 'NONE', #745, #645 ) ;
#21 = DIRECTION ( 'NONE',  ( -0.000000000000000000, -0.000000000000000000, 1.000000000000000000 ) ) ;
#22 = VERTEX_POINT ( 'NONE', #1416 ) ;
#23 = EDGE_CURVE ( 'NONE', #506, #860, #1610, .T. ) ;
#24 = LINE ( 'NONE', #633, #1512 ) ;
#25 = PLANE ( 'NONE',  #433 ) ;
#26 = CARTESIAN_POINT ( 'NONE',  ( -6.535772912950984725, -16.05712073223750025, 8.000000000000000000 ) ) ;
#27 = DIRECTION ( 'NONE',  ( -0.000000000000000000, -0.000000000000000000, -1.000000000000000000 ) ) ;
#28 = COORDINATED_UNIVERSAL_TIME_OFFSET ( 8, 0, .AHEAD. ) ;
#29 = ORIENTED_EDGE ( 'NONE', *, *, #1692, .T. ) ;
#30 = DIRECTION ( 'NONE',  ( 0.000000000000000000, 0.000000000000000000, 1.000000000000000000 ) ) ;
#31 = DIRECTION ( 'NONE',  ( -0.000000000000000000, -0.000000000000000000, 1.000000000000000000 ) ) ;
#32 = ORIENTED_EDGE ( 'NONE', *, *, #339, .F. ) ;
#33 = DIRECTION ( 'NONE',  ( -1.000000000000000000, 0.000000000000000000, 0.000000000000000000 ) ) ;
#34 = ADVANCED_FACE ( 'NONE', ( #1755, #492 ), #1122, .T. ) ;
#35 = LINE ( 'NONE', #634, #552 ) ;
#36 = ADVANCED_FACE ( 'NONE', ( #984 ), #228, .T. ) ;
#37 = LINE ( 'NONE', #1394, #401 ) ;
#38 = VERTEX_POINT ( 'NONE', #947 ) ;
#39 = PERSON_AND_ORGANIZATION_ROLE ( 'creator' ) ;
#40 = CARTESIAN_POINT ( 'NONE',  ( 0.000000000000000000, -21.49999999999997158, 2.499999999999999556 ) ) ;
#41 = CARTESIAN_POINT ( 'NONE',  ( 10.53577291295099094, -10.50000000000002309, 8.000000000000000000 ) ) ;
#42 = VERTEX_POINT ( 'NONE', #651 ) ;
#43 = CARTESIAN_POINT ( 'NONE',  ( 0.000000000000000000, -31.49999999999997158, 2.499999999999999556 ) ) ;
#44 = CARTESIAN_POINT ( 'NONE',  ( 19.50000000000004619, 8.049999999999970512, 11.30000000000000071 ) ) ;
#45 = EDGE_CURVE ( 'NONE', #383, #1700, #355, .T. ) ;
#46 = VECTOR ( 'NONE', #1788, 1000.000000000000000 ) ;
#47 = CARTESIAN_POINT ( 'NONE',  ( -10.53577291295099272, -10.50000000000003020, 6.000000000000000000 ) ) ;
#48 = VECTOR ( 'NONE', #83, 1000.000000000000000 ) ;
#49 = EDGE_CURVE ( 'NONE', #994, #1848, #889, .T. ) ;
#50 = VECTOR ( 'NONE', #318, 1000.000000000000000 ) ;
#51 = AXIS2_PLACEMENT_3D ( 'NONE', #1402, #1524, #1238 ) ;
#52 = LINE ( 'NONE', #1559, #1253 ) ;
#53 = LOCAL_TIME ( 9, 8, 14.00000000000000000, #818 ) ;
#54 = DIRECTION ( 'NONE',  ( -1.000000000000000000, 0.000000000000000000, 0.000000000000000000 ) ) ;
#55 = EDGE_LOOP ( 'NONE', ( #547, #668 ) ) ;
#56 = DIRECTION ( 'NONE',  ( 0.000000000000000000, -1.000000000000000000, 0.000000000000000000 ) ) ;
#57 = DIRECTION ( 'NONE',  ( -1.560811398170173389E-15, 1.000000000000000000, 0.000000000000000000 ) ) ;
#58 = ORIENTED_EDGE ( 'NONE', *, *, #567, .T. ) ;
#59 = CALENDAR_DATE ( 2026, 6, 5 ) ;
#60 = VERTEX_POINT ( 'NONE', #596 ) ;
#61 = EDGE_CURVE ( 'NONE', #1350, #22, #1254, .T. ) ;
#62 = EDGE_LOOP ( 'NONE', ( #128, #1285, #1887, #1315 ) ) ;
#63 = CARTESIAN_POINT ( 'NONE',  ( -21.70999999999997598, -15.50000000000002487, 16.00000000000000000 ) ) ;
#64 = DIRECTION ( 'NONE',  ( -1.000000000000000000, 0.000000000000000000, 0.000000000000000000 ) ) ;
#65 = ORIENTED_EDGE ( 'NONE', *, *, #714, .T. ) ;
#66 = ORIENTED_EDGE ( 'NONE', *, *, #1837, .F. ) ;
#67 = DIRECTION ( 'NONE',  ( 1.560811398170173389E-15, -1.000000000000000000, 0.000000000000000000 ) ) ;
#68 = LINE ( 'NONE', #1753, #1329 ) ;
#69 = ORIENTED_EDGE ( 'NONE', *, *, #610, .F. ) ;
#70 = ORIENTED_EDGE ( 'NONE', *, *, #590, .T. ) ;
#71 = ORIENTED_EDGE ( 'NONE', *, *, #1912, .F. ) ;
#72 = LINE ( 'NONE', #1891, #430 ) ;
#73 = EDGE_CURVE ( 'NONE', #817, #537, #1360, .T. ) ;
#74 = LINE ( 'NONE', #85, #558 ) ;
#75 = EDGE_LOOP ( 'NONE', ( #211, #1453, #1566, #879 ) ) ;
#76 = EDGE_LOOP ( 'NONE', ( #1696, #103, #189, #1214 ) ) ;
#77 = LINE ( 'NONE', #1607, #1354 ) ;
#78 = EDGE_CURVE ( 'NONE', #1011, #813, #1594, .T. ) ;
#79 = DIRECTION ( 'NONE',  ( 0.000000000000000000, 0.000000000000000000, -1.000000000000000000 ) ) ;
#80 = VECTOR ( 'NONE', #127, 1000.000000000000000 ) ;
#81 = VECTOR ( 'NONE', #630, 1000.000000000000000 ) ;
#82 = ORIENTED_EDGE ( 'NONE', *, *, #731, .F. ) ;
#83 = DIRECTION ( 'NONE',  ( -0.000000000000000000, -0.000000000000000000, -1.000000000000000000 ) ) ;
#84 = VECTOR ( 'NONE', #789, 1000.000000000000000 ) ;
#85 = CARTESIAN_POINT ( 'NONE',  ( -5.150000000000003020, 6.499999999999977796, 28.50000000000000355 ) ) ;
#86 = EDGE_LOOP ( 'NONE', ( #384, #521, #1928 ) ) ;
#87 = LOCAL_TIME ( 9, 8, 14.00000000000000000, #194 ) ;
#88 = VERTEX_POINT ( 'NONE', #1433 ) ;
#89 = CARTESIAN_POINT ( 'NONE',  ( 0.000000000000000000, 0.000000000000000000, 2.000000000000000000 ) ) ;
#90 = CIRCLE ( 'NONE', #518, 2.500000000000002220 ) ;
#91 = ADVANCED_FACE ( 'NONE', ( #1409 ), #1389, .F. ) ;
#92 = AXIS2_PLACEMENT_3D ( 'NONE', #938, #653, #1731 ) ;
#93 = DIRECTION ( 'NONE',  ( 0.000000000000000000, -1.000000000000000000, 0.000000000000000000 ) ) ;
#94 = CARTESIAN_POINT ( 'NONE',  ( 19.50000000000004619, 8.049999999999970512, 11.30000000000000071 ) ) ;
#95 = VERTEX_POINT ( 'NONE', #1882 ) ;
#96 = CARTESIAN_POINT ( 'NONE',  ( -8.941627117004948389, -16.05712073223750025, 8.000000000000000000 ) ) ;
#97 = CARTESIAN_POINT ( 'NONE',  ( 16.99999999999996447, -7.150000000000024336, 11.30000000000000071 ) ) ;
#98 = VERTEX_POINT ( 'NONE', #621 ) ;
#99 = CARTESIAN_POINT ( 'NONE',  ( 5.149999999999998579, 10.49999999999997868, 28.50000000000000355 ) ) ;
#100 = EDGE_CURVE ( 'NONE', #940, #1867, #1551, .T. ) ;
#101 = LINE ( 'NONE', #364, #242 ) ;
#102 = EDGE_CURVE ( 'NONE', #977, #1011, #371, .T. ) ;
#103 = ORIENTED_EDGE ( 'NONE', *, *, #388, .T. ) ;
#104 = CARTESIAN_POINT ( 'NONE',  ( 17.99999999999999645, 8.049999999999970512, 8.000000000000000000 ) ) ;
#105 = DIRECTION ( 'NONE',  ( -1.000000000000000000, 0.000000000000000000, -0.000000000000000000 ) ) ;
#106 = ORIENTED_EDGE ( 'NONE', *, *, #672, .F. ) ;
#107 = ORIENTED_EDGE ( 'NONE', *, *, #877, .T. ) ;
#108 = DIRECTION ( 'NONE',  ( -0.000000000000000000, -0.000000000000000000, -1.000000000000000000 ) ) ;
#109 = CARTESIAN_POINT ( 'NONE',  ( 8.941627117004923520, -16.05712073223749670, 6.000000000000000000 ) ) ;
#110 = DIRECTION ( 'NONE',  ( 0.000000000000000000, -0.000000000000000000, 1.000000000000000000 ) ) ;
#111 = EDGE_CURVE ( 'NONE', #1465, #88, #663, .T. ) ;
#112 = EDGE_CURVE ( 'NONE', #490, #1963, #1108, .T. ) ;
#113 = ORIENTED_EDGE ( 'NONE', *, *, #922, .T. ) ;
#114 = CARTESIAN_POINT ( 'NONE',  ( -20.00000000000003908, 8.049999999999963407, 8.500000000000000000 ) ) ;
#115 = DIRECTION ( 'NONE',  ( -0.000000000000000000, -0.000000000000000000, 1.000000000000000000 ) ) ;
#116 = VECTOR ( 'NONE', #208, 1000.000000000000000 ) ;
#117 = ORIENTED_EDGE ( 'NONE', *, *, #1403, .T. ) ;
#118 = DIRECTION ( 'NONE',  ( -1.000000000000000000, 0.000000000000000000, 0.000000000000000000 ) ) ;
#119 = CIRCLE ( 'NONE', #15, 1.500000000000000444 ) ;
#120 = DIRECTION ( 'NONE',  ( -1.000000000000000000, 0.000000000000000000, 0.000000000000000000 ) ) ;
#121 = ORIENTED_EDGE ( 'NONE', *, *, #911, .F. ) ;
#122 = CARTESIAN_POINT ( 'NONE',  ( 19.49999999999996092, -7.150000000000024336, 11.30000000000000071 ) ) ;
#123 = ADVANCED_FACE ( 'NONE', ( #1712 ), #340, .T. ) ;
#124 = ORIENTED_EDGE ( 'NONE', *, *, #1683, .F. ) ;
#125 = ORIENTED_EDGE ( 'NONE', *, *, #1454, .F. ) ;
#126 = CARTESIAN_POINT ( 'NONE',  ( -10.53577291295099272, -15.50000000000002487, 8.000000000000000000 ) ) ;
#127 = DIRECTION ( 'NONE',  ( -0.000000000000000000, 1.000000000000000000, -0.000000000000000000 ) ) ;
#128 = ORIENTED_EDGE ( 'NONE', *, *, #942, .F. ) ;
#129 = LINE ( 'NONE', #104, #1034 ) ;
#130 = ORIENTED_EDGE ( 'NONE', *, *, #1841, .F. ) ;
#131 = ADVANCED_FACE ( 'NONE', ( #1116 ), #1266, .F. ) ;
#132 = ORIENTED_EDGE ( 'NONE', *, *, #743, .T. ) ;
#133 = CARTESIAN_POINT ( 'NONE',  ( -21.70999999999997598, -15.50000000000002487, 16.00000000000000000 ) ) ;
#134 = EDGE_CURVE ( 'NONE', #820, #524, #1006, .T. ) ;
#135 = CARTESIAN_POINT ( 'NONE',  ( -21.70999999999997598, -8.973705020007448852, 11.30000000000000071 ) ) ;
#136 = COORDINATED_UNIVERSAL_TIME_OFFSET ( 8, 0, .AHEAD. ) ;
#137 = ORIENTED_EDGE ( 'NONE', *, *, #791, .T. ) ;
#138 = ORIENTED_EDGE ( 'NONE', *, *, #408, .T. ) ;
#139 = DIRECTION ( 'NONE',  ( -1.000000000000000000, 0.000000000000000000, 0.000000000000000000 ) ) ;
#140 = VECTOR ( 'NONE', #199, 1000.000000000000000 ) ;
#141 = DIRECTION ( 'NONE',  ( -0.000000000000000000, 1.000000000000000000, -0.000000000000000000 ) ) ;
#142 = CIRCLE ( 'NONE', #839, 2.500000000000002220 ) ;
#143 = DIRECTION ( 'NONE',  ( -0.000000000000000000, 1.000000000000000000, -0.000000000000000000 ) ) ;
#144 = EDGE_CURVE ( 'NONE', #654, #1152, #812, .T. ) ;
#145 = VECTOR ( 'NONE', #1762, 1000.000000000000000 ) ;
#146 =( GEOMETRIC_REPRESENTATION_CONTEXT ( 3 ) GLOBAL_UNCERTAINTY_ASSIGNED_CONTEXT ( ( #406 ) ) GLOBAL_UNIT_ASSIGNED_CONTEXT ( ( #892, #470, #1230 ) ) REPRESENTATION_CONTEXT ( 'NONE', 'WORKASPACE' ) );
#147 = EDGE_LOOP ( 'NONE', ( #426, #734, #1148, #65 ) ) ;
#148 = ORIENTED_EDGE ( 'NONE', *, *, #162, .F. ) ;
#149 = LINE ( 'NONE', #1, #864 ) ;
#150 = ORIENTED_EDGE ( 'NONE', *, *, #965, .F. ) ;
#151 = CARTESIAN_POINT ( 'NONE',  ( -20.00000000000003908, 8.049999999999963407, 8.500000000000000000 ) ) ;
#152 = DIRECTION ( 'NONE',  ( -0.000000000000000000, -0.000000000000000000, 1.000000000000000000 ) ) ;
#153 = EDGE_CURVE ( 'NONE', #537, #817, #1519, .T. ) ;
#154 = DIRECTION ( 'NONE',  ( 1.000000000000000000, -0.000000000000000000, -0.000000000000000000 ) ) ;
#155 = EDGE_CURVE ( 'NONE', #1729, #533, #784, .T. ) ;
#156 = DIRECTION ( 'NONE',  ( -1.000000000000000000, 0.000000000000000000, 0.000000000000000000 ) ) ;
#157 = VERTEX_POINT ( 'NONE', #1569 ) ;
#158 = CARTESIAN_POINT ( 'NONE',  ( -20.00000000000003908, 8.049999999999963407, 8.000000000000000000 ) ) ;
#159 = DIRECTION ( 'NONE',  ( -1.000000000000000000, 0.000000000000000000, 0.000000000000000000 ) ) ;
#160 = LINE ( 'NONE', #1831, #576 ) ;
#161 = CARTESIAN_POINT ( 'NONE',  ( -10.53577291295099272, -10.50000000000003020, 6.000000000000000000 ) ) ;
#162 = EDGE_CURVE ( 'NONE', #813, #1201, #773, .T. ) ;
#163 = ORIENTED_EDGE ( 'NONE', *, *, #542, .F. ) ;
#164 = CARTESIAN_POINT ( 'NONE',  ( -21.70999999999997598, -10.50000000000002309, 11.30000000000000071 ) ) ;
#165 = ORIENTED_EDGE ( 'NONE', *, *, #1668, .T. ) ;
#166 = LINE ( 'NONE', #1714, #870 ) ;
#167 = VECTOR ( 'NONE', #1345, 1000.000000000000000 ) ;
#168 = AXIS2_PLACEMENT_3D ( 'NONE', #1160, #1614, #1008 ) ;
#169 = FACE_OUTER_BOUND ( 'NONE', #500, .T. ) ;
#170 = PLANE ( 'NONE',  #710 ) ;
#171 = CIRCLE ( 'NONE', #802, 2.500000000000002220 ) ;
#172 = LINE ( 'NONE', #1834, #1256 ) ;
#173 = CC_DESIGN_APPROVAL ( #1878, ( #1133 ) ) ;
#174 = APPLICATION_PROTOCOL_DEFINITION ( 'international standard', 'config_control_design', 1994, #418 ) ;
#175 = ORIENTED_EDGE ( 'NONE', *, *, #626, .F. ) ;
#176 = DIRECTION ( 'NONE',  ( -0.000000000000000000, -0.000000000000000000, 1.000000000000000000 ) ) ;
#177 = EDGE_CURVE ( 'NONE', #1576, #1596, #562, .T. ) ;
#178 = CARTESIAN_POINT ( 'NONE',  ( -6.535772912951009594, -1.020110885838581154E-14, 8.000000000000000000 ) ) ;
#179 = ORIENTED_EDGE ( 'NONE', *, *, #111, .F. ) ;
#180 = LINE ( 'NONE', #1210, #1740 ) ;
#181 = DIRECTION ( 'NONE',  ( -0.000000000000000000, -0.000000000000000000, 1.000000000000000000 ) ) ;
#182 = PLANE ( 'NONE',  #613 ) ;
#183 = LINE ( 'NONE', #1371, #679 ) ;
#184 = EDGE_LOOP ( 'NONE', ( #849, #765 ) ) ;
#185 = DATE_TIME_ROLE ( 'creation_date' ) ;
#186 = DIRECTION ( 'NONE',  ( 1.560811398170173389E-15, -1.000000000000000000, 0.000000000000000000 ) ) ;
#187 = PLANE ( 'NONE',  #1259 ) ;
#188 = ADVANCED_FACE ( 'NONE', ( #197, #1560 ), #187, .T. ) ;
#189 = ORIENTED_EDGE ( 'NONE', *, *, #725, .F. ) ;
#190 = DIRECTION ( 'NONE',  ( -1.000000000000000000, 0.000000000000000000, 0.000000000000000000 ) ) ;
#191 = PLANE ( 'NONE',  #1513 ) ;
#192 = EDGE_CURVE ( 'NONE', #1396, #845, #402, .T. ) ;
#193 = DIRECTION ( 'NONE',  ( -0.000000000000000000, -0.000000000000000000, -1.000000000000000000 ) ) ;
#194 = COORDINATED_UNIVERSAL_TIME_OFFSET ( 8, 0, .AHEAD. ) ;
#195 = FACE_OUTER_BOUND ( 'NONE', #1304, .T. ) ;
#196 = CARTESIAN_POINT ( 'NONE',  ( -21.50000000000003908, -7.150000000000039435, 16.00000000000000000 ) ) ;
#197 = FACE_BOUND ( 'NONE', #1496, .T. ) ;
#198 = VERTEX_POINT ( 'NONE', #1451 ) ;
#199 = DIRECTION ( 'NONE',  ( -0.000000000000000000, -0.000000000000000000, 1.000000000000000000 ) ) ;
#200 = ADVANCED_FACE ( 'NONE', ( #1025 ), #988, .F. ) ;
#201 = CARTESIAN_POINT ( 'NONE',  ( 6.535772912950992719, -16.05712073223750025, 0.000000000000000000 ) ) ;
#202 = VECTOR ( 'NONE', #1603, 1000.000000000000000 ) ;
#203 = EDGE_LOOP ( 'NONE', ( #1448, #1171, #106, #1520, #1197, #1661, #1658, #69 ) ) ;
#204 = VECTOR ( 'NONE', #1437, 1000.000000000000000 ) ;
#205 = ORIENTED_EDGE ( 'NONE', *, *, #177, .T. ) ;
#206 = VECTOR ( 'NONE', #1847, 1000.000000000000000 ) ;
#207 = AXIS2_PLACEMENT_3D ( 'NONE', #1174, #557, #1635 ) ;
#208 = DIRECTION ( 'NONE',  ( 0.000000000000000000, -1.000000000000000000, 0.000000000000000000 ) ) ;
#209 = CARTESIAN_POINT ( 'NONE',  ( -21.70999999999997598, 6.499999999999977796, 16.00000000000000000 ) ) ;
#210 = AXIS2_PLACEMENT_3D ( 'NONE', #505, #926, #54 ) ;
#211 = ORIENTED_EDGE ( 'NONE', *, *, #1935, .F. ) ;
#212 = DIRECTION ( 'NONE',  ( -1.000000000000000000, 0.000000000000000000, 0.000000000000000000 ) ) ;
#213 = CYLINDRICAL_SURFACE ( 'NONE', #330, 1.500000000000035971 ) ;
#214 = LINE ( 'NONE', #957, #1868 ) ;
#215 = EDGE_CURVE ( 'NONE', #22, #389, #74, .T. ) ;
#216 = CYLINDRICAL_SURFACE ( 'NONE', #1942, 1.500000000000000444 ) ;
#217 = PERSON_AND_ORGANIZATION ( #1077, #17 ) ;
#218 = EDGE_CURVE ( 'NONE', #1596, #1576, #1062, .T. ) ;
#219 = ORIENTED_EDGE ( 'NONE', *, *, #1511, .T. ) ;
#220 = CARTESIAN_POINT ( 'NONE',  ( 19.50000000000004619, 8.049999999999970512, 16.00000000000000000 ) ) ;
#221 = DIRECTION ( 'NONE',  ( 0.000000000000000000, 1.000000000000000000, -0.000000000000000000 ) ) ;
#222 = ORIENTED_EDGE ( 'NONE', *, *, #1245, .T. ) ;
#223 = ORIENTED_EDGE ( 'NONE', *, *, #1694, .F. ) ;
#224 = DIRECTION ( 'NONE',  ( 0.000000000000000000, -0.000000000000000000, -1.000000000000000000 ) ) ;
#225 = AXIS2_PLACEMENT_3D ( 'NONE', #44, #1084, #1684 ) ;
#226 = CARTESIAN_POINT ( 'NONE',  ( 21.71000000000002572, 10.49999999999997868, 11.30000000000000071 ) ) ;
#227 = EDGE_LOOP ( 'NONE', ( #559, #132, #1342, #1262 ) ) ;
#228 = CYLINDRICAL_SURFACE ( 'NONE', #247, 2.499999999999998668 ) ;
#229 = ORIENTED_EDGE ( 'NONE', *, *, #1319, .F. ) ;
#230 = DIRECTION ( 'NONE',  ( 1.000000000000000000, 0.000000000000000000, 0.000000000000000000 ) ) ;
#231 = EDGE_CURVE ( 'NONE', #1747, #1157, #526, .T. ) ;
#232 = FACE_OUTER_BOUND ( 'NONE', #1689, .T. ) ;
#233 = ORIENTED_EDGE ( 'NONE', *, *, #493, .T. ) ;
#234 = ORIENTED_EDGE ( 'NONE', *, *, #1724, .T. ) ;
#235 = FACE_OUTER_BOUND ( 'NONE', #1311, .T. ) ;
#236 = CARTESIAN_POINT ( 'NONE',  ( -21.70999999999997598, -15.50000000000002487, 8.000000000000000000 ) ) ;
#237 = AXIS2_PLACEMENT_3D ( 'NONE', #151, #909, #1226 ) ;
#238 = ORIENTED_EDGE ( 'NONE', *, *, #1724, .F. ) ;
#239 = AXIS2_PLACEMENT_3D ( 'NONE', #158, #1079, #752 ) ;
#240 = ORIENTED_EDGE ( 'NONE', *, *, #1050, .F. ) ;
#241 = DIRECTION ( 'NONE',  ( -1.000000000000000000, 0.000000000000000000, 0.000000000000000000 ) ) ;
#242 = VECTOR ( 'NONE', #249, 1000.000000000000000 ) ;
#243 = DIRECTION ( 'NONE',  ( -1.000000000000000000, 0.000000000000000000, 0.000000000000000000 ) ) ;
#244 = EDGE_CURVE ( 'NONE', #1331, #157, #702, .T. ) ;
#245 = ORIENTED_EDGE ( 'NONE', *, *, #1613, .F. ) ;
#246 = CARTESIAN_POINT ( 'NONE',  ( 6.535772912950990943, -10.50000000000002309, 0.000000000000000000 ) ) ;
#247 = AXIS2_PLACEMENT_3D ( 'NONE', #94, #691, #1718 ) ;
#248 = ADVANCED_FACE ( 'NONE', ( #262 ), #694, .F. ) ;
#249 = DIRECTION ( 'NONE',  ( 1.000000000000000000, -0.000000000000000000, -0.000000000000000000 ) ) ;
#250 = EDGE_LOOP ( 'NONE', ( #632, #1455, #751, #1180 ) ) ;
#251 = CARTESIAN_POINT ( 'NONE',  ( 21.71000000000002572, -15.50000000000002487, 16.00000000000000000 ) ) ;
#252 = DIRECTION ( 'NONE',  ( -1.000000000000000000, 0.000000000000000000, 0.000000000000000000 ) ) ;
#253 = EDGE_LOOP ( 'NONE', ( #1485, #1361 ) ) ;
#254 = EDGE_LOOP ( 'NONE', ( #413, #1005, #727, #1441, #137 ) ) ;
#255 = CARTESIAN_POINT ( 'NONE',  ( -21.70999999999997598, 6.226294979992553991, 11.30000000000000071 ) ) ;
#256 = CC_DESIGN_DATE_AND_TIME_ASSIGNMENT ( #793, #185, ( #1131 ) ) ;
#257 = LINE ( 'NONE', #1337, #556 ) ;
#258 = EDGE_CURVE ( 'NONE', #1078, #673, #1126, .T. ) ;
#259 = DIRECTION ( 'NONE',  ( 1.000000000000000000, 0.000000000000000000, 0.000000000000000000 ) ) ;
#260 = EDGE_LOOP ( 'NONE', ( #1406, #124, #1290, #1815, #32, #179, #223, #780, #753, #719, #842, #1592, #272, #1678 ) ) ;
#261 = DIRECTION ( 'NONE',  ( -0.000000000000000000, -0.000000000000000000, -1.000000000000000000 ) ) ;
#262 = FACE_OUTER_BOUND ( 'NONE', #1567, .T. ) ;
#263 = ORIENTED_EDGE ( 'NONE', *, *, #452, .F. ) ;
#264 = DIRECTION ( 'NONE',  ( 0.000000000000000000, 0.000000000000000000, -1.000000000000000000 ) ) ;
#265 = CARTESIAN_POINT ( 'NONE',  ( -21.70999999999997598, -10.50000000000002309, 8.000000000000000000 ) ) ;
#266 = CARTESIAN_POINT ( 'NONE',  ( 21.71000000000002572, 10.49999999999997868, 8.500000000000000000 ) ) ;
#267 = EDGE_CURVE ( 'NONE', #1609, #1796, #1313, .T. ) ;
#268 = ORIENTED_EDGE ( 'NONE', *, *, #1065, .T. ) ;
#270 = AXIS2_PLACEMENT_3D ( 'NONE', #99, #415, #1644 ) ;
#269 = DIRECTION ( 'NONE',  ( -3.121622796340347666E-16, 1.000000000000000000, 0.000000000000000000 ) ) ;
#271 = AXIS2_PLACEMENT_3D ( 'NONE', #670, #1926, #243 ) ;
#272 = ORIENTED_EDGE ( 'NONE', *, *, #1533, .F. ) ;
#273 = AXIS2_PLACEMENT_3D ( 'NONE', #122, #1150, #241 ) ;
#274 = DIRECTION ( 'NONE',  ( -0.000000000000000000, 1.000000000000000000, -0.000000000000000000 ) ) ;
#275 = VECTOR ( 'NONE', #891, 1000.000000000000000 ) ;
#276 = CARTESIAN_POINT ( 'NONE',  ( 0.000000000000000000, -16.05712073223750025, 6.000000000000000000 ) ) ;
#277 = AXIS2_PLACEMENT_3D ( 'NONE', #1746, #1241, #1698 ) ;
#278 = EDGE_CURVE ( 'NONE', #1344, #1202, #412, .T. ) ;
#279 = ORIENTED_EDGE ( 'NONE', *, *, #709, .F. ) ;
#280 = PLANE ( 'NONE',  #1711 ) ;
#281 = EDGE_CURVE ( 'NONE', #1400, #1068, #851, .T. ) ;
#282 = ORIENTED_EDGE ( 'NONE', *, *, #1631, .F. ) ;
#283 = ORIENTED_EDGE ( 'NONE', *, *, #61, .F. ) ;
#284 = FACE_OUTER_BOUND ( 'NONE', #1864, .T. ) ;
#285 = DIRECTION ( 'NONE',  ( -0.000000000000000000, -0.000000000000000000, 1.000000000000000000 ) ) ;
#286 = EDGE_LOOP ( 'NONE', ( #1105, #1595, #321, #1628, #1948, #1445, #875, #1974 ) ) ;
#287 = CARTESIAN_POINT ( 'NONE',  ( 8.941627117004923520, -16.05712073223749670, 8.000000000000000000 ) ) ;
#288 = ORIENTED_EDGE ( 'NONE', *, *, #856, .T. ) ;
#289 = EDGE_LOOP ( 'NONE', ( #1939, #1071, #1900, #774 ) ) ;
#290 = CARTESIAN_POINT ( 'NONE',  ( -10.53577291295099272, -10.50000000000003020, 6.000000000000000000 ) ) ;
#291 = EDGE_CURVE ( 'NONE', #601, #828, #1289, .T. ) ;
#292 = DIRECTION ( 'NONE',  ( 1.000000000000000000, -0.000000000000000000, -0.000000000000000000 ) ) ;
#293 = CARTESIAN_POINT ( 'NONE',  ( 6.535772912950992719, -16.05712073223750025, 6.000000000000000000 ) ) ;
#294 = ORIENTED_EDGE ( 'NONE', *, *, #1763, .F. ) ;
#295 = ORIENTED_EDGE ( 'NONE', *, *, #267, .F. ) ;
#296 = DIRECTION ( 'NONE',  ( -0.000000000000000000, -0.000000000000000000, -1.000000000000000000 ) ) ;
#297 = AXIS2_PLACEMENT_3D ( 'NONE', #322, #1232, #1535 ) ;
#298 = EDGE_CURVE ( 'NONE', #1123, #1963, #1182, .T. ) ;
#299 = VECTOR ( 'NONE', #531, 1000.000000000000000 ) ;
#300 = DIRECTION ( 'NONE',  ( -0.000000000000000000, -0.000000000000000000, -1.000000000000000000 ) ) ;
#301 = CARTESIAN_POINT ( 'NONE',  ( 8.941627117004923520, -16.05712073223749670, -2.000000000000000000 ) ) ;
#302 = VECTOR ( 'NONE', #1638, 1000.000000000000000 ) ;
#303 = ADVANCED_FACE ( 'NONE', ( #844, #566, #1323, #1142, #421 ), #1476, .F. ) ;
#304 = CC_DESIGN_SECURITY_CLASSIFICATION ( #1004, ( #1133 ) ) ;
#305 = CARTESIAN_POINT ( 'NONE',  ( 19.99749371855331148, 10.49999999999997868, 8.500000000000000000 ) ) ;
#306 = ORIENTED_EDGE ( 'NONE', *, *, #791, .F. ) ;
#307 = ORIENTED_EDGE ( 'NONE', *, *, #600, .F. ) ;
#308 = CARTESIAN_POINT ( 'NONE',  ( -18.49999999999999645, 8.049999999999963407, 8.000000000000000000 ) ) ;
#309 = VERTEX_POINT ( 'NONE', #1444 ) ;
#310 = DIRECTION ( 'NONE',  ( 0.000000000000000000, 0.000000000000000000, 1.000000000000000000 ) ) ;
#311 = LINE ( 'NONE', #301, #1885 ) ;
#312 = EDGE_CURVE ( 'NONE', #1796, #1040, #1758, .T. ) ;
#313 = LINE ( 'NONE', #4, #1708 ) ;
#314 = FACE_OUTER_BOUND ( 'NONE', #1235, .T. ) ;
#315 = DIRECTION ( 'NONE',  ( -1.000000000000000000, 0.000000000000000000, 0.000000000000000000 ) ) ;
#316 = ORIENTED_EDGE ( 'NONE', *, *, #452, .T. ) ;
#317 = CYLINDRICAL_SURFACE ( 'NONE', #616, 2.499999999999998668 ) ;
#318 = DIRECTION ( 'NONE',  ( -1.000000000000000000, -0.000000000000000000, -0.000000000000000000 ) ) ;
#319 = CARTESIAN_POINT ( 'NONE',  ( -20.00000000000003908, 8.049999999999963407, 11.30000000000000071 ) ) ;
#320 = ADVANCED_FACE ( 'NONE', ( #232 ), #1302, .F. ) ;
#321 = ORIENTED_EDGE ( 'NONE', *, *, #743, .F. ) ;
#322 = CARTESIAN_POINT ( 'NONE',  ( 19.50000000000004619, 8.049999999999970512, 8.500000000000000000 ) ) ;
#323 = DIRECTION ( 'NONE',  ( -0.000000000000000000, -1.000000000000000000, -0.000000000000000000 ) ) ;
#324 = CARTESIAN_POINT ( 'NONE',  ( 8.941627117004927072, -31.49999999999997158, 8.000000000000000000 ) ) ;
#325 = ORIENTED_EDGE ( 'NONE', *, *, #1640, .T. ) ;
#326 = FACE_OUTER_BOUND ( 'NONE', #1482, .T. ) ;
#327 = AXIS2_PLACEMENT_3D ( 'NONE', #1328, #1657, #604 ) ;
#328 = CARTESIAN_POINT ( 'NONE',  ( -21.70999999999997598, -10.50000000000002309, 8.000000000000000000 ) ) ;
#329 = VECTOR ( 'NONE', #230, 1000.000000000000000 ) ;
#330 = AXIS2_PLACEMENT_3D ( 'NONE', #646, #1404, #1539 ) ;
#331 = LINE ( 'NONE', #1219, #647 ) ;
#332 = CIRCLE ( 'NONE', #237, 2.500000000000002220 ) ;
#333 = DATE_AND_TIME ( #592, #1785 ) ;
#334 = VECTOR ( 'NONE', #949, 1000.000000000000000 ) ;
#335 = EDGE_CURVE ( 'NONE', #1791, #1183, #1802, .T. ) ;
#336 = VECTOR ( 'NONE', #1892, 1000.000000000000000 ) ;
#337 = ORIENTED_EDGE ( 'NONE', *, *, #231, .T. ) ;
#338 = CARTESIAN_POINT ( 'NONE',  ( 19.49999999999996092, -7.150000000000024336, 8.500000000000000000 ) ) ;
#339 = EDGE_CURVE ( 'NONE', #88, #673, #160, .T. ) ;
#340 = CYLINDRICAL_SURFACE ( 'NONE', #210, 2.499999999999998668 ) ;
#341 = ORIENTED_EDGE ( 'NONE', *, *, #1178, .F. ) ;
#342 = LINE ( 'NONE', #1369, #863 ) ;
#343 = DIRECTION ( 'NONE',  ( 1.000000000000000000, 4.336808689942017736E-16, 0.000000000000000000 ) ) ;
#344 = DIRECTION ( 'NONE',  ( -3.121622796340347173E-16, 1.000000000000000000, 0.000000000000000000 ) ) ;
#345 = CARTESIAN_POINT ( 'NONE',  ( 10.53577291295099094, -10.50000000000002309, 8.000000000000000000 ) ) ;
#346 = ORIENTED_EDGE ( 'NONE', *, *, #1668, .F. ) ;
#347 = LINE ( 'NONE', #1275, #611 ) ;
#348 = CARTESIAN_POINT ( 'NONE',  ( 0.000000000000000000, 0.000000000000000000, 8.500000000000000000 ) ) ;
#349 = ORIENTED_EDGE ( 'NONE', *, *, #1428, .F. ) ;
#350 = EDGE_CURVE ( 'NONE', #1465, #369, #1960, .T. ) ;
#351 = DIRECTION ( 'NONE',  ( -0.000000000000000000, -0.000000000000000000, -1.000000000000000000 ) ) ;
#352 = DIRECTION ( 'NONE',  ( 1.000000000000000000, 0.000000000000000000, 0.000000000000000000 ) ) ;
#353 = DIRECTION ( 'NONE',  ( -0.000000000000000000, -0.000000000000000000, -1.000000000000000000 ) ) ;
#354 = ORIENTED_EDGE ( 'NONE', *, *, #1245, .F. ) ;
#355 = LINE ( 'NONE', #1688, #1679 ) ;
#356 = ORIENTED_EDGE ( 'NONE', *, *, #1010, .T. ) ;
#357 = DIRECTION ( 'NONE',  ( 0.000000000000000000, 0.000000000000000000, -1.000000000000000000 ) ) ;
#358 = CARTESIAN_POINT ( 'NONE',  ( 21.71000000000002572, 9.218717245530337223, 11.30000000000000071 ) ) ;
#359 = VERTEX_POINT ( 'NONE', #930 ) ;
#360 = CARTESIAN_POINT ( 'NONE',  ( 21.71000000000002572, -8.318717245530233839, 11.30000000000000071 ) ) ;
#361 = EDGE_CURVE ( 'NONE', #959, #1023, #311, .T. ) ;
#362 = DIRECTION ( 'NONE',  ( 0.000000000000000000, 0.000000000000000000, -1.000000000000000000 ) ) ;
#363 = ADVANCED_FACE ( 'NONE', ( #910 ), #191, .F. ) ;
#364 = CARTESIAN_POINT ( 'NONE',  ( 21.71000000000002572, 10.49999999999997868, 11.30000000000000071 ) ) ;
#365 = AXIS2_PLACEMENT_3D ( 'NONE', #1946, #534, #1642 ) ;
#366 = DIRECTION ( 'NONE',  ( -1.000000000000000000, 0.000000000000000000, -0.000000000000000000 ) ) ;
#368 = AXIS2_PLACEMENT_3D ( 'NONE', #1876, #1246, #627 ) ;
#367 = APPROVAL_ROLE ( '' ) ;
#369 = VERTEX_POINT ( 'NONE', #1227 ) ;
#370 = DIRECTION ( 'NONE',  ( 1.000000000000000000, 0.000000000000000000, 0.000000000000000000 ) ) ;
#371 = LINE ( 'NONE', #1873, #1624 ) ;
#372 = VECTOR ( 'NONE', #480, 1000.000000000000000 ) ;
#373 = ORIENTED_EDGE ( 'NONE', *, *, #1837, .T. ) ;
#374 = VERTEX_POINT ( 'NONE', #1052 ) ;
#375 = CARTESIAN_POINT ( 'NONE',  ( 21.71000000000002927, 10.49999999999997868, 16.00000000000000000 ) ) ;
#376 = DIRECTION ( 'NONE',  ( 1.000000000000000000, 0.000000000000000000, 0.000000000000000000 ) ) ;
#377 = EDGE_CURVE ( 'NONE', #38, #1848, #3, .T. ) ;
#378 = CALENDAR_DATE ( 2026, 6, 5 ) ;
#379 = DIRECTION ( 'NONE',  ( -0.000000000000000000, 0.000000000000000000, -1.000000000000000000 ) ) ;
#380 = ORIENTED_EDGE ( 'NONE', *, *, #1374, .T. ) ;
#381 = CARTESIAN_POINT ( 'NONE',  ( 1.836970198721029934E-16, -21.49999999999997158, 5.500000000000000888 ) ) ;
#382 = CARTESIAN_POINT ( 'NONE',  ( -8.941627117004948389, -16.05712073223750025, -2.000000000000000000 ) ) ;
#383 = VERTEX_POINT ( 'NONE', #1702 ) ;
#384 = ORIENTED_EDGE ( 'NONE', *, *, #1765, .F. ) ;
#385 = LINE ( 'NONE', #674, #1296 ) ;
#386 = CARTESIAN_POINT ( 'NONE',  ( -5.150000000000001243, 10.49999999999997868, 28.50000000000000355 ) ) ;
#387 = ORIENTED_EDGE ( 'NONE', *, *, #61, .T. ) ;
#388 = EDGE_CURVE ( 'NONE', #490, #1331, #1538, .T. ) ;
#389 = VERTEX_POINT ( 'NONE', #902 ) ;
#390 = DIRECTION ( 'NONE',  ( 0.000000000000000000, -0.000000000000000000, -1.000000000000000000 ) ) ;
#391 = DIRECTION ( 'NONE',  ( 2.246632180306039659E-16, -1.000000000000000000, 0.000000000000000000 ) ) ;
#392 = ORIENTED_EDGE ( 'NONE', *, *, #1237, .F. ) ;
#393 = ORIENTED_EDGE ( 'NONE', *, *, #278, .T. ) ;
#394 = DIRECTION ( 'NONE',  ( -0.000000000000000000, -0.000000000000000000, -1.000000000000000000 ) ) ;
#395 = PLANE ( 'NONE',  #1810 ) ;
#396 = VECTOR ( 'NONE', #1317, 1000.000000000000000 ) ;
#397 = VECTOR ( 'NONE', #1580, 1000.000000000000000 ) ;
#398 = ORIENTED_EDGE ( 'NONE', *, *, #425, .T. ) ;
#399 = CARTESIAN_POINT ( 'NONE',  ( 21.71000000000002572, -5.981282754469817498, 8.500000000000000000 ) ) ;
#400 = ADVANCED_FACE ( 'NONE', ( #755, #1840 ), #1379, .T. ) ;
#401 = VECTOR ( 'NONE', #27, 1000.000000000000000 ) ;
#402 = LINE ( 'NONE', #545, #1587 ) ;
#403 = ORIENTED_EDGE ( 'NONE', *, *, #981, .T. ) ;
#404 = AXIS2_PLACEMENT_3D ( 'NONE', #720, #1188, #1500 ) ;
#405 = ORIENTED_EDGE ( 'NONE', *, *, #1087, .T. ) ;
#406 = UNCERTAINTY_MEASURE_WITH_UNIT (LENGTH_MEASURE( 1.000000000000000082E-05 ), #892, 'distance_accuracy_value', 'NONE');
#407 = CARTESIAN_POINT ( 'NONE',  ( 21.71000000000002572, -10.50000000000002309, 8.500000000000000000 ) ) ;
#408 = EDGE_CURVE ( 'NONE', #1152, #553, #777, .T. ) ;
#409 = LINE ( 'NONE', #588, #1194 ) ;
#410 = ORIENTED_EDGE ( 'NONE', *, *, #215, .T. ) ;
#411 = LINE ( 'NONE', #843, #1258 ) ;
#412 = LINE ( 'NONE', #1627, #1646 ) ;
#413 = ORIENTED_EDGE ( 'NONE', *, *, #1074, .F. ) ;
#414 = ORIENTED_EDGE ( 'NONE', *, *, #1159, .T. ) ;
#415 = DIRECTION ( 'NONE',  ( 1.000000000000000000, -2.168404344971008868E-16, 0.000000000000000000 ) ) ;
#416 = ADVANCED_FACE ( 'NONE', ( #1412 ), #25, .F. ) ;
#417 = DIRECTION ( 'NONE',  ( -0.000000000000000000, -0.000000000000000000, 1.000000000000000000 ) ) ;
#418 = APPLICATION_CONTEXT ( 'configuration controlled 3d designs of mechanical parts and assemblies' ) ;
#419 = ORIENTED_EDGE ( 'NONE', *, *, #1869, .F. ) ;
#420 = CARTESIAN_POINT ( 'NONE',  ( 5.149999999999997691, 6.499999999999977796, 28.50000000000000355 ) ) ;
#421 = FACE_BOUND ( 'NONE', #1961, .T. ) ;
#422 = DIRECTION ( 'NONE',  ( -0.000000000000000000, -0.000000000000000000, -1.000000000000000000 ) ) ;
#423 = LINE ( 'NONE', #1038, #275 ) ;
#424 = EDGE_CURVE ( 'NONE', #1152, #1449, #467, .T. ) ;
#425 = EDGE_CURVE ( 'NONE', #1274, #374, #1691, .T. ) ;
#426 = ORIENTED_EDGE ( 'NONE', *, *, #1039, .F. ) ;
#428 = AXIS2_PLACEMENT_3D ( 'NONE', #1830, #310, #754 ) ;
#427 = LINE ( 'NONE', #850, #1517 ) ;
#429 = EDGE_LOOP ( 'NONE', ( #1902, #958, #445, #560 ) ) ;
#430 = VECTOR ( 'NONE', #1124, 1000.000000000000000 ) ;
#431 = ORIENTED_EDGE ( 'NONE', *, *, #1683, .T. ) ;
#432 = CARTESIAN_POINT ( 'NONE',  ( -20.00000000000003908, 8.049999999999963407, 11.30000000000000071 ) ) ;
#433 = AXIS2_PLACEMENT_3D ( 'NONE', #615, #485, #605 ) ;
#434 = AXIS2_PLACEMENT_3D ( 'NONE', #1553, #1083, #33 ) ;
#435 = PLANE ( 'NONE',  #1251 ) ;
#436 = ADVANCED_FACE ( 'NONE', ( #169 ), #449, .T. ) ;
#437 = ORIENTED_EDGE ( 'NONE', *, *, #1195, .T. ) ;
#438 = LINE ( 'NONE', #619, #1358 ) ;
#439 = EDGE_LOOP ( 'NONE', ( #878, #1870 ) ) ;
#440 = ORIENTED_EDGE ( 'NONE', *, *, #447, .T. ) ;
#441 = DIRECTION ( 'NONE',  ( 0.000000000000000000, -0.000000000000000000, -1.000000000000000000 ) ) ;
#442 = LINE ( 'NONE', #135, #1460 ) ;
#443 = DIRECTION ( 'NONE',  ( -0.000000000000000000, 0.000000000000000000, -1.000000000000000000 ) ) ;
#444 = EDGE_CURVE ( 'NONE', #1879, #1068, #171, .T. ) ;
#445 = ORIENTED_EDGE ( 'NONE', *, *, #1573, .F. ) ;
#446 = CYLINDRICAL_SURFACE ( 'NONE', #1164, 2.499999999999998668 ) ;
#447 = EDGE_CURVE ( 'NONE', #98, #1040, #35, .T. ) ;
#448 = CARTESIAN_POINT ( 'NONE',  ( 16.99999999999996447, -7.150000000000024336, 8.500000000000000000 ) ) ;
#449 = PLANE ( 'NONE',  #51 ) ;
#450 = FACE_OUTER_BOUND ( 'NONE', #1009, .T. ) ;
#451 = ORIENTED_EDGE ( 'NONE', *, *, #45, .T. ) ;
#452 = EDGE_CURVE ( 'NONE', #959, #654, #1098, .T. ) ;
#453 = ORIENTED_EDGE ( 'NONE', *, *, #1790, .T. ) ;
#454 = DIRECTION ( 'NONE',  ( 0.000000000000000000, 0.000000000000000000, 1.000000000000000000 ) ) ;
#455 = AXIS2_PLACEMENT_3D ( 'NONE', #1916, #1024, #572 ) ;
#456 = EDGE_CURVE ( 'NONE', #927, #1727, #747, .T. ) ;
#457 = AXIS2_PLACEMENT_3D ( 'NONE', #519, #1575, #1461 ) ;
#458 = CARTESIAN_POINT ( 'NONE',  ( 6.535772912950990943, -10.50000000000002309, 2.000000000000000000 ) ) ;
#459 = VECTOR ( 'NONE', #461, 1000.000000000000000 ) ;
#460 = FACE_OUTER_BOUND ( 'NONE', #824, .T. ) ;
#461 = DIRECTION ( 'NONE',  ( -0.000000000000000000, -0.000000000000000000, -1.000000000000000000 ) ) ;
#462 = ORIENTED_EDGE ( 'NONE', *, *, #231, .F. ) ;
#463 = DIRECTION ( 'NONE',  ( -0.000000000000000000, -0.000000000000000000, -1.000000000000000000 ) ) ;
#464 = ORIENTED_EDGE ( 'NONE', *, *, #981, .F. ) ;
#465 = CARTESIAN_POINT ( 'NONE',  ( -6.535772912950984725, -16.05712073223750025, 6.000000000000000000 ) ) ;
#466 = EDGE_CURVE ( 'NONE', #785, #906, #1199, .T. ) ;
#467 = LINE ( 'NONE', #1244, #1419 ) ;
#468 = CARTESIAN_POINT ( 'NONE',  ( 10.53577291295099094, -10.50000000000002132, 2.000000000000000000 ) ) ;
#469 = DIRECTION ( 'NONE',  ( 1.560811398170173192E-15, -1.000000000000000000, 0.000000000000000000 ) ) ;
#470 =( NAMED_UNIT ( * ) PLANE_ANGLE_UNIT ( ) SI_UNIT ( $, .RADIAN. ) );
#471 = CARTESIAN_POINT ( 'NONE',  ( -6.535772912950984725, -10.50000000000002309, 2.000000000000000000 ) ) ;
#472 = CARTESIAN_POINT ( 'NONE',  ( 19.50000000000004619, 8.049999999999970512, 8.500000000000000000 ) ) ;
#473 = VERTEX_POINT ( 'NONE', #478 ) ;
#474 = DIRECTION ( 'NONE',  ( -0.000000000000000000, 1.000000000000000000, -0.000000000000000000 ) ) ;
#475 = CARTESIAN_POINT ( 'NONE',  ( -5.150000000000001243, 10.49999999999997868, 28.50000000000000355 ) ) ;
#476 = EDGE_CURVE ( 'NONE', #1359, #1561, #748, .T. ) ;
#477 = FACE_OUTER_BOUND ( 'NONE', #1979, .T. ) ;
#478 = CARTESIAN_POINT ( 'NONE',  ( -21.70999999999997598, -8.973705020007448852, 11.30000000000000071 ) ) ;
#479 = CARTESIAN_POINT ( 'NONE',  ( -5.150000000000011902, -15.50000000000003197, 16.00000000000000000 ) ) ;
#480 = DIRECTION ( 'NONE',  ( -0.000000000000000000, -0.000000000000000000, -1.000000000000000000 ) ) ;
#481 = ORIENTED_EDGE ( 'NONE', *, *, #600, .T. ) ;
#482 = EDGE_LOOP ( 'NONE', ( #564, #593 ) ) ;
#483 = CARTESIAN_POINT ( 'NONE',  ( 19.49999999999996092, -7.150000000000024336, 11.30000000000000071 ) ) ;
#484 = AXIS2_PLACEMENT_3D ( 'NONE', #665, #56, #978 ) ;
#485 = DIRECTION ( 'NONE',  ( 1.000000000000000000, 1.560811398170173192E-15, -0.000000000000000000 ) ) ;
#486 = CIRCLE ( 'NONE', #297, 2.499999999999998668 ) ;
#487 = FACE_OUTER_BOUND ( 'NONE', #203, .T. ) ;
#488 = AXIS2_PLACEMENT_3D ( 'NONE', #992, #93, #79 ) ;
#489 = CARTESIAN_POINT ( 'NONE',  ( 21.00000000000009592, 8.049999999999970512, 8.500000000000000000 ) ) ;
#490 = VERTEX_POINT ( 'NONE', #345 ) ;
#491 = VECTOR ( 'NONE', #1277, 1000.000000000000000 ) ;
#492 = FACE_OUTER_BOUND ( 'NONE', #429, .T. ) ;
#493 = EDGE_CURVE ( 'NONE', #473, #1879, #637, .T. ) ;
#494 = LINE ( 'NONE', #858, #1327 ) ;
#495 = CARTESIAN_POINT ( 'NONE',  ( 0.000000000000000000, 0.000000000000000000, 6.000000000000000000 ) ) ;
#496 = ORIENTED_EDGE ( 'NONE', *, *, #1601, .T. ) ;
#497 = DIRECTION ( 'NONE',  ( -0.000000000000000000, -0.000000000000000000, -1.000000000000000000 ) ) ;
#498 = PLANE ( 'NONE',  #1489 ) ;
#499 = DIRECTION ( 'NONE',  ( -2.168404344971008868E-16, -1.000000000000000000, 0.000000000000000000 ) ) ;
#500 = EDGE_LOOP ( 'NONE', ( #580, #692, #70, #729 ) ) ;
#501 = PERSON_AND_ORGANIZATION ( #1077, #17 ) ;
#502 = ORIENTED_EDGE ( 'NONE', *, *, #1063, .T. ) ;
#503 = CARTESIAN_POINT ( 'NONE',  ( 21.71000000000002572, 6.881282754469602914, 11.30000000000000071 ) ) ;
#504 = EDGE_CURVE ( 'NONE', #845, #527, #1239, .T. ) ;
#505 = CARTESIAN_POINT ( 'NONE',  ( 19.50000000000004619, 8.049999999999970512, 11.30000000000000071 ) ) ;
#506 = VERTEX_POINT ( 'NONE', #1556 ) ;
#507 = FACE_OUTER_BOUND ( 'NONE', #1303, .T. ) ;
#508 = EDGE_CURVE ( 'NONE', #852, #1655, #37, .T. ) ;
#509 = LINE ( 'NONE', #1121, #204 ) ;
#510 = VERTEX_POINT ( 'NONE', #1565 ) ;
#511 = CARTESIAN_POINT ( 'NONE',  ( 8.941627117004919967, 2.008854722536036972E-15, 0.000000000000000000 ) ) ;
#512 = ORIENTED_EDGE ( 'NONE', *, *, #112, .T. ) ;
#513 = DIRECTION ( 'NONE',  ( 0.000000000000000000, 0.000000000000000000, 1.000000000000000000 ) ) ;
#514 = DIRECTION ( 'NONE',  ( 0.000000000000000000, 0.000000000000000000, 1.000000000000000000 ) ) ;
#515 = ORIENTED_EDGE ( 'NONE', *, *, #591, .T. ) ;
#516 = LINE ( 'NONE', #814, #1388 ) ;
#517 = EDGE_CURVE ( 'NONE', #533, #1271, #1941, .T. ) ;
#518 = AXIS2_PLACEMENT_3D ( 'NONE', #724, #1469, #1940 ) ;
#519 = CARTESIAN_POINT ( 'NONE',  ( 19.50000000000004619, 8.049999999999970512, 8.500000000000000000 ) ) ;
#520 = AXIS2_PLACEMENT_3D ( 'NONE', #761, #1548, #907 ) ;
#521 = ORIENTED_EDGE ( 'NONE', *, *, #335, .T. ) ;
#522 = APPROVAL_DATE_TIME ( #1557, #1878 ) ;
#523 = DIRECTION ( 'NONE',  ( 1.000000000000000000, 0.000000000000000000, 0.000000000000000000 ) ) ;
#524 = VERTEX_POINT ( 'NONE', #1247 ) ;
#525 = CARTESIAN_POINT ( 'NONE',  ( -5.150000000000002132, 10.49999999999997868, 11.30000000000000071 ) ) ;
#526 = LINE ( 'NONE', #97, #968 ) ;
#527 = VERTEX_POINT ( 'NONE', #944 ) ;
#528 = ORIENTED_EDGE ( 'NONE', *, *, #775, .T. ) ;
#529 = FACE_OUTER_BOUND ( 'NONE', #1547, .T. ) ;
#530 = EDGE_CURVE ( 'NONE', #389, #510, #1380, .T. ) ;
#531 = DIRECTION ( 'NONE',  ( -0.000000000000000000, -0.000000000000000000, 1.000000000000000000 ) ) ;
#532 = ORIENTED_EDGE ( 'NONE', *, *, #111, .T. ) ;
#533 = VERTEX_POINT ( 'NONE', #1685 ) ;
#534 = DIRECTION ( 'NONE',  ( 0.000000000000000000, 0.000000000000000000, -1.000000000000000000 ) ) ;
#535 = VECTOR ( 'NONE', #115, 1000.000000000000000 ) ;
#536 = DIRECTION ( 'NONE',  ( 0.000000000000000000, 0.000000000000000000, -1.000000000000000000 ) ) ;
#537 = VERTEX_POINT ( 'NONE', #489 ) ;
#538 = VERTEX_POINT ( 'NONE', #903 ) ;
#539 = LINE ( 'NONE', #1153, #1751 ) ;
#540 = DIRECTION ( 'NONE',  ( 1.000000000000000000, 0.000000000000000000, 0.000000000000000000 ) ) ;
#541 = CC_DESIGN_PERSON_AND_ORGANIZATION_ASSIGNMENT ( #1088, #1739, ( #1133 ) ) ;
#542 = EDGE_CURVE ( 'NONE', #42, #1359, #1862, .T. ) ;
#543 = ORIENTED_EDGE ( 'NONE', *, *, #350, .T. ) ;
#544 = LINE ( 'NONE', #1797, #1221 ) ;
#545 = CARTESIAN_POINT ( 'NONE',  ( -20.49749371855328661, 10.49999999999997868, 11.30000000000000071 ) ) ;
#546 = ORIENTED_EDGE ( 'NONE', *, *, #749, .T. ) ;
#547 = ORIENTED_EDGE ( 'NONE', *, *, #1671, .F. ) ;
#548 = FACE_OUTER_BOUND ( 'NONE', #260, .T. ) ;
#549 = CARTESIAN_POINT ( 'NONE',  ( -8.941627117004948389, -16.05712073223750025, 2.000000000000000000 ) ) ;
#550 = DIRECTION ( 'NONE',  ( 1.000000000000000000, 0.000000000000000000, 0.000000000000000000 ) ) ;
#551 = AXIS2_PLACEMENT_3D ( 'NONE', #846, #1486, #118 ) ;
#552 = VECTOR ( 'NONE', #1860, 1000.000000000000000 ) ;
#553 = VERTEX_POINT ( 'NONE', #1852 ) ;
#554 = FACE_OUTER_BOUND ( 'NONE', #1958, .T. ) ;
#555 = ADVANCED_FACE ( 'NONE', ( #933 ), #1532, .T. ) ;
#556 = VECTOR ( 'NONE', #417, 1000.000000000000000 ) ;
#557 = DIRECTION ( 'NONE',  ( 0.000000000000000000, 0.000000000000000000, 1.000000000000000000 ) ) ;
#558 = VECTOR ( 'NONE', #1768, 1000.000000000000000 ) ;
#559 = ORIENTED_EDGE ( 'NONE', *, *, #377, .T. ) ;
#560 = ORIENTED_EDGE ( 'NONE', *, *, #504, .T. ) ;
#561 = DIRECTION ( 'NONE',  ( -1.000000000000000000, 0.000000000000000000, 0.000000000000000000 ) ) ;
#562 = CIRCLE ( 'NONE', #1462, 1.500000000000043077 ) ;
#563 = CARTESIAN_POINT ( 'NONE',  ( 40.91868607293927340, -16.05712073223750025, -2.000000000000000000 ) ) ;
#564 = ORIENTED_EDGE ( 'NONE', *, *, #819, .T. ) ;
#565 = CARTESIAN_POINT ( 'NONE',  ( -18.49999999999999645, 8.049999999999963407, 8.500000000000000000 ) ) ;
#566 = FACE_BOUND ( 'NONE', #55, .T. ) ;
#567 = EDGE_CURVE ( 'NONE', #883, #852, #331, .T. ) ;
#568 = ORIENTED_EDGE ( 'NONE', *, *, #1471, .F. ) ;
#569 = CARTESIAN_POINT ( 'NONE',  ( 21.71000000000002572, 9.218717245530337223, 11.30000000000000071 ) ) ;
#570 = DIRECTION ( 'NONE',  ( 1.084980002924799828E-16, 1.000000000000000000, 0.000000000000000000 ) ) ;
#571 = ORIENTED_EDGE ( 'NONE', *, *, #996, .T. ) ;
#572 = DIRECTION ( 'NONE',  ( -1.000000000000000000, 0.000000000000000000, 0.000000000000000000 ) ) ;
#573 = ORIENTED_EDGE ( 'NONE', *, *, #45, .F. ) ;
#574 = ORIENTED_EDGE ( 'NONE', *, *, #1950, .T. ) ;
#575 = FACE_OUTER_BOUND ( 'NONE', #896, .T. ) ;
#576 = VECTOR ( 'NONE', #1392, 1000.000000000000000 ) ;
#577 = CARTESIAN_POINT ( 'NONE',  ( 8.941627117004923520, -16.05712073223749670, 2.000000000000000000 ) ) ;
#578 = ADVANCED_FACE ( 'NONE', ( #618 ), #1086, .T. ) ;
#579 = ADVANCED_BREP_SHAPE_REPRESENTATION ( 'TCD1304\X2\955c67b6\X0\', ( #1100, #931 ), #146 ) ;
#580 = ORIENTED_EDGE ( 'NONE', *, *, #1413, .T. ) ;
#581 = PERSON_AND_ORGANIZATION ( #1077, #17 ) ;
#582 = ORIENTED_EDGE ( 'NONE', *, *, #408, .F. ) ;
#583 = AXIS2_PLACEMENT_3D ( 'NONE', #924, #1049, #772 ) ;
#584 = ORIENTED_EDGE ( 'NONE', *, *, #73, .T. ) ;
#585 = DIRECTION ( 'NONE',  ( 0.000000000000000000, -1.000000000000000000, 0.000000000000000000 ) ) ;
#586 = VECTOR ( 'NONE', #1297, 1000.000000000000000 ) ;
#587 = AXIS2_PLACEMENT_3D ( 'NONE', #1936, #997, #252 ) ;
#588 = CARTESIAN_POINT ( 'NONE',  ( 0.000000000000000000, -16.05712073223750025, 2.000000000000000000 ) ) ;
#589 = VECTOR ( 'NONE', #523, 1000.000000000000000 ) ;
#590 = EDGE_CURVE ( 'NONE', #1789, #1032, #1877, .T. ) ;
#591 = EDGE_CURVE ( 'NONE', #374, #1350, #1704, .T. ) ;
#592 = CALENDAR_DATE ( 2026, 6, 5 ) ;
#593 = ORIENTED_EDGE ( 'NONE', *, *, #1050, .T. ) ;
#594 = ORIENTED_EDGE ( 'NONE', *, *, #1533, .T. ) ;
#595 = LINE ( 'NONE', #1209, #1002 ) ;
#596 = CARTESIAN_POINT ( 'NONE',  ( -5.150000000000001243, 10.49999999999997868, 16.00000000000000000 ) ) ;
#597 = CARTESIAN_POINT ( 'NONE',  ( -21.70999999999997598, -5.326294979992629131, 8.500000000000000000 ) ) ;
#598 = CARTESIAN_POINT ( 'NONE',  ( 21.71000000000002572, 6.881282754469602914, 11.30000000000000071 ) ) ;
#599 = DIRECTION ( 'NONE',  ( 0.000000000000000000, 1.000000000000000000, 0.000000000000000000 ) ) ;
#600 = EDGE_CURVE ( 'NONE', #1600, #1769, #183, .T. ) ;
#601 = VERTEX_POINT ( 'NONE', #606 ) ;
#602 = ORIENTED_EDGE ( 'NONE', *, *, #1029, .F. ) ;
#603 = CARTESIAN_POINT ( 'NONE',  ( 19.49999999999996092, -7.150000000000024336, 11.30000000000000071 ) ) ;
#604 = DIRECTION ( 'NONE',  ( 0.000000000000000000, 0.000000000000000000, -1.000000000000000000 ) ) ;
#605 = DIRECTION ( 'NONE',  ( -1.560811398170173192E-15, 1.000000000000000000, 0.000000000000000000 ) ) ;
#606 = CARTESIAN_POINT ( 'NONE',  ( -18.50000000000000355, -7.150000000000039435, 8.500000000000000000 ) ) ;
#607 = LINE ( 'NONE', #1383, #1970 ) ;
#608 = AXIS2_PLACEMENT_3D ( 'NONE', #483, #1064, #776 ) ;
#609 = DIRECTION ( 'NONE',  ( -0.000000000000000000, -0.000000000000000000, 1.000000000000000000 ) ) ;
#610 = EDGE_CURVE ( 'NONE', #1655, #1924, #313, .T. ) ;
#611 = VECTOR ( 'NONE', #186, 1000.000000000000000 ) ;
#612 = ORIENTED_EDGE ( 'NONE', *, *, #23, .F. ) ;
#613 = AXIS2_PLACEMENT_3D ( 'NONE', #815, #1111, #617 ) ;
#614 = DIRECTION ( 'NONE',  ( -1.000000000000000000, 0.000000000000000000, 0.000000000000000000 ) ) ;
#615 = CARTESIAN_POINT ( 'NONE',  ( -6.535772912951009594, -1.020110885838581154E-14, 8.000000000000000000 ) ) ;
#616 = AXIS2_PLACEMENT_3D ( 'NONE', #954, #1119, #962 ) ;
#617 = DIRECTION ( 'NONE',  ( 0.000000000000000000, -0.000000000000000000, 1.000000000000000000 ) ) ;
#618 = FACE_OUTER_BOUND ( 'NONE', #1743, .T. ) ;
#619 = CARTESIAN_POINT ( 'NONE',  ( -21.70999999999997243, 10.49999999999997868, 8.500000000000000000 ) ) ;
#620 = DIRECTION ( 'NONE',  ( 0.000000000000000000, 0.000000000000000000, -1.000000000000000000 ) ) ;
#621 = CARTESIAN_POINT ( 'NONE',  ( -6.535772912950984725, -16.05712073223750025, 2.000000000000000000 ) ) ;
#622 = LINE ( 'NONE', #1234, #206 ) ;
#623 = ORIENTED_EDGE ( 'NONE', *, *, #1042, .F. ) ;
#624 = CARTESIAN_POINT ( 'NONE',  ( 19.49999999999996092, -7.150000000000024336, 8.000000000000000000 ) ) ;
#625 = DIRECTION ( 'NONE',  ( -1.000000000000000000, 0.000000000000000000, 0.000000000000000000 ) ) ;
#626 = EDGE_CURVE ( 'NONE', #638, #1094, #172, .T. ) ;
#627 = DIRECTION ( 'NONE',  ( -1.000000000000000000, 0.000000000000000000, 0.000000000000000000 ) ) ;
#628 = CARTESIAN_POINT ( 'NONE',  ( 5.149999999999997691, 6.499999999999977796, 11.30000000000000071 ) ) ;
#629 = ORIENTED_EDGE ( 'NONE', *, *, #350, .F. ) ;
#630 = DIRECTION ( 'NONE',  ( 1.560811398170173389E-15, -1.000000000000000000, 0.000000000000000000 ) ) ;
#631 = DIRECTION ( 'NONE',  ( 1.000000000000000000, 0.000000000000000000, 0.000000000000000000 ) ) ;
#632 = ORIENTED_EDGE ( 'NONE', *, *, #1574, .T. ) ;
#633 = CARTESIAN_POINT ( 'NONE',  ( 6.535772912950992719, -16.05712073223750025, 8.000000000000000000 ) ) ;
#634 = CARTESIAN_POINT ( 'NONE',  ( 0.000000000000000000, -16.05712073223750025, 2.000000000000000000 ) ) ;
#635 = ADVANCED_FACE ( 'NONE', ( #460 ), #1066, .F. ) ;
#636 = FACE_OUTER_BOUND ( 'NONE', #250, .T. ) ;
#637 = LINE ( 'NONE', #792, #1745 ) ;
#638 = VERTEX_POINT ( 'NONE', #838 ) ;
#639 = PERSON_AND_ORGANIZATION ( #1077, #17 ) ;
#640 = DIRECTION ( 'NONE',  ( -0.000000000000000000, -0.000000000000000000, 1.000000000000000000 ) ) ;
#641 = DIRECTION ( 'NONE',  ( 0.000000000000000000, -1.000000000000000000, 0.000000000000000000 ) ) ;
#642 = VERTEX_POINT ( 'NONE', #1897 ) ;
#643 = FACE_OUTER_BOUND ( 'NONE', #482, .T. ) ;
#644 = VECTOR ( 'NONE', #706, 1000.000000000000000 ) ;
#645 = VECTOR ( 'NONE', #620, 1000.000000000000000 ) ;
#646 = CARTESIAN_POINT ( 'NONE',  ( -20.00000000000003908, -7.150000000000039435, 8.000000000000000000 ) ) ;
#647 = VECTOR ( 'NONE', #1726, 1000.000000000000000 ) ;
#648 = DIRECTION ( 'NONE',  ( -1.000000000000000000, 0.000000000000000000, 0.000000000000000000 ) ) ;
#649 = EDGE_CURVE ( 'NONE', #1609, #860, #214, .T. ) ;
#650 = AXIS2_PLACEMENT_3D ( 'NONE', #472, #1420, #64 ) ;
#651 = CARTESIAN_POINT ( 'NONE',  ( -10.53577291295099272, -10.50000000000002309, 8.000000000000000000 ) ) ;
#652 = PLANE ( 'NONE',  #893 ) ;
#653 = DIRECTION ( 'NONE',  ( 0.000000000000000000, 0.000000000000000000, 1.000000000000000000 ) ) ;
#654 = VERTEX_POINT ( 'NONE', #690 ) ;
#655 = LINE ( 'NONE', #1268, #1899 ) ;
#656 = CARTESIAN_POINT ( 'NONE',  ( -21.70999999999997598, 9.873705020007372823, 8.500000000000000000 ) ) ;
#657 = ORIENTED_EDGE ( 'NONE', *, *, #1428, .T. ) ;
#658 = PERSON_AND_ORGANIZATION_ROLE ( 'creator' ) ;
#659 = ORIENTED_EDGE ( 'NONE', *, *, #1651, .T. ) ;
#660 = EDGE_LOOP ( 'NONE', ( #66, #337, #1047, #392 ) ) ;
#661 = DIRECTION ( 'NONE',  ( 1.000000000000000000, 0.000000000000000000, 0.000000000000000000 ) ) ;
#662 = EDGE_CURVE ( 'NONE', #369, #744, #101, .T. ) ;
#663 = LINE ( 'NONE', #358, #372 ) ;
#664 = ORIENTED_EDGE ( 'NONE', *, *, #1185, .T. ) ;
#665 = CARTESIAN_POINT ( 'NONE',  ( 0.000000000000000000, -21.49999999999997158, 4.000000000000000000 ) ) ;
#666 = LINE ( 'NONE', #827, #766 ) ;
#667 = VERTEX_POINT ( 'NONE', #656 ) ;
#668 = ORIENTED_EDGE ( 'NONE', *, *, #1494, .F. ) ;
#669 = CARTESIAN_POINT ( 'NONE',  ( -10.53577291295098384, -16.05712073223750025, 2.000000000000000000 ) ) ;
#670 = CARTESIAN_POINT ( 'NONE',  ( 19.50000000000004619, 8.049999999999970512, 8.500000000000000000 ) ) ;
#671 = ORIENTED_EDGE ( 'NONE', *, *, #758, .T. ) ;
#672 = EDGE_CURVE ( 'NONE', #374, #883, #979, .T. ) ;
#673 = VERTEX_POINT ( 'NONE', #967 ) ;
#674 = CARTESIAN_POINT ( 'NONE',  ( 21.71000000000002572, -10.50000000000002309, 11.30000000000000071 ) ) ;
#675 = APPLICATION_CONTEXT ( 'configuration controlled 3d designs of mechanical parts and assemblies' ) ;
#676 = FACE_BOUND ( 'NONE', #1518, .T. ) ;
#677 = CIRCLE ( 'NONE', #1054, 1.500000000000049960 ) ;
#678 = ORIENTED_EDGE ( 'NONE', *, *, #530, .T. ) ;
#679 = VECTOR ( 'NONE', #1526, 1000.000000000000000 ) ;
#680 = VERTEX_POINT ( 'NONE', #201 ) ;
#681 = AXIS2_PLACEMENT_3D ( 'NONE', #826, #1750, #835 ) ;
#682 = ORIENTED_EDGE ( 'NONE', *, *, #1660, .T. ) ;
#683 = DIRECTION ( 'NONE',  ( -0.000000000000000000, -0.000000000000000000, -1.000000000000000000 ) ) ;
#684 = DIRECTION ( 'NONE',  ( -1.000000000000000000, 0.000000000000000000, 0.000000000000000000 ) ) ;
#685 = VERTEX_POINT ( 'NONE', #1589 ) ;
#686 = EDGE_LOOP ( 'NONE', ( #1273, #543, #1602 ) ) ;
#687 = CARTESIAN_POINT ( 'NONE',  ( 19.50000000000004619, 8.049999999999970512, 8.000000000000000000 ) ) ;
#688 = CC_DESIGN_PERSON_AND_ORGANIZATION_ASSIGNMENT ( #217, #658, ( #1131 ) ) ;
#689 = ADVANCED_FACE ( 'NONE', ( #1931 ), #1281, .T. ) ;
#690 = CARTESIAN_POINT ( 'NONE',  ( 6.535772912950992719, -16.05712073223750025, 2.000000000000000000 ) ) ;
#691 = DIRECTION ( 'NONE',  ( -0.000000000000000000, -0.000000000000000000, -1.000000000000000000 ) ) ;
#692 = ORIENTED_EDGE ( 'NONE', *, *, #1134, .T. ) ;
#693 = FACE_OUTER_BOUND ( 'NONE', #1633, .T. ) ;
#694 = PLANE ( 'NONE',  #168 ) ;
#695 = ORIENTED_EDGE ( 'NONE', *, *, #1881, .T. ) ;
#696 = ORIENTED_EDGE ( 'NONE', *, *, #258, .F. ) ;
#697 = DIRECTION ( 'NONE',  ( -0.000000000000000000, 1.000000000000000000, -0.000000000000000000 ) ) ;
#698 = CARTESIAN_POINT ( 'NONE',  ( 0.000000000000000000, -31.49999999999997158, 8.000000000000000000 ) ) ;
#699 = ADVANCED_FACE ( 'NONE', ( #676, #1166 ), #1737, .F. ) ;
#700 = ORIENTED_EDGE ( 'NONE', *, *, #1912, .T. ) ;
#701 = DIRECTION ( 'NONE',  ( 0.000000000000000000, 0.000000000000000000, 1.000000000000000000 ) ) ;
#702 = LINE ( 'NONE', #1334, #46 ) ;
#703 = ORIENTED_EDGE ( 'NONE', *, *, #1619, .F. ) ;
#704 = ORIENTED_EDGE ( 'NONE', *, *, #672, .T. ) ;
#705 = CARTESIAN_POINT ( 'NONE',  ( -20.49749371855328661, 10.49999999999997868, 11.30000000000000071 ) ) ;
#706 = DIRECTION ( 'NONE',  ( 1.000000000000000000, -0.000000000000000000, 0.000000000000000000 ) ) ;
#707 = CARTESIAN_POINT ( 'NONE',  ( 0.000000000000000000, -16.05712073223750025, 0.000000000000000000 ) ) ;
#708 = AXIS2_PLACEMENT_3D ( 'NONE', #420, #1787, #390 ) ;
#709 = EDGE_CURVE ( 'NONE', #1350, #510, #666, .T. ) ;
#710 = AXIS2_PLACEMENT_3D ( 'NONE', #1393, #1736, #1425 ) ;
#711 = ORIENTED_EDGE ( 'NONE', *, *, #749, .F. ) ;
#712 = DIRECTION ( 'NONE',  ( -1.000000000000000000, 0.000000000000000000, 0.000000000000000000 ) ) ;
#713 = AXIS2_PLACEMENT_3D ( 'NONE', #1021, #285, #120 ) ;
#714 = EDGE_CURVE ( 'NONE', #1655, #1078, #1356, .T. ) ;
#715 = DIRECTION ( 'NONE',  ( 0.000000000000000000, 0.000000000000000000, 1.000000000000000000 ) ) ;
#716 = EDGE_LOOP ( 'NONE', ( #387, #165, #1440, #1377, #722, #268, #398, #515 ) ) ;
#717 = FACE_OUTER_BOUND ( 'NONE', #1415, .T. ) ;
#718 = FACE_OUTER_BOUND ( 'NONE', #1571, .T. ) ;
#719 = ORIENTED_EDGE ( 'NONE', *, *, #100, .F. ) ;
#720 = CARTESIAN_POINT ( 'NONE',  ( 19.49999999999996092, -7.150000000000024336, 11.30000000000000071 ) ) ;
#721 = EDGE_LOOP ( 'NONE', ( #1324, #908, #1722, #1474 ) ) ;
#722 = ORIENTED_EDGE ( 'NONE', *, *, #1213, .F. ) ;
#723 = AXIS2_PLACEMENT_3D ( 'NONE', #1467, #822, #105 ) ;
#724 = CARTESIAN_POINT ( 'NONE',  ( -20.00000000000003908, -7.150000000000039435, 11.30000000000000071 ) ) ;
#725 = EDGE_CURVE ( 'NONE', #940, #1331, #1598, .T. ) ;
#726 = CARTESIAN_POINT ( 'NONE',  ( 17.00000000000004619, 8.049999999999970512, 11.30000000000000071 ) ) ;
#727 = ORIENTED_EDGE ( 'NONE', *, *, #1523, .F. ) ;
#728 = LINE ( 'NONE', #1341, #1030 ) ;
#729 = ORIENTED_EDGE ( 'NONE', *, *, #1801, .T. ) ;
#730 = CARTESIAN_POINT ( 'NONE',  ( 5.149999999999997691, 6.499999999999977796, 16.00000000000000000 ) ) ;
#731 = EDGE_CURVE ( 'NONE', #60, #1700, #1136, .T. ) ;
#732 = DIRECTION ( 'NONE',  ( -1.000000000000000000, 1.084980002924799828E-16, 0.000000000000000000 ) ) ;
#733 = AXIS2_PLACEMENT_3D ( 'NONE', #687, #351, #1305 ) ;
#734 = ORIENTED_EDGE ( 'NONE', *, *, #1374, .F. ) ;
#735 = CIRCLE ( 'NONE', #763, 1.500000000000001332 ) ;
#736 = VERTEX_POINT ( 'NONE', #1426 ) ;
#737 = DIRECTION ( 'NONE',  ( 1.000000000000000000, 0.000000000000000000, 0.000000000000000000 ) ) ;
#738 = VECTOR ( 'NONE', #770, 1000.000000000000000 ) ;
#739 = APPROVAL_PERSON_ORGANIZATION ( #581, #950, #1666 ) ;
#740 = DIRECTION ( 'NONE',  ( -0.000000000000000000, -0.000000000000000000, 1.000000000000000000 ) ) ;
#741 = VECTOR ( 'NONE', #641, 1000.000000000000000 ) ;
#742 = EDGE_CURVE ( 'NONE', #510, #883, #509, .T. ) ;
#743 = EDGE_CURVE ( 'NONE', #1848, #813, #68, .T. ) ;
#744 = VERTEX_POINT ( 'NONE', #226 ) ;
#745 = CARTESIAN_POINT ( 'NONE',  ( -21.70999999999997598, -10.50000000000002309, 16.00000000000000000 ) ) ;
#746 = CARTESIAN_POINT ( 'NONE',  ( 20.99999999999996447, -7.150000000000024336, 16.00000000000000000 ) ) ;
#747 = LINE ( 'NONE', #1370, #1675 ) ;
#748 = LINE ( 'NONE', #16, #1167 ) ;
#749 = EDGE_CURVE ( 'NONE', #1271, #533, #1385, .T. ) ;
#750 = DIRECTION ( 'NONE',  ( -0.000000000000000000, -1.000000000000000000, -0.000000000000000000 ) ) ;
#751 = ORIENTED_EDGE ( 'NONE', *, *, #1639, .F. ) ;
#752 = DIRECTION ( 'NONE',  ( -1.000000000000000000, 0.000000000000000000, 0.000000000000000000 ) ) ;
#753 = ORIENTED_EDGE ( 'NONE', *, *, #1065, .F. ) ;
#754 = DIRECTION ( 'NONE',  ( 1.000000000000000000, 0.000000000000000000, 0.000000000000000000 ) ) ;
#755 = FACE_BOUND ( 'NONE', #1410, .T. ) ;
#756 = DIRECTION ( 'NONE',  ( 1.000000000000000000, 1.560811398170173389E-15, -0.000000000000000000 ) ) ;
#757 = DIRECTION ( 'NONE',  ( 0.000000000000000000, -0.000000000000000000, 1.000000000000000000 ) ) ;
#758 = EDGE_CURVE ( 'NONE', #506, #959, #1307, .T. ) ;
#759 = VECTOR ( 'NONE', #1051, 1000.000000000000000 ) ;
#760 = VECTOR ( 'NONE', #1777, 1000.000000000000000 ) ;
#761 = CARTESIAN_POINT ( 'NONE',  ( 10.53577291295099094, -10.50000000000002132, 6.000000000000000000 ) ) ;
#762 = EDGE_CURVE ( 'NONE', #1727, #1040, #1921, .T. ) ;
#763 = AXIS2_PLACEMENT_3D ( 'NONE', #220, #1141, #1115 ) ;
#764 = DIRECTION ( 'NONE',  ( -1.000000000000000000, 0.000000000000000000, 0.000000000000000000 ) ) ;
#765 = ORIENTED_EDGE ( 'NONE', *, *, #291, .T. ) ;
#766 = VECTOR ( 'NONE', #353, 1000.000000000000000 ) ;
#767 = CARTESIAN_POINT ( 'NONE',  ( -21.70999999999997598, -15.50000000000002487, 8.000000000000000000 ) ) ;
#768 = CARTESIAN_POINT ( 'NONE',  ( -21.70999999999997598, 10.49999999999997868, 16.00000000000000000 ) ) ;
#769 = VECTOR ( 'NONE', #394, 1000.000000000000000 ) ;
#770 = DIRECTION ( 'NONE',  ( 3.121622796340347173E-16, -1.000000000000000000, 0.000000000000000000 ) ) ;
#771 = EDGE_LOOP ( 'NONE', ( #1175, #464, #1890, #1914 ) ) ;
#772 = DIRECTION ( 'NONE',  ( 1.000000000000000000, 0.000000000000000000, 0.000000000000000000 ) ) ;
#773 = LINE ( 'NONE', #1721, #336 ) ;
#774 = ORIENTED_EDGE ( 'NONE', *, *, #9, .T. ) ;
#775 = EDGE_CURVE ( 'NONE', #1963, #940, #1001, .T. ) ;
#776 = DIRECTION ( 'NONE',  ( -1.000000000000000000, 0.000000000000000000, -0.000000000000000000 ) ) ;
#777 = LINE ( 'NONE', #13, #1096 ) ;
#778 = LINE ( 'NONE', #468, #866 ) ;
#779 = DIRECTION ( 'NONE',  ( 0.000000000000000000, -1.000000000000000000, 0.000000000000000000 ) ) ;
#780 = ORIENTED_EDGE ( 'NONE', *, *, #1022, .F. ) ;
#781 = DATE_TIME_ROLE ( 'classification_date' ) ;
#782 = EDGE_LOOP ( 'NONE', ( #1699, #682, #1058, #1827 ) ) ;
#783 = CARTESIAN_POINT ( 'NONE',  ( 21.71000000000002572, 10.49999999999997868, 11.30000000000000071 ) ) ;
#784 = LINE ( 'NONE', #1080, #1204 ) ;
#785 = VERTEX_POINT ( 'NONE', #1154 ) ;
#786 = EDGE_LOOP ( 'NONE', ( #1308, #664, #502, #1043 ) ) ;
#787 = CARTESIAN_POINT ( 'NONE',  ( 21.71000000000002572, -10.50000000000002309, 8.000000000000000000 ) ) ;
#788 = ADVANCED_FACE ( 'NONE', ( #1772 ), #395, .T. ) ;
#789 = DIRECTION ( 'NONE',  ( -0.000000000000000000, -0.000000000000000000, 1.000000000000000000 ) ) ;
#790 = FACE_OUTER_BOUND ( 'NONE', #76, .T. ) ;
#791 = EDGE_CURVE ( 'NONE', #309, #1123, #888, .T. ) ;
#792 = CARTESIAN_POINT ( 'NONE',  ( -21.70999999999997598, -8.973705020007448852, 11.30000000000000071 ) ) ;
#793 = DATE_AND_TIME ( #1898, #87 ) ;
#794 = LINE ( 'NONE', #993, #589 ) ;
#795 = EDGE_LOOP ( 'NONE', ( #1375, #833, #1208, #1786, #307, #341, #1764, #573 ) ) ;
#796 = CARTESIAN_POINT ( 'NONE',  ( 19.49999999999996092, -7.150000000000024336, 16.00000000000000000 ) ) ;
#797 = CARTESIAN_POINT ( 'NONE',  ( 10.53577291295099094, -10.50000000000002132, 6.000000000000000000 ) ) ;
#798 = CARTESIAN_POINT ( 'NONE',  ( -20.00000000000003908, 8.049999999999963407, 16.00000000000000000 ) ) ;
#799 = ORIENTED_EDGE ( 'NONE', *, *, #937, .T. ) ;
#800 = FACE_OUTER_BOUND ( 'NONE', #782, .T. ) ;
#801 = VECTOR ( 'NONE', #463, 1000.000000000000000 ) ;
#802 = AXIS2_PLACEMENT_3D ( 'NONE', #1850, #152, #1564 ) ;
#803 = ADVANCED_FACE ( 'NONE', ( #636 ), #213, .F. ) ;
#804 = DIRECTION ( 'NONE',  ( -0.000000000000000000, 0.000000000000000000, 1.000000000000000000 ) ) ;
#805 = CIRCLE ( 'NONE', #713, 2.499999999999998668 ) ;
#806 = DIRECTION ( 'NONE',  ( 0.000000000000000000, -0.000000000000000000, 1.000000000000000000 ) ) ;
#807 = ORIENTED_EDGE ( 'NONE', *, *, #542, .T. ) ;
#808 = ADVANCED_FACE ( 'NONE', ( #487 ), #170, .T. ) ;
#809 = VECTOR ( 'NONE', #141, 1000.000000000000000 ) ;
#810 = ORIENTED_EDGE ( 'NONE', *, *, #1042, .T. ) ;
#811 = CARTESIAN_POINT ( 'NONE',  ( -20.00000000000003908, -7.150000000000039435, 8.500000000000000000 ) ) ;
#812 = LINE ( 'NONE', #1582, #334 ) ;
#813 = VERTEX_POINT ( 'NONE', #26 ) ;
#814 = CARTESIAN_POINT ( 'NONE',  ( -6.535772912950992719, -10.50000000000002309, 6.000000000000000000 ) ) ;
#815 = CARTESIAN_POINT ( 'NONE',  ( 0.000000000000000000, -16.05712073223750025, 8.000000000000000000 ) ) ;
#816 = CARTESIAN_POINT ( 'NONE',  ( 5.149999999999998579, 10.49999999999997868, 28.50000000000000355 ) ) ;
#817 = VERTEX_POINT ( 'NONE', #1851 ) ;
#818 = COORDINATED_UNIVERSAL_TIME_OFFSET ( 8, 0, .AHEAD. ) ;
#819 = EDGE_CURVE ( 'NONE', #538, #1729, #119, .T. ) ;
#820 = VERTEX_POINT ( 'NONE', #1861 ) ;
#821 = DIRECTION ( 'NONE',  ( 1.000000000000000000, 0.000000000000000000, 0.000000000000000000 ) ) ;
#822 = DIRECTION ( 'NONE',  ( 0.000000000000000000, 0.000000000000000000, -1.000000000000000000 ) ) ;
#823 = DIRECTION ( 'NONE',  ( -1.000000000000000000, 0.000000000000000000, 0.000000000000000000 ) ) ;
#824 = EDGE_LOOP ( 'NONE', ( #1749, #574, #1536, #807, #1299, #1207 ) ) ;
#825 = ORIENTED_EDGE ( 'NONE', *, *, #1010, .F. ) ;
#826 = CARTESIAN_POINT ( 'NONE',  ( -21.70999999999997598, -15.50000000000002487, 8.000000000000000000 ) ) ;
#827 = CARTESIAN_POINT ( 'NONE',  ( 5.149999999999997691, 6.499999999999977796, 28.50000000000000355 ) ) ;
#828 = VERTEX_POINT ( 'NONE', #1725 ) ;
#829 = ORIENTED_EDGE ( 'NONE', *, *, #298, .F. ) ;
#830 = LINE ( 'NONE', #479, #397 ) ;
#831 = EDGE_CURVE ( 'NONE', #1157, #1183, #1222, .T. ) ;
#832 = DIRECTION ( 'NONE',  ( -0.000000000000000000, 0.000000000000000000, -1.000000000000000000 ) ) ;
#833 = ORIENTED_EDGE ( 'NONE', *, *, #504, .F. ) ;
#834 = ORIENTED_EDGE ( 'NONE', *, *, #192, .T. ) ;
#835 = DIRECTION ( 'NONE',  ( 1.000000000000000000, 0.000000000000000000, 0.000000000000000000 ) ) ;
#836 = ADVANCED_FACE ( 'NONE', ( #477 ), #498, .F. ) ;
#837 = AXIS2_PLACEMENT_3D ( 'NONE', #89, #1734, #1129 ) ;
#838 = CARTESIAN_POINT ( 'NONE',  ( -6.535772912950987390, -10.50000000000002309, 0.000000000000000000 ) ) ;
#839 = AXIS2_PLACEMENT_3D ( 'NONE', #1507, #1059, #139 ) ;
#840 = AXIS2_PLACEMENT_3D ( 'NONE', #1318, #1608, #806 ) ;
#841 = DIRECTION ( 'NONE',  ( 0.000000000000000000, 1.000000000000000000, 0.000000000000000000 ) ) ;
#842 = ORIENTED_EDGE ( 'NONE', *, *, #725, .T. ) ;
#843 = CARTESIAN_POINT ( 'NONE',  ( -21.70999999999997598, 6.226294979992553102, 11.30000000000000071 ) ) ;
#844 = FACE_OUTER_BOUND ( 'NONE', #716, .T. ) ;
#845 = VERTEX_POINT ( 'NONE', #966 ) ;
#846 = CARTESIAN_POINT ( 'NONE',  ( -20.00000000000003908, 8.049999999999963407, 11.30000000000000071 ) ) ;
#847 = ADVANCED_FACE ( 'NONE', ( #1588 ), #182, .T. ) ;
#848 = DIRECTION ( 'NONE',  ( 0.000000000000000000, 1.000000000000000000, 0.000000000000000000 ) ) ;
#849 = ORIENTED_EDGE ( 'NONE', *, *, #1639, .T. ) ;
#850 = CARTESIAN_POINT ( 'NONE',  ( -10.53577291295099272, -10.50000000000002309, 8.000000000000000000 ) ) ;
#851 = LINE ( 'NONE', #1287, #760 ) ;
#852 = VERTEX_POINT ( 'NONE', #1703 ) ;
#853 = ORIENTED_EDGE ( 'NONE', *, *, #901, .T. ) ;
#854 = CARTESIAN_POINT ( 'NONE',  ( -19.50250628144678799, 10.49999999999997868, 11.30000000000000071 ) ) ;
#855 = LINE ( 'NONE', #1505, #80 ) ;
#856 = EDGE_CURVE ( 'NONE', #1224, #553, #778, .T. ) ;
#857 = EDGE_LOOP ( 'NONE', ( #1907, #82, #346, #410 ) ) ;
#858 = CARTESIAN_POINT ( 'NONE',  ( 17.99999999999991118, -7.150000000000024336, 8.000000000000000000 ) ) ;
#859 = CARTESIAN_POINT ( 'NONE',  ( -8.941627117004948389, 0.000000000000000000, 0.000000000000000000 ) ) ;
#860 = VERTEX_POINT ( 'NONE', #1228 ) ;
#861 = LINE ( 'NONE', #854, #1863 ) ;
#862 = DIRECTION ( 'NONE',  ( 1.000000000000000000, 0.000000000000000000, 0.000000000000000000 ) ) ;
#863 = VECTOR ( 'NONE', #1701, 1000.000000000000000 ) ;
#864 = VECTOR ( 'NONE', #887, 1000.000000000000000 ) ;
#865 = ADVANCED_FACE ( 'NONE', ( #790 ), #956, .F. ) ;
#866 = VECTOR ( 'NONE', #1101, 1000.000000000000000 ) ;
#867 = VERTEX_POINT ( 'NONE', #1309 ) ;
#868 = CARTESIAN_POINT ( 'NONE',  ( -8.941627117004948389, -16.05712073223750025, 0.000000000000000000 ) ) ;
#869 = AXIS2_PLACEMENT_3D ( 'NONE', #904, #750, #5 ) ;
#870 = VECTOR ( 'NONE', #740, 1000.000000000000000 ) ;
#871 = ORIENTED_EDGE ( 'NONE', *, *, #1735, .F. ) ;
#872 = ORIENTED_EDGE ( 'NONE', *, *, #1574, .F. ) ;
#873 = LINE ( 'NONE', #1223, #1384 ) ;
#874 = DIRECTION ( 'NONE',  ( 1.000000000000000000, 0.000000000000000000, 0.000000000000000000 ) ) ;
#875 = ORIENTED_EDGE ( 'NONE', *, *, #9, .F. ) ;
#876 = CARTESIAN_POINT ( 'NONE',  ( 0.000000000000000000, -16.05712073223750025, 8.000000000000000000 ) ) ;
#877 = EDGE_CURVE ( 'NONE', #680, #506, #1922, .T. ) ;
#878 = ORIENTED_EDGE ( 'NONE', *, *, #177, .F. ) ;
#879 = ORIENTED_EDGE ( 'NONE', *, *, #626, .T. ) ;
#880 = FACE_OUTER_BOUND ( 'NONE', #254, .T. ) ;
#881 = DIRECTION ( 'NONE',  ( -1.000000000000000000, 0.000000000000000000, 0.000000000000000000 ) ) ;
#882 = DIRECTION ( 'NONE',  ( 0.000000000000000000, -1.000000000000000000, 0.000000000000000000 ) ) ;
#883 = VERTEX_POINT ( 'NONE', #1773 ) ;
#884 = EDGE_LOOP ( 'NONE', ( #1278, #1733, #1300, #952 ) ) ;
#885 = ADVANCED_FACE ( 'NONE', ( #1463 ), #1473, .T. ) ;
#886 = ORIENTED_EDGE ( 'NONE', *, *, #377, .F. ) ;
#887 = DIRECTION ( 'NONE',  ( 0.000000000000000000, -1.000000000000000000, 0.000000000000000000 ) ) ;
#888 = LINE ( 'NONE', #797, #1969 ) ;
#889 = LINE ( 'NONE', #1508, #809 ) ;
#890 = ADVANCED_FACE ( 'NONE', ( #970 ), #216, .F. ) ;
#891 = DIRECTION ( 'NONE',  ( -0.000000000000000000, -0.000000000000000000, -1.000000000000000000 ) ) ;
#893 = AXIS2_PLACEMENT_3D ( 'NONE', #1871, #1880, #960 ) ;
#892 =( LENGTH_UNIT ( ) NAMED_UNIT ( * ) SI_UNIT ( .MILLI., .METRE. ) );
#894 = ORIENTED_EDGE ( 'NONE', *, *, #1118, .F. ) ;
#895 = CIRCLE ( 'NONE', #14, 1.500000000000001332 ) ;
#896 = EDGE_LOOP ( 'NONE', ( #1534, #1874, #1780, #834 ) ) ;
#897 = CYLINDRICAL_SURFACE ( 'NONE', #239, 1.500000000000043077 ) ;
#898 = VECTOR ( 'NONE', #499, 1000.000000000000000 ) ;
#899 = LOCAL_TIME ( 9, 8, 14.00000000000000000, #28 ) ;
#900 = DIRECTION ( 'NONE',  ( -0.000000000000000000, -0.000000000000000000, -1.000000000000000000 ) ) ;
#901 = EDGE_CURVE ( 'NONE', #1162, #1769, #622, .T. ) ;
#902 = CARTESIAN_POINT ( 'NONE',  ( -5.150000000000003020, 6.499999999999977796, 11.30000000000000071 ) ) ;
#903 = CARTESIAN_POINT ( 'NONE',  ( 0.000000000000000000, -21.49999999999997158, 2.499999999999999556 ) ) ;
#904 = CARTESIAN_POINT ( 'NONE',  ( 0.000000000000000000, -21.49999999999997158, 4.000000000000000000 ) ) ;
#905 = VERTEX_POINT ( 'NONE', #324 ) ;
#906 = VERTEX_POINT ( 'NONE', #1570 ) ;
#907 = DIRECTION ( 'NONE',  ( 3.121622796340347666E-16, -1.000000000000000000, 0.000000000000000000 ) ) ;
#908 = ORIENTED_EDGE ( 'NONE', *, *, #922, .F. ) ;
#909 = DIRECTION ( 'NONE',  ( -0.000000000000000000, -0.000000000000000000, 1.000000000000000000 ) ) ;
#910 = FACE_OUTER_BOUND ( 'NONE', #857, .T. ) ;
#911 = EDGE_CURVE ( 'NONE', #969, #1838, #1676, .T. ) ;
#912 = DIRECTION ( 'NONE',  ( -0.000000000000000000, -0.000000000000000000, -1.000000000000000000 ) ) ;
#913 = ADVANCED_FACE ( 'NONE', ( #1480 ), #1488, .F. ) ;
#914 = DIRECTION ( 'NONE',  ( -0.000000000000000000, 1.000000000000000000, -0.000000000000000000 ) ) ;
#915 = EDGE_LOOP ( 'NONE', ( #1760, #989, #980, #1176 ) ) ;
#916 = CARTESIAN_POINT ( 'NONE',  ( -21.50000000000008171, 8.049999999999963407, 16.00000000000000000 ) ) ;
#917 = ORIENTED_EDGE ( 'NONE', *, *, #144, .T. ) ;
#918 = LINE ( 'NONE', #1839, #759 ) ;
#919 = DIRECTION ( 'NONE',  ( -4.336808689942017736E-16, -1.000000000000000000, 0.000000000000000000 ) ) ;
#920 = DIRECTION ( 'NONE',  ( 1.000000000000000000, 1.734723475976807094E-15, 0.000000000000000000 ) ) ;
#921 = PERSON_AND_ORGANIZATION ( #1077, #17 ) ;
#922 = EDGE_CURVE ( 'NONE', #1609, #994, #257, .T. ) ;
#923 = ORIENTED_EDGE ( 'NONE', *, *, #447, .F. ) ;
#924 = CARTESIAN_POINT ( 'NONE',  ( 19.49999999999996092, -7.150000000000024336, 16.00000000000000000 ) ) ;
#925 = VECTOR ( 'NONE', #1466, 1000.000000000000000 ) ;
#926 = DIRECTION ( 'NONE',  ( -0.000000000000000000, -0.000000000000000000, -1.000000000000000000 ) ) ;
#927 = VERTEX_POINT ( 'NONE', #1179 ) ;
#928 = VECTOR ( 'NONE', #1414, 1000.000000000000000 ) ;
#929 = DIRECTION ( 'NONE',  ( 1.000000000000000000, -0.000000000000000000, 0.000000000000000000 ) ) ;
#930 = CARTESIAN_POINT ( 'NONE',  ( 21.00000000000001066, -7.150000000000024336, 8.500000000000000000 ) ) ;
#931 = AXIS2_PLACEMENT_3D ( 'NONE', #1978, #1357, #1972 ) ;
#932 = AXIS2_PLACEMENT_3D ( 'NONE', #1163, #1503, #561 ) ;
#933 = FACE_OUTER_BOUND ( 'NONE', #1895, .T. ) ;
#934 = APPROVAL_DATE_TIME ( #333, #950 ) ;
#935 = ORIENTED_EDGE ( 'NONE', *, *, #1664, .F. ) ;
#936 = CARTESIAN_POINT ( 'NONE',  ( -21.70999999999997598, -15.50000000000002487, 16.00000000000000000 ) ) ;
#937 = EDGE_CURVE ( 'NONE', #1040, #38, #1795, .T. ) ;
#938 = CARTESIAN_POINT ( 'NONE',  ( 19.50000000000004619, 8.049999999999970512, 16.00000000000000000 ) ) ;
#939 = CARTESIAN_POINT ( 'NONE',  ( -20.00000000000003908, 8.049999999999963407, 8.500000000000000000 ) ) ;
#940 = VERTEX_POINT ( 'NONE', #1967 ) ;
#941 = CARTESIAN_POINT ( 'NONE',  ( -21.70999999999997598, 9.873705020007372823, 11.30000000000000071 ) ) ;
#942 = EDGE_CURVE ( 'NONE', #867, #785, #805, .T. ) ;
#943 = DIRECTION ( 'NONE',  ( -1.000000000000000000, 0.000000000000000000, 0.000000000000000000 ) ) ;
#944 = CARTESIAN_POINT ( 'NONE',  ( -19.50250628144678799, 10.49999999999997868, 8.500000000000000000 ) ) ;
#945 = ORIENTED_EDGE ( 'NONE', *, *, #1225, .T. ) ;
#946 = DATE_AND_TIME ( #1395, #53 ) ;
#947 = CARTESIAN_POINT ( 'NONE',  ( -8.941627117004948389, -16.05712073223750025, 6.000000000000000000 ) ) ;
#948 = LINE ( 'NONE', #783, #116 ) ;
#949 = DIRECTION ( 'NONE',  ( -3.121622796340346680E-16, 1.000000000000000000, -0.000000000000000000 ) ) ;
#950 = APPROVAL ( #1212, 'æœª' ) ;
#951 = DIRECTION ( 'NONE',  ( 0.000000000000000000, 0.000000000000000000, -1.000000000000000000 ) ) ;
#952 = ORIENTED_EDGE ( 'NONE', *, *, #1107, .F. ) ;
#953 = ORIENTED_EDGE ( 'NONE', *, *, #819, .F. ) ;
#954 = CARTESIAN_POINT ( 'NONE',  ( 19.50000000000004619, 8.049999999999970512, 11.30000000000000071 ) ) ;
#955 = EDGE_CURVE ( 'NONE', #309, #1023, #1943, .T. ) ;
#956 = PLANE ( 'NONE',  #1649 ) ;
#957 = CARTESIAN_POINT ( 'NONE',  ( 0.000000000000000000, -31.49999999999997158, 0.000000000000000000 ) ) ;
#958 = ORIENTED_EDGE ( 'NONE', *, *, #1971, .T. ) ;
#959 = VERTEX_POINT ( 'NONE', #577 ) ;
#960 = DIRECTION ( 'NONE',  ( 1.000000000000000000, 0.000000000000000000, 0.000000000000000000 ) ) ;
#961 = ORIENTED_EDGE ( 'NONE', *, *, #1107, .T. ) ;
#962 = DIRECTION ( 'NONE',  ( -1.000000000000000000, 0.000000000000000000, 0.000000000000000000 ) ) ;
#963 = AXIS2_PLACEMENT_3D ( 'NONE', #114, #701, #712 ) ;
#964 = VECTOR ( 'NONE', #1716, 1000.000000000000000 ) ;
#965 = EDGE_CURVE ( 'NONE', #1616, #42, #1165, .T. ) ;
#966 = CARTESIAN_POINT ( 'NONE',  ( -20.49749371855328661, 10.49999999999997868, 8.500000000000000000 ) ) ;
#967 = CARTESIAN_POINT ( 'NONE',  ( 21.71000000000002572, 6.881282754469602914, 8.500000000000000000 ) ) ;
#968 = VECTOR ( 'NONE', #1798, 1000.000000000000000 ) ;
#969 = VERTEX_POINT ( 'NONE', #1784 ) ;
#970 = FACE_OUTER_BOUND ( 'NONE', #1617, .T. ) ;
#971 = ORIENTED_EDGE ( 'NONE', *, *, #153, .T. ) ;
#972 = AXIS2_PLACEMENT_3D ( 'NONE', #1591, #841, #1284 ) ;
#973 = ORIENTED_EDGE ( 'NONE', *, *, #278, .F. ) ;
#974 = PLANE ( 'NONE',  #1778 ) ;
#975 = CARTESIAN_POINT ( 'NONE',  ( 19.50000000000004619, 8.049999999999970512, 8.500000000000000000 ) ) ;
#976 = ORIENTED_EDGE ( 'NONE', *, *, #78, .F. ) ;
#977 = VERTEX_POINT ( 'NONE', #1818 ) ;
#978 = DIRECTION ( 'NONE',  ( 0.000000000000000000, -0.000000000000000000, -1.000000000000000000 ) ) ;
#979 = LINE ( 'NONE', #816, #586 ) ;
#980 = ORIENTED_EDGE ( 'NONE', *, *, #1957, .F. ) ;
#981 = EDGE_CURVE ( 'NONE', #1224, #959, #409, .T. ) ;
#982 = CARTESIAN_POINT ( 'NONE',  ( 0.000000000000000000, -21.49999999999997158, 4.000000000000000000 ) ) ;
#983 = SHAPE_DEFINITION_REPRESENTATION ( #1438, #579 ) ;
#984 = FACE_OUTER_BOUND ( 'NONE', #1082, .T. ) ;
#985 = ADVANCED_FACE ( 'NONE', ( #718 ), #435, .F. ) ;
#986 = ORIENTED_EDGE ( 'NONE', *, *, #476, .T. ) ;
#987 = LINE ( 'NONE', #40, #202 ) ;
#988 = CYLINDRICAL_SURFACE ( 'NONE', #587, 1.500000000000049960 ) ;
#989 = ORIENTED_EDGE ( 'NONE', *, *, #1118, .T. ) ;
#990 = ORIENTED_EDGE ( 'NONE', *, *, #1346, .F. ) ;
#991 = PLANE ( 'NONE',  #1965 ) ;
#992 = CARTESIAN_POINT ( 'NONE',  ( 0.000000000000000000, -31.49999999999997158, 4.000000000000000000 ) ) ;
#993 = CARTESIAN_POINT ( 'NONE',  ( 0.000000000000000000, -16.05712073223750025, 8.000000000000000000 ) ) ;
#994 = VERTEX_POINT ( 'NONE', #1186 ) ;
#995 = PLANE ( 'NONE',  #708 ) ;
#996 = EDGE_CURVE ( 'NONE', #1202, #1616, #855, .T. ) ;
#997 = DIRECTION ( 'NONE',  ( -0.000000000000000000, -0.000000000000000000, -1.000000000000000000 ) ) ;
#998 = ORIENTED_EDGE ( 'NONE', *, *, #1950, .F. ) ;
#999 = CYLINDRICAL_SURFACE ( 'NONE', #1089, 1.500000000000049960 ) ;
#1000 = VECTOR ( 'NONE', #614, 1000.000000000000000 ) ;
#1001 = LINE ( 'NONE', #236, #1581 ) ;
#1002 = VECTOR ( 'NONE', #30, 1000.000000000000000 ) ;
#1003 = AXIS2_PLACEMENT_3D ( 'NONE', #698, #848, #1472 ) ;
#1004 = SECURITY_CLASSIFICATION ( '', '', #1407 ) ;
#1005 = ORIENTED_EDGE ( 'NONE', *, *, #1413, .F. ) ;
#1006 = CIRCLE ( 'NONE', #92, 1.500000000000001332 ) ;
#1007 = FACE_OUTER_BOUND ( 'NONE', #686, .T. ) ;
#1008 = DIRECTION ( 'NONE',  ( -1.560811398170173192E-15, 1.000000000000000000, 0.000000000000000000 ) ) ;
#1009 = EDGE_LOOP ( 'NONE', ( #1492, #1390 ) ) ;
#1010 = EDGE_CURVE ( 'NONE', #1529, #473, #442, .T. ) ;
#1011 = VERTEX_POINT ( 'NONE', #1352 ) ;
#1012 = DIRECTION ( 'NONE',  ( -1.000000000000000000, 0.000000000000000000, 0.000000000000000000 ) ) ;
#1013 = ADVANCED_FACE ( 'NONE', ( #1347 ), #1045, .T. ) ;
#1014 = LINE ( 'NONE', #1632, #644 ) ;
#1015 = ORIENTED_EDGE ( 'NONE', *, *, #610, .T. ) ;
#1016 = LINE ( 'NONE', #1653, #1060 ) ;
#1017 = CARTESIAN_POINT ( 'NONE',  ( 10.53577291295099094, -15.50000000000002487, 3.000000000000000000 ) ) ;
#1018 = VERTEX_POINT ( 'NONE', #293 ) ;
#1019 = ORIENTED_EDGE ( 'NONE', *, *, #281, .T. ) ;
#1020 = CYLINDRICAL_SURFACE ( 'NONE', #1135, 1.500000000000043077 ) ;
#1021 = CARTESIAN_POINT ( 'NONE',  ( 19.50000000000004619, 8.049999999999970512, 11.30000000000000071 ) ) ;
#1022 = EDGE_CURVE ( 'NONE', #1274, #744, #423, .T. ) ;
#1023 = VERTEX_POINT ( 'NONE', #109 ) ;
#1024 = DIRECTION ( 'NONE',  ( -0.000000000000000000, -0.000000000000000000, 1.000000000000000000 ) ) ;
#1025 = FACE_OUTER_BOUND ( 'NONE', #1422, .T. ) ;
#1026 = CARTESIAN_POINT ( 'NONE',  ( -21.70999999999997243, 10.49999999999997868, 8.500000000000000000 ) ) ;
#1027 = LINE ( 'NONE', #1648, #396 ) ;
#1028 = AXIS2_PLACEMENT_3D ( 'NONE', #1351, #1630, #1964 ) ;
#1029 = EDGE_CURVE ( 'NONE', #1796, #1094, #1027, .T. ) ;
#1030 = VECTOR ( 'NONE', #1158, 1000.000000000000000 ) ;
#1031 = AXIS2_PLACEMENT_3D ( 'NONE', #1738, #1168, #366 ) ;
#1032 = VERTEX_POINT ( 'NONE', #1498 ) ;
#1033 = CARTESIAN_POINT ( 'NONE',  ( 6.535772912950990055, -15.50000000000002487, 8.000000000000000000 ) ) ;
#1034 = VECTOR ( 'NONE', #1172, 1000.000000000000000 ) ;
#1035 = AXIS2_PLACEMENT_3D ( 'NONE', #432, #1177, #1012 ) ;
#1036 = ORIENTED_EDGE ( 'NONE', *, *, #1225, .F. ) ;
#1037 = LINE ( 'NONE', #255, #1807 ) ;
#1038 = CARTESIAN_POINT ( 'NONE',  ( 21.71000000000002572, 10.49999999999997868, 8.000000000000000000 ) ) ;
#1039 = EDGE_CURVE ( 'NONE', #867, #1078, #1930, .T. ) ;
#1040 = VERTEX_POINT ( 'NONE', #549 ) ;
#1041 = DIRECTION ( 'NONE',  ( -0.000000000000000000, -0.000000000000000000, -1.000000000000000000 ) ) ;
#1042 = EDGE_CURVE ( 'NONE', #1805, #977, #1014, .T. ) ;
#1043 = ORIENTED_EDGE ( 'NONE', *, *, #291, .F. ) ;
#1044 = LINE ( 'NONE', #1680, #1457 ) ;
#1045 = PLANE ( 'NONE',  #1645 ) ;
#1046 = LINE ( 'NONE', #1527, #1622 ) ;
#1047 = ORIENTED_EDGE ( 'NONE', *, *, #831, .T. ) ;
#1048 = ORIENTED_EDGE ( 'NONE', *, *, #73, .F. ) ;
#1049 = DIRECTION ( 'NONE',  ( 0.000000000000000000, 0.000000000000000000, 1.000000000000000000 ) ) ;
#1050 = EDGE_CURVE ( 'NONE', #1729, #538, #1125, .T. ) ;
#1051 = DIRECTION ( 'NONE',  ( -0.000000000000000000, -0.000000000000000000, -1.000000000000000000 ) ) ;
#1052 = CARTESIAN_POINT ( 'NONE',  ( 5.149999999999998579, 10.49999999999997868, 16.00000000000000000 ) ) ;
#1054 = AXIS2_PLACEMENT_3D ( 'NONE', #338, #1442, #1757 ) ;
#1053 = PLANE ( 'NONE',  #1748 ) ;
#1055 = DIRECTION ( 'NONE',  ( -0.000000000000000000, 0.000000000000000000, -1.000000000000000000 ) ) ;
#1056 = ORIENTED_EDGE ( 'NONE', *, *, #312, .F. ) ;
#1057 = VECTOR ( 'NONE', #1102, 1000.000000000000000 ) ;
#1058 = ORIENTED_EDGE ( 'NONE', *, *, #1894, .T. ) ;
#1059 = DIRECTION ( 'NONE',  ( -0.000000000000000000, -0.000000000000000000, 1.000000000000000000 ) ) ;
#1060 = VECTOR ( 'NONE', #1475, 1000.000000000000000 ) ;
#1061 = AXIS2_PLACEMENT_3D ( 'NONE', #939, #1421, #823 ) ;
#1062 = CIRCLE ( 'NONE', #207, 1.500000000000043077 ) ;
#1063 = EDGE_CURVE ( 'NONE', #1741, #828, #918, .T. ) ;
#1064 = DIRECTION ( 'NONE',  ( 0.000000000000000000, 0.000000000000000000, -1.000000000000000000 ) ) ;
#1065 = EDGE_CURVE ( 'NONE', #1867, #1274, #1849, .T. ) ;
#1066 = PLANE ( 'NONE',  #1458 ) ;
#1067 = DIRECTION ( 'NONE',  ( 2.246632180306039659E-16, -1.000000000000000000, 0.000000000000000000 ) ) ;
#1068 = VERTEX_POINT ( 'NONE', #597 ) ;
#1069 = CARTESIAN_POINT ( 'NONE',  ( -8.941627117004948389, -31.49999999999997158, 0.000000000000000000 ) ) ;
#1070 = VECTOR ( 'NONE', #1604, 1000.000000000000000 ) ;
#1071 = ORIENTED_EDGE ( 'NONE', *, *, #1523, .T. ) ;
#1072 = CARTESIAN_POINT ( 'NONE',  ( -21.70999999999997598, -15.50000000000002487, 8.000000000000000000 ) ) ;
#1073 = DIRECTION ( 'NONE',  ( -0.000000000000000000, -0.000000000000000000, -1.000000000000000000 ) ) ;
#1074 = EDGE_CURVE ( 'NONE', #642, #1123, #180, .T. ) ;
#1075 = CARTESIAN_POINT ( 'NONE',  ( 21.71000000000002572, 10.49999999999997868, 8.500000000000000000 ) ) ;
#1076 = APPLICATION_PROTOCOL_DEFINITION ( 'international standard', 'config_control_design', 1994, #675 ) ;
#1077 = PERSON ( 'æœª', 'æœª', 'æœª', ('æœª'), ('æœª'), ('æœª') ) ;
#1078 = VERTEX_POINT ( 'NONE', #1401 ) ;
#1079 = DIRECTION ( 'NONE',  ( -0.000000000000000000, -0.000000000000000000, -1.000000000000000000 ) ) ;
#1080 = CARTESIAN_POINT ( 'NONE',  ( 1.836970198721030181E-16, -21.49999999999997158, 5.500000000000000888 ) ) ;
#1081 = ORIENTED_EDGE ( 'NONE', *, *, #1491, .F. ) ;
#1082 = EDGE_LOOP ( 'NONE', ( #1611, #1605, #629, #532 ) ) ;
#1083 = DIRECTION ( 'NONE',  ( 0.000000000000000000, 0.000000000000000000, 1.000000000000000000 ) ) ;
#1084 = DIRECTION ( 'NONE',  ( -0.000000000000000000, -0.000000000000000000, 1.000000000000000000 ) ) ;
#1085 = CARTESIAN_POINT ( 'NONE',  ( -8.941627117004948389, -16.05712073223750025, -2.000000000000000000 ) ) ;
#1086 = PLANE ( 'NONE',  #1783 ) ;
#1087 = EDGE_CURVE ( 'NONE', #736, #527, #332, .T. ) ;
#1088 = PERSON_AND_ORGANIZATION ( #1077, #17 ) ;
#1089 = AXIS2_PLACEMENT_3D ( 'NONE', #1292, #1424, #190 ) ;
#1090 = ORIENTED_EDGE ( 'NONE', *, *, #339, .T. ) ;
#1091 = FACE_OUTER_BOUND ( 'NONE', #1893, .T. ) ;
#1092 = CIRCLE ( 'NONE', #1647, 2.500000000000002220 ) ;
#1093 = CARTESIAN_POINT ( 'NONE',  ( 21.71000000000002572, -15.50000000000002487, 16.00000000000000000 ) ) ;
#1094 = VERTEX_POINT ( 'NONE', #1243 ) ;
#1095 = ORIENTED_EDGE ( 'NONE', *, *, #23, .T. ) ;
#1096 = VECTOR ( 'NONE', #343, 1000.000000000000000 ) ;
#1097 = CARTESIAN_POINT ( 'NONE',  ( 10.53577291295099094, -15.50000000000002487, 6.000000000000000000 ) ) ;
#1098 = LINE ( 'NONE', #1715, #1196 ) ;
#1099 = APPROVAL_PERSON_ORGANIZATION ( #501, #1878, #367 ) ;
#1100 = MANIFOLD_SOLID_BREP ( '\X2\51f853f0\X0\-\X2\62c94f38\X0\5', #1103 ) ;
#1101 = DIRECTION ( 'NONE',  ( -3.121622796340347173E-16, 1.000000000000000000, 0.000000000000000000 ) ) ;
#1102 = DIRECTION ( 'NONE',  ( -0.000000000000000000, -0.000000000000000000, -1.000000000000000000 ) ) ;
#1103 = CLOSED_SHELL ( 'NONE', ( #123, #1504, #1343, #200, #1310, #803, #890, #248, #131, #1306, #436, #1443, #865, #400, #188, #34, #1923, #363, #1776, #1387, #689, #1430, #788, #847, #6, #1910, #1820, #416, #699, #1013, #1720, #885, #1525, #1264, #635, #1932, #1249, #836, #985, #320, #913, #1707, #1366, #303, #1280, #91, #1294, #808, #1173, #1562, #1104, #1865, #1206, #1365, #555, #36, #1811, #1353, #578 ) ) ;
#1104 = ADVANCED_FACE ( 'NONE', ( #326 ), #1364, .T. ) ;
#1105 = ORIENTED_EDGE ( 'NONE', *, *, #1159, .F. ) ;
#1106 = LINE ( 'NONE', #1265, #1578 ) ;
#1107 = EDGE_CURVE ( 'NONE', #359, #95, #1541, .T. ) ;
#1108 = LINE ( 'NONE', #41, #741 ) ;
#1109 = ORIENTED_EDGE ( 'NONE', *, *, #762, .F. ) ;
#1110 = CARTESIAN_POINT ( 'NONE',  ( 21.00000000000009592, 8.049999999999970512, 8.000000000000000000 ) ) ;
#1111 = DIRECTION ( 'NONE',  ( 0.000000000000000000, 1.000000000000000000, 0.000000000000000000 ) ) ;
#1112 = CARTESIAN_POINT ( 'NONE',  ( -20.00000000000003908, -7.150000000000039435, 11.30000000000000071 ) ) ;
#1113 = ORIENTED_EDGE ( 'NONE', *, *, #1471, .T. ) ;
#1114 = ORIENTED_EDGE ( 'NONE', *, *, #911, .T. ) ;
#1115 = DIRECTION ( 'NONE',  ( 1.000000000000000000, 0.000000000000000000, 0.000000000000000000 ) ) ;
#1116 = FACE_OUTER_BOUND ( 'NONE', #1918, .T. ) ;
#1117 = EDGE_LOOP ( 'NONE', ( #1215, #512, #829, #306, #1945, #288 ) ) ;
#1118 = EDGE_CURVE ( 'NONE', #654, #680, #24, .T. ) ;
#1119 = DIRECTION ( 'NONE',  ( -0.000000000000000000, -0.000000000000000000, -1.000000000000000000 ) ) ;
#1120 = CARTESIAN_POINT ( 'NONE',  ( 0.000000000000000000, -21.49999999999997158, 4.000000000000000000 ) ) ;
#1121 = CARTESIAN_POINT ( 'NONE',  ( 5.149999999999998579, 10.49999999999997868, 11.30000000000000071 ) ) ;
#1122 = PLANE ( 'NONE',  #1261 ) ;
#1123 = VERTEX_POINT ( 'NONE', #1097 ) ;
#1124 = DIRECTION ( 'NONE',  ( -0.000000000000000000, -0.000000000000000000, -1.000000000000000000 ) ) ;
#1125 = CIRCLE ( 'NONE', #327, 1.500000000000000444 ) ;
#1126 = CIRCLE ( 'NONE', #271, 2.499999999999998668 ) ;
#1127 = ORIENTED_EDGE ( 'NONE', *, *, #102, .F. ) ;
#1128 = VERTEX_POINT ( 'NONE', #746 ) ;
#1129 = DIRECTION ( 'NONE',  ( -1.000000000000000000, 0.000000000000000000, -0.000000000000000000 ) ) ;
#1130 = VECTOR ( 'NONE', #683, 1000.000000000000000 ) ;
#1131 = PRODUCT_DEFINITION ( 'æœ', '', #1133, #1792 ) ;
#1132 = AXIS2_PLACEMENT_3D ( 'NONE', #1112, #193, #648 ) ;
#1133 = PRODUCT_DEFINITION_FORMATION_WITH_SPECIFIED_SOURCE ( 'ä»', '', #1579, .NOT_KNOWN. ) ;
#1134 = EDGE_CURVE ( 'NONE', #642, #1789, #166, .T. ) ;
#1135 = AXIS2_PLACEMENT_3D ( 'NONE', #1479, #422, #1806 ) ;
#1136 = LINE ( 'NONE', #386, #1295 ) ;
#1137 = ORIENTED_EDGE ( 'NONE', *, *, #424, .T. ) ;
#1138 = DATE_AND_TIME ( #59, #899 ) ;
#1139 = VERTEX_POINT ( 'NONE', #1236 ) ;
#1140 = ORIENTED_EDGE ( 'NONE', *, *, #1454, .T. ) ;
#1141 = DIRECTION ( 'NONE',  ( 0.000000000000000000, 0.000000000000000000, 1.000000000000000000 ) ) ;
#1142 = FACE_BOUND ( 'NONE', #253, .T. ) ;
#1143 = ORIENTED_EDGE ( 'NONE', *, *, #709, .T. ) ;
#1144 = ORIENTED_EDGE ( 'NONE', *, *, #388, .F. ) ;
#1145 = CARTESIAN_POINT ( 'NONE',  ( 0.000000000000000000, -15.50000000000002487, 0.000000000000000000 ) ) ;
#1146 = CARTESIAN_POINT ( 'NONE',  ( 0.000000000000000000, -16.05712073223750025, 2.000000000000000000 ) ) ;
#1147 = EDGE_CURVE ( 'NONE', #1359, #1727, #342, .T. ) ;
#1148 = ORIENTED_EDGE ( 'NONE', *, *, #508, .T. ) ;
#1149 = ORIENTED_EDGE ( 'NONE', *, *, #244, .F. ) ;
#1150 = DIRECTION ( 'NONE',  ( -0.000000000000000000, -0.000000000000000000, 1.000000000000000000 ) ) ;
#1151 = DIRECTION ( 'NONE',  ( -1.000000000000000000, -2.246632180306039659E-16, 0.000000000000000000 ) ) ;
#1152 = VERTEX_POINT ( 'NONE', #458 ) ;
#1153 = CARTESIAN_POINT ( 'NONE',  ( -6.535772912950992719, -10.50000000000002309, 8.000000000000000000 ) ) ;
#1154 = CARTESIAN_POINT ( 'NONE',  ( 21.71000000000002572, 6.881282754469602914, 11.30000000000000071 ) ) ;
#1155 = DIRECTION ( 'NONE',  ( 1.000000000000000000, 0.000000000000000000, 0.000000000000000000 ) ) ;
#1156 = EDGE_CURVE ( 'NONE', #369, #1924, #1682, .T. ) ;
#1157 = VERTEX_POINT ( 'NONE', #448 ) ;
#1158 = DIRECTION ( 'NONE',  ( -0.000000000000000000, -0.000000000000000000, -1.000000000000000000 ) ) ;
#1159 = EDGE_CURVE ( 'NONE', #1011, #1789, #1218, .T. ) ;
#1160 = CARTESIAN_POINT ( 'NONE',  ( -6.535772912951009594, -1.020110885838581154E-14, 8.000000000000000000 ) ) ;
#1161 = ORIENTED_EDGE ( 'NONE', *, *, #456, .T. ) ;
#1162 = VERTEX_POINT ( 'NONE', #941 ) ;
#1163 = CARTESIAN_POINT ( 'NONE',  ( 19.50000000000004619, 8.049999999999970512, 11.30000000000000071 ) ) ;
#1164 = AXIS2_PLACEMENT_3D ( 'NONE', #1216, #1528, #1397 ) ;
#1165 = LINE ( 'NONE', #265, #1423 ) ;
#1166 = FACE_OUTER_BOUND ( 'NONE', #721, .T. ) ;
#1167 = VECTOR ( 'NONE', #920, 1000.000000000000000 ) ;
#1168 = DIRECTION ( 'NONE',  ( 0.000000000000000000, 0.000000000000000000, -1.000000000000000000 ) ) ;
#1169 = VECTOR ( 'NONE', #1447, 1000.000000000000000 ) ;
#1170 = CC_DESIGN_APPROVAL ( #1819, ( #1004 ) ) ;
#1171 = ORIENTED_EDGE ( 'NONE', *, *, #567, .F. ) ;
#1172 = DIRECTION ( 'NONE',  ( -0.000000000000000000, -0.000000000000000000, -1.000000000000000000 ) ) ;
#1173 = ADVANCED_FACE ( 'NONE', ( #1672 ), #1824, .F. ) ;
#1174 = CARTESIAN_POINT ( 'NONE',  ( -20.00000000000003908, 8.049999999999963407, 16.00000000000000000 ) ) ;
#1175 = ORIENTED_EDGE ( 'NONE', *, *, #361, .F. ) ;
#1176 = ORIENTED_EDGE ( 'NONE', *, *, #424, .F. ) ;
#1177 = DIRECTION ( 'NONE',  ( -0.000000000000000000, -0.000000000000000000, -1.000000000000000000 ) ) ;
#1178 = EDGE_CURVE ( 'NONE', #60, #1600, #1530, .T. ) ;
#1179 = CARTESIAN_POINT ( 'NONE',  ( -10.53577291295098384, -16.05712073223750025, 6.000000000000000000 ) ) ;
#1180 = ORIENTED_EDGE ( 'NONE', *, *, #1063, .F. ) ;
#1181 = CYLINDRICAL_SURFACE ( 'NONE', #404, 2.499999999999998668 ) ;
#1182 = LINE ( 'NONE', #1017, #535 ) ;
#1183 = VERTEX_POINT ( 'NONE', #1522 ) ;
#1184 = DIRECTION ( 'NONE',  ( -0.000000000000000000, -0.000000000000000000, -1.000000000000000000 ) ) ;
#1185 = EDGE_CURVE ( 'NONE', #685, #1741, #18, .T. ) ;
#1186 = CARTESIAN_POINT ( 'NONE',  ( -8.941627117004948389, -31.49999999999997158, 8.000000000000000000 ) ) ;
#1187 = ORIENTED_EDGE ( 'NONE', *, *, #530, .F. ) ;
#1188 = DIRECTION ( 'NONE',  ( -0.000000000000000000, -0.000000000000000000, -1.000000000000000000 ) ) ;
#1189 = EDGE_LOOP ( 'NONE', ( #568, #1427, #700, #1669 ) ) ;
#1190 = ORIENTED_EDGE ( 'NONE', *, *, #134, .T. ) ;
#1191 = CYLINDRICAL_SURFACE ( 'NONE', #1035, 2.500000000000002220 ) ;
#1192 = DIRECTION ( 'NONE',  ( -0.000000000000000000, 1.000000000000000000, 0.000000000000000000 ) ) ;
#1193 = CC_DESIGN_PERSON_AND_ORGANIZATION_ASSIGNMENT ( #1272, #39, ( #1133 ) ) ;
#1194 = VECTOR ( 'NONE', #881, 1000.000000000000000 ) ;
#1195 = EDGE_CURVE ( 'NONE', #1449, #638, #1378, .T. ) ;
#1196 = VECTOR ( 'NONE', #943, 1000.000000000000000 ) ;
#1197 = ORIENTED_EDGE ( 'NONE', *, *, #1022, .T. ) ;
#1198 = LINE ( 'NONE', #1516, #1549 ) ;
#1199 = LINE ( 'NONE', #598, #1546 ) ;
#1200 = VECTOR ( 'NONE', #474, 1000.000000000000000 ) ;
#1201 = VERTEX_POINT ( 'NONE', #465 ) ;
#1202 = VERTEX_POINT ( 'NONE', #1072 ) ;
#1203 = PLANE ( 'NONE',  #1355 ) ;
#1204 = VECTOR ( 'NONE', #323, 1000.000000000000000 ) ;
#1205 = DIRECTION ( 'NONE',  ( -0.000000000000000000, -0.000000000000000000, 1.000000000000000000 ) ) ;
#1206 = ADVANCED_FACE ( 'NONE', ( #1690 ), #317, .T. ) ;
#1207 = ORIENTED_EDGE ( 'NONE', *, *, #456, .F. ) ;
#1208 = ORIENTED_EDGE ( 'NONE', *, *, #192, .F. ) ;
#1209 = CARTESIAN_POINT ( 'NONE',  ( 10.53577291295099272, -16.05712073223750025, 8.000000000000000000 ) ) ;
#1210 = CARTESIAN_POINT ( 'NONE',  ( 0.000000000000000000, -15.50000000000002487, 6.000000000000000000 ) ) ;
#1211 = CARTESIAN_POINT ( 'NONE',  ( 0.000000000000000000, 0.000000000000000000, 8.500000000000000000 ) ) ;
#1212 = APPROVAL_STATUS ( 'not_yet_approved' ) ;
#1213 = EDGE_CURVE ( 'NONE', #1867, #1344, #77, .T. ) ;
#1214 = ORIENTED_EDGE ( 'NONE', *, *, #775, .F. ) ;
#1215 = ORIENTED_EDGE ( 'NONE', *, *, #1732, .F. ) ;
#1216 = CARTESIAN_POINT ( 'NONE',  ( 19.49999999999996092, -7.150000000000024336, 11.30000000000000071 ) ) ;
#1217 = EDGE_CURVE ( 'NONE', #1023, #1314, #1411, .T. ) ;
#1218 = LINE ( 'NONE', #767, #12 ) ;
#1219 = CARTESIAN_POINT ( 'NONE',  ( 19.00250628144677734, 10.49999999999997868, 11.30000000000000071 ) ) ;
#1221 = VECTOR ( 'NONE', #1612, 1000.000000000000000 ) ;
#1220 = CARTESIAN_POINT ( 'NONE',  ( 10.53577291295099450, -15.50000000000002487, 8.000000000000000000 ) ) ;
#1222 = CIRCLE ( 'NONE', #368, 2.499999999999998668 ) ;
#1223 = CARTESIAN_POINT ( 'NONE',  ( 21.00000000000001066, -7.150000000000024336, 8.000000000000000000 ) ) ;
#1224 = VERTEX_POINT ( 'NONE', #1435 ) ;
#1225 = EDGE_CURVE ( 'NONE', #977, #1201, #516, .T. ) ;
#1226 = DIRECTION ( 'NONE',  ( -1.000000000000000000, 0.000000000000000000, 0.000000000000000000 ) ) ;
#1227 = CARTESIAN_POINT ( 'NONE',  ( 19.99749371855331148, 10.49999999999997868, 11.30000000000000071 ) ) ;
#1228 = CARTESIAN_POINT ( 'NONE',  ( 8.941627117004927072, -31.49999999999997158, 0.000000000000000000 ) ) ;
#1229 = CARTESIAN_POINT ( 'NONE',  ( 0.000000000000000000, -31.49999999999997158, 4.000000000000000000 ) ) ;
#1230 =( NAMED_UNIT ( * ) SI_UNIT ( $, .STERADIAN. ) SOLID_ANGLE_UNIT ( ) );
#1231 = VERTEX_POINT ( 'NONE', #360 ) ;
#1232 = DIRECTION ( 'NONE',  ( -0.000000000000000000, -0.000000000000000000, 1.000000000000000000 ) ) ;
#1233 = DIRECTION ( 'NONE',  ( 0.000000000000000000, 0.000000000000000000, -1.000000000000000000 ) ) ;
#1234 = CARTESIAN_POINT ( 'NONE',  ( -21.70999999999997598, 10.49999999999997868, 11.30000000000000071 ) ) ;
#1235 = EDGE_LOOP ( 'NONE', ( #1774, #953, #1853, #546 ) ) ;
#1236 = CARTESIAN_POINT ( 'NONE',  ( 17.99999999999996092, -7.150000000000024336, 16.00000000000000000 ) ) ;
#1237 = EDGE_CURVE ( 'NONE', #1231, #1183, #1761, .T. ) ;
#1238 = DIRECTION ( 'NONE',  ( -3.121622796340347666E-16, 1.000000000000000000, 0.000000000000000000 ) ) ;
#1239 = LINE ( 'NONE', #1075, #964 ) ;
#1240 = FACE_OUTER_BOUND ( 'NONE', #1117, .T. ) ;
#1241 = DIRECTION ( 'NONE',  ( -0.000000000000000000, -0.000000000000000000, -1.000000000000000000 ) ) ;
#1242 = ORIENTED_EDGE ( 'NONE', *, *, #444, .T. ) ;
#1243 = CARTESIAN_POINT ( 'NONE',  ( -6.535772912950984725, -16.05712073223750025, 0.000000000000000000 ) ) ;
#1244 = CARTESIAN_POINT ( 'NONE',  ( 6.535772912950990943, -10.50000000000002309, 8.000000000000000000 ) ) ;
#1245 = EDGE_CURVE ( 'NONE', #157, #1529, #385, .T. ) ;
#1246 = DIRECTION ( 'NONE',  ( -0.000000000000000000, -0.000000000000000000, 1.000000000000000000 ) ) ;
#1247 = CARTESIAN_POINT ( 'NONE',  ( 21.00000000000004619, 8.049999999999970512, 16.00000000000000000 ) ) ;
#1248 = EDGE_LOOP ( 'NONE', ( #1954, #163, #150, #245, #354, #1149, #1144, #1709, #582, #1137, #437, #229 ) ) ;
#1249 = ADVANCED_FACE ( 'NONE', ( #643 ), #1257, .T. ) ;
#1250 = APPROVAL_STATUS ( 'not_yet_approved' ) ;
#1251 = AXIS2_PLACEMENT_3D ( 'NONE', #1510, #1192, #1951 ) ;
#1252 = LINE ( 'NONE', #503, #48 ) ;
#1253 = VECTOR ( 'NONE', #1744, 1000.000000000000000 ) ;
#1254 = LINE ( 'NONE', #209, #1813 ) ;
#1255 = ORIENTED_EDGE ( 'NONE', *, *, #1631, .T. ) ;
#1256 = VECTOR ( 'NONE', #469, 1000.000000000000000 ) ;
#1257 = PLANE ( 'NONE',  #484 ) ;
#1258 = VECTOR ( 'NONE', #261, 1000.000000000000000 ) ;
#1259 = AXIS2_PLACEMENT_3D ( 'NONE', #348, #832, #684 ) ;
#1260 = DIRECTION ( 'NONE',  ( 0.000000000000000000, 0.000000000000000000, -1.000000000000000000 ) ) ;
#1261 = AXIS2_PLACEMENT_3D ( 'NONE', #1464, #379, #1728 ) ;
#1262 = ORIENTED_EDGE ( 'NONE', *, *, #1664, .T. ) ;
#1263 = DIRECTION ( 'NONE',  ( 2.246632180306039659E-16, -1.000000000000000000, 0.000000000000000000 ) ) ;
#1264 = ADVANCED_FACE ( 'NONE', ( #529 ), #1723, .T. ) ;
#1265 = CARTESIAN_POINT ( 'NONE',  ( 0.000000000000000000, -16.05712073223750025, 6.000000000000000000 ) ) ;
#1266 = PLANE ( 'NONE',  #1298 ) ;
#1267 = ORIENTED_EDGE ( 'NONE', *, *, #937, .F. ) ;
#1268 = CARTESIAN_POINT ( 'NONE',  ( -20.49749371855328661, 10.49999999999997868, 11.30000000000000071 ) ) ;
#1269 = DIRECTION ( 'NONE',  ( 0.000000000000000000, 0.000000000000000000, -1.000000000000000000 ) ) ;
#1270 = CARTESIAN_POINT ( 'NONE',  ( 21.71000000000002572, -15.50000000000002487, 8.000000000000000000 ) ) ;
#1271 = VERTEX_POINT ( 'NONE', #43 ) ;
#1272 = PERSON_AND_ORGANIZATION ( #1077, #17 ) ;
#1273 = ORIENTED_EDGE ( 'NONE', *, *, #1694, .T. ) ;
#1274 = VERTEX_POINT ( 'NONE', #375 ) ;
#1275 = CARTESIAN_POINT ( 'NONE',  ( -6.535772912950992719, -10.50000000000002309, 2.000000000000000000 ) ) ;
#1276 = PRODUCT_RELATED_PRODUCT_CATEGORY ( 'detail', '', ( #1579 ) ) ;
#1277 = DIRECTION ( 'NONE',  ( 1.560811398170173192E-15, -1.000000000000000000, 0.000000000000000000 ) ) ;
#1278 = ORIENTED_EDGE ( 'NONE', *, *, #1470, .F. ) ;
#1279 = DIRECTION ( 'NONE',  ( 0.000000000000000000, -1.000000000000000000, 0.000000000000000000 ) ) ;
#1280 = ADVANCED_FACE ( 'NONE', ( #1875 ), #991, .T. ) ;
#1281 = PLANE ( 'NONE',  #840 ) ;
#1282 = DIRECTION ( 'NONE',  ( -0.000000000000000000, -1.000000000000000000, -0.000000000000000000 ) ) ;
#1283 = PERSON_AND_ORGANIZATION_ROLE ( 'classification_officer' ) ;
#1284 = DIRECTION ( 'NONE',  ( 0.000000000000000000, -0.000000000000000000, 1.000000000000000000 ) ) ;
#1285 = ORIENTED_EDGE ( 'NONE', *, *, #1039, .T. ) ;
#1286 = DIRECTION ( 'NONE',  ( -1.000000000000000000, 0.000000000000000000, 0.000000000000000000 ) ) ;
#1287 = CARTESIAN_POINT ( 'NONE',  ( -21.70999999999997598, -5.326294979992629131, 11.30000000000000071 ) ) ;
#1288 = AXIS2_PLACEMENT_3D ( 'NONE', #624, #900, #159 ) ;
#1289 = CIRCLE ( 'NONE', #1542, 1.500000000000035971 ) ;
#1290 = ORIENTED_EDGE ( 'NONE', *, *, #466, .F. ) ;
#1291 = ORIENTED_EDGE ( 'NONE', *, *, #517, .T. ) ;
#1292 = CARTESIAN_POINT ( 'NONE',  ( 19.50000000000004619, 8.049999999999970512, 8.000000000000000000 ) ) ;
#1293 = VECTOR ( 'NONE', #1719, 1000.000000000000000 ) ;
#1294 = ADVANCED_FACE ( 'NONE', ( #800 ), #999, .F. ) ;
#1295 = VECTOR ( 'NONE', #1886, 1000.000000000000000 ) ;
#1296 = VECTOR ( 'NONE', #212, 1000.000000000000000 ) ;
#1297 = DIRECTION ( 'NONE',  ( -0.000000000000000000, -0.000000000000000000, -1.000000000000000000 ) ) ;
#1298 = AXIS2_PLACEMENT_3D ( 'NONE', #495, #1233, #1846 ) ;
#1299 = ORIENTED_EDGE ( 'NONE', *, *, #1147, .T. ) ;
#1300 = ORIENTED_EDGE ( 'NONE', *, *, #1763, .T. ) ;
#1301 = LINE ( 'NONE', #1710, #329 ) ;
#1302 = PLANE ( 'NONE',  #1338 ) ;
#1303 = EDGE_LOOP ( 'NONE', ( #205, #1113, #121, #71 ) ) ;
#1304 = EDGE_LOOP ( 'NONE', ( #1495, #923, #1933, #602 ) ) ;
#1305 = DIRECTION ( 'NONE',  ( -1.000000000000000000, 0.000000000000000000, 0.000000000000000000 ) ) ;
#1306 = ADVANCED_FACE ( 'NONE', ( #235 ), #1896, .F. ) ;
#1307 = LINE ( 'NONE', #1913, #299 ) ;
#1308 = ORIENTED_EDGE ( 'NONE', *, *, #1829, .F. ) ;
#1309 = CARTESIAN_POINT ( 'NONE',  ( 17.00000000000004619, 8.049999999999970512, 11.30000000000000071 ) ) ;
#1310 = ADVANCED_FACE ( 'NONE', ( #1456 ), #1597, .F. ) ;
#1311 = EDGE_LOOP ( 'NONE', ( #419, #282, #571, #1662 ) ) ;
#1312 = CARTESIAN_POINT ( 'NONE',  ( -18.50000000000000355, -7.150000000000039435, 8.000000000000000000 ) ) ;
#1313 = LINE ( 'NONE', #859, #1382 ) ;
#1314 = VERTEX_POINT ( 'NONE', #1920 ) ;
#1315 = ORIENTED_EDGE ( 'NONE', *, *, #1752, .F. ) ;
#1316 = CYLINDRICAL_SURFACE ( 'NONE', #1909, 2.500000000000002220 ) ;
#1317 = DIRECTION ( 'NONE',  ( 1.000000000000000000, 0.000000000000000000, 0.000000000000000000 ) ) ;
#1318 = CARTESIAN_POINT ( 'NONE',  ( 0.000000000000000000, 10.49999999999997868, 8.000000000000000000 ) ) ;
#1319 = EDGE_CURVE ( 'NONE', #1561, #638, #539, .T. ) ;
#1320 = EDGE_CURVE ( 'NONE', #524, #537, #1446, .T. ) ;
#1321 = ORIENTED_EDGE ( 'NONE', *, *, #100, .T. ) ;
#1322 = LINE ( 'NONE', #1312, #925 ) ;
#1323 = FACE_BOUND ( 'NONE', #439, .T. ) ;
#1324 = ORIENTED_EDGE ( 'NONE', *, *, #1794, .F. ) ;
#1325 = ORIENTED_EDGE ( 'NONE', *, *, #1399, .F. ) ;
#1326 = LINE ( 'NONE', #1026, #1381 ) ;
#1327 = VECTOR ( 'NONE', #1483, 1000.000000000000000 ) ;
#1328 = CARTESIAN_POINT ( 'NONE',  ( 0.000000000000000000, -21.49999999999997158, 4.000000000000000000 ) ) ;
#1329 = VECTOR ( 'NONE', #376, 1000.000000000000000 ) ;
#1330 = AXIS2_PLACEMENT_3D ( 'NONE', #563, #570, #732 ) ;
#1331 = VERTEX_POINT ( 'NONE', #787 ) ;
#1332 = PLANE ( 'NONE',  #365 ) ;
#1333 = EDGE_CURVE ( 'NONE', #1769, #1396, #655, .T. ) ;
#1334 = CARTESIAN_POINT ( 'NONE',  ( 21.71000000000002572, -10.50000000000002309, 16.00000000000000000 ) ) ;
#1335 = EDGE_LOOP ( 'NONE', ( #1114, #453 ) ) ;
#1336 = CARTESIAN_POINT ( 'NONE',  ( -21.70999999999997598, -5.326294979992629131, 11.30000000000000071 ) ) ;
#1337 = CARTESIAN_POINT ( 'NONE',  ( -8.941627117004948389, -31.49999999999997158, -2.000000000000000000 ) ) ;
#1338 = AXIS2_PLACEMENT_3D ( 'NONE', #1917, #1151, #391 ) ;
#1339 = DIRECTION ( 'NONE',  ( 0.000000000000000000, -1.000000000000000000, 0.000000000000000000 ) ) ;
#1340 = ORIENTED_EDGE ( 'NONE', *, *, #466, .T. ) ;
#1341 = CARTESIAN_POINT ( 'NONE',  ( 6.535772912950992719, -16.05712073223750025, 8.000000000000000000 ) ) ;
#1342 = ORIENTED_EDGE ( 'NONE', *, *, #162, .T. ) ;
#1343 = ADVANCED_FACE ( 'NONE', ( #507 ), #1020, .F. ) ;
#1344 = VERTEX_POINT ( 'NONE', #133 ) ;
#1345 = DIRECTION ( 'NONE',  ( -3.121622796340346680E-16, 1.000000000000000000, -0.000000000000000000 ) ) ;
#1346 = EDGE_CURVE ( 'NONE', #383, #527, #861, .T. ) ;
#1347 = FACE_OUTER_BOUND ( 'NONE', #286, .T. ) ;
#1348 = ORIENTED_EDGE ( 'NONE', *, *, #102, .T. ) ;
#1349 = CARTESIAN_POINT ( 'NONE',  ( -21.50000000000008171, 8.049999999999963407, 8.000000000000000000 ) ) ;
#1350 = VERTEX_POINT ( 'NONE', #730 ) ;
#1351 = CARTESIAN_POINT ( 'NONE',  ( 21.71000000000002572, -15.50000000000002487, 16.00000000000000000 ) ) ;
#1352 = CARTESIAN_POINT ( 'NONE',  ( -6.535772912950985614, -15.50000000000002487, 8.000000000000000000 ) ) ;
#1353 = ADVANCED_FACE ( 'NONE', ( #575 ), #1316, .T. ) ;
#1354 = VECTOR ( 'NONE', #1586, 1000.000000000000000 ) ;
#1355 = AXIS2_PLACEMENT_3D ( 'NONE', #1817, #264, #1618 ) ;
#1356 = CIRCLE ( 'NONE', #457, 2.499999999999998668 ) ;
#1357 = DIRECTION ( 'NONE',  ( 0.000000000000000000, 0.000000000000000000, 1.000000000000000000 ) ) ;
#1358 = VECTOR ( 'NONE', #914, 1000.000000000000000 ) ;
#1359 = VERTEX_POINT ( 'NONE', #1949 ) ;
#1360 = CIRCLE ( 'NONE', #1944, 1.500000000000049960 ) ;
#1361 = ORIENTED_EDGE ( 'NONE', *, *, #1660, .F. ) ;
#1362 = CARTESIAN_POINT ( 'NONE',  ( -20.00000000000003908, 8.049999999999963407, 11.30000000000000071 ) ) ;
#1363 = VECTOR ( 'NONE', #1263, 1000.000000000000000 ) ;
#1364 = PLANE ( 'NONE',  #608 ) ;
#1365 = ADVANCED_FACE ( 'NONE', ( #284 ), #1191, .T. ) ;
#1366 = ADVANCED_FACE ( 'NONE', ( #548 ), #1637, .F. ) ;
#1367 = VERTEX_POINT ( 'NONE', #126 ) ;
#1368 = CARTESIAN_POINT ( 'NONE',  ( -21.70999999999997598, -10.50000000000002309, 8.000000000000000000 ) ) ;
#1369 = CARTESIAN_POINT ( 'NONE',  ( -10.53577291295099272, -10.50000000000003020, 2.000000000000000000 ) ) ;
#1370 = CARTESIAN_POINT ( 'NONE',  ( -10.53577291295098384, -16.05712073223750025, 8.000000000000000000 ) ) ;
#1371 = CARTESIAN_POINT ( 'NONE',  ( -21.70999999999997598, 10.49999999999997868, 8.000000000000000000 ) ) ;
#1372 = CC_DESIGN_PERSON_AND_ORGANIZATION_ASSIGNMENT ( #639, #1283, ( #1004 ) ) ;
#1373 = LINE ( 'NONE', #1349, #459 ) ;
#1374 = EDGE_CURVE ( 'NONE', #852, #867, #1650, .T. ) ;
#1375 = ORIENTED_EDGE ( 'NONE', *, *, #1346, .T. ) ;
#1376 = CARTESIAN_POINT ( 'NONE',  ( -20.00000000000003908, -7.150000000000039435, 16.00000000000000000 ) ) ;
#1377 = ORIENTED_EDGE ( 'NONE', *, *, #1651, .F. ) ;
#1378 = LINE ( 'NONE', #11, #1000 ) ;
#1379 = PLANE ( 'NONE',  #1833 ) ;
#1380 = LINE ( 'NONE', #628, #928 ) ;
#1381 = VECTOR ( 'NONE', #697, 1000.000000000000000 ) ;
#1382 = VECTOR ( 'NONE', #221, 1000.000000000000000 ) ;
#1384 = VECTOR ( 'NONE', #296, 1000.000000000000000 ) ;
#1383 = CARTESIAN_POINT ( 'NONE',  ( 6.535772912950987390, 2.040221771677155682E-15, 0.000000000000000000 ) ) ;
#1385 = CIRCLE ( 'NONE', #488, 1.500000000000000444 ) ;
#1386 = CARTESIAN_POINT ( 'NONE',  ( -21.70999999999997598, 9.873705020007372823, 11.30000000000000071 ) ) ;
#1387 = ADVANCED_FACE ( 'NONE', ( #717 ), #1497, .F. ) ;
#1388 = VECTOR ( 'NONE', #67, 1000.000000000000000 ) ;
#1389 = CYLINDRICAL_SURFACE ( 'NONE', #277, 1.500000000000035971 ) ;
#1390 = ORIENTED_EDGE ( 'NONE', *, *, #1399, .T. ) ;
#1391 = DIRECTION ( 'NONE',  ( 1.000000000000000000, 0.000000000000000000, 0.000000000000000000 ) ) ;
#1392 = DIRECTION ( 'NONE',  ( 0.000000000000000000, -1.000000000000000000, 0.000000000000000000 ) ) ;
#1393 = CARTESIAN_POINT ( 'NONE',  ( 0.000000000000000000, 10.49999999999997868, 8.000000000000000000 ) ) ;
#1394 = CARTESIAN_POINT ( 'NONE',  ( 19.00250628144677734, 10.49999999999997868, 11.30000000000000071 ) ) ;
#1395 = CALENDAR_DATE ( 2026, 6, 5 ) ;
#1396 = VERTEX_POINT ( 'NONE', #705 ) ;
#1397 = DIRECTION ( 'NONE',  ( -1.000000000000000000, 0.000000000000000000, 0.000000000000000000 ) ) ;
#1398 = DIRECTION ( 'NONE',  ( -1.000000000000000000, 0.000000000000000000, 0.000000000000000000 ) ) ;
#1399 = EDGE_CURVE ( 'NONE', #1879, #1068, #1326, .T. ) ;
#1400 = VERTEX_POINT ( 'NONE', #1336 ) ;
#1401 = CARTESIAN_POINT ( 'NONE',  ( 17.00000000000004619, 8.049999999999970512, 8.500000000000000000 ) ) ;
#1402 = CARTESIAN_POINT ( 'NONE',  ( 6.535772912950987390, 2.040221771677155682E-15, 8.000000000000000000 ) ) ;
#1403 = EDGE_CURVE ( 'NONE', #473, #1400, #90, .T. ) ;
#1404 = DIRECTION ( 'NONE',  ( -0.000000000000000000, -0.000000000000000000, -1.000000000000000000 ) ) ;
#1405 = DIRECTION ( 'NONE',  ( 0.000000000000000000, 0.000000000000000000, -1.000000000000000000 ) ) ;
#1406 = ORIENTED_EDGE ( 'NONE', *, *, #335, .F. ) ;
#1407 = SECURITY_CLASSIFICATION_LEVEL ( 'unclassified' ) ;
#1408 = FACE_OUTER_BOUND ( 'NONE', #1499, .T. ) ;
#1409 = FACE_OUTER_BOUND ( 'NONE', #786, .T. ) ;
#1410 = EDGE_LOOP ( 'NONE', ( #234, #961 ) ) ;
#1411 = LINE ( 'NONE', #1908, #140 ) ;
#1412 = FACE_OUTER_BOUND ( 'NONE', #75, .T. ) ;
#1413 = EDGE_CURVE ( 'NONE', #1018, #642, #1793, .T. ) ;
#1414 = DIRECTION ( 'NONE',  ( 1.000000000000000000, 0.000000000000000000, 0.000000000000000000 ) ) ;
#1415 = EDGE_LOOP ( 'NONE', ( #1652, #279, #1643, #704 ) ) ;
#1416 = CARTESIAN_POINT ( 'NONE',  ( -5.150000000000003020, 6.499999999999977796, 16.00000000000000000 ) ) ;
#1417 = CIRCLE ( 'NONE', #551, 2.500000000000002220 ) ;
#1418 = CARTESIAN_POINT ( 'NONE',  ( 10.53577291295099094, -10.50000000000002132, 6.000000000000000000 ) ) ;
#1419 = VECTOR ( 'NONE', #1073, 1000.000000000000000 ) ;
#1420 = DIRECTION ( 'NONE',  ( 0.000000000000000000, 0.000000000000000000, 1.000000000000000000 ) ) ;
#1421 = DIRECTION ( 'NONE',  ( 0.000000000000000000, 0.000000000000000000, 1.000000000000000000 ) ) ;
#1422 = EDGE_LOOP ( 'NONE', ( #1779, #1883, #238, #294 ) ) ;
#1423 = VECTOR ( 'NONE', #862, 1000.000000000000000 ) ;
#1424 = DIRECTION ( 'NONE',  ( -0.000000000000000000, -0.000000000000000000, -1.000000000000000000 ) ) ;
#1425 = DIRECTION ( 'NONE',  ( 0.000000000000000000, -0.000000000000000000, 1.000000000000000000 ) ) ;
#1426 = CARTESIAN_POINT ( 'NONE',  ( -21.70999999999997598, 6.226294979992553102, 8.500000000000000000 ) ) ;
#1427 = ORIENTED_EDGE ( 'NONE', *, *, #218, .T. ) ;
#1428 = EDGE_CURVE ( 'NONE', #1400, #198, #1037, .T. ) ;
#1429 = ORIENTED_EDGE ( 'NONE', *, *, #1134, .F. ) ;
#1430 = ADVANCED_FACE ( 'NONE', ( #1956 ), #1656, .F. ) ;
#1431 = ORIENTED_EDGE ( 'NONE', *, *, #1841, .T. ) ;
#1432 = LINE ( 'NONE', #936, #1293 ) ;
#1433 = CARTESIAN_POINT ( 'NONE',  ( 21.71000000000002572, 9.218717245530337223, 8.500000000000000000 ) ) ;
#1434 = ORIENTED_EDGE ( 'NONE', *, *, #714, .F. ) ;
#1435 = CARTESIAN_POINT ( 'NONE',  ( 10.53577291295099450, -16.05712073223750025, 2.000000000000000000 ) ) ;
#1436 = DIRECTION ( 'NONE',  ( 0.000000000000000000, 1.000000000000000000, 0.000000000000000000 ) ) ;
#1437 = DIRECTION ( 'NONE',  ( 2.168404344971008868E-16, 1.000000000000000000, 0.000000000000000000 ) ) ;
#1438 = PRODUCT_DEFINITION_SHAPE ( 'NONE', 'NONE',  #1131 ) ;
#1439 = COORDINATED_UNIVERSAL_TIME_OFFSET ( 8, 0, .AHEAD. ) ;
#1440 = ORIENTED_EDGE ( 'NONE', *, *, #1178, .T. ) ;
#1441 = ORIENTED_EDGE ( 'NONE', *, *, #955, .F. ) ;
#1442 = DIRECTION ( 'NONE',  ( 0.000000000000000000, 0.000000000000000000, 1.000000000000000000 ) ) ;
#1443 = ADVANCED_FACE ( 'NONE', ( #880 ), #1203, .F. ) ;
#1444 = CARTESIAN_POINT ( 'NONE',  ( 10.53577291295099272, -16.05712073223749670, 6.000000000000000000 ) ) ;
#1445 = ORIENTED_EDGE ( 'NONE', *, *, #1977, .F. ) ;
#1446 = LINE ( 'NONE', #1110, #1615 ) ;
#1447 = DIRECTION ( 'NONE',  ( -0.000000000000000000, 1.000000000000000000, -0.000000000000000000 ) ) ;
#1448 = ORIENTED_EDGE ( 'NONE', *, *, #508, .F. ) ;
#1449 = VERTEX_POINT ( 'NONE', #246 ) ;
#1450 = CARTESIAN_POINT ( 'NONE',  ( 16.99999999999996447, -7.150000000000024336, 11.30000000000000071 ) ) ;
#1451 = CARTESIAN_POINT ( 'NONE',  ( -21.70999999999997598, 6.226294979992553102, 11.30000000000000071 ) ) ;
#1452 = VECTOR ( 'NONE', #1537, 1000.000000000000000 ) ;
#1453 = ORIENTED_EDGE ( 'NONE', *, *, #1692, .F. ) ;
#1454 = EDGE_CURVE ( 'NONE', #198, #383, #1417, .T. ) ;
#1455 = ORIENTED_EDGE ( 'NONE', *, *, #1829, .T. ) ;
#1456 = FACE_OUTER_BOUND ( 'NONE', #1927, .T. ) ;
#1457 = VECTOR ( 'NONE', #176, 1000.000000000000000 ) ;
#1458 = AXIS2_PLACEMENT_3D ( 'NONE', #161, #756, #57 ) ;
#1459 = APPROVAL_PERSON_ORGANIZATION ( #1717, #1819, #1888 ) ;
#1460 = VECTOR ( 'NONE', #143, 1000.000000000000000 ) ;
#1461 = DIRECTION ( 'NONE',  ( -1.000000000000000000, 0.000000000000000000, 0.000000000000000000 ) ) ;
#1462 = AXIS2_PLACEMENT_3D ( 'NONE', #798, #514, #631 ) ;
#1463 = FACE_OUTER_BOUND ( 'NONE', #1599, .T. ) ;
#1464 = CARTESIAN_POINT ( 'NONE',  ( 0.000000000000000000, 0.000000000000000000, 8.500000000000000000 ) ) ;
#1465 = VERTEX_POINT ( 'NONE', #569 ) ;
#1466 = DIRECTION ( 'NONE',  ( -0.000000000000000000, -0.000000000000000000, -1.000000000000000000 ) ) ;
#1467 = CARTESIAN_POINT ( 'NONE',  ( -21.70999999999997598, -15.50000000000002487, 16.00000000000000000 ) ) ;
#1468 = ORIENTED_EDGE ( 'NONE', *, *, #856, .F. ) ;
#1469 = DIRECTION ( 'NONE',  ( -0.000000000000000000, -0.000000000000000000, 1.000000000000000000 ) ) ;
#1470 = EDGE_CURVE ( 'NONE', #1128, #359, #873, .T. ) ;
#1471 = EDGE_CURVE ( 'NONE', #1596, #1838, #1697, .T. ) ;
#1472 = DIRECTION ( 'NONE',  ( 0.000000000000000000, -0.000000000000000000, 1.000000000000000000 ) ) ;
#1473 = PLANE ( 'NONE',  #1031 ) ;
#1474 = ORIENTED_EDGE ( 'NONE', *, *, #1481, .T. ) ;
#1475 = DIRECTION ( 'NONE',  ( -4.336808689942017736E-16, -1.000000000000000000, 0.000000000000000000 ) ) ;
#1476 = PLANE ( 'NONE',  #723 ) ;
#1477 = ORIENTED_EDGE ( 'NONE', *, *, #1213, .T. ) ;
#1478 = ORIENTED_EDGE ( 'NONE', *, *, #1640, .F. ) ;
#1479 = CARTESIAN_POINT ( 'NONE',  ( -20.00000000000003908, 8.049999999999963407, 8.000000000000000000 ) ) ;
#1480 = FACE_OUTER_BOUND ( 'NONE', #771, .T. ) ;
#1481 = EDGE_CURVE ( 'NONE', #860, #905, #1044, .T. ) ;
#1482 = EDGE_LOOP ( 'NONE', ( #695, #678, #1906, #58, #380, #1803, #1340, #1681, #373, #594, #222, #356, #117, #657, #1140, #451 ) ) ;
#1483 = DIRECTION ( 'NONE',  ( -0.000000000000000000, -0.000000000000000000, -1.000000000000000000 ) ) ;
#1484 = CARTESIAN_POINT ( 'NONE',  ( -20.00000000000003908, -7.150000000000039435, 8.500000000000000000 ) ) ;
#1485 = ORIENTED_EDGE ( 'NONE', *, *, #134, .F. ) ;
#1486 = DIRECTION ( 'NONE',  ( -0.000000000000000000, -0.000000000000000000, 1.000000000000000000 ) ) ;
#1487 = CIRCLE ( 'NONE', #273, 2.499999999999998668 ) ;
#1488 = PLANE ( 'NONE',  #1330 ) ;
#1489 = AXIS2_PLACEMENT_3D ( 'NONE', #1085, #352, #362 ) ;
#1490 = VECTOR ( 'NONE', #1067, 1000.000000000000000 ) ;
#1491 = EDGE_CURVE ( 'NONE', #88, #1924, #486, .T. ) ;
#1492 = ORIENTED_EDGE ( 'NONE', *, *, #444, .F. ) ;
#1493 = CARTESIAN_POINT ( 'NONE',  ( -21.70999999999997598, 10.49999999999997868, 11.30000000000000071 ) ) ;
#1494 = EDGE_CURVE ( 'NONE', #1128, #1139, #1674, .T. ) ;
#1495 = ORIENTED_EDGE ( 'NONE', *, *, #312, .T. ) ;
#1496 = EDGE_LOOP ( 'NONE', ( #584, #971 ) ) ;
#1497 = PLANE ( 'NONE',  #270 ) ;
#1498 = CARTESIAN_POINT ( 'NONE',  ( 6.535772912950992719, -16.05712073223750025, 8.000000000000000000 ) ) ;
#1499 = EDGE_LOOP ( 'NONE', ( #175, #1713, #1606, #107, #1095, #1501, #1667, #1955 ) ) ;
#1500 = DIRECTION ( 'NONE',  ( -1.000000000000000000, 0.000000000000000000, 0.000000000000000000 ) ) ;
#1501 = ORIENTED_EDGE ( 'NONE', *, *, #649, .F. ) ;
#1502 = ORIENTED_EDGE ( 'NONE', *, *, #1977, .T. ) ;
#1503 = DIRECTION ( 'NONE',  ( -0.000000000000000000, -0.000000000000000000, 1.000000000000000000 ) ) ;
#1504 = ADVANCED_FACE ( 'NONE', ( #8 ), #446, .T. ) ;
#1505 = CARTESIAN_POINT ( 'NONE',  ( -21.70999999999997598, -15.50000000000002487, 8.000000000000000000 ) ) ;
#1506 = ORIENTED_EDGE ( 'NONE', *, *, #49, .T. ) ;
#1507 = CARTESIAN_POINT ( 'NONE',  ( -20.00000000000003908, 8.049999999999963407, 8.500000000000000000 ) ) ;
#1508 = CARTESIAN_POINT ( 'NONE',  ( -8.941627117004948389, -16.05712073223750025, 8.000000000000000000 ) ) ;
#1509 = EDGE_CURVE ( 'NONE', #1224, #309, #595, .T. ) ;
#1510 = CARTESIAN_POINT ( 'NONE',  ( -40.91868607293924498, -16.05712073223750025, -2.000000000000000000 ) ) ;
#1511 = EDGE_CURVE ( 'NONE', #1805, #927, #1854, .T. ) ;
#1512 = VECTOR ( 'NONE', #300, 1000.000000000000000 ) ;
#1513 = AXIS2_PLACEMENT_3D ( 'NONE', #475, #1673, #919 ) ;
#1514 = CIRCLE ( 'NONE', #1782, 1.500000000000001332 ) ;
#1515 = AXIS2_PLACEMENT_3D ( 'NONE', #1229, #779, #1405 ) ;
#1516 = CARTESIAN_POINT ( 'NONE',  ( -10.53577291295099272, -15.50000000000002487, 3.000000000000000000 ) ) ;
#1517 = VECTOR ( 'NONE', #1804, 1000.000000000000000 ) ;
#1518 = EDGE_LOOP ( 'NONE', ( #711, #1844 ) ) ;
#1519 = CIRCLE ( 'NONE', #650, 1.500000000000049960 ) ;
#1520 = ORIENTED_EDGE ( 'NONE', *, *, #425, .F. ) ;
#1521 = LINE ( 'NONE', #1386, #801 ) ;
#1522 = CARTESIAN_POINT ( 'NONE',  ( 21.71000000000002572, -8.318717245530233839, 8.500000000000000000 ) ) ;
#1523 = EDGE_CURVE ( 'NONE', #1023, #1018, #1828, .T. ) ;
#1524 = DIRECTION ( 'NONE',  ( 1.000000000000000000, 3.121622796340347666E-16, -0.000000000000000000 ) ) ;
#1525 = ADVANCED_FACE ( 'NONE', ( #1240 ), #1845, .F. ) ;
#1526 = DIRECTION ( 'NONE',  ( -0.000000000000000000, -0.000000000000000000, -1.000000000000000000 ) ) ;
#1527 = CARTESIAN_POINT ( 'NONE',  ( -6.535772912950984725, -16.05712073223750025, 8.000000000000000000 ) ) ;
#1528 = DIRECTION ( 'NONE',  ( -0.000000000000000000, -0.000000000000000000, -1.000000000000000000 ) ) ;
#1529 = VERTEX_POINT ( 'NONE', #164 ) ;
#1530 = LINE ( 'NONE', #1563, #1705 ) ;
#1531 = CARTESIAN_POINT ( 'NONE',  ( -8.941627117004948389, -16.05712073223750025, -2.000000000000000000 ) ) ;
#1532 = CYLINDRICAL_SURFACE ( 'NONE', #1132, 2.500000000000002220 ) ;
#1533 = EDGE_CURVE ( 'NONE', #1231, #157, #149, .T. ) ;
#1534 = ORIENTED_EDGE ( 'NONE', *, *, #1573, .T. ) ;
#1535 = DIRECTION ( 'NONE',  ( -1.000000000000000000, 0.000000000000000000, 0.000000000000000000 ) ) ;
#1536 = ORIENTED_EDGE ( 'NONE', *, *, #1869, .T. ) ;
#1537 = DIRECTION ( 'NONE',  ( -0.000000000000000000, -0.000000000000000000, -1.000000000000000000 ) ) ;
#1538 = LINE ( 'NONE', #328, #1621 ) ;
#1539 = DIRECTION ( 'NONE',  ( -1.000000000000000000, 0.000000000000000000, 0.000000000000000000 ) ) ;
#1540 = CARTESIAN_POINT ( 'NONE',  ( 5.149999999999991473, -15.50000000000003020, 16.00000000000000000 ) ) ;
#1541 = CIRCLE ( 'NONE', #434, 1.500000000000049960 ) ;
#1542 = AXIS2_PLACEMENT_3D ( 'NONE', #1484, #715, #1947 ) ;
#1544 = AXIS2_PLACEMENT_3D ( 'NONE', #811, #513, #1286 ) ;
#1543 = PERSON_AND_ORGANIZATION_ROLE ( 'design_owner' ) ;
#1545 = CC_DESIGN_PERSON_AND_ORGANIZATION_ASSIGNMENT ( #921, #1543, ( #1579 ) ) ;
#1546 = VECTOR ( 'NONE', #1339, 1000.000000000000000 ) ;
#1547 = EDGE_LOOP ( 'NONE', ( #29, #440, #1109, #1826, #986 ) ) ;
#1548 = DIRECTION ( 'NONE',  ( -1.000000000000000000, -3.121622796340347666E-16, 0.000000000000000000 ) ) ;
#1549 = VECTOR ( 'NONE', #1659, 1000.000000000000000 ) ;
#1550 = VECTOR ( 'NONE', #1809, 1000.000000000000000 ) ;
#1551 = LINE ( 'NONE', #1093, #1911 ) ;
#1552 = ORIENTED_EDGE ( 'NONE', *, *, #155, .T. ) ;
#1553 = CARTESIAN_POINT ( 'NONE',  ( 19.49999999999996092, -7.150000000000024336, 8.500000000000000000 ) ) ;
#1554 = DIRECTION ( 'NONE',  ( 1.000000000000000000, 0.000000000000000000, 0.000000000000000000 ) ) ;
#1555 = DIRECTION ( 'NONE',  ( 0.000000000000000000, -1.000000000000000000, 0.000000000000000000 ) ) ;
#1556 = CARTESIAN_POINT ( 'NONE',  ( 8.941627117004923520, -16.05712073223749670, 0.000000000000000000 ) ) ;
#1557 = DATE_AND_TIME ( #378, #1872 ) ;
#1558 = ORIENTED_EDGE ( 'NONE', *, *, #1590, .T. ) ;
#1559 = CARTESIAN_POINT ( 'NONE',  ( 0.000000000000000000, -16.05712073223750025, 6.000000000000000000 ) ) ;
#1560 = FACE_OUTER_BOUND ( 'NONE', #1759, .T. ) ;
#1561 = VERTEX_POINT ( 'NONE', #471 ) ;
#1562 = ADVANCED_FACE ( 'NONE', ( #1670 ), #897, .F. ) ;
#1563 = CARTESIAN_POINT ( 'NONE',  ( -21.70999999999997598, 10.49999999999997868, 16.00000000000000000 ) ) ;
#1564 = DIRECTION ( 'NONE',  ( -1.000000000000000000, 0.000000000000000000, 0.000000000000000000 ) ) ;
#1565 = CARTESIAN_POINT ( 'NONE',  ( 5.149999999999997691, 6.499999999999977796, 11.30000000000000071 ) ) ;
#1566 = ORIENTED_EDGE ( 'NONE', *, *, #1319, .T. ) ;
#1567 = EDGE_LOOP ( 'NONE', ( #1127, #945, #148, #976 ) ) ;
#1568 = LINE ( 'NONE', #1418, #1130 ) ;
#1569 = CARTESIAN_POINT ( 'NONE',  ( 21.71000000000002572, -10.50000000000002309, 11.30000000000000071 ) ) ;
#1570 = CARTESIAN_POINT ( 'NONE',  ( 21.71000000000002572, -5.981282754469817498, 11.30000000000000071 ) ) ;
#1571 = EDGE_LOOP ( 'NONE', ( #1161, #1952, #799, #1478 ) ) ;
#1572 = CARTESIAN_POINT ( 'NONE',  ( 21.71000000000002572, -8.318717245530233839, 11.30000000000000071 ) ) ;
#1573 = EDGE_CURVE ( 'NONE', #845, #667, #142, .T. ) ;
#1574 = EDGE_CURVE ( 'NONE', #1741, #685, #895, .T. ) ;
#1575 = DIRECTION ( 'NONE',  ( -0.000000000000000000, -0.000000000000000000, 1.000000000000000000 ) ) ;
#1576 = VERTEX_POINT ( 'NONE', #916 ) ;
#1577 = APPROVAL_STATUS ( 'not_yet_approved' ) ;
#1578 = VECTOR ( 'NONE', #370, 1000.000000000000000 ) ;
#1579 = PRODUCT ( 'TCD1304\X2\955c67b6\X0\', 'TCD1304\X2\955c67b6\X0\', '', ( #1695 ) ) ;
#1580 = DIRECTION ( 'NONE',  ( 4.336808689942017736E-16, 1.000000000000000000, 0.000000000000000000 ) ) ;
#1581 = VECTOR ( 'NONE', #540, 1000.000000000000000 ) ;
#1582 = CARTESIAN_POINT ( 'NONE',  ( 6.535772912950990943, -10.50000000000002309, 2.000000000000000000 ) ) ;
#1583 = ORIENTED_EDGE ( 'NONE', *, *, #996, .F. ) ;
#1584 = CC_DESIGN_APPROVAL ( #950, ( #1131 ) ) ;
#1585 = VECTOR ( 'NONE', #1205, 1000.000000000000000 ) ;
#1586 = DIRECTION ( 'NONE',  ( -1.000000000000000000, -0.000000000000000000, -0.000000000000000000 ) ) ;
#1587 = VECTOR ( 'NONE', #1905, 1000.000000000000000 ) ;
#1588 = FACE_OUTER_BOUND ( 'NONE', #1770, .T. ) ;
#1589 = CARTESIAN_POINT ( 'NONE',  ( -18.50000000000003553, -7.150000000000039435, 16.00000000000000000 ) ) ;
#1590 = EDGE_CURVE ( 'NONE', #1396, #1162, #1092, .T. ) ;
#1591 = CARTESIAN_POINT ( 'NONE',  ( 0.000000000000000000, -16.05712073223750025, 8.000000000000000000 ) ) ;
#1592 = ORIENTED_EDGE ( 'NONE', *, *, #244, .T. ) ;
#1593 = DIRECTION ( 'NONE',  ( -1.000000000000000000, 0.000000000000000000, 0.000000000000000000 ) ) ;
#1594 = LINE ( 'NONE', #178, #491 ) ;
#1595 = ORIENTED_EDGE ( 'NONE', *, *, #78, .T. ) ;
#1596 = VERTEX_POINT ( 'NONE', #1975 ) ;
#1597 = CYLINDRICAL_SURFACE ( 'NONE', #733, 1.500000000000049960 ) ;
#1598 = LINE ( 'NONE', #1270, #1169 ) ;
#1599 = EDGE_LOOP ( 'NONE', ( #1468, #403, #316, #917, #138 ) ) ;
#1600 = VERTEX_POINT ( 'NONE', #1836 ) ;
#1601 = EDGE_CURVE ( 'NONE', #1162, #667, #1521, .T. ) ;
#1602 = ORIENTED_EDGE ( 'NONE', *, *, #662, .T. ) ;
#1603 = DIRECTION ( 'NONE',  ( -0.000000000000000000, -1.000000000000000000, -0.000000000000000000 ) ) ;
#1604 = DIRECTION ( 'NONE',  ( -0.000000000000000000, -0.000000000000000000, 1.000000000000000000 ) ) ;
#1605 = ORIENTED_EDGE ( 'NONE', *, *, #1156, .F. ) ;
#1606 = ORIENTED_EDGE ( 'NONE', *, *, #1957, .T. ) ;
#1607 = CARTESIAN_POINT ( 'NONE',  ( -21.70999999999997598, -15.50000000000002487, 16.00000000000000000 ) ) ;
#1608 = DIRECTION ( 'NONE',  ( 0.000000000000000000, 1.000000000000000000, 0.000000000000000000 ) ) ;
#1609 = VERTEX_POINT ( 'NONE', #1069 ) ;
#1610 = LINE ( 'NONE', #511, #1363 ) ;
#1611 = ORIENTED_EDGE ( 'NONE', *, *, #1491, .T. ) ;
#1612 = DIRECTION ( 'NONE',  ( 1.000000000000000000, 0.000000000000000000, 0.000000000000000000 ) ) ;
#1613 = EDGE_CURVE ( 'NONE', #1529, #1616, #20, .T. ) ;
#1614 = DIRECTION ( 'NONE',  ( 1.000000000000000000, 1.560811398170173192E-15, -0.000000000000000000 ) ) ;
#1615 = VECTOR ( 'NONE', #1771, 1000.000000000000000 ) ;
#1616 = VERTEX_POINT ( 'NONE', #1368 ) ;
#1617 = EDGE_LOOP ( 'NONE', ( #240, #1552, #1291, #871 ) ) ;
#1618 = DIRECTION ( 'NONE',  ( -1.000000000000000000, 0.000000000000000000, -0.000000000000000000 ) ) ;
#1619 = EDGE_CURVE ( 'NONE', #906, #1747, #1620, .T. ) ;
#1620 = CIRCLE ( 'NONE', #1866, 2.499999999999998668 ) ;
#1621 = VECTOR ( 'NONE', #1554, 1000.000000000000000 ) ;
#1622 = VECTOR ( 'NONE', #1041, 1000.000000000000000 ) ;
#1623 = CARTESIAN_POINT ( 'NONE',  ( 0.000000000000000000, -16.05712073223750025, 8.000000000000000000 ) ) ;
#1624 = VECTOR ( 'NONE', #31, 1000.000000000000000 ) ;
#1625 = ORIENTED_EDGE ( 'NONE', *, *, #1074, .T. ) ;
#1626 = FACE_OUTER_BOUND ( 'NONE', #915, .T. ) ;
#1627 = CARTESIAN_POINT ( 'NONE',  ( -21.70999999999997598, -15.50000000000002487, 16.00000000000000000 ) ) ;
#1628 = ORIENTED_EDGE ( 'NONE', *, *, #49, .F. ) ;
#1629 = ORIENTED_EDGE ( 'NONE', *, *, #281, .F. ) ;
#1630 = DIRECTION ( 'NONE',  ( -1.000000000000000000, 0.000000000000000000, -0.000000000000000000 ) ) ;
#1631 = EDGE_CURVE ( 'NONE', #1202, #1367, #1301, .T. ) ;
#1632 = CARTESIAN_POINT ( 'NONE',  ( 0.000000000000000000, -15.50000000000002487, 6.000000000000000000 ) ) ;
#1633 = EDGE_LOOP ( 'NONE', ( #462, #703, #431, #1636 ) ) ;
#1634 = FACE_OUTER_BOUND ( 'NONE', #289, .T. ) ;
#1635 = DIRECTION ( 'NONE',  ( 1.000000000000000000, 0.000000000000000000, 0.000000000000000000 ) ) ;
#1636 = ORIENTED_EDGE ( 'NONE', *, *, #1765, .T. ) ;
#1637 = PLANE ( 'NONE',  #1028 ) ;
#1638 = DIRECTION ( 'NONE',  ( -1.000000000000000000, 0.000000000000000000, 0.000000000000000000 ) ) ;
#1639 = EDGE_CURVE ( 'NONE', #828, #601, #1832, .T. ) ;
#1640 = EDGE_CURVE ( 'NONE', #927, #38, #1106, .T. ) ;
#1641 = ORIENTED_EDGE ( 'NONE', *, *, #493, .F. ) ;
#1642 = DIRECTION ( 'NONE',  ( -1.000000000000000000, 0.000000000000000000, -0.000000000000000000 ) ) ;
#1643 = ORIENTED_EDGE ( 'NONE', *, *, #591, .F. ) ;
#1644 = DIRECTION ( 'NONE',  ( 2.168404344971008868E-16, 1.000000000000000000, 0.000000000000000000 ) ) ;
#1645 = AXIS2_PLACEMENT_3D ( 'NONE', #1800, #1665, #874 ) ;
#1646 = VECTOR ( 'NONE', #536, 1000.000000000000000 ) ;
#1647 = AXIS2_PLACEMENT_3D ( 'NONE', #1362, #609, #1687 ) ;
#1648 = CARTESIAN_POINT ( 'NONE',  ( 0.000000000000000000, -16.05712073223750025, 0.000000000000000000 ) ) ;
#1649 = AXIS2_PLACEMENT_3D ( 'NONE', #1842, #804, #259 ) ;
#1650 = CIRCLE ( 'NONE', #932, 2.499999999999998668 ) ;
#1651 = EDGE_CURVE ( 'NONE', #1344, #1600, #1432, .T. ) ;
#1652 = ORIENTED_EDGE ( 'NONE', *, *, #742, .F. ) ;
#1653 = CARTESIAN_POINT ( 'NONE',  ( -5.150000000000001243, 10.49999999999997868, 11.30000000000000071 ) ) ;
#1654 = ORIENTED_EDGE ( 'NONE', *, *, #1333, .T. ) ;
#1655 = VERTEX_POINT ( 'NONE', #1730 ) ;
#1656 = PLANE ( 'NONE',  #1937 ) ;
#1657 = DIRECTION ( 'NONE',  ( 0.000000000000000000, -1.000000000000000000, 0.000000000000000000 ) ) ;
#1658 = ORIENTED_EDGE ( 'NONE', *, *, #1156, .T. ) ;
#1659 = DIRECTION ( 'NONE',  ( -0.000000000000000000, -0.000000000000000000, 1.000000000000000000 ) ) ;
#1660 = EDGE_CURVE ( 'NONE', #524, #820, #735, .T. ) ;
#1661 = ORIENTED_EDGE ( 'NONE', *, *, #662, .F. ) ;
#1662 = ORIENTED_EDGE ( 'NONE', *, *, #965, .T. ) ;
#1663 = CARTESIAN_POINT ( 'NONE',  ( 0.000000000000000000, -16.05712073223750025, 6.000000000000000000 ) ) ;
#1664 = EDGE_CURVE ( 'NONE', #1201, #38, #52, .T. ) ;
#1665 = DIRECTION ( 'NONE',  ( -0.000000000000000000, 0.000000000000000000, 1.000000000000000000 ) ) ;
#1666 = APPROVAL_ROLE ( '' ) ;
#1667 = ORIENTED_EDGE ( 'NONE', *, *, #267, .T. ) ;
#1668 = EDGE_CURVE ( 'NONE', #22, #60, #830, .T. ) ;
#1669 = ORIENTED_EDGE ( 'NONE', *, *, #1790, .F. ) ;
#1670 = FACE_OUTER_BOUND ( 'NONE', #1189, .T. ) ;
#1671 = EDGE_CURVE ( 'NONE', #1139, #1128, #1514, .T. ) ;
#1672 = FACE_OUTER_BOUND ( 'NONE', #884, .T. ) ;
#1673 = DIRECTION ( 'NONE',  ( -1.000000000000000000, 4.336808689942017736E-16, 0.000000000000000000 ) ) ;
#1674 = CIRCLE ( 'NONE', #583, 1.500000000000001332 ) ;
#1675 = VECTOR ( 'NONE', #1055, 1000.000000000000000 ) ;
#1676 = CIRCLE ( 'NONE', #1061, 1.500000000000043077 ) ;
#1677 = CYLINDRICAL_SURFACE ( 'NONE', #869, 1.500000000000000444 ) ;
#1678 = ORIENTED_EDGE ( 'NONE', *, *, #1237, .T. ) ;
#1679 = VECTOR ( 'NONE', #292, 1000.000000000000000 ) ;
#1680 = CARTESIAN_POINT ( 'NONE',  ( 8.941627117004927072, -31.49999999999997158, -2.000000000000000000 ) ) ;
#1681 = ORIENTED_EDGE ( 'NONE', *, *, #1619, .T. ) ;
#1682 = LINE ( 'NONE', #2, #1452 ) ;
#1683 = EDGE_CURVE ( 'NONE', #906, #1791, #72, .T. ) ;
#1684 = DIRECTION ( 'NONE',  ( -1.000000000000000000, 0.000000000000000000, 0.000000000000000000 ) ) ;
#1685 = CARTESIAN_POINT ( 'NONE',  ( 1.836970198721029934E-16, -31.49999999999997158, 5.500000000000000888 ) ) ;
#1686 = LINE ( 'NONE', #287, #1490 ) ;
#1687 = DIRECTION ( 'NONE',  ( -1.000000000000000000, 0.000000000000000000, 0.000000000000000000 ) ) ;
#1688 = CARTESIAN_POINT ( 'NONE',  ( 19.00250628144677734, 10.49999999999997868, 11.30000000000000071 ) ) ;
#1689 = EDGE_LOOP ( 'NONE', ( #671, #1822, #1858, #1502, #1821, #612 ) ) ;
#1690 = FACE_OUTER_BOUND ( 'NONE', #147, .T. ) ;
#1691 = LINE ( 'NONE', #768, #50 ) ;
#1692 = EDGE_CURVE ( 'NONE', #1561, #98, #347, .T. ) ;
#1693 = DIRECTION ( 'NONE',  ( -1.000000000000000000, 0.000000000000000000, -0.000000000000000000 ) ) ;
#1694 = EDGE_CURVE ( 'NONE', #744, #1465, #948, .T. ) ;
#1695 = MECHANICAL_CONTEXT ( 'NONE', #675, 'mechanical' ) ;
#1696 = ORIENTED_EDGE ( 'NONE', *, *, #112, .F. ) ;
#1697 = LINE ( 'NONE', #308, #1966 ) ;
#1698 = DIRECTION ( 'NONE',  ( -1.000000000000000000, 0.000000000000000000, 0.000000000000000000 ) ) ;
#1699 = ORIENTED_EDGE ( 'NONE', *, *, #1320, .F. ) ;
#1700 = VERTEX_POINT ( 'NONE', #525 ) ;
#1701 = DIRECTION ( 'NONE',  ( 1.560811398170173389E-15, -1.000000000000000000, 0.000000000000000000 ) ) ;
#1702 = CARTESIAN_POINT ( 'NONE',  ( -19.50250628144678799, 10.49999999999997868, 11.30000000000000071 ) ) ;
#1703 = CARTESIAN_POINT ( 'NONE',  ( 19.00250628144677734, 10.49999999999997868, 11.30000000000000071 ) ) ;
#1704 = LINE ( 'NONE', #1540, #898 ) ;
#1705 = VECTOR ( 'NONE', #1976, 1000.000000000000000 ) ;
#1706 = VECTOR ( 'NONE', #315, 1000.000000000000000 ) ;
#1707 = ADVANCED_FACE ( 'NONE', ( #1091 ), #974, .F. ) ;
#1708 = VECTOR ( 'NONE', #154, 1000.000000000000000 ) ;
#1709 = ORIENTED_EDGE ( 'NONE', *, *, #1732, .T. ) ;
#1710 = CARTESIAN_POINT ( 'NONE',  ( -21.70999999999997598, -15.50000000000002487, 8.000000000000000000 ) ) ;
#1711 = AXIS2_PLACEMENT_3D ( 'NONE', #876, #599, #757 ) ;
#1712 = FACE_OUTER_BOUND ( 'NONE', #62, .T. ) ;
#1713 = ORIENTED_EDGE ( 'NONE', *, *, #1195, .F. ) ;
#1714 = CARTESIAN_POINT ( 'NONE',  ( 6.535772912950990055, -15.50000000000002487, 3.000000000000000000 ) ) ;
#1715 = CARTESIAN_POINT ( 'NONE',  ( 0.000000000000000000, -16.05712073223750025, 2.000000000000000000 ) ) ;
#1716 = DIRECTION ( 'NONE',  ( 1.000000000000000000, -0.000000000000000000, -0.000000000000000000 ) ) ;
#1717 = PERSON_AND_ORGANIZATION ( #1077, #17 ) ;
#1718 = DIRECTION ( 'NONE',  ( -1.000000000000000000, 0.000000000000000000, 0.000000000000000000 ) ) ;
#1719 = DIRECTION ( 'NONE',  ( -0.000000000000000000, 1.000000000000000000, -0.000000000000000000 ) ) ;
#1720 = ADVANCED_FACE ( 'NONE', ( #1408 ), #652, .F. ) ;
#1721 = CARTESIAN_POINT ( 'NONE',  ( -6.535772912950984725, -16.05712073223750025, 8.000000000000000000 ) ) ;
#1722 = ORIENTED_EDGE ( 'NONE', *, *, #649, .T. ) ;
#1723 = PLANE ( 'NONE',  #837 ) ;
#1724 = EDGE_CURVE ( 'NONE', #95, #359, #677, .T. ) ;
#1725 = CARTESIAN_POINT ( 'NONE',  ( -21.50000000000007461, -7.150000000000039435, 8.500000000000000000 ) ) ;
#1726 = DIRECTION ( 'NONE',  ( 1.000000000000000000, -0.000000000000000000, -0.000000000000000000 ) ) ;
#1727 = VERTEX_POINT ( 'NONE', #669 ) ;
#1728 = DIRECTION ( 'NONE',  ( -1.000000000000000000, 0.000000000000000000, 0.000000000000000000 ) ) ;
#1729 = VERTEX_POINT ( 'NONE', #381 ) ;
#1730 = CARTESIAN_POINT ( 'NONE',  ( 19.00250628144677734, 10.49999999999997868, 8.500000000000000000 ) ) ;
#1731 = DIRECTION ( 'NONE',  ( 1.000000000000000000, 0.000000000000000000, 0.000000000000000000 ) ) ;
#1732 = EDGE_CURVE ( 'NONE', #490, #553, #1568, .T. ) ;
#1733 = ORIENTED_EDGE ( 'NONE', *, *, #1494, .T. ) ;
#1734 = DIRECTION ( 'NONE',  ( 0.000000000000000000, 0.000000000000000000, -1.000000000000000000 ) ) ;
#1735 = EDGE_CURVE ( 'NONE', #538, #1271, #987, .T. ) ;
#1736 = DIRECTION ( 'NONE',  ( 0.000000000000000000, 1.000000000000000000, 0.000000000000000000 ) ) ;
#1737 = PLANE ( 'NONE',  #1003 ) ;
#1738 = CARTESIAN_POINT ( 'NONE',  ( 0.000000000000000000, 0.000000000000000000, 2.000000000000000000 ) ) ;
#1739 = PERSON_AND_ORGANIZATION_ROLE ( 'design_supplier' ) ;
#1740 = VECTOR ( 'NONE', #929, 1000.000000000000000 ) ;
#1741 = VERTEX_POINT ( 'NONE', #196 ) ;
#1742 = AXIS2_PLACEMENT_3D ( 'NONE', #1953, #1767, #269 ) ;
#1743 = EDGE_LOOP ( 'NONE', ( #1654, #1558, #853 ) ) ;
#1744 = DIRECTION ( 'NONE',  ( -1.000000000000000000, 0.000000000000000000, 0.000000000000000000 ) ) ;
#1745 = VECTOR ( 'NONE', #912, 1000.000000000000000 ) ;
#1746 = CARTESIAN_POINT ( 'NONE',  ( -20.00000000000003908, -7.150000000000039435, 8.000000000000000000 ) ) ;
#1747 = VERTEX_POINT ( 'NONE', #1450 ) ;
#1748 = AXIS2_PLACEMENT_3D ( 'NONE', #1814, #443, #156 ) ;
#1749 = ORIENTED_EDGE ( 'NONE', *, *, #1511, .F. ) ;
#1750 = DIRECTION ( 'NONE',  ( -0.000000000000000000, 0.000000000000000000, 1.000000000000000000 ) ) ;
#1751 = VECTOR ( 'NONE', #497, 1000.000000000000000 ) ;
#1752 = EDGE_CURVE ( 'NONE', #785, #673, #1252, .T. ) ;
#1753 = CARTESIAN_POINT ( 'NONE',  ( 0.000000000000000000, -16.05712073223750025, 8.000000000000000000 ) ) ;
#1754 = APPROVAL_DATE_TIME ( #946, #1819 ) ;
#1755 = FACE_BOUND ( 'NONE', #1335, .T. ) ;
#1756 = ORIENTED_EDGE ( 'NONE', *, *, #1971, .F. ) ;
#1757 = DIRECTION ( 'NONE',  ( -1.000000000000000000, 0.000000000000000000, 0.000000000000000000 ) ) ;
#1758 = LINE ( 'NONE', #382, #1070 ) ;
#1759 = EDGE_LOOP ( 'NONE', ( #1434, #1015, #1081, #1090, #696 ) ) ;
#1760 = ORIENTED_EDGE ( 'NONE', *, *, #144, .F. ) ;
#1761 = LINE ( 'NONE', #1572, #769 ) ;
#1762 = DIRECTION ( 'NONE',  ( 1.000000000000000000, 0.000000000000000000, 0.000000000000000000 ) ) ;
#1763 = EDGE_CURVE ( 'NONE', #1139, #95, #494, .T. ) ;
#1764 = ORIENTED_EDGE ( 'NONE', *, *, #731, .T. ) ;
#1765 = EDGE_CURVE ( 'NONE', #1791, #1157, #1808, .T. ) ;
#1766 = ORIENTED_EDGE ( 'NONE', *, *, #1613, .T. ) ;
#1767 = DIRECTION ( 'NONE',  ( 1.000000000000000000, 3.121622796340347666E-16, -0.000000000000000000 ) ) ;
#1768 = DIRECTION ( 'NONE',  ( -0.000000000000000000, -0.000000000000000000, -1.000000000000000000 ) ) ;
#1769 = VERTEX_POINT ( 'NONE', #1493 ) ;
#1770 = EDGE_LOOP ( 'NONE', ( #1915, #1857, #894, #263 ) ) ;
#1771 = DIRECTION ( 'NONE',  ( -0.000000000000000000, -0.000000000000000000, -1.000000000000000000 ) ) ;
#1772 = FACE_OUTER_BOUND ( 'NONE', #227, .T. ) ;
#1773 = CARTESIAN_POINT ( 'NONE',  ( 5.149999999999998579, 10.49999999999997868, 11.30000000000000071 ) ) ;
#1774 = ORIENTED_EDGE ( 'NONE', *, *, #155, .F. ) ;
#1775 = CARTESIAN_POINT ( 'NONE',  ( -10.53577291295099272, -15.50000000000002487, 6.000000000000000000 ) ) ;
#1776 = ADVANCED_FACE ( 'NONE', ( #554 ), #995, .F. ) ;
#1777 = DIRECTION ( 'NONE',  ( -0.000000000000000000, -0.000000000000000000, -1.000000000000000000 ) ) ;
#1778 = AXIS2_PLACEMENT_3D ( 'NONE', #63, #821, #357 ) ;
#1779 = ORIENTED_EDGE ( 'NONE', *, *, #1671, .T. ) ;
#1780 = ORIENTED_EDGE ( 'NONE', *, *, #1590, .F. ) ;
#1781 = CARTESIAN_POINT ( 'NONE',  ( 6.535772912950990943, -10.50000000000002309, 6.000000000000000000 ) ) ;
#1782 = AXIS2_PLACEMENT_3D ( 'NONE', #796, #1903, #661 ) ;
#1783 = AXIS2_PLACEMENT_3D ( 'NONE', #319, #1260, #1693 ) ;
#1784 = CARTESIAN_POINT ( 'NONE',  ( -21.50000000000008171, 8.049999999999963407, 8.500000000000000000 ) ) ;
#1785 = LOCAL_TIME ( 9, 8, 14.00000000000000000, #136 ) ;
#1786 = ORIENTED_EDGE ( 'NONE', *, *, #1333, .F. ) ;
#1787 = DIRECTION ( 'NONE',  ( 0.000000000000000000, -1.000000000000000000, 0.000000000000000000 ) ) ;
#1788 = DIRECTION ( 'NONE',  ( -0.000000000000000000, -0.000000000000000000, 1.000000000000000000 ) ) ;
#1789 = VERTEX_POINT ( 'NONE', #1033 ) ;
#1790 = EDGE_CURVE ( 'NONE', #1838, #969, #1901, .T. ) ;
#1791 = VERTEX_POINT ( 'NONE', #399 ) ;
#1792 = DESIGN_CONTEXT ( 'detailed design', #418, 'design' ) ;
#1793 = LINE ( 'NONE', #1781, #167 ) ;
#1794 = EDGE_CURVE ( 'NONE', #994, #905, #544, .T. ) ;
#1795 = LINE ( 'NONE', #1959, #1585 ) ;
#1796 = VERTEX_POINT ( 'NONE', #868 ) ;
#1797 = CARTESIAN_POINT ( 'NONE',  ( 0.000000000000000000, -31.49999999999997158, 8.000000000000000000 ) ) ;
#1798 = DIRECTION ( 'NONE',  ( -0.000000000000000000, -0.000000000000000000, -1.000000000000000000 ) ) ;
#1799 = CARTESIAN_POINT ( 'NONE',  ( -20.00000000000003908, 8.049999999999963407, 11.30000000000000071 ) ) ;
#1800 = CARTESIAN_POINT ( 'NONE',  ( 0.000000000000000000, 0.000000000000000000, 8.000000000000000000 ) ) ;
#1801 = EDGE_CURVE ( 'NONE', #1032, #1018, #728, .T. ) ;
#1802 = LINE ( 'NONE', #266, #1855 ) ;
#1803 = ORIENTED_EDGE ( 'NONE', *, *, #942, .T. ) ;
#1804 = DIRECTION ( 'NONE',  ( -0.000000000000000000, 1.000000000000000000, -0.000000000000000000 ) ) ;
#1805 = VERTEX_POINT ( 'NONE', #1775 ) ;
#1806 = DIRECTION ( 'NONE',  ( -1.000000000000000000, 0.000000000000000000, 0.000000000000000000 ) ) ;
#1807 = VECTOR ( 'NONE', #274, 1000.000000000000000 ) ;
#1808 = CIRCLE ( 'NONE', #455, 2.499999999999998668 ) ;
#1809 = DIRECTION ( 'NONE',  ( -0.000000000000000000, -0.000000000000000000, -1.000000000000000000 ) ) ;
#1810 = AXIS2_PLACEMENT_3D ( 'NONE', #1623, #1436, #110 ) ;
#1811 = ADVANCED_FACE ( 'NONE', ( #1007 ), #1332, .T. ) ;
#1812 = ORIENTED_EDGE ( 'NONE', *, *, #1403, .F. ) ;
#1813 = VECTOR ( 'NONE', #764, 1000.000000000000000 ) ;
#1814 = CARTESIAN_POINT ( 'NONE',  ( 0.000000000000000000, 0.000000000000000000, 8.500000000000000000 ) ) ;
#1815 = ORIENTED_EDGE ( 'NONE', *, *, #1752, .T. ) ;
#1816 = ORIENTED_EDGE ( 'NONE', *, *, #298, .T. ) ;
#1817 = CARTESIAN_POINT ( 'NONE',  ( 0.000000000000000000, 0.000000000000000000, 6.000000000000000000 ) ) ;
#1818 = CARTESIAN_POINT ( 'NONE',  ( -6.535772912950979396, -15.50000000000002487, 6.000000000000000000 ) ) ;
#1819 = APPROVAL ( #1250, 'æœª' ) ;
#1820 = ADVANCED_FACE ( 'NONE', ( #1626 ), #1934, .T. ) ;
#1821 = ORIENTED_EDGE ( 'NONE', *, *, #1481, .F. ) ;
#1822 = ORIENTED_EDGE ( 'NONE', *, *, #361, .T. ) ;
#1823 = DIRECTION ( 'NONE',  ( -0.000000000000000000, -0.000000000000000000, -1.000000000000000000 ) ) ;
#1824 = CYLINDRICAL_SURFACE ( 'NONE', #1288, 1.500000000000049960 ) ;
#1825 = DIRECTION ( 'NONE',  ( -0.000000000000000000, 0.000000000000000000, -1.000000000000000000 ) ) ;
#1826 = ORIENTED_EDGE ( 'NONE', *, *, #1147, .F. ) ;
#1827 = ORIENTED_EDGE ( 'NONE', *, *, #153, .F. ) ;
#1828 = LINE ( 'NONE', #1663, #1706 ) ;
#1829 = EDGE_CURVE ( 'NONE', #685, #601, #1322, .T. ) ;
#1830 = CARTESIAN_POINT ( 'NONE',  ( -20.00000000000003908, -7.150000000000039435, 16.00000000000000000 ) ) ;
#1831 = CARTESIAN_POINT ( 'NONE',  ( 21.71000000000002572, 10.49999999999997868, 8.500000000000000000 ) ) ;
#1832 = CIRCLE ( 'NONE', #1544, 1.500000000000035971 ) ;
#1833 = AXIS2_PLACEMENT_3D ( 'NONE', #1211, #1825, #625 ) ;
#1834 = CARTESIAN_POINT ( 'NONE',  ( -6.535772912951009594, -1.020110885838581154E-14, 0.000000000000000000 ) ) ;
#1835 = FACE_BOUND ( 'NONE', #184, .T. ) ;
#1836 = CARTESIAN_POINT ( 'NONE',  ( -21.70999999999997598, 10.49999999999997868, 16.00000000000000000 ) ) ;
#1837 = EDGE_CURVE ( 'NONE', #1747, #1231, #1487, .T. ) ;
#1838 = VERTEX_POINT ( 'NONE', #565 ) ;
#1839 = CARTESIAN_POINT ( 'NONE',  ( -21.50000000000007461, -7.150000000000039435, 8.000000000000000000 ) ) ;
#1840 = FACE_OUTER_BOUND ( 'NONE', #86, .T. ) ;
#1841 = EDGE_CURVE ( 'NONE', #198, #736, #411, .T. ) ;
#1842 = CARTESIAN_POINT ( 'NONE',  ( -21.70999999999997598, -15.50000000000002487, 8.000000000000000000 ) ) ;
#1843 = CARTESIAN_POINT ( 'NONE',  ( 6.535772912950987390, 2.040221771677155682E-15, 8.000000000000000000 ) ) ;
#1844 = ORIENTED_EDGE ( 'NONE', *, *, #517, .F. ) ;
#1845 = PLANE ( 'NONE',  #520 ) ;
#1846 = DIRECTION ( 'NONE',  ( -1.000000000000000000, 0.000000000000000000, -0.000000000000000000 ) ) ;
#1847 = DIRECTION ( 'NONE',  ( -0.000000000000000000, 1.000000000000000000, -0.000000000000000000 ) ) ;
#1848 = VERTEX_POINT ( 'NONE', #96 ) ;
#1849 = LINE ( 'NONE', #1859, #1200 ) ;
#1850 = CARTESIAN_POINT ( 'NONE',  ( -20.00000000000003908, -7.150000000000039435, 8.500000000000000000 ) ) ;
#1851 = CARTESIAN_POINT ( 'NONE',  ( 17.99999999999999645, 8.049999999999970512, 8.500000000000000000 ) ) ;
#1852 = CARTESIAN_POINT ( 'NONE',  ( 10.53577291295099094, -10.50000000000002309, 2.000000000000000000 ) ) ;
#1853 = ORIENTED_EDGE ( 'NONE', *, *, #1735, .T. ) ;
#1854 = LINE ( 'NONE', #290, #81 ) ;
#1855 = VECTOR ( 'NONE', #882, 1000.000000000000000 ) ;
#1856 = DIRECTION ( 'NONE',  ( 0.000000000000000000, 0.000000000000000000, 1.000000000000000000 ) ) ;
#1857 = ORIENTED_EDGE ( 'NONE', *, *, #877, .F. ) ;
#1858 = ORIENTED_EDGE ( 'NONE', *, *, #1217, .T. ) ;
#1859 = CARTESIAN_POINT ( 'NONE',  ( 21.71000000000002572, -15.50000000000002487, 16.00000000000000000 ) ) ;
#1860 = DIRECTION ( 'NONE',  ( -1.000000000000000000, 0.000000000000000000, 0.000000000000000000 ) ) ;
#1861 = CARTESIAN_POINT ( 'NONE',  ( 18.00000000000004263, 8.049999999999970512, 16.00000000000000000 ) ) ;
#1862 = LINE ( 'NONE', #47, #1057 ) ;
#1863 = VECTOR ( 'NONE', #1184, 1000.000000000000000 ) ;
#1864 = EDGE_LOOP ( 'NONE', ( #405, #990, #125, #1431 ) ) ;
#1865 = ADVANCED_FACE ( 'NONE', ( #693 ), #1181, .T. ) ;
#1866 = AXIS2_PLACEMENT_3D ( 'NONE', #603, #640, #1593 ) ;
#1867 = VERTEX_POINT ( 'NONE', #251 ) ;
#1868 = VECTOR ( 'NONE', #550, 1000.000000000000000 ) ;
#1869 = EDGE_CURVE ( 'NONE', #1367, #42, #427, .T. ) ;
#1870 = ORIENTED_EDGE ( 'NONE', *, *, #218, .F. ) ;
#1871 = CARTESIAN_POINT ( 'NONE',  ( 0.000000000000000000, 0.000000000000000000, 0.000000000000000000 ) ) ;
#1872 = LOCAL_TIME ( 9, 8, 14.00000000000000000, #1439 ) ;
#1873 = CARTESIAN_POINT ( 'NONE',  ( -6.535772912950979396, -15.50000000000002487, 3.000000000000000000 ) ) ;
#1874 = ORIENTED_EDGE ( 'NONE', *, *, #1601, .F. ) ;
#1875 = FACE_OUTER_BOUND ( 'NONE', #10, .T. ) ;
#1876 = CARTESIAN_POINT ( 'NONE',  ( 19.49999999999996092, -7.150000000000024336, 8.500000000000000000 ) ) ;
#1877 = LINE ( 'NONE', #1843, #738 ) ;
#1878 = APPROVAL ( #1577, 'æœª' ) ;
#1879 = VERTEX_POINT ( 'NONE', #1925 ) ;
#1880 = DIRECTION ( 'NONE',  ( -0.000000000000000000, 0.000000000000000000, 1.000000000000000000 ) ) ;
#1881 = EDGE_CURVE ( 'NONE', #1700, #389, #1016, .T. ) ;
#1882 = CARTESIAN_POINT ( 'NONE',  ( 17.99999999999991118, -7.150000000000024336, 8.500000000000000000 ) ) ;
#1883 = ORIENTED_EDGE ( 'NONE', *, *, #1470, .T. ) ;
#1884 = DIRECTION ( 'NONE',  ( 1.000000000000000000, -0.000000000000000000, -0.000000000000000000 ) ) ;
#1885 = VECTOR ( 'NONE', #181, 1000.000000000000000 ) ;
#1886 = DIRECTION ( 'NONE',  ( -0.000000000000000000, -0.000000000000000000, -1.000000000000000000 ) ) ;
#1887 = ORIENTED_EDGE ( 'NONE', *, *, #258, .T. ) ;
#1888 = APPROVAL_ROLE ( '' ) ;
#1889 = PLANE ( 'NONE',  #972 ) ;
#1890 = ORIENTED_EDGE ( 'NONE', *, *, #1509, .T. ) ;
#1891 = CARTESIAN_POINT ( 'NONE',  ( 21.71000000000002572, -5.981282754469817498, 11.30000000000000071 ) ) ;
#1892 = DIRECTION ( 'NONE',  ( -0.000000000000000000, -0.000000000000000000, -1.000000000000000000 ) ) ;
#1893 = EDGE_LOOP ( 'NONE', ( #825, #1766, #1583, #973, #659, #481, #7, #496, #1756, #130, #349, #1019, #1325, #1641 ) ) ;
#1894 = EDGE_CURVE ( 'NONE', #820, #817, #129, .T. ) ;
#1895 = EDGE_LOOP ( 'NONE', ( #1242, #1629, #1812, #233 ) ) ;
#1896 = PLANE ( 'NONE',  #681 ) ;
#1897 = CARTESIAN_POINT ( 'NONE',  ( 6.535772912950990055, -15.50000000000002487, 6.000000000000000000 ) ) ;
#1898 = CALENDAR_DATE ( 2026, 6, 5 ) ;
#1899 = VECTOR ( 'NONE', #1884, 1000.000000000000000 ) ;
#1900 = ORIENTED_EDGE ( 'NONE', *, *, #1801, .F. ) ;
#1901 = CIRCLE ( 'NONE', #963, 1.500000000000043077 ) ;
#1902 = ORIENTED_EDGE ( 'NONE', *, *, #1087, .F. ) ;
#1903 = DIRECTION ( 'NONE',  ( 0.000000000000000000, 0.000000000000000000, 1.000000000000000000 ) ) ;
#1904 = VECTOR ( 'NONE', #1155, 1000.000000000000000 ) ;
#1905 = DIRECTION ( 'NONE',  ( -0.000000000000000000, -0.000000000000000000, -1.000000000000000000 ) ) ;
#1906 = ORIENTED_EDGE ( 'NONE', *, *, #742, .T. ) ;
#1907 = ORIENTED_EDGE ( 'NONE', *, *, #1881, .F. ) ;
#1908 = CARTESIAN_POINT ( 'NONE',  ( 8.941627117004923520, -16.05712073223749670, -2.000000000000000000 ) ) ;
#1909 = AXIS2_PLACEMENT_3D ( 'NONE', #1799, #108, #1929 ) ;
#1910 = ADVANCED_FACE ( 'NONE', ( #1634 ), #280, .T. ) ;
#1911 = VECTOR ( 'NONE', #21, 1000.000000000000000 ) ;
#1912 = EDGE_CURVE ( 'NONE', #1576, #969, #1373, .T. ) ;
#1913 = CARTESIAN_POINT ( 'NONE',  ( 8.941627117004923520, -16.05712073223749670, -2.000000000000000000 ) ) ;
#1914 = ORIENTED_EDGE ( 'NONE', *, *, #955, .T. ) ;
#1915 = ORIENTED_EDGE ( 'NONE', *, *, #758, .F. ) ;
#1916 = CARTESIAN_POINT ( 'NONE',  ( 19.49999999999996092, -7.150000000000024336, 8.500000000000000000 ) ) ;
#1917 = CARTESIAN_POINT ( 'NONE',  ( 8.941627117004923520, -16.05712073223749670, -2.000000000000000000 ) ) ;
#1918 = EDGE_LOOP ( 'NONE', ( #623, #219, #325, #935, #1036 ) ) ;
#1919 = ORIENTED_EDGE ( 'NONE', *, *, #1185, .F. ) ;
#1920 = CARTESIAN_POINT ( 'NONE',  ( 8.941627117004923520, -16.05712073223749670, 8.000000000000000000 ) ) ;
#1921 = LINE ( 'NONE', #1146, #145 ) ;
#1922 = LINE ( 'NONE', #707, #1904 ) ;
#1923 = ADVANCED_FACE ( 'NONE', ( #1835, #450 ), #1053, .T. ) ;
#1924 = VERTEX_POINT ( 'NONE', #305 ) ;
#1925 = CARTESIAN_POINT ( 'NONE',  ( -21.70999999999997598, -8.973705020007448852, 8.500000000000000000 ) ) ;
#1926 = DIRECTION ( 'NONE',  ( -0.000000000000000000, -0.000000000000000000, 1.000000000000000000 ) ) ;
#1927 = EDGE_LOOP ( 'NONE', ( #1190, #1938, #1048, #1973 ) ) ;
#1928 = ORIENTED_EDGE ( 'NONE', *, *, #831, .F. ) ;
#1929 = DIRECTION ( 'NONE',  ( -1.000000000000000000, 0.000000000000000000, 0.000000000000000000 ) ) ;
#1930 = LINE ( 'NONE', #726, #1550 ) ;
#1931 = FACE_OUTER_BOUND ( 'NONE', #795, .T. ) ;
#1932 = ADVANCED_FACE ( 'NONE', ( #314 ), #1677, .F. ) ;
#1933 = ORIENTED_EDGE ( 'NONE', *, *, #1935, .T. ) ;
#1934 = PLANE ( 'NONE',  #1742 ) ;
#1935 = EDGE_CURVE ( 'NONE', #98, #1094, #1046, .T. ) ;
#1936 = CARTESIAN_POINT ( 'NONE',  ( 19.49999999999996092, -7.150000000000024336, 8.000000000000000000 ) ) ;
#1937 = AXIS2_PLACEMENT_3D ( 'NONE', #407, #585, #441 ) ;
#1938 = ORIENTED_EDGE ( 'NONE', *, *, #1320, .T. ) ;
#1939 = ORIENTED_EDGE ( 'NONE', *, *, #1217, .F. ) ;
#1940 = DIRECTION ( 'NONE',  ( -1.000000000000000000, 0.000000000000000000, 0.000000000000000000 ) ) ;
#1941 = CIRCLE ( 'NONE', #1515, 1.500000000000000444 ) ;
#1942 = AXIS2_PLACEMENT_3D ( 'NONE', #982, #1282, #951 ) ;
#1943 = LINE ( 'NONE', #276, #302 ) ;
#1944 = AXIS2_PLACEMENT_3D ( 'NONE', #975, #1856, #1398 ) ;
#1945 = ORIENTED_EDGE ( 'NONE', *, *, #1509, .F. ) ;
#1946 = CARTESIAN_POINT ( 'NONE',  ( 19.50000000000004619, 8.049999999999970512, 11.30000000000000071 ) ) ;
#1947 = DIRECTION ( 'NONE',  ( -1.000000000000000000, 0.000000000000000000, 0.000000000000000000 ) ) ;
#1948 = ORIENTED_EDGE ( 'NONE', *, *, #1794, .T. ) ;
#1949 = CARTESIAN_POINT ( 'NONE',  ( -10.53577291295099272, -10.50000000000002309, 2.000000000000000000 ) ) ;
#1950 = EDGE_CURVE ( 'NONE', #1805, #1367, #1198, .T. ) ;
#1951 = DIRECTION ( 'NONE',  ( 0.000000000000000000, -0.000000000000000000, 1.000000000000000000 ) ) ;
#1952 = ORIENTED_EDGE ( 'NONE', *, *, #762, .T. ) ;
#1953 = CARTESIAN_POINT ( 'NONE',  ( 6.535772912950987390, 2.040221771677155682E-15, 8.000000000000000000 ) ) ;
#1954 = ORIENTED_EDGE ( 'NONE', *, *, #476, .F. ) ;
#1955 = ORIENTED_EDGE ( 'NONE', *, *, #1029, .T. ) ;
#1956 = FACE_OUTER_BOUND ( 'NONE', #1248, .T. ) ;
#1957 = EDGE_CURVE ( 'NONE', #1449, #680, #607, .T. ) ;
#1958 = EDGE_LOOP ( 'NONE', ( #1187, #1962, #283, #1143 ) ) ;
#1959 = CARTESIAN_POINT ( 'NONE',  ( -8.941627117004948389, -16.05712073223750025, -2.000000000000000000 ) ) ;
#1960 = CIRCLE ( 'NONE', #225, 2.499999999999998668 ) ;
#1961 = EDGE_LOOP ( 'NONE', ( #872, #1919 ) ) ;
#1962 = ORIENTED_EDGE ( 'NONE', *, *, #215, .F. ) ;
#1963 = VERTEX_POINT ( 'NONE', #1220 ) ;
#1964 = DIRECTION ( 'NONE',  ( -0.000000000000000000, 0.000000000000000000, 1.000000000000000000 ) ) ;
#1965 = AXIS2_PLACEMENT_3D ( 'NONE', #1145, #1279, #224 ) ;
#1966 = VECTOR ( 'NONE', #1823, 1000.000000000000000 ) ;
#1967 = CARTESIAN_POINT ( 'NONE',  ( 21.71000000000002572, -15.50000000000002487, 8.000000000000000000 ) ) ;
#1968 = CC_DESIGN_DATE_AND_TIME_ASSIGNMENT ( #1138, #781, ( #1004 ) ) ;
#1969 = VECTOR ( 'NONE', #344, 1000.000000000000000 ) ;
#1970 = VECTOR ( 'NONE', #19, 1000.000000000000000 ) ;
#1971 = EDGE_CURVE ( 'NONE', #736, #667, #438, .T. ) ;
#1972 = DIRECTION ( 'NONE',  ( 1.000000000000000000, 0.000000000000000000, 0.000000000000000000 ) ) ;
#1973 = ORIENTED_EDGE ( 'NONE', *, *, #1894, .F. ) ;
#1974 = ORIENTED_EDGE ( 'NONE', *, *, #590, .F. ) ;
#1975 = CARTESIAN_POINT ( 'NONE',  ( -18.49999999999999645, 8.049999999999963407, 16.00000000000000000 ) ) ;
#1976 = DIRECTION ( 'NONE',  ( -1.000000000000000000, -0.000000000000000000, -0.000000000000000000 ) ) ;
#1977 = EDGE_CURVE ( 'NONE', #1314, #905, #1686, .T. ) ;
#1978 = CARTESIAN_POINT ( 'NONE',  ( 0.000000000000000000, 0.000000000000000000, 0.000000000000000000 ) ) ;
#1979 = EDGE_LOOP ( 'NONE', ( #113, #1506, #886, #1267, #1056, #295 ) ) ;
ENDSEC;
END-ISO-10303-21;
