ISO-10303-21;
HEADER;
FILE_DESCRIPTION (( 'STEP AP203' ),
    '1' );
FILE_NAME ('¹âÆ×ÒÇÍâ¿Ç.STEP',
    '2026-05-06T06:24:38',
    ( '' ),
    ( '' ),
    'SwSTEP 2.0',
    'SolidWorks 2024',
    '' );
FILE_SCHEMA (( 'CONFIG_CONTROL_DESIGN' ));
ENDSEC;

DATA;
#1 = FACE_BOUND ( 'NONE', #766, .T. ) ;
#2 = CARTESIAN_POINT ( 'NONE',  ( -90.45566346310295103, 70.00000000000000000, 79.42448499199282708 ) ) ;
#3 = ORIENTED_EDGE ( 'NONE', *, *, #1508, .F. ) ;
#4 = ORIENTED_EDGE ( 'NONE', *, *, #654, .T. ) ;
#5 = VERTEX_POINT ( 'NONE', #1197 ) ;
#6 = AXIS2_PLACEMENT_3D ( 'NONE', #483, #243, #1206 ) ;
#7 = ADVANCED_FACE ( 'NONE', ( #806 ), #481, .F. ) ;
#8 = CARTESIAN_POINT ( 'NONE',  ( 90.45566346310296524, 70.00000000000000000, 79.42448499199282708 ) ) ;
#9 = CARTESIAN_POINT ( 'NONE',  ( 82.00000000000000000, 70.00000000000000000, -72.00000000000001421 ) ) ;
#10 = DIRECTION ( 'NONE',  ( -0.000000000000000000, 1.000000000000000000, -0.000000000000000000 ) ) ;
#11 = CALENDAR_DATE ( 2026, 6, 5 ) ;
#12 = ORIENTED_EDGE ( 'NONE', *, *, #861, .T. ) ;
#13 = CARTESIAN_POINT ( 'NONE',  ( 86.45566346310296524, 25.00000000000000000, 39.42448499199282708 ) ) ;
#14 = VECTOR ( 'NONE', #336, 1000.000000000000000 ) ;
#15 = CARTESIAN_POINT ( 'NONE',  ( 50.45566346310297234, 70.00000000000000000, 75.42448499199282708 ) ) ;
#16 = EDGE_CURVE ( 'NONE', #1434, #1253, #241, .T. ) ;
#17 = DIRECTION ( 'NONE',  ( 0.000000000000000000, -1.734723475976806848E-16, 1.000000000000000000 ) ) ;
#18 = DIRECTION ( 'NONE',  ( -0.000000000000000000, 1.000000000000000000, -0.000000000000000000 ) ) ;
#19 = PERSON_AND_ORGANIZATION_ROLE ( 'classification_officer' ) ;
#20 = ORIENTED_EDGE ( 'NONE', *, *, #1233, .T. ) ;
#21 = LINE ( 'NONE', #1331, #103 ) ;
#22 = VECTOR ( 'NONE', #1179, 1000.000000000000000 ) ;
#23 = DIRECTION ( 'NONE',  ( -0.000000000000000000, 1.000000000000000000, -0.000000000000000000 ) ) ;
#24 = CARTESIAN_POINT ( 'NONE',  ( 50.45566346310297234, 0.000000000000000000, 76.92448499199282708 ) ) ;
#25 = EDGE_CURVE ( 'NONE', #630, #1001, #1037, .T. ) ;
#26 = EDGE_LOOP ( 'NONE', ( #1142, #665, #409, #347, #556, #1376, #248, #426 ) ) ;
#27 = CARTESIAN_POINT ( 'NONE',  ( -50.45566346310296524, 0.000000000000000000, -76.00000000000001421 ) ) ;
#28 = ORIENTED_EDGE ( 'NONE', *, *, #424, .F. ) ;
#29 = CIRCLE ( 'NONE', #74, 1.499999999999994449 ) ;
#30 = VECTOR ( 'NONE', #485, 1000.000000000000000 ) ;
#31 = CARTESIAN_POINT ( 'NONE',  ( 82.00000000000000000, 0.000000000000000000, 72.00000000000000000 ) ) ;
#32 = AXIS2_PLACEMENT_3D ( 'NONE', #1198, #23, #1212 ) ;
#33 = PLANE ( 'NONE',  #1525 ) ;
#34 = EDGE_CURVE ( 'NONE', #1128, #139, #414, .T. ) ;
#35 = EDGE_CURVE ( 'NONE', #1297, #290, #90, .T. ) ;
#36 = LOCAL_TIME ( 14, 24, 38.00000000000000000, #1095 ) ;
#37 = DIRECTION ( 'NONE',  ( 0.000000000000000000, 1.000000000000000000, 0.000000000000000000 ) ) ;
#38 = EDGE_LOOP ( 'NONE', ( #705, #1490, #388, #1108 ) ) ;
#39 = ORIENTED_EDGE ( 'NONE', *, *, #349, .F. ) ;
#40 = PLANE ( 'NONE',  #381 ) ;
#41 = AXIS2_PLACEMENT_3D ( 'NONE', #1413, #668, #801 ) ;
#42 = ORIENTED_EDGE ( 'NONE', *, *, #1450, .F. ) ;
#43 = CARTESIAN_POINT ( 'NONE',  ( 50.45566346310296524, 0.000000000000000000, -73.92448499199284129 ) ) ;
#44 = ORIENTED_EDGE ( 'NONE', *, *, #1138, .F. ) ;
#45 = VERTEX_POINT ( 'NONE', #1507 ) ;
#46 = DIRECTION ( 'NONE',  ( 1.000000000000000000, -0.000000000000000000, -0.000000000000000000 ) ) ;
#47 = FACE_OUTER_BOUND ( 'NONE', #270, .T. ) ;
#48 = DIRECTION ( 'NONE',  ( 0.000000000000000000, 0.000000000000000000, 1.000000000000000000 ) ) ;
#49 = ORIENTED_EDGE ( 'NONE', *, *, #120, .F. ) ;
#50 = ORIENTED_EDGE ( 'NONE', *, *, #527, .F. ) ;
#51 = CIRCLE ( 'NONE', #1364, 1.500000000000001332 ) ;
#52 = CYLINDRICAL_SURFACE ( 'NONE', #150, 1.500000000000001332 ) ;
#53 = CIRCLE ( 'NONE', #177, 1.499999999999994449 ) ;
#54 = CARTESIAN_POINT ( 'NONE',  ( -50.45566346310296524, 0.000000000000000000, 75.42448499199282708 ) ) ;
#55 = DIRECTION ( 'NONE',  ( 8.736466978170234365E-17, -0.000000000000000000, 1.000000000000000000 ) ) ;
#56 = ORIENTED_EDGE ( 'NONE', *, *, #424, .T. ) ;
#57 = ORIENTED_EDGE ( 'NONE', *, *, #1432, .T. ) ;
#58 = ORIENTED_EDGE ( 'NONE', *, *, #691, .F. ) ;
#59 = ADVANCED_FACE ( 'NONE', ( #1524 ), #1043, .F. ) ;
#60 = LINE ( 'NONE', #937, #1513 ) ;
#61 = VECTOR ( 'NONE', #863, 1000.000000000000000 ) ;
#62 = CARTESIAN_POINT ( 'NONE',  ( -90.45566346310295103, 40.00000000000000000, -59.42448499199285550 ) ) ;
#63 = CARTESIAN_POINT ( 'NONE',  ( -90.45566346310295103, 70.00000000000000000, 79.42448499199282708 ) ) ;
#64 = ORIENTED_EDGE ( 'NONE', *, *, #1244, .T. ) ;
#65 = ORIENTED_EDGE ( 'NONE', *, *, #758, .T. ) ;
#66 = CARTESIAN_POINT ( 'NONE',  ( -61.38447187191169263, 40.00000000000000000, -39.42448499199285550 ) ) ;
#67 = DIRECTION ( 'NONE',  ( -0.000000000000000000, 1.000000000000000000, -0.000000000000000000 ) ) ;
#68 = EDGE_CURVE ( 'NONE', #765, #1307, #51, .T. ) ;
#69 = DIRECTION ( 'NONE',  ( -0.000000000000000000, 1.000000000000000000, -0.000000000000000000 ) ) ;
#70 = FACE_BOUND ( 'NONE', #311, .T. ) ;
#71 = EDGE_LOOP ( 'NONE', ( #523, #449, #1235, #622 ) ) ;
#72 = VERTEX_POINT ( 'NONE', #282 ) ;
#73 = FACE_OUTER_BOUND ( 'NONE', #1377, .T. ) ;
#74 = AXIS2_PLACEMENT_3D ( 'NONE', #13, #962, #133 ) ;
#75 = VECTOR ( 'NONE', #722, 1000.000000000000000 ) ;
#76 = VECTOR ( 'NONE', #663, 1000.000000000000000 ) ;
#77 = CARTESIAN_POINT ( 'NONE',  ( -90.45566346310295103, 40.00000000000000000, -39.42448499199285550 ) ) ;
#78 = CARTESIAN_POINT ( 'NONE',  ( -86.45566346310296524, 70.00000000000000000, 39.42448499199281997 ) ) ;
#79 = EDGE_CURVE ( 'NONE', #1150, #340, #1318, .T. ) ;
#80 = VERTEX_POINT ( 'NONE', #731 ) ;
#81 = VERTEX_POINT ( 'NONE', #620 ) ;
#82 = DIRECTION ( 'NONE',  ( -1.000000000000000000, -0.000000000000000000, 8.736466978170234365E-17 ) ) ;
#83 = AXIS2_PLACEMENT_3D ( 'NONE', #1193, #280, #1373 ) ;
#84 = DIRECTION ( 'NONE',  ( 0.000000000000000000, 0.000000000000000000, 1.000000000000000000 ) ) ;
#85 = CARTESIAN_POINT ( 'NONE',  ( -84.95566346310296524, 0.000000000000000000, -39.42448499199285550 ) ) ;
#86 = CARTESIAN_POINT ( 'NONE',  ( 10.45566346310296346, 5.000000000000004441, -79.42448499199285550 ) ) ;
#87 = EDGE_LOOP ( 'NONE', ( #961, #89, #346, #545 ) ) ;
#88 = PRODUCT_RELATED_PRODUCT_CATEGORY ( 'detail', '', ( #892 ) ) ;
#89 = ORIENTED_EDGE ( 'NONE', *, *, #398, .T. ) ;
#90 = CIRCLE ( 'NONE', #525, 1.499999999999994449 ) ;
#91 = ADVANCED_FACE ( 'NONE', ( #971 ), #1204, .F. ) ;
#92 = DIRECTION ( 'NONE',  ( 0.000000000000000000, -0.000000000000000000, -1.000000000000000000 ) ) ;
#93 = LINE ( 'NONE', #558, #1406 ) ;
#94 = AXIS2_PLACEMENT_3D ( 'NONE', #344, #212, #228 ) ;
#95 = DIRECTION ( 'NONE',  ( 0.000000000000000000, 0.000000000000000000, 1.000000000000000000 ) ) ;
#96 = CARTESIAN_POINT ( 'NONE',  ( -39.54433653689704187, 5.000000000000004441, 6.102496759066545096 ) ) ;
#97 = ORIENTED_EDGE ( 'NONE', *, *, #797, .F. ) ;
#98 = ORIENTED_EDGE ( 'NONE', *, *, #746, .F. ) ;
#99 = DIRECTION ( 'NONE',  ( 0.000000000000000000, 0.000000000000000000, 1.000000000000000000 ) ) ;
#100 = EDGE_CURVE ( 'NONE', #1001, #630, #29, .T. ) ;
#101 = CARTESIAN_POINT ( 'NONE',  ( 10.45566346310296346, 65.00000000000000000, 6.102496759066545096 ) ) ;
#103 = VECTOR ( 'NONE', #1217, 1000.000000000000000 ) ;
#102 = VECTOR ( 'NONE', #335, 1000.000000000000000 ) ;
#104 = DIRECTION ( 'NONE',  ( 0.000000000000000000, 0.000000000000000000, 1.000000000000000000 ) ) ;
#105 = PLANE ( 'NONE',  #1053 ) ;
#106 = EDGE_LOOP ( 'NONE', ( #1002, #39, #341, #880 ) ) ;
#107 = CIRCLE ( 'NONE', #1104, 1.499999999999994449 ) ;
#108 = DIRECTION ( 'NONE',  ( -3.031070872825611350E-32, 1.000000000000000000, -3.469446951953614189E-16 ) ) ;
#109 = CARTESIAN_POINT ( 'NONE',  ( 0.000000000000000000, 70.00000000000000000, 0.000000000000000000 ) ) ;
#110 = PRODUCT_DEFINITION_FORMATION_WITH_SPECIFIED_SOURCE ( 'ä»', '', #892, .NOT_KNOWN. ) ;
#111 = EDGE_CURVE ( 'NONE', #1141, #1245, #945, .T. ) ;
#112 = CARTESIAN_POINT ( 'NONE',  ( -39.54433653689704187, 5.000000000000004441, -71.99999999999998579 ) ) ;
#113 = LINE ( 'NONE', #1162, #651 ) ;
#114 = VERTEX_POINT ( 'NONE', #606 ) ;
#115 = VERTEX_POINT ( 'NONE', #400 ) ;
#116 = CARTESIAN_POINT ( 'NONE',  ( 86.45566346310296524, 0.000000000000000000, 39.42448499199282708 ) ) ;
#117 = DIRECTION ( 'NONE',  ( 0.000000000000000000, -0.000000000000000000, -1.000000000000000000 ) ) ;
#118 = DIRECTION ( 'NONE',  ( 0.000000000000000000, 0.000000000000000000, 1.000000000000000000 ) ) ;
#119 = DIRECTION ( 'NONE',  ( -1.000000000000000000, 0.000000000000000000, 0.000000000000000000 ) ) ;
#120 = EDGE_CURVE ( 'NONE', #254, #1337, #1455, .T. ) ;
#121 = EDGE_LOOP ( 'NONE', ( #408, #137, #930, #851 ) ) ;
#122 = DIRECTION ( 'NONE',  ( 0.000000000000000000, 0.000000000000000000, 1.000000000000000000 ) ) ;
#123 = CARTESIAN_POINT ( 'NONE',  ( 82.00000000000000000, 70.00000000000000000, -72.00000000000001421 ) ) ;
#124 = LINE ( 'NONE', #272, #295 ) ;
#125 = ORIENTED_EDGE ( 'NONE', *, *, #25, .F. ) ;
#126 = EDGE_CURVE ( 'NONE', #664, #1434, #1449, .T. ) ;
#127 = CARTESIAN_POINT ( 'NONE',  ( -86.45566346310296524, 0.000000000000000000, -39.42448499199284839 ) ) ;
#128 = AXIS2_PLACEMENT_3D ( 'NONE', #1379, #1263, #564 ) ;
#129 = CARTESIAN_POINT ( 'NONE',  ( -50.45566346310296524, 70.00000000000000000, 75.42448499199282708 ) ) ;
#130 = DIRECTION ( 'NONE',  ( 1.000000000000000000, 0.000000000000000000, 0.000000000000000000 ) ) ;
#131 = PERSON_AND_ORGANIZATION_ROLE ( 'design_owner' ) ;
#132 = ORIENTED_EDGE ( 'NONE', *, *, #245, .T. ) ;
#133 = DIRECTION ( 'NONE',  ( 0.000000000000000000, 0.000000000000000000, -1.000000000000000000 ) ) ;
#134 = CARTESIAN_POINT ( 'NONE',  ( -87.95566346310296524, 35.00000000000000000, -39.42448499199285550 ) ) ;
#135 = EDGE_CURVE ( 'NONE', #921, #166, #1512, .T. ) ;
#136 = DIRECTION ( 'NONE',  ( 0.000000000000000000, 0.000000000000000000, 1.000000000000000000 ) ) ;
#137 = ORIENTED_EDGE ( 'NONE', *, *, #510, .T. ) ;
#138 = DIRECTION ( 'NONE',  ( 0.000000000000000000, 1.000000000000000000, 0.000000000000000000 ) ) ;
#139 = VERTEX_POINT ( 'NONE', #1112 ) ;
#140 = DIRECTION ( 'NONE',  ( 0.000000000000000000, 1.000000000000000000, 0.000000000000000000 ) ) ;
#141 = ADVANCED_FACE ( 'NONE', ( #374 ), #865, .F. ) ;
#142 = ADVANCED_FACE ( 'NONE', ( #263 ), #156, .F. ) ;
#143 = CARTESIAN_POINT ( 'NONE',  ( -90.45566346310295103, 0.000000000000000000, 79.42448499199282708 ) ) ;
#144 = PERSON ( 'æœª', 'æœª', 'æœª', ('æœª'), ('æœª'), ('æœª') ) ;
#145 = APPROVAL_DATE_TIME ( #748, #1421 ) ;
#146 = CARTESIAN_POINT ( 'NONE',  ( -82.00000000000000000, 35.00000000000000000, -39.42448499199285550 ) ) ;
#147 = EDGE_LOOP ( 'NONE', ( #200, #1034, #822, #1080 ) ) ;
#148 = ORIENTED_EDGE ( 'NONE', *, *, #1359, .T. ) ;
#149 = VECTOR ( 'NONE', #628, 1000.000000000000000 ) ;
#151 = VECTOR ( 'NONE', #69, 1000.000000000000000 ) ;
#150 = AXIS2_PLACEMENT_3D ( 'NONE', #1363, #1005, #307 ) ;
#152 = VECTOR ( 'NONE', #1140, 1000.000000000000000 ) ;
#153 = DIRECTION ( 'NONE',  ( -0.000000000000000000, -0.000000000000000000, -1.000000000000000000 ) ) ;
#154 = EDGE_CURVE ( 'NONE', #561, #1498, #727, .T. ) ;
#155 = APPROVAL_PERSON_ORGANIZATION ( #870, #934, #1232 ) ;
#156 = CYLINDRICAL_SURFACE ( 'NONE', #255, 1.499999999999994449 ) ;
#157 = EDGE_LOOP ( 'NONE', ( #479, #629, #1274, #356 ) ) ;
#158 = VERTEX_POINT ( 'NONE', #43 ) ;
#159 = CARTESIAN_POINT ( 'NONE',  ( -61.38447187191169263, 40.00000000000000000, -39.42448499199285550 ) ) ;
#160 = FACE_BOUND ( 'NONE', #420, .T. ) ;
#161 = PERSON_AND_ORGANIZATION_ROLE ( 'creator' ) ;
#162 = VECTOR ( 'NONE', #473, 1000.000000000000000 ) ;
#163 = UNCERTAINTY_MEASURE_WITH_UNIT (LENGTH_MEASURE( 1.000000000000000082E-05 ), #246, 'distance_accuracy_value', 'NONE');
#164 = CARTESIAN_POINT ( 'NONE',  ( 50.45566346310296524, 0.000000000000000000, -75.42448499199285550 ) ) ;
#165 = EDGE_CURVE ( 'NONE', #1353, #276, #1089, .T. ) ;
#166 = VERTEX_POINT ( 'NONE', #1326 ) ;
#167 = ORIENTED_EDGE ( 'NONE', *, *, #1359, .F. ) ;
#168 = VECTOR ( 'NONE', #678, 1000.000000000000000 ) ;
#169 = DIRECTION ( 'NONE',  ( 0.000000000000000000, 0.000000000000000000, 1.000000000000000000 ) ) ;
#170 = LINE ( 'NONE', #633, #151 ) ;
#171 = CARTESIAN_POINT ( 'NONE',  ( 50.45566346310297234, 0.000000000000000000, 73.92448499199281287 ) ) ;
#172 = ORIENTED_EDGE ( 'NONE', *, *, #709, .F. ) ;
#173 = ORIENTED_EDGE ( 'NONE', *, *, #1166, .F. ) ;
#174 = EDGE_CURVE ( 'NONE', #45, #1208, #21, .T. ) ;
#175 = VERTEX_POINT ( 'NONE', #741 ) ;
#176 = AXIS2_PLACEMENT_3D ( 'NONE', #127, #37, #749 ) ;
#178 = VECTOR ( 'NONE', #422, 1000.000000000000000 ) ;
#177 = AXIS2_PLACEMENT_3D ( 'NONE', #1229, #1137, #1464 ) ;
#179 = CARTESIAN_POINT ( 'NONE',  ( -50.45566346310296524, 0.000000000000000000, -77.50000000000001421 ) ) ;
#180 = VECTOR ( 'NONE', #687, 1000.000000000000000 ) ;
#181 = DIRECTION ( 'NONE',  ( 0.000000000000000000, 1.000000000000000000, 0.000000000000000000 ) ) ;
#182 = LINE ( 'NONE', #1022, #976 ) ;
#183 = EDGE_LOOP ( 'NONE', ( #599, #440, #784, #909 ) ) ;
#184 = ORIENTED_EDGE ( 'NONE', *, *, #1458, .F. ) ;
#185 = EDGE_CURVE ( 'NONE', #390, #561, #269, .T. ) ;
#186 = CARTESIAN_POINT ( 'NONE',  ( 90.45566346310296524, 0.000000000000000000, -79.42448499199285550 ) ) ;
#187 = ADVANCED_FACE ( 'NONE', ( #1442 ), #274, .F. ) ;
#188 = CIRCLE ( 'NONE', #583, 1.499999999999994449 ) ;
#189 = CARTESIAN_POINT ( 'NONE',  ( 82.00000000000000000, 70.00000000000000000, 72.00000000000000000 ) ) ;
#190 = DIRECTION ( 'NONE',  ( 0.000000000000000000, 0.000000000000000000, 1.000000000000000000 ) ) ;
#191 = ORIENTED_EDGE ( 'NONE', *, *, #1256, .T. ) ;
#192 = ORIENTED_EDGE ( 'NONE', *, *, #1045, .T. ) ;
#193 = VECTOR ( 'NONE', #236, 1000.000000000000000 ) ;
#194 = DIRECTION ( 'NONE',  ( 1.000000000000000000, 0.000000000000000000, -8.736466978170234365E-17 ) ) ;
#195 = EDGE_CURVE ( 'NONE', #432, #710, #872, .T. ) ;
#196 = EDGE_CURVE ( 'NONE', #166, #921, #1026, .T. ) ;
#197 = LINE ( 'NONE', #1234, #178 ) ;
#198 = DIRECTION ( 'NONE',  ( -0.000000000000000000, -1.000000000000000000, -0.000000000000000000 ) ) ;
#199 = ORIENTED_EDGE ( 'NONE', *, *, #398, .F. ) ;
#200 = ORIENTED_EDGE ( 'NONE', *, *, #235, .F. ) ;
#201 = FACE_BOUND ( 'NONE', #38, .T. ) ;
#202 = FACE_OUTER_BOUND ( 'NONE', #524, .T. ) ;
#203 = AXIS2_PLACEMENT_3D ( 'NONE', #965, #1437, #841 ) ;
#204 = EDGE_CURVE ( 'NONE', #1157, #1523, #222, .T. ) ;
#205 = DIRECTION ( 'NONE',  ( -0.000000000000000000, 1.000000000000000000, -0.000000000000000000 ) ) ;
#206 = CARTESIAN_POINT ( 'NONE',  ( -90.45566346310296524, 70.00000000000000000, -79.42448499199285550 ) ) ;
#207 = ORIENTED_EDGE ( 'NONE', *, *, #1205, .F. ) ;
#208 = EDGE_LOOP ( 'NONE', ( #1401, #1518, #697, #539 ) ) ;
#209 = APPROVAL_PERSON_ORGANIZATION ( #1440, #498, #986 ) ;
#210 = DIRECTION ( 'NONE',  ( 0.000000000000000000, 0.000000000000000000, 1.000000000000000000 ) ) ;
#211 = LINE ( 'NONE', #693, #285 ) ;
#212 = DIRECTION ( 'NONE',  ( 0.000000000000000000, 1.000000000000000000, 0.000000000000000000 ) ) ;
#213 = DIRECTION ( 'NONE',  ( -1.000000000000000000, 0.000000000000000000, 0.000000000000000000 ) ) ;
#214 = ORIENTED_EDGE ( 'NONE', *, *, #910, .F. ) ;
#215 = ADVANCED_FACE ( 'NONE', ( #1240 ), #1007, .T. ) ;
#216 = VERTEX_POINT ( 'NONE', #537 ) ;
#217 = PLANE ( 'NONE',  #716 ) ;
#218 = CYLINDRICAL_SURFACE ( 'NONE', #879, 1.499999999999994449 ) ;
#219 = CARTESIAN_POINT ( 'NONE',  ( -61.38447187191169263, 35.00000000000000000, -39.42448499199285550 ) ) ;
#220 = DIRECTION ( 'NONE',  ( 1.000000000000000000, -0.000000000000000000, -0.000000000000000000 ) ) ;
#221 = ORIENTED_EDGE ( 'NONE', *, *, #1279, .F. ) ;
#222 = LINE ( 'NONE', #430, #353 ) ;
#223 = CC_DESIGN_PERSON_AND_ORGANIZATION_ASSIGNMENT ( #992, #268, ( #110 ) ) ;
#224 = FACE_BOUND ( 'NONE', #1294, .T. ) ;
#225 = DIRECTION ( 'NONE',  ( -0.000000000000000000, -1.000000000000000000, -0.000000000000000000 ) ) ;
#227 = AXIS2_PLACEMENT_3D ( 'NONE', #54, #649, #297 ) ;
#226 = CIRCLE ( 'NONE', #1149, 1.500000000000001332 ) ;
#228 = DIRECTION ( 'NONE',  ( 0.000000000000000000, 0.000000000000000000, 1.000000000000000000 ) ) ;
#229 = CARTESIAN_POINT ( 'NONE',  ( 10.45566346310296346, 5.000000000000004441, -79.42448499199285550 ) ) ;
#230 = ORIENTED_EDGE ( 'NONE', *, *, #779, .F. ) ;
#231 = VECTOR ( 'NONE', #1008, 1000.000000000000000 ) ;
#232 = CARTESIAN_POINT ( 'NONE',  ( -61.38447187191169263, 40.00000000000000000, -59.42448499199285550 ) ) ;
#233 = DIRECTION ( 'NONE',  ( 0.000000000000000000, 0.000000000000000000, 1.000000000000000000 ) ) ;
#234 = CC_DESIGN_SECURITY_CLASSIFICATION ( #983, ( #110 ) ) ;
#235 = EDGE_CURVE ( 'NONE', #1157, #158, #1222, .T. ) ;
#236 = DIRECTION ( 'NONE',  ( -1.000000000000000000, 0.000000000000000000, 0.000000000000000000 ) ) ;
#237 = DIRECTION ( 'NONE',  ( -0.000000000000000000, 1.000000000000000000, -0.000000000000000000 ) ) ;
#238 =( NAMED_UNIT ( * ) SI_UNIT ( $, .STERADIAN. ) SOLID_ANGLE_UNIT ( ) );
#239 = ORIENTED_EDGE ( 'NONE', *, *, #978, .F. ) ;
#240 = ORIENTED_EDGE ( 'NONE', *, *, #79, .T. ) ;
#241 = LINE ( 'NONE', #698, #162 ) ;
#242 = ORIENTED_EDGE ( 'NONE', *, *, #779, .T. ) ;
#243 = DIRECTION ( 'NONE',  ( 0.000000000000000000, 1.000000000000000000, 0.000000000000000000 ) ) ;
#244 = LINE ( 'NONE', #9, #30 ) ;
#245 = EDGE_CURVE ( 'NONE', #1219, #630, #913, .T. ) ;
#246 =( LENGTH_UNIT ( ) NAMED_UNIT ( * ) SI_UNIT ( .MILLI., .METRE. ) );
#247 = VECTOR ( 'NONE', #695, 1000.000000000000000 ) ;
#248 = ORIENTED_EDGE ( 'NONE', *, *, #462, .T. ) ;
#249 = DIRECTION ( 'NONE',  ( -0.000000000000000000, -1.000000000000000000, -1.734723475976807094E-16 ) ) ;
#250 = DIRECTION ( 'NONE',  ( 0.000000000000000000, 0.000000000000000000, 1.000000000000000000 ) ) ;
#251 = FACE_OUTER_BOUND ( 'NONE', #941, .T. ) ;
#252 = PERSON_AND_ORGANIZATION ( #144, #507 ) ;
#253 = ADVANCED_FACE ( 'NONE', ( #1016, #522 ), #1480, .T. ) ;
#254 = VERTEX_POINT ( 'NONE', #1250 ) ;
#255 = AXIS2_PLACEMENT_3D ( 'NONE', #1460, #721, #980 ) ;
#256 = DIRECTION ( 'NONE',  ( 0.000000000000000000, 1.000000000000000000, 0.000000000000000000 ) ) ;
#257 = ADVANCED_FACE ( 'NONE', ( #416 ), #1146, .F. ) ;
#258 = CIRCLE ( 'NONE', #1221, 1.499999999999994449 ) ;
#259 = CARTESIAN_POINT ( 'NONE',  ( -50.45566346310296524, 70.00000000000000000, 75.42448499199282708 ) ) ;
#260 = CYLINDRICAL_SURFACE ( 'NONE', #999, 1.500000000000001332 ) ;
#261 = APPROVAL_STATUS ( 'not_yet_approved' ) ;
#262 = ORIENTED_EDGE ( 'NONE', *, *, #1473, .T. ) ;
#263 = FACE_OUTER_BOUND ( 'NONE', #402, .T. ) ;
#264 = EDGE_CURVE ( 'NONE', #1165, #1111, #309, .T. ) ;
#265 = DIRECTION ( 'NONE',  ( 0.000000000000000000, 0.000000000000000000, 1.000000000000000000 ) ) ;
#266 = CARTESIAN_POINT ( 'NONE',  ( 90.45566346310296524, 25.00000000000000355, 24.42448499199282352 ) ) ;
#267 = CARTESIAN_POINT ( 'NONE',  ( 86.45566346310296524, 0.000000000000000000, 37.92448499199282708 ) ) ;
#268 = PERSON_AND_ORGANIZATION_ROLE ( 'design_supplier' ) ;
#269 = LINE ( 'NONE', #495, #1419 ) ;
#270 = EDGE_LOOP ( 'NONE', ( #738, #821, #97, #366 ) ) ;
#271 = EDGE_LOOP ( 'NONE', ( #838, #641, #1394, #783 ) ) ;
#272 = CARTESIAN_POINT ( 'NONE',  ( 90.45566346310296524, 30.00000000000000711, 24.42448499199282352 ) ) ;
#273 = CARTESIAN_POINT ( 'NONE',  ( 0.000000000000000000, 0.000000000000000000, 0.000000000000000000 ) ) ;
#274 = CYLINDRICAL_SURFACE ( 'NONE', #1102, 1.499999999999994449 ) ;
#275 = EDGE_LOOP ( 'NONE', ( #1360, #990 ) ) ;
#276 = VERTEX_POINT ( 'NONE', #885 ) ;
#277 = VECTOR ( 'NONE', #591, 1000.000000000000000 ) ;
#278 = CARTESIAN_POINT ( 'NONE',  ( -82.00000000000000000, 70.00000000000000000, 72.00000000000000000 ) ) ;
#279 = EDGE_CURVE ( 'NONE', #1307, #1355, #170, .T. ) ;
#280 = DIRECTION ( 'NONE',  ( 0.000000000000000000, 1.000000000000000000, 0.000000000000000000 ) ) ;
#281 = APPROVAL_STATUS ( 'not_yet_approved' ) ;
#282 = CARTESIAN_POINT ( 'NONE',  ( -50.45566346310296524, 0.000000000000000000, -77.50000000000001421 ) ) ;
#283 = ORIENTED_EDGE ( 'NONE', *, *, #996, .T. ) ;
#284 = ORIENTED_EDGE ( 'NONE', *, *, #520, .F. ) ;
#285 = VECTOR ( 'NONE', #677, 1000.000000000000000 ) ;
#286 = DIRECTION ( 'NONE',  ( 0.000000000000000000, 0.000000000000000000, 1.000000000000000000 ) ) ;
#287 = EDGE_CURVE ( 'NONE', #373, #1208, #1357, .T. ) ;
#288 = DIRECTION ( 'NONE',  ( 0.000000000000000000, 0.000000000000000000, 1.000000000000000000 ) ) ;
#289 = CARTESIAN_POINT ( 'NONE',  ( 86.45566346310296524, 30.00000000000000355, 37.92448499199282708 ) ) ;
#290 = VERTEX_POINT ( 'NONE', #895 ) ;
#291 = EDGE_LOOP ( 'NONE', ( #532, #776, #1010, #333, #1476, #1371, #167 ) ) ;
#292 = VERTEX_POINT ( 'NONE', #1125 ) ;
#293 = VECTOR ( 'NONE', #118, 1000.000000000000000 ) ;
#294 = CARTESIAN_POINT ( 'NONE',  ( -86.45566346310296524, 0.000000000000000000, 39.42448499199281997 ) ) ;
#295 = VECTOR ( 'NONE', #17, 1000.000000000000000 ) ;
#296 = CC_DESIGN_PERSON_AND_ORGANIZATION_ASSIGNMENT ( #387, #161, ( #608 ) ) ;
#297 = DIRECTION ( 'NONE',  ( 0.000000000000000000, 0.000000000000000000, 1.000000000000000000 ) ) ;
#298 = DIRECTION ( 'NONE',  ( 0.000000000000000000, 0.000000000000000000, -1.000000000000000000 ) ) ;
#299 = ORIENTED_EDGE ( 'NONE', *, *, #769, .T. ) ;
#300 = EDGE_LOOP ( 'NONE', ( #1135, #1164, #635, #897 ) ) ;
#301 = ADVANCED_FACE ( 'NONE', ( #1496 ), #542, .F. ) ;
#302 = EDGE_CURVE ( 'NONE', #1208, #320, #197, .T. ) ;
#303 = ORIENTED_EDGE ( 'NONE', *, *, #1262, .F. ) ;
#304 = APPLICATION_CONTEXT ( 'configuration controlled 3d designs of mechanical parts and assemblies' ) ;
#306 = VECTOR ( 'NONE', #576, 1000.000000000000000 ) ;
#305 = AXIS2_PLACEMENT_3D ( 'NONE', #528, #1479, #997 ) ;
#307 = DIRECTION ( 'NONE',  ( 0.000000000000000000, 0.000000000000000000, 1.000000000000000000 ) ) ;
#308 = VECTOR ( 'NONE', #1134, 1000.000000000000000 ) ;
#309 = LINE ( 'NONE', #755, #1052 ) ;
#310 = PLANE ( 'NONE',  #384 ) ;
#311 = EDGE_LOOP ( 'NONE', ( #1260, #1416, #511, #173 ) ) ;
#312 = ORIENTED_EDGE ( 'NONE', *, *, #527, .T. ) ;
#313 = EDGE_CURVE ( 'NONE', #1362, #1456, #1119, .T. ) ;
#314 = EDGE_CURVE ( 'NONE', #1245, #1141, #1514, .T. ) ;
#315 = DIRECTION ( 'NONE',  ( 0.000000000000000000, 1.000000000000000000, 0.000000000000000000 ) ) ;
#316 = FACE_BOUND ( 'NONE', #674, .T. ) ;
#317 = DIRECTION ( 'NONE',  ( 0.000000000000000000, 0.000000000000000000, -1.000000000000000000 ) ) ;
#318 = CARTESIAN_POINT ( 'NONE',  ( 50.45566346310297234, 70.00000000000000000, 76.92448499199282708 ) ) ;
#319 = EDGE_LOOP ( 'NONE', ( #230, #888, #540, #1411 ) ) ;
#320 = VERTEX_POINT ( 'NONE', #62 ) ;
#321 = VECTOR ( 'NONE', #437, 1000.000000000000000 ) ;
#322 = FACE_BOUND ( 'NONE', #1532, .T. ) ;
#323 = CARTESIAN_POINT ( 'NONE',  ( -86.45566346310296524, 40.00000000000000000, -39.42448499199284839 ) ) ;
#324 = DIRECTION ( 'NONE',  ( 0.000000000000000000, 0.000000000000000000, -1.000000000000000000 ) ) ;
#325 = LINE ( 'NONE', #86, #1028 ) ;
#326 = ORIENTED_EDGE ( 'NONE', *, *, #68, .F. ) ;
#327 = ORIENTED_EDGE ( 'NONE', *, *, #1463, .T. ) ;
#328 = CARTESIAN_POINT ( 'NONE',  ( 82.00000000000000000, 70.00000000000000000, 72.00000000000000000 ) ) ;
#329 = CARTESIAN_POINT ( 'NONE',  ( -82.00000000000000000, 40.00000000000000000, -59.42448499199285550 ) ) ;
#330 = CIRCLE ( 'NONE', #1319, 1.500000000000001332 ) ;
#331 = LINE ( 'NONE', #669, #22 ) ;
#332 = DIRECTION ( 'NONE',  ( 0.000000000000000000, 1.000000000000000000, 0.000000000000000000 ) ) ;
#333 = ORIENTED_EDGE ( 'NONE', *, *, #625, .F. ) ;
#334 = APPLICATION_CONTEXT ( 'configuration controlled 3d designs of mechanical parts and assemblies' ) ;
#335 = DIRECTION ( 'NONE',  ( -1.000000000000000000, -0.000000000000000000, -0.000000000000000000 ) ) ;
#336 = DIRECTION ( 'NONE',  ( 0.000000000000000000, 0.000000000000000000, -1.000000000000000000 ) ) ;
#337 = AXIS2_PLACEMENT_3D ( 'NONE', #323, #1503, #1269 ) ;
#338 = CARTESIAN_POINT ( 'NONE',  ( 61.38447187191169263, 30.00000000000000711, 24.42448499199282352 ) ) ;
#339 = LINE ( 'NONE', #1285, #575 ) ;
#340 = VERTEX_POINT ( 'NONE', #1032 ) ;
#341 = ORIENTED_EDGE ( 'NONE', *, *, #195, .T. ) ;
#342 = FACE_BOUND ( 'NONE', #275, .T. ) ;
#343 = PLANE ( 'NONE',  #411 ) ;
#344 = CARTESIAN_POINT ( 'NONE',  ( -86.45566346310296524, 0.000000000000000000, 39.42448499199281997 ) ) ;
#345 = EDGE_LOOP ( 'NONE', ( #1280, #712, #623, #98 ) ) ;
#346 = ORIENTED_EDGE ( 'NONE', *, *, #1270, .T. ) ;
#347 = ORIENTED_EDGE ( 'NONE', *, *, #671, .T. ) ;
#348 = EDGE_CURVE ( 'NONE', #114, #1188, #773, .T. ) ;
#349 = EDGE_CURVE ( 'NONE', #432, #1129, #1248, .T. ) ;
#350 = FACE_OUTER_BOUND ( 'NONE', #627, .T. ) ;
#351 = DIRECTION ( 'NONE',  ( 0.000000000000000000, 1.000000000000000000, 0.000000000000000000 ) ) ;
#353 = VECTOR ( 'NONE', #1000, 1000.000000000000000 ) ;
#352 = CIRCLE ( 'NONE', #739, 1.499999999999994449 ) ;
#354 = LINE ( 'NONE', #1292, #634 ) ;
#355 = LINE ( 'NONE', #1194, #180 ) ;
#356 = ORIENTED_EDGE ( 'NONE', *, *, #1397, .T. ) ;
#357 = AXIS2_PLACEMENT_3D ( 'NONE', #78, #1241, #1272 ) ;
#358 = ADVANCED_FACE ( 'NONE', ( #1374, #781 ), #662, .F. ) ;
#359 = DIRECTION ( 'NONE',  ( 0.000000000000000000, 1.000000000000000000, 0.000000000000000000 ) ) ;
#360 = EDGE_CURVE ( 'NONE', #1451, #578, #809, .T. ) ;
#361 = CC_DESIGN_APPROVAL ( #934, ( #608 ) ) ;
#362 = LINE ( 'NONE', #1192, #551 ) ;
#363 = CARTESIAN_POINT ( 'NONE',  ( 61.38447187191169263, 25.00000000000000000, 44.42448499199282708 ) ) ;
#364 = AXIS2_PLACEMENT_3D ( 'NONE', #1238, #1168, #117 ) ;
#365 = ORIENTED_EDGE ( 'NONE', *, *, #314, .T. ) ;
#366 = ORIENTED_EDGE ( 'NONE', *, *, #1092, .F. ) ;
#367 = LINE ( 'NONE', #1068, #947 ) ;
#368 = EDGE_CURVE ( 'NONE', #636, #320, #559, .T. ) ;
#369 = DIRECTION ( 'NONE',  ( 0.000000000000000000, -1.000000000000000000, -1.734723475976807094E-16 ) ) ;
#370 = EDGE_CURVE ( 'NONE', #1111, #935, #1070, .T. ) ;
#371 = PERSON_AND_ORGANIZATION ( #144, #507 ) ;
#372 = AXIS2_PLACEMENT_3D ( 'NONE', #338, #802, #1056 ) ;
#373 = VERTEX_POINT ( 'NONE', #1515 ) ;
#374 = FACE_OUTER_BOUND ( 'NONE', #183, .T. ) ;
#375 = VECTOR ( 'NONE', #615, 1000.000000000000000 ) ;
#376 = DIRECTION ( 'NONE',  ( 0.000000000000000000, 0.000000000000000000, 1.000000000000000000 ) ) ;
#377 = FACE_OUTER_BOUND ( 'NONE', #448, .T. ) ;
#378 = COORDINATED_UNIVERSAL_TIME_OFFSET ( 8, 0, .AHEAD. ) ;
#379 = EDGE_CURVE ( 'NONE', #290, #1141, #331, .T. ) ;
#380 = ORIENTED_EDGE ( 'NONE', *, *, #786, .T. ) ;
#382 = VECTOR ( 'NONE', #48, 1000.000000000000000 ) ;
#381 = AXIS2_PLACEMENT_3D ( 'NONE', #66, #315, #514 ) ;
#383 = CARTESIAN_POINT ( 'NONE',  ( -50.45566346310296524, 0.000000000000000000, 76.92448499199282708 ) ) ;
#384 = AXIS2_PLACEMENT_3D ( 'NONE', #1265, #439, #190 ) ;
#385 = DIRECTION ( 'NONE',  ( -1.000000000000000000, 0.000000000000000000, 0.000000000000000000 ) ) ;
#386 = FACE_OUTER_BOUND ( 'NONE', #1462, .T. ) ;
#387 = PERSON_AND_ORGANIZATION ( #144, #507 ) ;
#388 = ORIENTED_EDGE ( 'NONE', *, *, #1223, .F. ) ;
#389 = CARTESIAN_POINT ( 'NONE',  ( 86.45566346310296524, 0.000000000000000000, -37.92448499199284839 ) ) ;
#390 = VERTEX_POINT ( 'NONE', #927 ) ;
#391 = VECTOR ( 'NONE', #1160, 1000.000000000000000 ) ;
#392 = LINE ( 'NONE', #143, #375 ) ;
#393 = CARTESIAN_POINT ( 'NONE',  ( -86.45566346310296524, 35.00000000000000000, -39.42448499199284839 ) ) ;
#394 = APPROVAL_DATE_TIME ( #837, #934 ) ;
#395 = DIRECTION ( 'NONE',  ( -0.000000000000000000, 1.000000000000000000, -0.000000000000000000 ) ) ;
#396 = ORIENTED_EDGE ( 'NONE', *, *, #1262, .T. ) ;
#397 = EDGE_LOOP ( 'NONE', ( #652, #1171, #240, #1266 ) ) ;
#398 = EDGE_CURVE ( 'NONE', #942, #969, #1271, .T. ) ;
#399 = PLANE ( 'NONE',  #1365 ) ;
#400 = CARTESIAN_POINT ( 'NONE',  ( 82.00000000000000000, 0.000000000000000000, 72.00000000000000000 ) ) ;
#401 = ORIENTED_EDGE ( 'NONE', *, *, #978, .T. ) ;
#402 = EDGE_LOOP ( 'NONE', ( #49, #1361, #1216, #860 ) ) ;
#403 = EDGE_CURVE ( 'NONE', #1136, #115, #1522, .T. ) ;
#404 = CARTESIAN_POINT ( 'NONE',  ( -90.45566346310295103, 34.99999999999999289, -59.42448499199286260 ) ) ;
#405 = EDGE_LOOP ( 'NONE', ( #759, #125 ) ) ;
#406 = DIRECTION ( 'NONE',  ( 0.000000000000000000, -0.000000000000000000, 1.000000000000000000 ) ) ;
#407 = DIRECTION ( 'NONE',  ( 0.000000000000000000, 0.000000000000000000, 1.000000000000000000 ) ) ;
#408 = ORIENTED_EDGE ( 'NONE', *, *, #368, .T. ) ;
#409 = ORIENTED_EDGE ( 'NONE', *, *, #661, .T. ) ;
#410 = ORIENTED_EDGE ( 'NONE', *, *, #349, .T. ) ;
#411 = AXIS2_PLACEMENT_3D ( 'NONE', #101, #459, #1283 ) ;
#412 = DIRECTION ( 'NONE',  ( 0.000000000000000000, 1.000000000000000000, 0.000000000000000000 ) ) ;
#413 = ADVANCED_FACE ( 'NONE', ( #1284, #1 ), #590, .F. ) ;
#414 = CIRCLE ( 'NONE', #752, 1.499999999999994449 ) ;
#415 = ADVANCED_FACE ( 'NONE', ( #446 ), #477, .F. ) ;
#416 = FACE_OUTER_BOUND ( 'NONE', #719, .T. ) ;
#417 = LINE ( 'NONE', #887, #1487 ) ;
#418 = VERTEX_POINT ( 'NONE', #461 ) ;
#419 = ORIENTED_EDGE ( 'NONE', *, *, #671, .F. ) ;
#420 = EDGE_LOOP ( 'NONE', ( #410, #283 ) ) ;
#421 = LINE ( 'NONE', #278, #642 ) ;
#422 = DIRECTION ( 'NONE',  ( 0.000000000000000000, 0.000000000000000000, -1.000000000000000000 ) ) ;
#423 = CARTESIAN_POINT ( 'NONE',  ( 86.45566346310296524, 0.000000000000000000, -37.92448499199284839 ) ) ;
#424 = EDGE_CURVE ( 'NONE', #1219, #425, #1091, .T. ) ;
#425 = VERTEX_POINT ( 'NONE', #933 ) ;
#426 = ORIENTED_EDGE ( 'NONE', *, *, #34, .T. ) ;
#427 = VECTOR ( 'NONE', #902, 1000.000000000000000 ) ;
#428 = DIRECTION ( 'NONE',  ( 1.000000000000000000, 0.000000000000000000, 0.000000000000000000 ) ) ;
#429 = AXIS2_PLACEMENT_3D ( 'NONE', #1445, #601, #265 ) ;
#430 = CARTESIAN_POINT ( 'NONE',  ( 50.45566346310296524, 0.000000000000000000, -76.92448499199285550 ) ) ;
#431 = CARTESIAN_POINT ( 'NONE',  ( -86.45566346310296524, 0.000000000000000000, -40.92448499199284839 ) ) ;
#432 = VERTEX_POINT ( 'NONE', #1407 ) ;
#433 = AXIS2_PLACEMENT_3D ( 'NONE', #273, #515, #1202 ) ;
#434 = EDGE_CURVE ( 'NONE', #1183, #373, #1277, .T. ) ;
#435 = EDGE_LOOP ( 'NONE', ( #1107, #1347 ) ) ;
#436 = DIRECTION ( 'NONE',  ( 0.000000000000000000, -1.000000000000000000, 0.000000000000000000 ) ) ;
#437 = DIRECTION ( 'NONE',  ( -0.000000000000000000, -0.000000000000000000, -1.000000000000000000 ) ) ;
#438 = DIRECTION ( 'NONE',  ( -1.000000000000000000, 0.000000000000000000, -0.000000000000000000 ) ) ;
#439 = DIRECTION ( 'NONE',  ( -1.000000000000000000, 0.000000000000000000, 0.000000000000000000 ) ) ;
#440 = ORIENTED_EDGE ( 'NONE', *, *, #1023, .T. ) ;
#441 = ORIENTED_EDGE ( 'NONE', *, *, #68, .T. ) ;
#442 = DIRECTION ( 'NONE',  ( 1.000000000000000000, -0.000000000000000000, -0.000000000000000000 ) ) ;
#443 = AXIS2_PLACEMENT_3D ( 'NONE', #795, #237, #95 ) ;
#444 = EDGE_CURVE ( 'NONE', #1227, #1254, #354, .T. ) ;
#445 = LINE ( 'NONE', #918, #460 ) ;
#446 = FACE_OUTER_BOUND ( 'NONE', #208, .T. ) ;
#447 = APPLICATION_PROTOCOL_DEFINITION ( 'international standard', 'config_control_design', 1994, #304 ) ;
#448 = EDGE_LOOP ( 'NONE', ( #401, #65, #1477, #777 ) ) ;
#449 = ORIENTED_EDGE ( 'NONE', *, *, #573, .T. ) ;
#450 = CARTESIAN_POINT ( 'NONE',  ( -86.45566346310296524, 40.00000000000000000, -40.92448499199284839 ) ) ;
#451 = PRODUCT_DEFINITION_SHAPE ( 'NONE', 'NONE',  #608 ) ;
#452 = VECTOR ( 'NONE', #763, 1000.000000000000000 ) ;
#453 = EDGE_CURVE ( 'NONE', #175, #254, #833, .T. ) ;
#454 = DIRECTION ( 'NONE',  ( 0.000000000000000000, 0.000000000000000000, 1.000000000000000000 ) ) ;
#455 = CYLINDRICAL_SURFACE ( 'NONE', #1006, 1.499999999999994449 ) ;
#456 = ORIENTED_EDGE ( 'NONE', *, *, #1508, .T. ) ;
#457 = ORIENTED_EDGE ( 'NONE', *, *, #626, .F. ) ;
#458 = DIRECTION ( 'NONE',  ( 0.000000000000000000, -3.469446951953614189E-16, -1.000000000000000000 ) ) ;
#459 = DIRECTION ( 'NONE',  ( 0.000000000000000000, 1.000000000000000000, -0.000000000000000000 ) ) ;
#460 = VECTOR ( 'NONE', #1389, 1000.000000000000000 ) ;
#461 = CARTESIAN_POINT ( 'NONE',  ( -50.45566346310296524, 70.00000000000000000, -77.50000000000001421 ) ) ;
#462 = EDGE_CURVE ( 'NONE', #80, #1128, #703, .T. ) ;
#463 = CARTESIAN_POINT ( 'NONE',  ( -90.45566346310295103, 70.00000000000000000, 79.42448499199282708 ) ) ;
#464 = EDGE_CURVE ( 'NONE', #175, #568, #113, .T. ) ;
#465 = EDGE_LOOP ( 'NONE', ( #586, #1098, #327, #968 ) ) ;
#466 = CARTESIAN_POINT ( 'NONE',  ( 61.38447187191169263, 25.00000000000000000, 44.42448499199282708 ) ) ;
#467 = FACE_BOUND ( 'NONE', #881, .T. ) ;
#468 = CARTESIAN_POINT ( 'NONE',  ( 82.00000000000000000, 70.00000000000000000, 72.00000000000000000 ) ) ;
#469 = CYLINDRICAL_SURFACE ( 'NONE', #1494, 1.500000000000001332 ) ;
#470 = FACE_BOUND ( 'NONE', #1181, .T. ) ;
#471 = VERTEX_POINT ( 'NONE', #566 ) ;
#472 = ADVANCED_FACE ( 'NONE', ( #1047 ), #455, .F. ) ;
#473 = DIRECTION ( 'NONE',  ( 1.000000000000000000, 0.000000000000000000, 0.000000000000000000 ) ) ;
#474 = CYLINDRICAL_SURFACE ( 'NONE', #621, 1.499999999999994449 ) ;
#475 = DIRECTION ( 'NONE',  ( 0.000000000000000000, 0.000000000000000000, 1.000000000000000000 ) ) ;
#476 = CIRCLE ( 'NONE', #203, 1.500000000000001332 ) ;
#477 = CYLINDRICAL_SURFACE ( 'NONE', #443, 1.500000000000001332 ) ;
#478 = PLANE ( 'NONE',  #949 ) ;
#479 = ORIENTED_EDGE ( 'NONE', *, *, #264, .T. ) ;
#480 = VECTOR ( 'NONE', #220, 1000.000000000000000 ) ;
#481 = PLANE ( 'NONE',  #1116 ) ;
#482 = ORIENTED_EDGE ( 'NONE', *, *, #287, .T. ) ;
#483 = CARTESIAN_POINT ( 'NONE',  ( 50.45566346310296524, 70.00000000000000000, -75.42448499199285550 ) ) ;
#484 = APPROVAL_PERSON_ORGANIZATION ( #252, #1421, #718 ) ;
#485 = DIRECTION ( 'NONE',  ( -1.000000000000000000, 0.000000000000000000, 0.000000000000000000 ) ) ;
#486 = DATE_AND_TIME ( #11, #1082 ) ;
#487 = VECTOR ( 'NONE', #1046, 1000.000000000000000 ) ;
#488 = ORIENTED_EDGE ( 'NONE', *, *, #174, .F. ) ;
#489 = DIRECTION ( 'NONE',  ( -0.000000000000000000, 1.000000000000000000, -0.000000000000000000 ) ) ;
#490 = DIRECTION ( 'NONE',  ( 0.000000000000000000, 1.000000000000000000, 0.000000000000000000 ) ) ;
#491 = ADVANCED_FACE ( 'NONE', ( #1529 ), #469, .F. ) ;
#492 = DIRECTION ( 'NONE',  ( 0.000000000000000000, 0.000000000000000000, -1.000000000000000000 ) ) ;
#493 = PERSON_AND_ORGANIZATION ( #144, #507 ) ;
#494 = VERTEX_POINT ( 'NONE', #1201 ) ;
#495 = CARTESIAN_POINT ( 'NONE',  ( 82.00000000000000000, 25.00000000000000355, 24.42448499199282352 ) ) ;
#496 = DIRECTION ( 'NONE',  ( 0.000000000000000000, 1.000000000000000000, 0.000000000000000000 ) ) ;
#497 = CARTESIAN_POINT ( 'NONE',  ( 90.45566346310296524, 70.00000000000000000, 79.42448499199282708 ) ) ;
#498 = APPROVAL ( #281, 'æœª' ) ;
#499 = ORIENTED_EDGE ( 'NONE', *, *, #797, .T. ) ;
#501 = AXIS2_PLACEMENT_3D ( 'NONE', #189, #324, #438 ) ;
#500 = VECTOR ( 'NONE', #1321, 1000.000000000000000 ) ;
#502 = DIRECTION ( 'NONE',  ( -0.000000000000000000, 1.000000000000000000, -0.000000000000000000 ) ) ;
#503 = CIRCLE ( 'NONE', #1298, 1.500000000000001332 ) ;
#504 = EDGE_LOOP ( 'NONE', ( #813, #192, #605, #790 ) ) ;
#505 = DIRECTION ( 'NONE',  ( 1.000000000000000000, -0.000000000000000000, -0.000000000000000000 ) ) ;
#506 = CARTESIAN_POINT ( 'NONE',  ( -50.45566346310296524, 0.000000000000000000, 73.92448499199281287 ) ) ;
#507 = ORGANIZATION ( 'æœª', 'æœª', '' ) ;
#508 = APPROVAL_STATUS ( 'not_yet_approved' ) ;
#509 = DIRECTION ( 'NONE',  ( 0.000000000000000000, 1.734723475976807094E-16, -1.000000000000000000 ) ) ;
#510 = EDGE_CURVE ( 'NONE', #320, #994, #836, .T. ) ;
#511 = ORIENTED_EDGE ( 'NONE', *, *, #287, .F. ) ;
#512 = ORIENTED_EDGE ( 'NONE', *, *, #899, .F. ) ;
#513 = VECTOR ( 'NONE', #574, 1000.000000000000000 ) ;
#514 = DIRECTION ( 'NONE',  ( 0.000000000000000000, -0.000000000000000000, 1.000000000000000000 ) ) ;
#515 = DIRECTION ( 'NONE',  ( 0.000000000000000000, 0.000000000000000000, 1.000000000000000000 ) ) ;
#516 = CIRCLE ( 'NONE', #337, 1.499999999999994449 ) ;
#517 = DIRECTION ( 'NONE',  ( -0.000000000000000000, 1.000000000000000000, -0.000000000000000000 ) ) ;
#518 = EDGE_LOOP ( 'NONE', ( #499, #1499, #920, #534 ) ) ;
#519 = VERTEX_POINT ( 'NONE', #1094 ) ;
#520 = EDGE_CURVE ( 'NONE', #1297, #1245, #1078, .T. ) ;
#521 = FACE_OUTER_BOUND ( 'NONE', #1295, .T. ) ;
#522 = FACE_OUTER_BOUND ( 'NONE', #1096, .T. ) ;
#523 = ORIENTED_EDGE ( 'NONE', *, *, #746, .T. ) ;
#524 = EDGE_LOOP ( 'NONE', ( #1115, #858, #874, #744 ) ) ;
#525 = AXIS2_PLACEMENT_3D ( 'NONE', #1306, #249, #1182 ) ;
#526 = VECTOR ( 'NONE', #428, 1000.000000000000000 ) ;
#527 = EDGE_CURVE ( 'NONE', #139, #1183, #985, .T. ) ;
#528 = CARTESIAN_POINT ( 'NONE',  ( -86.45566346310296524, 0.000000000000000000, -39.42448499199284839 ) ) ;
#529 = EDGE_CURVE ( 'NONE', #1362, #72, #1427, .T. ) ;
#530 = CARTESIAN_POINT ( 'NONE',  ( -82.00000000000000000, 70.00000000000000000, -72.00000000000001421 ) ) ;
#531 = CARTESIAN_POINT ( 'NONE',  ( 10.45566346310296346, 5.000000000000004441, -72.00000000000001421 ) ) ;
#532 = ORIENTED_EDGE ( 'NONE', *, *, #174, .T. ) ;
#533 = ORIENTED_EDGE ( 'NONE', *, *, #862, .F. ) ;
#534 = ORIENTED_EDGE ( 'NONE', *, *, #563, .T. ) ;
#535 = CARTESIAN_POINT ( 'NONE',  ( -86.45566346310296524, 0.000000000000000000, -40.92448499199284839 ) ) ;
#536 = EDGE_CURVE ( 'NONE', #765, #1409, #550, .T. ) ;
#537 = CARTESIAN_POINT ( 'NONE',  ( 90.45566346310296524, 30.00000000000000355, 44.42448499199282708 ) ) ;
#538 = DIRECTION ( 'NONE',  ( 1.000000000000000000, 0.000000000000000000, 0.000000000000000000 ) ) ;
#539 = ORIENTED_EDGE ( 'NONE', *, *, #1195, .T. ) ;
#540 = ORIENTED_EDGE ( 'NONE', *, *, #1350, .F. ) ;
#541 = CARTESIAN_POINT ( 'NONE',  ( -50.45566346310296524, 0.000000000000000000, 75.42448499199282708 ) ) ;
#542 = CYLINDRICAL_SURFACE ( 'NONE', #227, 1.500000000000001332 ) ;
#543 = FACE_OUTER_BOUND ( 'NONE', #518, .T. ) ;
#544 = ORIENTED_EDGE ( 'NONE', *, *, #563, .F. ) ;
#545 = ORIENTED_EDGE ( 'NONE', *, *, #1400, .T. ) ;
#547 = VECTOR ( 'NONE', #1264, 1000.000000000000000 ) ;
#546 = AXIS2_PLACEMENT_3D ( 'NONE', #911, #1412, #194 ) ;
#548 = LINE ( 'NONE', #1403, #1173 ) ;
#549 = VECTOR ( 'NONE', #764, 1000.000000000000000 ) ;
#550 = LINE ( 'NONE', #747, #676 ) ;
#551 = VECTOR ( 'NONE', #984, 1000.000000000000000 ) ;
#552 = DIRECTION ( 'NONE',  ( 0.000000000000000000, 1.000000000000000000, 0.000000000000000000 ) ) ;
#553 = LINE ( 'NONE', #63, #901 ) ;
#554 = ORIENTED_EDGE ( 'NONE', *, *, #1223, .T. ) ;
#555 = ADVANCED_FACE ( 'NONE', ( #903, #316, #780, #1144, #1231, #160, #632, #1118, #47, #1466 ), #754, .T. ) ;
#556 = ORIENTED_EDGE ( 'NONE', *, *, #794, .F. ) ;
#557 = FACE_OUTER_BOUND ( 'NONE', #732, .T. ) ;
#558 = CARTESIAN_POINT ( 'NONE',  ( -61.38447187191169263, 35.00000000000000000, -39.42448499199285550 ) ) ;
#559 = LINE ( 'NONE', #919, #975 ) ;
#560 = LINE ( 'NONE', #206, #549 ) ;
#561 = VERTEX_POINT ( 'NONE', #1038 ) ;
#562 = DIRECTION ( 'NONE',  ( 0.000000000000000000, -0.000000000000000000, 1.000000000000000000 ) ) ;
#563 = EDGE_CURVE ( 'NONE', #998, #1346, #1031, .T. ) ;
#564 = DIRECTION ( 'NONE',  ( 0.000000000000000000, 0.000000000000000000, -1.000000000000000000 ) ) ;
#565 = CARTESIAN_POINT ( 'NONE',  ( 82.00000000000000000, 0.000000000000000000, -72.00000000000001421 ) ) ;
#566 = CARTESIAN_POINT ( 'NONE',  ( -86.45566346310296524, 70.00000000000000000, -40.92448499199284839 ) ) ;
#567 = DIRECTION ( 'NONE',  ( 0.000000000000000000, 0.000000000000000000, -1.000000000000000000 ) ) ;
#568 = VERTEX_POINT ( 'NONE', #1178 ) ;
#569 = ORIENTED_EDGE ( 'NONE', *, *, #1388, .T. ) ;
#570 = PLANE ( 'NONE',  #128 ) ;
#572 = AXIS2_PLACEMENT_3D ( 'NONE', #1258, #1139, #905 ) ;
#571 = VECTOR ( 'NONE', #1468, 1000.000000000000000 ) ;
#573 = EDGE_CURVE ( 'NONE', #1072, #390, #211, .T. ) ;
#574 = DIRECTION ( 'NONE',  ( 1.000000000000000000, -0.000000000000000000, -0.000000000000000000 ) ) ;
#575 = VECTOR ( 'NONE', #1505, 1000.000000000000000 ) ;
#576 = DIRECTION ( 'NONE',  ( -0.000000000000000000, -1.000000000000000000, -0.000000000000000000 ) ) ;
#577 = DIRECTION ( 'NONE',  ( -1.000000000000000000, 0.000000000000000000, 0.000000000000000000 ) ) ;
#578 = VERTEX_POINT ( 'NONE', #1153 ) ;
#579 = DIRECTION ( 'NONE',  ( 0.000000000000000000, 0.000000000000000000, -1.000000000000000000 ) ) ;
#580 = DIRECTION ( 'NONE',  ( 3.031070872825611350E-32, -1.000000000000000000, 3.469446951953614189E-16 ) ) ;
#581 = CARTESIAN_POINT ( 'NONE',  ( -82.00000000000000000, 40.00000000000000000, -59.42448499199285550 ) ) ;
#582 = EDGE_CURVE ( 'NONE', #1183, #45, #818, .T. ) ;
#583 = AXIS2_PLACEMENT_3D ( 'NONE', #932, #351, #84 ) ;
#584 = DIRECTION ( 'NONE',  ( 0.000000000000000000, 0.000000000000000000, 1.000000000000000000 ) ) ;
#585 = LINE ( 'NONE', #796, #277 ) ;
#586 = ORIENTED_EDGE ( 'NONE', *, *, #245, .F. ) ;
#587 = ORIENTED_EDGE ( 'NONE', *, *, #279, .T. ) ;
#588 = CARTESIAN_POINT ( 'NONE',  ( -90.45566346310295103, 0.000000000000000000, 79.42448499199282708 ) ) ;
#589 = FACE_OUTER_BOUND ( 'NONE', #799, .T. ) ;
#590 = PLANE ( 'NONE',  #372 ) ;
#591 = DIRECTION ( 'NONE',  ( -0.000000000000000000, -1.000000000000000000, -0.000000000000000000 ) ) ;
#592 = CC_DESIGN_DATE_AND_TIME_ASSIGNMENT ( #486, #724, ( #983 ) ) ;
#593 = ORIENTED_EDGE ( 'NONE', *, *, #996, .F. ) ;
#594 = ORIENTED_EDGE ( 'NONE', *, *, #348, .T. ) ;
#595 = EDGE_LOOP ( 'NONE', ( #593, #380, #191, #876 ) ) ;
#596 = DIRECTION ( 'NONE',  ( -0.000000000000000000, 1.000000000000000000, -0.000000000000000000 ) ) ;
#597 = LINE ( 'NONE', #1077, #1382 ) ;
#598 = CIRCLE ( 'NONE', #1465, 1.500000000000001332 ) ;
#599 = ORIENTED_EDGE ( 'NONE', *, *, #1244, .F. ) ;
#600 = DIRECTION ( 'NONE',  ( 0.000000000000000000, 1.000000000000000000, 0.000000000000000000 ) ) ;
#601 = DIRECTION ( 'NONE',  ( 0.000000000000000000, 1.000000000000000000, 0.000000000000000000 ) ) ;
#602 = CARTESIAN_POINT ( 'NONE',  ( 82.00000000000000000, 30.00000000000000711, 24.42448499199282352 ) ) ;
#603 = CALENDAR_DATE ( 2026, 6, 5 ) ;
#604 = CIRCLE ( 'NONE', #41, 1.499999999999994449 ) ;
#605 = ORIENTED_EDGE ( 'NONE', *, *, #926, .F. ) ;
#606 = CARTESIAN_POINT ( 'NONE',  ( -82.00000000000000000, 70.00000000000000000, -72.00000000000001421 ) ) ;
#607 = CARTESIAN_POINT ( 'NONE',  ( 86.45566346310296524, 70.00000000000000000, -39.42448499199284129 ) ) ;
#608 = PRODUCT_DEFINITION ( 'æœ', '', #110, #1039 ) ;
#609 = DIRECTION ( 'NONE',  ( -0.000000000000000000, 1.000000000000000000, -0.000000000000000000 ) ) ;
#610 = ORIENTED_EDGE ( 'NONE', *, *, #1510, .F. ) ;
#611 = CARTESIAN_POINT ( 'NONE',  ( -86.45566346310296524, 0.000000000000000000, 37.92448499199281997 ) ) ;
#612 = ORIENTED_EDGE ( 'NONE', *, *, #908, .T. ) ;
#613 = CARTESIAN_POINT ( 'NONE',  ( 86.45566346310296524, 0.000000000000000000, 37.92448499199282708 ) ) ;
#614 = ADVANCED_FACE ( 'NONE', ( #202 ), #218, .F. ) ;
#615 = DIRECTION ( 'NONE',  ( 8.736466978170234365E-17, -0.000000000000000000, 1.000000000000000000 ) ) ;
#616 = ADVANCED_FACE ( 'NONE', ( #925 ), #343, .F. ) ;
#617 = SECURITY_CLASSIFICATION_LEVEL ( 'unclassified' ) ;
#619 = VECTOR ( 'NONE', #1435, 1000.000000000000000 ) ;
#618 = AXIS2_PLACEMENT_3D ( 'NONE', #259, #490, #376 ) ;
#620 = CARTESIAN_POINT ( 'NONE',  ( 82.00000000000000000, 0.000000000000000000, -72.00000000000001421 ) ) ;
#621 = AXIS2_PLACEMENT_3D ( 'NONE', #946, #596, #957 ) ;
#622 = ORIENTED_EDGE ( 'NONE', *, *, #154, .T. ) ;
#623 = ORIENTED_EDGE ( 'NONE', *, *, #1432, .F. ) ;
#624 = DIRECTION ( 'NONE',  ( -0.000000000000000000, 1.000000000000000000, -0.000000000000000000 ) ) ;
#625 = EDGE_CURVE ( 'NONE', #1059, #636, #1396, .T. ) ;
#626 = EDGE_CURVE ( 'NONE', #1353, #1451, #604, .T. ) ;
#627 = EDGE_LOOP ( 'NONE', ( #1019, #1429, #172, #1531 ) ) ;
#628 = DIRECTION ( 'NONE',  ( -0.000000000000000000, 3.469446951953614189E-16, 1.000000000000000000 ) ) ;
#629 = ORIENTED_EDGE ( 'NONE', *, *, #1289, .T. ) ;
#630 = VERTEX_POINT ( 'NONE', #1528 ) ;
#631 = LINE ( 'NONE', #1123, #1199 ) ;
#632 = FACE_BOUND ( 'NONE', #653, .T. ) ;
#633 = CARTESIAN_POINT ( 'NONE',  ( 50.45566346310297234, 0.000000000000000000, 73.92448499199281287 ) ) ;
#634 = VECTOR ( 'NONE', #950, 1000.000000000000000 ) ;
#635 = ORIENTED_EDGE ( 'NONE', *, *, #683, .T. ) ;
#636 = VERTEX_POINT ( 'NONE', #329 ) ;
#637 = DIRECTION ( 'NONE',  ( -0.000000000000000000, -1.000000000000000000, -0.000000000000000000 ) ) ;
#638 = DIRECTION ( 'NONE',  ( -0.000000000000000000, 1.000000000000000000, -0.000000000000000000 ) ) ;
#639 = FACE_OUTER_BOUND ( 'NONE', #1042, .T. ) ;
#640 = ORIENTED_EDGE ( 'NONE', *, *, #379, .T. ) ;
#641 = ORIENTED_EDGE ( 'NONE', *, *, #769, .F. ) ;
#643 = AXIS2_PLACEMENT_3D ( 'NONE', #164, #181, #656 ) ;
#642 = VECTOR ( 'NONE', #637, 1000.000000000000000 ) ;
#644 = EDGE_LOOP ( 'NONE', ( #1470, #56 ) ) ;
#645 = CIRCLE ( 'NONE', #816, 1.499999999999994449 ) ;
#646 = EDGE_CURVE ( 'NONE', #636, #1150, #912, .T. ) ;
#647 = DIRECTION ( 'NONE',  ( 1.000000000000000000, 0.000000000000000000, -8.736466978170234365E-17 ) ) ;
#648 = ORIENTED_EDGE ( 'NONE', *, *, #894, .T. ) ;
#649 = DIRECTION ( 'NONE',  ( -0.000000000000000000, 1.000000000000000000, -0.000000000000000000 ) ) ;
#650 = LINE ( 'NONE', #431, #308 ) ;
#651 = VECTOR ( 'NONE', #1425, 1000.000000000000000 ) ;
#652 = ORIENTED_EDGE ( 'NONE', *, *, #625, .T. ) ;
#653 = EDGE_LOOP ( 'NONE', ( #1333, #1049 ) ) ;
#654 = EDGE_CURVE ( 'NONE', #1188, #1136, #793, .T. ) ;
#655 = CARTESIAN_POINT ( 'NONE',  ( -82.00000000000000000, 0.000000000000000000, -72.00000000000001421 ) ) ;
#656 = DIRECTION ( 'NONE',  ( 0.000000000000000000, 0.000000000000000000, 1.000000000000000000 ) ) ;
#657 = LINE ( 'NONE', #789, #152 ) ;
#658 = ORIENTED_EDGE ( 'NONE', *, *, #520, .T. ) ;
#659 = ORIENTED_EDGE ( 'NONE', *, *, #794, .T. ) ;
#660 = FACE_BOUND ( 'NONE', #1027, .T. ) ;
#661 = EDGE_CURVE ( 'NONE', #166, #1120, #1055, .T. ) ;
#662 = PLANE ( 'NONE',  #1444 ) ;
#663 = DIRECTION ( 'NONE',  ( 1.000000000000000000, -0.000000000000000000, -0.000000000000000000 ) ) ;
#664 = VERTEX_POINT ( 'NONE', #112 ) ;
#665 = ORIENTED_EDGE ( 'NONE', *, *, #196, .F. ) ;
#666 = AXIS2_PLACEMENT_3D ( 'NONE', #1159, #359, #1075 ) ;
#667 = CARTESIAN_POINT ( 'NONE',  ( 86.45566346310296524, 0.000000000000000000, 39.42448499199282708 ) ) ;
#668 = DIRECTION ( 'NONE',  ( 0.000000000000000000, 1.000000000000000000, 0.000000000000000000 ) ) ;
#669 = CARTESIAN_POINT ( 'NONE',  ( 86.45566346310296524, 0.000000000000000000, 40.92448499199281997 ) ) ;
#670 = CARTESIAN_POINT ( 'NONE',  ( 50.45566346310297234, 0.000000000000000000, 75.42448499199282708 ) ) ;
#671 = EDGE_CURVE ( 'NONE', #1120, #471, #188, .T. ) ;
#672 = ORIENTED_EDGE ( 'NONE', *, *, #626, .T. ) ;
#673 =( GEOMETRIC_REPRESENTATION_CONTEXT ( 3 ) GLOBAL_UNCERTAINTY_ASSIGNED_CONTEXT ( ( #163 ) ) GLOBAL_UNIT_ASSIGNED_CONTEXT ( ( #246, #1408, #238 ) ) REPRESENTATION_CONTEXT ( 'NONE', 'WORKASPACE' ) );
#674 = EDGE_LOOP ( 'NONE', ( #612, #1252 ) ) ;
#675 = CARTESIAN_POINT ( 'NONE',  ( 86.45566346310296524, 70.00000000000000000, 40.92448499199281997 ) ) ;
#676 = VECTOR ( 'NONE', #67, 1000.000000000000000 ) ;
#677 = DIRECTION ( 'NONE',  ( 0.000000000000000000, -1.000000000000000000, 0.000000000000000000 ) ) ;
#678 = DIRECTION ( 'NONE',  ( 0.000000000000000000, -1.000000000000000000, 0.000000000000000000 ) ) ;
#679 = LINE ( 'NONE', #363, #480 ) ;
#680 = ORIENTED_EDGE ( 'NONE', *, *, #1175, .F. ) ;
#681 = CC_DESIGN_PERSON_AND_ORGANIZATION_ASSIGNMENT ( #737, #19, ( #983 ) ) ;
#682 = EDGE_LOOP ( 'NONE', ( #419, #610 ) ) ;
#683 = EDGE_CURVE ( 'NONE', #340, #1128, #93, .T. ) ;
#684 = FACE_BOUND ( 'NONE', #725, .T. ) ;
#685 = DIRECTION ( 'NONE',  ( -0.000000000000000000, 1.000000000000000000, -0.000000000000000000 ) ) ;
#686 = CARTESIAN_POINT ( 'NONE',  ( -82.00000000000000000, 0.000000000000000000, -72.00000000000001421 ) ) ;
#687 = DIRECTION ( 'NONE',  ( -0.000000000000000000, -0.000000000000000000, -1.000000000000000000 ) ) ;
#688 = ORIENTED_EDGE ( 'NONE', *, *, #573, .F. ) ;
#689 = CARTESIAN_POINT ( 'NONE',  ( 86.45566346310296524, 25.00000000000000000, 39.42448499199282708 ) ) ;
#690 = CARTESIAN_POINT ( 'NONE',  ( -90.45566346310296524, 0.000000000000000000, -79.42448499199285550 ) ) ;
#691 = EDGE_CURVE ( 'NONE', #81, #942, #1301, .T. ) ;
#692 = AXIS2_PLACEMENT_3D ( 'NONE', #840, #825, #233 ) ;
#693 = CARTESIAN_POINT ( 'NONE',  ( 82.00000000000000000, 25.00000000000000000, 44.42448499199282708 ) ) ;
#694 = VECTOR ( 'NONE', #55, 1000.000000000000000 ) ;
#695 = DIRECTION ( 'NONE',  ( -1.000000000000000000, -0.000000000000000000, 8.736466978170234365E-17 ) ) ;
#696 = DIRECTION ( 'NONE',  ( 0.000000000000000000, 0.000000000000000000, 1.000000000000000000 ) ) ;
#697 = ORIENTED_EDGE ( 'NONE', *, *, #835, .T. ) ;
#698 = CARTESIAN_POINT ( 'NONE',  ( 10.45566346310296346, 65.00000000000000000, -72.00000000000001421 ) ) ;
#699 = LOCAL_TIME ( 14, 24, 38.00000000000000000, #378 ) ;
#700 = CARTESIAN_POINT ( 'NONE',  ( -82.00000000000000000, 34.99999999999999289, -59.42448499199286260 ) ) ;
#701 = EDGE_CURVE ( 'NONE', #1218, #81, #702, .T. ) ;
#702 = LINE ( 'NONE', #1291, #1161 ) ;
#703 = LINE ( 'NONE', #85, #168 ) ;
#704 = DIRECTION ( 'NONE',  ( 1.000000000000000000, 0.000000000000000000, -8.736466978170234365E-17 ) ) ;
#705 = ORIENTED_EDGE ( 'NONE', *, *, #348, .F. ) ;
#706 = CARTESIAN_POINT ( 'NONE',  ( 50.45566346310297234, 0.000000000000000000, 75.42448499199282708 ) ) ;
#707 = DIRECTION ( 'NONE',  ( 0.000000000000000000, 1.000000000000000000, 0.000000000000000000 ) ) ;
#708 = CARTESIAN_POINT ( 'NONE',  ( 61.38447187191169263, 25.00000000000000355, 24.42448499199282352 ) ) ;
#709 = EDGE_CURVE ( 'NONE', #519, #1461, #1185, .T. ) ;
#710 = VERTEX_POINT ( 'NONE', #1381 ) ;
#711 = CIRCLE ( 'NONE', #970, 1.500000000000001332 ) ;
#712 = ORIENTED_EDGE ( 'NONE', *, *, #826, .T. ) ;
#713 = FACE_OUTER_BOUND ( 'NONE', #595, .T. ) ;
#714 = PLANE ( 'NONE',  #1076 ) ;
#715 = VECTOR ( 'NONE', #395, 1000.000000000000000 ) ;
#716 = AXIS2_PLACEMENT_3D ( 'NONE', #109, #436, #92 ) ;
#717 = DIRECTION ( 'NONE',  ( 0.000000000000000000, -1.000000000000000000, -1.387778780781444492E-15 ) ) ;
#718 = APPROVAL_ROLE ( '' ) ;
#719 = EDGE_LOOP ( 'NONE', ( #866, #20, #1018, #3 ) ) ;
#720 = EDGE_CURVE ( 'NONE', #1067, #80, #516, .T. ) ;
#721 = DIRECTION ( 'NONE',  ( -0.000000000000000000, 1.000000000000000000, -0.000000000000000000 ) ) ;
#722 = DIRECTION ( 'NONE',  ( -0.000000000000000000, -0.000000000000000000, -1.000000000000000000 ) ) ;
#723 = DIRECTION ( 'NONE',  ( 0.000000000000000000, 0.000000000000000000, -1.000000000000000000 ) ) ;
#724 = DATE_TIME_ROLE ( 'classification_date' ) ;
#725 = EDGE_LOOP ( 'NONE', ( #743, #811 ) ) ;
#726 = EDGE_LOOP ( 'NONE', ( #1058, #544, #1114, #1127 ) ) ;
#727 = LINE ( 'NONE', #1338, #619 ) ;
#728 = CARTESIAN_POINT ( 'NONE',  ( 10.45566346310296346, 65.00000000000000000, -72.00000000000001421 ) ) ;
#729 = EDGE_CURVE ( 'NONE', #1150, #994, #445, .T. ) ;
#730 = LINE ( 'NONE', #497, #1030 ) ;
#731 = CARTESIAN_POINT ( 'NONE',  ( -84.95566346310296524, 40.00000000000000000, -39.42448499199285550 ) ) ;
#732 = EDGE_LOOP ( 'NONE', ( #284, #943, #640, #1211 ) ) ;
#733 = ORIENTED_EDGE ( 'NONE', *, *, #1186, .T. ) ;
#734 = ADVANCED_FACE ( 'NONE', ( #386, #973 ), #33, .F. ) ;
#735 = PLANE ( 'NONE',  #1378 ) ;
#736 = DIRECTION ( 'NONE',  ( 0.000000000000000000, 0.000000000000000000, -1.000000000000000000 ) ) ;
#737 = PERSON_AND_ORGANIZATION ( #144, #507 ) ;
#738 = ORIENTED_EDGE ( 'NONE', *, *, #1380, .F. ) ;
#740 = AXIS2_PLACEMENT_3D ( 'NONE', #1383, #877, #1351 ) ;
#739 = AXIS2_PLACEMENT_3D ( 'NONE', #607, #707, #250 ) ;
#741 = CARTESIAN_POINT ( 'NONE',  ( -86.45566346310296524, 0.000000000000000000, 40.92448499199281287 ) ) ;
#742 = AXIS2_PLACEMENT_3D ( 'NONE', #2, #704, #951 ) ;
#743 = ORIENTED_EDGE ( 'NONE', *, *, #966, .F. ) ;
#744 = ORIENTED_EDGE ( 'NONE', *, *, #165, .F. ) ;
#745 = FACE_OUTER_BOUND ( 'NONE', #300, .T. ) ;
#746 = EDGE_CURVE ( 'NONE', #1498, #1072, #854, .T. ) ;
#747 = CARTESIAN_POINT ( 'NONE',  ( 50.45566346310297234, 0.000000000000000000, 76.92448499199282708 ) ) ;
#748 = DATE_AND_TIME ( #1105, #36 ) ;
#749 = DIRECTION ( 'NONE',  ( 0.000000000000000000, 0.000000000000000000, 1.000000000000000000 ) ) ;
#750 = ORIENTED_EDGE ( 'NONE', *, *, #862, .T. ) ;
#751 = ORIENTED_EDGE ( 'NONE', *, *, #403, .T. ) ;
#752 = AXIS2_PLACEMENT_3D ( 'NONE', #1312, #108, #579 ) ;
#753 = CARTESIAN_POINT ( 'NONE',  ( -82.00000000000000000, 0.000000000000000000, 72.00000000000000000 ) ) ;
#754 = PLANE ( 'NONE',  #364 ) ;
#755 = CARTESIAN_POINT ( 'NONE',  ( 90.45566346310296524, 70.00000000000000000, 79.42448499199282708 ) ) ;
#756 = AXIS2_PLACEMENT_3D ( 'NONE', #1504, #1063, #1155 ) ;
#757 = DIRECTION ( 'NONE',  ( 0.000000000000000000, 1.000000000000000000, 0.000000000000000000 ) ) ;
#758 = EDGE_CURVE ( 'NONE', #1254, #5, #1329, .T. ) ;
#759 = ORIENTED_EDGE ( 'NONE', *, *, #100, .F. ) ;
#760 = ORIENTED_EDGE ( 'NONE', *, *, #805, .T. ) ;
#761 = ORIENTED_EDGE ( 'NONE', *, *, #1195, .F. ) ;
#762 = DIRECTION ( 'NONE',  ( 0.000000000000000000, 0.000000000000000000, 1.000000000000000000 ) ) ;
#763 = DIRECTION ( 'NONE',  ( -0.000000000000000000, 1.000000000000000000, -0.000000000000000000 ) ) ;
#764 = DIRECTION ( 'NONE',  ( -1.000000000000000000, -0.000000000000000000, -0.000000000000000000 ) ) ;
#765 = VERTEX_POINT ( 'NONE', #24 ) ;
#766 = EDGE_LOOP ( 'NONE', ( #1506, #1417 ) ) ;
#768 = VECTOR ( 'NONE', #205, 1000.000000000000000 ) ;
#767 = CIRCLE ( 'NONE', #842, 1.499999999999994449 ) ;
#769 = EDGE_CURVE ( 'NONE', #1165, #494, #730, .T. ) ;
#770 = ORIENTED_EDGE ( 'NONE', *, *, #1023, .F. ) ;
#771 = AXIS2_PLACEMENT_3D ( 'NONE', #15, #140, #963 ) ;
#772 = DIRECTION ( 'NONE',  ( 0.000000000000000000, 1.000000000000000000, 0.000000000000000000 ) ) ;
#773 = LINE ( 'NONE', #530, #382 ) ;
#774 = DIRECTION ( 'NONE',  ( -0.000000000000000000, -0.000000000000000000, -1.000000000000000000 ) ) ;
#775 = VECTOR ( 'NONE', #18, 1000.000000000000000 ) ;
#776 = ORIENTED_EDGE ( 'NONE', *, *, #302, .T. ) ;
#777 = ORIENTED_EDGE ( 'NONE', *, *, #154, .F. ) ;
#778 = DIRECTION ( 'NONE',  ( -0.000000000000000000, 1.000000000000000000, -0.000000000000000000 ) ) ;
#779 = EDGE_CURVE ( 'NONE', #1121, #1273, #362, .T. ) ;
#780 = FACE_BOUND ( 'NONE', #1370, .T. ) ;
#781 = FACE_OUTER_BOUND ( 'NONE', #726, .T. ) ;
#782 = LINE ( 'NONE', #531, #231 ) ;
#783 = ORIENTED_EDGE ( 'NONE', *, *, #1013, .T. ) ;
#784 = ORIENTED_EDGE ( 'NONE', *, *, #899, .T. ) ;
#785 = LINE ( 'NONE', #690, #102 ) ;
#786 = EDGE_CURVE ( 'NONE', #1129, #292, #827, .T. ) ;
#787 = CARTESIAN_POINT ( 'NONE',  ( 86.45566346310296524, 0.000000000000000000, -39.42448499199284129 ) ) ;
#788 = CARTESIAN_POINT ( 'NONE',  ( -90.45566346310296524, 70.00000000000000000, -79.42448499199285550 ) ) ;
#789 = CARTESIAN_POINT ( 'NONE',  ( 61.38447187191169263, 30.00000000000000355, 44.42448499199282708 ) ) ;
#790 = ORIENTED_EDGE ( 'NONE', *, *, #16, .F. ) ;
#791 = EDGE_LOOP ( 'NONE', ( #733, #242, #1327, #1339 ) ) ;
#792 = CARTESIAN_POINT ( 'NONE',  ( -86.45566346310296524, 0.000000000000000000, 39.42448499199281997 ) ) ;
#793 = LINE ( 'NONE', #468, #513 ) ;
#794 = EDGE_CURVE ( 'NONE', #1067, #471, #1093, .T. ) ;
#795 = CARTESIAN_POINT ( 'NONE',  ( 50.45566346310296524, 0.000000000000000000, -75.42448499199285550 ) ) ;
#796 = CARTESIAN_POINT ( 'NONE',  ( 90.45566346310296524, 25.00000000000000000, 44.42448499199282708 ) ) ;
#797 = EDGE_CURVE ( 'NONE', #1346, #1228, #392, .T. ) ;
#798 = ORIENTED_EDGE ( 'NONE', *, *, #34, .F. ) ;
#799 = EDGE_LOOP ( 'NONE', ( #1385, #326, #1011, #760 ) ) ;
#800 = FACE_BOUND ( 'NONE', #979, .T. ) ;
#801 = DIRECTION ( 'NONE',  ( 0.000000000000000000, 0.000000000000000000, 1.000000000000000000 ) ) ;
#802 = DIRECTION ( 'NONE',  ( 0.000000000000000000, 1.000000000000000000, 1.734723475976807094E-16 ) ) ;
#803 = FACE_OUTER_BOUND ( 'NONE', #804, .T. ) ;
#804 = EDGE_LOOP ( 'NONE', ( #1354, #1196, #907, #299 ) ) ;
#805 = EDGE_CURVE ( 'NONE', #1409, #1355, #711, .T. ) ;
#806 = FACE_OUTER_BOUND ( 'NONE', #121, .T. ) ;
#807 = FACE_OUTER_BOUND ( 'NONE', #1317, .T. ) ;
#808 = CARTESIAN_POINT ( 'NONE',  ( -82.00000000000000000, 40.00000000000000000, -39.42448499199285550 ) ) ;
#809 = LINE ( 'NONE', #1391, #768 ) ;
#810 = CARTESIAN_POINT ( 'NONE',  ( -90.45566346310295103, 70.00000000000000000, 79.42448499199282708 ) ) ;
#811 = ORIENTED_EDGE ( 'NONE', *, *, #1213, .F. ) ;
#812 = ORIENTED_EDGE ( 'NONE', *, *, #379, .F. ) ;
#813 = ORIENTED_EDGE ( 'NONE', *, *, #1491, .T. ) ;
#814 = AXIS2_PLACEMENT_3D ( 'NONE', #466, #562, #936 ) ;
#815 = DIRECTION ( 'NONE',  ( 0.000000000000000000, 0.000000000000000000, 1.000000000000000000 ) ) ;
#817 = AXIS2_PLACEMENT_3D ( 'NONE', #1345, #600, #288 ) ;
#816 = AXIS2_PLACEMENT_3D ( 'NONE', #792, #1275, #210 ) ;
#818 = LINE ( 'NONE', #1520, #487 ) ;
#819 = AXIS2_PLACEMENT_3D ( 'NONE', #670, #914, #1259 ) ;
#820 = DIRECTION ( 'NONE',  ( 1.000000000000000000, 0.000000000000000000, -0.000000000000000000 ) ) ;
#821 = ORIENTED_EDGE ( 'NONE', *, *, #1004, .F. ) ;
#822 = ORIENTED_EDGE ( 'NONE', *, *, #1175, .T. ) ;
#823 = AXIS2_PLACEMENT_3D ( 'NONE', #96, #213, #1530 ) ;
#824 = AXIS2_PLACEMENT_3D ( 'NONE', #393, #1439, #736 ) ;
#825 = DIRECTION ( 'NONE',  ( 0.000000000000000000, 1.000000000000000000, 0.000000000000000000 ) ) ;
#826 = EDGE_CURVE ( 'NONE', #5, #216, #124, .T. ) ;
#827 = LINE ( 'NONE', #506, #953 ) ;
#828 = CARTESIAN_POINT ( 'NONE',  ( -90.45566346310295103, 40.00000000000000000, -59.42448499199285550 ) ) ;
#829 = FACE_OUTER_BOUND ( 'NONE', #791, .T. ) ;
#830 = ORIENTED_EDGE ( 'NONE', *, *, #1014, .F. ) ;
#831 = DIRECTION ( 'NONE',  ( -8.736466978170234365E-17, 1.387778780781444492E-15, -1.000000000000000000 ) ) ;
#832 = CARTESIAN_POINT ( 'NONE',  ( 82.00000000000000000, 70.00000000000000000, -72.00000000000001421 ) ) ;
#833 = CIRCLE ( 'NONE', #94, 1.499999999999994449 ) ;
#834 = DIRECTION ( 'NONE',  ( 0.000000000000000000, 0.000000000000000000, 1.000000000000000000 ) ) ;
#835 = EDGE_CURVE ( 'NONE', #158, #1420, #597, .T. ) ;
#836 = LINE ( 'NONE', #828, #855 ) ;
#837 = DATE_AND_TIME ( #960, #699 ) ;
#838 = ORIENTED_EDGE ( 'NONE', *, *, #1004, .T. ) ;
#839 = CARTESIAN_POINT ( 'NONE',  ( 86.45566346310296524, 70.00000000000000000, 39.42448499199282708 ) ) ;
#840 = CARTESIAN_POINT ( 'NONE',  ( 50.45566346310296524, 70.00000000000000000, -75.42448499199285550 ) ) ;
#841 = DIRECTION ( 'NONE',  ( 0.000000000000000000, 0.000000000000000000, 1.000000000000000000 ) ) ;
#843 = AXIS2_PLACEMENT_3D ( 'NONE', #27, #502, #1226 ) ;
#842 = AXIS2_PLACEMENT_3D ( 'NONE', #1143, #1044, #1029 ) ;
#844 = VECTOR ( 'NONE', #1426, 1000.000000000000000 ) ;
#845 = DIRECTION ( 'NONE',  ( 0.000000000000000000, 0.000000000000000000, 1.000000000000000000 ) ) ;
#846 = CC_DESIGN_PERSON_AND_ORGANIZATION_ASSIGNMENT ( #371, #131, ( #892 ) ) ;
#847 = ORIENTED_EDGE ( 'NONE', *, *, #25, .T. ) ;
#848 = ADVANCED_FACE ( 'NONE', ( #377 ), #735, .F. ) ;
#849 = DIRECTION ( 'NONE',  ( -0.000000000000000000, 1.000000000000000000, -0.000000000000000000 ) ) ;
#850 = ADVANCED_FACE ( 'NONE', ( #589 ), #260, .F. ) ;
#851 = ORIENTED_EDGE ( 'NONE', *, *, #646, .F. ) ;
#852 = ADVANCED_BREP_SHAPE_REPRESENTATION ( '\X2\51498c314eea591658f3\X0\', ( #1501, #433 ), #673 ) ;
#853 = DIRECTION ( 'NONE',  ( 0.000000000000000000, 1.000000000000000000, 0.000000000000000000 ) ) ;
#854 = LINE ( 'NONE', #602, #61 ) ;
#855 = VECTOR ( 'NONE', #717, 1000.000000000000000 ) ;
#856 = APPLICATION_PROTOCOL_DEFINITION ( 'international standard', 'config_control_design', 1994, #334 ) ;
#857 = VECTOR ( 'NONE', #1447, 1000.000000000000000 ) ;
#858 = ORIENTED_EDGE ( 'NONE', *, *, #360, .T. ) ;
#859 = DIRECTION ( 'NONE',  ( -0.000000000000000000, 1.000000000000000000, -0.000000000000000000 ) ) ;
#860 = ORIENTED_EDGE ( 'NONE', *, *, #1014, .T. ) ;
#861 = EDGE_CURVE ( 'NONE', #1218, #114, #244, .T. ) ;
#862 = EDGE_CURVE ( 'NONE', #1456, #418, #898, .T. ) ;
#863 = DIRECTION ( 'NONE',  ( 0.000000000000000000, -1.734723475976807094E-16, 1.000000000000000000 ) ) ;
#864 = APPROVAL_DATE_TIME ( #1453, #498 ) ;
#865 = CYLINDRICAL_SURFACE ( 'NONE', #843, 1.500000000000001332 ) ;
#866 = ORIENTED_EDGE ( 'NONE', *, *, #709, .T. ) ;
#867 = ORIENTED_EDGE ( 'NONE', *, *, #1256, .F. ) ;
#868 = CC_DESIGN_DATE_AND_TIME_ASSIGNMENT ( #1079, #1086, ( #608 ) ) ;
#869 = CYLINDRICAL_SURFACE ( 'NONE', #305, 1.499999999999994449 ) ;
#870 = PERSON_AND_ORGANIZATION ( #144, #507 ) ;
#871 = CIRCLE ( 'NONE', #429, 1.500000000000001332 ) ;
#872 = LINE ( 'NONE', #383, #1174 ) ;
#873 = EDGE_LOOP ( 'NONE', ( #1428, #889, #554, #952 ) ) ;
#874 = ORIENTED_EDGE ( 'NONE', *, *, #1213, .T. ) ;
#875 = LINE ( 'NONE', #1349, #427 ) ;
#876 = ORIENTED_EDGE ( 'NONE', *, *, #195, .F. ) ;
#877 = DIRECTION ( 'NONE',  ( 0.000000000000000000, -1.000000000000000000, 0.000000000000000000 ) ) ;
#878 = LINE ( 'NONE', #1126, #694 ) ;
#879 = AXIS2_PLACEMENT_3D ( 'NONE', #787, #685, #454 ) ;
#880 = ORIENTED_EDGE ( 'NONE', *, *, #1205, .T. ) ;
#881 = EDGE_LOOP ( 'NONE', ( #761, #680 ) ) ;
#882 = ORIENTED_EDGE ( 'NONE', *, *, #1334, .T. ) ;
#883 = DIRECTION ( 'NONE',  ( 0.000000000000000000, 1.000000000000000000, 0.000000000000000000 ) ) ;
#884 = ADVANCED_FACE ( 'NONE', ( #1314, #251 ), #714, .T. ) ;
#885 = CARTESIAN_POINT ( 'NONE',  ( 86.45566346310296524, 70.00000000000000000, -37.92448499199284839 ) ) ;
#886 = VECTOR ( 'NONE', #1302, 1000.000000000000000 ) ;
#887 = CARTESIAN_POINT ( 'NONE',  ( -82.00000000000000000, 40.00000000000000000, -39.42448499199285550 ) ) ;
#888 = ORIENTED_EDGE ( 'NONE', *, *, #1233, .F. ) ;
#889 = ORIENTED_EDGE ( 'NONE', *, *, #403, .F. ) ;
#890 = ORIENTED_EDGE ( 'NONE', *, *, #1510, .T. ) ;
#891 = FACE_OUTER_BOUND ( 'NONE', #291, .T. ) ;
#892 = PRODUCT ( '\X2\51498c314eea591658f3\X0\', '\X2\51498c314eea591658f3\X0\', '', ( #1215 ) ) ;
#893 = AXIS2_PLACEMENT_3D ( 'NONE', #1081, #489, #1210 ) ;
#894 = EDGE_CURVE ( 'NONE', #1307, #765, #476, .T. ) ;
#895 = CARTESIAN_POINT ( 'NONE',  ( 86.45566346310296524, 30.00000000000000355, 40.92448499199281997 ) ) ;
#896 = LINE ( 'NONE', #1017, #1151 ) ;
#897 = ORIENTED_EDGE ( 'NONE', *, *, #462, .F. ) ;
#898 = CIRCLE ( 'NONE', #1443, 1.500000000000001332 ) ;
#899 = EDGE_CURVE ( 'NONE', #418, #1456, #330, .T. ) ;
#900 = ORIENTED_EDGE ( 'NONE', *, *, #683, .F. ) ;
#901 = VECTOR ( 'NONE', #538, 1000.000000000000000 ) ;
#902 = DIRECTION ( 'NONE',  ( -0.000000000000000000, -1.000000000000000000, -0.000000000000000000 ) ) ;
#903 = FACE_BOUND ( 'NONE', #1311, .T. ) ;
#904 = LOCAL_TIME ( 14, 24, 38.00000000000000000, #1110 ) ;
#905 = DIRECTION ( 'NONE',  ( 0.000000000000000000, 0.000000000000000000, 1.000000000000000000 ) ) ;
#906 = CARTESIAN_POINT ( 'NONE',  ( -39.54433653689704187, 65.00000000000000000, -79.42448499199285550 ) ) ;
#907 = ORIENTED_EDGE ( 'NONE', *, *, #264, .F. ) ;
#908 = EDGE_CURVE ( 'NONE', #158, #1157, #226, .T. ) ;
#909 = ORIENTED_EDGE ( 'NONE', *, *, #313, .F. ) ;
#910 = EDGE_CURVE ( 'NONE', #1188, #969, #421, .T. ) ;
#911 = CARTESIAN_POINT ( 'NONE',  ( -61.38447187191169263, 40.00000000000000000, -39.42448499199285550 ) ) ;
#912 = LINE ( 'NONE', #581, #391 ) ;
#913 = LINE ( 'NONE', #1467, #547 ) ;
#914 = DIRECTION ( 'NONE',  ( -0.000000000000000000, 1.000000000000000000, -0.000000000000000000 ) ) ;
#915 = ORIENTED_EDGE ( 'NONE', *, *, #661, .F. ) ;
#916 = EDGE_LOOP ( 'NONE', ( #28, #132, #847, #1454 ) ) ;
#917 = DIRECTION ( 'NONE',  ( -0.000000000000000000, 1.000000000000000000, -0.000000000000000000 ) ) ;
#918 = CARTESIAN_POINT ( 'NONE',  ( -61.38447187191169263, 34.99999999999999289, -59.42448499199286260 ) ) ;
#919 = CARTESIAN_POINT ( 'NONE',  ( -61.38447187191169263, 40.00000000000000000, -59.42448499199285550 ) ) ;
#920 = ORIENTED_EDGE ( 'NONE', *, *, #1300, .F. ) ;
#921 = VERTEX_POINT ( 'NONE', #535 ) ;
#922 = VECTOR ( 'NONE', #256, 1000.000000000000000 ) ;
#923 = AXIS2_PLACEMENT_3D ( 'NONE', #924, #580, #458 ) ;
#924 = CARTESIAN_POINT ( 'NONE',  ( -61.38447187191169263, 35.00000000000000000, -39.42448499199285550 ) ) ;
#925 = FACE_OUTER_BOUND ( 'NONE', #504, .T. ) ;
#926 = EDGE_CURVE ( 'NONE', #1253, #1483, #1342, .T. ) ;
#927 = CARTESIAN_POINT ( 'NONE',  ( 82.00000000000000000, 25.00000000000000000, 44.42448499199282708 ) ) ;
#928 = LINE ( 'NONE', #1071, #844 ) ;
#929 = ORIENTED_EDGE ( 'NONE', *, *, #434, .T. ) ;
#930 = ORIENTED_EDGE ( 'NONE', *, *, #729, .F. ) ;
#931 = CARTESIAN_POINT ( 'NONE',  ( -86.45566346310296524, 70.00000000000000000, -37.92448499199285550 ) ) ;
#932 = CARTESIAN_POINT ( 'NONE',  ( -86.45566346310296524, 70.00000000000000000, -39.42448499199284839 ) ) ;
#933 = CARTESIAN_POINT ( 'NONE',  ( 86.45566346310296524, 0.000000000000000000, 40.92448499199281997 ) ) ;
#934 = APPROVAL ( #508, 'æœª' ) ;
#935 = VERTEX_POINT ( 'NONE', #186 ) ;
#936 = DIRECTION ( 'NONE',  ( 1.000000000000000000, 0.000000000000000000, -0.000000000000000000 ) ) ;
#937 = CARTESIAN_POINT ( 'NONE',  ( 10.45566346310296346, 65.00000000000000000, -79.42448499199285550 ) ) ;
#938 = DIRECTION ( 'NONE',  ( -0.000000000000000000, 1.000000000000000000, -0.000000000000000000 ) ) ;
#939 = DIRECTION ( 'NONE',  ( -0.000000000000000000, 1.000000000000000000, -0.000000000000000000 ) ) ;
#940 = CARTESIAN_POINT ( 'NONE',  ( 86.45566346310296524, 0.000000000000000000, -40.92448499199284129 ) ) ;
#941 = EDGE_LOOP ( 'NONE', ( #199, #1471, #594, #1305 ) ) ;
#942 = VERTEX_POINT ( 'NONE', #655 ) ;
#943 = ORIENTED_EDGE ( 'NONE', *, *, #35, .T. ) ;
#944 = ADVANCED_FACE ( 'NONE', ( #745 ), #399, .F. ) ;
#945 = CIRCLE ( 'NONE', #1390, 1.499999999999994449 ) ;
#946 = CARTESIAN_POINT ( 'NONE',  ( 86.45566346310296524, 0.000000000000000000, 39.42448499199282708 ) ) ;
#947 = VECTOR ( 'NONE', #385, 1000.000000000000000 ) ;
#948 = CARTESIAN_POINT ( 'NONE',  ( 61.38447187191169263, 25.00000000000000355, 24.42448499199282352 ) ) ;
#949 = AXIS2_PLACEMENT_3D ( 'NONE', #810, #567, #1303 ) ;
#950 = DIRECTION ( 'NONE',  ( -0.000000000000000000, 1.734723475976806848E-16, -1.000000000000000000 ) ) ;
#951 = DIRECTION ( 'NONE',  ( -8.736466978170234365E-17, 0.000000000000000000, -1.000000000000000000 ) ) ;
#952 = ORIENTED_EDGE ( 'NONE', *, *, #701, .T. ) ;
#953 = VECTOR ( 'NONE', #1085, 1000.000000000000000 ) ;
#954 = ORIENTED_EDGE ( 'NONE', *, *, #434, .F. ) ;
#955 = ORIENTED_EDGE ( 'NONE', *, *, #805, .F. ) ;
#956 = LOCAL_TIME ( 14, 24, 38.00000000000000000, #1324 ) ;
#957 = DIRECTION ( 'NONE',  ( 0.000000000000000000, 0.000000000000000000, 1.000000000000000000 ) ) ;
#958 = ADVANCED_FACE ( 'NONE', ( #1109 ), #869, .F. ) ;
#959 = CARTESIAN_POINT ( 'NONE',  ( -50.45566346310296524, 70.00000000000000000, -76.00000000000001421 ) ) ;
#960 = CALENDAR_DATE ( 2026, 6, 5 ) ;
#961 = ORIENTED_EDGE ( 'NONE', *, *, #691, .T. ) ;
#962 = DIRECTION ( 'NONE',  ( 0.000000000000000000, 1.000000000000000000, 1.734723475976807094E-16 ) ) ;
#963 = DIRECTION ( 'NONE',  ( 0.000000000000000000, 0.000000000000000000, 1.000000000000000000 ) ) ;
#964 = CC_DESIGN_PERSON_AND_ORGANIZATION_ASSIGNMENT ( #493, #1315, ( #110 ) ) ;
#965 = CARTESIAN_POINT ( 'NONE',  ( 50.45566346310297234, 0.000000000000000000, 75.42448499199282708 ) ) ;
#966 = EDGE_CURVE ( 'NONE', #276, #578, #53, .T. ) ;
#967 = COORDINATED_UNIVERSAL_TIME_OFFSET ( 8, 0, .AHEAD. ) ;
#968 = ORIENTED_EDGE ( 'NONE', *, *, #100, .T. ) ;
#969 = VERTEX_POINT ( 'NONE', #753 ) ;
#970 = AXIS2_PLACEMENT_3D ( 'NONE', #1309, #1423, #136 ) ;
#971 = FACE_OUTER_BOUND ( 'NONE', #1003, .T. ) ;
#972 = CARTESIAN_POINT ( 'NONE',  ( -90.45566346310295103, 40.00000000000000000, -39.42448499199285550 ) ) ;
#973 = FACE_BOUND ( 'NONE', #405, .T. ) ;
#975 = VECTOR ( 'NONE', #1187, 1000.000000000000000 ) ;
#974 = CIRCLE ( 'NONE', #1418, 1.499999999999994449 ) ;
#976 = VECTOR ( 'NONE', #298, 1000.000000000000000 ) ;
#977 = ADVANCED_FACE ( 'NONE', ( #891 ), #40, .F. ) ;
#978 = EDGE_CURVE ( 'NONE', #561, #1254, #631, .T. ) ;
#979 = EDGE_LOOP ( 'NONE', ( #955, #303 ) ) ;
#980 = DIRECTION ( 'NONE',  ( 0.000000000000000000, 0.000000000000000000, 1.000000000000000000 ) ) ;
#981 = EDGE_LOOP ( 'NONE', ( #929, #482, #488, #1236 ) ) ;
#982 = CARTESIAN_POINT ( 'NONE',  ( 50.45566346310296524, 0.000000000000000000, -76.92448499199285550 ) ) ;
#983 = SECURITY_CLASSIFICATION ( '', '', #617 ) ;
#984 = DIRECTION ( 'NONE',  ( 0.000000000000000000, 1.000000000000000000, 0.000000000000000000 ) ) ;
#985 = CIRCLE ( 'NONE', #824, 1.499999999999994449 ) ;
#986 = APPROVAL_ROLE ( '' ) ;
#987 = ADVANCED_FACE ( 'NONE', ( #521 ), #52, .F. ) ;
#988 = CARTESIAN_POINT ( 'NONE',  ( -86.45566346310296524, 0.000000000000000000, -39.42448499199284839 ) ) ;
#989 = ORIENTED_EDGE ( 'NONE', *, *, #1270, .F. ) ;
#990 = ORIENTED_EDGE ( 'NONE', *, *, #314, .F. ) ;
#991 = CARTESIAN_POINT ( 'NONE',  ( 50.45566346310296524, 0.000000000000000000, -75.42448499199285550 ) ) ;
#992 = PERSON_AND_ORGANIZATION ( #144, #507 ) ;
#993 = DIRECTION ( 'NONE',  ( 0.000000000000000000, 0.000000000000000000, 1.000000000000000000 ) ) ;
#994 = VERTEX_POINT ( 'NONE', #404 ) ;
#995 = ORIENTED_EDGE ( 'NONE', *, *, #1166, .T. ) ;
#996 = EDGE_CURVE ( 'NONE', #1129, #432, #598, .T. ) ;
#997 = DIRECTION ( 'NONE',  ( 0.000000000000000000, 0.000000000000000000, 1.000000000000000000 ) ) ;
#998 = VERTEX_POINT ( 'NONE', #1472 ) ;
#999 = AXIS2_PLACEMENT_3D ( 'NONE', #1069, #1534, #475 ) ;
#1000 = DIRECTION ( 'NONE',  ( -0.000000000000000000, 1.000000000000000000, -0.000000000000000000 ) ) ;
#1001 = VERTEX_POINT ( 'NONE', #1257 ) ;
#1002 = ORIENTED_EDGE ( 'NONE', *, *, #786, .F. ) ;
#1003 = EDGE_LOOP ( 'NONE', ( #1281, #457, #1243, #1060 ) ) ;
#1004 = EDGE_CURVE ( 'NONE', #1228, #494, #1484, .T. ) ;
#1005 = DIRECTION ( 'NONE',  ( -0.000000000000000000, 1.000000000000000000, -0.000000000000000000 ) ) ;
#1006 = AXIS2_PLACEMENT_3D ( 'NONE', #1398, #939, #584 ) ;
#1007 = PLANE ( 'NONE',  #501 ) ;
#1008 = DIRECTION ( 'NONE',  ( 0.000000000000000000, -1.000000000000000000, -0.000000000000000000 ) ) ;
#1009 = ORIENTED_EDGE ( 'NONE', *, *, #1279, .T. ) ;
#1010 = ORIENTED_EDGE ( 'NONE', *, *, #368, .F. ) ;
#1011 = ORIENTED_EDGE ( 'NONE', *, *, #536, .T. ) ;
#1012 = CARTESIAN_POINT ( 'NONE',  ( 10.45566346310296346, 65.00000000000000000, 6.102496759066545096 ) ) ;
#1013 = EDGE_CURVE ( 'NONE', #1482, #1228, #875, .T. ) ;
#1014 = EDGE_CURVE ( 'NONE', #568, #1337, #258, .T. ) ;
#1015 = ADVANCED_FACE ( 'NONE', ( #1237 ), #1356, .F. ) ;
#1016 = FACE_BOUND ( 'NONE', #1457, .T. ) ;
#1017 = CARTESIAN_POINT ( 'NONE',  ( 82.00000000000000000, 0.000000000000000000, -72.00000000000001421 ) ) ;
#1018 = ORIENTED_EDGE ( 'NONE', *, *, #1186, .F. ) ;
#1019 = ORIENTED_EDGE ( 'NONE', *, *, #926, .T. ) ;
#1020 = DIRECTION ( 'NONE',  ( 0.000000000000000000, 0.000000000000000000, 1.000000000000000000 ) ) ;
#1021 = DIRECTION ( 'NONE',  ( 1.000000000000000000, 0.000000000000000000, -0.000000000000000000 ) ) ;
#1022 = CARTESIAN_POINT ( 'NONE',  ( 90.45566346310296524, 0.000000000000000000, 79.42448499199282708 ) ) ;
#1023 = EDGE_CURVE ( 'NONE', #72, #418, #1246, .T. ) ;
#1024 = ORIENTED_EDGE ( 'NONE', *, *, #758, .F. ) ;
#1026 = CIRCLE ( 'NONE', #817, 1.499999999999994449 ) ;
#1025 = CIRCLE ( 'NONE', #6, 1.500000000000001332 ) ;
#1027 = EDGE_LOOP ( 'NONE', ( #533, #512 ) ) ;
#1028 = VECTOR ( 'NONE', #198, 1000.000000000000000 ) ;
#1029 = DIRECTION ( 'NONE',  ( 0.000000000000000000, 0.000000000000000000, 1.000000000000000000 ) ) ;
#1030 = VECTOR ( 'NONE', #1214, 1000.000000000000000 ) ;
#1031 = LINE ( 'NONE', #1511, #1230 ) ;
#1032 = CARTESIAN_POINT ( 'NONE',  ( -82.00000000000000000, 35.00000000000000000, -39.42448499199285550 ) ) ;
#1033 = CARTESIAN_POINT ( 'NONE',  ( 50.45566346310296524, 70.00000000000000000, -73.92448499199284129 ) ) ;
#1034 = ORIENTED_EDGE ( 'NONE', *, *, #204, .T. ) ;
#1035 = ORIENTED_EDGE ( 'NONE', *, *, #444, .T. ) ;
#1036 = CYLINDRICAL_SURFACE ( 'NONE', #1051, 1.499999999999994449 ) ;
#1037 = CIRCLE ( 'NONE', #1088, 1.499999999999994449 ) ;
#1038 = CARTESIAN_POINT ( 'NONE',  ( 82.00000000000000000, 25.00000000000000355, 24.42448499199282352 ) ) ;
#1039 = DESIGN_CONTEXT ( 'detailed design', #334, 'design' ) ;
#1040 = CARTESIAN_POINT ( 'NONE',  ( 82.00000000000000000, 70.00000000000000000, 72.00000000000000000 ) ) ;
#1041 = DIRECTION ( 'NONE',  ( -0.000000000000000000, -1.000000000000000000, -0.000000000000000000 ) ) ;
#1042 = EDGE_LOOP ( 'NONE', ( #1516, #587, #396, #1286 ) ) ;
#1043 = PLANE ( 'NONE',  #814 ) ;
#1044 = DIRECTION ( 'NONE',  ( -0.000000000000000000, -1.000000000000000000, -1.734723475976807094E-16 ) ) ;
#1045 = EDGE_CURVE ( 'NONE', #1273, #1483, #60, .T. ) ;
#1046 = DIRECTION ( 'NONE',  ( -0.000000000000000000, 1.000000000000000000, -0.000000000000000000 ) ) ;
#1047 = FACE_OUTER_BOUND ( 'NONE', #465, .T. ) ;
#1048 = CARTESIAN_POINT ( 'NONE',  ( 10.45566346310296346, 65.00000000000000000, -79.42448499199285550 ) ) ;
#1049 = ORIENTED_EDGE ( 'NONE', *, *, #1138, .T. ) ;
#1050 = ORIENTED_EDGE ( 'NONE', *, *, #582, .T. ) ;
#1052 = VECTOR ( 'NONE', #317, 1000.000000000000000 ) ;
#1051 = AXIS2_PLACEMENT_3D ( 'NONE', #1502, #917, #1387 ) ;
#1053 = AXIS2_PLACEMENT_3D ( 'NONE', #1293, #577, #1278 ) ;
#1054 = FACE_BOUND ( 'NONE', #682, .T. ) ;
#1055 = LINE ( 'NONE', #1276, #1526 ) ;
#1056 = DIRECTION ( 'NONE',  ( 0.000000000000000000, -1.734723475976807094E-16, 1.000000000000000000 ) ) ;
#1057 = CARTESIAN_POINT ( 'NONE',  ( 10.45566346310296346, 5.000000000000004441, -72.00000000000001421 ) ) ;
#1058 = ORIENTED_EDGE ( 'NONE', *, *, #1092, .T. ) ;
#1059 = VERTEX_POINT ( 'NONE', #1290 ) ;
#1060 = ORIENTED_EDGE ( 'NONE', *, *, #966, .T. ) ;
#1061 = CYLINDRICAL_SURFACE ( 'NONE', #1322, 1.499999999999994449 ) ;
#1062 = DIRECTION ( 'NONE',  ( -0.000000000000000000, -1.000000000000000000, -0.000000000000000000 ) ) ;
#1063 = DIRECTION ( 'NONE',  ( 0.000000000000000000, 1.000000000000000000, 0.000000000000000000 ) ) ;
#1064 = LINE ( 'NONE', #1057, #1249 ) ;
#1065 = EDGE_CURVE ( 'NONE', #290, #1297, #767, .T. ) ;
#1066 = ORIENTED_EDGE ( 'NONE', *, *, #79, .F. ) ;
#1067 = VERTEX_POINT ( 'NONE', #450 ) ;
#1068 = CARTESIAN_POINT ( 'NONE',  ( 10.45566346310296346, 5.000000000000004441, -79.42448499199285550 ) ) ;
#1069 = CARTESIAN_POINT ( 'NONE',  ( 50.45566346310297234, 0.000000000000000000, 75.42448499199282708 ) ) ;
#1070 = LINE ( 'NONE', #1169, #306 ) ;
#1071 = CARTESIAN_POINT ( 'NONE',  ( -82.00000000000000000, 70.00000000000000000, -72.00000000000001421 ) ) ;
#1072 = VERTEX_POINT ( 'NONE', #1395 ) ;
#1073 = ADVANCED_FACE ( 'NONE', ( #350 ), #570, .F. ) ;
#1074 = DIRECTION ( 'NONE',  ( 0.000000000000000000, 0.000000000000000000, -1.000000000000000000 ) ) ;
#1075 = DIRECTION ( 'NONE',  ( 0.000000000000000000, 0.000000000000000000, 1.000000000000000000 ) ) ;
#1076 = AXIS2_PLACEMENT_3D ( 'NONE', #1200, #130, #492 ) ;
#1077 = CARTESIAN_POINT ( 'NONE',  ( 50.45566346310296524, 0.000000000000000000, -73.92448499199284129 ) ) ;
#1078 = LINE ( 'NONE', #267, #775 ) ;
#1079 = DATE_AND_TIME ( #603, #956 ) ;
#1080 = ORIENTED_EDGE ( 'NONE', *, *, #835, .F. ) ;
#1081 = CARTESIAN_POINT ( 'NONE',  ( 86.45566346310296524, 0.000000000000000000, -39.42448499199284129 ) ) ;
#1082 = LOCAL_TIME ( 14, 24, 38.00000000000000000, #967 ) ;
#1083 = DIRECTION ( 'NONE',  ( 0.000000000000000000, 0.000000000000000000, 1.000000000000000000 ) ) ;
#1084 = ADVANCED_FACE ( 'NONE', ( #1519 ), #1268, .F. ) ;
#1085 = DIRECTION ( 'NONE',  ( -0.000000000000000000, 1.000000000000000000, -0.000000000000000000 ) ) ;
#1086 = DATE_TIME_ROLE ( 'creation_date' ) ;
#1087 = EDGE_LOOP ( 'NONE', ( #989, #214, #4, #751 ) ) ;
#1088 = AXIS2_PLACEMENT_3D ( 'NONE', #689, #1172, #1074 ) ;
#1089 = LINE ( 'NONE', #389, #1320 ) ;
#1090 = CARTESIAN_POINT ( 'NONE',  ( 90.45566346310296524, 25.00000000000000711, 24.42448499199282352 ) ) ;
#1091 = CIRCLE ( 'NONE', #756, 1.499999999999994449 ) ;
#1092 = EDGE_CURVE ( 'NONE', #935, #1346, #785, .T. ) ;
#1093 = LINE ( 'NONE', #1452, #1424 ) ;
#1094 = CARTESIAN_POINT ( 'NONE',  ( 10.45566346310296346, 5.000000000000004441, -72.00000000000001421 ) ) ;
#1095 = COORDINATED_UNIVERSAL_TIME_OFFSET ( 8, 0, .AHEAD. ) ;
#1096 = EDGE_LOOP ( 'NONE', ( #58, #1158, #12, #262 ) ) ;
#1097 = CARTESIAN_POINT ( 'NONE',  ( -39.54433653689704187, 5.000000000000004441, -72.00000000000001421 ) ) ;
#1098 = ORIENTED_EDGE ( 'NONE', *, *, #1177, .F. ) ;
#1099 = LINE ( 'NONE', #31, #1224 ) ;
#1100 = DIRECTION ( 'NONE',  ( 0.000000000000000000, 1.734723475976807094E-16, -1.000000000000000000 ) ) ;
#1102 = AXIS2_PLACEMENT_3D ( 'NONE', #988, #517, #993 ) ;
#1101 = VECTOR ( 'NONE', #153, 1000.000000000000000 ) ;
#1103 = ADVANCED_FACE ( 'NONE', ( #660, #467, #684, #342, #800, #224, #322, #1054, #1282, #201 ), #217, .F. ) ;
#1104 = AXIS2_PLACEMENT_3D ( 'NONE', #1358, #1041, #407 ) ;
#1105 = CALENDAR_DATE ( 2026, 6, 5 ) ;
#1106 = DIRECTION ( 'NONE',  ( 0.000000000000000000, 0.000000000000000000, 1.000000000000000000 ) ) ;
#1107 = ORIENTED_EDGE ( 'NONE', *, *, #196, .T. ) ;
#1108 = ORIENTED_EDGE ( 'NONE', *, *, #654, .F. ) ;
#1109 = FACE_OUTER_BOUND ( 'NONE', #1203, .T. ) ;
#1110 = COORDINATED_UNIVERSAL_TIME_OFFSET ( 8, 0, .AHEAD. ) ;
#1111 = VERTEX_POINT ( 'NONE', #1509 ) ;
#1112 = CARTESIAN_POINT ( 'NONE',  ( -86.45566346310296524, 35.00000000000000000, -40.92448499199284839 ) ) ;
#1113 = ADVANCED_FACE ( 'NONE', ( #73 ), #1493, .F. ) ;
#1114 = ORIENTED_EDGE ( 'NONE', *, *, #1289, .F. ) ;
#1115 = ORIENTED_EDGE ( 'NONE', *, *, #1145, .F. ) ;
#1116 = AXIS2_PLACEMENT_3D ( 'NONE', #232, #831, #1288 ) ;
#1117 = DIRECTION ( 'NONE',  ( 8.736466978170234365E-17, 0.000000000000000000, 1.000000000000000000 ) ) ;
#1118 = FACE_BOUND ( 'NONE', #435, .T. ) ;
#1119 = LINE ( 'NONE', #1368, #452 ) ;
#1120 = VERTEX_POINT ( 'NONE', #931 ) ;
#1121 = VERTEX_POINT ( 'NONE', #1176 ) ;
#1122 = ADVANCED_FACE ( 'NONE', ( #807 ), #1061, .F. ) ;
#1123 = CARTESIAN_POINT ( 'NONE',  ( 61.38447187191169263, 25.00000000000000355, 24.42448499199282352 ) ) ;
#1124 = VECTOR ( 'NONE', #638, 1000.000000000000000 ) ;
#1125 = CARTESIAN_POINT ( 'NONE',  ( -50.45566346310296524, 70.00000000000000000, 73.92448499199281287 ) ) ;
#1126 = CARTESIAN_POINT ( 'NONE',  ( -90.45566346310295103, 70.00000000000000000, 79.42448499199282708 ) ) ;
#1127 = ORIENTED_EDGE ( 'NONE', *, *, #370, .T. ) ;
#1128 = VERTEX_POINT ( 'NONE', #1527 ) ;
#1129 = VERTEX_POINT ( 'NONE', #1152 ) ;
#1130 = EDGE_CURVE ( 'NONE', #1059, #80, #548, .T. ) ;
#1131 = CARTESIAN_POINT ( 'NONE',  ( -90.45566346310295103, 0.000000000000000000, 79.42448499199282708 ) ) ;
#1132 = ADVANCED_FACE ( 'NONE', ( #557 ), #1036, .F. ) ;
#1133 = CARTESIAN_POINT ( 'NONE',  ( 86.45566346310296524, 70.00000000000000000, 39.42448499199282708 ) ) ;
#1134 = DIRECTION ( 'NONE',  ( -0.000000000000000000, 1.000000000000000000, -0.000000000000000000 ) ) ;
#1135 = ORIENTED_EDGE ( 'NONE', *, *, #1130, .F. ) ;
#1136 = VERTEX_POINT ( 'NONE', #328 ) ;
#1137 = DIRECTION ( 'NONE',  ( 0.000000000000000000, 1.000000000000000000, 0.000000000000000000 ) ) ;
#1138 = EDGE_CURVE ( 'NONE', #254, #175, #645, .T. ) ;
#1139 = DIRECTION ( 'NONE',  ( 0.000000000000000000, 1.000000000000000000, 0.000000000000000000 ) ) ;
#1140 = DIRECTION ( 'NONE',  ( 1.000000000000000000, -0.000000000000000000, -0.000000000000000000 ) ) ;
#1141 = VERTEX_POINT ( 'NONE', #675 ) ;
#1142 = ORIENTED_EDGE ( 'NONE', *, *, #1388, .F. ) ;
#1143 = CARTESIAN_POINT ( 'NONE',  ( 86.45566346310296524, 30.00000000000000355, 39.42448499199282708 ) ) ;
#1144 = FACE_BOUND ( 'NONE', #644, .T. ) ;
#1145 = EDGE_CURVE ( 'NONE', #1451, #1353, #1247, .T. ) ;
#1146 = PLANE ( 'NONE',  #740 ) ;
#1147 = CARTESIAN_POINT ( 'NONE',  ( 61.38447187191169263, 30.00000000000000711, 24.42448499199282352 ) ) ;
#1148 = ORIENTED_EDGE ( 'NONE', *, *, #135, .F. ) ;
#1149 = AXIS2_PLACEMENT_3D ( 'NONE', #991, #883, #1459 ) ;
#1150 = VERTEX_POINT ( 'NONE', #700 ) ;
#1151 = VECTOR ( 'NONE', #774, 1000.000000000000000 ) ;
#1152 = CARTESIAN_POINT ( 'NONE',  ( -50.45566346310296524, 0.000000000000000000, 73.92448499199281287 ) ) ;
#1153 = CARTESIAN_POINT ( 'NONE',  ( 86.45566346310296524, 70.00000000000000000, -40.92448499199284129 ) ) ;
#1154 = AXIS2_PLACEMENT_3D ( 'NONE', #1399, #332, #696 ) ;
#1155 = DIRECTION ( 'NONE',  ( 0.000000000000000000, 0.000000000000000000, 1.000000000000000000 ) ) ;
#1156 = CARTESIAN_POINT ( 'NONE',  ( -86.45566346310296524, 70.00000000000000000, 37.92448499199281997 ) ) ;
#1157 = VERTEX_POINT ( 'NONE', #982 ) ;
#1158 = ORIENTED_EDGE ( 'NONE', *, *, #701, .F. ) ;
#1159 = CARTESIAN_POINT ( 'NONE',  ( 86.45566346310296524, 0.000000000000000000, -39.42448499199284129 ) ) ;
#1160 = DIRECTION ( 'NONE',  ( 0.000000000000000000, -1.000000000000000000, -1.387778780781444492E-15 ) ) ;
#1161 = VECTOR ( 'NONE', #225, 1000.000000000000000 ) ;
#1162 = CARTESIAN_POINT ( 'NONE',  ( -86.45566346310296524, 0.000000000000000000, 40.92448499199281287 ) ) ;
#1163 = FACE_OUTER_BOUND ( 'NONE', #271, .T. ) ;
#1164 = ORIENTED_EDGE ( 'NONE', *, *, #1287, .F. ) ;
#1165 = VERTEX_POINT ( 'NONE', #8 ) ;
#1166 = EDGE_CURVE ( 'NONE', #994, #373, #1184, .T. ) ;
#1167 = DIRECTION ( 'NONE',  ( -0.000000000000000000, 1.000000000000000000, -0.000000000000000000 ) ) ;
#1168 = DIRECTION ( 'NONE',  ( 0.000000000000000000, -1.000000000000000000, 0.000000000000000000 ) ) ;
#1169 = CARTESIAN_POINT ( 'NONE',  ( 90.45566346310296524, 70.00000000000000000, -79.42448499199285550 ) ) ;
#1170 = CARTESIAN_POINT ( 'NONE',  ( 82.00000000000000000, 30.00000000000000711, 24.42448499199281642 ) ) ;
#1171 = ORIENTED_EDGE ( 'NONE', *, *, #646, .T. ) ;
#1172 = DIRECTION ( 'NONE',  ( 0.000000000000000000, 1.000000000000000000, 1.734723475976807094E-16 ) ) ;
#1174 = VECTOR ( 'NONE', #849, 1000.000000000000000 ) ;
#1173 = VECTOR ( 'NONE', #82, 1000.000000000000000 ) ;
#1175 = EDGE_CURVE ( 'NONE', #1523, #1420, #1025, .T. ) ;
#1176 = CARTESIAN_POINT ( 'NONE',  ( -39.54433653689704187, 5.000000000000004441, -79.42448499199285550 ) ) ;
#1177 = EDGE_CURVE ( 'NONE', #425, #1219, #974, .T. ) ;
#1178 = CARTESIAN_POINT ( 'NONE',  ( -86.45566346310296524, 70.00000000000000000, 40.92448499199281287 ) ) ;
#1179 = DIRECTION ( 'NONE',  ( -0.000000000000000000, 1.000000000000000000, -0.000000000000000000 ) ) ;
#1180 = CARTESIAN_POINT ( 'NONE',  ( -50.45566346310296524, 70.00000000000000000, -74.50000000000001421 ) ) ;
#1181 = EDGE_LOOP ( 'NONE', ( #42, #1402, #1024, #1386 ) ) ;
#1182 = DIRECTION ( 'NONE',  ( 0.000000000000000000, 0.000000000000000000, 1.000000000000000000 ) ) ;
#1183 = VERTEX_POINT ( 'NONE', #134 ) ;
#1184 = LINE ( 'NONE', #1436, #571 ) ;
#1185 = LINE ( 'NONE', #1495, #321 ) ;
#1186 = EDGE_CURVE ( 'NONE', #664, #1121, #1299, .T. ) ;
#1187 = DIRECTION ( 'NONE',  ( -1.000000000000000000, -0.000000000000000000, 8.736466978170234365E-17 ) ) ;
#1188 = VERTEX_POINT ( 'NONE', #1313 ) ;
#1189 = DIRECTION ( 'NONE',  ( 0.000000000000000000, 1.000000000000000000, 0.000000000000000000 ) ) ;
#1190 = ORIENTED_EDGE ( 'NONE', *, *, #1458, .T. ) ;
#1191 = LINE ( 'NONE', #832, #75 ) ;
#1192 = CARTESIAN_POINT ( 'NONE',  ( -39.54433653689704187, 5.000000000000004441, -79.42448499199285550 ) ) ;
#1193 = CARTESIAN_POINT ( 'NONE',  ( -50.45566346310296524, 0.000000000000000000, -76.00000000000001421 ) ) ;
#1194 = CARTESIAN_POINT ( 'NONE',  ( -39.54433653689704187, 65.00000000000000000, 6.102496759066545096 ) ) ;
#1195 = EDGE_CURVE ( 'NONE', #1420, #1523, #1485, .T. ) ;
#1196 = ORIENTED_EDGE ( 'NONE', *, *, #370, .F. ) ;
#1197 = CARTESIAN_POINT ( 'NONE',  ( 90.45566346310296524, 30.00000000000000711, 24.42448499199282352 ) ) ;
#1198 = CARTESIAN_POINT ( 'NONE',  ( -50.45566346310296524, 0.000000000000000000, 75.42448499199282708 ) ) ;
#1199 = VECTOR ( 'NONE', #46, 1000.000000000000000 ) ;
#1200 = CARTESIAN_POINT ( 'NONE',  ( -82.00000000000000000, 70.00000000000000000, -72.00000000000001421 ) ) ;
#1201 = CARTESIAN_POINT ( 'NONE',  ( 90.45566346310296524, 0.000000000000000000, 79.42448499199282708 ) ) ;
#1202 = DIRECTION ( 'NONE',  ( 1.000000000000000000, 0.000000000000000000, 0.000000000000000000 ) ) ;
#1203 = EDGE_LOOP ( 'NONE', ( #1148, #569, #312, #1050, #148, #659, #890, #915 ) ) ;
#1204 = CYLINDRICAL_SURFACE ( 'NONE', #893, 1.499999999999994449 ) ;
#1205 = EDGE_CURVE ( 'NONE', #710, #292, #1296, .T. ) ;
#1206 = DIRECTION ( 'NONE',  ( 0.000000000000000000, 0.000000000000000000, 1.000000000000000000 ) ) ;
#1207 = DIRECTION ( 'NONE',  ( 0.000000000000000000, 1.000000000000000000, 0.000000000000000000 ) ) ;
#1208 = VERTEX_POINT ( 'NONE', #972 ) ;
#1209 = EDGE_LOOP ( 'NONE', ( #44, #1267, #1009, #1392 ) ) ;
#1210 = DIRECTION ( 'NONE',  ( 0.000000000000000000, 0.000000000000000000, 1.000000000000000000 ) ) ;
#1211 = ORIENTED_EDGE ( 'NONE', *, *, #111, .T. ) ;
#1212 = DIRECTION ( 'NONE',  ( 0.000000000000000000, 0.000000000000000000, 1.000000000000000000 ) ) ;
#1213 = EDGE_CURVE ( 'NONE', #578, #276, #352, .T. ) ;
#1214 = DIRECTION ( 'NONE',  ( -0.000000000000000000, -1.000000000000000000, -0.000000000000000000 ) ) ;
#1215 = MECHANICAL_CONTEXT ( 'NONE', #304, 'mechanical' ) ;
#1216 = ORIENTED_EDGE ( 'NONE', *, *, #464, .T. ) ;
#1217 = DIRECTION ( 'NONE',  ( -1.000000000000000000, -0.000000000000000000, 8.736466978170234365E-17 ) ) ;
#1218 = VERTEX_POINT ( 'NONE', #123 ) ;
#1219 = VERTEX_POINT ( 'NONE', #613 ) ;
#1220 = DIRECTION ( 'NONE',  ( -1.000000000000000000, 0.000000000000000000, -0.000000000000000000 ) ) ;
#1222 = CIRCLE ( 'NONE', #643, 1.500000000000001332 ) ;
#1221 = AXIS2_PLACEMENT_3D ( 'NONE', #1372, #412, #286 ) ;
#1223 = EDGE_CURVE ( 'NONE', #1136, #1218, #1191, .T. ) ;
#1224 = VECTOR ( 'NONE', #505, 1000.000000000000000 ) ;
#1225 = ORIENTED_EDGE ( 'NONE', *, *, #126, .T. ) ;
#1226 = DIRECTION ( 'NONE',  ( 0.000000000000000000, 0.000000000000000000, 1.000000000000000000 ) ) ;
#1227 = VERTEX_POINT ( 'NONE', #1328 ) ;
#1228 = VERTEX_POINT ( 'NONE', #588 ) ;
#1229 = CARTESIAN_POINT ( 'NONE',  ( 86.45566346310296524, 70.00000000000000000, -39.42448499199284129 ) ) ;
#1230 = VECTOR ( 'NONE', #1062, 1000.000000000000000 ) ;
#1231 = FACE_BOUND ( 'NONE', #1330, .T. ) ;
#1232 = APPROVAL_ROLE ( '' ) ;
#1233 = EDGE_CURVE ( 'NONE', #1461, #1121, #367, .T. ) ;
#1234 = CARTESIAN_POINT ( 'NONE',  ( -90.45566346310295103, 40.00000000000000000, -39.42448499199285550 ) ) ;
#1235 = ORIENTED_EDGE ( 'NONE', *, *, #185, .T. ) ;
#1236 = ORIENTED_EDGE ( 'NONE', *, *, #582, .F. ) ;
#1237 = FACE_OUTER_BOUND ( 'NONE', #1209, .T. ) ;
#1238 = CARTESIAN_POINT ( 'NONE',  ( 0.000000000000000000, 0.000000000000000000, 0.000000000000000000 ) ) ;
#1239 = ADVANCED_FACE ( 'NONE', ( #1533 ), #474, .F. ) ;
#1240 = FACE_OUTER_BOUND ( 'NONE', #1087, .T. ) ;
#1241 = DIRECTION ( 'NONE',  ( 0.000000000000000000, 1.000000000000000000, 0.000000000000000000 ) ) ;
#1242 = ORIENTED_EDGE ( 'NONE', *, *, #729, .T. ) ;
#1243 = ORIENTED_EDGE ( 'NONE', *, *, #165, .T. ) ;
#1244 = EDGE_CURVE ( 'NONE', #72, #1362, #871, .T. ) ;
#1245 = VERTEX_POINT ( 'NONE', #1431 ) ;
#1246 = LINE ( 'NONE', #179, #1393 ) ;
#1248 = CIRCLE ( 'NONE', #572, 1.500000000000001332 ) ;
#1247 = CIRCLE ( 'NONE', #666, 1.499999999999994449 ) ;
#1249 = VECTOR ( 'NONE', #119, 1000.000000000000000 ) ;
#1250 = CARTESIAN_POINT ( 'NONE',  ( -86.45566346310296524, 0.000000000000000000, 37.92448499199281997 ) ) ;
#1251 = LINE ( 'NONE', #1147, #76 ) ;
#1252 = ORIENTED_EDGE ( 'NONE', *, *, #235, .T. ) ;
#1253 = VERTEX_POINT ( 'NONE', #728 ) ;
#1254 = VERTEX_POINT ( 'NONE', #1090 ) ;
#1255 = ADVANCED_FACE ( 'NONE', ( #713 ), #1422, .F. ) ;
#1256 = EDGE_CURVE ( 'NONE', #292, #710, #503, .T. ) ;
#1257 = CARTESIAN_POINT ( 'NONE',  ( 86.45566346310296524, 25.00000000000000000, 40.92448499199281997 ) ) ;
#1258 = CARTESIAN_POINT ( 'NONE',  ( -50.45566346310296524, 0.000000000000000000, 75.42448499199282708 ) ) ;
#1259 = DIRECTION ( 'NONE',  ( 0.000000000000000000, 0.000000000000000000, 1.000000000000000000 ) ) ;
#1260 = ORIENTED_EDGE ( 'NONE', *, *, #510, .F. ) ;
#1261 = ORIENTED_EDGE ( 'NONE', *, *, #1065, .T. ) ;
#1262 = EDGE_CURVE ( 'NONE', #1355, #1409, #1517, .T. ) ;
#1263 = DIRECTION ( 'NONE',  ( 1.000000000000000000, 0.000000000000000000, 0.000000000000000000 ) ) ;
#1264 = DIRECTION ( 'NONE',  ( -0.000000000000000000, 1.000000000000000000, -0.000000000000000000 ) ) ;
#1265 = CARTESIAN_POINT ( 'NONE',  ( 82.00000000000000000, 70.00000000000000000, -72.00000000000001421 ) ) ;
#1266 = ORIENTED_EDGE ( 'NONE', *, *, #1287, .T. ) ;
#1267 = ORIENTED_EDGE ( 'NONE', *, *, #120, .T. ) ;
#1268 = PLANE ( 'NONE',  #546 ) ;
#1269 = DIRECTION ( 'NONE',  ( 0.000000000000000000, 0.000000000000000000, 1.000000000000000000 ) ) ;
#1270 = EDGE_CURVE ( 'NONE', #969, #115, #1099, .T. ) ;
#1271 = LINE ( 'NONE', #686, #293 ) ;
#1272 = DIRECTION ( 'NONE',  ( 0.000000000000000000, 0.000000000000000000, 1.000000000000000000 ) ) ;
#1273 = VERTEX_POINT ( 'NONE', #906 ) ;
#1274 = ORIENTED_EDGE ( 'NONE', *, *, #1300, .T. ) ;
#1275 = DIRECTION ( 'NONE',  ( 0.000000000000000000, 1.000000000000000000, 0.000000000000000000 ) ) ;
#1276 = CARTESIAN_POINT ( 'NONE',  ( -86.45566346310296524, 0.000000000000000000, -37.92448499199285550 ) ) ;
#1277 = LINE ( 'NONE', #219, #247 ) ;
#1278 = DIRECTION ( 'NONE',  ( 0.000000000000000000, 0.000000000000000000, 1.000000000000000000 ) ) ;
#1279 = EDGE_CURVE ( 'NONE', #1337, #568, #1367, .T. ) ;
#1280 = ORIENTED_EDGE ( 'NONE', *, *, #1316, .T. ) ;
#1281 = ORIENTED_EDGE ( 'NONE', *, *, #360, .F. ) ;
#1282 = FACE_OUTER_BOUND ( 'NONE', #157, .T. ) ;
#1283 = DIRECTION ( 'NONE',  ( 0.000000000000000000, 0.000000000000000000, 1.000000000000000000 ) ) ;
#1284 = FACE_OUTER_BOUND ( 'NONE', #345, .T. ) ;
#1285 = CARTESIAN_POINT ( 'NONE',  ( 86.45566346310296524, 0.000000000000000000, 40.92448499199281997 ) ) ;
#1286 = ORIENTED_EDGE ( 'NONE', *, *, #536, .F. ) ;
#1287 = EDGE_CURVE ( 'NONE', #340, #1059, #417, .T. ) ;
#1288 = DIRECTION ( 'NONE',  ( 0.000000000000000000, 1.000000000000000000, 1.387778780781444492E-15 ) ) ;
#1289 = EDGE_CURVE ( 'NONE', #1111, #998, #560, .T. ) ;
#1290 = CARTESIAN_POINT ( 'NONE',  ( -82.00000000000000000, 40.00000000000000000, -39.42448499199285550 ) ) ;
#1291 = CARTESIAN_POINT ( 'NONE',  ( 82.00000000000000000, 70.00000000000000000, -72.00000000000001421 ) ) ;
#1292 = CARTESIAN_POINT ( 'NONE',  ( 90.45566346310296524, 25.00000000000000355, 24.42448499199282352 ) ) ;
#1293 = CARTESIAN_POINT ( 'NONE',  ( 90.45566346310296524, 70.00000000000000000, 79.42448499199282708 ) ) ;
#1294 = EDGE_LOOP ( 'NONE', ( #207, #867 ) ) ;
#1295 = EDGE_LOOP ( 'NONE', ( #770, #1430, #1492, #750 ) ) ;
#1296 = CIRCLE ( 'NONE', #618, 1.500000000000001332 ) ;
#1297 = VERTEX_POINT ( 'NONE', #289 ) ;
#1298 = AXIS2_PLACEMENT_3D ( 'NONE', #129, #496, #1083 ) ;
#1299 = LINE ( 'NONE', #1308, #500 ) ;
#1300 = EDGE_CURVE ( 'NONE', #998, #1482, #878, .T. ) ;
#1301 = LINE ( 'NONE', #565, #193 ) ;
#1302 = DIRECTION ( 'NONE',  ( -0.000000000000000000, -1.000000000000000000, -0.000000000000000000 ) ) ;
#1303 = DIRECTION ( 'NONE',  ( -1.000000000000000000, 0.000000000000000000, -0.000000000000000000 ) ) ;
#1304 = CC_DESIGN_APPROVAL ( #498, ( #983 ) ) ;
#1305 = ORIENTED_EDGE ( 'NONE', *, *, #910, .T. ) ;
#1306 = CARTESIAN_POINT ( 'NONE',  ( 86.45566346310296524, 30.00000000000000355, 39.42448499199282708 ) ) ;
#1307 = VERTEX_POINT ( 'NONE', #171 ) ;
#1308 = CARTESIAN_POINT ( 'NONE',  ( -39.54433653689704187, 5.000000000000004441, 6.102496759066545096 ) ) ;
#1309 = CARTESIAN_POINT ( 'NONE',  ( 50.45566346310297234, 70.00000000000000000, 75.42448499199282708 ) ) ;
#1310 = PLANE ( 'NONE',  #823 ) ;
#1311 = EDGE_LOOP ( 'NONE', ( #1469, #64 ) ) ;
#1312 = CARTESIAN_POINT ( 'NONE',  ( -86.45566346310296524, 35.00000000000000000, -39.42448499199284839 ) ) ;
#1313 = CARTESIAN_POINT ( 'NONE',  ( -82.00000000000000000, 70.00000000000000000, 72.00000000000000000 ) ) ;
#1314 = FACE_BOUND ( 'NONE', #397, .T. ) ;
#1315 = PERSON_AND_ORGANIZATION_ROLE ( 'creator' ) ;
#1316 = EDGE_CURVE ( 'NONE', #1498, #5, #1251, .T. ) ;
#1317 = EDGE_LOOP ( 'NONE', ( #1261, #658, #365, #812 ) ) ;
#1318 = LINE ( 'NONE', #146, #149 ) ;
#1320 = VECTOR ( 'NONE', #859, 1000.000000000000000 ) ;
#1319 = AXIS2_PLACEMENT_3D ( 'NONE', #1323, #1207, #169 ) ;
#1321 = DIRECTION ( 'NONE',  ( -0.000000000000000000, -0.000000000000000000, -1.000000000000000000 ) ) ;
#1322 = AXIS2_PLACEMENT_3D ( 'NONE', #667, #1167, #99 ) ;
#1323 = CARTESIAN_POINT ( 'NONE',  ( -50.45566346310296524, 70.00000000000000000, -76.00000000000001421 ) ) ;
#1324 = COORDINATED_UNIVERSAL_TIME_OFFSET ( 8, 0, .AHEAD. ) ;
#1325 = ORIENTED_EDGE ( 'NONE', *, *, #185, .F. ) ;
#1326 = CARTESIAN_POINT ( 'NONE',  ( -86.45566346310296524, 0.000000000000000000, -37.92448499199285550 ) ) ;
#1327 = ORIENTED_EDGE ( 'NONE', *, *, #1491, .F. ) ;
#1328 = CARTESIAN_POINT ( 'NONE',  ( 90.45566346310296524, 25.00000000000000000, 44.42448499199282708 ) ) ;
#1329 = LINE ( 'NONE', #266, #857 ) ;
#1330 = EDGE_LOOP ( 'NONE', ( #441, #648 ) ) ;
#1331 = CARTESIAN_POINT ( 'NONE',  ( -61.38447187191169263, 40.00000000000000000, -39.42448499199285550 ) ) ;
#1332 = ORIENTED_EDGE ( 'NONE', *, *, #1450, .T. ) ;
#1333 = ORIENTED_EDGE ( 'NONE', *, *, #453, .T. ) ;
#1334 = EDGE_CURVE ( 'NONE', #1253, #519, #782, .T. ) ;
#1335 = DIRECTION ( 'NONE',  ( -0.000000000000000000, 1.000000000000000000, -0.000000000000000000 ) ) ;
#1336 = SHAPE_DEFINITION_REPRESENTATION ( #451, #852 ) ;
#1337 = VERTEX_POINT ( 'NONE', #1156 ) ;
#1338 = CARTESIAN_POINT ( 'NONE',  ( 82.00000000000000000, 25.00000000000000355, 24.42448499199282352 ) ) ;
#1339 = ORIENTED_EDGE ( 'NONE', *, *, #126, .F. ) ;
#1340 = EDGE_LOOP ( 'NONE', ( #57, #1332, #184, #688 ) ) ;
#1341 = ADVANCED_FACE ( 'NONE', ( #639 ), #1475, .F. ) ;
#1342 = LINE ( 'NONE', #1012, #1101 ) ;
#1343 = AXIS2_PLACEMENT_3D ( 'NONE', #294, #778, #762 ) ;
#1344 = CALENDAR_DATE ( 2026, 6, 5 ) ;
#1345 = CARTESIAN_POINT ( 'NONE',  ( -86.45566346310296524, 0.000000000000000000, -39.42448499199284839 ) ) ;
#1346 = VERTEX_POINT ( 'NONE', #1497 ) ;
#1347 = ORIENTED_EDGE ( 'NONE', *, *, #135, .T. ) ;
#1348 = CC_DESIGN_APPROVAL ( #1421, ( #110 ) ) ;
#1349 = CARTESIAN_POINT ( 'NONE',  ( -90.45566346310295103, 70.00000000000000000, 79.42448499199282708 ) ) ;
#1350 = EDGE_CURVE ( 'NONE', #1483, #1461, #325, .T. ) ;
#1351 = DIRECTION ( 'NONE',  ( 0.000000000000000000, -0.000000000000000000, -1.000000000000000000 ) ) ;
#1352 = CARTESIAN_POINT ( 'NONE',  ( -50.45566346310296524, 0.000000000000000000, -74.50000000000001421 ) ) ;
#1353 = VERTEX_POINT ( 'NONE', #423 ) ;
#1354 = ORIENTED_EDGE ( 'NONE', *, *, #1380, .T. ) ;
#1355 = VERTEX_POINT ( 'NONE', #1375 ) ;
#1356 = CYLINDRICAL_SURFACE ( 'NONE', #1343, 1.499999999999994449 ) ;
#1357 = LINE ( 'NONE', #77, #1124 ) ;
#1358 = CARTESIAN_POINT ( 'NONE',  ( -86.45566346310296524, 40.00000000000000000, -39.42448499199284839 ) ) ;
#1359 = EDGE_CURVE ( 'NONE', #45, #1067, #107, .T. ) ;
#1360 = ORIENTED_EDGE ( 'NONE', *, *, #111, .F. ) ;
#1361 = ORIENTED_EDGE ( 'NONE', *, *, #453, .F. ) ;
#1362 = VERTEX_POINT ( 'NONE', #1352 ) ;
#1363 = CARTESIAN_POINT ( 'NONE',  ( -50.45566346310296524, 0.000000000000000000, -76.00000000000001421 ) ) ;
#1364 = AXIS2_PLACEMENT_3D ( 'NONE', #706, #1189, #122 ) ;
#1366 = AXIS2_PLACEMENT_3D ( 'NONE', #1474, #406, #1021 ) ;
#1365 = AXIS2_PLACEMENT_3D ( 'NONE', #159, #1117, #647 ) ;
#1367 = CIRCLE ( 'NONE', #357, 1.499999999999994449 ) ;
#1368 = CARTESIAN_POINT ( 'NONE',  ( -50.45566346310296524, 0.000000000000000000, -74.50000000000001421 ) ) ;
#1369 = FACE_OUTER_BOUND ( 'NONE', #873, .T. ) ;
#1370 = EDGE_LOOP ( 'NONE', ( #672, #1478 ) ) ;
#1371 = ORIENTED_EDGE ( 'NONE', *, *, #720, .F. ) ;
#1372 = CARTESIAN_POINT ( 'NONE',  ( -86.45566346310296524, 70.00000000000000000, 39.42448499199281997 ) ) ;
#1373 = DIRECTION ( 'NONE',  ( 0.000000000000000000, 0.000000000000000000, 1.000000000000000000 ) ) ;
#1374 = FACE_BOUND ( 'NONE', #319, .T. ) ;
#1375 = CARTESIAN_POINT ( 'NONE',  ( 50.45566346310297234, 70.00000000000000000, 73.92448499199281287 ) ) ;
#1376 = ORIENTED_EDGE ( 'NONE', *, *, #720, .T. ) ;
#1377 = EDGE_LOOP ( 'NONE', ( #900, #1066, #1242, #995, #954, #50, #798 ) ) ;
#1378 = AXIS2_PLACEMENT_3D ( 'NONE', #948, #723, #1220 ) ;
#1379 = CARTESIAN_POINT ( 'NONE',  ( 10.45566346310296346, 5.000000000000004441, 6.102496759066545096 ) ) ;
#1380 = EDGE_CURVE ( 'NONE', #494, #935, #182, .T. ) ;
#1381 = CARTESIAN_POINT ( 'NONE',  ( -50.45566346310296524, 70.00000000000000000, 76.92448499199282708 ) ) ;
#1382 = VECTOR ( 'NONE', #609, 1000.000000000000000 ) ;
#1383 = CARTESIAN_POINT ( 'NONE',  ( 10.45566346310296346, 5.000000000000004441, 6.102496759066545096 ) ) ;
#1384 = PLANE ( 'NONE',  #742 ) ;
#1385 = ORIENTED_EDGE ( 'NONE', *, *, #279, .F. ) ;
#1386 = ORIENTED_EDGE ( 'NONE', *, *, #444, .F. ) ;
#1387 = DIRECTION ( 'NONE',  ( 0.000000000000000000, 0.000000000000000000, 1.000000000000000000 ) ) ;
#1388 = EDGE_CURVE ( 'NONE', #921, #139, #650, .T. ) ;
#1389 = DIRECTION ( 'NONE',  ( -1.000000000000000000, -0.000000000000000000, 8.736466978170234365E-17 ) ) ;
#1390 = AXIS2_PLACEMENT_3D ( 'NONE', #839, #138, #1106 ) ;
#1391 = CARTESIAN_POINT ( 'NONE',  ( 86.45566346310296524, 0.000000000000000000, -40.92448499199284129 ) ) ;
#1392 = ORIENTED_EDGE ( 'NONE', *, *, #464, .F. ) ;
#1393 = VECTOR ( 'NONE', #624, 1000.000000000000000 ) ;
#1394 = ORIENTED_EDGE ( 'NONE', *, *, #1397, .F. ) ;
#1395 = CARTESIAN_POINT ( 'NONE',  ( 82.00000000000000000, 30.00000000000000355, 44.42448499199282708 ) ) ;
#1396 = LINE ( 'NONE', #808, #14 ) ;
#1397 = EDGE_CURVE ( 'NONE', #1482, #1165, #553, .T. ) ;
#1398 = CARTESIAN_POINT ( 'NONE',  ( 86.45566346310296524, 0.000000000000000000, 39.42448499199282708 ) ) ;
#1399 = CARTESIAN_POINT ( 'NONE',  ( -86.45566346310296524, 70.00000000000000000, -39.42448499199284839 ) ) ;
#1400 = EDGE_CURVE ( 'NONE', #115, #81, #896, .T. ) ;
#1401 = ORIENTED_EDGE ( 'NONE', *, *, #204, .F. ) ;
#1402 = ORIENTED_EDGE ( 'NONE', *, *, #826, .F. ) ;
#1403 = CARTESIAN_POINT ( 'NONE',  ( -61.38447187191169263, 40.00000000000000000, -39.42448499199285550 ) ) ;
#1404 = CLOSED_SHELL ( 'NONE', ( #141, #491, #614, #1239, #1341, #1255, #1015, #958, #1122, #1132, #1103, #555, #1500, #358, #1438, #1448, #884, #215, #1410, #253, #187, #142, #301, #850, #472, #91, #415, #987, #257, #1521, #616, #1073, #977, #1113, #944, #1084, #7, #413, #734, #59, #848 ) ) ;
#1405 = DIRECTION ( 'NONE',  ( -1.000000000000000000, -0.000000000000000000, 8.736466978170234365E-17 ) ) ;
#1406 = VECTOR ( 'NONE', #1405, 1000.000000000000000 ) ;
#1407 = CARTESIAN_POINT ( 'NONE',  ( -50.45566346310296524, 0.000000000000000000, 76.92448499199282708 ) ) ;
#1408 =( NAMED_UNIT ( * ) PLANE_ANGLE_UNIT ( ) SI_UNIT ( $, .RADIAN. ) );
#1409 = VERTEX_POINT ( 'NONE', #318 ) ;
#1410 = ADVANCED_FACE ( 'NONE', ( #1481, #1369 ), #310, .T. ) ;
#1411 = ORIENTED_EDGE ( 'NONE', *, *, #1045, .F. ) ;
#1412 = DIRECTION ( 'NONE',  ( 8.736466978170234365E-17, 0.000000000000000000, 1.000000000000000000 ) ) ;
#1413 = CARTESIAN_POINT ( 'NONE',  ( 86.45566346310296524, 0.000000000000000000, -39.42448499199284129 ) ) ;
#1414 = CARTESIAN_POINT ( 'NONE',  ( 50.45566346310296524, 0.000000000000000000, -75.42448499199285550 ) ) ;
#1415 = CARTESIAN_POINT ( 'NONE',  ( 50.45566346310296524, 70.00000000000000000, -76.92448499199285550 ) ) ;
#1416 = ORIENTED_EDGE ( 'NONE', *, *, #302, .F. ) ;
#1417 = ORIENTED_EDGE ( 'NONE', *, *, #35, .F. ) ;
#1419 = VECTOR ( 'NONE', #509, 1000.000000000000000 ) ;
#1418 = AXIS2_PLACEMENT_3D ( 'NONE', #116, #853, #815 ) ;
#1420 = VERTEX_POINT ( 'NONE', #1033 ) ;
#1421 = APPROVAL ( #261, 'æœª' ) ;
#1422 = CYLINDRICAL_SURFACE ( 'NONE', #32, 1.500000000000001332 ) ;
#1423 = DIRECTION ( 'NONE',  ( 0.000000000000000000, 1.000000000000000000, 0.000000000000000000 ) ) ;
#1424 = VECTOR ( 'NONE', #1335, 1000.000000000000000 ) ;
#1425 = DIRECTION ( 'NONE',  ( -0.000000000000000000, 1.000000000000000000, -0.000000000000000000 ) ) ;
#1426 = DIRECTION ( 'NONE',  ( -0.000000000000000000, -1.000000000000000000, -0.000000000000000000 ) ) ;
#1427 = CIRCLE ( 'NONE', #83, 1.500000000000001332 ) ;
#1428 = ORIENTED_EDGE ( 'NONE', *, *, #1400, .F. ) ;
#1429 = ORIENTED_EDGE ( 'NONE', *, *, #1350, .T. ) ;
#1430 = ORIENTED_EDGE ( 'NONE', *, *, #529, .F. ) ;
#1431 = CARTESIAN_POINT ( 'NONE',  ( 86.45566346310296524, 70.00000000000000000, 37.92448499199282708 ) ) ;
#1432 = EDGE_CURVE ( 'NONE', #1072, #216, #657, .T. ) ;
#1433 = DIRECTION ( 'NONE',  ( 0.000000000000000000, 1.000000000000000000, 0.000000000000000000 ) ) ;
#1434 = VERTEX_POINT ( 'NONE', #1489 ) ;
#1435 = DIRECTION ( 'NONE',  ( 0.000000000000000000, 1.000000000000000000, 0.000000000000000000 ) ) ;
#1436 = CARTESIAN_POINT ( 'NONE',  ( -90.45566346310295103, 35.00000000000000000, -39.42448499199285550 ) ) ;
#1437 = DIRECTION ( 'NONE',  ( 0.000000000000000000, 1.000000000000000000, 0.000000000000000000 ) ) ;
#1438 = ADVANCED_FACE ( 'NONE', ( #70, #543 ), #1384, .F. ) ;
#1439 = DIRECTION ( 'NONE',  ( -3.031070872825611350E-32, 1.000000000000000000, -3.469446951953614189E-16 ) ) ;
#1440 = PERSON_AND_ORGANIZATION ( #144, #507 ) ;
#1441 = ORIENTED_EDGE ( 'NONE', *, *, #16, .T. ) ;
#1442 = FACE_OUTER_BOUND ( 'NONE', #26, .T. ) ;
#1444 = AXIS2_PLACEMENT_3D ( 'NONE', #788, #104, #820 ) ;
#1443 = AXIS2_PLACEMENT_3D ( 'NONE', #959, #1433, #834 ) ;
#1445 = CARTESIAN_POINT ( 'NONE',  ( -50.45566346310296524, 0.000000000000000000, -76.00000000000001421 ) ) ;
#1446 = CIRCLE ( 'NONE', #1154, 1.499999999999994449 ) ;
#1447 = DIRECTION ( 'NONE',  ( 0.000000000000000000, 1.000000000000000000, 0.000000000000000000 ) ) ;
#1448 = ADVANCED_FACE ( 'NONE', ( #1163 ), #478, .F. ) ;
#1449 = LINE ( 'NONE', #1097, #922 ) ;
#1450 = EDGE_CURVE ( 'NONE', #216, #1227, #585, .T. ) ;
#1451 = VERTEX_POINT ( 'NONE', #940 ) ;
#1452 = CARTESIAN_POINT ( 'NONE',  ( -86.45566346310296524, 0.000000000000000000, -40.92448499199284839 ) ) ;
#1453 = DATE_AND_TIME ( #1344, #904 ) ;
#1454 = ORIENTED_EDGE ( 'NONE', *, *, #1463, .F. ) ;
#1455 = LINE ( 'NONE', #611, #715 ) ;
#1456 = VERTEX_POINT ( 'NONE', #1180 ) ;
#1457 = EDGE_LOOP ( 'NONE', ( #456, #1225, #1441, #882 ) ) ;
#1458 = EDGE_CURVE ( 'NONE', #390, #1227, #679, .T. ) ;
#1459 = DIRECTION ( 'NONE',  ( 0.000000000000000000, 0.000000000000000000, 1.000000000000000000 ) ) ;
#1460 = CARTESIAN_POINT ( 'NONE',  ( -86.45566346310296524, 0.000000000000000000, 39.42448499199281997 ) ) ;
#1461 = VERTEX_POINT ( 'NONE', #229 ) ;
#1462 = EDGE_LOOP ( 'NONE', ( #1190, #1035, #239, #1325 ) ) ;
#1463 = EDGE_CURVE ( 'NONE', #425, #1001, #339, .T. ) ;
#1464 = DIRECTION ( 'NONE',  ( 0.000000000000000000, 0.000000000000000000, 1.000000000000000000 ) ) ;
#1465 = AXIS2_PLACEMENT_3D ( 'NONE', #541, #772, #1020 ) ;
#1466 = FACE_BOUND ( 'NONE', #87, .T. ) ;
#1467 = CARTESIAN_POINT ( 'NONE',  ( 86.45566346310296524, 0.000000000000000000, 37.92448499199282708 ) ) ;
#1468 = DIRECTION ( 'NONE',  ( -0.000000000000000000, 3.469446951953613696E-16, 1.000000000000000000 ) ) ;
#1469 = ORIENTED_EDGE ( 'NONE', *, *, #529, .T. ) ;
#1470 = ORIENTED_EDGE ( 'NONE', *, *, #1177, .T. ) ;
#1471 = ORIENTED_EDGE ( 'NONE', *, *, #1473, .F. ) ;
#1472 = CARTESIAN_POINT ( 'NONE',  ( -90.45566346310296524, 70.00000000000000000, -79.42448499199285550 ) ) ;
#1473 = EDGE_CURVE ( 'NONE', #114, #942, #928, .T. ) ;
#1474 = CARTESIAN_POINT ( 'NONE',  ( 82.00000000000000000, 70.00000000000000000, -72.00000000000001421 ) ) ;
#1475 = CYLINDRICAL_SURFACE ( 'NONE', #819, 1.500000000000001332 ) ;
#1476 = ORIENTED_EDGE ( 'NONE', *, *, #1130, .T. ) ;
#1477 = ORIENTED_EDGE ( 'NONE', *, *, #1316, .F. ) ;
#1478 = ORIENTED_EDGE ( 'NONE', *, *, #1145, .T. ) ;
#1479 = DIRECTION ( 'NONE',  ( -0.000000000000000000, 1.000000000000000000, -0.000000000000000000 ) ) ;
#1480 = PLANE ( 'NONE',  #1366 ) ;
#1481 = FACE_BOUND ( 'NONE', #71, .T. ) ;
#1482 = VERTEX_POINT ( 'NONE', #463 ) ;
#1483 = VERTEX_POINT ( 'NONE', #1048 ) ;
#1484 = LINE ( 'NONE', #1131, #526 ) ;
#1486 = AXIS2_PLACEMENT_3D ( 'NONE', #1133, #552, #1488 ) ;
#1485 = CIRCLE ( 'NONE', #692, 1.500000000000001332 ) ;
#1487 = VECTOR ( 'NONE', #757, 1000.000000000000000 ) ;
#1488 = DIRECTION ( 'NONE',  ( 0.000000000000000000, 0.000000000000000000, 1.000000000000000000 ) ) ;
#1489 = CARTESIAN_POINT ( 'NONE',  ( -39.54433653689704187, 65.00000000000000000, -72.00000000000001421 ) ) ;
#1490 = ORIENTED_EDGE ( 'NONE', *, *, #861, .F. ) ;
#1491 = EDGE_CURVE ( 'NONE', #1434, #1273, #355, .T. ) ;
#1492 = ORIENTED_EDGE ( 'NONE', *, *, #313, .T. ) ;
#1493 = PLANE ( 'NONE',  #923 ) ;
#1494 = AXIS2_PLACEMENT_3D ( 'NONE', #1414, #10, #845 ) ;
#1495 = CARTESIAN_POINT ( 'NONE',  ( 10.45566346310296346, 5.000000000000004441, 6.102496759066545096 ) ) ;
#1496 = FACE_OUTER_BOUND ( 'NONE', #106, .T. ) ;
#1497 = CARTESIAN_POINT ( 'NONE',  ( -90.45566346310296524, 0.000000000000000000, -79.42448499199285550 ) ) ;
#1498 = VERTEX_POINT ( 'NONE', #1170 ) ;
#1499 = ORIENTED_EDGE ( 'NONE', *, *, #1013, .F. ) ;
#1500 = ADVANCED_FACE ( 'NONE', ( #470, #803 ), #105, .F. ) ;
#1501 = MANIFOLD_SOLID_BREP ( '\X2\52079664\X0\-\X2\62c94f38\X0\4', #1404 ) ;
#1502 = CARTESIAN_POINT ( 'NONE',  ( 86.45566346310296524, 0.000000000000000000, 39.42448499199282708 ) ) ;
#1503 = DIRECTION ( 'NONE',  ( -0.000000000000000000, -1.000000000000000000, -0.000000000000000000 ) ) ;
#1504 = CARTESIAN_POINT ( 'NONE',  ( 86.45566346310296524, 0.000000000000000000, 39.42448499199282708 ) ) ;
#1505 = DIRECTION ( 'NONE',  ( -0.000000000000000000, 1.000000000000000000, -0.000000000000000000 ) ) ;
#1506 = ORIENTED_EDGE ( 'NONE', *, *, #1065, .F. ) ;
#1507 = CARTESIAN_POINT ( 'NONE',  ( -87.95566346310296524, 40.00000000000000000, -39.42448499199285550 ) ) ;
#1508 = EDGE_CURVE ( 'NONE', #519, #664, #1064, .T. ) ;
#1509 = CARTESIAN_POINT ( 'NONE',  ( 90.45566346310296524, 70.00000000000000000, -79.42448499199285550 ) ) ;
#1510 = EDGE_CURVE ( 'NONE', #471, #1120, #1446, .T. ) ;
#1511 = CARTESIAN_POINT ( 'NONE',  ( -90.45566346310296524, 70.00000000000000000, -79.42448499199285550 ) ) ;
#1512 = CIRCLE ( 'NONE', #176, 1.499999999999994449 ) ;
#1514 = CIRCLE ( 'NONE', #1486, 1.499999999999994449 ) ;
#1513 = VECTOR ( 'NONE', #442, 1000.000000000000000 ) ;
#1515 = CARTESIAN_POINT ( 'NONE',  ( -90.45566346310296524, 35.00000000000000000, -39.42448499199285550 ) ) ;
#1516 = ORIENTED_EDGE ( 'NONE', *, *, #894, .F. ) ;
#1517 = CIRCLE ( 'NONE', #771, 1.500000000000001332 ) ;
#1518 = ORIENTED_EDGE ( 'NONE', *, *, #908, .F. ) ;
#1519 = FACE_OUTER_BOUND ( 'NONE', #981, .T. ) ;
#1520 = CARTESIAN_POINT ( 'NONE',  ( -87.95566346310296524, 0.000000000000000000, -39.42448499199285550 ) ) ;
#1521 = ADVANCED_FACE ( 'NONE', ( #829 ), #1310, .F. ) ;
#1522 = LINE ( 'NONE', #1040, #886 ) ;
#1523 = VERTEX_POINT ( 'NONE', #1415 ) ;
#1524 = FACE_OUTER_BOUND ( 'NONE', #1340, .T. ) ;
#1525 = AXIS2_PLACEMENT_3D ( 'NONE', #708, #369, #1100 ) ;
#1526 = VECTOR ( 'NONE', #938, 1000.000000000000000 ) ;
#1527 = CARTESIAN_POINT ( 'NONE',  ( -84.95566346310296524, 35.00000000000000000, -39.42448499199285550 ) ) ;
#1528 = CARTESIAN_POINT ( 'NONE',  ( 86.45566346310296524, 25.00000000000000000, 37.92448499199282708 ) ) ;
#1529 = FACE_OUTER_BOUND ( 'NONE', #147, .T. ) ;
#1530 = DIRECTION ( 'NONE',  ( 0.000000000000000000, 0.000000000000000000, 1.000000000000000000 ) ) ;
#1531 = ORIENTED_EDGE ( 'NONE', *, *, #1334, .F. ) ;
#1532 = EDGE_LOOP ( 'NONE', ( #830, #221 ) ) ;
#1533 = FACE_OUTER_BOUND ( 'NONE', #916, .T. ) ;
#1534 = DIRECTION ( 'NONE',  ( -0.000000000000000000, 1.000000000000000000, -0.000000000000000000 ) ) ;
ENDSEC;
END-ISO-10303-21;
