Pixel,SmoothedIntensityADC,ReferenceIntensityADC,ReferenceCorrectedRatio,ReferenceCorrectedRatioNormalizedMax
21,1475.686678885083,2295.3742109671243,0.6428959042209169,0.8716140210939979
22,1475.7379534951094,2295.264152045115,0.6429490706680555,0.8716861021579361
23,1475.796405766191,2295.1260979790954,0.6430132126795383,0.8717730634780853
24,1475.8421681486582,2294.990850138015,0.6430710466928026,0.8718514726521465
25,1475.8855077654955,2294.8584085218736,0.6431270453483527,0.8719273935174366
26,1475.8591606250125,2294.728773130671,0.6431518957299321,0.8719610847275874
27,1475.8349355832024,2294.601943964408,0.6431768871569014,0.8719949671617583
28,1475.8127716351753,2294.4779210230827,0.643201992973254,0.8720290046807412
29,1475.85987176773,2294.385531731707,0.643248421573602,0.8720919508261084
30,1475.837102128295,2294.294000866283,0.6432641595066048,0.8721132877221411
31,1475.816271572863,2294.222572855104,0.6432751072343629,0.8721281302385586
32,1475.7973190965438,2294.150757027123,0.6432869830267637,0.872144230990018
33,1475.7033105610883,2294.0785969572635,0.6432662387933779,0.8721161067407309
34,1475.6162522255977,2294.0061362204465,0.6432486072843686,0.872092202605762
35,1475.5360133653082,2293.933418391593,0.6432340195819155,0.8720724251489292
36,1475.4624632554558,2293.8604870456247,0.6432224067627479,0.8720566809266618
37,1475.395471171276,2293.7873857574637,0.6432136998975017,0.8720448764871271
38,1475.3349063880046,2293.7141581020296,0.6432078300501026,0.872036918369396
39,1475.357511314237,2293.640847654245,0.6432382440446665,0.8720781525162078
40,1475.3042148278569,2293.567497989031,0.6432355778155139,0.8720745377432755
41,1475.3338963213266,2293.494152681309,0.6432690899152821,0.8721199721842829
42,1475.4316217975786,2293.440073589341,0.6433268690070716,0.8721983068978799
43,1475.525521395731,2293.3847874720495,0.6433833212184913,0.8722748426771129
44,1475.615595115783,2293.3283553343244,0.6434384294265902,0.8723495563073305
45,1475.701842957735,2293.270838181056,0.6434921764967853,0.8724224245581113
46,1475.784264921587,2293.212297017136,0.6435445452831353,0.872493424183635
47,1475.7955970156495,2293.152792847451,0.6435661860905161,0.8725227639741313
48,1475.749993245896,2293.0923866768935,0.6435632518864733,0.8725187858909493
49,1475.70894305543,2293.0311395103536,0.6435625393951466,0.8725178199220791
50,1475.6723331494557,2292.969112352719,0.6435639822619897,0.8725197761065294
51,1475.640050233178,2292.906366208882,0.6435675141296844,0.8725245644795507
52,1475.6119810118007,2292.842962083731,0.64357306863736,0.8725320950715775
53,1475.5880121905286,2292.778960982157,0.6435805794198458,0.872542277907214
54,1475.6929493162745,2292.7144239090494,0.6436444652362052,0.8726288918876769
55,1475.6684009485477,2292.649411869299,0.6436520094650536,0.8726391200686303
56,1475.772645233043,2292.5839858677946,0.6437158482874205,0.8727256703364105
57,1475.8722095709788,2292.5182069094267,0.6437777484701511,0.8728095922696847
58,1475.9670939623547,2292.452135999086,0.6438376927416657,0.8728908624522964
59,1476.0669075488408,2292.3858341416612,0.6438998555849674,0.8729751404908671
60,1476.161391922438,2292.319362342043,0.6439597449520544,0.8730563362361266
61,1476.250555798131,2292.2623907467914,0.6440146476063704,0.8731307711842774
62,1476.4016718825935,2292.233549377807,0.6440886759917379,0.8732311360772899
63,1476.542940034816,2292.2021327309667,0.644159133677988,0.8733266599511025
64,1476.674429974674,2292.168236671099,0.6442260242290238,0.8734173476375205
65,1476.796211422041,2292.1319570630285,0.6442893511743105,0.8735032039216601
66,1476.908354096792,2292.0933897715854,0.6443491180104013,0.873584233544016
67,1476.9436637271108,2292.062239803264,0.6443732801312944,0.8736169916362849
68,1476.9740188888654,2292.0283446148937,0.6443960531112133,0.8736478663836105
69,1476.9898191553696,2291.9918087862857,0.644413218883842,0.8736711390907592
70,1477.001331649607,2291.9527368972526,0.644429227475741,0.8736928429359161
71,1477.008556371577,2291.9016243859337,0.6444467514033505,0.8737166012160805
72,1477.0114933212803,2291.8584433818105,0.6444601749232985,0.8737348003181783
73,1477.0101424987167,2291.8130313417114,0.6444723554233484,0.8737513141807767
74,1477.004503903886,2291.7654928454467,0.6444832634555655,0.8737661028794766
75,1477.004186678458,2291.715932472829,0.644497062550299,0.8737848111717044
76,1476.9989324144337,2291.664454803669,0.6445092471188025,0.8738013305501587
77,1476.9887498267983,2291.5727278510985,0.6445306020079192,0.8738302827034558
78,1476.9736476305347,2291.481889826925,0.6445495616559684,0.8738559874792464
79,1476.9536345406286,2291.3920104510225,0.644566109947252,0.8738784230284748
80,1476.928719272063,2291.303159443265,0.6445802307674221,0.873897567503916
81,1476.8989105398232,2291.2154065235277,0.6445919080042889,0.8739133990612706
82,1476.9314810505823,2291.128821411684,0.6446304839989607,0.8739656989400113
83,1476.9546306633322,2291.072301252618,0.6446564911355367,0.8740009584349611
84,1476.901165106257,2291.015140542207,0.6446492382222858,0.8739911252087083
85,1476.910226946914,2290.9670442869497,0.644666727367348,0.8740148363320068
86,1476.9100160442945,2290.9178499436707,0.6446804786477214,0.8740334797993283
87,1476.833338126583,2290.8676620921847,0.6446611310484137,0.8740072490538524
88,1476.7520717696468,2290.816585312302,0.6446400297771219,0.8739786407460376
89,1476.6566165468003,2290.764724183833,0.6446129543368588,0.8739419328852384
90,1476.5572395810268,2290.7121832865905,0.6445843569324113,0.8739031616027964
91,1476.4539408723263,2290.6206306337062,0.6445650236127758,0.8738769502171615
92,1476.3467204206984,2290.531204436986,0.6445433782176241,0.8738476042067381
93,1476.2355782261436,2290.4439744163055,0.6445194009176086,0.8738150966876449
94,1476.1205142886613,2290.359010291538,0.6444930718965176,0.873779400793809
95,1476.0015286082519,2290.2763817825585,0.6444643713521844,0.8737404896781997
96,1475.8786211849153,2290.196158609241,0.6444332794974063,0.8736983365140739
97,1475.7517920186517,2290.1184104914605,0.6443997765608787,0.8736529144962425
98,1475.7025201120136,2290.072034574099,0.6443913107678557,0.8736414368933366
99,1475.714946808102,2290.0359344947055,0.6444068953589225,0.8736625658941556
100,1475.7219301250077,2289.969146341158,0.6444287393491177,0.8736921811522491
101,1475.7434596221792,2289.890308850341,0.6444603280421274,0.8737350079109117
102,1475.7693901864131,2289.8091008838005,0.6444945081303103,0.8737813479854197
103,1475.7902346858202,2289.7255921614083,0.6445271170213607,0.8738255578901107
104,1475.7650379232628,2289.6302432613697,0.6445429528486529,0.8738470275075292
105,1475.731648203981,2289.5045548865487,0.6445637529107723,0.8738752274473077
106,1475.6997356745353,2289.379363265832,0.6445850606294575,0.8739041156487127
107,1475.5302274872436,2289.245094117486,0.6445488214777924,0.87385498397359
108,1475.3621964897875,2289.1120407094477,0.6445128810875239,0.8738062573479016
109,1475.118708543918,2288.990496309653,0.6444407309345006,0.8737084388914668
110,1474.8817699087367,2288.901688005318,0.6443622186298592,0.8736019948698069
111,1474.6512498594793,2288.7860480073755,0.6442940576046046,0.873509584722357
112,1474.4270176713821,2288.67243860077,0.6442280654949493,0.8734201151088791
113,1474.2089426196803,2288.5916960143895,0.6441555062823278,0.873321742064868
114,1473.99689397961,2288.515053828113,0.6440844212556006,0.8732253676664958
115,1473.7907410264067,2288.442573046833,0.6440147366530599,0.8731308919104207
116,1473.5903530353066,2288.3743146754364,0.6439463786956149,0.8730382147697341
117,1473.3955992815452,2288.310339718815,0.643879273587775,0.8729472361952926
118,1473.2063490403577,2288.250709181859,0.6438133475186764,0.8728578561171109
119,1473.0224715869808,2288.195484069458,0.6437485266631473,0.8727699744458053
120,1472.8438361966498,2288.144725386501,0.643684737182813,0.872683491074092
121,1472.6607030029306,2288.0600575711996,0.6436285175862804,0.8726072706653503
122,1472.4831996890578,2287.982575260439,0.6435727332938479,0.8725316404254908
123,1472.311186815283,2287.950741165852,0.6435065057672744,0.8724418516426337
124,1472.1445249418578,2287.8947203753855,0.6434494174191355,0.8723644534132278
125,1471.9926837707037,2287.79401350301,0.6434113714271099,0.8723128720920866
126,1471.8452654540722,2287.6966575420915,0.6433743130242745,0.8722626297071241
127,1471.774009128083,2287.6314712026556,0.6433614975380368,0.8722452549541998
128,1471.7115810811717,2287.53884312071,0.6433602583436051,0.8722435749011236
129,1471.6579115934649,2287.4783933752315,0.6433537977257118,0.8722348158390363
130,1471.6129309450873,2287.428947168907,0.643348040500434,0.8722270104101298
131,1471.6587064000312,2287.421989996955,0.6433700090476049,0.8722567945378734
132,1471.7183648249372,2287.419804278896,0.643396704912631,0.8722929877848816
133,1471.7919062198055,2287.422451019623,0.6434281107819639,0.8723355666780982
134,1471.8793305846355,2287.4107729406837,0.6434696155130872,0.8723918372272669
135,1471.9998562027677,2287.405347862968,0.6435238326158496,0.8724653427304758
136,1472.1906211082232,2287.406219361397,0.6436069853474617,0.8725780780680159
137,1472.4573562746666,2287.4134310108907,0.6437215661638983,0.872733422417698
138,1472.728322565979,2287.4270263863714,0.6438361991781499,0.8728888375352093
139,1472.9831164609582,2287.4470490627605,0.6439419513839615,0.8730322123875638
140,1473.2410695377398,2287.4927608983194,0.6440418499769086,0.8731676511323568
141,1473.44069235322,2287.4923530370547,0.6441292319062681,0.8732861202567048
142,1473.6397007623084,2287.4733543713187,0.6442215809623358,0.8734113236241162
143,1473.8381557698947,2287.4645923261205,0.6443108062587103,0.8735322919159433
144,1474.1182553647352,2287.455808493463,0.6444357306887609,0.8737016597468695
145,1474.4032571382347,2287.4470115883278,0.6445628028403848,0.8738739393777069
146,1474.5438908396015,2287.438210325701,0.6446267637671602,0.8739606551900391
147,1474.756163454768,2287.4294134205666,0.6447220424823747,0.874089830478834
148,1474.968266127741,2287.4110204462386,0.6448199527516473,0.8742225735293757
149,1475.1802598634101,2287.3932985256993,0.6449176277705336,0.8743549976363159
150,1475.4070786588425,2287.3762476589504,0.6450215963241159,0.8744959542802457
151,1475.5616519775695,2287.359867845991,0.6450937925072137,0.8745938351425195
152,1475.648983092068,2287.344159086822,0.6451364029456732,0.8746516047679946
153,1475.7362749891367,2287.3291213814423,0.6451788075420731,0.8747090953205683
154,1475.8234666638866,2287.314754729853,0.6452209795840673,0.8747662705846491
155,1475.9104971114273,2287.301059132053,0.6452628923590327,0.8748230943442701
156,1475.9973053268686,2287.2880345880426,0.6453045191541461,0.8748795303831931
157,1476.0689573131442,2287.265413974839,0.6453422275764722,0.8749306540400665
158,1476.1303866228563,2287.2427977191273,0.6453754660829517,0.8749757175536114
159,1476.1911326778009,2287.2201771059235,0.6454084077492103,0.8750203786223795
160,1476.2408673501043,2287.197543420243,0.6454365394003329,0.8750585184540287
161,1476.2795296348768,2287.174887947103,0.6454598366808493,0.8750901040283311
162,1476.3070585272285,2287.1522019715167,0.645478275234441,0.8751151023239085
163,1476.323393022269,2287.1294767785016,0.6454918307037518,0.8751334803179761
164,1476.328472115109,2287.106703653073,0.6455004787302003,0.8751452049860877
165,1476.322234800858,2287.064655596907,0.6455096191478455,0.8751575972196141
166,1476.3046200746262,2287.0238407110164,0.6455134370683497,0.8751627734122466
167,1476.2659577898535,2286.895118650167,0.6455328649532537,0.875189113005906
168,1476.2883152105323,2286.7681570161426,0.6455784818767314,0.8752509587103836
169,1476.304419629988,2286.6839197210643,0.645609306514943,0.8752927495923661
170,1476.3245294562198,2286.6039004783793,0.6456406941085681,0.8753353037080673
171,1476.3390355475583,2286.5280295682123,0.6456684617272547,0.8753729499982689
172,1476.347937904003,2286.466504393673,0.6456897291375375,0.875401783551062
173,1476.3608456672234,2286.4507233001336,0.6456998310185875,0.8754154793004124
174,1476.3572333062384,2286.4730249449126,0.6456919531520858,0.8754047987861112
175,1476.3569770857005,2286.5045819029997,0.6456829296431875,0.875392565053055
176,1476.350476578924,2286.545394174395,0.6456685619888999,0.8753730859292261
177,1476.4000012201063,2286.5954617590983,0.645676083028827,0.8753832826715147
178,1476.4486151454312,2286.654784657109,0.6456805920386576,0.8753893958169925
179,1476.4291153680992,2286.7137537267586,0.6456554140026916,0.8753552603853814
180,1476.34150188811,2286.722998582086,0.6456144897320472,0.8752997768026388
181,1476.3248475531464,2286.7420870121596,0.6456018175106496,0.8752825962827817
182,1476.3118883715183,2286.7504237661246,0.6455937967817806,0.8752717220810708
183,1476.3026243432257,2286.7671486924614,0.6455850239003796,0.8752598281393233
184,1476.3791924521352,2286.7921833563114,0.6456114391143589,0.8752956408902265
185,1476.4647892847613,2286.825449322816,0.6456394779592723,0.8753336548987174
186,1476.5594845609783,2286.895695582127,0.6456610537216135,0.8753629065036023
187,1476.7306119923498,2286.9720684753884,0.645714319098271,0.8754351216924513
188,1476.9064324427577,2287.064124854364,0.645765204566271,0.8755041102908969
189,1477.0870766369658,2287.16155402115,0.6458166778993115,0.8755738958945942
190,1477.190538315873,2287.2643124008255,0.6458328975392184,0.8755958858706807
191,1477.3758886015935,2287.372356418469,0.6458834235956428,0.875664387192467
192,1477.4842481016672,2287.485642499157,0.6458988072543549,0.8756852437767774
193,1477.5206810934603,2287.5835928220035,0.6458870774076346,0.8756693408929676
194,1477.5524515686623,2287.6757555237887,0.6458749444719102,0.8756528915162877
195,1477.5795595272732,2287.74350058261,0.6458676679229923,0.8756430262456889
196,1477.6020049692927,2287.8175335025917,0.6458565787399666,0.8756279919495544
197,1477.6197878947212,2287.8881492772366,0.6458444169840706,0.8756115034995728
198,1477.637514172752,2287.9655104497156,0.6458303271723322,0.875592401064194
199,1477.7213924104774,2288.020685015208,0.6458514130088187,0.8756209884460818
200,1477.8138200477845,2288.0843436179,0.6458738394717904,0.8756513933987987
201,1477.914849374578,2288.156355533026,0.6458976659531196,0.875683696443605
202,1477.9668778307444,2288.2365900358236,0.6458977556195822,0.8756838180100134
203,1478.0315081541837,2288.324916401527,0.6459010683143901,0.8756883092367006
204,1478.1087403448953,2288.4212039053723,0.6459076405263093,0.8756972195937597
205,1478.0651018040974,2288.5157126809254,0.645861898004008,0.8756352036071336
206,1478.1588706774853,2288.6185704114223,0.6458738427573619,0.8756513978532526
207,1478.1316555245678,2288.729637657112,0.6458306089126702,0.8755927830371188
208,1478.1082618922583,2288.8583841199174,0.6457840607996381,0.8755296748609618
209,1478.1366221941107,2288.9944119520915,0.6457580737095517,0.8754944425442865
210,1478.1646731140206,2289.137590428869,0.6457299374639544,0.8754562964836217
211,1478.191686950801,2289.2877888254866,0.6456993717286998,0.8754148566125042
212,1478.2175939845783,2289.4250001525256,0.6456719892051921,0.8753777324198229
213,1478.2377186262831,2289.538151150958,0.6456488693508637,0.8753463873932549
214,1478.2473852868495,2289.6558949461073,0.6456198892373929,0.8753070972483523
215,1478.246524246402,2289.7780572382876,0.6455850686373169,0.8752598887919757
216,1478.2350657850675,2289.9044637278134,0.6455444273769388,0.875204788903879
217,1478.1456761912818,2289.9676761233095,0.6454875724244445,0.8751277071034859
218,1478.121964462046,2290.0290618581002,0.6454599153701206,0.8750902107122775
219,1478.0965968857963,2290.0979860542952,0.6454294121416483,0.875048855585498
220,1478.1470348573312,2290.1742046923355,0.6454299554281754,0.8750495921528822
221,1478.1917993740983,2290.2574737526597,0.645426034546253,0.875044276369042
222,1478.1636264444085,2290.3578163386915,0.6453854571978468,0.8749892631303863
223,1478.201588915943,2290.455120881203,0.6453746137349492,0.8749745619723346
224,1478.1665529361308,2290.5587525023034,0.6453301192651439,0.8749142380482144
225,1478.1303273609633,2290.668467182433,0.6452833958897127,0.8748508922579064
226,1478.0825840625685,2290.784020902032,0.6452300044770481,0.8747785061941923
227,1478.1001264544307,2290.90516964154,0.6452035405226793,0.874742627362907
228,1478.0438119689939,2291.072737873331,0.6451317706049681,0.8746453244151683
229,1477.9277858972466,2291.2480798711013,0.645031761894762,0.8745097363775485
230,1477.7943106839693,2291.4309864752295,0.6449220244495216,0.8743609584878737
231,1477.6637811353794,2291.6212485260917,0.6448115202657387,0.8742111410829994
232,1477.5360578117281,2291.818656864066,0.6447002485936063,0.8740602831463654
233,1477.3583496957249,2292.023002329529,0.6445652369955238,0.8738772395134438
234,1477.2348583684416,2292.203274393908,0.644460670164187,0.8737354717470975
235,1477.2429842197864,2292.3880651776376,0.6444122645112945,0.8736698451884521
236,1477.171714821321,2292.557263111489,0.644333617567521,0.8735632186281348
237,1477.0882444448598,2292.7304917255715,0.6442485280217837,0.8734478574310479
238,1477.0739823730814,2292.90749828534,0.6441925736113003,0.8733719965515507
239,1477.1186614830026,2293.088030056251,0.6441613414408552,0.8733296531527354
240,1477.160740041614,2293.2718343037595,0.6441280610286142,0.8732845328249396
241,1477.19067862712,2293.4586582933225,0.644088644582925,0.8732310934944059
242,1477.208546959394,2293.6893177823285,0.6440316635330737,0.8731538407359718
243,1477.2144147583112,2293.9251583294895,0.6439680080208312,0.8730675389931449
244,1477.208351743746,2294.1659620602004,0.6438977720762571,0.872972315748334
245,1477.1904276355722,2294.392292816513,0.6438264425227068,0.872875609829717
246,1477.1607121536642,2294.624449539818,0.6437483538754699,0.8727697401867887
247,1477.119275017896,2294.862196925541,0.6436636051597404,0.8726548410741726
248,1477.0757950898121,2295.105299669105,0.6435764822218695,0.8725367230807173
249,1477.0098165583045,2295.3227210969853,0.6434867755120766,0.8724151021067331
250,1476.9982822766065,2295.5327600616797,0.6434228724476667,0.872328464742014
251,1476.9124562398938,2295.744755540347,0.6433260721496343,0.8721972265486188
252,1476.8716744709436,2295.958437368472,0.6432484362232924,0.8720919706876062
253,1476.8138069753074,2296.173535381542,0.6431629771091817,0.8719761084436564
254,1476.7492516007333,2296.389779415046,0.6430743007299493,0.8718558843529889
255,1476.6781477869688,2296.6171664274534,0.6429796700004832,0.8717275875788338
256,1476.5903765657642,2296.876627196516,0.6428688241597185,0.8715773069683087
257,1476.4764769501821,2297.139098992648,0.6427457865297114,0.8714104971897235
258,1476.418725363837,2297.414613634258,0.6426435683841606,0.871271913682989
259,1476.282794267989,2297.693335390083,0.6425064526800127,0.8710860173824171
260,1476.290093938824,2297.975037670533,0.6424308661922392,0.870983540072924
261,1476.2248875549237,2298.259493886016,0.6423229802735836,0.8708372724131653
262,1476.1592541367938,2298.546477446941,0.6422142291316226,0.8706898317162799
263,1476.0934028440563,2298.7781069136972,0.6421208721296879,0.8705632618138752
264,1476.0275428363348,2299.015706144687,0.6420258630209819,0.8704344520474167
265,1475.9618832732517,2299.2589962604134,0.6419293718862478,0.8703036330059617
266,1475.8966333144301,2299.5076983813797,0.6418315687106905,0.8701710351490403
267,1475.8320021194925,2299.742315344748,0.6417379861527027,0.8700441594462454
268,1475.7681988480617,2299.98308508702,0.6416430661672566,0.8699154705097416
269,1475.7054326597604,2300.229711298729,0.6415469835082536,0.8697852052642777
270,1475.6343035725417,2300.481897670411,0.6414457358116343,0.8696479374556054
271,1475.5652791540272,2300.7393478925997,0.6413439577610544,0.8695099506130346
272,1475.5184361135086,2301.062052431102,0.6412336575428742,0.8693604097370322
273,1475.46450691927,2301.390796453712,0.64111862669863,0.8692044552566206
274,1475.4139678539173,2301.684267448937,0.6410149249050507,0.8690638602758425
275,1475.3670280770732,2302.0114244729098,0.6409034344453295,0.8689127057152468
276,1475.3136296253772,2302.343187366075,0.640787888495965,0.8687560528747396
277,1475.3404552184973,2302.736958243909,0.640689962410473,0.8686232883811641
278,1475.36563803708,2303.1001325549246,0.6405998667545539,0.8685011400886906
279,1475.3894482456387,2303.4921125034884,0.6405011939208037,0.8683673631819891
280,1475.4121560086853,2303.8530688510036,0.6404106997780527,0.8682446746360972
281,1475.4340314907329,2304.1436804598857,0.6403394215400013,0.8681480382890985
282,1475.4553448562942,2304.4451387382055,0.6402649037087413,0.8680470098238037
283,1475.4859754115519,2304.747555664797,0.6401941816946424,0.8679511275842623
284,1475.5159349130197,2305.050652360162,0.6401229983394185,0.8678546198758227
285,1475.535893098525,2305.374684190771,0.6400416831229607,0.8677443757720298
286,1475.5358530095973,2305.680953140415,0.639956647514422,0.8676290877009627
287,1475.4736829262213,2305.989714575563,0.6398439999971096,0.8674763644453216
288,1475.3353682821717,2306.28147133338,0.6397030833488005,0.8672853149680029
289,1475.1210485171976,2306.576461350365,0.6395283543531874,0.867048423985391
290,1474.9026719270396,2306.874388317054,0.6393510974834797,0.8668081058064165
291,1474.6803169465568,2307.154421678014,0.6391771192645218,0.8665722326984794
292,1474.4540620106075,2307.406638552141,0.6390091964612716,0.8663445692947879
293,1474.2143764123803,2307.6615004239975,0.6388347581053443,0.8661080723505009
294,1473.971596994733,2307.908400286214,0.6386612210484347,0.865872797353431
295,1473.7257934775396,2308.1565986810874,0.6384860517348117,0.8656353094042673
296,1473.409771588985,2308.405747009249,0.6382802388609204,0.8653562760717675
297,1473.2345437575086,2308.6554966713256,0.6381352895144612,0.8651597592143838
298,1472.9219730027298,2308.905499067946,0.6379308176957939,0.8648825440339807
299,1472.6112018922058,2309.1656727227237,0.6377243604855162,0.8646026371345082
300,1472.3695031326095,2309.426068609599,0.6375477973274358,0.8643632594635959
301,1472.196946443816,2309.715174269197,0.6373932867759873,0.8641537798850742
302,1471.9591345672093,2310.001874593133,0.6372112294612183,0.8639069534437274
303,1471.7280070835475,2310.257028416963,0.6370408093042387,0.8636759042220333
304,1471.5036337127049,2310.5110972252505,0.6368736490726531,0.8634492746842455
305,1471.2860841745555,2310.763741133607,0.6367098712795177,0.8632272309289448
306,1471.0658190473036,2311.014620257646,0.636545440324086,0.8630043016408359
307,1470.8627756004926,2311.263394712981,0.6363890757605098,0.8627923084625928
308,1470.5852774284604,2311.5097246152254,0.636201207275152,0.8625376034553209
309,1470.3108556458806,2311.753270079991,0.6360154756458958,0.8622857955169635
310,1470.0292431297685,2311.993691222892,0.6358275321902891,0.8620309888678557
311,1469.750040306811,2312.23064815954,0.6356416222908747,0.861778939237541
312,1469.4059744703338,2312.4638010055487,0.6354287465305962,0.8614903303100434
313,1469.1361097530346,2312.721637301541,0.6352412179907683,0.8612360861881005
314,1468.878176720717,2312.9730419391326,0.6350606557390959,0.8609912866969158
315,1468.6891722420864,2313.2712259978575,0.6348970910700493,0.8607695318872172
316,1468.4972874611508,2313.560444080753,0.6347347834452749,0.8605494813307352
317,1468.3025833827994,2313.8401889757333,0.6345738959754054,0.8603313561667141
318,1468.1153881349057,2314.1101818033007,0.6344189657343184,0.8601213075888087
319,1467.9261622956747,2314.387972798804,0.6342610571556428,0.859907221093124
320,1467.73497558498,2314.7115645227072,0.6340897924738309,0.8596750268965124
321,1467.5418977226957,2315.028824810528,0.6339194924896046,0.8594441406005051
322,1467.3469984286967,2315.339535787661,0.6337502451576789,0.8592146814507879
323,1467.1503474228568,2315.643479579498,0.6335821383390501,0.858986768565986
324,1466.9417473020671,2315.9212200280936,0.6334160828166133,0.8587616367511997
325,1466.7308682128876,2316.1450103664874,0.6332638335027237,0.8585552228732813
326,1466.5177711602082,2316.3659073300996,0.6331114469089008,0.8583486228764065
327,1466.3025171489187,2316.5836320394333,0.6329590250355179,0.8581419750488349
328,1466.0954343068927,2316.8156214350406,0.6328062625021451,0.8579348653672965
329,1465.8869832123344,2317.065754556425,0.632647986070193,0.8577202801500126
330,1465.7491034460004,2317.3078829647466,0.6325223826411586,0.8575499917578714
331,1465.614661740966,2317.541788785398,0.6324005326821232,0.8573847921787985
332,1465.4837888219952,2317.767254143771,0.6322825495967989,0.8572248351612698
333,1465.3566154138525,2317.9840611652594,0.6321685467833684,0.8570702744462648
334,1465.2332722413018,2318.1919919752563,0.6320586376423568,0.8569212637779388
335,1465.1138900291078,2318.4238096856734,0.6319439456704616,0.8567657687278778
336,1464.9985995020343,2318.6558958176056,0.6318309681676356,0.8566125980903223
337,1464.8875313848455,2318.8540693311998,0.6317290728895872,0.8564744523151709
338,1464.7089465414233,2319.0468874869525,0.6315995396404697,0.8562988360211683
339,1464.5301786833313,2319.2238129973675,0.6314742762107857,0.856129008587324
340,1464.3512975304432,2319.394176124618,0.6313507693535597,0.8559615626481717
341,1464.172372802634,2319.5576979892057,0.6312291235833046,0.8557966399005466
342,1463.9934742197777,2319.714099711635,0.6311094433584585,0.8556343819652592
343,1463.8146715017485,2319.863102412409,0.6309918330868483,0.855474930394504
344,1463.6360343684203,2320.0044272120294,0.6308763971313991,0.8553184266795988
345,1463.457632539668,2320.1480623539837,0.6307604485615751,0.8551612279814567
346,1463.279535735366,2320.314929901038,0.6306383314086486,0.854995666150983
347,1463.1018136753876,2320.4426044207767,0.6305270429391222,0.8548447854410759
348,1462.9245360796076,2320.597374698149,0.6304085973853595,0.8546842014262797
349,1462.819642528783,2320.7499923744026,0.6303219421891045,0.8545667175792672
350,1462.7199997559887,2320.890639148246,0.6302408114726159,0.8544567236135744
351,1462.6257384859891,2320.998947229913,0.6301707892765815,0.8543617901609725
352,1462.4601163101886,2321.1491342970503,0.6300586613333177,0.8542097713242314
353,1462.366933955243,2321.297194908023,0.6299783315824782,0.8541008632775585
354,1462.2886498659286,2321.442885043271,0.6299050729558104,0.854001541994361
355,1462.2253773370405,2321.5859606832337,0.6298389989000077,0.8539119612813869
356,1462.177229663375,2321.7364449313354,0.6297774378549752,0.8538284991382137
357,1462.1443201397274,2321.88449334133,0.6297231082479967,0.8537548411060314
358,1462.1267620608933,2322.0298706086423,0.6296761211248526,0.853691137736521
359,1462.1246687216687,2322.152465164043,0.6296419768537379,0.8536448462214434
360,1462.086817801933,2322.281509679311,0.6295906898917848,0.8535753132926378
361,1462.0510576069262,2322.406493011904,0.6295414097429636,0.8535085011253923
362,1462.027058283209,2322.5271711422606,0.6294983655946457,0.8534501434924481
363,1462.014880835671,2322.6535671738056,0.6294588661427645,0.8533965916252497
364,1461.9427164083197,2322.7758366602925,0.6293946636324208,0.8533095482830266
365,1461.8778289928441,2322.893744297146,0.6293347823514737,0.8532283635006506
366,1461.8202185892444,2323.0070547797905,0.6292792850462599,0.8531531223472388
367,1461.7698851975208,2323.1155328036502,0.629228234479318,0.8530839099138741
368,1461.7986986785556,2323.2908129250327,0.6291931645174222,0.8530363633821465
369,1461.8490651872196,2323.465456852562,0.6291675483600627,0.8530016339620732
370,1461.9107873204034,2323.6392902865537,0.6291470424999221,0.8529738328902422
371,1461.9120649370996,2323.8121389273215,0.6291007953904236,0.852911132803324
372,1461.9201707439806,2323.9838284751795,0.6290578070429952,0.8528528508231212
373,1462.006983316914,2324.1541846304417,0.6290490506116677,0.852840979183763
374,1462.0334385232022,2324.323033093424,0.6290147357776655,0.852794456425955
375,1462.2059429220906,2324.490199564439,0.6290437116904504,0.8528337408757258
376,1462.3854933857713,2324.6459006021323,0.6290788171252157,0.8528813355002323
377,1462.5722206390085,2324.800220314816,0.6291173787143535,0.852933615848493
378,1462.694385545684,2324.962584829492,0.6291259889900358,0.8529452893355396
379,1462.891191678244,2325.1225527234906,0.6291673486047918,0.8530013631414104
380,1463.1571085076632,2325.279949697125,0.6292391196587938,0.8530986676296892
381,1463.4551984445582,2325.42499230904,0.6293280597244353,0.8532192492164457
382,1463.699179658538,2325.56776466755,0.62939433625482,0.853309104436822
383,1463.961061450234,2325.7080837579847,0.6294689654622085,0.8534102839016714
384,1464.2204490134286,2325.845766565674,0.6295432268389342,0.8535109646755803
385,1464.4350799033418,2325.980630075948,0.6295990005108191,0.8535865805165019
386,1464.581199687315,2326.1124912741357,0.6296261273611431,0.8536233580771231
387,1464.7363394800204,2326.2226068435425,0.6296630146963987,0.8536733685351124
388,1464.900499281458,2326.3319685668084,0.6297039799457101,0.8537289076751864
389,1465.0634119686451,2326.4403759992956,0.6297446635997899,0.853784065039065
390,1465.1628081073843,2326.5476286963653,0.6297583552709639,0.8538026276904821
391,1465.3427551028499,2326.691962780059,0.6297966290956617,0.8538545178985678
392,1465.5211159711757,2326.8321441737417,0.6298353405684028,0.8539070014533655
393,1465.6978907123626,2326.9680072927126,0.6298745346385806,0.8539601392955672
394,1465.8730793264099,2327.09938655227,0.6299142562613899,0.854013992373731
395,1466.123554946677,2327.2261163677126,0.6299875824850972,0.8541134053024456
396,1466.3672503091723,2327.368565400306,0.6300537319738861,0.8542030882846176
397,1466.6042351337705,2327.507367211977,0.630117977624515,0.8542901901148124
398,1466.844188282015,2327.642373647993,0.6301845184159912,0.8543804036104102
399,1467.0666539427982,2327.8022639786304,0.6302368017441993,0.854451287375008
400,1467.281310977664,2327.9561148251605,0.6302873587837643,0.8545198307025678
401,1467.4932323789635,2328.103804177803,0.630338402327909,0.854589033614689
402,1467.7594934502617,2328.216382601768,0.6304222856683317,0.8547027594841005
403,1467.941099778735,2328.3245033112726,0.6304710093851066,0.8547688172617623
404,1468.0285206575713,2328.4280181515837,0.6304805255792111,0.8547817189588404
405,1468.1039017856217,2328.5267789679683,0.6304861576194986,0.8547893546666583
406,1468.1473756132168,2328.611028464024,0.6304820159602276,0.8547837395612151
407,1468.1788096900254,2328.6908768930175,0.6304738959809456,0.8547727307995373
408,1468.2084624240467,2328.737339960221,0.6304740501344502,0.8547729397950452
409,1468.2267246736103,2328.781036019916,0.630470062218874,0.8547675331295053
410,1468.2382023079106,2328.8217820574296,0.6304639597671469,0.8547592596555983
411,1468.1756313352573,2328.8497859164245,0.6304295108314667,0.8547125550877928
412,1468.1684754616629,2328.8847321318995,0.6304169782235969,0.8546955638506912
413,1468.1597291034368,2328.9161705662,0.6304047125691525,0.8546789345389763
414,1468.149383545595,2329.0055209425564,0.6303760855626611,0.8546401231231995
415,1468.137430073153,2329.0949976861853,0.6303467361922371,0.8546003323536459
416,1468.1238599711266,2329.184470072322,0.630316696180591,0.8545596052387698
417,1468.1086645245318,2329.273807376202,0.6302859972388883,0.8545179847713735
418,1468.091835018384,2329.4122405440376,0.6302413155841875,0.8544574070690313
419,1468.0733627376987,2329.520835348687,0.6302040061032358,0.8544068242818278
420,1468.062848109162,2329.6302798643037,0.6301698860965499,0.8543605656635476
421,1468.1371642661325,2329.8173339294517,0.6301511894883123,0.8543352175072134
422,1468.2046435179338,2329.9998169853434,0.6301307977858821,0.8543075712061008
423,1468.2550971764408,2330.1571512110913,0.6301099032798368,0.8542792432228095
424,1468.3276895095203,2330.308493885145,0.6301001319621378,0.8542659956387835
425,1468.3923729943635,2330.376910869255,0.6301093896637681,0.8542785468815136
426,1468.4492434957972,2330.4444084225233,0.6301155428503826,0.8542868891398675
427,1468.4791785953096,2330.5108558201855,0.630110421896534,0.8542799463437686
428,1468.420653989859,2330.514519599578,0.6300843189949997,0.8542445570142999
429,1468.3505515277886,2330.5128715960495,0.6300546842816578,0.8542043793875794
430,1468.2688799240834,2330.5057287949317,0.6300215707615112,0.8541594853257911
431,1468.175647893727,2330.4929081815535,0.6299850313809027,0.8541099466115897
432,1468.0612550100348,2330.5262203374755,0.629926941906472,0.8540311910929135
433,1467.935968395989,2330.558138095912,0.6298645566487805,0.8539466115133011
434,1467.722256936918,2330.5981311587843,0.6297620500567207,0.8538076369416678
435,1467.501529915499,2330.6261925366757,0.6296597603746384,0.8536689564484017
436,1467.2839847348416,2330.6524499128204,0.6295593256685381,0.8535327908616143
437,1467.0599512483861,2330.6972980934374,0.6294510884997696,0.8533860469901994
438,1466.8197593095722,2330.741396785405,0.6293361251199437,0.8532301839755019
439,1466.573606321509,2330.8051582249113,0.6292133004538305,0.8530636629253324
440,1466.3932924252051,2330.8692595488046,0.6291186373572324,0.8529353222690405
441,1466.2211540556568,2330.9335961772736,0.6290274233724447,0.852811657788463
442,1466.0469240898808,2330.9980635305064,0.6289352818549411,0.85268673579401
443,1465.8706025278766,2331.0933583976425,0.6288339320461593,0.8525493295455188
444,1465.7697204843178,2331.190574918812,0.6287644331846897,0.8524551056101829
445,1465.6628686765246,2331.2896346591583,0.6286918823326768,0.8523567439011697
446,1465.5597259660426,2331.390459183821,0.6286204527400826,0.8522599023533898
447,1465.521973525629,2331.492970057943,0.6285766212236134,0.8522004772364002
448,1465.5547540675093,2331.6066979883344,0.6285600205780683,0.8521779707072384
449,1465.6434037591296,2331.7213061321386,0.6285671447546792,0.85218762939721
450,1465.720928773313,2331.8367247694805,0.628569278973943,0.852190522891199
451,1465.71572941369,2331.9528841804868,0.6285357390180648,0.8521450506839282
452,1465.695278831573,2332.038913276333,0.6285037828860177,0.852101725765276
453,1465.731656047467,2332.1235436172024,0.6284965734594264,0.8520919514965962
454,1465.757867234195,2332.237480707217,0.6284771080815171,0.8520655610713341
455,1465.7741825562703,2332.3806548265025,0.6284455238998301,0.8520227404289527
456,1465.7808721782055,2332.531830172857,0.6284076612448974,0.8519714076693278
457,1465.7884733874969,2332.6807047633624,0.6283708140571228,0.851921451641779
458,1465.7773887989879,2332.8272437380797,0.6283265907209884,0.8518614953104644
459,1465.7677648418448,2332.9714122370724,0.628283637404853,0.8518032608243675
460,1465.7502712538942,2333.113175400402,0.6282379640680511,0.8517413386368324
461,1465.725186914634,2333.252498368133,0.6281896999745017,0.8516759039990056
462,1465.6927907035604,2333.4282900590924,0.6281284910051566,0.8515929191867714
463,1465.7252313610536,2333.6760561907467,0.6280757037690797,0.8515213522428893
464,1465.6068417855695,2333.889408592466,0.6279675619546408,0.8513747376492783
465,1465.4769649893024,2334.0080256290403,0.6278800025095631,0.8512560278558143
466,1465.273540697678,2334.10234790393,0.627767476440578,0.8511034692552351
467,1464.996708350445,2334.1927789383376,0.6276245567929357,0.8509097041869605
468,1464.718416243345,2334.2791880074983,0.6274821040124186,0.850716572079527
469,1464.438742811236,2334.3614443866486,0.6273401860421902,0.8505241650477134
470,1464.1577664889764,2334.4394173510245,0.6271988707894638,0.8503325751575584
471,1463.8755657114255,2334.5129761758612,0.6270582261270542,0.8501418944284648
472,1463.5922189134415,2334.5819901363943,0.6269183198950032,0.8499522148354024
473,1463.3078045298826,2334.6463285078603,0.6267792199022816,0.8497636283112167
474,1463.0224009956078,2334.7250788488336,0.6266358357348737,0.8495692334645625
475,1462.7360867454756,2334.797593618553,0.6264937443585741,0.8493765913353373
476,1462.4489402143445,2334.863759522223,0.6263530084999912,0.8491857869659112
477,1462.1610398370728,2334.904244981708,0.6262188451537668,0.8490038933608682
478,1461.872464048519,2334.939453518209,0.6260858121377916,0.8488235322149484
479,1461.5832912835422,2334.9692544069635,0.6259539771348106,0.848644795289865
480,1461.2935999770004,2334.993516923206,0.6258234078107978,0.8484677743245934
481,1461.0034685637527,2335.0121103421725,0.625694171817232,0.8482925610384573
482,1460.7129754786567,2335.024903939099,0.6255663367934488,0.848119247134317
483,1460.4990722899315,2335.0317669892215,0.6254728920339666,0.8479925582535391
484,1460.2028970350832,2335.032568767776,0.6253458373840367,0.8478203023508386
485,1459.9066651328376,2335.027178549997,0.6252204165089885,0.8476502614585073
486,1459.6104550180526,2335.0154656111213,0.6250966970088323,0.8474825272260896
487,1459.3143451255867,2334.9972992263843,0.6249747464843223,0.847317191304139
488,1459.0184138902987,2334.9725486710217,0.6248546325397774,0.8471543453480411
489,1458.7996128804066,2334.94108322027,0.624769345729478,0.8470387167071005
490,1458.499080133417,2334.9027721493635,0.624650883767128,0.8468781104461605
491,1458.1990310680558,2334.898553225473,0.6245235061941651,0.8467054167365904
492,1457.8995441191803,2334.9206953860394,0.6243893195173986,0.8465234915008784
493,1457.60069772165,2334.9403014861796,0.6242560877440393,0.846342860887193
494,1457.3025703103228,2334.9573018060196,0.6241238626432881,0.8461635950822647
495,1457.0052403200573,2334.9716266256846,0.6239926959736146,0.8459857642582743
496,1456.7087861857121,2334.9832062253013,0.62386263948365,0.8458094385740644
497,1456.4805503338357,2334.991970884994,0.623762551860857,0.8456737435497355
498,1456.1815383516036,2334.9978508848894,0.6236329244584775,0.8454979996062911
499,1455.883698534758,2335.0007765051128,0.6235045885996818,0.8453240066889292
500,1455.5871093181565,2335.0006780257904,0.6233775959966036,0.8451518349070101
501,1455.3591131283476,2335.007752850031,0.6232780646453896,0.8450168940547088
502,1455.1279795441972,2335.0636664461913,0.6231641562727938,0.8448624613790258
503,1454.9279392809694,2335.120355675952,0.6230633619138696,0.8447258081885035
504,1454.7144021215838,2335.1970213926857,0.6229514635360438,0.8445741005879257
505,1454.4984413250693,2335.273129350425,0.6228386834261438,0.844421197568255
506,1454.2904634541574,2335.32946126583,0.622734602365647,0.8442800883916936
507,1454.0906079485972,2335.3865339548993,0.6226338067840714,0.8441434335435466
508,1453.9086233898063,2335.4443299876643,0.6225404753696209,0.8440168983316879
509,1453.7343908095347,2335.5028319341563,0.622450279628057,0.8438946143468719
510,1453.5680583625149,2335.562022364406,0.6223632874844383,0.843776673679331
511,1453.4001650618104,2335.621883848446,0.6222754526803015,0.8436575905644395
512,1453.2411174701526,2335.672789814637,0.6221937952128493,0.8435468824496559
513,1453.1006641689605,2335.72498124101,0.6221197597488142,0.8434465079596528
514,1452.968686189983,2335.778431982612,0.6220490207012919,0.8433506026268385
515,1452.8453316879525,2335.7817802795735,0.6219953182073623,0.8432777948108774
516,1452.7307488176027,2335.78300212037,0.6219459374003695,0.8432108461750791
517,1452.548212600307,2335.7820277851274,0.6218680490395182,0.8431052480728789
518,1452.3799384547892,2335.7685204309873,0.6217996028933558,0.843012451369255
519,1452.293268807598,2335.752010764763,0.6217668922532978,0.8429681035170968
520,1452.2062061146155,2335.732420351594,0.6217348329206379,0.8429246386829459
521,1452.1284902422758,2335.7199378796063,0.6217048828039439,0.8428840334442556
522,1452.0602519153438,2335.704884487255,0.6216796743284231,0.842849856743844
523,1452.0016218585831,2335.6871904546665,0.6216592820273743,0.842822209631147
524,1451.9527307967583,2335.666786061966,0.6216437804661394,0.8428011931990427
525,1451.923318596303,2335.6436015892787,0.6216373583745174,0.8427924863694211
526,1451.8313877131006,2335.6175673167313,0.6216049271204248,0.8427485172982181
527,1451.7442805736982,2335.6399491393663,0.6215616756806353,0.8426898786273141
528,1451.6620756129548,2335.662675203879,0.6215204323056794,0.8426339624149808
529,1451.6617243990881,2335.706253611286,0.621508685929424,0.8426180371210504
530,1451.7285020946545,2335.7405322589643,0.6215281543668056,0.8426444316942298
531,1451.7907479983944,2335.774444877303,0.6215457794661574,0.8426683271392269
532,1451.8486712699296,2335.8079740363323,0.6215616554990606,0.8426898512658965
533,1451.9743509297666,2335.7897666911695,0.6216203066025942,0.8427693682201294
534,1452.1007931507281,2335.7678075452723,0.6216802836566122,0.842850682848023
535,1452.228268097327,2335.7420355937525,0.6217417188915583,0.8429339744226256
536,1452.357045934076,2335.712389831718,0.621804744563912,0.8430194222522848
537,1452.4976639484714,2335.6788092542806,0.6218738887356754,0.8431131653126934
538,1452.6407918783402,2335.6604511398896,0.6219400560425627,0.8432028724519712
539,1452.7194446114902,2335.636737667657,0.6219800456051059,0.8432570887927212
540,1452.8057098834108,2335.6538730697544,0.6220124165803667,0.8433009761401573
541,1452.8998055687093,2335.7045202009117,0.6220392147221321,0.8433373080501114
542,1452.9198125581265,2335.715379942826,0.6220448882747397,0.8433450000387673
543,1452.9427521397552,2335.724854002239,0.6220521863481281,0.8433548944914315
544,1452.9687724683276,2335.732907519215,0.6220611816492013,0.8433670899813823
545,1452.9980216985766,2335.739505633815,0.6220719468904552,0.8433816850894795
546,1452.8716378680097,2335.7446134861034,0.6220164779485869,0.843306482390022
547,1452.7486398088367,2335.7481962161414,0.6219628649022426,0.8432337958437235
548,1452.6290362360417,2335.7502189639936,0.6219111206507113,0.8431636429389536
549,1452.5025687416257,2335.750646869722,0.6218568624558493,0.8430900817246256
550,1452.3788464672589,2335.7186437044397,0.6218124132296141,0.8430298191400315
551,1452.3347425463,2335.6829758882664,0.6218030261551114,0.84301709249844
552,1452.2733167225815,2335.6435824163127,0.6217872143061096,0.8429956553898835
553,1452.1996332734695,2335.631203652638,0.6217589622036258,0.8429573522548214
554,1452.1137532038542,2335.6169773122947,0.6217259796059842,0.8429126356928277
555,1452.0978745024918,2335.600868535347,0.6217234691358463,0.8429092320920933
556,1452.0752547607865,2335.582842461857,0.6217185827714867,0.8429026073435765
557,1452.0562918264861,2335.5731322263696,0.6217130484123711,0.8428951040682076
558,1452.0315159976694,2335.580749122633,0.6217004128601116,0.8428779732629849
559,1452.0010667140848,2335.5885926084866,0.62168528794381,0.8428574674718765
560,1451.9650834154806,2335.599574360181,0.6216669583925725,0.84283261695758
561,1451.9955754024884,2335.619252794691,0.6216747758287655,0.8428432155427478
562,1452.025479128057,2335.6498258310526,0.6216794414425582,0.8428495410059713
563,1452.0652621598083,2335.700253344606,0.6216830520442524,0.84285443612358
564,1452.1151336573648,2335.758978394696,0.6216887731521701,0.8428621925859318
565,1452.2323083640406,2335.8157687182743,0.6217238224917542,0.8429097111587069
566,1452.3451952984487,2335.871070522538,0.6217574307187925,0.8429552759254421
567,1452.4540733400872,2335.948209462918,0.6217835084939816,0.8429906311895594
568,1452.559221368453,2336.0212480031937,0.6218090792667599,0.8430252990789291
569,1452.6609182630427,2336.069063635958,0.6218398851624956,0.8430670645505697
570,1452.6921789116639,2336.131461180424,0.6218366573333304,0.8430626883815202
571,1452.7148239268238,2336.1892920731257,0.6218309573012768,0.8430549604930301
572,1452.5700523509195,2336.2220917879717,0.6217602587771224,0.8429591101002697
573,1452.427202429049,2336.1977952832904,0.6217055787662559,0.8428849770037109
574,1452.2382894577536,2336.236326843299,0.621614462874141,0.84276144551348
575,1452.0149139526113,2336.2608830545114,0.6215123167470042,0.842622959646595
576,1451.79681101296,2336.281792044802,0.6214133996833887,0.8424888516222527
577,1451.5839632088307,2336.299114819061,0.6213176874491311,0.8423590885846888
578,1451.3968873562221,2336.312912382177,0.6212339450182351,0.8422455537550995
579,1451.2163651717935,2336.332854880711,0.6211513749593228,0.8421336083832313
580,1451.0423966555456,2336.3487449115523,0.6210726886625302,0.8420269284695747
581,1451.019118932527,2336.3613101758915,0.6210593852126783,0.8420088921539851
582,1450.992655882753,2336.3712783749133,0.6210454088838164,0.8419899435744103
583,1450.9734053539714,2336.378719228494,0.6210351915177107,0.8419760912547767
584,1450.9518976442607,2336.383702456507,0.6210246613682117,0.8419618148752146
585,1451.009751195922,2336.3862977788267,0.6210487334972726,0.8419944509599514
586,1451.0696440539054,2336.3865749153265,0.6210742946536979,0.8420291058118323
587,1451.1221762361638,2336.3365578775324,0.621110075662408,0.8420776163540147
588,1451.1778153103187,2336.287608425313,0.6211469042068971,0.8421275471057001
589,1451.2470288439922,2336.23975270362,0.6211892538702556,0.842184963182128
590,1451.320416855137,2336.193016857408,0.6212330943474093,0.8422444004476755
591,1451.3981885033756,2336.1474270316294,0.6212785082436174,0.8423059708954379
592,1451.470285825348,2336.121516511859,0.621316260976264,0.8423571546265729
593,1451.5465184073626,2336.1098863653338,0.6213519864280741,0.8424055898468055
594,1451.6270866940574,2336.098016556741,0.6213896319443234,0.8424566282179924
595,1451.6403212691891,2336.1147780860115,0.6213908387063601,0.8424582643004507
596,1451.6536255641947,2336.13904844574,0.6213900780135482,0.8424572329818245
597,1451.65687189584,2336.1606389478015,0.6213857248060052,0.8424513310672124
598,1451.659800130559,2336.179628027055,0.6213819274490084,0.8424461827538078
599,1451.518143290037,2336.1858269953755,0.6213196426916386,0.8423617394287415
600,1451.365780091324,2336.1889147143065,0.6212536028015577,0.8422722050363646
601,1451.2027192494045,2336.188960903723,0.6211837927219835,0.8421775591632596
602,1451.028969479262,2336.14759871682,0.6211204164823624,0.8420916360477205
603,1450.8445394958817,2336.1059315054667,0.6210525472879167,0.8419996215534753
604,1450.6494380142472,2336.063994129601,0.6209801793356897,0.841901507813094
605,1450.4436737493431,2336.0218214491592,0.6209033068233735,0.8417972869600264
606,1450.2272554161536,2335.9486469551293,0.6208301099882915,0.8416980494515305
607,1450.000191729663,2335.863039664522,0.6207556552364957,0.8415971065069943
608,1449.7624914048554,2335.7837594525045,0.6206749599734661,0.8414877029126788
609,1449.5141631567155,2335.7631520006694,0.6205741202463751,0.841350988213707
610,1449.322479691917,2335.7368580215903,0.6204990406836831,0.8412491981741216
611,1449.1156408694503,2335.7049559501256,0.6204189605274757,0.8411406285184378
612,1448.9033255508612,2335.665393407476,0.6203385680331001,0.8410316354064449
613,1448.665735906354,2335.6295390906403,0.620246366840514,0.8409066325067656
614,1448.4132087787864,2335.5852878864475,0.6201499967871034,0.8407759776228025
615,1448.227950871899,2335.5327182297565,0.6200846340399804,0.8406873612753105
616,1448.033228492081,2335.4719085554266,0.6200174034153729,0.8405962125299693
617,1447.761917087391,2335.422155581656,0.6199144397201345,0.8404566182350854
618,1447.6250988061431,2335.4040894192385,0.6198606508247292,0.8403836932792619
619,1447.406967107043,2335.3794042262584,0.619773799703688,0.8402659438048131
620,1447.2666628320821,2335.34823072748,0.6197219942574675,0.8401957079345918
621,1447.1222494420317,2335.3106996476668,0.6196701148418333,0.8401253717794287
622,1446.9739273815305,2335.2669417115844,0.6196182121779199,0.8400550041051255
623,1446.8218970952173,2335.2170876439964,0.6195663370016352,0.8399846736975127
624,1446.7432321610893,2335.1612681696665,0.619547459904158,0.8399590808406744
625,1446.656065759794,2335.0996140133598,0.6195264891819374,0.8399306495263669
626,1446.5606680558437,2335.0130376165002,0.6195086043427159,0.8399064019358501
627,1446.466918355421,2334.9221865198506,0.6194925581273215,0.8398846470821771
628,1446.3648284150404,2334.8271740182054,0.6194740426658074,0.8398595445177389
629,1446.254677114198,2334.728113406361,0.6194531469465697,0.839831214889647
630,1446.136743332392,2334.625117979114,0.6194299599518527,0.8397997788366721
631,1446.0113059491184,2334.537519314598,0.6193994716236799,0.8397584439111568
632,1445.8786438438744,2334.455181014595,0.6193644905255669,0.8397110178575944
633,1445.7390358961572,2334.3494150938436,0.6193327470806408,0.8396679812921198
634,1445.5106240015982,2334.2600960914306,0.6192585935140704,0.8395674466831535
635,1445.352627437045,2334.166829201137,0.619215648751085,0.8395092237930949
636,1445.1884519486355,2334.069753862713,0.6191710635712389,0.8394487768877221
637,1445.0183764158667,2333.958742392922,0.6191276435907956,0.8393899097157563
638,1444.8426797182356,2333.853801781182,0.6190802005744923,0.839325588263494
639,1444.6616407352394,2333.7454623255726,0.6190313656981413,0.839259379779871
640,1444.3837922208393,2333.6235963428576,0.6189446294956942,0.8391417861077181
641,1444.178611859882,2333.497943699472,0.6188900297766347,0.8390677618677632
642,1443.9694966835211,2333.3686351201804,0.6188347074482508,0.8389927579413384
643,1443.7567168562693,2333.235801329746,0.6187787432515182,0.8389168837940136
644,1443.5405425426397,2333.099573052934,0.618722217952199,0.838840248924963
645,1443.321243907145,2332.940862731168,0.6186703087781883,0.8387698724245155
646,1443.0990911142976,2332.7803179052107,0.6186176555236762,0.838698487127786
647,1442.8839634702802,2332.618051869857,0.6185684631539422,0.8386317939681166
648,1442.5940028707241,2332.423376550954,0.6184957745552802,0.8385332455073914
649,1442.3685610428088,2332.225206523354,0.6184516645341238,0.8384734428042505
650,1442.2079168660305,2332.023628936899,0.6184362366531811,0.8384525262651077
651,1442.0405403638938,2331.849532310382,0.6184106308673909,0.8384178109064169
652,1441.7949015599033,2331.64340114464,0.6183599519772637,0.8383491023784602
653,1441.471279333556,2331.453368297864,0.6182715463813622,0.8382292454056206
654,1441.2123153185976,2331.2590041038998,0.6182120102406113,0.8381485285513063
655,1441.0182883945251,2331.060413142559,0.6181814423470277,0.8381070857540075
656,1440.9061248038117,2330.934573127011,0.6181666964898108,0.8380870938769106
657,1440.6595778984595,2330.8303227420265,0.6180885686280434,0.8379811710684008
658,1440.4700801517185,2330.7190350072337,0.6180367768555372,0.8379109537364854
659,1440.2084641670428,2330.6009103672714,0.6179558489660443,0.8378012347559841
660,1439.9462381334677,2330.476149266778,0.6178764106152763,0.8376935352359104
661,1439.683698360458,2330.3257338670523,0.6178036303840575,0.8375948625432206
662,1439.4314082804633,2330.180648551714,0.6177338264203329,0.8375002249617539
663,1439.160845492923,2329.973821058727,0.6176725388437955,0.8374171335768529
664,1438.8825647153026,2329.76699356574,0.61760792761214,0.8373295361056895
665,1438.6064539687684,2329.5603055125025,0.6175441994631152,0.8372431358846526
666,1438.3327921328175,2329.3538963387614,0.6174814374035498,0.8371580454512701
667,1438.0522489452776,2329.147905484266,0.6174155988802627,0.837068784064398
668,1437.8574986775097,2328.9630066347318,0.6173809951387602,0.8370218696166969
669,1437.6720080805417,2328.780138376534,0.6173498237934939,0.836979608682365
670,1437.4242471778784,2328.599457579392,0.6172913261227411,0.8369002997465097
671,1437.1817588407062,2328.401902829682,0.6172395569227608,0.8368301130175737
672,1436.9448219485216,2328.208147813119,0.6171891560890898,0.8367617814680739
673,1436.7137153808226,2328.018331969452,0.6171402070384019,0.8366954181911909
674,1436.4887180171054,2327.832594738429,0.6170927932120132,0.8366311363135139
675,1436.270108736867,2327.6510755597988,0.61704699807356,0.8365690489918937
676,1436.047899296622,2327.4258681649603,0.6170112307073661,0.8365205569457201
677,1435.8415781442222,2327.2166972127006,0.6169780321118892,0.8364755475420075
678,1435.6411570361818,2327.0313024805596,0.6169410594115441,0.8364254213492492
679,1435.4469148519977,2326.868490015692,0.6169007492307043,0.8363707703263042
680,1435.1769934873007,2326.707865011879,0.6168273271728393,0.836271227469253
681,1434.836605374191,2326.596954635906,0.6167104287294709,0.8361127409683825
682,1434.4931626590896,2326.4839483062137,0.6165927616665767,0.8359532124021463
683,1434.1468134967301,2326.327960545537,0.6164852238462606,0.8358074166809882
684,1433.8745791752049,2326.16757607529,0.6164106979749232,0.8357063773152598
685,1433.5945405852544,2326.002943050206,0.6163339323660997,0.8356023013979159
686,1433.3069156014858,2325.8342096250162,0.6162549805441943,0.8354952614953253
687,1433.0119220985068,2325.6615239544553,0.6161738960456613,0.8353853301901938
688,1432.7097779509238,2325.4953013162376,0.6160880123645082,0.8352688923342598
689,1432.400701033344,2325.326089438411,0.6159999268658628,0.835149469337208
690,1432.1567790812571,2325.184846559643,0.6159324413283892,0.8350579749906165
691,1431.8533721324516,2325.0429282695923,0.6158395420243294,0.8349320256177294
692,1431.6099643644375,2324.9005175829298,0.6157725689926737,0.8348412261071974
693,1431.3075770687929,2324.757797514326,0.615680299512996,0.8347161306264544
694,1431.0080395730088,2324.614951078449,0.6155892780906047,0.8345927272147119
695,1430.7115784666762,2324.4721612899702,0.6154995539601129,0.8344710826224013
696,1430.4184203393872,2324.32961116356,0.6154111763965006,0.834351263654682
697,1430.2109287645978,2324.1874837138866,0.6153595347993279,0.8342812499248203
698,1430.0125269184157,2324.0459619556214,0.6153116376902886,0.834216312830752
699,1429.8235111103058,2323.905228903433,0.6152675648416988,0.8341565605247748
700,1429.6441776497336,2323.765467571993,0.6152273960519389,0.8341021011945237
701,1429.4748228461651,2323.56920612595,0.6152064759153465,0.8340737384623031
702,1429.2336060251996,2323.378178027969,0.6151532365851438,0.8340015585862552
703,1428.9065387655653,2323.1925140028143,0.6150616146328691,0.8338773409987449
704,1428.581567459651,2323.0699996252697,0.6149541631074797,0.8337316622729941
705,1428.2588402621898,2322.9492151721047,0.6148472084252482,0.833586657148459
706,1427.938505327914,2322.77268880797,0.6147560250765312,0.8334630342031109
707,1427.6207108115566,2322.6021539955286,0.6146643360145204,0.8333387256307513
708,1427.30560486785,2322.4377414595465,0.61457217103734,0.833213771830553
709,1426.9933356515276,2322.337236774807,0.6144643047765507,0.8330675308221881
710,1426.7032696006615,2322.2392202180804,0.614365332037877,0.8329333473157018
711,1426.415038053987,2322.143874804036,0.6142664343630996,0.8327992655780151
712,1426.2633345795841,2322.0513835473434,0.6142255699788671,0.8327438631870113
713,1426.1719710418586,2321.9619294626737,0.6142098855909708,0.8327225988854144
714,1426.0694261792978,2321.8448941957467,0.6141966802968841,0.8327046956457095
715,1425.9457814682912,2321.718994918306,0.6141767305127577,0.8326776484807669
716,1425.7391160740126,2321.5939889267543,0.61412078204644,0.8326017956601454
717,1425.5169728676478,2321.4700243758243,0.6140578848313701,0.8325165219880272
718,1425.2796307286944,2321.3472494202497,0.6139881187894892,0.832421935819566
719,1425.0273685366492,2321.225812214761,0.613911563897776,0.8323181455845334
720,1424.7604651710094,2321.1058609140937,0.613828300192182,0.8322052597926541
721,1424.5510693721549,2320.9875436729785,0.6137693729789662,0.832125368499327
722,1424.3322570327828,2320.8710086461497,0.6137059111542992,0.8320393293508104
723,1424.1967721441297,2320.756403988339,0.613677837836222,0.8320012686049041
724,1424.058550750412,2320.6630961376195,0.6136429510688279,0.8319539704413731
725,1423.9693467857915,2320.551498149386,0.6136340210167243,0.8319418634135143
726,1423.9021106820514,2320.442292424339,0.613633924588745,0.8319417326800966
727,1423.8381034799886,2320.3356271172097,0.6136345478817512,0.8319425777172479
728,1423.777804503738,2320.2316503827324,0.6136360583948071,0.8319446256138824
729,1423.7216930774348,2320.130510375638,0.6136386236509294,0.8319481034913881
730,1423.6798576668853,2320.001553881711,0.6136547000517543,0.8319698992693294
731,1423.6329100465553,2319.863463212758,0.6136709908241664,0.8319919856841839
732,1423.437589818815,2319.7362279282265,0.6136204507570663,0.8319234653672519
733,1423.238382708085,2319.6103608962276,0.6135678675612523,0.8318521750534631
734,1423.0356373137365,2319.485984126541,0.6135133590167458,0.8317782744245287
735,1422.8297022351403,2319.3529525059635,0.6134597585493974,0.8317056049323585
736,1422.6106589486849,2319.2402067543007,0.6133951346676509,0.8316179903106788
737,1422.388456480427,2319.1273433503493,0.6133291733887972,0.831528562496439
738,1422.173701837737,2319.055561510808,0.6132555534422927,0.8314287513494333
739,1421.9571344783162,2318.986590253698,0.6131804040845072,0.8313268666842925
740,1421.739103001536,2318.9205951637205,0.6131038320012672,0.8312230531416361
741,1421.5199560067676,2318.8577418255763,0.6130259439234258,0.8311174554231301
742,1421.3000420933822,2318.7981958239666,0.6129468466264415,0.8310102182909139
743,1421.0797098607513,2318.742122743595,0.612866646929799,0.8309014865668165
744,1420.8689170499165,2318.6896881691605,0.6127895959082976,0.830797023697728
745,1420.6577538522495,2318.6410576853655,0.6127113764087541,0.8306909766501772
746,1420.513841573795,2318.5655955079615,0.6126692487484197,0.830633861557077
747,1420.3657286729167,2318.4820013787235,0.6126274553040623,0.8305771995813939
748,1420.2138334688598,2318.4096243057556,0.6125810635789354,0.8305143034300607
749,1420.0681834225395,2318.338336605823,0.6125370749385954,0.830454665290453
750,1419.9086713222198,2318.2682777186747,0.6124867794505222,0.8303864765645418
751,1419.7453246288155,2318.199587084058,0.6124344653234276,0.8303155510439753
752,1419.5785616615726,2318.1708407084025,0.6123701224831938,0.8302283174477794
753,1419.4088007397363,2318.1822128913923,0.6122938882225977,0.8301249619123232
754,1419.2364601825525,2318.195476225972,0.6122160424939975,0.8300194216093213
755,1419.0619583092666,2318.2108398717637,0.6121367107349756,0.8299118666023169
756,1418.8857134391242,2318.2285129883903,0.6120560184164338,0.8298024670000269
757,1418.708143891371,2318.2583138771442,0.6119715544203825,0.8296879538996128
758,1418.5296679852522,2318.2805841479803,0.6118886892660551,0.8295756084485099
759,1418.3507040400136,2318.305800083503,0.6118048378211908,0.8294619258218935
760,1418.171670374901,2318.3027114930733,0.6117284267254062,0.8293583305399579
761,1417.9211154482766,2318.248335220141,0.6116346958634311,0.8292312537722101
762,1417.7435336995457,2318.1908564128044,0.6115732575588615,0.8291479580359276
763,1417.6142120477768,2318.1304145108115,0.6115334164005315,0.8290939428960129
764,1417.4816362208774,2318.0671489539104,0.6114929141981731,0.8290390315375348
765,1417.3366851162966,2318.001199181851,0.6114477790678244,0.8289778390300114
766,1417.1798467731546,2317.9327046343806,0.6113981842267046,0.8289106002148157
767,1417.021218372241,2317.861804751249,0.6113484485863533,0.828843170509332
768,1416.922899405559,2317.7873230095765,0.611325674853432,0.8288122947411143
769,1416.746313779531,2317.7080828864864,0.611270385705825,0.8287373357999356
770,1416.6413592238166,2317.633832963396,0.6112446837266164,0.8287024900258358
771,1416.4495920951686,2317.5544542720554,0.6111828740352406,0.8286186907773277
772,1416.31564627274,2317.4700949671974,0.6111473236908316,0.8285704929611055
773,1416.1682096546422,2317.3809032035547,0.6111072235457394,0.828516126696706
774,1416.0078399998688,2317.28702713586,0.6110627744505341,0.8284558642897573
775,1415.7529580835483,2317.1886149188467,0.6109787304185987,0.8283419205608531
776,1415.4136610864705,2317.0858147072468,0.610859404559991,0.8281801430619473
777,1415.0622459037475,2316.9993089017603,0.6107305429342039,0.828005437329527
778,1414.6888724466264,2316.900435662078,0.6105954535946059,0.8278222882975905
779,1414.3035681760227,2316.7996189809014,0.6104557151119255,0.8276328361327985
780,1413.9067514111819,2316.697015727946,0.6103114657688234,0.8274372683135669
781,1413.498840471349,2316.5927827729297,0.610162843889814,0.8272357723750557
782,1413.0802536757706,2316.466542739604,0.6100153952599592,0.8270358670835012
783,1412.6514093436913,2316.3376533510564,0.6098641997637961,0.8268308819319132
784,1412.212725794357,2316.226788293001,0.6097039948472063,0.8266136821478873
785,1411.7646213470134,2316.09435190585,0.609545384101175,0.826398643680183
786,1411.2979051792358,2315.9597019126913,0.6093793013814883,0.8261734749923909
787,1410.8232540182694,2315.8229777532733,0.6092103185654537,0.8259443744633431
788,1410.3410774683748,2315.6843188673447,0.6090385748944422,0.825711530871239
789,1409.8517851338136,2315.5438646946536,0.6088642096701234,0.8254751330760289
790,1409.3557866188469,2315.401754674949,0.6086873622572258,0.8252353700231555
791,1408.7964946590303,2315.2581282479796,0.6084835541534653,0.8249590546823922
792,1408.1788724379117,2315.093906570153,0.6082599364291663,0.8246558822051925
793,1407.5456094345013,2314.929745897217,0.6080295144719249,0.824343484805581
794,1406.917527489247,2314.7657682389504,0.6078012500416469,0.8240340124996585
795,1406.2949141966305,2314.5924864634644,0.6075777582538302,0.8237310107623921
796,1405.6780571511322,2314.402378667823,0.607361135689916,0.8234373220598303
797,1405.0672439472337,2314.217390925449,0.6071457458823051,0.8231453046817729
798,1404.4524950564332,2314.0376191011674,0.6069272528084307,0.8228490800123506
799,1403.843698499898,2313.863159059806,0.6067099054683609,0.8225544086856108
800,1403.2411331571248,2313.6941066661925,0.6064938010232729,0.8222614224290135
801,1402.5732080467278,2313.5305577851523,0.6062479716669378,0.8219281362587775
802,1401.9266233183432,2313.3726082815147,0.6060098655528572,0.8216053209691198
803,1401.2810800305804,2313.2203540201053,0.6057706857002699,0.821281049945289
804,1400.689465065558,2313.0533566197846,0.6055586487258887,0.8209935782120775
805,1400.1040115944234,2312.890912798752,0.6053480533157546,0.8207080608973056
806,1399.4723469191306,2312.7331009918657,0.6051162351241207,0.8203937705357617
807,1398.8855339104477,2312.545908358468,0.6049114652618635,0.8201161512790996
808,1398.4207245812313,2312.354924706907,0.6047604152976137,0.8199113634341912
809,1397.891789526166,2312.1602023270884,0.6045825839054096,0.8196702663392835
810,1397.418326217557,2311.981011792259,0.6044246553453618,0.819456152753608
811,1396.9430719796778,2311.796888576325,0.6042672169352897,0.8192427036947842
812,1396.3222818617728,2311.6092183617884,0.6040477217214641,0.8189451203618102
813,1395.7294424414588,2311.41938683115,0.603840847919399,0.8186646486629034
814,1395.1648325982324,2311.289066442182,0.6036306115296258,0.8183796180943972
815,1394.7344491999288,2311.1799426379866,0.6034728942861867,0.8181657910038101
816,1394.3052292520272,2311.0524023290063,0.6033204733250055,0.8179591444129672
817,1393.8775823587885,2310.907883487646,0.6031731477998743,0.8177594060221541
818,1393.4621852474572,2310.7670249396842,0.6030301498195516,0.8175655347533857
819,1393.0498470956088,2310.6011038399224,0.6028949976612314,0.8173823005541949
820,1392.6409862224893,2310.46982741718,0.6027522929305206,0.8171888268621906
821,1392.2456300890142,2310.361717165657,0.6026093748631777,0.8169950639364263
822,1391.85393860643,2310.2768950951336,0.6024619566431302,0.8167951998733416
823,1391.466338808966,2310.1962823620183,0.6023152012807701,0.8165962344877108
824,1391.0832577308527,2310.1200184060604,0.6021692581542469,0.8163983703007954
825,1390.7051224063196,2310.115506658697,0.6020067474538563,0.8161780444220516
826,1390.332359869597,2310.1110777036847,0.6018465403194492,0.8159608416311928
827,1389.9653971549142,2310.1198310338987,0.6016854097706406,0.8157423869099134
828,1389.5943941735181,2310.1426337902744,0.6015188732712995,0.8155166030047796
829,1389.229378386324,2310.1469285345283,0.6013597495582671,0.8153008690757609
830,1388.8707681125777,2310.1315997486736,0.6012085061576913,0.8150958189771768
831,1388.5189816715247,2310.11604873072,0.6010602724631251,0.8148948493244941
832,1388.1744373824101,2310.038855757438,0.6009312068161045,0.8147198669877795
833,1387.83755356448,2309.919369836931,0.6008164491310598,0.8145642828463089
834,1387.50874853698,2309.798755325958,0.6007054706985393,0.8144138224728816
835,1387.0966944936195,2309.677108089349,0.6005587056456898,0.8142148439492508
836,1386.6984807167978,2309.5545239919293,0.6004181612997692,0.8140242992254695
837,1386.304188682904,2309.431098898526,0.6002795187715694,0.8138363329144299
838,1385.9045578496377,2309.3069286739674,0.600138743205279,0.8136454747107915
839,1385.510195224371,2309.18210918308,0.600000402616372,0.8134579177576579
840,1385.1214406914899,2309.05673629069,0.5998646195747332,0.8132738282306565
841,1384.7386341353813,2308.930905861625,0.5997315167032413,0.8130933723772616
842,1384.4237181783321,2308.8047137607127,0.5996278983350237,0.8129528905014426
843,1384.0674365483862,2308.6782558527793,0.5995064201950218,0.8127881950205926
844,1383.77912830985,2308.5516280026523,0.5994144170416882,0.812663460615063
845,1383.5015395019816,2308.4249260751594,0.5993270666394357,0.8125450342339777
846,1383.2254618723873,2308.298245935127,0.5992403556638417,0.8124274747634409
847,1382.9711638600138,2308.1716834473827,0.5991630405041922,0.8123226537858127
848,1382.7287792311547,2308.045334476753,0.5990908231205204,0.8122247441806001
849,1382.498708875086,2307.9096857463956,0.5990263472671269,0.8121373302501786
850,1382.2813536810866,2307.7847006708066,0.5989646058747582,0.8120536235988887
851,1382.0771145384317,2307.6505988501585,0.5989109075815395,0.8119808214780928
852,1381.8863923363992,2307.579337295179,0.5988467525264689,0.8118938424739391
853,1381.7095879642661,2307.5134005955956,0.5987872432756538,0.8118131620759856
854,1381.5676365572754,2307.4625373328277,0.5987389239065243,0.8117476524976119
855,1381.441738151333,2307.3550258007244,0.5987122582802052,0.8117115002471024
856,1381.3323110656847,2307.2486167141333,0.5986924430505925,0.811684635506095
857,1381.2397736195762,2307.24344524246,0.5986536776028967,0.8116320787740893
858,1381.1645441322526,2307.240971058422,0.5986217137513201,0.8115887433895902
859,1381.1070409229596,2307.24137717669,0.5985966854551575,0.8115548109695574
860,1381.2118194359916,2307.183243874034,0.598657182130351,0.8116368300802439
861,1381.2376236329537,2307.1531841502465,0.5986761664209483,0.8116625682654719
862,1381.3432762589089,2307.120553506096,0.5987304279179094,0.8117361339566612
863,1381.3136993452513,2307.085508811298,0.5987267026166528,0.8117310833337117
864,1381.2119606187368,2307.0482069355717,0.5986922841345333,0.8116844200536952
865,1381.105672670427,2306.979977323624,0.5986639183026967,0.8116459627286656
866,1380.9951840996935,2306.911752069169,0.5986337287765859,0.811605032907717
867,1380.8808435059068,2306.8436618969695,0.5986018325881596,0.8115617892583652
868,1380.7629994884385,2306.7758375317912,0.5985683467908308,0.8115163904772131
869,1380.6420006466599,2306.7084096983967,0.5985333884603037,0.8114689952910852
870,1380.5181955799424,2306.6415091215517,0.5984970746952747,0.8114197624579776
871,1380.401542029327,2306.5752665260206,0.5984636885959406,0.8113744988436068
872,1380.2821301861864,2306.5098126365665,0.5984289000740859,0.8113273338776729
873,1380.160317364876,2306.483714744634,0.5983828580891075,0.8112649118908432
874,1380.0364608797508,2306.4560699429917,0.5983363302964886,0.8112018312643359
875,1379.9109180451671,2306.4353369953824,0.5982872773024678,0.8111353270650021
876,1379.7840461754806,2306.430641361852,0.5982334874638915,0.811062400830463
877,1379.6562025850467,2306.4229564887114,0.5981800513663935,0.810989954184737
878,1379.5181354465506,2306.4124741056166,0.5981229077342298,0.8109124810033352
879,1379.3900696240175,2306.3993859422208,0.5980707756130896,0.8108418022395777
880,1379.2620953088192,2306.383883728179,0.5980193085113377,0.8107720250840265
881,1379.124302692328,2306.3373317681358,0.5979716339391831,0.8107073896970738
882,1378.987307496899,2306.319524440751,0.5979168510188471,0.8106331170797374
883,1378.852116303216,2306.29985210673,0.597863332924242,0.8105605592654259
884,1378.728686852321,2306.240069929048,0.5978253109160219,0.8105090104606237
885,1378.607109335586,2306.181403269353,0.5977878008127231,0.8104581556772082
886,1378.487741067367,2306.124008997363,0.5977509169884989,0.8104081499793429
887,1378.370939362019,2306.047509736829,0.5977200962001523,0.810366364316862
888,1378.2570615338975,2305.9424357858306,0.5976979477652087,0.8103363363040602
889,1378.1464648973586,2305.839701808112,0.597676613780521,0.8103074124921996
890,1378.0395067667575,2305.7394210984676,0.5976562200208433,0.8102797634019485
891,1377.9365444564498,2305.603270385016,0.5976468554480955,0.8102670672673878
892,1377.8379352807915,2305.4723965945464,0.5976380100304042,0.8102550749836736
893,1377.7440365541381,2305.4141421536083,0.5976123818114151,0.8102203292108977
894,1377.6552055908446,2305.3279492160573,0.5975961927930149,0.8101983807502952
895,1377.561532582284,2305.244732445638,0.5975771306159007,0.8101725369694649
896,1377.4729752694968,2305.193432562158,0.5975520126909586,0.8101384830341131
897,1377.4621495160213,2305.1529967780843,0.5975577983072282,0.8101463269544557
898,1377.4427307880428,2305.113306125166,0.5975596631748602,0.8101488552716604
899,1377.271000279759,2305.0642416351534,0.5974978811448475,0.8100650935253851
900,1377.2351224324646,2305.0155518894658,0.5974949372048785,0.8100611022426014
901,1377.1911091473426,2304.96737632785,0.597488330330041,0.8100521448908651
902,1377.1393700286542,2304.9198543900557,0.5974782018583821,0.81003841309097
903,1377.0803146806602,2304.8320570238984,0.5974753390313425,0.810034531778037
904,1377.0143527076225,2304.742525375869,0.5974699288733141,0.810027196889818
905,1376.9418937138023,2304.6513640257785,0.5974621216931276,0.8100166122093572
906,1376.7960833117716,2304.5586775534384,0.597422880450761,0.8099634104128807
907,1376.716403953473,2304.46457053866,0.597412701220948,0.8099496097969946
908,1376.6313953822862,2304.358880438272,0.597403211395814,0.8099367438499723
909,1376.541467202472,2304.261579381755,0.5973894107854738,0.8099180335029422
910,1376.447029018291,2304.1631628072496,0.597373940889374,0.809897060001234
911,1376.3484904340053,2304.0534681715835,0.5973596140224243,0.8098776361753397
912,1376.246261053876,2303.9422004812545,0.5973440916904953,0.8098565915831116
913,1376.0586134982984,2303.8967195927794,0.5972744358703375,0.8097621548491057
914,1375.8677640574956,2303.845312514992,0.5972049236914825,0.8096679128585611
915,1375.659188338662,2303.7881361176096,0.5971292093972455,0.8095652622738849
916,1375.4428440828385,2303.725347270349,0.5970515737531736,0.8094600067955635
917,1375.2088214813984,2303.6571028429275,0.5969676736109131,0.8093462581468538
918,1374.9472107257136,2303.516295713374,0.5968905942989683,0.809241756922649
919,1374.6583604151551,2303.3543573614297,0.5968071547574958,0.809128632739117
920,1374.362486698763,2303.190584505294,0.596721129351944,0.8090120027385882
921,1374.049671052926,2303.014788456843,0.5966308501100078,0.8088896055471164
922,1373.7202620770151,2302.8366480776185,0.5965339587694077,0.8087582439216415
923,1373.2258653761594,2302.6562330874976,0.596365990565114,0.8085305189649273
924,1372.792972933881,2302.473613206352,0.5962252792214078,0.8083397478318465
925,1372.2628622274358,2302.288858154058,0.5960428715828893,0.8080924464347718
926,1371.7178881152963,2302.102037650488,0.5958545128239683,0.8078370767330931
927,1371.2301383329534,2301.990094548878,0.5956716067458465,0.8075890995704023
928,1370.7230186265435,2301.8710313051083,0.5954821099813636,0.8073321870037009
929,1370.2070662835636,2301.784081906922,0.5952804509571593,0.8070587853039504
930,1369.682551468526,2301.6890101433837,0.5950771565717307,0.8067831664431271
931,1369.1593534876135,2301.5859903141795,0.5948764718109514,0.8065110856129855
932,1368.6947480890296,2301.475196718996,0.594703236446021,0.8062762196385231
933,1368.1499413045888,2301.3279762325083,0.5945045449559866,0.8060068412096841
934,1367.6643458663602,2301.175278378399,0.5943329735534666,0.8057742311727041
935,1367.1664317978482,2301.04607873641,0.5941499583305216,0.8055261060355782
936,1366.733412116799,2300.909750237279,0.5939969666241173,0.8053186856498865
937,1366.2938265665912,2300.7088123306703,0.5938577794999205,0.8051299809961328
938,1365.761611191442,2300.504989764264,0.5936790475431194,0.8048876629497078
939,1365.2192515745876,2300.298404547841,0.5934965867365118,0.8046402894693433
940,1364.6670963153997,2300.07956954951,0.593312994203362,0.8043913816368141
941,1364.1054940132494,2299.8204286203704,0.5931356540004112,0.8041509504777715
942,1363.606663128391,2299.562128687214,0.5929853540886297,0.8039471795257125
943,1363.1653520112955,2299.373328139216,0.5928421171669616,0.803752984309279
944,1362.744901952077,2299.1836125178684,0.5927081658605403,0.8035713781798045
945,1362.3265739915319,2298.9931212629194,0.5925753154246747,0.8033912645691115
946,1361.9108474537943,2298.8314792204405,0.5924361397363644,0.8032025754197015
947,1361.498201663001,2298.7097770794303,0.5922879935686441,0.8030017244326155
948,1361.098725084957,2298.5897787178474,0.592145122060091,0.8028080246295024
949,1360.702638635799,2298.47168458033,0.5920032201241778,0.8026156393364087
950,1360.377694346336,2298.365304253187,0.591889240508861,0.8024611100725314
951,1360.0525713996951,2298.2605797730575,0.5917747462448292,0.8023058830673353
952,1359.7278188398861,2298.148111157895,0.5916623964478961,0.8021535634497565
953,1359.3834514649527,2298.0383659753206,0.5915407991406666,0.8019887064064737
954,1359.0392191722758,2297.931544669973,0.5914184964841761,0.801822893077264
955,1358.7161878218628,2297.82784768649,0.5913046049946048,0.8016684832909488
956,1358.307889936728,2297.7274754695113,0.5911527387116156,0.8014625887118797
957,1357.9058842702455,2297.611410180335,0.5910076343865589,0.8012658617403584
958,1357.377168832784,2297.449033464681,0.5908192734903823,0.8010104891410692
959,1356.8374106387378,2297.2885304706488,0.5906255973692431,0.8007479103602313
960,1356.2972254104616,2297.1300406379855,0.5904311908409744,0.8004843413209533
961,1355.7569617473273,2296.953169160473,0.5902414467783211,0.8002270934767189
962,1355.2169682487056,2296.777256331232,0.590051544838731,0.7999696315888877
963,1354.8316003587165,2296.622958406008,0.5899233896447024,0.7997958836100034
964,1354.4366660304806,2296.49041482455,0.5897854645014743,0.7996088899024534
965,1354.0518454415044,2296.3592482106096,0.5896515741152527,0.799427366366288
966,1353.544127887173,2296.209081187935,0.5894690248271826,0.7991798729260934
967,1353.0387808085666,2296.079805725584,0.5892821222653422,0.7989264774814981
968,1352.5361528050562,2295.972894655897,0.5890906447341854,0.7986668794660419
969,1352.1134656093723,2295.869303995223,0.5889331170796408,0.7984533094129281
970,1351.6217365652058,2295.809618553866,0.5887342424397517,0.7981836826764234
971,1351.1331928477944,2295.7241515745063,0.5885433543577652,0.7979248838139219
972,1350.7051886402,2295.611770109186,0.5883857219358813,0.7977111717212008
973,1350.2086088357817,2295.5021164339464,0.5881975011782282,0.7974559891164364
974,1349.7156718947933,2295.395347418504,0.5880101105078648,0.7972019319127139
975,1349.2267264166067,2295.224355940887,0.5878408892465393,0.7969725081085334
976,1348.7421210005925,2294.989237865923,0.5876899545963746,0.7967678766021126
977,1348.3294682378119,2294.757292045237,0.5875695320423594,0.7966046122449336
978,1347.9173078716426,2294.5696218307007,0.5874379644215021,0.7964262378264495
979,1347.5060495063472,2294.346791883574,0.5873157685983881,0.7962605693379026
980,1347.0961027461863,2294.1272736304754,0.5871932731153122,0.7960944945816806
981,1346.687877195421,2293.911101931341,0.5870706480567566,0.7959282441519099
982,1346.2817824583128,2293.6983116461083,0.5869480635803985,0.7957620487419521
983,1345.887837280793,2293.4889376347146,0.5868298796630836,0.7956018194439847
984,1345.4961928591238,2293.324083249029,0.5867012877451294,0.7954274793712725
985,1345.1072675125506,2293.165381642248,0.5865722892385778,0.7952525880610738
986,1344.7317466833026,2293.0129025342435,0.5864475272673354,0.7950834404856728
987,1344.3501811409558,2292.866715644892,0.5863185033687593,0.794908514749925
988,1343.9725983464264,2292.755718119076,0.5861822032436105,0.7947237241806017
989,1343.628902025283,2292.6684227360133,0.5860546116048607,0.7945507402487108
990,1343.3470481041065,2292.603626827872,0.5859482347425269,0.7944065185106014
991,1343.065930599102,2292.5409268734516,0.5858416374842059,0.7942619979679245
992,1342.7091731310138,2292.480453597515,0.5857014706598453,0.7940719650736368
993,1342.3593397179386,2292.422337724827,0.5855637146906348,0.7938852007258396
994,1342.006590271122,2292.366709980152,0.5854240442545693,0.7936958408160816
995,1341.6609522514802,2292.313701088253,0.5852868006741574,0.7935097711456937
996,1341.3228439782586,2292.263441773896,0.5851521337094918,0.7933271947537613
997,1341.0029508936857,2292.216062761844,0.5850246722719231,0.7931543873437215
998,1340.6818237673383,2292.1716947768614,0.5848958988640907,0.7929798012138769
999,1340.3694900601322,2292.130468543713,0.5847701553008565,0.7928093228330728
1000,1340.0663680913126,2292.102781910146,0.5846449725847614,0.7926396048276683
1001,1339.7728761801252,2292.0688980512555,0.5845255687205634,0.7924777215717251
1002,1339.4894326458157,2292.0488239564593,0.5844070242507458,0.7923170034502721
1003,1339.2356740909695,2292.042699065505,0.5842978730880506,0.7921690204203614
1004,1339.0395477271834,2292.0404044101438,0.5842128895942326,0.7920538030044671
1005,1338.8021515553276,2292.031821022124,0.584111502849159,0.7919163466791445
1006,1338.6233026478815,2292.0266974828646,0.5840347776568118,0.7918123255569349
1007,1338.4521447140648,2292.025173232114,0.5839604906374732,0.7917116100177385
1008,1338.289157078013,2291.986319217687,0.5838992780440351,0.7916286202920957
1009,1338.1348190638616,2291.948676586075,0.5838415287104303,0.7915503259235233
1010,1337.9896099957462,2291.9123499170905,0.5837874253978987,0.7914769746928177
1011,1337.6519566447041,2291.8774437905436,0.5836489905988852,0.7912892900131747
1012,1337.3895066360328,2291.803652275627,0.5835532661395679,0.7911595104013358
1013,1337.0634921464998,2291.7301396402067,0.5834297280553346,0.7909920221257846
1014,1336.7414821922448,2291.6569756041577,0.5833078407556327,0.7908267719216444
1015,1336.4237817977175,2291.5842298873545,0.5831877198174867,0.790663916483886
1016,1336.1106959873675,2291.542773578621,0.5830616436195999,0.7904929871295645
1017,1335.7833115023054,2291.5038751177744,0.5829286723041878,0.7903127096349413
1018,1335.4816684663188,2291.4676303696415,0.5828062551557359,0.7901467410818482
1019,1335.2431925079102,2291.43413519905,0.5827107015632904,0.7900171931248701
1020,1335.0066382035359,2291.413094612497,0.5826128171050275,0.789884485067922
1021,1334.8396268592408,2291.39434606681,0.5825446977952528,0.7897921314767462
1022,1334.6604398104046,2291.3779941418006,0.5824706544370392,0.7896917462841138
1023,1334.411831811269,2291.364143417281,0.5823656775134666,0.7895494225301802
1024,1334.1660213220885,2291.311829981128,0.5822716942604347,0.7894220035801561
1025,1333.9233569422336,2291.2595601198973,0.5821790687356398,0.7892964253868712
1026,1333.6841872710763,2291.176602184511,0.5820957607543136,0.7891834795676238
1027,1333.4488609079874,2291.0918271749033,0.5820145858371093,0.7890734256762677
1028,1333.2177264523384,2291.005278665994,0.5819356851192609,0.7889664550586303
1029,1333.0686636181729,2290.9170002327037,0.5818930426037976,0.7889086419443634
1030,1332.910344599201,2290.8270354499555,0.5818467845772546,0.788845927056528
1031,1332.752788141354,2290.7354278926696,0.581801273038066,0.788784224228095
1032,1332.6060129905632,2290.673022504717,0.581753048077301,0.7887188426450216
1033,1332.4704374660737,2290.5802602120143,0.5817174192109476,0.7886705383717084
1034,1332.3368794604457,2290.5244485811704,0.5816732845989664,0.7886107023292547
1035,1332.1954988849257,2290.5056660470445,0.5816163298054744,0.7885334851682023
1036,1332.1235871921185,2290.4855893377535,0.5815900319972214,0.788497831591555
1037,1332.049753845277,2290.4643317480914,0.5815631945810095,0.7884614464347875
1038,1331.9072141768474,2290.4420065728546,0.5815066307527931,0.7883847593297112
1039,1331.7682563669573,2290.449528475789,0.5814440527109981,0.7882999183806819
1040,1331.6332987348537,2290.4582094716325,0.5813829273235409,0.7882170468856192
1041,1331.5027595997808,2290.4297524334547,0.5813331573191157,0.7881495705906202
1042,1331.3770572809854,2290.446398924933,0.5812740511657002,0.7880694366969188
1043,1331.256610097712,2290.469851819136,0.5812155130705615,0.7879900729552056
1044,1331.1418363692064,2290.428380694929,0.5811759265597864,0.7879364030568423
1045,1331.0331544147143,2290.42012934781,0.581130569610267,0.7878749098152528
1046,1330.930982553481,2290.416374932581,0.5810869137680947,0.7878157228708498
1047,1330.8357391047525,2290.3864206601042,0.5810529293660399,0.7877696481002143
1048,1330.5938355430258,2290.348905267263,0.5809568282295214,0.7876393578036318
1049,1330.3496965878303,2290.3135076156027,0.5808592108304114,0.7875070118154113
1050,1330.2576166783965,2290.280297424997,0.5808274289282533,0.7874639231110719
1051,1330.019870164172,2290.2877809820006,0.5807217246707324,0.7873206132652015
1052,1329.7808817646878,2290.285385232821,0.580617983391405,0.7871799647511353
1053,1329.6178122077838,2290.2834731652697,0.5805472675267551,0.7870840908487851
1054,1329.4488818239497,2290.2821406441726,0.5804738456590437,0.7869845482495368
1055,1329.197574794182,2290.252656109348,0.580371589679632,0.7868459134490804
1056,1328.9463156968272,2290.2547180746296,0.5802613592317125,0.7866964671649661
1057,1328.767261987251,2290.2576210358934,0.5801824431376605,0.7865894757008518
1058,1328.5888924039407,2290.261460857969,0.580103588655869,0.7864825677683166
1059,1328.416558818744,2290.2663334056806,0.5800271083945757,0.7863788787143928
1060,1328.240351423034,2290.2435071188484,0.5799559511005776,0.7862824063387801
1061,1328.0510183894962,2290.2238530862946,0.579878258013871,0.7861770729819009
1062,1327.859175440485,2290.2074410278933,0.5797986469053275,0.7860691392433503
1063,1327.6651711753716,2290.19434066352,0.5797172526374847,0.7859587879646711
1064,1327.4789633351975,2290.1511884188444,0.5796468678784955,0.7858633629628884
1065,1327.2085051274685,2290.0657868018666,0.5795503835638486,0.7857325531678504
1066,1326.930957280026,2289.9792130195033,0.5794510927155411,0.7855979383803197
1067,1326.7036042560574,2289.9299123534165,0.5793642840765253,0.7854802465013988
1068,1326.4645252207363,2289.876859886597,0.5792733000002576,0.7853568937221221
1069,1326.2140600584503,2289.8919690548473,0.5791600992451382,0.785203420407527
1070,1325.9628157765692,2289.9080804462906,0.5790463063120622,0.7850491442403913
1071,1325.6912647098115,2289.9252986407373,0.5789233672804612,0.7848824681378067
1072,1325.409355884234,2289.9437282179997,0.578795600761617,0.7847092471100791
1073,1325.1270383258939,2289.9634737578886,0.5786673252701828,0.7845353360365092
1074,1324.916530495045,2290.0903403985844,0.5785433470124356,0.7843672509903084
1075,1324.6192405937072,2290.2115902319106,0.5783829084803357,0.7841497344791843
1076,1324.471400471837,2290.3274237025053,0.5782891069481753,0.7840225618994645
1077,1324.3144880513285,2290.4380412550063,0.5781926706586191,0.7838918172150334
1078,1324.1489913713017,2290.461506350187,0.5781144925161006,0.7837858262377774
1079,1323.98566559386,2290.4844319878407,0.578037399907064,0.7836813069858771
1080,1323.815398331437,2290.4562799741125,0.5779701668640448,0.7835901549617443
1081,1323.5618132047778,2290.348985445118,0.5778865236764562,0.7834767546824883
1082,1323.2972071089948,2290.2344618366615,0.5777998843174214,0.7833592923069815
1083,1322.9597376441209,2290.112752723663,0.57768323243941,0.7832011400901232
1084,1322.6888959770838,2289.9762664833165,0.5775993905859635,0.7830874704671895
1085,1322.345966574557,2289.8372790424805,0.5774846879632904,0.7829319609772056
1086,1321.9985707425853,2289.6650238921425,0.5773764096266597,0.7827851612919556
1087,1321.5649288116585,2289.4883371722976,0.577231561897318,0.7825887822032276
1088,1321.1222015096173,2289.3688303358276,0.5770683098344717,0.7823674512132258
1089,1320.7528134148088,2289.248909537605,0.5769371814101166,0.7821896722407958
1090,1320.4571218415883,2289.1670723491984,0.5768286368397321,0.7820425116058631
1091,1320.2206808320097,2289.092613266486,0.5767441095133689,0.7819279126446004
1092,1319.9048445726205,2289.0570962195407,0.5766150817087483,0.7817529816131847
1093,1319.581909958533,2289.022224081433,0.5764827864386818,0.781573620675345
1094,1319.2523040239776,2288.9368006769932,0.576360301269037,0.781407559901684
1095,1318.9164538031832,2288.8105310127203,0.5762453623540468,0.7812517300554879
1096,1318.4979131970217,2288.6845445854374,0.5760942093642044,0.7810468025323665
1097,1318.1560496370726,2288.5383681540666,0.5759816256435746,0.7808941657698617
1098,1317.8091531737,2288.3912635768697,0.5758670617864091,0.7807388444129197
1099,1317.370510584792,2288.243274428768,0.5757126112011222,0.7805294461342583
1100,1316.9322165952553,2288.094444284683,0.5755585045384619,0.7803205141329238
1101,1316.4227499435783,2287.934549596553,0.5753760526828496,0.7800731527879811
1102,1315.9096622159318,2287.773234365985,0.5751923496825997,0.7798240951883235
1103,1315.3932410067976,2287.6208005758995,0.5750049311824986,0.7795700002540924
1104,1314.8737739106566,2287.467682659548,0.5748163280636626,0.7793142992584564
1105,1314.35154852199,2287.313924191851,0.574626654706513,0.7790571472740774
1106,1313.8268524352793,2287.159568747731,0.5744360255347761,0.7787986994323282
1107,1313.3718431058887,2287.004659902109,0.5742759803393253,0.7785817161921988
1108,1312.9196051414997,2286.869775475873,0.5741120982143791,0.7783595309877639
1109,1312.4704871414842,2286.735758190573,0.573949343486894,0.7781388742662884
1110,1312.0351048281962,2286.6026690511,0.5737923438061356,0.7779260200201222
1111,1311.6042063743216,2286.4705690623423,0.5736370387274203,0.7777154632514967
1112,1311.1781490942158,2286.33951922919,0.5734835697264519,0.7775073957678353
1113,1310.7572903022347,2286.2095805565345,0.5733320783229137,0.7773020094361879
1114,1310.3419873127336,2286.080814049265,0.573182706079303,0.7770994961816493
1115,1309.951815723408,2285.9327464663047,0.573049149301697,0.7769184249394634
1116,1309.5666160326157,2285.784639665915,0.5729177601893496,0.7767402925360848
1117,1309.1867629846806,2285.6365372230184,0.5727886921930747,0.77656530701434
1118,1308.8126313239272,2285.4884827125343,0.5726620988133625,0.7763936764844045
1119,1308.5695146363878,2285.3405197093857,0.572592794531465,0.7762997163527143
1120,1308.242291378535,2285.192691788494,0.5724866424085429,0.7761557993078235
1121,1307.9801228638557,2285.0347754017957,0.5724114735338605,0.7760538881824097
1122,1307.6489604331073,2284.8668054092295,0.5723086165624003,0.7759144385795995
1123,1307.1723492721758,2284.7093422017147,0.5721394512321152,0.7756850906046141
1124,1306.7718478119803,2284.552811497518,0.5720033440397444,0.7755005616062751
1125,1306.4478046518918,2284.3684207315664,0.5719076628775596,0.7753708406950555
1126,1306.1383686769598,2284.2588498486775,0.5717996315362797,0.7752243758767872
1127,1305.833691083446,2284.156904577036,0.5716917644610106,0.7750781337641813
1128,1305.462320329713,2284.0626546365156,0.5715527626528545,0.7748896803549267
1129,1305.0918777218062,2284.0049971720005,0.5714050010125806,0.7746893506956507
1130,1304.7899845657707,2283.953226679369,0.57128577298529,0.7745277058327552
1131,1304.4851893199689,2283.9170481651167,0.5711613696162842,0.7743590444367423
1132,1304.1779103036465,2283.972781361102,0.5710128951389866,0.774157748339913
1133,1303.8685658360491,2284.0474234584854,0.5708587976083886,0.7739488287194842
1134,1303.5473071134388,2284.1206406559386,0.5706998500478043,0.7737333336113114
1135,1303.2337620234177,2284.192633398099,0.570544595481271,0.7735228453251971
1136,1302.918081762247,2284.263602129607,0.5703886716697422,0.7733114497019575
1137,1302.6679486408623,2284.3337472951007,0.5702616573359136,0.7731392484583066
1138,1302.4119721225159,2284.403269339218,0.570132248365784,0.7729638006570689
1139,1302.0737583979849,2284.441567337647,0.5699746393231053,0.7727501202609923
1140,1301.7153198094288,2284.4378904857776,0.5698186522079721,0.7725386388131134
1141,1301.2946640765808,2284.411596506699,0.5696410690903988,0.7722978783195867
1142,1300.8697859338486,2284.3339799851806,0.5694744277026811,0.7720719522107474
1143,1300.5231622494844,2284.2564549709964,0.5693420103593392,0.7718924257705647
1144,1300.1783294943903,2284.1406633323268,0.5692199041706842,0.771726878805037
1145,1299.8356972728275,2284.0277171360253,0.5690980400635023,0.7715616600444406
1146,1299.4956751890572,2283.9176599570137,0.5689765870165019,0.7713969985837358
1147,1299.1682819890111,2283.810535370213,0.5688599215514223,0.7712388279460428
1148,1298.91093286064,2283.7063869505446,0.5687731751694615,0.7711212204728892
1149,1298.6522372671975,2283.60525827293,0.5686850792458573,0.7710017833420715
1150,1298.3926745328192,2283.5071929122905,0.568595833007604,0.7708807866580348
1151,1298.1327239816403,2283.412234443548,0.5685056357324749,0.7707585005940689
1152,1297.8728649377958,2283.3204264416245,0.5684146867465416,0.7706351953889443
1153,1297.613576725422,2283.231812481439,0.5683231854216163,0.7705111413434449
1154,1297.334804422688,2283.1361690149324,0.5682248925969352,0.7703778796387079
1155,1297.004892592184,2283.04314004371,0.5681035412091916,0.7702133560037895
1156,1296.7236408764215,2282.95276042771,0.5680028353427169,0.7700768227879928
1157,1296.3921298463015,2282.8650650268683,0.5678794378637722,0.7699095251397893
1158,1296.0588235294194,2282.780088701123,0.5677545681883281,0.7697402315430936
1159,1295.7241402450209,2282.697866310411,0.5676284011862404,0.769569179079861
1160,1295.3884983123512,2282.61843271467,0.5675011117700356,0.7693966048898988
1161,1295.0619251923254,2282.541822773836,0.5673770847355227,0.7692284537139987
1162,1294.7859164111076,2282.4680713478465,0.567274492320284,0.7690893627865362
1163,1294.512896869498,2282.407480419622,0.567169932614969,0.7689476046813815
1164,1294.243337176649,2282.3504844224144,0.5670659900879238,0.7688066833232492
1165,1293.9777079417115,2282.258690364465,0.566972409133458,0.7686798097944489
1166,1293.783743765526,2282.1731754526913,0.5669086630592314,0.7685933852710994
1167,1293.5901064012512,2282.0939484020773,0.5668434935849259,0.7685050309556044
1168,1293.4178617088944,2282.059454494287,0.5667765838272258,0.7684143172295153
1169,1293.2278062031594,2281.990232245629,0.5667104915390184,0.7683247117977345
1170,1292.978087043528,2281.9657954297013,0.5666071286577089,0.7681845763014301
1171,1292.726838404155,2281.9348520065078,0.5665047086105279,0.7680457190640797
1172,1292.4026697482934,2281.907045977656,0.5663695513042157,0.7678624778854354
1173,1292.0732633868777,2281.882412203083,0.566231308185343,0.7676750530784983
1174,1291.8109075000364,2281.8609855427258,0.5661216505670644,0.7675263834152078
1175,1291.548817420216,2281.842800856522,0.5660113032043289,0.7673767786223953
1176,1291.2874724715514,2281.818283862738,0.5659028510743708,0.7672297433147064
1177,1291.0273519781788,2281.7592912626315,0.5658034819543903,0.7670950224093933
1178,1290.7689352642333,2281.74531939983,0.5656936925825472,0.7669461741195889
1179,1290.5127016538506,2281.7353259273527,0.5655838724981631,0.7667972841908797
1180,1290.1872606102836,2281.7005095651443,0.5654498717959144,0.7666156110924052
1181,1289.8602944444672,2281.6716716821534,0.5653137173296817,0.766431018001947
1182,1289.5322214756466,2281.6488122783803,0.5651755934288422,0.7662437548263231
1183,1289.1931929000846,2281.6319313538256,0.5650311845588218,0.7660479707265122
1184,1288.8532274637125,2281.5922014834778,0.5648920199787271,0.7658592966372018
1185,1288.512734770791,2281.5193293994025,0.5647608232668293,0.7656814250830968
1186,1288.1721244255816,2281.480518088399,0.5646211371135932,0.7654920438645917
1187,1287.759936171463,2281.44493132158,0.5644492744453394,0.7652590389405144
1188,1287.353391741166,2281.402925097338,0.5642814680296949,0.7650315333307492
1189,1287.014451186945,2281.364722963736,0.564142347881568,0.7648429194806252
1190,1286.6762688363572,2281.3302813458504,0.5640026257299728,0.7646534894569026
1191,1286.3392630086469,2281.2995566687623,0.5638624963777256,0.7644635073658927
1192,1286.0038520230605,2281.361619557832,0.5637001346030844,0.7642433833950636
1193,1285.6704541988436,2281.4267326914005,0.5635379106310977,0.7640234462518762
1194,1285.339487855241,2281.446885221056,0.5633878641582755,0.7638200189028002
1195,1285.0113713114993,2281.4734040467292,0.563237497764484,0.7636161578169391
1196,1284.6769137451936,2281.5062804534364,0.5630827864694159,0.7634064060777889
1197,1284.3467918835684,2281.5455057261934,0.5629284135074806,0.7631971130379402
1198,1284.0214153308852,2281.5910711500155,0.5627745618252642,0.7629885267294753
1199,1283.701193691405,2281.64296800992,0.5626214143447108,0.7627808951510671
1200,1283.3865365693891,2281.6819693075813,0.5624738915559107,0.7625808893176111
1201,1283.0778535690988,2281.718974002343,0.56232948412506,0.7623851071689721
1202,1282.7851634364658,2281.72314586532,0.5622001800529497,0.7622098015845129
1203,1282.4986173677514,2281.7431188662986,0.5620696768026063,0.7620328701994306
1204,1282.1364966983363,2281.7692228587207,0.5619045448829432,0.7618089905704524
1205,1281.7760231609498,2281.801396837695,0.5617386442734844,0.7615840687808393
1206,1281.4996823388306,2281.8703811672813,0.5616005593110354,0.7613968583964168
1207,1281.2310194178642,2281.9549487602635,0.5614620131365561,0.7612090227181176
1208,1280.9704527172958,2282.0428324047657,0.5613262093627918,0.7610249050832824
1209,1280.6465306954892,2282.134005955834,0.5611618456029762,0.7608020668964556
1210,1280.3166075355057,2282.228443268516,0.5609940631981116,0.7605745938396002
1211,1279.9906409783862,2282.356919566809,0.5608196640958891,0.760338150114006
1212,1279.6792467464857,2282.490607425703,0.5606503889143125,0.7601086532067823
1213,1279.3731730124896,2282.6295068451977,0.5604821847679959,0.7598806083687719
1214,1279.0727770907538,2282.764008683624,0.5603175677490826,0.7596574268228116
1215,1278.7681491726503,2282.863302857046,0.560159755326676,0.75944347069217
1216,1278.4692469992203,2283.0068508491577,0.5599936095345914,0.7592182164931995
1217,1278.1764191698353,2283.156207378293,0.5598287208905177,0.7589946666880908
1218,1277.818144422984,2283.2702952375353,0.5596438350239427,0.7587440054028797
1219,1277.4619743448368,2283.3971165603134,0.5594567695124327,0.758490389037268
1220,1277.108196529875,2283.516760222036,0.5592725303254164,0.7582406044958141
1221,1276.7570985725802,2283.620231487426,0.5590934433703848,0.7579978051561765
1222,1276.4089680674335,2283.7472218808985,0.5589099160528724,0.757748985740549
1223,1276.0640926089163,2283.8771535815667,0.5587271148134206,0.7575011507141731
1224,1275.712492668527,2284.0099830145086,0.5585406815887911,0.7572483915792682
1225,1275.3640562674318,2284.013509968648,0.5583872646554259,0.7570403946868997
1226,1275.0190622851287,2284.0138123786023,0.558236143483435,0.7568355103012213
1227,1274.6725257506068,2284.010733374656,0.5580851732107499,0.7566308304991308
1228,1274.242588559499,2283.9560703787406,0.5579102878052272,0.7563937274618623
1229,1273.8308151386323,2283.9009585611348,0.5577434565906702,0.7561675439929533
1230,1273.4168978316322,2283.8349303542163,0.5575783437352579,0.7559436902105675
1231,1273.0010632280898,2283.7776528630166,0.5574102459721572,0.755715789602909
1232,1272.6656749014628,2283.7911863621093,0.557260086868412,0.7555122095530752
1233,1272.3918108778764,2283.808127420056,0.5571360376562178,0.7553440283095111
1234,1272.1182170188029,2283.8283365971083,0.5570113115043717,0.7551749292966967
1235,1271.912505915303,2283.892742945451,0.5569055332585211,0.7550315191402394
1236,1271.7032173107552,2283.962805318594,0.5567968157578482,0.7548841240529436
1237,1271.4907608094202,2284.0384191367243,0.5566853649029219,0.7547330231870352
1238,1271.2755460155604,2284.1194798200313,0.5565713865877655,0.7545784956858663
1239,1271.0579825334362,2284.2058827887035,0.556455086693695,0.7544208206755606
1240,1270.8384799673088,2284.29752346293,0.5563366710833508,0.7542602772569219
1241,1270.5353109375742,2284.3532287709654,0.5561903890061484,0.7540619535334586
1242,1270.1538186010955,2284.3728592730617,0.556018608540677,0.7538290600568135
1243,1269.8334156899423,2284.397309161467,0.555872400390832,0.7536308365612733
1244,1269.5071780968117,2284.4648407031736,0.5557131611209428,0.7534149459646263
1245,1269.1754457060913,2284.4958093998216,0.5555604175257939,0.7532078619588175
1246,1268.8385584021673,2284.6106145022704,0.5553850403862362,0.7529700922470893
1247,1268.5789930532935,2284.7296463720963,0.5552424966637343,0.7527768368439426
1248,1268.2381491465055,2284.814363862808,0.5550727311615663,0.752546675178553
1249,1267.89323969955,2284.9056960265907,0.5548995925321527,0.7523119403544561
1250,1267.626741580679,2285.0035034236957,0.5547592113891082,0.7521216168949794
1251,1267.3621912607955,2285.107646614373,0.5546181568901254,0.751930380524916
1252,1267.0999983441604,2285.179549592196,0.5544859696343257,0.7517511660287456
1253,1266.8405724350353,2285.260106549412,0.5543529022382834,0.7515707582716274
1254,1266.5843231376807,2285.349143186334,0.5542191778065706,0.7513894597303263
1255,1266.3316600563587,2285.446485203277,0.5540850193846153,0.7512075728014217
1256,1266.08299279533,2285.5519583005566,0.5539506499501056,0.7510253997896539
1257,1265.838730958856,2285.6653881784855,0.5538162924047428,0.7508432428967431
1258,1265.6088932928685,2285.7866005373794,0.5536863734328169,0.7506671036543039
1259,1265.383630993629,2285.9154210775514,0.553556627391377,0.7504911988644958
1260,1265.1633623803834,2286.051675499317,0.5534272807302345,0.7503158355394329
1261,1264.948505772377,2286.1951895029893,0.5532985597994249,0.7501413205559568
1262,1264.739479488856,2286.345788788883,0.5531706908423552,0.7499679606463464
1263,1264.5367018490654,2286.5032990573136,0.5530438999893035,0.7497960623895047
1264,1264.3405911722512,2286.6675460085944,0.5529184132512717,0.7496259322026241
1265,1264.1515657776586,2286.8383553430394,0.5527944565141896,0.7494578763333294
1266,1264.0167737302559,2287.015552760964,0.5526926881648405,0.7493199026433216
1267,1263.8840253466676,2287.198963962682,0.5525903278466548,0.7491811263842905
1268,1263.7537825210604,2287.3884146485075,0.5524876205667307,0.7490418797276194
1269,1263.6265071476018,2287.583730518755,0.5523848112265816,0.7489024947015442
1270,1263.369188521676,2287.7847372737397,0.5522238032006376,0.748684206092144
1271,1263.107094084363,2287.981651472105,0.5520617236032772,0.7484644646866303
1272,1262.840572435035,2288.184557222165,0.5518962919530022,0.7482401786941923
1273,1262.6418420339453,2288.4035386322316,0.5517566376377047,0.7480508406403638
1274,1262.526185477532,2288.590375694271,0.5516610569047462,0.7479212558873017
1275,1262.417208956571,2288.785927740593,0.5515663101803425,0.7477928018515849
1276,1262.2435219343156,2288.9919595555143,0.5514407845187115,0.7476226188935564
1277,1262.1394127320766,2289.2390633483633,0.5513357835533368,0.7474802625446544
1278,1261.9559596984343,2289.467427310508,0.5512006611864682,0.74729706873559
1279,1261.7757094215153,2289.707643651278,0.5510641120145047,0.7471119405179878
1280,1261.5990715055818,2289.928701842099,0.5509337781961103,0.746935238842352
1281,1261.354585694012,2290.159194003407,0.5507715747432602,0.7467153295182363
1282,1261.1098645778666,2290.388617707641,0.5506095580583444,0.7464956734070423
1283,1260.8652567565168,2290.5339339700636,0.5504678354933273,0.7463035312982447
1284,1260.6211108293342,2290.6511592236475,0.5503330813831062,0.7461208367576547
1285,1260.3777753956895,2290.7694302753457,0.5501984436924299,0.7459383000542931
1286,1260.1253319319712,2290.888398525786,0.5500596767362727,0.7457501650485214
1287,1259.806465472547,2291.0077153755983,0.5498918475994781,0.7455226286342779
1288,1259.4214548969135,2291.1270322254104,0.5496951662578116,0.7452559754887864
1289,1259.0377820713675,2291.2267821925116,0.549503781928812,0.7449965038333
1290,1258.7378018543818,2291.327133493528,0.5493487959247515,0.7447863796540579
1291,1258.4449287070784,2291.4482543450863,0.5491919471979313,0.7445737300655481
1292,1258.1594502239386,2291.570577864476,0.5490380538034411,0.7443650872051554
1293,1257.881653999444,2291.745091067241,0.5488750292964136,0.7441440647267508
1294,1257.6790916197654,2291.923443220583,0.5487439361641547,0.7439663336020138
1295,1257.4802418233908,2292.146397791985,0.5486038077823984,0.7437763528267589
1296,1257.2854532096924,2292.3752480502535,0.5484640676865876,0.7435868984749455
1297,1257.0950743780406,2292.609723830876,0.5483249335074247,0.7433982656020721
1298,1256.908795946494,2292.849554969341,0.5481863357420765,0.7432103599788186
1299,1256.6544386722271,2293.0944713011345,0.5480168629769464,0.7429805951952647
1300,1256.3899449997416,2293.344202661744,0.5478418562471027,0.7427433276710572
1301,1256.135470073187,2293.598478886657,0.5476701705360965,0.7425105626589424
1302,1255.8810343640619,2293.85702981136,0.5474975196982271,0.742276489164225
1303,1255.6173163251776,2294.1195852713413,0.5473199062448469,0.7420356875425554
1304,1255.354861959014,2294.3858751020875,0.5471419936732123,0.7417944803876373
1305,1255.0939501450682,2294.655629139086,0.5469639688879839,0.7415531210977608
1306,1254.8348597628378,2294.870922367805,0.5467997557213904,0.741330487079545
1307,1254.5778696918196,2295.0930350717244,0.5466348642605734,0.7411069334556019
1308,1254.3232588115102,2295.321644796427,0.5464694944410532,0.7408827312909696
1309,1254.071306001407,2295.5564290874936,0.5463038460352346,0.7406581514295404
1310,1253.8222901410072,2295.7586289238266,0.546147262322937,0.7404458611377256
1311,1253.5764901098073,2295.9401280579928,0.5459970296220823,0.7402421813077064
1312,1253.2566536726324,2296.1313443996337,0.5458122666760249,0.7399916866734975
1313,1252.9444689916577,2296.331894489442,0.5456286488892899,0.7397427446031097
1314,1252.6401452265054,2296.5413948681075,0.5454463603511251,0.7394956046778032
1315,1252.3438915367988,2296.759462076324,0.5452655849318461,0.7392505161820166
1316,1252.055917082161,2297.026781146714,0.5450767606884905,0.7389945153940966
1317,1251.7718251530207,2297.3045669132275,0.5448871878729443,0.7387374997202316
1318,1251.4872190398075,2297.592470776493,0.5446950383750412,0.7384769906776029
1319,1251.2023079021449,2297.810639078526,0.5445193292358962,0.7382387708533551
1320,1250.9173008996552,2298.079227050628,0.544331668889019,0.7379843480323857
1321,1250.632407191961,2298.3183461748763,0.5441510786673248,0.7377395106205005
1322,1250.3478359386852,2298.5660146987066,0.5439686430335477,0.7374921712685101
1323,1250.0637962994506,2298.8218143028716,0.5437845545582393,0.7372425910563059
1324,1249.78049743388,2299.085326668127,0.5435990056293748,0.7369910308162492
1325,1249.4981485015965,2299.356133475227,0.543412188442995,0.7367377511204837
1326,1249.2265678038923,2299.633816404926,0.5432284735475141,0.7364886773937207
1327,1248.9557060923914,2299.9282242609615,0.5430411666406327,0.7362347337533682
1328,1248.6857812417009,2300.2319702226555,0.542852111181131,0.735978419491317
1329,1248.417011126428,2300.506208119067,0.5426705682081836,0.7357322903752143
1330,1248.149613621179,2300.788930052678,0.542487664695345,0.7354843166904377
1331,1247.8838066005624,2301.1393203532493,0.5422895500342843,0.7352157203045668
1332,1247.6198079391838,2301.497358052528,0.5420904801710874,0.734945828891664
1333,1247.357835511651,2301.8626509762225,0.5418906445102818,0.7346748992392441
1334,1247.0981071925712,2302.2059795250293,0.5416970150732826,0.7344123837510026
1335,1246.831231714881,2302.5789189759334,0.5414933757273371,0.7341362972057203
1336,1246.567685361187,2302.9625081376307,0.5412887448043028,0.7338588663176168
1337,1246.3076772911113,2303.3255447518945,0.5410905462889567,0.7335901562452684
1338,1246.0514166642774,2303.6964292095045,0.5408921943295499,0.7333212381392495
1339,1245.7888455173245,2304.0850015992137,0.5406870166042704,0.7330430659172837
1340,1245.529773436561,2304.4812344601078,0.5404816297965485,0.7327646102292278
1341,1245.2744008666255,2304.8654911896006,0.540280725980199,0.7324922324118055
1342,1245.0229282521564,2305.257870284445,0.5400796779835019,0.7322196591201052
1343,1244.775556037792,2305.6066003805104,0.5398906976725162,0.731963446741578
1344,1244.5420938098412,2305.9496387203408,0.5397091388780221,0.7317172961752189
1345,1244.3124836049433,2306.3384908610456,0.5395185869444485,0.7314589530500584
1346,1244.0869345827211,2306.7349250380767,0.5393280871065779,0.7312006805542872
1347,1243.8759230257801,2307.1096606472406,0.5391490245317689,0.730957914268436
1348,1243.7373216587478,2307.493019733352,0.5389993863567444,0.7307550404741157
1349,1243.599539500238,2307.8845229722765,0.5388482513408566,0.730550137319404
1350,1243.4628554297476,2308.283691039876,0.5386958545245237,0.7303435234632358
1351,1243.327548326774,2308.7105788579847,0.5385376407560761,0.7301290232027681
1352,1243.193897070814,2309.1461642304066,0.538378174724659,0.7299128251713934
1353,1243.0519134183817,2309.590643244288,0.538213088563722,0.7296890075803704
1354,1242.9114766756593,2310.0435540054636,0.5380467716812233,0.7294635214234688
1355,1242.77285700716,2310.4852163364258,0.5378839250820819,0.7292427401458668
1356,1242.6363245773962,2310.9260760173356,0.5377222306993754,0.7290235209998528
1357,1242.5021495508809,2311.3663029903864,0.5375617650665597,0.7288059677466004
1358,1242.3706020921268,2311.774599132525,0.5374099198764085,0.7286001017644056
1359,1242.1746883739568,2312.1888693963874,0.5372289023682719,0.7283546850536762
1360,1241.9864874168773,2312.6085821679358,0.5370500209130018,0.7281121643228651
1361,1241.8062083805107,2313.0043784081176,0.5368801805879679,0.7278819012154556
1362,1241.6340604244795,2313.406501726888,0.5367124452609765,0.7276544919850053
1363,1241.4702527084066,2313.8047852235827,0.5365492632034831,0.7274332559056208
1364,1241.314994391915,2314.208929547209,0.5363884732027141,0.7272152628865304
1365,1241.1588854929573,2314.6286353467685,0.5362237667585978,0.7269919601012526
1366,1241.0123935791555,2315.0537357216003,0.5360620250105482,0.7267726767390927
1367,1240.875719095148,2315.4836729127087,0.5359034631128352,0.7265577044980961
1368,1240.758671627243,2315.9178891611,0.5357524450388377,0.726352959888789
1369,1240.6511932120804,2316.3366084244394,0.5356091980327354,0.7261587510002603
1370,1240.6207570009724,2316.7495226367487,0.5355005989551223,0.7260115164664825
1371,1240.5957632975485,2317.1759241587333,0.5353912710567953,0.7258632938250675
1372,1240.5764822663216,2317.6261629057276,0.5352789427915962,0.7257110033994015
1373,1240.5631840718052,2318.040710306092,0.5351774792203677,0.7255734429160755
1374,1240.556138878511,2318.42989884519,0.5350846016506395,0.7254475230097754
1375,1240.4883528592632,2318.82391112809,0.5349644476694114,0.7252846227734524
1376,1240.4991690262564,2319.2426626368715,0.5348725206770154,0.7251599916240496
1377,1240.5169876831203,2319.66633375428,0.534782511446548,0.7250379605039442
1378,1240.4599420105021,2320.0847140047317,0.5346614865063812,0.724873879454339
1379,1240.4199785785759,2320.5587960772245,0.5345350355592958,0.7247024420291873
1380,1240.362159886852,2321.011140364422,0.534405948474725,0.7245274306282508
1381,1240.316154356323,2321.471955616342,0.5342800507908888,0.7243567432965468
1382,1240.2821450016588,2321.9406492140524,0.534157557137164,0.7241906710204898
1383,1240.2699239791993,2322.4166285386236,0.5340428193366997,0.7240351138377834
1384,1240.2078131577164,2322.8993009711244,0.5339051127352908,0.72384841642099
1385,1240.1439976853076,2323.3880738926227,0.5337653281518143,0.723658901754477
1386,1240.0170055488377,2323.8823546841872,0.5335971517875544,0.7234308945823312
1387,1239.8941704598708,2324.3431141602073,0.5334385284626313,0.7232158390606397
1388,1239.775562138281,2324.810793333748,0.5332801988416698,0.7230011817317028
1389,1239.6612503039423,2325.2847647259405,0.5331223380075126,0.7227871599662357
1390,1239.5513046767294,2325.764400857917,0.5329651207231006,0.7225740107012425
1391,1239.445794976516,2326.249074250808,0.5328087214288058,0.7223619704364008
1392,1239.3447909231768,2326.7381574257465,0.5326533142407229,0.7221512752317456
1393,1239.1810982448967,2327.2720913957974,0.5324607736354924,0.7218902359405523
1394,1239.0938595092316,2327.802237833678,0.5323020312337052,0.7216750189789395
1395,1238.944010583484,2328.297194036524,0.5321245130375949,0.7214343465034839
1396,1238.8034300435213,2328.835828869096,0.5319410731692047,0.7211856456480783
1397,1238.6721266043269,2329.3380359388657,0.5317700168430325,0.7209537339321852
1398,1238.5404998392157,2329.84161561866,0.5315985822969074,0.720721309439944
1399,1238.4188168711712,2330.3870002065587,0.5314219555642051,0.7204818455769568
1400,1238.3070777001928,2330.935151801967,0.5312490468655464,0.720247422484306
1401,1238.2052823262804,2331.48546907097,0.5310799911696081,0.7200182231474332
1402,1238.113430749435,2331.9989141129718,0.5309236737875496,0.7198062939361124
1403,1238.0315229696557,2332.5281602929763,0.5307680927694152,0.7195953630592291
1404,1237.9595589869427,2333.064944934385,0.5306151299709143,0.7193879818657827
1405,1237.8975388012962,2333.60864055833,0.5304649277031823,0.7191843432958435
1406,1237.845462412716,2334.158619685943,0.5303176279336431,0.7189846398234907
1407,1237.803329821202,2334.714254838355,0.5301733722900073,0.7187890634622331
1408,1237.7711410267545,2335.274918536698,0.5300323020650399,0.718597805771473
1409,1237.73862890639,2335.830374160434,0.5298923426112522,0.7184080540223872
1410,1237.7153938867943,2336.390252638693,0.529755417567306,0.7182224162117263
1411,1237.7014272529832,2336.9654128418915,0.5296190608776975,0.7180375489544418
1412,1237.6967202899723,2337.55131862071,0.529484298560891,0.7178548432876729
1413,1237.7012642827772,2338.140392296315,0.5293528431229984,0.7176766209626215
1414,1237.7150505164138,2338.7319976748554,0.5292248328354587,0.7175030694424901
1415,1237.7380702758976,2339.3254985624762,0.5291004056667155,0.7173343757796908
1416,1237.7703148462444,2339.852994773637,0.5289949059239892,0.7171913432072662
1417,1237.7399056515874,2340.385658970477,0.5288615151556101,0.7170104970341293
1418,1237.7140369637416,2340.9227939542543,0.5287291149286526,0.7168309937996951
1419,1237.6926390628328,2341.463702526226,0.528597832939915,0.7166530066304667
1420,1237.6756422289866,2342.007687487649,0.5284677966009084,0.7164767082661657
1421,1237.5188396172803,2342.5643187627647,0.5282752877713432,0.7162157120552213
1422,1237.3760376278233,2343.123298726144,0.5280883162659565,0.7159622231395661
1423,1237.2470358159783,2343.68393889403,0.5279069482380068,0.7157163312072933
1424,1237.2757708621546,2344.2455507826626,0.5277927350439339,0.7155614852661475
1425,1237.1832473600207,2344.8154985537612,0.5276249871783483,0.7153340590363442
1426,1237.1027548936886,2345.4137168623743,0.5274560927138469,0.7151050782909729
1427,1237.0341104484892,2346.0408018134267,0.527285846645248,0.7148742650917401
1428,1236.8949940258856,2346.6365407090116,0.5270927016470011,0.7146124063872891
1429,1236.9018178585786,2347.2599522941887,0.5269556176126309,0.7144265530234074
1430,1236.9159753505458,2347.881625240002,0.5268221200138689,0.7142455620136663
1431,1237.0045997687118,2348.5009756425034,0.5267209222386173,0.7141083618865016
1432,1237.0957515323196,2349.069373889397,0.5266322762890726,0.7139881790512571
1433,1237.1893609214949,2349.6375281167307,0.5265447738711939,0.7138695465731187
1434,1237.2853582163639,2350.204810845637,0.5264585250215581,0.7137526136355278
1435,1237.3932828387217,2350.780861720229,0.5263754282622649,0.7136399541831469
1436,1237.5028066606951,2351.345843693284,0.5262955298472538,0.713531630925323
1437,1237.613868677395,2351.8805689839073,0.5262230935527846,0.7134334245291072
1438,1237.7886686031434,2352.4151853372273,0.5261778092227805,0.7133720297423177
1439,1237.97020085425,2352.9490391294216,0.5261355772126252,0.7133147731756656
1440,1238.1584567157306,2353.492401840967,0.5260940956287807,0.7132585340087048
1441,1238.3534274726007,2354.0356774026695,0.5260555051735413,0.7132062145248719
1442,1238.4878404181868,2354.62461512452,0.5259810130510726,0.7131052209145867
1443,1238.6334956934977,2355.2428805114782,0.525904782875093,0.7130018709168997
1444,1238.7903235786587,2355.7920996924618,0.5258487468993454,0.7129258994542933
1445,1238.8863844929128,2356.338848175401,0.5257674996328426,0.712815747474487
1446,1238.9311568531657,2356.8728283348673,0.5256673766859418,0.7126800045590646
1447,1238.9860603826473,2357.403610095103,0.5255723097550801,0.7125511163995081
1448,1239.0509120666873,2357.9304962573638,0.5254823727982554,0.7124291832652817
1449,1239.1152617676328,2358.452789622907,0.5253932863187628,0.7123084031761479
1450,1239.169308614159,2358.969792992991,0.5253010497611915,0.7121833523299552
1451,1239.2436448155936,2359.4327634605243,0.5252294805799104,0.7120863215330979
1452,1239.3181936626452,2359.8922958667576,0.5251587946760341,0.7119904882504346
1453,1239.4023551373598,2360.3476494380275,0.5250931384757866,0.7119014740502636
1454,1239.5061872030988,2360.77886511733,0.5250412080173785,0.7118310686932328
1455,1239.6198802735532,2361.2057189469992,0.5249944425962058,0.711767665898894
1456,1239.7432339040847,2361.6274527234023,0.5249529228136414,0.7117113749435491
1457,1239.8760476500554,2362.1151781037897,0.524900758076233,0.7116406519598852
1458,1240.0181210668259,2362.6112010207125,0.5248506908504895,0.7115727727034321
1459,1240.1692537097583,2363.1052238487423,0.5248049224358784,0.711510721612989
1460,1240.3292451342136,2363.5965581041214,0.5247635180722642,0.7114545871383039
1461,1240.4978948955538,2364.08451530309,0.5247265429241705,0.7114044576269805
1462,1240.6750025491401,2364.5684069618915,0.5246940620944934,0.7113604213430696
1463,1240.932237511217,2365.0790039470303,0.5246895496684261,0.711354303565987
1464,1241.2021963503462,2365.6182758449527,0.5246840578736284,0.7113468579977149
1465,1241.4847396267792,2366.156759036798,0.5246840619858829,0.7113468635729545
1466,1241.7797279007677,2366.693817328714,0.5246896403787304,0.7113544265475966
1467,1242.0870217325635,2367.2390816498296,0.5246985956597592,0.7113665677798804
1468,1242.3346118215347,2367.772048256624,0.5246850568813235,0.7113482124146719
1469,1242.5895617147326,2368.3119572198984,0.5246730938154689,0.7113319933411553
1470,1242.8516709675184,2368.8383047961306,0.5246671621491201,0.7113239514116234
1471,1243.120739135254,2369.3318944894413,0.5246714240526988,0.7113297295397641
1472,1243.3965657733008,2369.7946958862794,0.5246853526728327,0.7113486134376448
1473,1243.6789504370201,2370.2568218718357,0.5247021921678782,0.7113714437899513
1474,1243.9676926817733,2370.7689195772673,0.5247106465794168,0.7113829059622699
1475,1244.2625920629223,2371.2726892437186,0.5247235367349341,0.7114003819489876
1476,1244.5634481358284,2371.7777443703512,0.5247386485052922,0.7114208699173215
1477,1244.85979333287,2372.2834313333447,0.52475171258655,0.7114385817059986
1478,1245.1610276360939,2372.809630754845,0.5247622950855858,0.7114529290590884
1479,1245.4669418858775,2373.336488157657,0.5247746992895611,0.7114697462110323
1480,1245.7677177809283,2373.8633673479308,0.5247849286173089,0.7114836147478091
1481,1246.0734045696222,2374.3896321318125,0.5247973574795526,0.7115004653305034
1482,1246.3837843773522,2374.914646315449,0.5248120332707742,0.7115203622147663
1483,1246.6986393295115,2375.4377737049886,0.5248290033651465,0.7115433696287148
1484,1247.0273606931626,2375.9583781065785,0.5248523594453407,0.7115750349214027
1485,1247.3498630440295,2376.475823326366,0.5248737861334971,0.71160408441713
1486,1247.6864627534721,2376.999740293482,0.5248997051213071,0.7116392244033073
1487,1248.0273415201973,2377.5198923873872,0.5249282437199675,0.7116779159590809
1488,1248.3722901845824,2378.035652129215,0.524959450909338,0.7117202254894974
1489,1248.7210995870048,2378.5463920400957,0.5249933756877317,0.7117662194246218
1490,1249.073560567841,2379.051484641161,0.5250300670799658,0.7118159642304522
1491,1249.4294639674695,2379.5503024535433,0.5250695741456647,0.7118695264201774
1492,1249.7886006262668,2380.0422179983734,0.5251119459878089,0.7119269725657664
1493,1250.1507613846097,2380.5266037967835,0.5251572317615361,0.7119883693099012
1494,1250.5157370828758,2381.0028323699053,0.5252054806831912,0.7120537833782459
1495,1250.8730514384595,2381.542146099753,0.5252365797880217,0.7120959463717194
1496,1251.2320957184234,2382.0767145206587,0.5252694374161693,0.7121404935047859
1497,1251.5926520481598,2382.6059711586445,0.5253040860296002,0.7121874687881554
1498,1251.9545025530626,2383.1293495397317,0.5253405581173596,0.7122369162692499
1499,1252.2455594976414,2383.646283189942,0.5253487349732987,0.7122480021421543
1500,1252.5328079940887,2384.156205635297,0.5253568558274608,0.7122590120899616
1501,1252.8159691629073,2384.6201138351385,0.5253733967495676,0.7122814376483381
1502,1253.0947641246007,2385.050305503788,0.5253955278146273,0.7123114421117063
1503,1253.3785231413415,2385.47761251264,0.5254203672115578,0.7123451184292843
1504,1253.656708925633,2385.901407382826,0.5254436352844983,0.7123766644050568
1505,1253.9290513129638,2386.321062635478,0.5254653579297127,0.7124061151482016
1506,1254.1952801388197,2386.735950791727,0.5254855610327479,0.7124335057533673
1507,1254.455125238689,2387.196779987621,0.5254929697271099,0.7124435501817755
1508,1254.698707306389,2387.637018290152,0.5254980961071339,0.7124505003344784
1509,1254.9360145854052,2388.0490871489856,0.525506791857295,0.7124622897045997
1510,1255.2386380571238,2388.4631604542037,0.5255423901193521,0.712510552485762
1511,1255.5390958552482,2388.8786107269398,0.5255767665286205,0.7125571587249937
1512,1255.8371701051713,2389.285201346653,0.525612082390731,0.7126050386389586
1513,1256.132642932286,2389.6445175341264,0.5256566965150485,0.712665524786154
1514,1256.4252964619857,2390.0072151355007,0.5256993738367242,0.712723385089371
1515,1256.7149128196625,2390.353396098664,0.5257444003345982,0.7127844303170823
1516,1256.9442772620037,2390.7131645938216,0.5257612230012363,0.7128072378540687
1517,1257.175380343709,2391.0762229955462,0.5257780443187698,0.7128300435619901
1518,1257.3983427585963,2391.4418828200783,0.5257908844833916,0.7128474517729368
1519,1257.6128856271682,2391.809455583661,0.5257997800331797,0.7128595120238573
1520,1257.8283304966137,2392.178252802535,0.5258087807725098,0.7128717148867918
1521,1257.972519911568,2392.547585992943,0.5257878786931173,0.7128433766358417
1522,1258.1123692643496,2392.916766671125,0.5257652028635146,0.7128126336012511
1523,1258.2475299555872,2393.285106353325,0.5257407596844126,0.7127794944608622
1524,1258.3776533859095,2393.6423074141126,0.5257166659731017,0.712746829115725
1525,1258.5023909559452,2393.9979397777292,0.5256906741836173,0.712711590427783
1526,1258.6932639272059,2394.4231761063156,0.525677030062007,0.7126930922422712
1527,1258.810850852638,2394.8501162143293,0.5256324152939096,0.7126326052222635
1528,1258.9220671245594,2395.2883910309006,0.5255826696436899,0.7125651619457778
1529,1259.026564143599,2395.7277639354916,0.5255298966337396,0.7124936142891415
1530,1259.1958631712682,2396.167607449234,0.5255040837947502,0.712458618215532
1531,1259.3822888860495,2396.6072940932595,0.5254854610473546,0.7124333701969419
1532,1259.5656948587769,2397.097532003615,0.5254545040584846,0.712391399878928
1533,1259.8130749166269,2397.589691568005,0.5254498212714281,0.7123850511328411
1534,1260.042082916111,2398.083188882483,0.5254371861483654,0.7123679209095073
1535,1260.2621101242921,2398.597974289067,0.5254161487807592,0.7123393992398992
1536,1260.4832057895462,2399.1142630304407,0.525395236572587,0.7123110472567318
1537,1260.6955516105804,2399.631488632624,0.5253704819188547,0.712277485830786
1538,1260.8989384277725,2400.1490846216398,0.5253419241774062,0.7122387683219422
1539,1261.0931570814992,2400.628047956829,0.5253180134068722,0.7122063510010108
1540,1261.2107344204483,2401.1088457962105,0.5252617917045028,0.712130127737255
1541,1261.32327014099,2401.5908768058675,0.5252032235476172,0.7120507232389591
1542,1261.4208849369418,2402.073539651885,0.5251383290786968,0.7119627417653939
1543,1261.5135670517896,2402.566500123331,0.5250691570814094,0.7118689609801891
1544,1261.672907466919,2403.0595564596038,0.525027731449871,0.7118127976712545
1545,1261.769163596821,2403.590552608453,0.5249517902404421,0.711709839443519
1546,1261.9213228649016,2404.1178623189494,0.5248999404911393,0.7116395435088492
1547,1262.0817796695176,2404.6409278321007,0.5248524904744697,0.7115752125657543
1548,1262.2304485863933,2405.159191388913,0.5248012077975971,0.7115056854464992
1549,1262.387645986888,2405.672095230391,0.5247546614893038,0.7114425797171389
1550,1262.4762895780193,2406.179081597541,0.524680934695775,0.7113426237109673
1551,1262.6352430478469,2406.6411561646883,0.5246462439211456,0.7112955912670349
1552,1262.7251633841754,2407.0987948048373,0.5245838542686632,0.7112110057291309
1553,1262.8080411417054,2407.522577474045,0.5245259392194919,0.711132486689643
1554,1262.8938645639228,2407.9426867773777,0.5244700679541886,0.7110567385352453
1555,1262.9823547713304,2408.358503950951,0.5244162580859068,0.7109837851451868
1556,1263.073232884432,2408.7694102308815,0.5243645271812738,0.7109136503356384
1557,1263.1758291653994,2409.2466567141673,0.524303240452836,0.710830560100559
1558,1263.2796063267372,2409.7224216501254,0.5242427903632447,0.710748604148875
1559,1263.451558195622,2410.196147279761,0.5242110936164268,0.7107056308949342
1560,1263.6196057515485,2410.677542967064,0.5241761219529529,0.7106582176324998
1561,1263.7835398348934,2411.1564505263545,0.5241399991108042,0.7106092436454331
1562,1263.9431512860342,2411.632320913622,0.5241027582542941,0.7105587538966593
1563,1264.0982309453482,2412.1046050848577,0.5240644324796508,0.7105067932567968
1564,1264.2485696532121,2412.5727539960512,0.5240250548130336,0.7104534065014664
1565,1264.3939582500038,2413.0266094615226,0.5239867448176043,0.710401467254467
1566,1264.466923584411,2413.475880845262,0.5239194365354759,0.7103102132239876
1567,1264.6063293444925,2413.9918802491575,0.5238651959400823,0.7102366758703551
1568,1264.7400965097434,2414.5068469274156,0.5238088672720851,0.7101603075866352
1569,1264.8007519288515,2415.0202841259315,0.5237226205686388,0.710043377558767
1570,1264.8598952981865,2415.5316950906017,0.5236362238048564,0.7099262440847544
1571,1264.9172564532353,2416.040583067322,0.5235496726827907,0.7098089013376027
1572,1265.1265720742347,2416.546451301989,0.5235266929765032,0.709777746318463
1573,1265.343565596387,2417.0488030404977,0.5235076610801831,0.7097519435911914
1574,1265.5680975799437,2417.5471415287443,0.5234926243380955,0.7097315573433571
1575,1265.7132857320964,2418.0409700126247,0.5234457568870258,0.709668016220732
1576,1265.9846607561717,2418.5297917380344,0.5234521671310047,0.7096767069877659
1577,1266.2572079456331,2419.0131099508703,0.5234602502717939,0.7096876658052044
1578,1266.5308314356532,2419.490427897027,0.5234700732155806,0.7097009833819329
1579,1266.8054353614048,2419.9612488224016,0.5234817028486948,0.709716750399915
1580,1267.0193211201617,2420.4250759728893,0.5234697548367134,0.709700551735872
1581,1267.229995407211,2420.881412594386,0.5234581044798715,0.7096847566214414
1582,1267.365440206936,2421.329761932788,0.5234171157237507,0.7096291856117218
1583,1267.4927103514044,2421.7798943569746,0.5233723813236736,0.7095685363991876
1584,1267.611596680993,2422.221712686155,0.52332599862432,0.7095056524846576
1585,1267.7218900360788,2422.6547288812103,0.523277987128408,0.7094405603091811
1586,1267.8131141340561,2423.0784549030204,0.5232241290283761,0.7093675415283349
1587,1267.8946602419878,2423.4924027124657,0.5231684072221194,0.7092919960048759
1588,1267.9663104852666,2423.896084270426,0.5231108374296973,0.7092139450514678
1589,1268.0381141122689,2424.3300800297143,0.5230468097383534,0.7091271387222514
1590,1268.1002528217014,2424.786301613419,0.5229740253720194,0.7090284604233285
1591,1268.1525174539422,2425.245103703969,0.5228966406393932,0.7089235451212822
1592,1268.1946988493683,2425.6958008591364,0.5228168752240892,0.7088154021794452
1593,1268.298457709239,2426.137974759676,0.5227643567282573,0.7087441995834521
1594,1268.3963818871327,2426.5712070863415,0.5227113789956056,0.7086723743714982
1595,1268.4883232283166,2427.023906944897,0.5226517627611965,0.7085915489292227
1596,1268.5741335780576,2427.4648807921008,0.5225921674978515,0.708510751918725
1597,1268.6480035278332,2427.904003576643,0.5225280742809175,0.7084238567523848
1598,1268.7239912187893,2428.3697192642258,0.5224591548618063,0.7083304184031456
1599,1268.801939781209,2428.8206107635424,0.5223942575908638,0.7082424331307045
1600,1268.881692345375,2429.256329475224,0.5223333894202441,0.7081599103605295
1601,1268.9836262875378,2429.6765267998985,0.522285008843915,0.708094317799743
1602,1269.0787747429372,2430.13218975311,0.5222262311878061,0.708014629270301
1603,1269.177256679825,2430.5749676020605,0.5221716151927464,0.7079405829639588
1604,1269.2789239434683,2431.0045553222985,0.5221211622843666,0.7078721808135328
1605,1269.3836283791334,2431.4411821353424,0.5220704649183964,0.7078034472367251
1606,1269.4912218320887,2431.8653421633694,0.522023649838588,0.7077399771170809
1607,1269.6015561476006,2432.2767478118994,0.5219807151014978,0.7076817678197529
1608,1269.7144831709365,2432.6751114864505,0.5219416588658632,0.7076288168484265
1609,1269.839463889034,2433.060145592541,0.5219104288027293,0.7075864763066242
1610,1269.966091739161,2433.431562535691,0.5218828058660616,0.7075490261708476
1611,1270.1614912732578,2433.7890747214174,0.5218864298742266,0.7075539394644437
1612,1270.353714195584,2434.1323945552404,0.5218917907001112,0.7075612074700024
1613,1270.5426820712805,2434.461234442678,0.5218989171384963,0.7075708692264022
1614,1270.728316465489,2434.7855739122315,0.5219056372277059,0.7075799800699145
1615,1270.9105389433505,2435.0955249427348,0.5219140382483509,0.7075913698568732
1616,1271.0892710700073,2435.3908086546908,0.5219241472674181,0.7076050752836781
1617,1271.2644344106,2435.6711461686023,0.5219359914043997,0.7076211331179141
1618,1271.4359505302707,2435.936258604972,0.5219495978348814,0.707639580203215
1619,1271.6037409941607,2436.1858670843026,0.5219649937941938,0.7076604534642155
1620,1271.7677273674112,2436.419692727098,0.5219822065811307,0.7076837899115903
1621,1271.8605672234746,2436.599020087181,0.5219818922762136,0.7076833637888372
1622,1271.944381841815,2436.776844983974,0.5219781960995201,0.7076783526518718
1623,1272.0292901906823,2436.976028564246,0.521970374464497,0.7076677483740887
1624,1272.1151441153447,2437.1674645234907,0.5219646013796043,0.7076599214433144
1625,1272.2017954610692,2437.350873982212,0.5219608752442403,0.7076548696895134
1626,1272.2890960731224,2437.5362451838946,0.5219569959572591,0.7076496102985258
1627,1272.376897796772,2437.7136988223574,0.5219550181021867,0.7076469287972105
1628,1272.465052477285,2437.8829647330863,0.5219549383153437,0.7076468206252177
1629,1272.5534119599288,2438.0437727515687,0.5219567532717958,0.7076492812747271
1630,1272.6418280899702,2438.1958527132924,0.5219604596873294,0.7076543062931258
1631,1272.7404198356603,2438.338934453745,0.5219702650242056,0.707667599999069
1632,1272.8394386155796,2438.4727478084124,0.5219822283269515,0.707683819393754
1633,1272.9387449899805,2438.597022612783,0.5219963500267533,0.7077029650617667
1634,1273.0381995191146,2438.711488702343,0.522012630611138,0.7077250376640778
1635,1273.1273956402492,2438.815875912581,0.5220268607460403,0.7077443303443103
1636,1273.2260614633055,2438.9099140789826,0.5220471876035323,0.7077718887311012
1637,1273.3244484068646,2438.993333037037,0.522069671597388,0.7078023716820209
1638,1273.4224170311782,2439.06586262223,0.522094313460698,0.7078357801909658
1639,1273.4525639048081,2439.117623528379,0.5220955937592944,0.7078375159715182
1640,1273.5538224356887,2439.158603998971,0.5221283357087615,0.7078819062717926
1641,1273.6541833231877,2439.1885251545086,0.5221630760346861,0.7079290058955022
1642,1273.6285882858483,2439.2071081154945,0.5221486047856921,0.7079093863218775
1643,1273.7351760296178,2439.2140740024315,0.5221908112146897,0.7079666082065607
1644,1273.8403345159636,2439.209143935823,0.5222349783670207,0.7080264883659936
1645,1273.9439243051397,2439.1920390361715,0.5222811094482455,0.708089031146154
1646,1274.0458059573962,2439.1624804239805,0.5223292077434459,0.7081542410008321
1647,1274.1458400329848,2439.120189219753,0.5223792766196445,0.70822212249491
1648,1274.2534962338268,2439.064886543991,0.5224352592109051,0.7082980215808422
1649,1274.3487675705046,2438.996293517199,0.5224890135986254,0.7083708997524478
1650,1274.3168628845451,2438.914131259878,0.5224935337212003,0.7083770279641654
1651,1274.2910020401853,2438.818120892533,0.5225034991842006,0.7083905387630687
1652,1274.2517140195414,2438.7490520275983,0.5225021873243239,0.7083887601929226
1653,1274.2192629040667,2438.709312570769,0.5224973949686716,0.7083822628978658
1654,1274.183111406266,2438.660256795741,0.522493081131551,0.7083764143601875
1655,1274.1525897883116,2438.6016755428923,0.5224931166770621,0.7083764625514509
1656,1274.127419170707,2438.5333596526,0.5224974323714902,0.7083823136071965
1657,1274.1073206739547,2438.4550999652415,0.5225059590771699,0.7083938737931853
1658,1274.0920154185576,2438.3666873211937,0.5225186277533523,0.7084110495065734
1659,1274.0914916480024,2438.3089810527667,0.5225307791377201,0.7084275238952281
1660,1274.095870056106,2438.2741716625455,0.5225400346128259,0.7084400721193204
1661,1274.1048804783554,2438.233283570787,0.5225524928494257,0.7084569625266588
1662,1274.1182527502388,2438.186168622759,0.5225680750497986,0.7084780882862651
1663,1274.1357167072424,2438.142945786711,0.5225845018271147,0.7085003590914392
1664,1274.157002184854,2438.145202096142,0.5225927484094981,0.7085115394968272
1665,1274.1818390185608,2438.1447959778748,0.5226030222325334,0.7085254683586367
1666,1274.20995704385,2438.162165813048,0.5226108315969796,0.7085360560004346
1667,1274.3129559570914,2438.1780148834637,0.5226496786445674,0.7085887233624962
1668,1274.4233626069731,2438.1922647542647,0.5226919062248018,0.7086459739232286
1669,1274.5512349568553,2438.2048369905906,0.5227416563285958,0.7087134232377025
1670,1274.6867634204298,2438.1772165909038,0.5228031640795644,0.7087968131267937
1671,1274.8297475530578,2438.150358752342,0.5228675676119572,0.7088841290071298
1672,1274.9799869101012,2438.0953227550995,0.5229409920976128,0.708983675155688
1673,1275.137281046921,2438.0427705283773,0.5230167806984661,0.7090864264824722
1674,1275.2918203772092,2437.992562632427,0.5230909396213295,0.7091869683532985
1675,1275.4536628643264,2437.9548267504833,0.5231654208147741,0.709287947146425
1676,1275.6225993486494,2437.9102138744433,0.523244290166605,0.7093948752391988
1677,1275.798420670556,2437.8688516875404,0.5233252887198684,0.709504690022975
1678,1275.9809176704223,2437.8306007500264,0.5234083603995504,0.7096173154733649
1679,1276.1698811886265,2437.7953216221517,0.5234934491298641,0.7097326755649311
1680,1276.2978380738564,2437.7628748641696,0.5235529063280902,0.7098132853919475
1681,1276.5036520141712,2437.7331210363304,0.5236437249831118,0.7099364138993375
1682,1276.7049768660813,2437.705920698886,0.5237321557228906,0.7100563049612976
1683,1276.911203896651,2437.6811344120883,0.5238220806941644,0.710178221845966
1684,1277.0502453703898,2437.6586227361886,0.5238839571132994,0.7102621115614535
1685,1277.18908639949,2437.6382462314373,0.5239452935126903,0.7103452691385379
1686,1277.3274481044546,2437.619865458087,0.5240060052859858,0.7104275798711192
1687,1277.4650516057868,2437.6033409763886,0.524066007841167,0.7105089290725279
1688,1277.601618023989,2437.5885333465944,0.5241252166008323,0.7105892020759133
1689,1277.736868479565,2437.575303128955,0.5241835470023913,0.7106682842345039
1690,1277.870524093017,2437.6045793756552,0.5242320821452996,0.7107340863508292
1691,1278.083784987401,2437.6474300818745,0.5243103531770685,0.7108402032638277
1692,1278.2989108884215,2437.6934922598007,0.5243886956860222,0.7109464170828976
1693,1278.5259597594388,2437.742670044609,0.5244712559164593,0.7110583491296897
1694,1278.7455128724746,2437.7948675714706,0.5245500882304999,0.7111652270080242
1695,1278.9676281908896,2437.849988975559,0.5246293389563077,0.711272672153253
1696,1279.181829432078,2437.8668699001146,0.5247135703864294,0.7113868699495507
1697,1279.4077749860853,2437.8838161870517,0.5248026040006822,0.7115075783659863
1698,1279.6253794286354,2437.891087969937,0.5248902979067025,0.7116264704565253
1699,1279.8543011497752,2437.8988129320055,0.5249825359283569,0.7117515232876664
1700,1280.0174578565222,2437.906851633508,0.5250477297764075,0.7118399106481659
1701,1280.258319106129,2437.915064634695,0.5251447590106946,0.7119714592247013
1702,1280.4375418864006,2437.9643809877534,0.5252076494110324,0.7120567236576627
1703,1280.6939898853966,2438.01625954619,0.5253016606721825,0.7121841805800373
1704,1280.970457074788,2438.1013970991444,0.5253967118016044,0.7123130473165975
1705,1281.2571338682665,2438.190887786748,0.5254950054510782,0.7124463101395575
1706,1281.5538198211934,2438.2846531741425,0.5255964754373019,0.7125838793200923
1707,1281.8603144889305,2438.382614826469,0.5257010555663578,0.7127256651149845
1708,1282.1661503038554,2438.4846943088683,0.5258044691837837,0.7128658693974019
1709,1282.480727248016,2438.5908131864826,0.525910587505335,0.7130097406156689
1710,1282.7223571592365,2438.7008930244538,0.5259859299794721,0.7131118871006763
1711,1282.9682922726922,2438.8148553879228,0.5260621934618406,0.7132152822539093
1712,1283.227862850557,2438.932621842031,0.5261432199309323,0.7133251348849129
1713,1283.4905316053337,2439.05411395192,0.5262247050048987,0.71343560927511
1714,1283.7560283725104,2439.179253282731,0.5263065544054573,0.7135465776055606
1715,1284.0240829875738,2439.307961399606,0.5263886738806186,0.7136579120929724
1716,1284.2944252860116,2439.4504269906693,0.5264687534029253,0.7137664808892374
1717,1284.6290458225235,2439.596971194377,0.5265742911599022,0.7139095649999494
1718,1284.9084691345834,2439.747524290854,0.5266563266656289,0.7140207856447685
1719,1285.2566859180745,2439.902016560228,0.5267656968168043,0.7141690655710019
1720,1285.6734870133732,2440.060378282622,0.5269023252278141,0.7143543012179147
1721,1286.0914602740586,2440.222539738164,0.5270385955913908,0.7145390514376209
1722,1286.5104575453972,2440.3884312069786,0.5271744616938333,0.7147232535753274
1723,1286.930330672656,2440.5579829691924,0.5273098773531173,0.7149068450191874
1724,1287.3605406427723,2440.7311253049297,0.5274487334125907,0.7150951008278748
1725,1287.7906808930145,2440.907788494318,0.527586780198441,0.7152822594539043
1726,1288.1487421227507,2441.0879028174813,0.52769453350532,0.7154283473236177
1727,1288.501787879033,2441.271398554547,0.5277994854000838,0.7155706371444361
1728,1288.849617717222,2441.4582059856402,0.5279015690530328,0.7157090383111734
1729,1289.1920311926792,2441.648255390886,0.5280007176898996,0.7158434602937963
1730,1289.5288278607663,2441.8414770504105,0.5280968645918962,0.7159738126374879
1731,1289.859807276845,2442.03780124434,0.52818994309572,0.7161000049626569
1732,1290.1751598546066,2442.2371582527994,0.5282759520281849,0.7162166126295958
1733,1290.4849435574115,2442.439478355915,0.5283590258809928,0.7163292410262277
1734,1290.7889492256375,2442.6446918338124,0.5284390945359225,0.716437795088913
1735,1291.0197037079718,2442.8527289666176,0.5284885529117027,0.7165048488895478
1736,1291.2488067007844,2443.0635200344564,0.528536731080399,0.7165701670336994
1737,1291.475988039563,2443.2769953174534,0.5285835337191321,0.7166336202862028
1738,1291.7009775597944,2443.4930850957353,0.5286288655526054,0.7166950794764041
1739,1291.923505096966,2443.7117196494282,0.5286726313537112,0.7167544154989823
1740,1292.143300486565,2443.932829258657,0.5287147359440824,0.7168114993146965
1741,1292.427357555768,2444.1563442035476,0.5287826045256193,0.7169035129779832
1742,1292.7035972840695,2444.371927641243,0.5288489786132897,0.7169935004628482
1743,1292.9718105118473,2444.589110278554,0.528911711614602,0.7170785515001469
1744,1293.2317880794776,2444.8078136806225,0.5289707357947846,0.7171585742576305
1745,1293.4160568356488,2445.0279594125896,0.5289984729444108,0.717196179239029
1746,1293.5962164767311,2445.218667670647,0.5290308934656673,0.7172401337590576
1747,1293.771996838211,2445.4086612999936,0.5290616727228055,0.7172818631150922
1748,1294.0822616081484,2445.597835720818,0.5291476148312543,0.7173983801845503
1749,1294.3877287792386,2445.7450178613744,0.5292406687231387,0.71752453914178
1750,1294.6882501967482,2445.888504848596,0.5293324890444634,0.7176490256705672
1751,1294.9836777059447,2446.028157242733,0.5294230460395458,0.7177717994292796
1752,1295.2738631520951,2446.1638356040366,0.5295123099684982,0.7178928200976988
1753,1295.5689255034501,2446.2954004927597,0.5296044481146809,0.7180177375214422
1754,1295.868725320261,2446.4227124691524,0.5296994336732398,0.7181465153594994
1755,1296.162864754781,2446.545632093467,0.529793046878785,0.7182734326130968
1756,1296.4512130822445,2446.6640199259546,0.5298852652116411,0.7183984587509079
1757,1296.7336395778882,2446.7777365268666,0.5299760661622521,0.7185215632553255
1758,1297.0100135169482,2446.886642456455,0.5300654272299539,0.7186427156207977
1759,1297.2802041746593,2446.9905982749706,0.5301533259217217,0.71876188535213
1760,1297.5338137032745,2447.099073684335,0.5302334620027119,0.7188705308285253
1761,1297.7803118047152,2447.201670836801,0.530311958867268,0.7189769539170996
1762,1297.9476891783502,2447.2982590076044,0.5303594216197729,0.7190413021269597
1763,1298.09340022956,2447.3887074719805,0.5303993584126733,0.7190954469246181
1764,1298.2275029217058,2447.4728855051653,0.5304359082424515,0.7191449998054097
1765,1298.3497880951647,2447.5506623823944,0.5304690146153618,0.7191898841772446
1766,1298.4600465903136,2447.621907378905,0.5304986209985353,0.7192300233949912
1767,1298.5580692475294,2447.6768806282603,0.530526753561614,0.7192681644630363
1768,1298.64364690719,2447.7257098136974,0.5305511323023334,0.7193012162402962
1769,1298.7165704096726,2447.768255495466,0.530571702404398,0.719329104408905
1770,1298.776630595354,2447.804378233818,0.5305884090020582,0.7193517545839485
1771,1298.8236183046117,2447.8339385890063,0.5306011971765073,0.71936909230858
1772,1298.9291942387053,2447.907474754884,0.5306283867484701,0.7194059549048335
1773,1299.0362133741967,2448.00698854591,0.5306505330468073,0.7194359800209048
1774,1299.1349271296663,2448.1035828172026,0.5306699178286655,0.7194622611770803
1775,1299.2251960653664,2448.197187848886,0.5306864996470866,0.7194847421811374
1776,1299.3068807415477,2448.2877339210863,0.5307002370430645,0.7195033668245191
1777,1299.3798417184628,2448.375151313929,0.5307110885442314,0.7195180788805533
1778,1299.4535486980326,2448.45937030754,0.5307229372300403,0.7195341428819176
1779,1299.5176038325092,2448.5403211820453,0.5307315516066978,0.7195458219289117
1780,1299.571876397128,2448.61793421757,0.5307368937540647,0.7195530646108407
1781,1299.6162356671264,2448.6921396942407,0.5307389257309434,0.7195558194884598
1782,1299.6505509177389,2448.762867892182,0.53073760957362,0.7195540350919978
1783,1299.6746914242017,2448.830049091521,0.5307329072943879,0.7195476599191543
1784,1299.6885264617501,2448.8936135723825,0.5307247808800474,0.7195366424330667
1785,1299.6919253056203,2448.9534916148923,0.5307131922903835,0.7195209310602466
1786,1299.684757231048,2449.0096134991763,0.5306981034566222,0.7195004741884856
1787,1299.6668915132686,2449.0619095053607,0.530679476279864,0.7194752201647328
1788,1299.6381974275187,2449.1103099135707,0.5306572726294975,0.7194451172929429
1789,1299.598544249033,2449.1547450039316,0.5306314543415862,0.7194101138318907
1790,1299.6196711139305,2449.2054121795536,0.5306291030760854,0.7194069260747991
1791,1299.5623744497652,2449.252641293876,0.5305954773874371,0.7193613376342718
1792,1299.4937875234618,2449.2963713420086,0.5305580013624274,0.7193105290529154
1793,1299.547252209038,2449.3365413190622,0.5305711282571164,0.7193283260016737
1794,1299.464359636035,2449.373090220146,0.5305293688513746,0.719271710174262
1795,1299.3698979213966,2449.4059570403706,0.5304836849059646,0.7192097736039762
1796,1299.2637363403592,2449.435080774846,0.5304340362143235,0.7191424617802745
1797,1299.1361350264876,2449.460400418682,0.5303764595681679,0.7190644015348332
1798,1299.0068308046882,2449.481854966989,0.5303190257035787,0.7189865348672546
1799,1298.855158704229,2449.528210839886,0.5302470708262967,0.7188889811583054
1800,1298.7008555500147,2449.5686318084868,0.5301753291113953,0.7187917164468725
1801,1298.6676540743933,2449.6415195795335,0.5301460004226668,0.7187519537167816
1802,1298.6306180056881,2449.705805661094,0.5301169695579959,0.718712594765316
1803,1298.687137293255,2449.761490053167,0.5301279910580478,0.7187275372994271
1804,1298.735926389764,2449.8085727557536,0.5301377180376322,0.7187407247715093
1805,1298.777055015089,2449.8470537688527,0.530146179132712,0.7187521960051211
1806,1298.8105928891034,2449.876933092465,0.5301534029505811,0.7187619897849526
1807,1298.836609731682,2449.898210726591,0.5301594180708729,0.718770144858193
1808,1298.8551752626993,2449.91088667123,0.5301642530465646,0.718776699935892
1809,1298.7894860686697,2449.914960926382,0.5301365585267338,0.7187391527503625
1810,1298.7408974167995,2449.910433492047,0.5301177053912145,0.7187135923802429
1811,1298.6888924910902,2449.897304368226,0.5300993189287961,0.7186886647079138
1812,1298.6334887215107,2449.875573554917,0.5300814060679478,0.7186643791267322
1813,1298.5747035380298,2449.8452410521218,0.5300639737473123,0.7186407450438482
1814,1298.5125543706156,2449.80630685984,0.5300470289159506,0.7186177718805367
1815,1298.4470586492373,2449.7587709780705,0.5300305785335876,0.7185954690725304
1816,1298.3782338038627,2449.7026334068146,0.5300146295708558,0.7185738460703496
1817,1298.3060972644612,2449.637894146072,0.5299991890095422,0.7185529123396381
1818,1298.2306664610005,2449.564553195842,0.5299842638428346,0.7185326773614961
1819,1298.1519588234498,2449.4826105561256,0.5299698610755681,0.7185131506328147
1820,1298.0699917817774,2449.392066226923,0.5299559877244733,0.718494341666613
1821,1298.1097016076606,2449.3339887001653,0.529984766306433,0.7185333585826931
1822,1298.1377464270818,2449.269976269112,0.5300100678996972,0.7185676615286293
1823,1298.154256964805,2449.2404743043185,0.5300231931425731,0.7185854562379217
1824,1298.1593639455946,2449.206457977667,0.5300326396401458,0.7185982634430704
1825,1298.1634652171979,2449.167997009031,0.5300426376641125,0.7186118183869041
1826,1298.1570910776936,2449.125161118285,0.5300493056406098,0.7186208585779664
1827,1298.1403809668304,2449.0882871482872,0.530050463178027,0.7186224279235418
1828,1298.1134743243565,2449.0478443922257,0.5300482296810768,0.7186193998326098
1829,1298.0765105900205,2449.0039112849595,0.530042644933522,0.7186118282424954
1830,1298.0296292035714,2448.9853936863556,0.5300275095759969,0.7185913082955699
1831,1298.0448394656391,2449.000031373958,0.5300305524036272,0.7185954336465155
1832,1297.983207968292,2449.006895295578,0.5300039009533432,0.7185593006153396
1833,1297.9121381429663,2449.0061248909683,0.5299750478168977,0.7185201826210994
1834,1297.831769429411,2448.9978595998746,0.5299440194861808,0.7184781155805
1835,1297.7422412673754,2448.982238862047,0.5299108424201513,0.7184331353656002
1836,1297.643693096607,2448.959402117233,0.52987554304687,0.718385277806568
1837,1297.5362643568546,2448.9294888051813,0.5298381477655019,0.7183345786943957
1838,1297.429703629537,2448.8926383656412,0.5298026068204544,0.7182863936214735
1839,1297.3138919464034,2448.8489902383603,0.5297647576954627,0.7182350792052323
1840,1297.265850595546,2448.798683863088,0.5297560224710068,0.7182232363173509
1841,1297.203660467706,2448.751467821242,0.529740840389116,0.7182026530232924
1842,1297.1172723145069,2448.6869560215896,0.5297195172803748,0.7181737439566301
1843,1297.0165044372418,2448.6148970455474,0.5296939531006682,0.7181390850058984
1844,1296.9015659955335,2448.5354303328654,0.5296642024980731,0.718098750260899
1845,1296.7829332719873,2448.448695323292,0.5296345133753193,0.7180584988679498
1846,1296.6512149995415,2448.354831456576,0.5296010195663254,0.7180130892248844
1847,1296.5066290528023,2448.2731964558047,0.5295596222389172,0.717956964289622
1848,1296.349393306377,2448.2314586530783,0.5295044260315068,0.7178821313532567
1849,1296.1701164932026,2448.1887500011035,0.5294404348899235,0.7177953745768274
1850,1295.9792748958855,2448.145279659502,0.5293718823239671,0.7177024335932604
1851,1295.848947534931,2448.0909983798983,0.5293303837122477,0.7176461713405486
1852,1295.7121405831624,2448.0261240368995,0.5292885267280064,0.7175894232198873
1853,1295.578733346762,2447.9508745051116,0.5292502994402132,0.7175375961047816
1854,1295.506001573934,2447.865467659143,0.5292390528360232,0.7175223483829696
1855,1295.4224152881818,2447.7701213736004,0.5292255199852008,0.7175040010541957
1856,1295.3379235155628,2447.6938809481,0.5292074852978843,0.7174795503052829
1857,1295.2426077324646,2447.6446255999317,0.5291791930027396,0.717441192678527
1858,1295.1368165382594,2447.58156571666,0.5291496041150477,0.7174010771804946
1859,1295.0208985323175,2447.5049801777823,0.5291188001743103,0.717359314359367
1860,1294.91442059735,2447.415147862795,0.529094715184767,0.7173266608388731
1861,1294.8074816397145,2447.312347651195,0.5290732435042075,0.7172975503441426
1862,1294.748502112084,2447.2352949891592,0.5290658012178676,0.7172874603729975
1863,1294.6660391878056,2447.1816716908697,0.5290436971494894,0.7172574925107119
1864,1294.5701203277954,2447.1107578637625,0.529019831312379,0.7172251361088217
1865,1294.4611638512984,2447.02290210721,0.5289942986379883,0.717190519871809
1866,1294.4164612109196,2446.928062162254,0.5289965329291678,0.7171935490395273
1867,1294.354363461913,2446.8163282202663,0.5289953105729778,0.7171918918151041
1868,1294.3528897580704,2446.716885020612,0.5290162084883664,0.7172202244206547
1869,1294.3208517328512,2446.5993146536503,0.5290285352328238,0.7172369365559055
1870,1294.1965377110516,2446.5024371453687,0.5289986709439569,0.7171964476793463
1871,1294.0476997234807,2446.3856023230805,0.5289630949816975,0.7171482151314087
1872,1293.8748258092592,2446.2492285060307,0.5289219147140835,0.7170923844776292
1873,1293.6784040075058,2446.0937340134647,0.5288752372889994,0.717029100985069
1874,1293.4589223573412,2445.929146306298,0.5288210921034441,0.716955692984497
1875,1293.2066017749012,2445.7456252957786,0.5287576060239323,0.7168696209521767
1876,1292.9315307259917,2445.5435980161346,0.5286888084002425,0.7167763477285765
1877,1292.6341885347485,2445.3234915015973,0.5286148000569781,0.7166760100078917
1878,1292.3246636669764,2445.104951069735,0.5285354573845935,0.7165684402049617
1879,1292.0604410305023,2444.86788693878,0.528478633930724,0.7164914011092163
1880,1291.7701998084524,2444.660789281281,0.5284046790754259,0.7163911359054989
1881,1291.4544890448367,2444.4328105214404,0.5283248054461136,0.7162828462511907
1882,1291.113857783665,2444.184438698379,0.528239128496879,0.7161666886745952
1883,1290.7687313336007,2443.925770992885,0.5281538198311173,0.716051030402843
1884,1290.3997999039682,2443.647037036082,0.5280630878136573,0.7159280193553919
1885,1290.0076299687469,2443.415997573762,0.5279525186254348,0.7157781138199498
1886,1289.6646578627972,2443.161340504036,0.5278671680343194,0.7156623987073844
1887,1289.3042470732978,2442.8836235858994,0.5277796431336885,0.7155437357479785
1888,1288.9270250791176,2442.593013720014,0.5276880011689343,0.7154194910283032
1889,1288.533619359125,2442.279810257376,0.5275945917201579,0.7152928500204484
1890,1288.1438756755276,2442.0118436636535,0.527492886251926,0.7151549615822879
1891,1287.8628235329052,2441.717871556833,0.5274412898128018,0.7150850090760051
1892,1287.4858786752252,2441.3985214157806,0.5273558853179795,0.7149692208828267
1893,1287.0137383012304,2441.054420719366,0.5272368069213116,0.7148077788834863
1894,1286.5189084656558,2440.686196946457,0.527113608490604,0.7146407510973758
1895,1286.0020253623547,2440.304086717593,0.5269843346007472,0.7144654864328777
1896,1285.5355950460616,2439.8984591036424,0.5268807766362275,0.714325086450114
1897,1285.0530507238302,2439.5372142901483,0.5267609951577444,0.7141626912389645
1898,1284.6223535860925,2439.1491796149685,0.5266682187060311,0.7140369084246554
1899,1284.1005221147157,2438.735052276847,0.5265436771886541,0.7138680597322911
1900,1283.488253508442,2438.2955294745266,0.5263874858455098,0.7136563013997768
1901,1282.9253178136967,2437.840917548419,0.5262547316269729,0.7134763182369094
1902,1282.3405423683391,2437.3808735726084,0.5261141400887172,0.7132857095315399
1903,1281.7346243711127,2436.8955866448237,0.5259702678258101,0.7130906529434159
1904,1281.1082610207586,2436.4338258171097,0.5258128693854888,0.7128772580740728
1905,1280.4518823930373,2435.954631534836,0.5256468514712261,0.7126521772470306
1906,1279.775786113377,2435.448512308622,0.5254784815386,0.712423907642194
1907,1279.0902698072057,2434.916243772068,0.5253118143504164,0.7121979465540561
1908,1278.3857635502827,2434.358601558775,0.5251427471415688,0.7119687316084151
1909,1277.7302285330402,2433.805188727356,0.5249928114423855,0.7117654544420611
1910,1277.0525530982275,2433.264442254092,0.5248309764125801,0.7115460446120148
1911,1276.353495449478,2432.6858631625596,0.5246684394302283,0.7113256831011792
1912,1275.6338137904238,2432.089497659605,0.5245011809877735,0.7110989204127987
1913,1274.9038754663675,2431.4659152607355,0.5243354913859257,0.7108742846993467
1914,1274.1644473959261,2430.8159526044433,0.524171501355646,0.71065195320093
1915,1273.4066960710309,2430.1404463292183,0.524005391537983,0.7104267477747235
1916,1272.6313971252823,2429.4594513568923,0.5238331499686061,0.7101932291507931
1917,1271.9161993256419,2428.801333218308,0.523680624647993,0.7099864410733682
1918,1271.179811041718,2428.125921064914,0.5235230183137335,0.7097727643492642
1919,1270.4230776269867,2427.4341212550753,0.5233604761929151,0.7095523958718893
1920,1269.6468444349232,2426.7165817391583,0.5231953553986942,0.7093285313263662
1921,1268.8519568190031,2426.0030450155227,0.5230215845878645,0.7090929394145471
1922,1268.0392601327017,2425.2636509335202,0.5228459428089868,0.7088548109148093
1923,1267.2095997294944,2424.5275101551497,0.5226624958561116,0.7086061004545261
1924,1266.3638209628564,2423.764130693405,0.5224781590445302,0.7083561835573687
1925,1265.502769186263,2422.9840890532105,0.522290994358433,0.7081024327345917
1926,1264.62728975319,2422.178094189822,0.5221033468953846,0.7078480273810316
1927,1263.738228017113,2421.3471221814793,0.5219153488734674,0.7075931467529778
1928,1262.8364293315071,2420.4921491064233,0.5217271329707516,0.7073379707303544
1929,1261.9124719268643,2419.6333693262322,0.5215304466883984,0.7070713108864664
1930,1261.0536747167048,2418.7992878114983,0.5213552364891307,0.7068337675060875
1931,1260.1788070755285,2417.939606030435,0.5211787771425697,0.7065945305789179
1932,1259.2887753617008,2417.0649702078404,0.520999141886292,0.7063509878731292
1933,1258.3844859335866,2416.166159018847,0.5208186867597672,0.7061063336181795
1934,1257.4668451495518,2415.3114822532557,0.5206230560277281,0.7058411048495987
1935,1256.5367593679616,2414.4301768531905,0.5204278721390274,0.7055764818943642
1936,1255.5951349471811,2413.5233496216533,0.5202332660854554,0.7053126423462048
1937,1254.6428782455762,2412.5921073616487,0.5200393694471722,0.7050497645965396
1938,1253.6808956215116,2411.637556876181,0.5198463144044818,0.7047880278504395
1939,1252.7100934333537,2410.6608049682527,0.5196542337485142,0.7045276121411106
1940,1251.7313780394668,2409.6725675825387,0.5194611894076729,0.704265889904174
1941,1250.7456557982168,2408.7309571057326,0.5192550260163051,0.7039863813532987
1942,1249.753833067969,2407.765280199831,0.5190513557717912,0.7037102529169026
1943,1248.756816207089,2406.7767133877114,0.518850298517877,0.7034376670746166
1944,1247.755511573942,2405.766433192251,0.5186519748379208,0.7031687873088103
1945,1246.8180895185828,2404.745225278,0.5184824057086732,0.7029388918784202
1946,1245.8736475433839,2403.704007759836,0.518314086726715,0.7027106913505775
1947,1244.9231530116008,2402.711229867311,0.5181326567822099,0.702464715474174
1948,1243.9778404094723,2401.6962679822955,0.5179580186692626,0.702227947706853
1949,1243.0188095505844,2400.66036834754,0.5177820344517114,0.7019893549416762
1950,1242.0566369398628,2399.5739758368486,0.5176154806841065,0.7017635476248814
1951,1241.0922899405625,2398.467137973031,0.5174522803716303,0.7015422867960797
1952,1240.126735915939,2397.3000063619525,0.5173014360425862,0.7013377777436278
1953,1239.1609422292481,2396.1122028081563,0.5171548063471304,0.7011389827324466
1954,1238.113739259879,2394.9145216911747,0.5169761709848341,0.7008967956452083
1955,1237.0628977845713,2393.6978898408697,0.5167999282761659,0.7006578524275239
1956,1236.009315446707,2392.4635012100894,0.5166261950585842,0.7004223114832125
1957,1234.9538898896672,2391.2125497516804,0.5164550888702525,0.7001903321660841
1958,1233.8975187568324,2389.946229418489,0.5162867279474562,0.699962074776435
1959,1232.7738356998946,2388.6657341633622,0.5160930715706346,0.6996995227641982
1960,1231.8049481937833,2387.372257939147,0.515966851879696,0.6995283988674089
1961,1230.822546361545,2386.0669946986895,0.5158373797115332,0.6993528653846611
1962,1229.8467984198064,2384.7703566781756,0.51570869076589,0.6991783937654674
1963,1228.8786543018543,2383.4630210144555,0.5155853661110361,0.6990111948494198
1964,1227.9190639409755,2382.146199090344,0.5154675495609269,0.698851463614055
1965,1226.9689772704567,2380.821102288656,0.5153553856234664,0.6986993959777397
1966,1226.029344223585,2379.4889419922074,0.5152490194794106,0.6985551887710675
1967,1225.1011147336471,2378.1509295838127,0.5151485969597588,0.6984190397062073
1968,1224.1852387339295,2376.8563221546374,0.515043853228872,0.6982770321061228
1969,1223.282666157719,2375.5550390475014,0.5149460425249521,0.6981444240425312
1970,1222.4712200716617,2374.2483352201416,0.5148876812662115,0.6980653000489375
1971,1221.6697831450533,2372.937465630295,0.5148343775762148,0.6979930329163081
1972,1220.745902432272,2371.6236852356974,0.5147300181019029,0.6978515462767961
1973,1219.8254031333922,2370.308248994087,0.5146273290197857,0.6977123242920253
1974,1218.9091916067798,2368.934099031866,0.514539088320322,0.6975926908795573
1975,1217.9309102191103,2367.5633827734528,0.5144237823075217,0.6974363633359949
1976,1216.963274184742,2366.1973028866782,0.5143118338864173,0.6972845878886273
1977,1216.00712885715,2364.837062039373,0.5142033454975108,0.6971375034224238
1978,1215.0537104481402,2363.4646446160277,0.514098534630519,0.6969954048017399
1979,1214.1141227191868,2362.1017701004716,0.5139973806748998,0.6968582640835801
1980,1213.189202308781,2360.7496237305677,0.5138999875775231,0.6967262221951905
1981,1212.2797858554136,2359.3785893752283,0.5138131672952196,0.6966085145307394
1982,1211.3867099975757,2357.9679759187693,0.5137417990274298,0.6965117561248164
1983,1210.5108113737588,2356.567602568843,0.5136754023327008,0.6964217379901539
1984,1209.6529266224543,2355.178584843436,0.5136140989082862,0.6963386251192989
1985,1208.8138923821523,2353.763601693858,0.5135663970299497,0.6962739527116545
1986,1207.9945452913448,2352.335974845083,0.5135297670949828,0.696224291227269
1987,1207.1957219885226,2350.927560179159,0.5134976263992264,0.6961807160841004
1988,1206.3509951204874,2349.539412209184,0.5134414808501555,0.6961045960661147
1989,1205.52274305874,2348.176820930617,0.5133866974212673,0.6960303227593024
1990,1204.634859588538,2346.8578952093,0.5132968903006822,0.6959085656521531
1991,1203.6983003166224,2345.5623430758283,0.5131811157652563,0.6957516029032845
1992,1202.7905571402373,2344.281601186646,0.5130742640011335,0.69560673731124
1993,1201.9122488232663,2343.0269737478666,0.5129741408400039,0.6954709941053744
1994,1201.063994129594,2341.7494781903297,0.5128917526471529,0.6953592953006533
1995,1200.2464118231035,2340.4892025702366,0.5128186066848923,0.6952601267636099
1996,1199.4601206676796,2339.1318219807727,0.5127800448851911,0.6952078461298752
1997,1198.7057394272063,2337.8116805191476,0.5127469202998485,0.6951629370663114
1998,1197.9838868655672,2336.5200405421206,0.5127214259149305,0.6951283727407218
1999,1197.2951817466467,2335.208403162159,0.5127144884051299,0.6951189671265718
2000,1196.6505099573124,2333.927598525091,0.512719636510373,0.6951259467335075
2001,1196.0408898347623,2332.6496009844586,0.5127391998052309,0.6951524699108755
2002,1195.3996848661752,2331.4155879695013,0.5127355633352714,0.6951475397220485
2003,1194.7897222447427,2330.2263263988348,0.5127354835490113,0.6951474315508461
2004,1194.1442957377697,2328.974908688766,0.5127338604133282,0.6951452309647012
2005,1193.4735025260454,2327.742826914325,0.5127170788484927,0.6951224791519884
2006,1192.8450336354888,2326.5396771447054,0.5127120957160863,0.6951157232090033
2007,1192.2490489773472,2325.3853051421156,0.5127103221736765,0.6951133187070905
2008,1191.6955760125354,2324.213074393734,0.512730777200101,0.6951410508604863
2009,1191.1850330603,2323.0851541114384,0.5127599524073059,0.6951806055061158
2010,1190.7178384398853,2321.973274629213,0.5128042822241469,0.6952407061999567
2011,1190.1970030912119,2320.880590771369,0.5128213005976483,0.6952637790689277
2012,1189.7242134508879,2319.787714312371,0.5128590888341457,0.6953150109348445
2013,1189.1805431003975,2318.7245664077577,0.5128597679640381,0.6953159316735403
2014,1188.6662579339109,2317.6633872180946,0.5128726908702105,0.6953334520623609
2015,1188.202101357017,2316.6648208330093,0.5128934020458652,0.6953615314932229
2016,1187.7882825293393,2315.7292245668573,0.5129219210641985,0.6954001965027274
2017,1187.3428736266344,2314.8089100256448,0.512933429832651,0.6954157996569594
2018,1186.93327808034,2313.876021505109,0.5129632128294732,0.6954561783208303
2019,1186.498023877321,2312.9910898000826,0.5129712903389839,0.6954671295035938
2020,1186.104444729141,2312.1062957918093,0.5129973681953688,0.6955024848777934
2021,1185.7526103556745,2311.2622155756076,0.513032490370362,0.6955501021980695
2022,1185.375326485106,2310.421210005861,0.5130559403417608,0.6955818947849116
2023,1185.0348625516326,2309.655227378311,0.5130786831317528,0.6956127286018726
2024,1184.741485678238,2308.9259095611355,0.5131136866593633,0.6956601850645018
2025,1184.4951958649215,2308.264101498206,0.5131541035950397,0.6957149808216281
2026,1184.2287291199943,2307.641010624451,0.5131771898955549,0.6957462803572018
2027,1183.8601480327302,2307.057294921183,0.5131472680106001,0.6957057133940386
2028,1183.5535261262228,2306.5033103867927,0.513137579641169,0.6956925782681462
2029,1183.2983958328502,2306.0008287950186,0.513138755657418,0.6956941726666249
2030,1183.0322872737768,2305.570937793327,0.5131190144190759,0.6956674082401918
2031,1182.8221942761797,2305.173771557617,0.5131162816749131,0.6956637032887171
2032,1182.6582375338758,2304.800222057813,0.5131283077012001,0.6956800077216136
2033,1182.5504052903514,2304.46297918253,0.5131566078400798,0.6957183759826097
2034,1182.4881515431257,2304.1842983871315,0.5131916541445215,0.6957658904404533
2035,1182.4807978393885,2303.985093019398,0.5132328335899666,0.6958217199795672
2036,1182.5280565846574,2303.795179567908,0.5132956553917473,0.6959068914091919
2037,1182.6296401844515,2303.6629044079655,0.5133692251247081,0.6960066344785687
2038,1182.70838791093,2303.588542061578,0.5134199820478681,0.6960754488007683
2039,1182.846079433603,2303.58260802878,0.5134810773926562,0.6961582795651134
2040,1182.9654843047565,2303.6132159250797,0.51352608854942,0.6962193039939257
2041,1183.1277782280595,2303.6991134246628,0.5135773900912043,0.6962888566895168
2042,1183.2182624238708,2303.811634329731,0.5135915822250439,0.6963080978493416
2043,1183.2363791331973,2304.000249248564,0.513557400663955,0.6962617557779234
2044,1183.3867997619136,2304.2644004221665,0.5135638078447526,0.6962704423920115
2045,1183.5824319860913,2304.5945702162053,0.5135751195816858,0.6962857784183404
2046,1183.8335734311572,2305.0107089726994,0.5135913550522158,0.6963077898569887
2047,1184.1498550262431,2305.4711642957686,0.513625966511689,0.6963547147684236
2048,1184.5306405774966,2306.003486865225,0.5136725279577717,0.6964178410210279
2049,1184.826550896823,2306.5384692478847,0.5136816778447969,0.6964302460927824
2050,1185.1862200411595,2307.1562352662436,0.5137000268663601,0.6964551230042121
2051,1185.6807509527725,2307.8266023152364,0.513765093860728,0.6965433383812727
2052,1186.1030398736743,2308.5789904388043,0.5137805744512234,0.6965643263820391
2053,1186.58178359126,2309.36801984229,0.513812338871954,0.6966073913857186
2054,1186.982275464973,2310.2677809645716,0.5137855815871657,0.6965711148681132
2055,1187.457554976307,2311.187306799706,0.5137868105638637,0.6965727810683713
2056,1188.0066547620054,2312.1738064175543,0.5138050831060509,0.6965975542919474
2057,1188.5517343254546,2313.1879978979596,0.5138154509730793,0.6966116106550561
2058,1189.1540173027372,2314.280327927442,0.5138331787003895,0.6966356452391687
2059,1189.8323254454083,2315.430689294266,0.5138708452586264,0.6966867121382889
2060,1190.513734379487,2316.6279085170813,0.5138994182028818,0.6967254502585248
2061,1191.2643925786751,2317.858812025647,0.5139503693659379,0.6967945279238501
2062,1191.9390473999351,2319.160869023387,0.5139527245912303,0.6967977210494779
2063,1192.6904594452635,2320.522845024064,0.5139748837219034,0.6968277635631462
2064,1193.449460498905,2321.953373091106,0.5139851102652084,0.6968416283248806
2065,1194.266736909447,2323.4514771462755,0.5140054563895077,0.6968692128328822
2066,1195.1518891035753,2325.0161811113317,0.5140402457467226,0.696916378931366
2067,1196.1138508116771,2326.616365520399,0.5141001621658153,0.6969976113527147
2068,1197.001887665603,2328.229177941692,0.5141254559501017,0.6970319037115332
2069,1197.8864054088751,2329.9016182854457,0.5141360459204236,0.6970462611939109
2070,1198.8480071881263,2331.6223736305637,0.5141690270030318,0.6970909757018793
2071,1199.8851591661225,2333.3999986056165,0.5142218050412038,0.6971625301755889
2072,1200.9963275056305,2335.202637328558,0.5143006899305128,0.6972694793334895
2073,1202.170369227746,2337.058036566345,0.5143947434844195,0.6973969935947884
2074,1203.2910900615261,2338.924047168995,0.5144635164694531,0.6974902334142276
2075,1204.471088475399,2340.8379901851986,0.5145469671654234,0.697603372720607
2076,1205.7292254383487,2342.788482973985,0.5146556055746743,0.6977506605787357
2077,1207.0638276733941,2344.7840104440506,0.5147867873104451,0.6979285118287727
2078,1208.4732219035518,2346.7850117957446,0.5149484148864731,0.6981476404008113
2079,1209.9461257101696,2348.83139642809,0.515126853102422,0.6983895602044669
2080,1211.4238602325756,2350.901471002211,0.5153018427931539,0.6986268046276891
2081,1212.8944153509294,2352.9619416636524,0.5154755773454446,0.6988623473815484
2082,1214.42324234019,2355.0308065979543,0.5156719134789278,0.699128532506804
2083,1216.0187868916257,2357.127353808331,0.5158901511736077,0.6994244109427457
2084,1217.611963581831,2359.259937478716,0.5160991140650079,0.6997077149501859
2085,1219.2727598350853,2361.3554327904903,0.5163444447641798,0.7000403250598463
2086,1220.9992932147823,2363.479787772716,0.5166108462325465,0.7004015021237284
2087,1222.7800721426474,2365.6316864627665,0.5168936817763974,0.7007849598873659
2088,1224.6330817317446,2367.809812898016,0.5172007798349685,0.7012013118534368
2089,1226.5461724224854,2370.0128511158364,0.5175272243123111,0.7016438929644572
2090,1228.517461778265,2372.239485153602,0.5178724447792078,0.7021119298540068
2091,1230.6123313541677,2374.4781319257027,0.518266441290045,0.702646095464416
2092,1232.7570898575957,2376.6652060353144,0.5186919414342107,0.7032229725127802
2093,1234.9499158568342,2378.856976649956,0.5191358404387817,0.7038247940421966
2094,1237.1889879201678,2381.0623164951257,0.5195953836862549,0.7044478254461408
2095,1239.4724846158815,2383.279831173338,0.5200700599247985,0.7050913735886603
2096,1241.7267146513777,2385.4978591641243,0.5205314730764325,0.7057169401381451
2097,1244.0170595817403,2387.7246064966857,0.5210052516931529,0.7063592713188491
2098,1246.351246112035,2389.8868001976693,0.5215105778269281,0.7070443734334091
2099,1248.7843973893466,2392.050240141405,0.5220560908100013,0.7077839593626608
2100,1251.242830836062,2394.213462210534,0.5226112251832433,0.7085365896098473
2101,1253.7247337354502,2396.3750022876966,0.5231755182467616,0.7093016368639041
2102,1256.2379025124503,2398.5333962555333,0.523752516631048,0.7100839095126965
2103,1258.7702660423329,2400.6871799966843,0.5243374799227576,0.7108769806825886
2104,1261.3968934567106,2402.834889393791,0.5249619518280539,0.7117236161407741
2105,1264.0339134898447,2404.964793206509,0.5255935209781281,0.7125798737757673
2106,1266.746855851553,2407.085027744166,0.5262576274834391,0.7134802443298934
2107,1269.4621774039704,2409.1941201744175,0.5269239895505247,0.7143836728896084
2108,1272.1878140117851,2411.290597664921,0.5275962238826644,0.7152950628448201
2109,1274.911833990015,2413.3729873833304,0.5282697041257275,0.7162081419590742
2110,1277.7813157709043,2415.4398164973045,0.5290056523220893,0.7172059127685261
2111,1280.650327814141,2417.489612174498,0.5297438803313881,0.7182067744623782
2112,1283.502472005299,2419.520901582567,0.5304779434497888,0.7192019895542233
2113,1286.3362232221286,2421.511677643203,0.5312120668664657,0.7201972863961972
2114,1289.3038026090994,2423.4796683774316,0.5320052069891366,0.7212725958624316
2115,1292.3068145076672,2425.4233835229415,0.5328170014715469,0.7223731962060799
2116,1295.2720643793393,2427.3413328174197,0.5336176032877562,0.7234586219550073
2117,1298.2078366881738,2429.164762006865,0.5344256005161435,0.7245540741248588
2118,1301.1698123402507,2430.963989684958,0.5352484931333255,0.7256697209010811
2119,1304.0944756586205,2432.68612896958,0.5360718179500615,0.726785953637159
2120,1306.970313277547,2434.377630726957,0.5368806781580793,0.7278825758022475
2121,1309.790815103772,2436.0369001149647,0.5376728140045657,0.7289565237087059
2122,1312.6167350357257,2437.66234229148,0.5384735663602304,0.7300421535533494
2123,1315.3846271163325,2439.2523624143787,0.5392572934988822,0.7311047012508475
2124,1318.15992083309,2440.8053656415373,0.5400512221860947,0.732181079823148
2125,1320.9266363908184,2442.3710927457482,0.5408378113850889,0.7332475077941198
2126,1323.6933371330738,2443.8999467514604,0.5416315585638378,0.7343236402840908
2127,1326.5256529919925,2445.3903763914705,0.5424596685251842,0.7354463605387669
2128,1329.2687317693499,2446.8408303985766,0.5432591753640221,0.7365303017586696
2129,1331.931995234654,2448.270291751543,0.5440297992105122,0.7375750845068255
2130,1334.5049976077444,2449.658008329796,0.5447719612574102,0.7385812798204884
2131,1336.9965113917988,2451.0024462961023,0.5454896682833739,0.7395543199390526
2132,1339.4723146736876,2452.3020718132275,0.5462101631236989,0.7405311396711898
2133,1341.849512265912,2453.565618166922,0.5468977484565578,0.7414633419342369
2134,1344.127345964839,2454.781951093265,0.5475546801076229,0.7423539850915651
2135,1346.3723215585258,2455.949545470009,0.5482084613838689,0.7432403570895255
2136,1348.6752273957352,2457.1079446668364,0.5488872519105401,0.7441606356860261
2137,1350.8609733417422,2458.248023223704,0.5495218385532338,0.7450209843237127
2138,1352.9290103525375,2459.3394895982447,0.5501188494206429,0.7458303891423822
2139,1355.017923236683,2460.3808796730978,0.5507350241710216,0.7466657756308448
2140,1357.0650242407362,2461.380996453887,0.5513429356104808,0.7474899590340012
2141,1359.0802231733253,2462.328775396568,0.5519491291143442,0.7483118133248662
2142,1360.976758879923,2463.2227610987647,0.5525187491661675,0.7490840827087676
2143,1362.7543524810328,2464.0614981581025,0.55305208636217,0.7498071611651003
2144,1364.4223342388277,2464.843531172206,0.5535533257926313,0.7504867226814311
2145,1366.0470399991707,2465.5988640889627,0.5540426952232249,0.7511501912996005
2146,1367.6133963252473,2466.3389666991884,0.5545115309740192,0.7517858211290946
2147,1369.0590030580956,2467.0240080387157,0.5549435265311818,0.7523715044134354
2148,1370.4407263416576,2467.724463570944,0.5553459255976044,0.7529170618918176
2149,1371.696235736846,2468.3717359115885,0.5557089379125741,0.753409220297992
2150,1372.8152031157883,2468.9747587910365,0.5560264228006948,0.7538396543358427
2151,1373.8648314652835,2469.573934004924,0.5563165421159423,0.754232987162043
2152,1374.7828600661194,2470.1507361111617,0.5565582860868178,0.754560734520747
2153,1375.6309003711783,2470.6750827270025,0.5567834111366957,0.7548659505731201
2154,1376.3520252316298,2471.14571889471,0.5569691883031658,0.7551178202491148
2155,1377.0277920848841,2471.5613896565483,0.5571489334020702,0.7553615118753941
2156,1377.6282144130223,2472.0029770386454,0.557292295846408,0.7555558772707293
2157,1378.091898637768,2472.39242266978,0.5573920571838891,0.7556911299297377
2158,1378.4959270521026,2472.810678295956,0.5574611672261303,0.7557848267186275
2159,1378.8257055433473,2473.179755265826,0.5575113182159889,0.7558528195393088
2160,1379.009704135006,2473.4985380614007,0.5575138545324558,0.7558562581815214
2161,1379.057871853135,2473.8427842980527,0.5574557448057232,0.755777475205538
2162,1379.109691149679,2474.2114481776675,0.5573936262260186,0.7556932571778829
2163,1379.0168983545311,2475.6075102248697,0.5570418140431596,0.7552162834884282
2164,1378.8415755297256,2476.8856585347294,0.5566835799539562,0.7547306032205443
2165,1378.5471336852515,2478.3828710470066,0.5562284785735614,0.7541135939324666
2166,1378.1245127234483,2479.7984163130704,0.5557405407058952,0.753452066173325
2167,1377.5640032803274,2481.287055895308,0.5551812314529925,0.7526937757817439
2168,1376.866163114882,2482.628068001293,0.5546002564223668,0.7519061117458179
2169,1376.0418171090903,2483.9187510730467,0.5539802042698231,0.7510654684217303
2170,1375.1587957286192,2485.2833441835032,0.5533207305907423,0.750171378878687
2171,1374.2028621751454,2486.5686771264054,0.5526502745796823,0.7492623999041285
2172,1373.1028437865289,2487.812118882858,0.5519318896167751,0.7482884406642235
2173,1371.9313076223943,2489.011390484472,0.551195270888397,0.7472897607727521
2174,1370.6416241593383,2490.1848517886338,0.5504176218784894,0.7462354535729782
2175,1369.2819567579984,2491.368229001914,0.5496104272416433,0.7451410895264696
2176,1367.781272195983,2492.456297404082,0.5487684071413974,0.7439995104300735
2177,1366.212276972666,2493.522788376665,0.5479044680646766,0.7428282144120137
2178,1364.6728787074708,2494.4825626237125,0.5470765356932779,0.7417057349270911
2179,1363.0199773584782,2495.4141665555658,0.5462099220346506,0.7405308128117505
2180,1361.244351600819,2496.2372759050863,0.5453184938548195,0.7393222481044038
2181,1359.414311224297,2497.0253823917365,0.5444134932750277,0.7380952824490532
2182,1357.4687023127028,2497.85211717472,0.5434543914665827,0.7367949683882405
2183,1355.4086403840247,2498.5650464639525,0.542474826621881,0.7354669113146036
2184,1353.2256405295645,2499.2228186176612,0.5414585808231551,0.7340891235868676
2185,1350.9208269822955,2499.8226099809367,0.5404066758931336,0.7326629905537513
2186,1348.4953239751903,2500.232860894049,0.5393478923771072,0.731227531793145
2187,1346.02712887458,2500.641365324311,0.5382727597565804,0.7297699075332389
2188,1343.435298649446,2501.0128554733283,0.5371564947015015,0.7282565174698147
2189,1340.8031642365004,2501.321171572781,0.5360379864347568,0.7267400861446133
2190,1338.055116175105,2501.4153744523855,0.5349192020809557,0.7252232805109932
2191,1335.274555121847,2501.473478995594,0.5337952076381773,0.7236994112352283
2192,1332.385941335962,2501.4139582674406,0.5326531168231007,0.7221510075803788
2193,1329.4578722017345,2501.245153379379,0.531518420097899,0.7206126285537247
2194,1326.5533448545498,2500.905614105738,0.5304291922783709,0.7191358945545918
2195,1323.5489481449792,2500.4044964090044,0.5293339337878391,0.7176509843991496
2196,1320.4667240112706,2499.822229136124,0.5282242507570591,0.7161465179960389
2197,1317.2992464153165,2499.118798308261,0.5271054930670128,0.7146297485121319
2198,1314.0384400526807,2498.320233840472,0.5259687778426676,0.7130886328804636
2199,1310.685838760597,2497.2969674469327,0.524841801293882,0.7115607205778398
2200,1307.3251133601655,2496.1099090242933,0.5237450116414093,0.7100737345307837
2201,1303.880994275134,2494.7968633028704,0.5226401449571014,0.7085757979485785
2202,1300.4319581959708,2493.3688773967433,0.5215561844798975,0.7071062052135189
2203,1296.969411276674,2491.7883993101354,0.5204974112712567,0.7056707604272773
2204,1293.4380909304105,2489.987145398197,0.519455730251798,0.7042584885865226
2205,1290.0610109904744,2488.026365441963,0.51850777343403,0.7029732844837534
2206,1286.6138407894457,2485.8790517051434,0.5175689621371227,0.7017004795332575
2207,1283.0985237688199,2483.7733058288563,0.5165924445510695,0.7003765538179736
2208,1279.5991403539579,2481.67246125973,0.5156196719467226,0.6990577054076508
2209,1276.0510976958528,2479.3827542662166,0.5146648275665309,0.6977631634075014
2210,1272.4564176708582,2476.9177810952956,0.5137257390546798,0.6964899826194396
2211,1268.8068637473289,2474.2232683108487,0.5128101735998719,0.6952486935049803
2212,1265.1044665166023,2471.313522431075,0.5119158111804837,0.6940361506663026
2213,1261.505263414765,2468.2598555578634,0.5110909455397054,0.692917828939098
2214,1257.8672786328707,2465.090607077104,0.5102722289483482,0.6918078438611966
2215,1254.2542762249202,2461.8713328435642,0.5094719043566766,0.6907227939628422
2216,1250.631349192869,2458.453712539743,0.5087064860378784,0.6896850686728123
2217,1246.991777412337,2454.900455706541,0.5079602207550376,0.6886733103466056
2218,1243.328191492614,2451.1435096461933,0.5072441440493545,0.6877024805547927
2219,1239.714701045544,2447.2251455184633,0.506579749442261,0.6868017194031352
2220,1236.168479819154,2443.194663989436,0.5059639733334401,0.6859668733778624
2221,1232.6150251558095,2438.9444254167415,0.5053887297760764,0.6851869798572312
2222,1229.0567075312351,2434.5566016441812,0.5048380089833154,0.6844403333760094
2223,1225.4958974211563,2430.021688109898,0.5043147982660035,0.6837309840175804
2224,1221.9452324242807,2425.341166361219,0.5038240596301699,0.6830656590825842
2225,1218.5309551884297,2420.6318886504014,0.503393746443541,0.6824822566927651
2226,1215.1703918867056,2415.752481373913,0.5030194116557839,0.6819747477049956
2227,1211.8263173352439,2410.657308516557,0.5026953906115191,0.681535452193146
2228,1208.5012588794868,2405.371287961395,0.5024177618348967,0.6811590535681518
2229,1205.1977438648762,2399.9372573421692,0.5021788549587262,0.6808351526354519
2230,1201.9862216098566,2394.2993832405755,0.5020200188929685,0.6806198086877603
2231,1198.869938446073,2388.463434976208,0.5019419267174233,0.6805139342612846
2232,1195.7842797370588,2382.454400152002,0.5019127667924167,0.6804744003346831
2233,1192.7421619610182,2376.3549386508803,0.5019208799835977,0.6804853998933096
2234,1189.6789791964682,2370.089445369698,0.5019553086997087,0.6805320770481859
2235,1186.7308098224917,2363.7880724982238,0.5020461959469438,0.6806552985503118
2236,1183.8330566325894,2357.3028352458496,0.5021981219095781,0.6808612740407931
2237,1181.113305253661,2350.698068498046,0.5024521528655194,0.6812056796304641
2238,1178.3262114481847,2343.9189018422735,0.5027162887427734,0.6815637850913592
2239,1175.5880470504644,2336.9714096225753,0.5030391224342465,0.682001470835073
2240,1172.9110879873601,2329.8616661829974,0.5034252054582002,0.6825249076384109
2241,1170.3556558940818,2322.7014464259532,0.503876922148114,0.6831373280907828
2242,1167.7909972469436,2315.42439271812,0.5043528957022223,0.6837826350848186
2243,1165.287034107841,2308.036052146992,0.5048825095361323,0.6845006655472474
2244,1162.8464245469802,2300.540032716064,0.5054667199918709,0.6852927160505221
2245,1160.4718266345676,2292.901540722084,0.5061149840167625,0.6861716079671708
2246,1158.1658984408093,2285.174896662086,0.5068171806597916,0.6871236196935032
2247,1155.931298035911,2277.391956418119,0.5075680076845266,0.6881415626573308
2248,1153.7706834900791,2269.5057985148055,0.5083797028609144,0.6892420283656189
2249,1151.676445750537,2261.5592998033158,0.5092399946579762,0.6904083795394685
2250,1149.5889734532932,2253.4870656560893,0.5101378175066638,0.6916256138976855
2251,1147.6453829320587,2245.2955713064493,0.5111333214202569,0.6929752805598075
2252,1145.7764536811726,2236.991291987718,0.5121953124203147,0.694415087906298
2253,1143.9745679328735,2228.5807029332145,0.513319785290789,0.69593960581629
2254,1142.251975469069,2220.0798885179333,0.514509401835808,0.6975524430634341
2255,1140.5291799461306,2211.561938700556,0.5157120675608433,0.6991829718967144
2256,1138.8856254177813,2202.951270165397,0.5169817602603048,0.7009043733741005
2257,1137.2520129435013,2194.2544365806366,0.5182862998858557,0.7026730189996794
2258,1135.6981164304536,2185.5260373228048,0.5196452007598341,0.7045153655557237
2259,1134.2161786711283,2176.7405523034267,0.5210617211458209,0.7064358304731162
2260,1132.8183100076847,2167.89432907259,0.5225431400488493,0.708444282352364
2261,1131.4344837984152,2158.9843818766794,0.5240586700376799,0.7104989807552944
2262,1130.0516092654293,2150.074988953769,0.5255870679260888,0.7125711249711795
2263,1128.7489300178113,2141.140050668931,0.5271719286485579,0.7147198193680729
2264,1127.528816531286,2132.222731467816,0.5288044254903419,0.7169330970190092
2265,1126.2293653138465,2123.2675334590153,0.5304227317407836,0.7191271356013803
2266,1124.9346838073043,2114.2709610623338,0.5320674145011532,0.7213569344611614
2267,1123.714206034436,2105.2782223872373,0.5337604284721206,0.7236522589535322
2268,1122.5598349033444,2096.255055344519,0.5355072761977678,0.7260205692202394
2269,1121.4114710109186,2087.2082663369038,0.5372781859373431,0.7284215018579675
2270,1120.3282115370769,2078.1446617671145,0.5391002042102425,0.7308917255176952
2271,1119.3217572197175,2069.0710480378766,0.5409779225711862,0.7334374652561486
2272,1118.3024535295315,2060.032668118595,0.5428566599144589,0.7359845864924144
2273,1117.2875840233487,2050.9952947799984,0.5447538504193377,0.7385567258292526
2274,1116.3360977263544,2041.9657692847475,0.5466967735298426,0.7411908677080624
2275,1115.377410237847,2033.0181968871943,0.5486312970270653,0.743813621707963
2276,1114.4183985519248,2024.0876099940076,0.5505781434802737,0.7464530827068473
2277,1113.527481395694,2015.1809108727396,0.5525694866340535,0.7491528706542404
2278,1112.5518066598231,2006.3626566409614,0.5545118191755272,0.7517862118618301
2279,1111.637193461328,1997.5781991182307,0.556492453688184,0.7544714814374489
2280,1110.8525877838645,1988.855027107971,0.55853874346949,0.7572457639502128
2281,1110.1278627634058,1980.1808943142692,0.5606194191404114,0.7600666655553054
2282,1109.454494273826,1971.5627727245515,0.5627284657747129,0.7629260314425809
2283,1108.7616887548008,1963.0076343262435,0.5648280064562038,0.7657725095175382
2284,1108.1279839016877,1954.5224511067713,0.5669558736837211,0.7686573916553052
2285,1107.5550442764843,1946.114195053561,0.569111024980732,0.7715792645055141
2286,1106.972664580306,1937.7898381540388,0.5712552738096826,0.774486356200697
2287,1106.2751712712352,1929.57557067897,0.5733256515483165,0.7772932962575652
2288,1105.6273751600356,1921.4578477997832,0.5754106843541033,0.7801201051017854
2289,1105.030731649082,1913.443658933873,0.5775088942335412,0.7829647789255086
2290,1104.4148262798674,1905.5207752152935,0.5795868723368215,0.7857820232701281
2291,1103.7661804577,1897.7359211607777,0.581622642091617,0.788542043127696
2292,1103.1629919935503,1890.0768679043802,0.5836603847846044,0.7913047378204582
2293,1102.6065855650295,1882.5711391094624,0.5856918565566718,0.7940589306351353
2294,1102.098285849748,1875.2148165190897,0.5877184182532981,0.7968064665547056
2295,1101.6291504023336,1868.004648572628,0.5897357649747317,0.7995415091584384
2296,1101.1279673432175,1860.9476508324233,0.5917028170301676,0.8022083641507989
2297,1100.600986187628,1854.041229719154,0.5936227137485742,0.8048112877156076
2298,1100.106389042134,1847.379532336525,0.595495603250916,0.8073504806696816
2299,1099.5830917104006,1840.9182996368581,0.5973014076329763,0.8097987221476922
2300,1099.0892065791224,1834.6358069073337,0.5990775948235032,0.8122068097543894
2301,1098.635449592973,1828.5391568601424,0.6008268652444303,0.8145784046199886
2302,1098.1510576940739,1822.6354522074735,0.6025072410196208,0.8168565947231557
2303,1097.6940735492446,1816.9317956615182,0.6041470990657579,0.8190798524173372
2304,1097.2751433832855,1811.435289934466,0.6057490154246595,0.8212516702028783
2305,1096.8953042793253,1806.2010834468576,0.6072941237451086,0.8233464697923147
2306,1096.5350590745275,1801.1849868708875,0.6087853646723346,0.8253682380015469
2307,1096.1530429674935,1796.3941464936684,0.6101962896656306,0.8272811168965509
2308,1095.8078781714983,1791.8741451689905,0.6115428815834347,0.829106775434028
2309,1095.418395065931,1787.5910955519705,0.6127902504054983,0.8307979110403493
2310,1094.9904945666494,1783.5521787896569,0.6139380207590703,0.8323540147992957
2311,1094.5922773038344,1779.7645760290984,0.6150208246902079,0.833822039532816
2312,1094.2143127929933,1776.2354684173438,0.6160299871547756,0.8351902239432376
2313,1093.7951682384207,1772.9720371014423,0.6169274784652671,0.8364070088144717
2314,1093.4028745504222,1769.7890198170137,0.617815379295027,0.8376107912736205
2315,1093.0381986476152,1766.9170743100676,0.6186131848176386,0.8386924259131462
2316,1092.7019074486163,1763.0901277529656,0.6197652010230753,0.8402542860379247
2317,1092.3845007490593,1759.374877663419,0.6208935427109357,0.841784049144622
2318,1092.0963458942467,1755.648122923121,0.622047397559328,0.8433484020321783
2319,1091.8382010878108,1752.0865973128325,0.6231645186729687,0.8448629527075157
2320,1091.6108245333844,1748.6427083033864,0.6242617885002452,0.8463505897574616
2321,1091.332837450734,1745.2449694932081,0.6253178530963707,0.8477823623090062
2322,1091.0099315960947,1742.0327674694147,0.6262855394970347,0.8490943150361944
2323,1090.7099984400243,1738.908280890926,0.6272383715840385,0.85038612884513
2324,1090.4336654613908,1735.8491497225693,0.6281845779258344,0.8516689597185928
2325,1090.1712930160795,1732.9547901475466,0.6290823622255376,0.8528861418135505
2326,1089.7939751570723,1730.156630926527,0.6298816856676553,0.8539698343910965
2327,1089.4413424910454,1727.4910562473908,0.6306494835681676,0.8550107858282722
2328,1089.1042826304324,1724.863557334585,0.6314147446615515,0.8560482979580147
2329,1088.7935507373375,1722.2782180297445,0.6321821523022557,0.8570887202956606
2330,1088.5089768695664,1719.8217951299032,0.6329196315292354,0.8580885668186836
2331,1088.2503910849257,1717.415014523532,0.6336560364745866,0.8590869568711897
2332,1087.9464115616531,1715.1464500818877,0.6343169188320393,0.8599829562472435
2333,1087.6544622026838,1712.9552398407357,0.6349579001864696,0.8608519745939357
2334,1087.3749613272632,1710.6969817395043,0.6356327116574306,0.8617668585367686
2335,1087.1185856626369,1708.5599577846262,0.636277691461428,0.8626412978305883
2336,1086.8857448130652,1706.5690509992269,0.6368835437257426,0.8634626894817423
2337,1086.6864575244801,1704.63420596472,0.6374895292620749,0.8642842618180718
2338,1086.4191288676075,1702.6798750968553,0.6380642331875847,0.8650634237261867
2339,1086.1712389831769,1700.879127525504,0.6385940196487538,0.8657816882301431
2340,1085.9431277555752,1698.9945993242507,0.6391680869306428,0.866559987000847
2341,1085.8120082025491,1697.1786075023917,0.639774743449339,0.8673824690297605
2342,1085.6961529444943,1695.441236168241,0.640362007118694,0.8681786589649089
2343,1085.5959715856714,1693.6981303744321,0.640961899949476,0.8689919710408305
2344,1085.4400038694596,1692.1052935686132,0.6414730856259484,0.8696850173023954
2345,1085.2958623869185,1690.5020336415928,0.641996188581347,0.8703942205612865
2346,1085.1638957374203,1688.9948703602615,0.6424909363436702,0.871064980918779
2347,1085.0444525203363,1687.5408876560195,0.642973726122544,0.8717195290932883
2348,1084.9378813350372,1686.1766047990036,0.6434307522991427,0.8723391479474684
2349,1084.7676576475358,1684.8616330660552,0.6438318947731699,0.8728830017852716
2350,1084.6161973211945,1683.5939505808205,0.6442267133040092,0.8734182818593983
2351,1084.4837792355104,1682.3201301321556,0.6446357977957015,0.8739729031852306
2352,1084.3802914116504,1681.0860125373868,0.6450474772405699,0.8745310426507142
2353,1084.2136173372471,1679.9406588005318,0.6453880449035442,0.8749927714441794
2354,1084.128112011956,1678.8002891631886,0.645775509457619,0.8755180812739531
2355,1084.0521844543916,1677.7264810898014,0.6461435738620657,0.8760170891125085
2356,1083.9135857018543,1676.714171174502,0.6464510197003919,0.8764339125852554
2357,1083.7791396393277,1675.7923524270025,0.6467263906949576,0.8768072501944861
2358,1083.649064141419,1674.963813642272,0.6469686421373984,0.8771356855639998
2359,1083.523577082735,1673.9951910716827,0.6472680344972014,0.8775415904342897
2360,1083.4028963378826,1673.0683394207597,0.6475544786849365,0.8779299406612109
2361,1083.2673635168164,1672.2229066389978,0.6478008160371852,0.8782639155531481
2362,1083.0697913371378,1671.4703625172112,0.6479742720092564,0.878499080618452
2363,1082.8821890994782,1670.793349421204,0.6481245508157009,0.8787028229566911
2364,1082.7046962435863,1670.1321078322533,0.6482748826671455,0.8789066372113409
2365,1082.537452209211,1669.4530040115171,0.6484384104302363,0.8791283419853366
2366,1082.3805964361006,1668.6703147590972,0.6486485597919693,0.8794132545645083
2367,1082.2342683640031,1667.9893180437743,0.6488256589276318,0.8796533588936127
2368,1082.0986074326677,1667.2800446904494,0.6490203075834045,0.8799172562002291
2369,1081.9737530818425,1666.5830228620277,0.6492168336287056,0.8801836988007652
2370,1081.8598447512761,1665.9092343102059,0.6494110378103739,0.8804469935061535
2371,1081.8242858724063,1665.2053738336178,0.649664181290649,0.8807901958897861
2372,1081.7281430373002,1664.5790244272393,0.6498508795096161,0.8810433142940202
2373,1081.6434255465883,1663.9499315438084,0.6500456564477528,0.8813073855210277
2374,1081.5702728400192,1663.3249111725327,0.6502459414724839,0.8815789244041108
2375,1081.5088243573416,1662.7113762790427,0.6504489232386407,0.8818541194275151
2376,1081.4592195383036,1661.973605798612,0.650707818562883,0.8822051199442764
2377,1081.401063576688,1661.2443716452856,0.6509584514081306,0.8825449185036236
2378,1081.353696765614,1660.6404737814157,0.6511666515650326,0.8828271884243967
2379,1081.3845051065512,1660.0710593673546,0.651408564112106,0.8831551643323522
2380,1081.3545377615976,1659.4952777857764,0.6516165199363643,0.8834371029961415
2381,1081.2741838635156,1658.972265434029,0.6517735144780296,0.8836499502749191
2382,1081.2684319738892,1658.5035038594403,0.6519542644665571,0.8838950042926518
2383,1081.2655429565996,1658.0699403633719,0.6521229995398363,0.8841237689414151
2384,1081.2656475364106,1657.6197295043273,0.6523001797642322,0.8843639832075663
2385,1081.330479175987,1657.2106132821684,0.6525003343023317,0.8846353451817952
2386,1081.3353020482891,1656.6995883913019,0.6527045154265377,0.8849121662496109
2387,1081.4193720156688,1656.2320556294974,0.6529395251951243,0.8852307836308219
2388,1081.3871387748015,1655.7579430545595,0.6531070216579166,0.8854578690181992
2389,1081.554069069743,1655.3265164726374,0.6533780848109921,0.8858253662184014
2390,1081.723626932445,1654.9774325482101,0.6536183549445072,0.8861511154039956
2391,1081.8960650974527,1654.632441180402,0.6538588499604397,0.8864771694766904
2392,1082.0100335614106,1654.2208926061298,0.654090417064414,0.8867911194230549
2393,1082.1233876189767,1653.839344493752,0.654309858585581,0.8870886299615474
2394,1082.2363277147895,1653.457453010993,0.6545292869459727,0.887386122657157
2395,1082.3586634351568,1653.0736668906513,0.6547552508479668,0.8876924759935931
2396,1082.4803368167188,1652.72746849752,0.6549660228015646,0.8879782326593348
2397,1082.5919478774283,1652.3685680147971,0.6551758299167391,0.8882626812335297
2398,1082.7135733265768,1652.002312956838,0.6553947078855361,0.8885594277289726
2399,1082.835155200804,1651.634673959375,0.655614205897592,0.8888570148556817
2400,1082.9472935180622,1651.2235498048374,0.6558453539776965,0.8891703967052863
2401,1083.0700649876442,1651.0004401067158,0.6560083441998584,0.8893913727015632
2402,1083.1215417853057,1650.7918321424402,0.6561224260357544,0.8895460405522468
2403,1083.1691360574694,1650.5987542801563,0.6562280101379642,0.8896891874960777
2404,1083.2129959588683,1650.422234888009,0.6563247713591127,0.8898203727105075
2405,1083.2436605025646,1650.2530352111605,0.6564106457552775,0.8899367979782045
2406,1083.2715362512906,1650.019647060576,0.6565203863972665,0.8900855802019104
2407,1083.2294986531053,1649.7998935029018,0.6565823545746278,0.8901695943197406
2408,1083.1798868620804,1649.5947244714241,0.6566339421394314,0.8902395347945542
2409,1083.1330377210725,1649.353754284514,0.6567014716566569,0.8903310887672348
2410,1083.089020949957,1649.0285276295601,0.6568042958643489,0.8904704939501636
2411,1083.0479062686072,1648.7212189822915,0.6569017816954777,0.8906026615634772
2412,1082.9994962739147,1648.38460184288,0.6570065596725002,0.890744715593181
2413,1082.953461112439,1648.0091847219446,0.6571282922158939,0.890909755984555
2414,1082.9098617890706,1647.584107877571,0.6572713687946908,0.8911037338141707
2415,1082.8783684503687,1647.1080597046239,0.6574422133812893,0.8913353584615351
2416,1082.839174551555,1646.6002018390454,0.6576211841478944,0.891578000277286
2417,1082.8026082205024,1646.111769673433,0.6577940988996854,0.8918124315765454
2418,1082.7687304621008,1645.6406890415267,0.657961812485774,0.8920398113314996
2419,1082.7376022812405,1645.1848857770678,0.6581251819425952,0.8922613014798252
2420,1082.7092846828114,1644.7449176390503,0.6582840129623181,0.8924766385862933
2421,1082.6838386717034,1644.359778953148,0.6584227202157514,0.8926646926493635
2422,1082.6613252528061,1643.950557279679,0.6585729238988403,0.8928683331381901
2423,1082.6520725539933,1643.5178103776382,0.6587406998073405,0.8930957973875197
2424,1082.6465411534693,1643.1389342794412,0.6588892263259758,0.8932971640400318
2425,1082.644800771108,1642.7734182521494,0.6590347693372117,0.8934944857657305
2426,1082.646921126784,1642.3499501938738,0.6592059877366461,0.89372661721444
2427,1082.6529719403713,1641.984336558758,0.6593564553784821,0.8939306155685813
2428,1082.6527558087612,1641.5777363525617,0.6595196388410569,0.8941518535529223
2429,1082.6559428785133,1641.1203792064052,0.6597053796882664,0.8944036739886332
2430,1082.6625941545178,1640.7184101428568,0.6598710585933212,0.8946282951997766
2431,1082.6009007807818,1640.3978547194786,0.6599623973331247,0.8947521288184994
2432,1082.538126748995,1640.0771337113988,0.6600531795106943,0.8948752078711356
2433,1082.4742720591569,1639.6799317442528,0.6601741297813204,0.8950391876865935
2434,1082.4093367112675,1639.2888738410256,0.6602920046514249,0.8951989979900083
2435,1082.3529298469973,1638.9813211741966,0.6603814917619559,0.895320321239595
2436,1082.294793058347,1638.6756945188943,0.6604691804964512,0.8954392063187755
2437,1082.234935060301,1638.3725516341128,0.6605548499826123,0.8955553537772173
2438,1082.163755426173,1637.9942611828596,0.6606639480193908,0.8957032647810137
2439,1082.0915212789478,1637.6221322254942,0.6607699663953662,0.8958470004968382
2440,1082.0182326186236,1637.2566528011362,0.6608727048184102,0.8959862893761766
2441,1081.9438894452016,1636.9765000448917,0.6609403918843861,0.8960780569475113
2442,1081.8684917586813,1636.680876448549,0.6610137060477171,0.8961774535252225
2443,1081.792039559063,1636.4100748704398,0.6610763745418227,0.8962624171060831
2444,1081.7145328463462,1636.144118823591,0.6611364612697523,0.8963438804257299
2445,1081.6359716205313,1635.8719829813883,0.6611984207035823,0.89642788268941
2446,1081.5563558816184,1635.60382552951,0.6612581476027519,0.8965088581667943
2447,1081.4756856296074,1635.340195511967,0.6613154184050589,0.8965865037606803
2448,1081.3939608644978,1635.0919090957516,0.6613658564689106,0.8966548857854548
2449,1081.31118158629,1634.767777914322,0.6614463510932752,0.8967640173614352
2450,1081.2273477949846,1634.4451631401575,0.6615256187106883,0.8968714854076653
2451,1081.1424594905804,1634.1053345290386,0.6616112417270664,0.896987569864128
2452,1081.0565166730785,1633.7692969360824,0.6616947195056588,0.8971007458881051
2453,1080.9695193424782,1633.4375209704406,0.6617758594771743,0.8972107524014142
2454,1080.8814674987796,1633.1104772412639,0.66185446885667,0.8973173280335004
2455,1080.7250971502938,1632.7886363577036,0.6618891588816359,0.8973643594610672
2456,1080.5722171530126,1632.4211333139956,0.6619445160939147,0.897439410681761
2457,1080.4227665020467,1632.0564408527187,0.6620008594418133,0.8975157988679376
2458,1080.2766841925063,1631.6949860081024,0.662057978639362,0.8975932389218099
2459,1080.1339092195008,1631.2961273224441,0.6621323321550435,0.8976940446142403
2460,1079.9943805781409,1630.8986935367159,0.6622081339927367,0.8977968138870328
2461,1079.8580372635358,1630.5030768252104,0.6622851883028347,0.8979012812146766
2462,1079.7248182707963,1630.109669362221,0.6623632989633377,0.8980071807023609
2463,1079.5850534533622,1629.7188633220396,0.6624363733832732,0.898106252245018
2464,1079.4489402143424,1629.3310508789593,0.6625105067702617,0.8982067594952682
2465,1079.3164088338626,1628.9300378491864,0.6625922438381546,0.8983175755293273
2466,1079.1969987337188,1628.431032664642,0.6627219557267967,0.8984934340160601
2467,1079.0803817860376,1627.9446206323862,0.6628483353241227,0.898664774707899
2468,1078.9664969859289,1627.4710806319151,0.6629712256189445,0.8988313847349964
2469,1078.8552833285025,1627.0106915427268,0.6630904694950315,0.8989930510850922
2470,1078.746679808869,1626.563732244318,0.6632059097496438,0.8991495606286406
2471,1078.6310162804682,1626.1304816161853,0.6633114799056186,0.8992926886646921
2472,1078.528099288079,1625.7112185378267,0.663419238908933,0.8994387842574176
2473,1078.4276007038281,1625.3062218887378,0.6635227172456202,0.8995790762837689
2474,1078.319850381156,1624.9638162567667,0.6635962226316838,0.8996787321140493
2475,1078.2150457231712,1624.6522067647545,0.6636589918960385,0.8997638323154132
2476,1078.1131170099995,1624.331980767782,0.6637270765920658,0.8998561389785754
2477,1078.0858643826496,1624.0432132495746,0.6638283117020575,0.8999933897227729
2478,1078.0660151344478,1623.6951559502959,0.6639583860207373,0.9001697395784823
2479,1078.063827673393,1623.3566677037597,0.6640954813696708,0.9003556082822222
2480,1078.069692857815,1623.0267114268356,0.6642341036458125,0.9005435471362851
2481,1078.073343564731,1622.7042500363943,0.6643683490325188,0.9007255519687195
2482,1078.0843802208262,1622.4100966579,0.6644956059147049,0.9008980820502862
2483,1078.102794111117,1622.1047950715115,0.6646320246304359,0.9010830334002483
2484,1078.1285765206183,1621.8078424400658,0.6647696159235096,0.9012695744863496
2485,1078.1719858573297,1621.5400518890258,0.6649061702801018,0.9014547097330758
2486,1078.1561489878914,1621.3338370594345,0.664980970818022,0.9015561214813986
2487,1078.220138759986,1621.1414921273283,0.6650993414184355,0.9017166038772708
2488,1078.2818181897471,1620.9633569770951,0.6652104833514653,0.9018672859185223
2489,1078.3610548268437,1620.7997714931214,0.6653265096609869,0.9020245900132146
2490,1078.448239529606,1620.5997399448781,0.6654624290920148,0.9022088644518059
2491,1078.5433722980342,1620.3910701042144,0.6656068354095955,0.9024046450911156
2492,1078.564316148262,1620.194575096593,0.6657004860567194,0.9025316131065934
2493,1078.5878744937743,1619.9638040557886,0.6658098605619398,0.9026798989358767
2494,1078.6139776146974,1619.729793655326,0.6659221691418881,0.902832162673022
2495,1078.6425557911568,1619.5017129301698,0.6660335998284097,0.9029832361953679
2496,1078.673539303278,1619.289380181612,0.6661400689123885,0.9031275829641056
2497,1078.706858431187,1619.0930045692753,0.6662414422068074,0.9032650210535379
2498,1078.7424434550094,1618.87172676085,0.6663544897491239,0.9034182866479932
2499,1078.780224654871,1618.664157622701,0.6664632805851793,0.9035657811606349
2500,1078.7581321697148,1618.470471454514,0.6665293875891591,0.9036554065435048
2501,1078.7531689861657,1618.252405989295,0.6666161378741691,0.9037730193082653
2502,1078.76520437946,1618.0896057254054,0.6666906459088457,0.9038740344917219
2503,1078.7838405018501,1617.9027399039178,0.6667791665683908,0.9039940474635099
2504,1078.8185470552567,1617.7714530231938,0.6668547309567279,0.9040964948114205
2505,1078.941451864098,1617.6137823990525,0.6669957091141622,0.9042876276804915
2506,1078.9216052303914,1617.378531856327,0.6670804539442426,0.9044025215250913
2507,1078.9025464312638,1617.1240752312394,0.6671736343279577,0.9045288519751746
2508,1078.8936754487627,1616.8792748087374,0.6672691599540642,0.904658362016445
2509,1078.8947831232651,1616.6928691384198,0.6673467816421049,0.9047635985737057
2510,1078.905660295148,1616.5142590215432,0.6674272461711515,0.9048726893475888
2511,1078.926097804789,1616.3435228929654,0.6675103915247573,0.9049854146823061
2512,1078.9661536155484,1616.1704720645628,0.6676066493389354,0.9051159173965506
2513,1079.0878880020005,1616.0047853978788,0.6677504285584877,0.9053108478400032
2514,1079.2238975327073,1615.818363169091,0.6679116428755237,0.9055294161310861
2515,1079.3740427679202,1615.6811448700646,0.6680612979826072,0.9057323128812533
2516,1079.5381842678912,1615.552140443724,0.6682162446155329,0.9059423836825955
2517,1079.716182592871,1615.413526004215,0.6683837699833979,0.9061695082583805
2518,1079.9078983031118,1615.2666785190545,0.6685632240573535,0.9064128053240099
2519,1080.1131919588647,1615.15139409247,0.6687380488971219,0.906649826248513
2520,1080.3319241203812,1615.099851060928,0.6688948199770633,0.906862370566313
2521,1080.5639553479127,1615.0256717292102,0.669069213117183,0.9070988062087132
2522,1080.7372763408284,1614.9699943091246,0.6691996013233434,0.907275581621231
2523,1080.9908205070615,1614.9328885205448,0.6693719771212087,0.9075092822270837
2524,1081.2475752735045,1614.9144240833455,0.6695386202196071,0.9077352106551994
2525,1081.5176596084073,1614.9146707174007,0.6697057616845848,0.9079618147499281
2526,1081.8105344987073,1614.9336981425847,0.6698792252232715,0.9081969900737639
2527,1082.106184240003,1614.9715760787722,0.6700465817902556,0.9084238857956806
2528,1082.4147278005448,1615.0283742458366,0.6702140625275366,0.9086509498630029
2529,1082.7360170255997,1615.0322925027701,0.6704113732287756,0.9089184562704675
2530,1082.9980338995524,1615.050603556246,0.6705660067336929,0.9091281025446651
2531,1083.339703115352,1615.0833161212488,0.6707639737850049,0.9093964988068053
2532,1083.693612526576,1615.1304389127629,0.6709635249373869,0.9096670427334342
2533,1083.9877441176102,1615.1919806457724,0.6711200631916333,0.9098792713949376
2534,1084.2891527205195,1615.2679500352617,0.6712750987827433,0.9100894628024312
2535,1084.5976291756824,1615.3480886732316,0.6714327622515827,0.9103032169874439
2536,1084.845700331786,1615.4420057013522,0.6715472895362745,0.9104584887608054
2537,1085.1768357460835,1615.5497011196235,0.6717074906417451,0.9106756833778594
2538,1085.4516924063794,1615.6711749280455,0.6718271076753723,0.9108378556408754
2539,1085.7269970168675,1615.8064271266182,0.6719412540941623,0.9109926110506109
2540,1085.9402099788379,1615.9554577153415,0.672011227038494,0.9110874777296118
2541,1086.1486462579228,1616.0771982022827,0.6720895805386957,0.9111937064502014
2542,1086.362224377735,1616.2511187861166,0.6721494028685628,0.9112748113089263
2543,1086.5805957389023,1616.4387829001646,0.6722064622759131,0.9113521703015023
2544,1086.8034117420534,1616.611363119416,0.6722725303903319,0.9114417429593721
2545,1087.0303237878177,1616.7515889595186,0.672354572719109,0.9115529728546256
2546,1087.2507161538401,1616.9107263155142,0.6724247037629464,0.9116480538789737
2547,1087.473840667435,1617.088705467529,0.6724886748578378,0.9117347834768543
2548,1087.7096071372303,1617.333502404038,0.6725326628802508,0.9117944207787
2549,1087.937790699201,1617.504641164889,0.6726025774588774,0.9118892083276791
2550,1088.1676431806623,1617.691789351867,0.6726668518337722,0.9119763491011503
2551,1088.4090743902411,1617.9428880935106,0.6727116775257492,0.9120371220837995
2552,1088.641859463913,1617.9839539709485,0.6728384770393465,0.9122090320822824
2553,1088.8752502289929,1618.0966892646306,0.6729358371803166,0.9123410292896189
2554,1089.1088893711246,1618.2090323840196,0.6730335003547716,0.9124734373383258
2555,1089.342419575953,1618.320791599462,0.6731313255261987,0.9126060650164179
2556,1089.5857506521054,1618.412556897963,0.6732435101347284,0.9127581606777893
2557,1089.7616608668513,1618.5046533658667,0.6733138879771315,0.9128535763023254
2558,1090.013480337695,1618.596871843551,0.6734311052363461,0.9130124950416965
2559,1090.2838635965586,1618.6890031713922,0.6735598138125584,0.9131869932752754
2560,1090.5628616173856,1618.7808381897678,0.6736939528126167,0.9133688538727045
2561,1090.8501345157888,1618.9543047229208,0.6737992118329026,0.913511560082723
2562,1091.1453424073813,1619.084344489394,0.6739274245477883,0.9136853860462161
2563,1091.4385362661064,1619.2350091376702,0.6740457871197808,0.9138458575574577
2564,1091.7396346155754,1619.3607105849678,0.6741794014634344,0.91402700684552
2565,1092.0482888564175,1619.54337665553,0.6742939427232714,0.9141822975658562
2566,1092.2866192745885,1619.7347873413207,0.6743614002805355,0.914273753977935
2567,1092.545953676379,1619.9860952425868,0.6744168711601036,0.9143489593044529
2568,1092.8162733158576,1620.2587156379159,0.6744702329131446,0.9144213051567678
2569,1093.0395137387434,1620.521041022312,0.6744988099933558,0.9144600488843767
2570,1093.2575975054294,1620.791457398116,0.6745208290155073,0.9144899014441955
2571,1093.4905795377463,1621.0800488736415,0.6745444682374107,0.9145219506097346
2572,1093.7379805115586,1621.345563942285,0.6745865932812903,0.9145790621555442
2573,1093.9993211027308,1621.6672897880526,0.674613916178647,0.9146161055093385
2574,1094.2741219871273,1622.0162159712638,0.6746382133620505,0.9146490467142655
2575,1094.5619038406128,1622.340832577318,0.6746806107948021,0.9147065275546349
2576,1094.8621873390514,1622.679367013271,0.6747249084421846,0.9147665846343371
2577,1095.1744931583078,1623.0316101195006,0.6747708956066927,0.9148289322976406
2578,1095.4983419742464,1623.336407979798,0.6748436963460747,0.9149276327945247
2579,1095.833254462732,1623.703147590883,0.674897536590133,0.9150006273669155
2580,1096.1787512996284,1624.0835653697993,0.6749521851420445,0.9150747178126094
2581,1096.5343531608003,1624.3588438353347,0.6750567199620324,0.9152164421791761
2582,1096.8995807221124,1624.5664391184364,0.6751952732184594,0.9154042874589129
2583,1097.2643455177592,1624.7443956114919,0.6753458257689763,0.9156084009290414
2584,1097.6384266316038,1624.9770551893903,0.6754793386936006,0.9157894127170085
2585,1097.9540720328373,1625.228221036413,0.6755691648848361,0.9159111956794265
2586,1098.2723354153493,1625.4057548527308,0.675691181808851,0.9160766216233218
2587,1098.5926590201454,1625.596326285535,0.6758090192848888,0.9162363812292712
2588,1098.9247434962315,1625.7994647256749,0.6759288382971979,0.9163988273273667
2589,1099.2782894926115,1626.0859114435682,0.6760271900497067,0.9165321689242303
2590,1099.6431301086213,1626.387334861951,0.6761262256152283,0.9166664376089876
2591,1100.0187075852673,1626.6937162348922,0.6762297638496725,0.9168068108424587
2592,1100.404464163555,1626.95330162823,0.6763589729725414,0.9169819876983174
2593,1100.7998420844913,1627.1560112911432,0.6765176998676421,0.9171971836365496
2594,1101.2042835890811,1627.3731834704731,0.676675943031515,0.9174117237502264
2595,1101.6172309183305,1627.583752306212,0.6768421160246832,0.9176370148274002
2596,1102.0381263132458,1627.80638703769,0.6770081104785156,0.9178620638476759
2597,1102.4664120148325,1628.040538620898,0.6771738085519199,0.9180867110465446
2598,1102.9015302640967,1628.2760488701554,0.6773430899689209,0.9183162164075215
2599,1103.3429233020443,1628.5226271494514,0.6775115708605928,0.9185446364464477
2600,1103.722769377992,1628.7797156997922,0.6776378406111144,0.9187158282121318
2601,1104.1795835806277,1629.0275384788436,0.6778151734694986,0.918956249413688
2602,1104.6409382900745,1629.3065887895766,0.6779822446496826,0.919182758218944
2603,1105.1062757473383,1629.5970905896565,0.6781469371349114,0.9194060420792887
2604,1105.5750381934254,1629.8984861200897,0.6783091386416364,0.9196259487649215
2605,1106.0466678693413,1630.210217621882,0.6784687372913292,0.9198423265951527
2606,1106.5252128852853,1630.5317273360392,0.6786284463738249,0.9200588541460135
2607,1107.0051122097868,1630.8624575035672,0.6787850852268242,0.920271219195512
2608,1107.371147650142,1631.0769315237633,0.678920243581416,0.9204544617953742
2609,1107.7561120363584,1631.3079509416195,0.6790600826759547,0.9206440503659294
2610,1108.159325599663,1631.554844703347,0.6792044589841237,0.9208397903196104
2611,1108.5801085712808,1631.8169417551549,0.6793532290324861,0.9210414871405422
2612,1108.9985628990983,1632.0935710432539,0.6794944741986901,0.9212329820100335
2613,1109.4345256303397,1632.3840615138545,0.679640626116787,0.9214311292686901
2614,1109.8975666892452,1632.6877421131665,0.6797978193017602,0.921644245860573
2615,1110.3773884503864,1633.0039417874007,0.6799600172642728,0.9218641477410963
2616,1110.8733024300059,1633.3935922206658,0.6801014205766094,0.9220558570191497
2617,1111.374353021361,1633.870289659942,0.6802096592702421,0.922202602957918
2618,1111.8894521673797,1634.2893392211863,0.6803504284603887,0.9223934525170212
2619,1112.4179026693193,1634.7226412677262,0.6804933599051641,0.922587233579404
2620,1112.9493981867672,1635.1798267286922,0.6806281364254054,0.9227699585026541
2621,1113.4934999289796,1635.660259410232,0.6807608692103767,0.9229499126067016
2622,1114.0597691052133,1636.1440848351526,0.6809056607123075,0.9231462154644263
2623,1114.627632252072,1636.6511836256,0.6810416559152742,0.9233305926317548
2624,1115.2059925974988,1637.2001204410924,0.6811665713150824,0.923499948219819
2625,1115.8044113507506,1637.6991709435547,0.6813244038634297,0.9237139316364519
2626,1116.345318179725,1638.1476379342444,0.6814680754827882,0.9239087161996198
2627,1116.8998247416723,1638.6262422120815,0.6816074318655493,0.9240976503277517
2628,1117.4671728329604,1639.104748882095,0.6817545819418175,0.924297150851613
2629,1118.0369951082857,1639.6221435549737,0.6818869820117185,0.9244766538731161
2630,1118.6187917720156,1640.13924017539,0.6820267233240483,0.9246661098742401
2631,1119.2117959055324,1640.6552718247272,0.6821736504468435,0.9248653081261912
2632,1119.7479765985306,1641.188672437739,0.6822786407216139,0.9250076499811751
2633,1120.2983757883856,1641.6906119574912,0.6824053007482227,0.9251793708684596
2634,1120.862165551591,1642.2019889337228,0.6825361149875137,0.9253567238806286
2635,1121.36164483128,1642.7322338509261,0.6826198583822523,0.9254702600169595
2636,1121.878052967938,1643.2805100706098,0.6827063584656841,0.9255875335678563
2637,1122.4823621790658,1643.7787169625935,0.6828670736491896,0.9258054251525225
2638,1122.9577288402427,1644.2593901776993,0.6829565551204678,0.9259267407566228
2639,1123.4525865637665,1644.7626657045423,0.683048448258965,0.9260513260081864
2640,1123.9659679863832,1645.2876110398033,0.6831425462907663,0.9261789005709373
2641,1124.4969057448372,1645.794857113485,0.6832545993715534,0.9263308179119556
2642,1125.0444324758728,1646.3629416209449,0.6833514069310852,0.9264620659502179
2643,1125.6075808162345,1646.9319612462182,0.683457244927409,0.9266055571141133
2644,1126.1853834026676,1647.5645427378572,0.6835455329302108,0.9267252546586632
2645,1126.7768728719163,1648.2219924371466,0.6836317425942154,0.9268421344698533
2646,1127.3810818607255,1648.9033952707364,0.6837156652683215,0.9269559136663894
2647,1127.9970430058397,1649.6078361652774,0.683797093027887,0.9270663103518832
2648,1128.6237889440033,1650.3344000474192,0.6838758186895786,0.9271730436349851
2649,1129.2507431702913,1651.082171843813,0.6839458159185519,0.9272679432381873
2650,1129.8871967294474,1651.8310181977683,0.6840210555933329,0.9273699503517047
2651,1130.6861803879804,1652.5524951435846,0.6842059079580034,0.927620566216297
2652,1131.5027116673662,1653.3380307098714,0.6843746957066899,0.9278494022803908
2653,1132.2686812224401,1654.1071786197128,0.6845195377044876,0.9280457735985077
2654,1133.0454434140493,1654.9384678534827,0.6846450580628848,0.9282159493666117
2655,1133.8519594334978,1655.7418429925958,0.6847999669949563,0.9284259690545577
2656,1134.5134398130178,1656.5650229334908,0.6848589847707821,0.928505983129256
2657,1135.269985855587,1657.4288730915368,0.6849584946218613,0.9286408948324854
2658,1136.03874507713,1658.314523782766,0.6850562597050182,0.9287734410451668
2659,1136.8289998074056,1659.2210076439226,0.6851582728100167,0.9289117465656536
2660,1137.63976525319,1660.0486339697986,0.685305082015981,0.9291107849504122
2661,1138.4700566212598,1660.7906869935057,0.6854988202530254,0.929373447945652
2662,1139.3188891183904,1661.5589546899348,0.6856927260405273,0.9296363380994829
2663,1140.185277951358,1662.313850114481,0.6859025315062106,0.9299207844373598
2664,1141.0009743352493,1663.0952565212144,0.6860707285774732,0.930148819683279
2665,1141.7599291994743,1663.9334480225357,0.6861812475471138,0.9302986571342616
2666,1142.54316400991,1664.6907635982175,0.6863395826984172,0.9305133219610274
2667,1143.3495632485694,1665.4378181514046,0.6865159123849245,0.930752383099986
2668,1144.178011397463,1666.2554588482897,0.6866762268183746,0.9309697313628408
2669,1145.0273929386035,1667.1039941644567,0.68683621234588,0.9311866337074198
2670,1145.8965923540025,1667.982169142168,0.6869957086791457,0.9314028728208981
2671,1146.7844941256717,1668.8887288236874,0.6871545563939306,0.9316182325619017
2672,1147.6803735939532,1669.8634867432115,0.6872899387915302,0.9318017789108244
2673,1148.5933736488576,1670.8187405279114,0.6874434346396835,0.9320098827928863
2674,1149.5223700574127,1671.804562119982,0.6875937511497913,0.9322136762483302
2675,1150.476505709629,1672.8196878467027,0.6877468707882991,0.932421270079543
2676,1151.4450559458487,1673.8628540353523,0.6878968926097753,0.9326246640072539
2677,1152.4166381251002,1674.9327970132106,0.6880375380911542,0.9328153458466752
2678,1153.3331311457048,1676.0282531075552,0.6881346594290928,0.9329470192938678
2679,1154.2658776119965,1677.1479586456664,0.6882313940530872,0.933078168448879
2680,1155.1368191527538,1678.2906499548224,0.6882817461825511,0.9331464339670517
2681,1156.0268377941052,1679.3877993706135,0.6883620556415564,0.933255314502821
2682,1156.934678578314,1680.4715155096317,0.688458368916449,0.9333858924086105
2683,1157.8590865476444,1681.5815073262613,0.688553651133246,0.9335150724447189
2684,1158.798806744359,1682.677978716275,0.688663440897,0.9336639212658614
2685,1159.7525842107214,1683.8006037741206,0.6887707378244298,0.933809390393529
2686,1160.7191639889945,1684.947988102313,0.688875367183449,0.9339512429325488
2687,1161.769160982325,1686.109128161697,0.6890237064601858,0.9341523557295568
2688,1162.7091984044675,1687.2928879627864,0.6890974333497644,0.9342523118659489
2689,1163.6714416065618,1688.4978643931115,0.6891755483651822,0.9343582172578626
2690,1164.654583340966,1689.6553903485133,0.6892852767455385,0.9345069828577094
2691,1165.6380980766971,1690.8070441475058,0.6893974697535072,0.9346590899067234
2692,1166.651462505094,1691.9821368967262,0.6895176001354577,0.9348219581480358
2693,1167.683751521861,1693.1791783338615,0.689639800951779,0.9349876334061848
2694,1168.7336491643707,1694.2717593548919,0.6898147494410081,0.9352248219699634
2695,1169.7902303283265,1695.384113803761,0.6899853672120279,0.9354561391093204
2696,1170.862437459101,1696.5782060902152,0.6901317211644299,0.9356545602784686
2697,1171.948945879083,1697.7659852420552,0.6902888596345598,0.9358676026900304
2698,1173.0484309106619,1698.9869161941062,0.690439943786267,0.9360724368850044
2699,1174.1595678762267,1700.188059774344,0.6906057016022485,0.9362971650806062
2700,1175.2810320981657,1701.4575410323346,0.6907495507558074,0.9364921903379476
2701,1176.3346257655098,1702.7559691106196,0.6908415810046643,0.9366169614785659
2702,1177.4010914646387,1704.0303961221905,0.690950756596839,0.9367649776290436
2703,1178.4117708063786,1705.3593292599594,0.6910049692094805,0.9368384770447161
2704,1179.4370782492367,1706.5937117902506,0.6911059557415009,0.9369753907762748
2705,1180.4755583908373,1707.8504090377974,0.6912054780347636,0.9371103193481473
2706,1181.5161466871364,1709.1276867207273,0.6912977631028202,0.9372354359630264
2707,1182.567646143757,1710.4347356614644,0.691384255410617,0.9373526989720103
2708,1183.6331985125335,1711.693615141075,0.6914982845308916,0.9375072953528425
2709,1184.65829069528,1712.9744084486642,0.6915796785126243,0.9376176462436244
2710,1185.7606638726497,1714.265719870784,0.6917017881930396,0.9377831979431493
2711,1186.819596339365,1715.5087572519662,0.6918178594672427,0.937940562999261
2712,1187.8759561427205,1716.7735341614414,0.6919235021426043,0.9380837893543622
2713,1188.9487436914478,1718.0710933557932,0.6920253465001578,0.938221866093427
2714,1190.0466922712974,1719.433678533871,0.6921154954263941,0.9383440866077873
2715,1191.15866761835,1720.862108904197,0.6921871668014415,0.938441255955099
2716,1192.2831446103557,1722.2777334766179,0.692271125286857,0.9385550837032577
2717,1193.480858844278,1723.7300751493196,0.6923826856945056,0.9387063330966152
2718,1194.6260766273776,1725.1788933538762,0.6924650430338477,0.9388179900713126
2719,1195.789133983304,1726.605113604188,0.6925666584452328,0.9389557564137966
2720,1197.030099812722,1728.038321528897,0.6927103900992422,0.9391506223696802
2721,1198.2334988308917,1729.2857591056436,0.6929065902043843,0.9394166230728409
2722,1199.3838427677465,1730.5718781401279,0.6930563577958649,0.9396196723251118
2723,1200.5616650500442,1731.8657683260972,0.693218658747684,0.9398397138346525
2724,1201.6884889873174,1733.1961220063044,0.6933367053673493,0.9399997569896447
2725,1202.8447782864494,1734.5025173232202,0.6934811372558546,0.9401955722970494
2726,1204.0192505287887,1735.843737717329,0.6936219109861232,0.940386428011479
2727,1205.2204908453514,1737.2176218725292,0.6937648315737532,0.9405801943541534
2728,1206.4468172441716,1738.5835719060383,0.6939251220011954,0.940797510070568
2729,1207.6965477332828,1740.0291638234135,0.6940668425807176,0.9409896494875064
2730,1208.9680003207181,1741.5015673899338,0.694210113248794,0.9411838904560473
2731,1210.259493014511,1742.9601934378013,0.694370128228462,0.9414008327307578
2732,1211.5693438226951,1744.477356292098,0.6945170938749795,0.9416000832117187
2733,1212.8958707533038,1746.0150899952953,0.6946651708242522,0.941800840355044
2734,1214.247658937354,1747.5168595728542,0.6948417420328366,0.942040228940526
2735,1215.6134259561932,1749.0960042668667,0.6949952564014445,0.942248357931922
2736,1217.063368393722,1750.6734547679346,0.695197248281264,0.9425222109047623
2737,1218.38447286111,1752.221442521639,0.6953370409094647,0.9427117364780089
2738,1219.6623971958736,1753.7813759042986,0.695447228459124,0.9428611246022798
2739,1220.9102103884427,1755.3817380990458,0.6955240469293033,0.9429652721870562
2740,1222.1684406017243,1757.009943797077,0.6955956310415035,0.9430623232266905
2741,1223.455748360065,1758.54835639755,0.6957191389757166,0.9432297706259812
2742,1224.7702599418433,1760.099838859951,0.6958527197725042,0.9434108744324677
2743,1226.1101016254386,1761.6549476273124,0.6959990112007046,0.9436092108336614
2744,1227.473399689231,1763.3145107102905,0.6961171091337447,0.943769323557392
2745,1228.8582804115981,1764.9518183379062,0.6962559927380005,0.9439576167102565
2746,1230.2628700709208,1766.636230455569,0.6963872068635593,0.9441355118731463
2747,1231.6852949455777,1768.2883640144457,0.6965409714902787,0.9443439801550517
2748,1233.0468081805886,1769.9877763630557,0.6966414258036486,0.9444801723246358
2749,1234.4276033183246,1771.732545847364,0.6967347335869685,0.9446066754982986
2750,1235.8257369172907,1773.3766136882875,0.6968772044123257,0.9447998320702458
2751,1237.2342622635151,1775.0616672287933,0.6970091716278632,0.9449787482441272
2752,1238.594230331813,1776.7485247710463,0.6971128514044606,0.9451193133751116
2753,1239.9612828108336,1778.4870752425704,0.697200052826762,0.9452375377747979
2754,1241.3436649472071,1780.264946851679,0.6972802936677877,0.9453463252808982
2755,1242.595217739532,1781.9454982313046,0.6973250410704972,0.945406992121911
2756,1243.8677954314383,1783.6413975697499,0.697375491018674,0.9454753902590055
2757,1245.2311152826908,1785.352339842566,0.6974707946961867,0.9456045993907428
2758,1246.6260888283562,1787.116421732044,0.6975628860374673,0.9457294533581652
2759,1248.1744966443027,1789.0545348856572,0.6976726937639587,0.9458783265325095
2760,1249.7494503023738,1791.0491603548498,0.6977750683598034,0.9460171221486524
2761,1251.3393710744517,1793.0301669181047,0.6978908632782672,0.9461741125320751
2762,1252.9525477820875,1795.066496201585,0.6979978460036845,0.9463191556765038
2763,1254.6075363698158,1797.078346837212,0.6981373620008701,0.9465083062038527
2764,1256.2831576828326,1798.9911115875411,0.6983264951065881,0.9467647257357156
2765,1257.9005777163156,1800.965927025961,0.6984588430240651,0.946944158050929
2766,1259.5399028627928,1802.9996557581314,0.6985802237067966,0.9471087214028872
2767,1261.131838539237,1805.0891603897098,0.6986534882670088,0.9472080507305605
2768,1262.7365538686329,1807.1832578180051,0.698731879241324,0.9473143302571397
2769,1264.3622156627516,1809.3834122475268,0.6987807045783753,0.9473805258077399
2770,1266.0067236103812,1811.6506816425065,0.6988139250236557,0.9474255648345922
2771,1267.6782445232934,1813.972328181917,0.698841004809508,0.9474622785869774
2772,1269.2978136719005,1816.3356140447308,0.6988233913694771,0.947438398949248
2773,1270.9351483159674,1818.6721117888571,0.6988258851486251,0.9474417799209677
2774,1272.5880958543764,1821.0140215382232,0.6988348693654827,0.9474539603833569
2775,1274.25450368601,1823.3888939726407,0.6988385790316927,0.9474589898089
2776,1275.8745643597306,1825.8332135023102,0.6987903138821482,0.9473935537393949
2777,1277.5603272999572,1828.2893644946419,0.6987735924685468,0.9473708834774569
2778,1279.2629014448646,1830.7414229303545,0.6987676606984877,0.9473628414073186
2779,1280.903252344992,1833.1714385563214,0.6987362040474199,0.947320193666141
2780,1282.5619439295417,1835.5043945308353,0.6987517696776593,0.9473412969605853
2781,1284.2374031438508,1837.9215520689918,0.698744405983027,0.9473313135411136
2782,1285.927398951944,1840.3905541771464,0.6987252765633176,0.9473053785953087
2783,1287.6343061870364,1842.8508657029743,0.6987186701599183,0.9472964218827304
2784,1289.3508905406766,1845.4220928337663,0.6986753304555892,0.9472376635460925
2785,1291.0851793848867,1848.0629012705683,0.6986153872236969,0.9471563947729615
2786,1292.926679094242,1850.6063886063891,0.6986502840660183,0.9472037065956991
2787,1294.7764789546281,1853.2131423706087,0.698665711650612,0.9472246227330632
2788,1296.6426760579416,1855.9129094190787,0.6986549150432954,0.9472099851000411
2789,1298.4803185152532,1858.7169024505777,0.6985896113621741,0.9471214488320067
2790,1300.3245739026388,1861.5830594649635,0.6985047308479292,0.9470063710319339
2791,1302.193745430088,1864.4693184620953,0.6984259448711124,0.94689955597586
2792,1304.0759929199544,1867.4541561324406,0.6983175402927904,0.9467525851368859
2793,1305.979343744261,1870.3775688505657,0.6982436944786748,0.9466524677670916
2794,1307.9015581520473,1873.2437223789577,0.6982014900287804,0.9465952485656017
2795,1309.7731324006634,1876.1464500818886,0.6981188128162892,0.9464831579189524
2796,1311.663635595141,1879.1133505715834,0.6980226260412459,0.9463527515168878
2797,1313.5707669796293,1882.1789996766847,0.6978989603036007,0.946185090173655
2798,1315.4922257982782,1885.2985030271605,0.6977633640964741,0.9460012539498391
2799,1317.425711295237,1888.4295981782307,0.6976303022183927,0.9458208536737643
2800,1319.3791898376385,1891.6094928837906,0.6974902562083375,0.9456309845749553
2801,1321.3407602429463,1894.8164240850906,0.6973450005221238,0.9454340523936858
2802,1323.2985213286242,1898.1196994376332,0.6971628405314404,0.9451870867482064
2803,1325.2604394618047,1901.4674386399856,0.6969672015050071,0.9449218467343987
2804,1327.3056928891901,1904.8461979573933,0.6968046524241631,0.9447014688208837
2805,1329.3647865831147,1908.1951372130814,0.6966608187277176,0.9445064645197137
2806,1331.4060128162635,1911.5924890779575,0.6964905022505384,0.944275555863183
2807,1333.4572752253118,1914.9959213873674,0.6963238199793422,0.9440495743260655
2808,1335.5786034934963,1918.4528480133,0.6961748394684742,0.9438475921680058
2809,1337.7108307210244,1921.882491509438,0.6960419467011182,0.9436674211658747
2810,1339.7749224584347,1925.1887517440975,0.6959187358874213,0.9435003765913742
2811,1341.7636531122591,1928.5741910969573,0.6957283050381768,0.9432421976277807
2812,1343.6799944921377,1932.0625204257556,0.6954640340500161,0.9428839089886139
2813,1345.5268486878363,1935.5953658942685,0.6951488272788804,0.9424565635358556
2814,1347.383921202606,1939.132913968301,0.6948383535222855,0.9420356349257134
2815,1349.311041275045,1942.705212170661,0.6945526438194947,0.9416482804857799
2816,1351.3309698296039,1946.3287422796252,0.6942973920463539,0.941302219758191
2817,1353.3645242620885,1950.0617212616974,0.6940111225743442,0.9409141064042612
2818,1355.4093951016637,1953.8739708693054,0.6937035936348666,0.9404971702661074
2819,1357.4632728774952,1957.7231066478887,0.6933887985833767,0.9400703830073176
2820,1359.5238481187478,1961.5859624262284,0.6930738056654894,0.9396433274887285
2821,1361.5503747879068,1965.4310614240921,0.6927489859661464,0.939202949190444
2822,1363.5815770461336,1969.3057303636272,0.6924174118938616,0.938753413568056
2823,1365.6253776856393,1973.2059603520622,0.6920845594050317,0.9383021447167296
2824,1367.6313953822864,1977.140641544865,0.6917218566270883,0.9378104059691819
2825,1369.5710641605933,1981.0987965478319,0.6913189117812512,0.9372641085436525
2826,1371.4561675508096,1985.0379886164997,0.6908966858143936,0.9366916705014021
2827,1373.3458245203133,1988.9183780717165,0.6904988357801746,0.9361522804293215
2828,1375.237551298584,1992.8083879980838,0.690100242241607,0.9356118823420854
2829,1377.191782815628,1996.7141720460017,0.6897290569157633,0.9351086432760007
2830,1379.1497487034364,2000.6316167428913,0.6893571695866467,0.934604452460354
2831,1381.191154465261,2004.5566086161684,0.6890257668596133,0.9341551491413956
2832,1383.227156065332,2008.5376857707956,0.6886737380456496,0.933677881751659
2833,1385.265650150908,2012.5651170553233,0.6883084867225334,0.9331826877826805
2834,1387.3042662462635,2016.5964308653488,0.6879434303327376,0.9326877580969462
2835,1389.2733698839857,2020.611005805063,0.6875511248294244,0.9321558850907641
2836,1391.3096634360302,2024.6087372946536,0.6871992784616461,0.931678865054685
2837,1393.3389065657902,2028.5484348324094,0.6868649930367092,0.9312256534826259
2838,1395.2914648058513,2032.4978460916464,0.6864909930846426,0.9307185984524576
2839,1397.360639993594,2036.4144210331037,0.6861867729677007,0.9303061482911104
2840,1399.429453509489,2040.3248214081968,0.6858856192043122,0.9298978553762679
2841,1401.4187053193732,2044.2583408935943,0.6855389445087354,0.9294278468983178
2842,1403.4286700324017,2048.2154718859083,0.6851958152333383,0.9289626451673371
2843,1405.437750174526,2052.163299632501,0.6848566829093036,0.9285028623522746
2844,1407.443566555036,2056.0977368057434,0.684521723535173,0.9280487370653157
2845,1409.443739983223,2060.1481686767897,0.6841467819707807,0.9275404054326678
2846,1411.378894399672,2064.2171617213608,0.6837356653031197,0.9269830289592976
2847,1413.2319859096217,2068.166898049511,0.6833258898217747,0.9264274708157538
2848,1415.082650296448,2072.1473407532826,0.6829063853065712,0.9258587224150207
2849,1416.9283863596631,2076.1160443732256,0.6824899745849372,0.9252941684629311
2850,1418.7666928987774,2080.06900001657,0.6820767449961878,0.9247339273708349
2851,1420.5950687133018,2084.0124659135295,0.6816634218598986,0.9241735594505123
2852,1422.4931495866128,2087.8943961779682,0.681305123568789,0.9236877921401052
2853,1424.381630904737,2091.751824264097,0.6809515423302432,0.9232084200316676
2854,1426.3299510479417,2095.6012493801586,0.6806304164352949,0.9227730496540751
2855,1428.2588664071427,2099.470771249976,0.6802947132990046,0.9223179160024298
2856,1430.1858740562843,2103.3083701323662,0.6799696584511188,0.9218772188986193
2857,1432.0989943779718,2107.110071994497,0.6796507754444979,0.921444889344434
2858,1433.9965148777937,2110.882169926519,0.6793351781107289,0.921017014381587
2859,1435.9479349409075,2114.6733501881254,0.679040067731105,0.9206169148585356
2860,1437.9452838426887,2118.4227028826676,0.6787810959002604,0.9202658106170082
2861,1439.8670468142893,2122.1461912468562,0.6784956911796461,0.9198788696604077
2862,1441.8301719727929,2125.8919132789465,0.6782236495499594,0.9195100458785178
2863,1443.8048906748877,2129.579161252495,0.6779766241822752,0.9191751382012006
2864,1445.7594864782743,2133.2554274743493,0.6777245086820052,0.91883332951409
2865,1447.6821192053064,2136.859248646357,0.6774812707586492,0.9185035567109551
2866,1449.5808162280064,2140.4073331363866,0.6772453045672868,0.9181836426478148
2867,1451.3860738037245,2143.888877849921,0.6769875476285419,0.9178341855111783
2868,1453.1008550271165,2147.2745106754323,0.6767187184511583,0.9174697170509684
2869,1454.8575866988508,2150.632232020782,0.6764790209304332,0.9171447441921995
2870,1456.5969624793865,2153.971097626139,0.6762379328509475,0.9168178860663058
2871,1458.2494089061997,2157.2213510143065,0.6759850620894994,0.9164750534245736
2872,1459.9665623483133,2160.64676077108,0.6757081207606968,0.9160995868154073
2873,1461.741776758714,2164.0226824896044,0.6754743324025837,0.9157826253764526
2874,1463.5062063760652,2167.376283390385,0.6752432503721645,0.9154693330745203
2875,1465.3493575749421,2170.675128044919,0.6750661757914697,0.9152292620361148
2876,1467.1819287828998,2173.966944064629,0.6748869539109619,0.9149862797696051
2877,1468.9351526734604,2177.200121312594,0.6746900012975685,0.9147192588441369
2878,1470.6793347678283,2180.371095360242,0.6745087283065646,0.9144734957593711
2879,1472.402643603341,2183.5173702709353,0.6743260500925817,0.9142258275262862
2880,1474.113115267005,2186.5559114174266,0.6741712423495344,0.914015945026603
2881,1475.8085187228448,2189.521590937823,0.6740324118433204,0.9138277238620611
2882,1477.4866229348838,2192.451912895488,0.6738969344069322,0.913644048663133
2883,1479.1548060088157,2195.3075430803588,0.6737802230357807,0.9134858157877189
2884,1480.8005785006653,2198.097850972038,0.6736736391629831,0.9133413133926299
2885,1482.41210894777,2200.8938175030125,0.6735500355167593,0.9131737362306047
2886,1483.9974334371375,2203.6170923500868,0.6734370678957213,0.9130205789904047
2887,1485.5543209327911,2206.3052928714164,0.6733221942278907,0.9128648376038471
2888,1487.234547243503,2208.9987032103513,0.6732618471355805,0.9127830212919923
2889,1488.974011916878,2211.6479050485163,0.6732418883304189,0.9127559618966704
2890,1490.7554139661195,2214.220750551889,0.6732641330339589,0.9127861204268045
2891,1492.4723904940522,2216.713919311459,0.6732814629312357,0.9128096156479615
2892,1494.1755712018655,2219.2287360919872,0.673285969536009,0.9128157255327534
2893,1495.8629342132067,2221.708918653478,0.6732938422553624,0.9128263990687449
2894,1497.5324576517212,2224.153900521953,0.6733043326274716,0.912840621519622
2895,1499.1821196410556,2226.5323487144215,0.6733259997352695,0.9128699969672321
2896,1500.8098983048565,2228.903369125786,0.6733400465420355,0.9128890410980914
2897,1502.4137717667707,2231.196603944937,0.6733668243804158,0.9129253454814817
2898,1504.058982142134,2233.4910963363204,0.6734116758330931,0.9129861533895167
2899,1505.7538356824657,2235.70694906703,0.6735023283399567,0.9131090566394999
2900,1507.4195681028175,2237.8514051605034,0.6736012787206048,0.9132432098338183
2901,1508.9870242599102,2240.065846935258,0.673635119398132,0.9132890897481597
2902,1510.6082588420136,2242.2135197294297,0.673712938375423,0.9133945937827455
2903,1512.2045162791635,2244.3538083174194,0.6737816963952112,0.9134878133128694
2904,1513.7073081243782,2246.3589789175944,0.6738492477519138,0.9135793968946893
2905,1515.033472511641,2248.2595975943286,0.6738694562375046,0.9136067947973208
2906,1516.499207372188,2250.209409742842,0.673936923739687,0.9136982646923447
2907,1517.9584234244924,2252.1333593039994,0.674009119910023,0.9137961455373166
2908,1519.4091685120734,2254.03132426802,0.6740852055396747,0.9138992995645436
2909,1520.849490478453,2255.823712426448,0.6741880946195794,0.9140387926987721
2910,1522.277437167151,2257.559105459167,0.6743023620006324,0.914193712104582
2911,1523.7102747050283,2259.225149004457,0.6744393206566692,0.9143793954852477
2912,1525.135801242591,2260.890967703153,0.6745729108697276,0.914560512057959
2913,1526.542481626643,2262.4866133484065,0.6747189011507165,0.9147584401751206
2914,1527.9283898456572,2264.0915387089235,0.6748527450073611,0.9149399006282404
2915,1529.2723816047683,2265.7905301237925,0.6749398769537693,0.9150580308351307
2916,1530.6751846923132,2267.4273662707583,0.6750713197970338,0.9152362360848603
2917,1532.0580522533119,2268.999572094285,0.6752130194714947,0.9154283471595049
2918,1533.4909804270258,2270.5046725388365,0.675396531429422,0.9156771457511863
2919,1534.9151596280185,2271.9915281637923,0.6755813745786835,0.9159277491218746
2920,1536.3095675712038,2273.440463149138,0.6757641523821254,0.9161755523745921
2921,1537.682658662834,2274.7818081675223,0.6759692965460862,0.9164536790953877
2922,1539.032620186178,2276.054191515279,0.6761845240431511,0.9167454764189281
2923,1540.4295092853888,2277.2558309781225,0.6764411307374922,0.9170933740975816
2924,1541.8043102569352,2278.4876155715983,0.6766788196345525,0.9174156237401379
2925,1543.155271388977,2279.7024364481695,0.6769108313071112,0.9177301764158229
2926,1544.480640969673,2280.8499384286497,0.6771513614059657,0.9180562780526201
2927,1545.8402700250817,2281.927812042205,0.6774273322176815,0.9184304288713218
2928,1547.0512014041672,2283.006933641509,0.6776375396006984,0.9187154201135619
2929,1548.2464109516068,2284.0909765924375,0.6778392046631112,0.9189888299996878
2930,1549.506222934536,2285.192626426112,0.678063724263744,0.9192932252068078
2931,1550.9064254707705,2286.3971662357244,0.6783189064322319,0.9196391915670334
2932,1552.2817990167841,2287.5488714531243,0.6785786386415976,0.9199913267010832
2933,1553.5058211737603,2288.607985191512,0.678799441068874,0.9202906823047542
2934,1554.78211754946,2289.686090623649,0.6790372374258427,0.9206130776374015
2935,1556.052035428163,2290.7139716013658,0.6792869187157295,0.9209515861138772
2936,1557.3043185361703,2291.689675968182,0.6795441524508539,0.9213003339107767
2937,1558.5270526184693,2292.7755255353527,0.6797556216300592,0.9215870358487024
2938,1559.7384580926994,2293.8159613194266,0.6799754140674484,0.9218850221461746
2939,1560.9272786851616,2294.8502390956073,0.6801869908950214,0.9221718700296974
2940,1562.2061215792685,2295.8381444404195,0.6804513311891313,0.9225302526312562
2941,1563.4895851580418,2296.7778994970713,0.680731726607262,0.9229104021644678
2942,1564.7569173009085,2297.708794900702,0.6810074978924957,0.9232842824726899
2943,1566.0168512936177,2298.590651087774,0.6812943620703075,0.9236732021063176
2944,1567.2582528722498,2299.503862045298,0.6815636532474658,0.9240382969283986
2945,1568.4699877728858,2300.5245461889945,0.6817879819501094,0.9243424333232243
2946,1569.7326591421581,2301.5487503148415,0.6820332000038781,0.9246748907124952
2947,1570.8526113143246,2302.4980935972017,0.6822383982347519,0.9249530907351722
2948,1571.9617307610274,2303.3710334838543,0.6824613611570132,0.925255375456464
2949,1573.058431355128,2304.1756017043163,0.6826990226750049,0.9255775879795117
2950,1574.1411269694868,2304.9820645623604,0.6829298809612924,0.9258905769375885
2951,1575.179404051954,2305.7504167941365,0.6831526051471121,0.9261925379890162
2952,1576.2120608410576,2306.5201581944075,0.6833723326636562,0.9264904362692551
2953,1577.2374937796894,2307.2513183592605,0.6836002134788244,0.9267993884842791
2954,1578.2348897423856,2307.9423634514596,0.6838276876993504,0.9271077894536215
2955,1579.2026451720387,2308.592417615087,0.6840543324678545,0.9274150658831939
2956,1580.1487569382261,2309.272474855104,0.6842625866561601,0.9276974090577063
2957,1581.0818798918388,2309.9137983474775,0.6844765726855053,0.9279875232461323
2958,1581.9908013340992,2310.5457166288124,0.6846827526279347,0.9282670542363127
2959,1582.8066537162094,2311.1379555867097,0.6848603087020806,0.9285077780653804
2960,1583.5900331953842,2311.750671271677,0.6850176590731832,0.9287211077642896
2961,1584.421403478508,2312.489088403942,0.6851584344434942,0.9289119657022267
2962,1585.2467612939754,2313.199521721676,0.6853048111103286,0.9291104176667456
2963,1586.1416367960674,2313.9333678446837,0.6854742054536691,0.9293400761289946
2964,1587.1001508563875,2314.6413696818026,0.6856786419032027,0.9296172433572601
2965,1588.0542246322152,2315.3564071257324,0.6858789513980765,0.9298888154160398
2966,1589.0126524141908,2316.0620245431514,0.6860838075904411,0.9301665517158055
2967,1589.973970084954,2316.747436269512,0.6862957719056214,0.9304539249404128
2968,1590.9264551191477,2317.4114657819346,0.6865101336599894,0.9307445485226549
2969,1591.8686521143954,2318.0529365575426,0.6867266174164351,0.9310380490352859
2970,1592.8663696600117,2318.670672073456,0.6869739583308747,0.9313733845189938
2971,1593.8463434976284,2319.284030052765,0.6872148140740517,0.9316999276520823
2972,1594.8578568633643,2319.9239687341355,0.6874612609539946,0.9320340510375368
2973,1595.8508552449916,2320.5413268912303,0.6877062850601813,0.9323662454799904
2974,1596.8239878199472,2321.16381643107,0.6879410994244951,0.9326845979394577
2975,1597.8169722576,2321.7717876785937,0.6881886414233526,0.9330202060458357
2976,1598.8523167478559,2322.3565247780207,0.6884611814289281,0.9333897055069601
2977,1599.8564903538288,2322.958015563232,0.6887151983097388,0.9337340920141
2978,1600.8526941066755,2323.6189146533,0.6889480387731882,0.934049768333218
2979,1601.8396469037064,2324.27163995961,0.6891791903168177,0.9343631548785393
2980,1602.836601888198,2324.9056149772364,0.6894200743301536,0.9346897363392431
2981,1603.8230771040899,2325.4814357762434,0.6896735671290084,0.935033412315832
2982,1604.7305448869715,2326.039168625373,0.6898983329826404,0.9353381413834814
2983,1605.562944409739,2326.5599089807174,0.6901016983109399,0.9356138564259735
2984,1606.3818086904173,2327.0644873977108,0.6903039504877615,0.9358880622996726
2985,1607.1960104545044,2327.5518842231904,0.6905092089884384,0.9361663440338758
2986,1608.076025165398,2328.073073400226,0.6907326249930597,0.9364692430271438
2987,1608.8813855779306,2328.6002253695065,0.6909221119407177,0.9367261422845644
2988,1609.6106972946168,2329.1747659373227,0.6910648015057239,0.9369195954154782
2989,1610.406244634847,2329.738133895289,0.6912391659839772,0.9371559921992009
2990,1611.2000271907602,2330.320224253989,0.6914071338442584,0.9373837166895158
2991,1611.924044554495,2330.891329375001,0.6915483464373742,0.9375751673976424
2992,1612.730848168425,2331.4916375368452,0.6917163339570153,0.937802918541376
2993,1613.5421792166892,2332.0818668193665,0.6918891665743,0.9380372384857693
2994,1614.3566520167874,2332.6611718690897,0.692066499620797,0.9382776599423618
2995,1615.2401448779083,2333.2287073325397,0.6922768178712019,0.9385628014944253
2996,1616.2059455365868,2333.7932369979103,0.6925231935351752,0.9388968283279541
2997,1617.2514917874441,2334.382751651721,0.6927961966147747,0.9392669556073758
2998,1618.4948734105053,2335.068977357613,0.6931250807168916,0.9397128442696584
2999,1619.7247598804051,2335.7455076434912,0.6934508723574634,0.9401545402892056
3000,1620.9401664039194,2336.411636595627,0.6937733663943665,0.940591765542063
3001,1622.1401081878246,2337.066658300296,0.6940923582246371,0.9410242426352485
3002,1623.2563364472069,2337.709866843769,0.6943788703081564,0.9414126849127131
3003,1624.3020203948156,2338.3816248042535,0.6946265755619707,0.9417485143540048
3004,1625.318446397191,2339.0139971362696,0.6948733305517286,0.9420830554631265
3005,1626.3250331823122,2339.6370880100253,0.695118504282893,0.942415452761482
3006,1627.3309323551728,2340.250200226778,0.6953662186194788,0.9427512945168527
3007,1628.315160848117,2340.8526365877838,0.6956077180585281,0.9430787103485287
3008,1629.296479407809,2341.443699894301,0.6958512303675548,0.943408855153408
3009,1630.2641720895754,2342.022692947587,0.6960923892832919,0.9437358093164199
3010,1631.217132090412,2342.5991856718824,0.6963278831767209,0.9440550830558342
3011,1632.375262865723,2343.2397535751184,0.6966317724744905,0.9444670847050239
3012,1633.5015142285285,2343.8802012115707,0.696921930303502,0.9448604697467332
3013,1634.5949798204633,2344.498735020045,0.6972044622606666,0.9452435159189905
3014,1635.6444861601788,2345.1050207896083,0.6974717429113044,0.9456058849450389
3015,1636.6587273159948,2345.6888567596607,0.6977305291789119,0.9459567376069277
3016,1637.647055337545,2346.2701845572356,0.6979788884145861,0.9462934536921611
3017,1638.5220815914352,2346.800383285022,0.6981940574331476,0.9465851717327519
3018,1639.3119180024655,2347.3129428846214,0.6983780850234265,0.9468346693993293
3019,1640.144663510109,2347.8227929956065,0.6985811145556837,0.9471099291822113
3020,1640.9636611300468,2348.3120966596475,0.6987843155363517,0.9473854214083826
3021,1641.701328773663,2348.7815685054547,0.6989587072663757,0.9476218551390282
3022,1642.5003690795938,2349.2633737970195,0.6991554831184751,0.9478886364182003
3023,1643.2060597028808,2349.710190169685,0.6993228639759255,0.9481155650722151
3024,1643.9200173602583,2350.1425910868497,0.6994979894390191,0.9483529935704849
3025,1644.6315871119427,2350.570216192629,0.6996734561607181,0.9485908847343018
3026,1645.1853189117871,2350.9924380081516,0.6997833307816377,0.9487398486015891
3027,1645.7436435083487,2351.408629054551,0.6998969142041744,0.948893840722237
3028,1646.3875126476305,2351.798943569618,0.70005453363658,0.9491075352043136
3029,1647.1062016699746,2352.1832708904835,0.7002456917595614,0.9493667001782117
3030,1647.7697893326945,2352.5609661083104,0.7004153401637423,0.9495967030865666
3031,1648.5066935436876,2352.9313843142613,0.7006182604955684,0.9498718148196224
3032,1649.2439986439583,2353.2938805994995,0.7008236464813374,0.9501502693933056
3033,1649.913394843702,2353.6478100551876,0.7010026681965708,0.9503929802832851
3034,1650.5753780778152,2354.033596264422,0.7011689980538454,0.9506184840308984
3035,1651.2384419699792,2354.412192611623,0.7013378741206522,0.9508474398333692
3036,1651.91173812519,2354.813790416842,0.7015041889289996,0.9510729231782146
3037,1652.5845505987725,2355.20897835112,0.7016721512991793,0.951300640225257
3038,1653.2557725877234,2355.5491268021624,0.7018557812174115,0.951549598743071
3039,1653.9146881473698,2355.8849439060164,0.7020354251278537,0.9517931531818495
3040,1654.5704488827053,2356.215802183814,0.7022151567565237,0.9520368265456932
3041,1655.2219392757424,2356.541074156686,0.7023946908576935,0.9522802321092015
3042,1655.9399136693758,2356.8601323457647,0.7026042364343579,0.9525643260993479
3043,1656.6560535588173,2357.2031506411313,0.7028058031859606,0.9528376026993852
3044,1657.3693044309694,2357.5407002838606,0.7030077165715158,0.9531113492526624
3045,1658.0786117727337,2357.8721799400373,0.7032097099576026,0.9533852042676431
3046,1658.7829210710117,2358.196988275745,0.7034115170691795,0.9536588067386684
3047,1659.4811778127057,2358.5145239570697,0.7036128719820052,0.9539317961356808
3048,1660.172327484717,2358.8241856500945,0.7038135091137248,0.9542038123921396
3049,1660.7834457130652,2359.125372020905,0.7039826985923953,0.9544331931065952
3050,1661.3806809714517,2359.417481735585,0.7041486696747461,0.9546582104406977
3051,1661.9629177418876,2359.6903043185503,0.7043140003161737,0.9548823594891497
3052,1662.600910367268,2359.9534968438825,0.7045057932670161,0.9551423851387201
3053,1663.2263403428049,2360.206449262683,0.7046952781873759,0.955399281647606
3054,1663.8381531554005,2360.448551526051,0.7048821937168317,0.9556526946732051
3055,1664.5174312758224,2360.7407963229875,0.7050826731458278,0.955924497122259
3056,1665.3505907452193,2361.0660395364116,0.7053384203824329,0.9562712295805271
3057,1666.1830399433973,2361.416123069536,0.7055863740684444,0.9566073958368224
3058,1667.0139335168808,2361.7617227432465,0.7058349356177225,0.95694438621121
3059,1667.8424261121943,2362.10234180344,0.7060838967878141,0.9572819183764255
3060,1668.6676723758626,2362.478551987945,0.7063207710274176,0.9576030635371255
3061,1669.4888269544103,2362.851454835915,0.7065568271494858,0.957923099524925
3062,1670.217246256706,2363.2205884531822,0.7067546950197852,0.9581913613211889
3063,1671.010358630328,2363.585490945581,0.7069811373574729,0.958498363302695
3064,1671.7954314309493,2363.9457004189426,0.70720551285703,0.9588025631430112
3065,1672.5043378834364,2364.300754979102,0.7073991472367566,0.9590650853324161
3066,1673.2285583063046,2364.650192731891,0.7076008804385634,0.9593385875993625
3067,1673.9479680578493,2364.993551783143,0.7078023391631391,0.9596117177404304
3068,1674.6616607797046,2365.31271629503,0.7080085644670507,0.9598913102299979
3069,1675.3687301135049,2365.6287730435215,0.7082128646744703,0.9601682927463433
3070,1676.0586605592155,2365.919415154848,0.7084174760235942,0.9604456970968772
3071,1676.6741981560936,2366.277155673163,0.7085705045735059,0.9606531674336067
3072,1677.2868946680953,2366.6342425676567,0.7087224821222646,0.96085921286261
3073,1677.8285100252922,2366.99018779921,0.7088447255395303,0.9610249458775127
3074,1678.369877005437,2367.344503328702,0.7089673153381335,0.9611911485031698
3075,1678.9099585253996,2367.7069682399965,0.7090868849253736,0.9613532564401635
3076,1679.4477175020513,2368.067494067288,0.7092060178645948,0.9615147723862405
3077,1679.982116852262,2368.4256014864413,0.7093244203228899,0.9616752979738269
3078,1680.5121194929022,2368.7808111733207,0.7094417987371738,0.9618344352011634
3079,1681.1906951855908,2369.1326438037904,0.7096228653902359,0.9620799185407294
3080,1681.872800446914,2369.480620053715,0.7098065230889234,0.962328914722237
3081,1682.5575289185063,2369.82426059896,0.7099925327345789,0.9625810995847436
3082,1683.0899673972535,2370.163086115388,0.710115678223551,0.9627480555944459
3083,1683.6132159250747,2370.496617278864,0.7102364979781007,0.9629118584611296
3084,1684.2597100176226,2370.8243747652537,0.7104109979400685,0.9631484389285627
3085,1684.9036070448544,2371.14587925042,0.7105862282827978,0.9633860096186874
3086,1685.543983218436,2371.451042268559,0.7107648242259407,0.9636281432629239
3087,1686.103041616674,2371.7015971951832,0.7109254569000965,0.9638459229845255
3088,1686.6619257152267,2371.948348031168,0.7110871225822594,0.9640651032194247
3089,1687.2196420058854,2372.190763162472,0.7112495623061016,0.9642853328708411
3090,1687.775196980442,2372.4283109750545,0.7114125173657095,0.9645062611950533
3091,1688.3481313766547,2372.6412415715345,0.711590147635791,0.9647470856161723
3092,1688.9182508329443,2372.8495401538676,0.7117679491483587,0.9649881422013958
3093,1689.474970129401,2373.0526576780458,0.7119416270275675,0.965223608120028
3094,1690.0275715957844,2373.2500451000574,0.7121152594456317,0.9654590124041549
3095,1690.5750704388702,2373.4411533758935,0.7122885975218975,0.9656940176307722
3096,1691.1267489884178,2373.6665019534776,0.7124533912395259,0.9659174387381864
3097,1691.672022024518,2373.928208573989,0.7126045412471423,0.9661223622181183
3098,1692.352995209383,2374.2592272074976,0.712792005108834,0.9663765186518833
3099,1693.0336285098606,2374.591875543066,0.7129787842479945,0.9666297467646638
3100,1693.7130678574918,2374.9257352614504,0.7131646445656267,0.966881729173868
3101,1694.3904591838166,2375.260388043404,0.7133493522280954,0.9671321488566724
3102,1695.0957497893248,2375.595415569682,0.7135456394130273,0.9673982676193282
3103,1695.789017202517,2375.930399521038,0.7137368239172199,0.9676574683598775
3104,1696.479033926572,2376.264921578228,0.7139267253079815,0.9679149295036278
3105,1697.1752304459815,2376.5985634220046,0.7141194379930371,0.9681762020941581
3106,1697.8575605538992,2376.9309067331237,0.7143066530644135,0.9684300212273964
3107,1698.4681907431275,2377.261533192339,0.7144641710760009,0.9686435782069525
3108,1699.145357222858,2377.5900244804047,0.714650271799566,0.9688958865494541
3109,1699.7490895020264,2377.926229401059,0.7148031206713049,0.9691031132852932
3110,1700.4222296590187,2378.2505200667015,0.7149886924491571,0.9693547045031456
3111,1701.106944186636,2378.5727452810675,0.7151797007518567,0.9696136663563559
3112,1701.792796019702,2378.892486724914,0.7153718823008293,0.9698742188526159
3113,1702.550827095593,2379.209326078994,0.7155952225109365,0.9701770150865404
3114,1703.3033973623324,2379.5639135159954,0.7158048530184532,0.9704612242227333
3115,1704.0702654322859,2379.94823037888,0.7160114844855274,0.9707413673729987
3116,1704.8410552451664,2380.3330919282826,0.716219532899109,0.9710234315659007
3117,1705.6149998823576,2380.7181408498463,0.7164287828182395,0.9713071247147129
3118,1706.3810653022585,2381.1030198292174,0.7166347071470462,0.9715863091535838
3119,1707.1480850129385,2381.487371552039,0.7168411243349878,0.9718661617922822
3120,1707.9152833807964,2381.870838703956,0.7170478162074153,0.9721463868378475
3121,1708.6100149113481,2382.2530639706124,0.7172243959940713,0.9723857870531555
3122,1709.2987069577919,2382.633690037653,0.7173988658452906,0.9726223266975714
3123,1709.9702557586536,2383.0123595907226,0.717566675169212,0.9728498362502688
3124,1710.6334251021278,2383.3579139465155,0.7177408878004194,0.9730860271654933
3125,1711.2873696347388,2383.698797070733,0.7179125868325715,0.9733188102379153
3126,1711.9312440030114,2383.9935570121334,0.71809390548378,0.9735646352270645
3127,1712.5744699764534,2384.280212018151,0.7182773490062484,0.9738133410365315
3128,1713.2887387587696,2384.5583437695404,0.7184931093153212,0.974105860726498
3129,1713.996410297984,2384.8275339470556,0.718708747655727,0.9743982150559457
3130,1714.6967176754797,2385.087364231452,0.7189240710383821,0.974690142377553
3131,1715.3888939726396,2385.4195532873487,0.7191141246447237,0.9749478098894461
3132,1716.0721722708472,2385.7468793820167,0.7193018618619607,0.9752023369283501
3133,1716.750391520679,2386.120329530999,0.7194735195345797,0.975435063927077
3134,1717.499918514907,2386.5120872474636,0.7196694823766108,0.9757007429578599
3135,1718.2637084524117,2386.90264665359,0.7198717177935169,0.9759749261090976
3136,1719.0314549927807,2387.291720154896,0.7200759925901489,0.9762518741744557
3137,1719.8024609372715,2387.6405835902206,0.7202936961103493,0.9765470283967838
3138,1720.5760290871415,2388.000250120062,0.7205091494444508,0.9768391319016612
3139,1721.4233321045303,2388.3607968633164,0.7207551448530353,0.9771726431992744
3140,1722.2764698038966,2388.7219100805496,0.7210033376157294,0.9775091335867198
3141,1723.1450731143705,2389.0544486073163,0.7212665555273831,0.9778659945044735
3142,1724.0235112846071,2389.38887392818,0.7215332464699622,0.9782275640265758
3143,1724.9830266966214,2389.7248461587537,0.7218333229741327,0.9786343964339979
3144,1725.8839190238618,2390.0620254146506,0.7221084225730247,0.9790073660952093
3145,1726.7974306483438,2390.4000718114835,0.722388461668573,0.9793870325397019
3146,1727.6510642303153,2390.7386454648663,0.7226432163580904,0.979732419340061
3147,1728.4189911708597,2391.067139367428,0.7228651018256744,0.9800332432889359
3148,1729.1663925804212,2391.3948140614666,0.7230785909599183,0.9803226838057233
3149,1729.7782297949725,2391.7213209476113,0.7232356941609009,0.9805356784007054
3150,1730.378524012842,2392.046311426491,0.7233883874852469,0.9807426942512555
3151,1730.966377590648,2392.3598277570645,0.7235393093912215,0.9809473084795839
3152,1731.53128374334,2392.6717797479587,0.7236810741863381,0.9811395078423577
3153,1732.1064273880684,2392.9818100848192,0.7238276614090409,0.9813382452705822
3154,1732.7173756742231,2393.2895614532895,0.7239898604755776,0.9815581486478997
3155,1733.346688175258,2393.5946765390145,0.7241604876401074,0.9817894785226233
3156,1733.9743099693424,2393.8967980276384,0.7243312708375672,0.9820210199409087
3157,1734.5994044179843,2394.205835727789,0.7244988624341491,0.9822482343070903
3158,1735.2211348826934,2394.5118318984246,0.724665926376722,0.9824747332998662
3159,1735.8386647249786,2394.8144379401747,0.7248322196595768,0.9827001874612605
3160,1736.451157306348,2395.1133052536675,0.7249974994909227,0.98292426762332
3161,1737.0577759883113,2395.408085239532,0.7251615232878418,0.9831466449012729
3162,1737.4215403037622,2395.6162923145307,0.725250344087929,0.9832670647922888
3163,1737.7624234279797,2395.7348762341644,0.7253567331956005,0.9834113031321651
3164,1738.0793882778335,2395.8428540179266,0.7254563400779827,0.9835463463867756
3165,1738.3617886285244,2395.939737626697,0.7255448713207046,0.9836663737068357
3166,1738.6284549465915,2396.0634755880355,0.7256186961073317,0.9837664625683544
3167,1738.8680830259223,2396.1725462308273,0.7256856714100814,0.9838572651579501
3168,1739.161772767253,2396.307564867821,0.7257673423332803,0.9839679915155275
3169,1739.5651562727508,2396.4810122280082,0.7258831375657249,0.9841249823246334
3170,1739.972994878214,2396.665002104682,0.7259975813683681,0.9842801409161819
3171,1740.3658916431248,2396.850226023131,0.7261053998066248,0.9844263170885607
3172,1740.8251469128577,2397.026726242313,0.7262435282237564,0.9846135863872028
3173,1741.262853512454,2397.1941541628566,0.7263753962058757,0.9847923680241583
3174,1741.7905161798144,2397.424031046274,0.7265258434152214,0.9849963386766998
3175,1742.3106970331683,2397.659072429377,0.7266715760668213,0.9851939175096519
3176,1742.822707588757,2397.889390290998,0.7268153045947024,0.9853887792272487
3177,1743.4798662075716,2398.114705751642,0.7270210478364554,0.9856677181551214
3178,1744.1374780055687,2398.296303365131,0.7272401977846984,0.9859648333900397
3179,1744.7949852237543,2398.4749378839633,0.7274601696539247,0.9862630629544297
3180,1745.3799602422519,2398.6502955687065,0.7276508640991505,0.9865215992915136
3181,1746.0309181497494,2398.822062679924,0.7278701264732879,0.9868188669492196
3182,1746.6081673346803,2399.0617953390665,0.7280380066607776,0.9870464725760703
3183,1747.1687438831807,2399.301976819899,0.7281987681262724,0.9872644269081121
3184,1747.7941573002474,2399.513526962868,0.7283952091374454,0.9875307542225842
3185,1748.349313128524,2399.726968257427,0.7285617640068845,0.9877565630332042
3186,1748.9054537500242,2399.942021824078,0.7287282100343271,0.9879822242799502
3187,1749.4619516858802,2400.148799641654,0.7288972883460716,0.98821145427848
3188,1750.0181794572234,2400.357281238657,0.7290657074825799,0.9884397905920845
3189,1750.6407735768748,2400.5671790206065,0.729261313274769,0.9887049855481571
3190,1751.2675648329569,2400.7782053930205,0.7294582901906446,0.9889720394220142
3191,1751.8883863248054,2401.000339884401,0.7296493703991529,0.9892310987624081
3192,1752.5026802934262,2401.223694473581,0.7298373259962465,0.989485921872486
3193,1753.1098889798254,2401.43772315808,0.7300251312261171,0.9897405411203537
3194,1753.7094546250087,2401.651747485087,0.7302097218971996,0.9899908021906487
3195,1754.3008194699823,2401.8757469831044,0.7303878319573718,0.9902322770930782
3196,1754.883425755752,2402.0895665079806,0.7305653586876447,0.9904729611388295
3197,1755.4567157233232,2402.3025276069056,0.7307392368570877,0.9907086986034076
3198,1756.020131613703,2402.514342685397,0.7309093229599293,0.9909392949270995
3199,1756.5731156678962,2402.724724148974,0.7310754736125923,0.9911645557158589
3200,1757.115110126909,2402.9333844031553,0.7312375455482484,0.991384286733923
3201,1757.6455572317477,2403.1400358534593,0.7313953956110308,0.9915982938959667
3202,1758.163899223418,2403.3546580283883,0.7315457555755596,0.9918021462652755
3203,1758.669578342926,2403.567362906775,0.7316914039871399,0.9919996108887862
3204,1759.162036831277,2403.7778716091225,0.7318321953158131,0.9921904904624688
3205,1759.5734529377876,2403.985905255934,0.7319400039287914,0.9923366533141057
3206,1759.9750777594577,2404.191184967712,0.732044559835242,0.992478406268903
3207,1760.3662925324015,2404.39343186496,0.7321456918001058,0.992615517172826
3208,1760.746478492736,2404.59236706818,0.7322432286681262,0.9927477539800323
3209,1761.1054077349072,2404.787711697876,0.732333003519673,0.9928694673380365
3210,1761.4527199030297,2404.9791868745506,0.7324191117812411,0.9929862096716273
3211,1761.787787518235,2405.1665137187065,0.7325013787898941,0.993097744179383
3212,1762.1195922433253,2405.3494133508475,0.7325836248416604,0.9932092502745821
3213,1762.4995089106458,2405.4891703247954,0.7326989997101789,0.9933656711701305
3214,1762.798104316629,2405.62653939305,0.7327812839815904,0.993477229082083
3215,1763.0916241157659,2405.7323793911673,0.7328710538293381,0.9935989356561251
3216,1763.5083162737617,2405.8371518037106,0.7330123383254015,0.9937904838475562
3217,1763.9085501839397,2405.940516746292,0.7331471987384737,0.9939733225095426
3218,1764.2918290921964,2406.0421343345247,0.733275533256683,0.9941473136093882
3219,1764.5807831110676,2406.1416646840216,0.7333652914167857,0.9942690043377619
3220,1764.856982750442,2406.2798364023292,0.7334379634702464,0.994367530367127
3221,1765.130128659323,2406.4487092672666,0.7335000001711164,0.9944516373865461
3222,1765.4721909209138,2406.619176974328,0.7335901782102963,0.9945738973711374
3223,1765.7673717960552,2406.790960644016,0.7336604635259083,0.9946691875513397
3224,1766.1280867385058,2406.963781396834,0.7337576495287221,0.9948009486687313
3225,1766.4866098624093,2407.1373603532843,0.7338536798760625,0.9949311429920158
3226,1766.8424792735989,2407.3114186338703,0.733948447881441,0.9950596258796756
3227,1767.2336696445868,2407.485677359095,0.7340578123742625,0.9952078981345261
3228,1767.6186854492107,2407.6598576494607,0.7341646204023576,0.995352704430914
3229,1767.9970996532409,2407.833680625471,0.7342687802232158,0.9954939203878032
3230,1768.368485222447,2408.0068674076288,0.7343702001673306,0.9956314217231337
3231,1768.7324151225996,2408.1791391164365,0.7344687886348643,0.9957650842493008
3232,1769.0884623194686,2408.350216872398,0.734564454092102,0.9958947838683453
3233,1769.4361997788237,2408.519821796015,0.7346571050676961,0.996020396566864
3234,1769.7752004664362,2408.6780658661223,0.7347495813352097,0.9961457724027561
3235,1770.1050373480753,2408.8349286112207,0.734838662593042,0.9962665454125599
3236,1770.358019397822,2408.990122436828,0.7348963380584583,0.9963447396334283
3237,1770.672792429129,2409.153626871448,0.7349771192169854,0.9964542596816198
3238,1771.0591965307492,2409.366889508829,0.7350724392546938,0.9965834909938934
3239,1771.3727372632786,2409.581629336046,0.7351370527137426,0.9966710914848728
3240,1771.7521301600434,2409.797611048523,0.735228602616607,0.99679521139051
3241,1772.1251480458059,2410.014599341684,0.7353171837755161,0.9969153063850542
3242,1772.49143360621,2410.2528931569213,0.7353964551348888,0.997022779504492
3243,1772.8506295268996,2410.445010627938,0.7354868589452118,0.9971453455810847
3244,1773.2126456165038,2410.6420259201204,0.7355769237200137,0.997267452006104
3245,1773.5675241339804,2410.843677583942,0.735662598377753,0.9973836064759766
3246,1773.9149164799583,2411.0497041698727,0.7357438187242678,0.9974937219586785
3247,1774.254474055066,2411.2598442283847,0.7358205206717721,0.9975977115664066
3248,1774.5858482599328,2411.47383630995,0.7358926402350745,0.9976954885504515
3249,1774.8984233722035,2411.6914189650397,0.7359558562985179,0.9977811945051697
3250,1775.201451219193,2411.912330744125,0.736014086661063,0.9978601410346382
3251,1775.4945744865452,2412.1363101976785,0.7360672641012731,0.9979322370025681
3252,1775.7774358599045,2412.36309587617,0.7361153214851939,0.9979973913912762
3253,1776.126551158275,2412.592426330073,0.7361900550521245,0.9980987123428571
3254,1776.4594958033097,2412.8240401098574,0.7362573757025508,0.9981899831418083
3255,1776.708718208837,2413.0576757659956,0.7362893709719733,0.998233361121438
3256,1776.9457396363691,2413.293071848959,0.7363157671832007,0.9982691481091268
3257,1777.180478609517,2413.5299669092183,0.7363407552322151,0.998303025963594
3258,1777.4748559631073,2413.768099497246,0.7363900684300743,0.9983698829374786
3259,1777.689458965071,2414.0072081635135,0.7364060276843459,0.9983915198925409
3260,1777.9534724419225,2414.2470314584925,0.736442231998035,0.9984406043356496
3261,1778.209611930475,2414.4975750556373,0.7364718980467394,0.9984808244456728
3262,1778.4575898362468,2414.7489770787333,0.7364979162296835,0.9985160989168719
3263,1778.697118564757,2415.000984793238,0.7365202456499377,0.9985463723027321
3264,1778.9279105215237,2415.2533454646054,0.7365388454432815,0.9985715892010846
3265,1779.159945235049,2415.505806358292,0.7365579252808248,0.9985974569252584
3266,1779.3833346841661,2415.7581147397536,0.736573468936006,0.9986185304267475
3267,1779.597799989378,2416.0100178744465,0.7365854391427689,0.9986347591816385
3268,1779.8030622711874,2416.261263027826,0.7365937986527623,0.9986460926900212
3269,1779.9988426500972,2416.492379182008,0.7366043683748896,0.9986604227206604
3270,1780.117598254922,2416.723630418446,0.7365830233334135,0.998631483918423
3271,1780.230859062156,2416.9547465726287,0.7365594501041522,0.9985995242232194
3272,1780.338285187413,2417.1854574800414,0.7365335910317147,0.9985644654680444
3273,1780.439536746306,2417.4154929761726,0.7365053884693767,0.9985262294976437
3274,1780.5342738544475,2417.644582896509,0.7364747847763635,0.9984847381648285
3275,1780.6221566274507,2417.8724570765376,0.7364417223150018,0.9984399133266151
3276,1780.6932360392593,2418.0988453517466,0.7364021696061942,0.9983862892556844
3277,1780.7574306134843,2418.3234775576225,0.736360312067083,0.9983295403827513
3278,1780.8240008924247,2418.546083529652,0.7363200614699352,0.998274970141129
3279,1780.8727307270406,2418.7663931033244,0.7362731414678481,0.9982113577718162
3280,1780.9135386409434,2418.984136114125,0.7362237362588979,0.9981443760527645
3281,1780.9460760347624,2419.1990423975412,0.7361717844720045,0.9980739417793777
3282,1780.9699943091255,2419.4108417890607,0.7361172247174718,0.997999971721821
3283,1780.9849448646623,2419.6192641241714,0.736059995583365,0.9979223826201095
3284,1781.0624489628835,2419.8240392383595,0.7360297360809233,0.9978813579278905
3285,1781.145222140602,2420.0248969671125,0.7360028503726619,0.9978449072985835
3286,1781.2233763766512,2420.221567145918,0.7359753340588503,0.997807601718054
3287,1781.2966327915333,2420.4137796102627,0.7359471540764237,0.9977693963606457
3288,1781.3647125057514,2420.642332687567,0.7359057918019452,0.9977133189488233
3289,1781.4273366398088,2420.8685545065764,0.7358628924001621,0.997655157557772
3290,1781.4457897475286,2421.092209762714,0.7358025367906678,0.9975733296986403
3291,1781.499263148089,2421.3130631514045,0.7357575070566957,0.9975122800835495
3292,1781.546409470061,2421.561680737023,0.7357014374822086,0.9974362630690392
3293,1781.6588196948292,2421.809025934936,0.7356727143285058,0.9973973213004993
3294,1781.6587055285347,2422.054889585521,0.7355979887943104,0.9972960112393979
3295,1781.764392142929,2422.299062529155,0.7355674696428958,0.9972546345248937
3296,1781.8288926131024,2422.5317264645455,0.7355234497644793,0.9971949540338799
3297,1781.9314592631235,2422.7629306400686,0.7354955933688303,0.997157187383221
3298,1782.030805726452,2422.9924571811175,0.7354669225011319,0.9971183165020739
3299,1782.1267141284816,2423.220088213085,0.7354374135461405,0.9970783093737823
3300,1782.218966594604,2423.445605861364,0.7354070428831229,0.9970371339742468
3301,1782.3073452502135,2423.6687922513474,0.7353757868849016,0.9969947582706311
3302,1782.3916322207015,2423.899696631411,0.7353405071578504,0.9969469273472168
3303,1782.4818767544457,2424.1285007002634,0.7353083288445873,0.9969033012036512
3304,1782.6195961650687,2424.35499529828,0.7352964395157585,0.9968871821000133
3305,1782.7771134054865,2424.5789712658393,0.7352934816863165,0.9968831719864059
3306,1782.9350620376263,2424.8002194433184,0.73529152947988,0.9968805252585438
3307,1783.0932939067548,2425.018530671094,0.7352905849396976,0.9968792446865863
3308,1783.1843968664505,2425.2336957895436,0.7352629150593788,0.996841730906378
3309,1783.222376767954,2425.4455056390448,0.7352143647927968,0.9967759082859461
3310,1783.249356616296,2425.653751059974,0.7351623684283228,0.9967054135759567
3311,1783.285591777946,2425.8582228927094,0.7351153397792023,0.9966416539070936
3312,1783.3308033734068,2426.0587119776274,0.7350732257916817,0.9965845573510785
3313,1783.4615856565408,2426.255009155105,0.7350676573265873,0.9965770078361099
3314,1783.6628564755488,2426.4879737574533,0.7350800316201526,0.9965937844366479
3315,1783.7953338231262,2426.718994918307,0.7350646438909898,0.996572922333774
3316,1783.9409455235152,2426.94789833798,0.7350553123720505,0.9965602710123201
3317,1784.1564880007845,2427.133441224853,0.7350879262330174,0.9966044876550366
3318,1784.369293972989,2427.313850985984,0.7351209623132053,0.9966492767266495
3319,1784.57922400038,2427.48891846175,0.7351544266291569,0.9966946463841604
3320,1784.7861386432096,2427.6584344925272,0.7351883252127672,0.9967406048053854
3321,1784.9898984617287,2427.8221899186947,0.7352226641117842,0.9967871601896329
3322,1785.2006311391722,2427.9799755806284,0.7352616780590451,0.996840053827977
3323,1785.388720544453,2428.1315823187056,0.7352932326836771,0.9968828343980181
3324,1785.5937710521446,2428.276800973303,0.7353337026225519,0.996937702014882
3325,1785.7855085498459,2428.4154223848,0.7353706833224333,0.9969878390531098
3326,1785.9734027394788,2428.5472373935713,0.7354081383470505,0.9970386191629261
3327,1786.1573141812946,2428.6720368399956,0.7354460738574268,0.9970900506972137
3328,1786.3274942938747,2428.78961156445,0.7354805396846424,0.997136778165926
3329,1786.4940620454695,2428.9408208992436,0.7355033299593,0.9971676763608059
3330,1786.6568692813466,2429.087053978012,0.7355260760850111,0.9971985147002093
3331,1786.8157678467733,2429.22813650107,0.7355487699975379,0.9972292822509465
3332,1786.980218728686,2429.363894168731,0.7355753590551106,0.9972653306924374
3333,1787.1302062226832,2429.4941526813095,0.7355976569238984,0.9972955613020095
3334,1787.2861164199994,2429.6187377391207,0.7356241078726438,0.9973314225007608
3335,1787.4382007392155,2429.7682764114275,0.7356414264240532,0.9973549023396185
3336,1787.6581896014654,2429.9137931184882,0.7356879057455085,0.9974179172507502
3337,1787.8787405802018,2430.0551397055697,0.7357358733830315,0.9974829499646769
3338,1788.099775240566,2430.2024351409223,0.7357822333582174,0.9975458030706373
3339,1788.3212151476987,2430.3459308431275,0.7358299048923049,0.9976104343386933
3340,1788.47111200586,2430.4854873724375,0.7358493277568796,0.9976367671259797
3341,1788.6165903669898,2430.6209652891034,0.7358681653411345,0.9976623064122815
3342,1788.6902467996504,2430.752225153376,0.7358587305980095,0.9976495151433697
3343,1788.7637507200861,2430.8791275255076,0.7358505531868805,0.9976384285177597
3344,1788.8369016836582,2431.0015329657494,0.7358435926205815,0.9976289916444787
3345,1788.9094992457287,2431.119302034353,0.7358378084320152,0.9976211496597625
3346,1788.9813429616586,2431.1938587248897,0.7358447935122466,0.9976306197681085
3347,1789.0522323868095,2431.2660972296076,0.7358520872830039,0.9976405083874276
3348,1789.121967076543,2431.374279815501,0.7358480271545467,0.997635003818387
3349,1789.1903465862204,2431.4387619842064,0.7358566354046807,0.9976466745592715
3350,1789.2571704712036,2431.500437927974,0.735865452689754,0.9976586287018433
3351,1789.3222382868537,2431.5591333471166,0.7358744493389293,0.9976708260195001
3352,1789.3853495885326,2431.61467394195,0.7358835956881754,0.9976832262948673
3353,1789.4463039316013,2431.6380579877764,0.7359015861975774,0.9977076171490296
3354,1789.5721648631115,2431.6598864089083,0.7359467394537498,0.9977688342308612
3355,1789.6909230824303,2431.6799587607074,0.7359895024979096,0.9978268107533894
3356,1789.874309010694,2431.698074598536,0.7360594342314456,0.9979216215603477
3357,1790.0549802213536,2431.7140334777537,0.7361289014980428,0.998015802660547
3358,1790.2328582795508,2431.7276349537233,0.7361979329208962,0.9981093928602357
3359,1790.4078647504266,2431.738678581806,0.7362665571428075,0.9982024309922441
3360,1790.5901883221059,2431.7469639173637,0.7363390249442722,0.9983006801044562
3361,1790.7701501330444,2431.752290515757,0.7364114170334491,0.998398826568804
3362,1790.9476804633687,2431.754457932348,0.736483765711346,0.9984969141777753
3363,1791.1124424702207,2431.753265722498,0.7365518811950946,0.998589262581769
3364,1791.2842339833946,2431.789581933502,0.7366115256399588,0.9986701262707156
3365,1791.4629852830167,2431.824804413978,0.7366743615869663,0.9987553168779055
3366,1791.6281011182302,2431.8895689481756,0.7367226390518765,0.998820769644119
3367,1791.7172510499483,2431.9549086713355,0.7367395031303553,0.9988436333257174
3368,1791.787959203426,2432.020684143709,0.7367486513932744,0.9988560361955701
3369,1791.8503532618984,2432.086755925549,0.7367542908969941,0.9988636820220279
3370,1791.9864307694825,2432.152984577105,0.7367901781396647,0.9989123365922076
3371,1792.1192488729453,2432.2192306586303,0.7368247180529242,0.998959164503984
3372,1792.2583469940819,2432.2853547303757,0.7368618749886596,0.9990095404761364
3373,1792.4606609967084,2432.351217352593,0.73692509873128,0.9990952568419931
3374,1792.6953895118756,2432.4166790855325,0.7370017665665077,0.9991992002015831
3375,1792.9241308328405,2432.481600489446,0.7370761326507389,0.9993000229339791
3376,1793.1469198195405,2432.545842124587,0.7371482538036795,0.9993978020731956
3377,1793.3637913319128,2432.6092645512044,0.7372181868520398,0.9994926146627431
3378,1793.5337117379613,2432.671728329551,0.7372691065758928,0.9995616497039825
3379,1793.6951176043656,2432.7330940198776,0.7373168565074445,0.9996263872603637
3380,1793.848008931126,2432.7932221824367,0.7373614792143663,0.9996868850435302
3381,1793.9923857182425,2432.8519733774788,0.7374030172611281,0.999743200760785
3382,1794.060983974026,2432.909208165256,0.7374138656522211,0.9997579086002983
3383,1794.1256125544683,2432.9647871060197,0.73742358379488,0.9997710840916102
3384,1794.18621045468,2433.018570760021,0.737432188975942,0.9997827506715625
3385,1794.242716669771,2433.0806868104946,0.737436586627067,0.999788712841107
3386,1794.2950701948512,2433.1413953910064,0.7374397039126892,0.9997929391393899
3387,1794.4150798859137,2433.2005657767927,0.7374710926524265,0.9998354948089468
3388,1794.4924393153963,2433.2580672430886,0.7374854576557834,0.9998549703387437
3389,1794.5635762461009,2433.3137690651306,0.7374978102127638,0.9998717174696398
3390,1794.700325678973,2433.3675405181534,0.7375377109274727,0.9999258133538467
3391,1794.7635799063942,2433.419250877394,0.7375480321606209,0.9999398064924994
3392,1794.820568060116,2433.4687694180875,0.7375564423164179,0.9999512086645527
3393,1794.8712552802017,2433.5159654154695,0.7375629668300807,0.9999600543541145
3394,1794.9156067067136,2433.612043759692,0.7375520725701805,0.9999452843274024
3395,1794.9535874797155,2433.7088715925634,0.7375383343633616,0.999926658584713
3396,1795.023599305949,2433.8063617642397,0.7375375574270239,0.9999256052437273
3397,1795.0941828351515,2433.904427124879,0.7375368411469053,0.9999246341381559
3398,1795.2223436510137,2434.002980524638,0.7375596324307138,0.9999555337012046
3399,1795.3362816125264,2434.101934813674,0.7375764572283438,0.9999783441273095
3400,1795.4360664395647,2434.201202842144,0.7375873713081873,0.9999931410251534
3401,1795.521767852002,2434.3006974602054,0.7375924304361148,1.0
3402,1795.5934555697133,2434.4003315180157,0.7375916903733075,0.9999989966507563
3403,1795.6511993125725,2434.5000178657306,0.7375852068741319,0.9999902065670894
3404,1795.6225409582578,2434.5996693535094,0.7375432452248186,0.9999333165454707
3405,1795.56448609046,2434.699198831508,0.7374892499871073,0.9998601118385305
3406,1795.5591716930444,2434.7985191498838,0.7374569836357419,0.9998163663362261
3407,1795.539394779212,2434.897543158794,0.7374188699742403,0.9997646932713615
3408,1795.5052163538526,2434.996183708396,0.7373749611464993,0.9997051633386653
3409,1795.4663065635264,2435.094353648846,0.7373292553831129,0.99964319718839
3410,1795.4124680051243,2435.1919658303027,0.7372775917454051,0.9995731535768019
3411,1795.3540375215039,2435.2889331029223,0.7372242419029739,0.9995008238724424
3412,1795.2814844058535,2435.385168316862,0.7371653189653793,0.9994209383758413
3413,1795.1948870930314,2435.480584322279,0.7371008821212098,0.9993335773326547
3414,1795.0943240178972,2435.575093969331,0.7370309905297878,0.9992388209488606
3415,1794.9798736153084,2435.668610108175,0.7369557033194217,0.9991367493883898
3416,1794.9284874534833,2435.761045588967,0.7369066397970371,0.9990702309150974
3417,1794.858176703289,2435.852313261866,0.7368501640806714,0.9989936632687452
3418,1794.7690895194576,2435.9423259770288,0.7367863641022766,0.9989071656641574
3419,1794.6613740567225,2436.030996584611,0.7367153277494793,0.9988108572560637
3420,1794.5351784698162,2436.1387721807378,0.736630933739221,0.9986964390397481
3421,1794.404865924335,2436.2463647621944,0.7365449126486391,0.9985798148892928
3422,1794.2649320362057,2436.353704609107,0.7364550264773977,0.998457950608245
3423,1794.1155336751456,2436.460722001601,0.7363613611637638,0.9983309627084662
3424,1793.9568277108717,2436.5673472198023,0.7362640026173836,0.9981989676630144
3425,1793.7889710131014,2436.673510543837,0.736163036718345,0.9980620819048746
3426,1793.6121204515512,2436.77914225383,0.7360585493162916,0.997920421825755
3427,1793.436700018922,2436.8841726299074,0.7359548394470588,0.9977798158963104
3428,1793.2340478749052,2436.988531952196,0.7358401668137523,0.9976243470647789
3429,1793.0145792972166,2437.0921505008196,0.7357188274266749,0.9974598396999111
3430,1792.8175282735983,2437.1949585559055,0.7356069410778218,0.9973081484077608
3431,1792.612917001115,2437.2968863975784,0.7354922278880305,0.9971526245912766
3432,1792.4009110644674,2437.397864305965,0.7353747770575172,0.9969933891847476
3433,1792.2297217567072,2437.4978225611903,0.7352743888294142,0.996857286611076
3434,1792.0482226225408,2437.59669144338,0.7351701078825352,0.996715906436096
3435,1791.8566228215911,2437.6944012326608,0.735062041376273,0.9965693939424708
3436,1791.73200464684,2437.790882209157,0.7349818303623934,0.9964606468748902
3437,1791.5925099939186,2437.8860646529956,0.7348959149364229,0.9963441659805301
3438,1791.438417742324,2437.9798788443018,0.7348044310322759,0.9962201355534649
3439,1791.270006771553,2438.072255063201,0.7347075145339033,0.9960887398200308
3440,1791.0875559611031,2438.16312358982,0.7346053012745113,0.995950162937766
3441,1790.942021824074,2438.252414704283,0.7345187114441075,0.9958327677113092
3442,1790.743954633288,2438.3400586867174,0.7344110794774775,0.9956868443501294
3443,1790.5320785499066,2438.4259858172477,0.7342983092225385,0.9955339546914431
3444,1790.306681168411,2438.5101263760002,0.7341805399139683,0.9953742875043753
3445,1790.1091185752148,2438.5924106431007,0.7340747517963163,0.995230863964102
3446,1789.860208166125,2438.6727688986743,0.733948494850517,0.9950596895585775
3447,1789.6397425942343,2438.761398545831,0.7338314210079547,0.9949009652580948
3448,1789.3685392553496,2438.8486294380104,0.733693972498686,0.9947146177528913
3449,1789.1525863023207,2438.934400570322,0.7335796263663116,0.9945595915790099
3450,1788.9299716153062,2439.018650937876,0.7334630142854418,0.9944014933176153
3451,1788.6907853856787,2439.0917103941133,0.7333429808166821,0.994238756467552
3452,1788.4353849277934,2439.1733854838126,0.7332137172253769,0.9940635057654416
3453,1788.2313915476957,2439.2437389374304,0.7331089398744034,0.9939214525845115
3454,1788.0073537037476,2439.3225772997453,0.7329934016693341,0.9937648102434276
3455,1787.7636897151958,2439.399572442885,0.7328703792158485,0.9935980210405979
3456,1787.5008179012852,2439.474663361958,0.7327400627468883,0.9934213428866706
3457,1787.2191565812616,2439.5477890520756,0.7326026424248543,0.9932350335966569
3458,1786.91912407437,2439.6188885083475,0.732458308341326,0.9930393508895513
3459,1786.6826177024093,2439.687900725884,0.7323406478225412,0.9928798311955718
3460,1786.4941971277256,2439.754764699795,0.7322433479692574,0.9927479157240068
3461,1786.317282075292,2439.81941942519,0.7321514321318665,0.9926232996981392
3462,1786.1332120207624,2439.88180389718,0.7320572698102848,0.9924956379737288
3463,1785.9425447231308,2439.941857110874,0.7319611078101094,0.9923652651604955
3464,1785.6829192408652,2439.9995180613823,0.7318374065334317,0.9921975556347828
3465,1785.387355777914,2440.054725743815,0.7316997184289237,0.9920108832953899
3466,1785.1441406110525,2440.1074191532825,0.7315842436274784,0.9918543269145483
3467,1784.896167934271,2440.1575372848947,0.7314675961127832,0.9916961806133096
3468,1784.6188553914046,2440.2050191337607,0.7313397199817743,0.9915228109775429
3469,1784.3273644406086,2440.2498036949924,0.7312068468313386,0.9913426665712926
3470,1784.011985717894,2440.291829963698,0.7310650160003335,0.9911503776795515
3471,1783.7405409739442,2440.331036934988,0.7309420377713551,0.9909836484346409
3472,1783.4417791117614,2440.3673636039725,0.730808732205772,0.9908029177762416
3473,1783.116318895229,2440.4007489657624,0.7306653711079668,0.9906085542064847
3474,1782.7750462112142,2440.4311320154666,0.7305164332741825,0.9904066299084056
3475,1782.3987122739327,2440.4584517481953,0.7303540492554303,0.9901864757798495
3476,1781.9975449889382,2440.482647159059,0.7301824280796847,0.9899537982622072
3477,1781.649036253474,2440.5036572431673,0.7300333400303336,0.9897516703075278
3478,1781.271737567432,2440.5214209956303,0.7298734287858649,0.9895348686730884
3479,1780.8766045375544,2440.535877411558,0.729707201201385,0.989309503583073
3480,1780.4547252209134,2440.546965486061,0.7295310233320247,0.9890706482720767
3481,1780.0067968162523,2440.5546242142486,0.7293451984871415,0.9888187139554877
3482,1779.5335165223134,2440.5587925912305,0.7291500298720186,0.9885541117075938
3483,1779.025314414856,2440.559409612118,0.7289416137169958,0.9882715489447147
3484,1778.5027552422914,2440.55641427202,0.7287283935916684,0.9879824731400709
3485,1777.9569270616923,2440.5497455660466,0.7285067351287788,0.9876819569555997
3486,1777.388527071802,2440.5393424893086,0.7282769411366653,0.9873704109274257
3487,1776.807861613032,2440.525144036916,0.7280432516560688,0.987053583542879
3488,1776.2053694761264,2440.507089203978,0.7278017660073557,0.9867261864076206
3489,1775.5817565748123,2440.5523809772944,0.7275327382499361,0.986361448720087
3490,1775.0146019561755,2440.5891494959824,0.7272893933510858,0.9860315308836113
3491,1774.4225442699517,2440.6173947600428,0.7270383912200257,0.9856912316604864
3492,1773.8736231414312,2440.637116769474,0.7268076073059981,0.9853783435335149
3493,1773.3686752091048,2440.648315524277,0.7265973814945831,0.9850933273067476
3494,1772.8413341246646,2440.6509910244517,0.7263805192320935,0.9847993136298971
3495,1772.2924975314913,2440.6451432699982,0.7261573860577527,0.9844967980872568
3496,1771.732672214636,2440.6307722609167,0.7259322845353472,0.9841916139325436
3497,1771.2197614011704,2440.6489464891397,0.7257167254426575,0.9838993670441608
3498,1770.6828625934675,2440.661264247924,0.7254930819492862,0.9835961596302247
3499,1770.1229431547822,2440.626691905275,0.7252739425597841,0.9832990587104491
3500,1769.54097044837,2440.6247345198058,0.7250360718795748,0.982976562613155
3501,1768.9475209791558,2440.6169903847717,0.724795216925977,0.9826500205505483
3502,1768.4005676940865,2440.603494360112,0.7245751191377907,0.9823516202699811
3503,1767.8388869570779,2440.584281305763,0.7243506813094968,0.9820473359267141
3504,1767.2532574432605,2440.590187450611,0.724108974349887,0.9817196387464884
3505,1766.5728550898664,2440.5924463745373,0.7238295184081567,0.9813407629199495
3506,1765.8659286818079,2440.5911190824313,0.7235402582902563,0.9809485949611089
3507,1765.1526812956497,2440.5862665791824,0.7232494525873712,0.9805543315564355
3508,1764.4712357586366,2440.5779498696816,0.7229727023686554,0.9801791240471175
3509,1763.7610438459678,2440.5662299588184,0.7226851794453163,0.9797893113111474
3510,1763.023160070741,2440.551167851483,0.7223872964822131,0.9793854528239785
3511,1762.2586389460548,2440.5328245525648,0.7220794660973833,0.9789681079975845
3512,1761.4685349850072,2440.511261066955,0.7217621008701757,0.978537836191487
3513,1760.7211666923859,2440.486538399542,0.7214631750630582,0.9781325638557329
3514,1760.0226528586556,2440.458717555217,0.7211851772775723,0.9777556649424378
3515,1759.3016508794826,2440.437468680539,0.7208960169877562,0.9773636323267492
3516,1758.5388204617475,2440.4125943724007,0.7205907822787604,0.976949806619759
3517,1757.7449559849822,2440.3841643506744,0.7202738739507738,0.9765201542603941
3518,1756.9885066787385,2440.3522483352344,0.719973318555682,0.9761126725907218
3519,1756.2091160478692,2440.316916045956,0.7196643618294684,0.9756938007131579
3520,1755.4080390501117,2440.2943259351973,0.7193427532055521,0.9752577758698361
3521,1754.5762722352033,2440.2692764558738,0.7190092868699568,0.9748056747882156
3522,1753.7150792758648,2440.2374597912553,0.7186657479743314,0.9743399177095775
3523,1752.892329855193,2440.1989369462312,0.7183399284850264,0.9738981839337681
3524,1751.964950947721,2440.1537689256916,0.7179731758130331,0.9734009544926031
3525,1751.0687342095478,2440.102016734527,0.7176211167404059,0.9729236460793117
3526,1750.1331344574023,2440.053350519296,0.7172519953651572,0.972423205239605
3527,1749.1594763688945,2439.997572876891,0.7168693509422387,0.9719044303618691
3528,1748.149084621636,2439.934753527186,0.7164737016407918,0.9713680239602837
3529,1747.1128930349075,2439.864962190054,0.7160695038903615,0.9708200278939584
3530,1746.041967878321,2439.798535708355,0.7156500597584737,0.9702513613586473
3531,1744.9568608278116,2439.7259433752747,0.7152265874640515,0.9696772335924881
3532,1743.8383884599762,2439.647589566086,0.7147911017632403,0.9690868185030143
3533,1742.7597714582619,2439.585878762381,0.7143670516499202,0.9685119073517848
3534,1741.7800765001416,2439.568614378518,0.7139705217694242,0.9679743070943344
3535,1740.767356109083,2439.544591524343,0.7135624256088589,0.9674210257105706
3536,1739.7231354073353,2439.5139409246212,0.7131433463946297,0.9668528539168588
3537,1738.6585486588174,2439.476793304117,0.7127178063062917,0.9662759227136922
3538,1737.5648625777803,2439.4332793875947,0.7122821834315493,0.9656853216489757
3539,1736.4320279158476,2439.3931390414878,0.7118295120720659,0.9650716068916053
3540,1735.4043909576906,2439.3462445825617,0.7114219208575966,0.9645190100947153
3541,1734.407123105263,2439.292735450566,0.7110286920052249,0.9639858852467025
3542,1733.3700626346017,2439.2615785102576,0.7106126206002193,0.963421791327301
3543,1732.3045268242959,2439.2605745440674,0.7101760856968257,0.9628299537685349
3544,1731.2692293949544,2439.248855504703,0.7097550647560882,0.9622591494552524
3545,1730.1940783424893,2439.2266218368018,0.709320758822978,0.9616703338503343
3546,1729.090460665364,2439.194073985002,0.708877772009541,0.9610697490352555
3547,1727.9088273204397,2439.1514123939423,0.7084057260818251,0.960429766968958
3548,1726.7463634549433,2439.0988375082607,0.7079444001617238,0.9598043186846955
3549,1725.4803516321958,2439.036549772597,0.7074434172760021,0.9591251049820475
3550,1724.2368044244333,2439.003186198268,0.7069432357372366,0.958446977715381
3551,1722.945664687504,2438.9579135979166,0.7064269764892493,0.9577470528968982
3552,1721.6087451381381,2438.9009672761194,0.7058953062210281,0.9570262343983856
3553,1720.2374676347372,2438.871019104132,0.7053417151459819,0.9562756964966898
3554,1718.8233864860324,2438.827270754531,0.7047745476268428,0.955506752164108
3555,1717.5021931258043,2438.769992391833,0.7042493545860622,0.9547947152462806
3556,1716.141700415453,2438.6994541805484,0.7037118483270054,0.9540659845314886
3557,1714.7342513697874,2438.615926285191,0.7031588012229084,0.9533161841250908
3558,1713.2914072869567,2438.519678870273,0.7025948661118442,0.9525516221694715
3559,1711.804861915441,2438.420591241978,0.7020137822259594,0.9517638105516907
3560,1710.41044612877,2438.3086751568185,0.7014741257149347,0.9510321646063742
3561,1708.965845105108,2438.1842094942926,0.7009174444040744,0.9502774370795053
3562,1707.473141725699,2438.0474731338963,0.7003445013032875,0.9495006624311427
3563,1706.011292005145,2437.8987449551273,0.699787591890551,0.9487456256523524
3564,1704.577184694057,2437.7671312624925,0.6992370857881226,0.9479992702401868
3565,1703.0909051295623,2437.6605722781724,0.6986579364238144,0.9472140813738019
3566,1701.5546756326519,2437.538339394619,0.6980627332636112,0.9464071273763874
3567,1699.8885815404526,2437.4007724962207,0.6974185783159255,0.9455338063916466
3568,1698.1812577291112,2437.2482114673644,0.6967617207550264,0.9446432636829712
3569,1696.4245983917463,2437.0906053341073,0.6960859783705821,0.9437271176427457
3570,1694.6207648444604,2436.9180355728367,0.6953950605261586,0.9427903972862002
3571,1692.8391823950444,2436.730850782925,0.6947173430545819,0.941871573497328
3572,1691.0718062415074,2436.529399563742,0.6940494157568105,0.9409660228568795
3573,1689.2632561447276,2436.31403051466,0.6933684389560728,0.9400427801924516
3574,1687.4158067156022,2436.0850922350505,0.6926752321149169,0.9391029565004622
3575,1685.53173256503,2435.842933324284,0.6919706149791536,0.9381476631613661
3576,1683.6133083039083,2435.587902381732,0.6912554076399884,0.9371780120238913
3577,1681.6628085431348,2435.3203480067664,0.6905304305938738,0.9361951154861842
3578,1679.6825078936067,2435.0406187987583,0.6897965048000797,0.9352000865738619
3579,1677.6952152121892,2434.7490633570783,0.6890628855603506,0.9342054732759795
3580,1675.6840042564081,2434.446030281099,0.6883225109175747,0.9332017012574162
3581,1673.6306328211635,2434.13186817019,0.6875677750685224,0.9321784588569945
3582,1671.5565938006928,2433.8069256237236,0.68680739470421,0.9311475638356577
3583,1669.464161805894,2433.4715512410717,0.6860421938996848,0.9301101334432758
3584,1667.3042758327483,2433.1260936216045,0.6852518988652319,0.9290386812403489
3585,1665.1272126255817,2432.7709013646936,0.6844570574613119,0.9279610652411582
3586,1662.9352032203706,2432.40632306971,0.6836584773886533,0.9268783804958898
3587,1660.6483416692256,2432.0327073360263,0.6828231942193937,0.9257459350764518
3588,1658.3456624216076,2431.650402763013,0.6819835863482999,0.9246076263893663
3589,1656.0293267936188,2431.2597579500402,0.6811404340398121,0.9234645122877353
3590,1653.7014961013615,2430.8611214964817,0.680294518464022,0.9223176518525084
3591,1651.3643316609375,2430.4548420017068,0.6794466217281719,0.9211681054351886
3592,1649.009727665466,2430.041268065087,0.6785933018242464,0.9200112064911186
3593,1646.649445857734,2429.620748285995,0.6777392920353444,0.9188533722270156
3594,1644.28563883886,2429.1936312638,0.6768853736799122,0.9176956619249624
3595,1641.9204592099613,2428.760265597875,0.676032329113297,0.916539136272834
3596,1639.5560595721563,2428.3209998875905,0.6751809417486622,0.9153848573926515
3597,1637.194592526562,2427.8761827323183,0.674331996075711,0.9142338888659691
3598,1634.8382106742968,2427.4261627314295,0.6734862776772236,0.9130872957562929
3599,1632.4890666164779,2426.971288484295,0.6726445732433894,0.9119461446285129
3600,1630.077443093341,2426.5119085902866,0.6717780519941299,0.9107713477983078
3601,1627.6624285698197,2426.0483716487756,0.6709109544520904,0.9095957696520858
3602,1625.2557150688276,2425.591293382117,0.6700451636279814,0.9084219631047531
3603,1622.859385471608,2425.1211548400115,0.6691869320560482,0.9072584051064344
3604,1620.4036527985218,2424.658180886485,0.668301893261541,0.9060585028867439
3605,1617.9578029176123,2424.1828525712394,0.6674239945231464,0.9048682808858545
3606,1615.523857705232,2423.7051276353163,0.6665513223060328,0.9036851448054074
3607,1613.103839037736,2423.225354678087,0.6656846157224318,0.9025100967058919
3608,1610.6997687914768,2422.743882298922,0.6648246149993771,0.9013441401592036
3609,1608.3136688428078,2422.261059097194,0.6639720614764149,0.9001882802455408
3610,1605.9372939451,2421.7772336722733,0.6631234581018541,0.8990377757941069
3611,1603.5822664013922,2421.292754623531,0.6622835108804187,0.8978990070286265
3612,1601.2505993730535,2420.807970550339,0.6614529606861093,0.8967729783981288
3613,1598.9443060214537,2420.3232300520685,0.660632549474417,0.895660695817887
3614,1596.6653995079616,2419.8388817280907,0.6598230202697328,0.8945631666523484
3615,1594.39535874798,2419.355274177777,0.659016629663801,0.8934698926806307
3616,1592.1040621413333,2418.8727560004986,0.6582008326778662,0.8923638658936524
3617,1589.8415075528505,2418.3916757956267,0.6573962040411873,0.8912729807333977
3618,1587.5993800160277,2417.9123821625326,0.6565992182876828,0.890192457505911
3619,1585.3173622531467,2417.4352237005883,0.6557848362225636,0.8890883490152129
3620,1583.054333569519,2416.960549009164,0.6549773161247892,0.8879935437210521
3621,1580.8217768284348,2416.4887066876313,0.6541813220370165,0.8869143649565656
3622,1578.5496958906328,2416.0200453353623,0.6533677975637483,0.8858114191565563
3623,1576.307167464533,2415.5549135517276,0.6525652381658337,0.88472333939218
3624,1574.0960042668657,2415.0936599360984,0.651774310197359,0.8836510290811767
3625,1571.9180190143622,2414.6366330878463,0.6509956808715304,0.882595392806048
3626,1569.7750244237532,2414.1841816063425,0.650230018233017,0.8815573362765624
3627,1567.6688332117687,2413.7366540909584,0.649477991128312,0.8805377662895706
3628,1565.5191211112747,2413.2943991410652,0.6487062339631962,0.8794914470307632
3629,1563.404504252486,2412.857765356034,0.6479472295051734,0.8784624174112835
3630,1561.3267256322597,2412.427101335237,0.6472016189704105,0.877451546767828
3631,1559.2875282474524,2412.002755678044,0.6464700442720337,0.8764597053820044
3632,1557.2886550949202,2411.5850769838275,0.6457531479845708,0.8754877644321237
3633,1555.3318491715195,2411.1744138519584,0.6450515733064733,0.8745365959423892
3634,1553.418853474107,2410.7711148818084,0.6443659640207136,0.8736070727294756
3635,1551.5514109995397,2410.375528672748,0.643696964453455,0.8727000683464954
3636,1549.7312647446734,2409.988003824149,0.6430452194307907,0.8718164570243471
3637,1547.960157706365,2409.6088889353828,0.6424113742335534,0.8709571136104477
3638,1546.2295657584878,2409.2385326058206,0.6417918129866923,0.8701171358377707
3639,1544.5508323245833,2408.8772834348333,0.6411911652561224,0.8693028002971867
3640,1542.9256916865245,2408.4536201609103,0.6406291899378327,0.8685408953547004
3641,1541.2737411423175,2408.0350943702215,0.6400545177874204,0.8677617765260642
3642,1539.6735183873188,2407.6219936572484,0.6394996899195582,0.8670095618273123
3643,1538.054818122645,2407.2146056164725,0.6389354794267539,0.8662446265195154
3644,1536.4865078970925,2406.8132178423757,0.6383904228656759,0.8655056593899915
3645,1534.9701912677695,2406.4181179294387,0.6378651240327713,0.864793479043192
3646,1533.5074717917842,2406.0295934721426,0.6373601870701759,0.8641089045522407
3647,1532.089685903261,2405.6479320649682,0.6368719485016832,0.8634469691142589
