Pixel,SmoothedIntensityADC,ReferenceIntensityADC,ReferenceCorrectedRatio,ReferenceCorrectedRatioNormalizedMax
21,1358.0740364059834,2295.3742109671243,0.5916569202168467,0.8470491628518949
22,1358.0086330634383,2295.264152045115,0.5916567955167303,0.8470489843242287
23,1357.9440271419548,2295.1260979790954,0.5916642350664967,0.8470596352000762
24,1357.8802447864866,2294.990850138015,0.5916713108920791,0.847069765348024
25,1357.817312141986,2294.8584085218736,0.5916780342960509,0.8470793909494684
26,1357.7552553534051,2294.728773130671,0.5916844165862076,0.8470885281932825
27,1357.6941005656977,2294.601943964408,0.5916904690754315,0.8470971932756217
28,1357.6338739238165,2294.4779210230827,0.5916962030815544,0.8471054023997275
29,1357.6130381393937,2294.385531731707,0.5917109480352779,0.8471265121007739
30,1357.5905857253867,2294.294000866283,0.5917247681477551,0.8471462977473274
31,1357.5665776866852,2294.222572855104,0.5917327262617013,0.8471576910286795
32,1357.541075028179,2294.150757027123,0.5917401334110012,0.8471682955182059
33,1357.5141387547585,2294.0785969572635,0.5917470049000452,0.8471781331265282
34,1357.447393304634,2294.0061362204465,0.591736600818834,0.8471632380615352
35,1357.3531058896815,2293.933418391593,0.5917142559618835,0.8471312479136519
36,1357.2620778788503,2293.8604870456247,0.5916933856892642,0.8471013688632316
37,1357.1743092721408,2293.7873857574637,0.5916739788958117,0.8470735850114995
38,1357.0898000695531,2293.7141581020296,0.5916560244771296,0.8470478804607802
39,1356.9701137044076,2293.640847654245,0.5916227534455578,0.8470002477897556
40,1356.8562838086998,2293.567497989031,0.591592043834931,0.8469562821923222
41,1356.748275522493,2293.494152681309,0.5915638694506056,0.8469159461667619
42,1356.6844905525293,2293.440073589341,0.5915500065494428,0.8468960992615312
43,1356.6238604068753,2293.3847874720495,0.5915378299435977,0.8468786665510617
44,1356.5663850855321,2293.3283553343244,0.5915273240005661,0.8468636256549852
45,1356.5120645884995,2293.270838181056,0.5915184730925364,0.8468509541996521
46,1356.4608989157769,2293.212297017136,0.5915112615958734,0.8468406298173918
47,1356.4128880673643,2293.152792847451,0.5915056738906093,0.8468326301457839
48,1356.4064686099418,2293.0923866768935,0.5915184562518306,0.8468509300895551
49,1356.4006069115133,2293.0311395103536,0.5915316994784269,0.8468698898339924
50,1356.3569012653363,2292.969112352719,0.5915286402936477,0.8468655101338356
51,1356.316420163344,2292.906366208882,0.5915271727409843,0.8468634091033017
52,1356.3079910305462,2292.842962083731,0.5915398539976485,0.84688156430013
53,1356.3392752096252,2292.778960982157,0.5915700110178133,0.8469247387781287
54,1356.3308286468584,2292.7144239090494,0.5915829788929104,0.8469433043139479
55,1356.3621825458117,2292.649411869299,0.591613430088253,0.8469868999495965
56,1356.3538928527623,2292.5839858677946,0.5916266977409562,0.8470058946638157
57,1356.347054204596,2292.5182069094267,0.5916406901880639,0.8470259270342719
58,1356.3801293129447,2292.452135999086,0.5916721697318289,0.8470709949110803
59,1356.4217198324363,2292.3858341416612,0.5917074253515974,0.8471214688296473
60,1356.4616283599612,2292.319362342043,0.5917419931287742,0.8471709579942608
61,1356.5383611820737,2292.2623907467914,0.5917901749197787,0.8472399377430654
62,1356.6109543866517,2292.233549377807,0.5918292901501611,0.8472959372962152
63,1356.679512553507,2292.2021327309667,0.5918673109937024,0.847350370063909
64,1356.744140262451,2292.168236671099,0.5919042584033194,0.8474032660435152
65,1356.804942093295,2292.1319570630285,0.591940153319884,0.8474546552151581
66,1356.8620226258502,2292.0933897715854,0.5919750166728878,0.8475045675426691
67,1356.9154864399281,2292.062239803264,0.5920063874689533,0.847549479730184
68,1356.9270015486607,2292.0283446148937,0.5920201662151134,0.8475692061544027
69,1356.9761427305345,2291.9918087862857,0.5920510437814851,0.8476134122066812
70,1357.0219460734281,2291.9527368972526,0.5920811211449789,0.8476564726437312
71,1357.0645161571529,2291.9016243859337,0.5921128994883231,0.8477019682987413
72,1357.1039575615205,2291.8584433818105,0.5921412648675679,0.8477425777633183
73,1357.1019382996624,2291.8130313417114,0.5921521170098091,0.8477581142975604
74,1357.0995965833856,2291.7654928454467,0.59216337832996,0.8477742366338005
75,1357.0970021325647,2291.715932472829,0.5921750522841708,0.8477909497200562
76,1357.0942246670738,2291.664454803669,0.5921871423289753,0.8478082585048952
77,1357.0913339067874,2291.5727278510985,0.592209584890368,0.8478403885319267
78,1357.0883995715794,2291.481889826925,0.5922317804894718,0.8478721649939225
79,1357.0854913813246,2291.3920104510225,0.5922537414775243,0.8479036055736059
80,1357.0826790558965,2291.303159443265,0.5922754802056124,0.8479347279534839
81,1357.08003231517,2291.2154065235277,0.592297009024688,0.8479655498158708
82,1357.077620879019,2291.128821411684,0.5923183402855771,0.8479960888429002
83,1357.0755144673176,2291.072301252618,0.5923320332253817,0.8480156924219378
84,1357.073782799941,2291.015140542207,0.5923460560277077,0.8480357682506235
85,1357.0724955967623,2290.9670442869497,0.5923579298012746,0.8480527674094537
86,1357.0717225776566,2290.9178499436707,0.5923703124540343,0.8480704951082189
87,1357.0715334624974,2290.8676620921847,0.5923832074276706,0.8480889562742264
88,1357.0719979711598,2290.816585312302,0.5923966181631923,0.8481081558338172
89,1357.0731858235176,2290.764724183833,0.5924105481007106,0.8481280987120464
90,1357.1136033061246,2290.7121832865905,0.5924417799878338,0.8481728120297446
91,1357.1522865068594,2290.6206306337062,0.5924823466430579,0.8482308895239361
92,1357.1797308638636,2290.531204436986,0.5925174598079571,0.8482811594961391
93,1357.2062993649472,2290.4439744163055,0.5925516251541653,0.8483300725180531
94,1357.1936513082578,2290.359010291538,0.592568084396298,0.8483536364903373
95,1357.1829161906187,2290.2763817825585,0.5925847757877596,0.8483775328205944
96,1357.1741550169195,2290.196158609241,0.5926017078995912,0.8484017737796066
97,1357.1674287920503,2290.1184104914605,0.5926188893004888,0.8484263716347987
98,1357.1724076625705,2290.072034574099,0.5926330644507318,0.8484466655732897
99,1357.0974152228198,2290.0359344947055,0.5926096594297601,0.8484131576352546
100,1357.0199825874695,2289.969146341158,0.5925931293684346,0.8483894922742503
101,1356.94010975652,2289.890308850341,0.5925786508253242,0.8483687639815491
102,1356.8475296069885,2289.8091008838005,0.5925592352145357,0.8483409675064252
103,1356.72104119661,2289.7255921614083,0.5925256047454666,0.8482928202445612
104,1356.5791699674749,2289.6302432613697,0.5924883172556069,0.8482394373870449
105,1356.431481486331,2289.5045548865487,0.5924563367175943,0.8481936522588305
106,1356.2779321782573,2289.379363265832,0.5924216641157748,0.8481440130213913
107,1356.0896510433224,2289.245094117486,0.5923741649716632,0.8480760105880872
108,1355.9364642785945,2289.1120407094477,0.5923416766696833,0.848029498516557
109,1355.7490990885076,2288.990496309653,0.592291274810563,0.8479573403939774
110,1355.5582958371212,2288.901688005318,0.5922308952545854,0.8478708976421113
111,1355.394794888495,2288.7860480073755,0.5921893818203349,0.8478114646860729
112,1355.2297339576826,2288.67243860077,0.59214665720632,0.8477502977372926
113,1355.0246416180662,2288.5916960143895,0.5920779333324762,0.847651908792926
114,1354.830783764689,2288.515053828113,0.592013052961306,0.8475590224221132
115,1354.6384902509906,2288.442573046833,0.591947775402301,0.8474655674149649
116,1354.409263505401,2288.3743146754364,0.59186526208563,0.8473474367324323
117,1354.1840761550263,2288.310339718815,0.5917834013376991,0.8472302403038334
118,1353.9628323350398,2288.250709181859,0.5917021360037666,0.8471138963032406
119,1353.759651191477,2288.195484069458,0.5916276212484578,0.8470072168088449
120,1353.5277158287724,2288.144725386501,0.5915393815835412,0.8468808879656523
121,1353.404064145778,2288.0600575711996,0.5915072288716193,0.8468348563436324
122,1353.288621977978,2287.982575260439,0.5914768043300918,0.8467912988670772
123,1353.1402859735022,2287.950741165852,0.5914202004558865,0.8467102615925666
124,1352.9974229791555,2287.8947203753855,0.5913722388227562,0.8466415970340972
125,1352.7830901417046,2287.79401350301,0.5913045851843798,0.8465447402987283
126,1352.6203534972003,2287.6966575420915,0.5912586133471296,0.8464789244434126
127,1352.429603407218,2287.6314712026556,0.5911920781087251,0.8463836688720419
128,1352.2491369986894,2287.53884312071,0.5911371258526573,0.8463049961465002
129,1352.0788148318654,2287.4783933752315,0.591078288978651,0.8462207619844903
130,1351.918497466998,2287.428947168907,0.5910209797511888,0.8461387148867774
131,1351.850182448204,2287.421989996955,0.5909929118282209,0.8460985312772554
132,1351.7969269222501,2287.419804278896,0.5909701946243318,0.8460660080566539
133,1351.7778794526023,2287.422451019623,0.590961183776982,0.8460531076232383
134,1351.8301083534075,2287.4107729406837,0.5909870340496393,0.8460901163204504
135,1351.8920108867662,2287.405347862968,0.5910154980400764,0.8461308669623296
136,1351.9635870526786,2287.406219361397,0.5910465642740635,0.8461753431217265
137,1352.0448368511447,2287.4134310108907,0.5910802212320784,0.8462235283066478
138,1352.2414608405334,2287.4270263863714,0.5911626667176245,0.8463415618783454
139,1352.4406165328558,2287.4470490627605,0.59124455671531,0.8464588001825302
140,1352.64239979294,2287.4927608983194,0.5913209531914518,0.846568173653793
141,1352.8469064856122,2287.4923530370547,0.5914104607560616,0.8466963176931526
142,1353.06384161737,2287.4733543713187,0.5915102088650301,0.8468391226689937
143,1353.2830426450405,2287.4645923261205,0.5916083016913011,0.8469795578494766
144,1353.5046141484365,2287.455808493463,0.5917074371984767,0.847121485790303
145,1353.7286607073686,2287.4470115883278,0.5918076588656731,0.8472649687386089
146,1353.9552869016484,2287.438210325701,0.5919090101711919,0.8474100689403646
147,1354.1339196774838,2287.4294134205666,0.5919893797520706,0.8475251305307488
148,1354.313323729429,2287.4110204462386,0.5920725709650657,0.8476442317276018
149,1354.4935600623724,2287.3932985256993,0.5921559536505543,0.8477636070471934
150,1354.6746896812053,2287.3762476589504,0.5922395544098473,0.8478832945734494
151,1354.784903729934,2287.359867845991,0.5922919794014468,0.8479583491257237
152,1354.8811990772654,2287.344159086822,0.5923381462709904,0.8480244442001867
153,1354.9059121581954,2287.3291213814423,0.5923528448498457,0.8480454875083763
154,1354.9308431137322,2287.314754729853,0.5923674650862637,0.8480664186571474
155,1354.955922224002,2287.301059132053,0.5923819764846164,0.8480871939872525
156,1354.9810797691302,2287.2880345880426,0.592396348548718,0.848107769838645
157,1355.006246029243,2287.265413974839,0.5924132100063088,0.8481319096450913
158,1355.108224417825,2287.2427977191273,0.5924636535173088,0.8482041273988332
159,1355.2048779510108,2287.2201771059235,0.5925117710642904,0.8482730151722989
160,1355.3346431954792,2287.197543420243,0.5925743699290315,0.8483626352108086
161,1355.4468773775648,2287.174887947103,0.5926293107363433,0.8484412915456704
162,1355.5614829068736,2287.1522019715167,0.5926852973485476,0.8485214451133515
163,1355.6682275203598,2287.1294767785016,0.5927378582124978,0.848596694188088
164,1355.7671460779602,2287.106703653073,0.5927870107295239,0.848667063682598
165,1355.8486642979422,2287.064655596907,0.5928335523789885,0.8487336953129732
166,1355.8942480232315,2287.0238407110164,0.5928640637177159,0.8487773770532578
167,1355.8962620560994,2286.895118650167,0.5928983148367613,0.8488264128723664
168,1355.906007151524,2286.7681570161426,0.5929354941345514,0.8488796408360603
169,1355.913848022883,2286.6839197210643,0.5929607657311383,0.8489158210682209
170,1355.8813219585436,2286.6039004783793,0.5929672916568017,0.8489251639486659
171,1355.849436445549,2286.5280295682123,0.5929730223782069,0.8489333683701861
172,1355.848931847959,2286.466504393673,0.5929887576496574,0.8489558958655199
173,1355.86121300381,2286.4507233001336,0.59299822173593,0.8489694451811459
174,1355.9150811931588,2286.4730249449126,0.593015997302582,0.8489948936772884
175,1355.9694766390567,2286.5045819029997,0.5930316026353718,0.8490172351451627
176,1356.0244080564878,2286.545394174395,0.5930450414460758,0.8490364748987557
177,1356.079884160437,2286.5954617590983,0.5930563174988516,0.8490526183270459
178,1356.1359136658875,2286.654784657109,0.5930654346100802,0.8490656708937784
179,1356.1925052878244,2286.7137537267586,0.5930748888345021,0.849079206090627
180,1356.208599249299,2286.722998582086,0.5930795291297786,0.8490858493970687
181,1356.2514333970475,2286.7420870121596,0.593093309953951,0.8491055787962861
182,1356.2998155037906,2286.7504237661246,0.5931123053079206,0.8491327736082256
183,1356.3434871615286,2286.7671486924614,0.5931270649646446,0.8491539043589104
184,1356.3824570852466,2286.7921833563114,0.5931376130097192,0.8491690055306281
185,1356.4866299068708,2286.825449322816,0.5931745382265879,0.8492218697378536
186,1356.6176387795963,2286.895695582127,0.5932136045383875,0.8492777992564222
187,1356.7467521432404,2286.9720684753884,0.5932502503398376,0.8493302634368952
188,1356.8740658626302,2287.064124854364,0.5932820383639368,0.8493757729514161
189,1356.9996758025925,2287.16155402115,0.5933116851395115,0.8494182169347005
190,1357.1359188948784,2287.2643124008255,0.5933445957849801,0.8494653336568084
191,1357.2752645215683,2287.372356418469,0.5933774886773434,0.8495124249625772
192,1357.4178172624745,2287.485642499157,0.593410420613372,0.8495595721654425
193,1357.5226132054752,2287.5835928220035,0.5934308225785145,0.8495887807606672
194,1357.5801129287745,2287.6757555237887,0.5934320498220874,0.8495905377512567
195,1357.6416781922417,2287.74350058261,0.5934413879206724,0.8496039066958574
196,1357.7073351408292,2287.8175335025917,0.5934508828867191,0.8496175002206965
197,1357.7482824944807,2287.8881492772366,0.5934504634430686,0.8496168997216896
198,1357.7953216221454,2287.9655104497156,0.5934509569400201,0.8496176062395472
199,1357.8073840318907,2288.020685015208,0.5934419181279673,0.8496046657702973
200,1357.822871430459,2288.0843436179,0.5934321762297804,0.8495907187235852
201,1357.8443808831667,2288.156355533026,0.5934229003187402,0.8495774388101542
202,1357.87450945533,2288.2365900358236,0.5934152593172508,0.8495664995247444
203,1357.8824209180618,2288.324916401527,0.5933958115761728,0.8495386570500998
204,1357.8558131995487,2288.4212039053723,0.5933592167745431,0.8494862658838241
205,1357.8740954935765,2288.5157126809254,0.5933427015464399,0.8494626217588911
206,1357.8961383033222,2288.6185704114223,0.593325666346933,0.8494382332137929
207,1357.9987537572556,2288.729637657112,0.5933417086115024,0.8494612002176586
208,1358.1024455117472,2288.8583841199174,0.5933536364391314,0.8494782767633096
209,1358.1661537898494,2288.9944119520915,0.593346207705061,0.8494676413718176
210,1358.2468493153153,2289.137590428869,0.5933443472311546,0.8494649778132399
211,1358.33294028755,2289.2877888254866,0.5933430243754715,0.8494630839390019
212,1358.3634819499682,2289.4250001525256,0.5933208040706603,0.8494312721069326
213,1358.396743558981,2289.538151150958,0.5933060092823134,0.84941009105985
214,1358.4224231316678,2289.6558949461073,0.5932867144491341,0.8493824674967115
215,1358.430876666422,2289.7780572382876,0.5932587537784478,0.8493424374355591
216,1358.4323277113049,2289.9044637278134,0.5932266385907937,0.8492964595353812
217,1358.4267326913957,2289.9676761233095,0.5932078198549418,0.8492695175798245
218,1358.4140480317724,2290.0290618581002,0.5931863794468935,0.8492388222916127
219,1358.4352986494468,2290.0979860542952,0.5931778058937781,0.849226547913099
220,1358.4109707708224,2290.1742046923355,0.5931474417917971,0.8491830769651816
221,1358.350629962647,2290.2574737526597,0.5930995294327962,0.8491144829503138
222,1358.2850078739962,2290.3578163386915,0.5930448937648164,0.8490362634699987
223,1358.1755982183163,2290.455120881203,0.5929719320131396,0.8489318073425265
224,1358.104433399662,2290.5587525023034,0.5929140354579472,0.8488489193935614
225,1357.9945705648,2290.668467182433,0.5928376759973302,0.8487395989157958
226,1357.886973625851,2290.784020902032,0.592760802081709,0.8486295419154514
227,1357.7815380030042,2290.90516964154,0.5926834318573988,0.8485187743718087
228,1357.678159116448,2291.072737873331,0.5925949607242507,0.8483921141457401
229,1357.5767323863708,2291.2480798711013,0.5925053442762707,0.8482638142228535
230,1357.4771532329619,2291.4309864752295,0.5924145921239755,0.8481338883621021
231,1357.3793170764095,2291.6212485260917,0.5923227138644481,0.8480023503032075
232,1357.2831193369022,2291.818656864066,0.5922297190799972,0.8478692137647387
233,1357.1884554346286,2292.023002329529,0.5921356173368381,0.8477344924422252
234,1357.0952207897772,2292.203274393908,0.5920483736978401,0.8476095895654867
235,1357.0033108225368,2292.3880651776376,0.5919605547751717,0.8474838630804461
236,1356.912620953096,2292.557263111489,0.591877307837221,0.8473646821046277
237,1356.8230466016435,2292.7304917255715,0.591793519342285,0.8472447258055175
238,1356.7344831883674,2292.90749828534,0.5917092094656883,0.8471240230672393
239,1356.6852627001367,2293.088030056251,0.5916411602684335,0.8470266000276401
240,1356.7015109168328,2293.2718343037595,0.5916008257820553,0.8469688549193632
241,1356.6798899123264,2293.4586582933225,0.5915432070277211,0.8468863646856557
242,1356.6485342703766,2293.6893177823285,0.5914700494756032,0.8467816282393127
243,1356.6176762540292,2293.9251583294895,0.5913957878390252,0.8466753111238595
244,1356.6065080016708,2294.1659620602004,0.5913288447464432,0.8465794716456201
245,1356.6252966362854,2294.392292816513,0.5912787019393886,0.8465076843964773
246,1356.6356404511303,2294.624449539818,0.5912233876542197,0.8464284933698112
247,1356.6471834478125,2294.862196925541,0.5911671669285118,0.8463480046321348
248,1356.6497020782704,2295.105299669105,0.5911056465574213,0.8462599286254999
249,1356.6329727944415,2295.3227210969853,0.5910423664285764,0.8461693332511678
250,1356.6169067209166,2295.5327600616797,0.5909812877967662,0.8460818896632114
251,1356.5919382909474,2295.744755540347,0.5909158389742887,0.8459881894656901
252,1356.5581110794546,2295.958437368472,0.5908461098425992,0.8458883613379259
253,1356.51546866136,2296.173535381542,0.5907721902369002,0.8457825338930229
254,1356.4640546115854,2296.389779415046,0.5906941699405727,0.8456708356698949
255,1356.4039125050517,2296.6171664274534,0.5906094983235851,0.845549615043826
256,1356.3350859166803,2296.876627196516,0.5905128163423272,0.8454111997080308
257,1356.2191818547135,2297.139098992648,0.590394888341524,0.845242367381485
258,1356.1665154616974,2297.414613634258,0.5903011617552092,0.845108183154508
259,1356.0668500299441,2297.693335390083,0.5901861789574815,0.8449435673455321
260,1355.990116336333,2297.975037670533,0.5900804378236005,0.8447921824197883
261,1355.9171571024153,2298.259493886016,0.5899756579748793,0.8446421737236836
262,1355.8377749250808,2298.546477446941,0.5898674611231038,0.8444872730547519
263,1355.7904760908846,2298.7781069136972,0.5897874492597928,0.8443727235928593
264,1355.7753651796368,2299.015706144687,0.5897199229896483,0.8442760492049802
265,1355.754145064407,2299.2589962604134,0.5896482941980212,0.8441735014177227
266,1355.726955184944,2299.5076983813797,0.5895726968599576,0.8440652720372617
267,1355.7350034729286,2299.742315344748,0.5895160490055574,0.8439841717982424
268,1355.7400276613678,2299.98308508702,0.5894565209857069,0.8438989481531574
269,1355.7422020499464,2300.229711298729,0.5893942658815945,0.8438098202616043
270,1355.8321311012596,2300.481897670411,0.5893687459459023,0.8437732844932807
271,1355.892783905872,2300.7393478925997,0.5893291585367219,0.8437166089425351
272,1355.893585684426,2301.062052431102,0.5892468585329573,0.8435987836506988
273,1355.8923655866265,2301.390796453712,0.5891621569339571,0.8434775201007026
274,1355.9277344788386,2301.684267448937,0.5891024036853134,0.843391974005471
275,1355.9588330287527,2302.0114244729098,0.5890321909845542,0.8432914535731605
276,1356.0680073798565,2302.343187366075,0.5889947314636548,0.8432378244263788
277,1356.1786632782887,2302.736958243909,0.58894206671027,0.843162426617713
278,1356.2910796035455,2303.1001325549246,0.5888980077036232,0.8430993492777529
279,1356.405535235125,2303.4921125034884,0.5888474841621889,0.8430270169479619
280,1356.5223090525233,2303.8530688510036,0.588805912752526,0.8429675009910783
281,1356.6416799352378,2304.1436804598857,0.5887834562749423,0.8429353510408488
282,1356.7639267627655,2304.4451387382055,0.5887594822524866,0.8429010284884416
283,1356.850891847924,2304.747555664797,0.5887199613306651,0.8428444481247203
284,1356.9233534562395,2305.050652360162,0.5886739851321157,0.8427786260255244
285,1356.9007171560643,2305.374684190771,0.5885814251631558,0.84264611199325
286,1356.8818457290988,2305.680953140415,0.5884950577750057,0.8425224636062701
287,1356.8668786150922,2305.989714575563,0.5884097704507043,0.8424003614991489
288,1356.8559552537927,2306.28147133338,0.5883305971622468,0.8422870125879528
289,1356.7362767321329,2306.576461350365,0.5882034692827149,0.8421050092000889
290,1356.6135871834035,2306.874388317054,0.5880743199776477,0.8419201118262866
291,1356.4879301825256,2307.154421678014,0.5879484777598631,0.8417399490637404
292,1356.3593493044214,2307.406638552141,0.587828485297032,0.8415681611378045
293,1356.2176210010284,2307.6615004239975,0.587702148149477,0.841387289806097
294,1356.0723892739538,2307.908400286214,0.5875763479632818,0.8412071872183268
295,1355.9140798414649,2308.1565986810874,0.5874445783341793,0.8410185384419723
296,1355.7241585464878,2308.405747009249,0.5872989011151756,0.8408099787814878
297,1355.5334267579728,2308.6554966713256,0.5871527513361838,0.8406007425776747
298,1355.3521515989025,2308.905499067946,0.5870106646400332,0.8403973233106733
299,1355.1707326425917,2309.1656727227237,0.5868659614382358,0.8401901581077386
300,1354.9891786040246,2309.426068609599,0.5867211758892988,0.8399828750120297
301,1354.7690616315056,2309.715174269197,0.5865524358691369,0.8397412973545497
302,1354.4745509386553,2310.001874593133,0.5863521436220578,0.8394545477629928
303,1354.1876876445133,2310.257028416963,0.5861632151693664,0.8391840672155287
304,1354.0571188784943,2310.5110972252505,0.58604224861963,0.8390108847322582
305,1353.9334785249794,2310.763741133607,0.5859246682920389,0.8388425501541427
306,1353.739928310547,2311.014620257646,0.5857773102965587,0.838631584199979
307,1353.5970069258055,2311.263394712981,0.5856524228359956,0.8384527883213102
308,1353.425209312143,2311.5097246152254,0.5855156891184762,0.838257032678131
309,1353.183432117688,2311.753270079991,0.5853494183965684,0.8380189902062418
310,1352.9868804626685,2311.993691222892,0.5852035347670123,0.8378101350368574
311,1352.791784210025,2312.23064815954,0.5850591874503537,0.8376034793390068
312,1352.605708837612,2312.4638010055487,0.5849197329054174,0.8374038284070092
313,1352.4375445008961,2312.721637301541,0.5847818097464189,0.8372063698928338
314,1352.275664539347,2312.9730419391326,0.5846482600617068,0.8370151726892364
315,1352.1097669700434,2313.2712259978575,0.5845011824702028,0.8368046081770997
316,1351.9885206227111,2313.560444080753,0.5843757071840397,0.8366249707344006
317,1351.930494514361,2313.8401889757333,0.5842799779153371,0.8364879193552243
318,1351.8684943731785,2314.1101818033007,0.5841850163416666,0.8363519670512247
319,1351.8052218442906,2314.387972798804,0.584087559100795,0.8362124418103742
320,1351.740746647571,2314.7115645227072,0.5839780503824025,0.8360556629997665
321,1351.7162069948288,2315.028824810528,0.5838874196762794,0.8359259110081528
322,1351.6548343325144,2315.339535787661,0.5837825569167295,0.8357757836122651
323,1351.5977668724354,2315.643479579498,0.5836812872065584,0.8356308002269761
324,1351.5450743344663,2315.9212200280936,0.5835885360202673,0.8354980124372674
325,1351.4557579465486,2316.1450103664874,0.5834935860655398,0.8353620767675971
326,1351.3682891352985,2316.3659073300996,0.5834001807999837,0.835228352561403
327,1351.2827027606538,2316.5836320394333,0.5833084047006908,0.835096960760818
328,1351.199033682551,2316.8156214350406,0.5832138825296833,0.834961637530265
329,1351.1173167609272,2317.065754556425,0.5831156556968676,0.8348210104985121
330,1351.0375868557203,2317.3078829647466,0.5830203214633753,0.8346845246738536
331,1350.9598788268668,2317.541788785398,0.5829279477781897,0.8345522773358567
332,1350.8918627320338,2317.767254143771,0.5828418967939384,0.834429081930408
333,1350.8110739562362,2317.9840611652594,0.5827525290562948,0.8343011380751596
334,1350.7271565010815,2318.1919919752563,0.5826640593949126,0.8341744799561536
335,1350.6017086598265,2318.4238096856734,0.5825516900824694,0.8340136057589915
336,1350.4834341221344,2318.6558958176056,0.5824423695461401,0.8338570963603584
337,1350.3601005360665,2318.8540693311998,0.582339405655456,0.8337096874914214
338,1350.1932800499274,2319.0468874869525,0.5822190518593057,0.8335373822604814
339,1350.024015010697,2319.2238129973675,0.5821016529085756,0.833369307351632
340,1349.8907158401018,2319.394176124618,0.5820014250857436,0.8332258155905735
341,1349.7446875634641,2319.5576979892057,0.5818974405049463,0.8330769454445409
342,1349.5981712477062,2319.714099711635,0.5817950459565149,0.8329303516778397
343,1349.4511668928287,2319.863102412409,0.5816943101037058,0.8327861325926309
344,1349.303674498831,2320.0044272120294,0.5815953015746188,0.8326443864407435
345,1349.20702968063,2320.1480623539837,0.5815176417283244,0.8325332042580577
346,1349.1132303047973,2320.314929901038,0.5814353960832107,0.8324154567891086
347,1349.0223199462544,2320.4426044207767,0.5813642265385806,0.8323135664855565
348,1348.9267069821922,2320.597374698149,0.5812842510681774,0.8321990691257879
349,1348.8386673394716,2320.7499923744026,0.5812080886659616,0.8320900307678591
350,1348.7486267363597,2320.890639148246,0.5811340715439065,0.8319840637130826
351,1348.5996144491032,2320.998947229913,0.5810427514664073,0.8318533247788216
352,1348.5045339705807,2321.1491342970503,0.5809641931426217,0.8317408562854705
353,1348.3480756007536,2321.297194908023,0.5808597359090762,0.8315913094633085
354,1348.212306603613,2321.442885043271,0.5807647973120315,0.8314553900539324
355,1348.0971572592846,2321.5859606832337,0.5806794062721438,0.8313331394617728
356,1348.0025578478946,2321.7364449313354,0.5806010241992654,0.8312209232990853
357,1347.964243290995,2321.88449334133,0.5805475023226474,0.8311442983848243
358,1347.8974098195292,2322.0298706086423,0.5804823731514802,0.8310510558180101
359,1347.8404242803026,2322.152465164043,0.5804271874909331,0.8309720489375519
360,1347.793216953441,2322.281509679311,0.5803746063239167,0.8308967707958094
361,1347.7249167501207,2322.406493011904,0.5803139634708266,0.8308099510930599
362,1347.6924246742199,2322.5271711422606,0.5802698204867074,0.8307467535262499
363,1347.6744787785854,2322.6535671738056,0.580230516434024,0.8306904836445254
364,1347.612705226994,2322.7758366602925,0.580173378746958,0.8306086821336449
365,1347.5576770732373,2322.893744297146,0.5801202402742607,0.8305326061218965
366,1347.5964299938466,2323.0070547797905,0.5801086256802573,0.8305159780190361
367,1347.6371917183326,2323.1155328036502,0.5800990836180832,0.8305023170687449
368,1347.7087635267526,2323.2908129250327,0.5800861244012676,0.8304837639286062
369,1347.7803440501573,2323.465456852562,0.5800733297218467,0.830465446349411
370,1347.8519332885464,2323.6392902865537,0.5800607430434385,0.8304474265561077
371,1347.9235312419194,2323.8121389273215,0.5800484078132602,0.8304297667501643
372,1347.9971118542167,2323.9838284751795,0.5800372168418527,0.830413745129123
373,1348.103476494388,2324.1541846304417,0.5800404660798124,0.8304183969200505
374,1348.2529184303694,2324.323033093424,0.5800626243573338,0.8304501199503801
375,1348.4070621003714,2324.490199564439,0.5800872218575216,0.8304853351084056
376,1348.6070370012167,2324.6459006021323,0.5801343923613911,0.8305528670419445
377,1348.8145024310527,2324.800220314816,0.5801851232827228,0.830625496268404
378,1349.0295542547067,2324.962584829492,0.5802371027633728,0.8306999130022672
379,1349.252288337006,2325.1225527234906,0.5802929771407461,0.8307799058882822
380,1349.482800542777,2325.279949697125,0.5803528305133975,0.8308655953266473
381,1349.7211867368476,2325.42499230904,0.5804191454038844,0.830960535435606
382,1349.9675427840446,2325.56776466755,0.5804894457577883,0.8310611813570644
383,1350.2219645491948,2325.7080837579847,0.5805638179523567,0.8311676567535248
384,1350.4845478971258,2325.845766565674,0.5806423483923618,0.8312800853268953
385,1350.7649978343345,2325.980630075948,0.5807292547359818,0.8314045053126918
386,1351.0531518176485,2326.1124912741357,0.5808202126448342,0.8315347257460469
387,1351.34911442688,2326.2226068435425,0.5809199474080123,0.8316775116153077
388,1351.6529902418401,2326.3319685668084,0.5810232625890267,0.8318254234111437
389,1351.96488384234,2326.4403759992956,0.581130252805907,0.8319785965940224
390,1352.2438313162584,2326.5476286963653,0.5812233605868458,0.8321118949045877
391,1352.4564690892662,2326.691962780059,0.5812786955576522,0.8321911155459703
392,1352.6598027450539,2326.8321441737417,0.5813310625487269,0.8322660870614469
393,1352.8634414252915,2326.9680072927126,0.5813846332160221,0.8323427818271723
394,1353.067385129979,2327.09938655227,0.5814394490192467,0.8324212591991862
395,1353.2408324901667,2327.2261163677126,0.5814823162101144,0.8324826302689693
396,1353.4125847859116,2327.368565400306,0.5815205227510346,0.8325373288914245
397,1353.6979255722995,2327.507367211977,0.5816084385562384,0.8326631940789255
398,1353.9634606854065,2327.642373647993,0.5816887834720975,0.8327782203574872
399,1354.2188689867778,2327.8022639786304,0.5817585496597015,0.8328781015365727
400,1354.4642201962865,2327.9561148251605,0.581825495579848,0.8329739450629116
401,1354.6995840338077,2328.103804177803,0.5818896827550332,0.8330658390155531
402,1354.9250302192156,2328.216382601768,0.5819583782436472,0.833164187322036
403,1355.1406284723842,2328.3245033112726,0.5820239517924345,0.8332580660847236
404,1355.3464485131876,2328.4280181515837,0.5820864711931811,0.8333475723581313
405,1355.5041234948205,2328.5267789679683,0.5821294973878706,0.8334091710666852
406,1355.6547567691537,2328.611028464024,0.5821731238915233,0.8334716292111513
407,1355.7599466294437,2328.6908768930175,0.5821983330128917,0.8335077200002922
408,1355.8633934928775,2328.737339960221,0.5822311388351071,0.8335546866515637
409,1355.926660792775,2328.781036019916,0.5822473817075428,0.833577940856879
410,1355.9984173588625,2328.8217820574296,0.5822680068549029,0.8336074689722582
411,1356.0690279045164,2328.8497859164245,0.5822913251448248,0.833640852741268
412,1356.128199161801,2328.8847321318995,0.582307995089297,0.8336647183668145
413,1356.185505412449,2328.9161705662,0.5823247408182737,0.8336886924896996
414,1356.1998433045908,2329.0055209425564,0.5823085566391153,0.8336655223129652
415,1356.2095796850313,2329.0949976861853,0.5822903664437661,0.8336394802111724
416,1356.2146448338963,2329.184470072322,0.5822701732129381,0.8336105704516755
417,1356.2437964563212,2329.273807376202,0.5822603560652471,0.8335965156735615
418,1356.266189608435,2329.4122405440376,0.5822353665024432,0.8335607392167506
419,1356.2913898569864,2329.520835348687,0.5822190423353626,0.8335373686254713
420,1356.3090952190548,2329.6302798643037,0.5821992901371702,0.8335090902729808
421,1356.2884694657532,2329.8173339294517,0.582143694148866,0.833429495944339
422,1356.2890803861515,2329.9998169853434,0.5820983634844136,0.8333645980278879
423,1356.3493296869917,2330.1571512110913,0.5820849160246697,0.8333453458918453
424,1356.3973736523446,2330.308493885145,0.5820677293206477,0.8333207404444034
425,1356.4017790768992,2330.376910869255,0.5820525309663093,0.8332989816296593
426,1356.3907154043522,2330.4444084225233,0.5820309253042824,0.8332680497546022
427,1356.3641826347043,2330.5108558201855,0.582002945511856,0.8332279923176965
428,1356.3221807679545,2330.514519599578,0.5819840079782012,0.8332008802845557
429,1356.2551006624335,2330.5128715960495,0.5819556361143817,0.8331602615362987
430,1356.1732007261403,2330.5057287949317,0.5819222771992053,0.8331125030461868
431,1356.04764481908,2330.4929081815535,0.5818716032382962,0.8330399553674566
432,1355.8707628835866,2330.5262203374755,0.5817873882093666,0.8329193884184074
433,1355.6835536917185,2330.558138095912,0.581699092389656,0.8327929791808685
434,1355.5270160155344,2330.5981311587843,0.5816219441236572,0.8326825294051677
435,1355.3626784284174,2330.6261925366757,0.581544429033138,0.8325715544629518
436,1355.231574562363,2330.6524499128204,0.5814816252904016,0.8324816411096367
437,1355.0952678506924,2330.6972980934374,0.5814119529632572,0.8323818943064387
438,1354.9537582934047,2330.741396785405,0.5813402379870105,0.832279223132456
439,1354.8070458905006,2330.8051582249113,0.5812613899148443,0.8321663398191054
440,1354.6551306419797,2330.8692595488046,0.5811802292609949,0.8320501456843786
441,1354.4980125478423,2330.9335961772736,0.5810967823232787,0.8319306783777017
442,1354.335691608088,2330.9980635305064,0.5810110753832307,0.8318079755251911
443,1354.2450409560768,2331.0933583976425,0.5809484360965121,0.8317182976163159
444,1354.143993327816,2331.190574918812,0.5808808631507857,0.8316215564050612
445,1354.0518367265202,2331.2896346591583,0.5808166504049536,0.8315296258440502
446,1354.0160460290685,2331.390459183821,0.5807761804528813,0.8314716867955034
447,1353.9963588795745,2331.492970057943,0.580742200927985,0.8314230398057803
448,1353.9641221527131,2331.6066979883344,0.5807000483061262,0.8313626917529856
449,1353.919510148171,2331.7213061321386,0.5806523732435477,0.831294437464958
450,1353.8626971656333,2331.8367247694805,0.5805992687157258,0.831218410050593
451,1353.7938575047858,2331.9528841804868,0.5805408276850956,0.8311347426001163
452,1353.754233957247,2332.038913276333,0.5805024205429435,0.8310797567857097
453,1353.7877360998257,2332.1235436172024,0.580495720222461,0.8310701642318805
454,1353.8177696786602,2332.237480707217,0.5804802387740269,0.8310480001237838
455,1353.762476589381,2332.3806548265025,0.5804208990449214,0.8309630460462684
456,1353.698939124971,2332.531830172857,0.5803560412826831,0.830870192043668
457,1353.7095034289184,2332.6807047633624,0.5803235310621926,0.8308236485923709
458,1353.7149433221075,2332.8272437380797,0.5802894093233151,0.8307747980011522
459,1353.7539742507151,2332.9714122370724,0.5802702798456534,0.830747411170228
460,1353.7884733874957,2333.113175400402,0.5802498085654,0.8307181033396108
461,1353.777685979951,2333.252498368133,0.5802105374050933,0.8306618805484538
462,1353.719258982324,2333.4282900590924,0.5801417874075925,0.8305634542039976
463,1353.6518729808547,2333.6760561907467,0.5800513183438224,0.8304339336286237
464,1353.544970626153,2333.889408592466,0.5799524885981875,0.830292443433133
465,1353.4173300948526,2334.0080256290403,0.579868327457911,0.8301719536340958
466,1353.1634599882077,2334.10234790393,0.5797361290533705,0.829982690998825
467,1352.8656018698946,2334.1927789383376,0.5795860625038946,0.8297678473271597
468,1352.521193534535,2334.2791880074983,0.579417063941278,0.8295258995258307
469,1352.2097749006787,2334.3614443866486,0.579263240554408,0.8293056773554764
470,1351.8929791215196,2334.4394173510245,0.5791081872047735,0.8290836943015858
471,1351.5708759169327,2334.5129761758612,0.5789519654463113,0.8288600384882199
472,1351.2435350067922,2334.5819901363943,0.5787946367768595,0.8286347979591259
473,1350.9520946029047,2334.6463285078603,0.5786538535223608,0.8284332447721489
474,1350.6582227184028,2334.7250788488336,0.5785084654953732,0.8282250991351412
475,1350.3620239330974,2334.797593618553,0.5783636352992201,0.8280177521199787
476,1350.0636028267998,2334.863759522223,0.5782194345690901,0.8278113062836071
477,1349.7630639793217,2334.904244981708,0.5780806929792943,0.8276126760580937
478,1349.4605119704743,2334.939453518209,0.5779424001496707,0.8274146883027604
479,1349.156051380069,2334.9692544069635,0.5778046322595919,0.8272174520802612
480,1348.8113502212373,2334.993516923206,0.5776510043584834,0.8269975097782647
481,1348.5059832724667,2335.0121103421725,0.5775156271351658,0.8268036961681098
482,1348.1893774799653,2335.024903939099,0.577376873028472,0.8266050480227045
483,1347.8308273396106,2335.0317669892215,0.5772216234460471,0.8263827840309678
484,1347.4400029979624,2335.032568767776,0.5770540509886859,0.8261428779217435
485,1347.076568108917,2335.027178549997,0.5768997382486243,0.8259219551659702
486,1346.7508508003486,2335.0154656111213,0.5767631395314448,0.8257263927968339
487,1346.3834418784704,2334.9972992263843,0.5766102780181138,0.8255075476984756
488,1346.0128389148526,2334.9725486710217,0.57645767171051,0.8252890679669204
489,1345.6897805479884,2334.94108322027,0.576327081748915,0.8251021080685973
490,1345.356058526356,2334.9027721493635,0.5761936105321879,0.8249110232041591
491,1344.9905764875032,2334.898553225473,0.5760381214976162,0.8246884163993266
492,1344.6626420869325,2334.9206953860394,0.5758922111333702,0.8244795229550637
493,1344.3339233377767,2334.9403014861796,0.5757465929566224,0.8242710478227776
494,1344.0045248198471,2334.9573018060196,0.5756013284612528,0.8240630790405484
495,1343.6745511129548,2334.9716266256846,0.5754564791242138,0.8238557046222225
496,1343.3441067969109,2334.9832062253013,0.5753121064063415,0.8236490125585724
497,1343.0132964515274,2334.991970884994,0.5751682717532031,0.8234430908185117
498,1342.6822246566153,2334.9978508848894,0.5750250365959787,0.8232380273503562
499,1342.3920644839195,2335.0007765051128,0.5749000505657776,0.8230590903538767
500,1342.104518806508,2335.0006780257904,0.57477692894772,0.8228828225541753
501,1341.8299941871128,2335.007752850031,0.5746576183951941,0.8227120108892
502,1341.6308994996805,2335.0636664461913,0.5745585950303239,0.8225702434975748
503,1341.430570770473,2335.120355675952,0.5744588571248039,0.8224274531295617
504,1341.2927851259697,2335.1970213926857,0.5743809934829557,0.8223159791817543
505,1341.17171482132,2335.273129350425,0.5743104298872217,0.8222149563885578
506,1341.067603876084,2335.32946126583,0.5742519957544571,0.8221312988134514
507,1340.980696309822,2335.3865339548993,0.5742007487038626,0.8220579306674509
508,1340.8579265832373,2335.4443299876643,0.5741339707250995,0.8219623275753963
509,1340.716739480368,2335.5028319341563,0.5740591367084954,0.8218551910086608
510,1340.5881106698498,2335.562022364406,0.5739895142295154,0.821755515570885
511,1340.472214451369,2335.621883848446,0.5739251818631913,0.8216634137544825
512,1340.3692251246102,2335.672789814637,0.5738685790962116,0.8215823780651379
513,1340.2382484973266,2335.72498124101,0.5737996807249266,0.8214837393004676
514,1340.117860575946,2335.778431982612,0.5737350093769177,0.8213911521789118
515,1340.0492692921505,2335.7817802795735,0.5737048214888284,0.8213479335086646
516,1339.9942123789458,2335.78300212037,0.5736809503119639,0.8213137581957621
517,1339.8322905854718,2335.7820277851274,0.5736118673093606,0.8212148551025625
518,1339.6815152568952,2335.7685204309873,0.573550633780141,0.821127189754805
519,1339.5111547441404,2335.752010764763,0.5734817517316673,0.821028574358785
520,1339.3500800471388,2335.732420351594,0.573417600568103,0.8209367319623955
521,1339.236771307491,2335.7199378796063,0.5733721537365758,0.8208716677346581
522,1339.1302384681228,2335.704884487255,0.5733302384911931,0.8208116595233131
523,1339.022924766163,2335.6871904546665,0.5732886365256419,0.8207520998209095
524,1338.9347761861386,2335.666786061966,0.5732559045563344,0.8207052389015945
525,1338.8920666626657,2335.6436015892787,0.5732433089327594,0.8206872063018898
526,1338.8538409986056,2335.6175673167313,0.5732333322602744,0.8206729231391519
527,1338.8202124887544,2335.6399491393663,0.573213441130805,0.820644445884869
528,1338.7912944279083,2335.662675203879,0.5731954826529244,0.820618735522774
529,1338.7672001108622,2335.706253611286,0.5731744726208466,0.8205886563848904
530,1338.7672611157523,2335.7405322589643,0.5731660869972532,0.8205766510567989
531,1338.7902922047156,2335.774444877303,0.5731676254703787,0.8205788536210359
532,1338.8543438531988,2335.8079740363323,0.5731868196081317,0.8206063330229658
533,1338.9185305839378,2335.7897666911695,0.5732187672354698,0.8206520710344167
534,1338.9830354116032,2335.7678075452723,0.5732517723235429,0.8206993229658432
535,1339.048041350865,2335.7420355937525,0.5732859283882671,0.8207482226998655
536,1339.10346429341,2335.712389831718,0.5733169332504542,0.8207926109959582
537,1339.159087680593,2335.6788092542806,0.5733489906123481,0.8208385061095412
538,1339.2150858121004,2335.6604511398896,0.5733774723798202,0.8208792822020188
539,1339.2716329876175,2335.636737667657,0.5734075044242541,0.8209222777577662
540,1339.252030373471,2335.6538730697544,0.5733949048765901,0.8209042395401158
541,1339.238519533338,2335.7045202009117,0.5733766869698654,0.820878157765167
542,1339.2312050470296,2335.715379942826,0.5733708895130071,0.8208698578014368
543,1339.3070646277165,2335.724854002239,0.5734010417934409,0.8209130254937713
544,1339.3841355912189,2335.732907519215,0.5734320612084797,0.8209574346245412
545,1339.4625922372225,2335.739505633815,0.5734640309873734,0.8210032043493989
546,1339.5426088654124,2335.7446134861034,0.5734970343637622,0.8210504538302824
547,1339.6243597754749,2335.7481962161414,0.5735311545763518,0.8210993022363821
548,1339.584813791296,2335.7502189639936,0.5735137271593449,0.8210743521707579
549,1339.5393503327896,2335.750646869722,0.5734941579179206,0.8210463357494169
550,1339.4880391198292,2335.7186437044397,0.5734800476633637,0.8210261347192225
551,1339.4309498722896,2335.6829758882664,0.5734643629719913,0.8210036796371596
552,1339.368152310045,2335.6435824163127,0.5734471485261536,0.8209790344729816
553,1339.2997161529697,2335.631203652638,0.5734208868499748,0.820941436787461
554,1339.1680562709184,2335.6169773122947,0.5733680090868164,0.8208657340220807
555,1339.0924476817784,2335.600868535347,0.5733395914180841,0.8208250496969467
556,1339.0524258594578,2335.582842461857,0.5733268807746544,0.8208068524283803
557,1339.009658817088,2335.5731322263696,0.5733109532479875,0.8207840496897179
558,1339.0053196264137,2335.580749122633,0.5733072256779881,0.8207787130918692
559,1339.0421796524367,2335.5885926084866,0.5733210822702882,0.8207985509649791
560,1339.0819766281627,2335.599574360181,0.5733354258702472,0.8208190860655119
561,1339.1248848532778,2335.619252794691,0.5733489665539212,0.8208384716661506
562,1339.1710786274675,2335.6498258310526,0.5733612392649545,0.8208560419661868
563,1339.259168817097,2335.700253344606,0.5733865751392305,0.8208923142218848
564,1339.3771235148656,2335.758978394696,0.5734226587177172,0.820943973492495
565,1339.5039857980696,2335.8157687182743,0.5734630289498781,0.8210017697764351
566,1339.668169129965,2335.871070522538,0.5735197400386824,0.8210829605453668
567,1339.8288838981157,2335.948209462918,0.5735696016163687,0.8211543451708051
568,1339.9556076130696,2336.0212480031937,0.5736059159386712,0.8212063347871769
569,1340.0774204343802,2336.069063635958,0.5736463194922098,0.8212641787758664
570,1340.1843079736082,2336.131461180424,0.5736767516055908,0.8213077470927109
571,1340.2861233919843,2336.1892920731257,0.5737061324352786,0.8213498103329783
572,1340.344674142388,2336.2220917879717,0.5737231399590897,0.8213741592560013
573,1340.3243647430158,2336.1977952832904,0.57372041333533,0.8213702556688138
574,1340.2356017566,2336.236326843299,0.5736729569510265,0.8213023144528445
575,1340.1361184680181,2336.2608830545114,0.5736243448616389,0.8212327186647903
576,1340.0259845971443,2336.281792044802,0.5735720704411701,0.8211578796785743
577,1339.914870290539,2336.299114819061,0.5735202576551554,0.8210837015940812
578,1339.8124456947621,2336.312912382177,0.5734730303436315,0.8210160883315246
579,1339.7085134067038,2336.332854880711,0.573423650062528,0.8209453927572131
580,1339.613410269222,2336.3487449115523,0.5733790441974176,0.820881532504068
581,1339.5176055755057,2336.3613101758915,0.573334954547189,0.820818411293041
582,1339.4904156960429,2336.3712783749133,0.5733208707426583,0.8207982481301845
583,1339.5031526455718,2336.378719228494,0.5733244964189261,0.8208034388512638
584,1339.5175541570986,2336.383702456507,0.5733294376042389,0.8208105129287228
585,1339.533794530309,2336.3862977788267,0.5733357517991725,0.820819552683604
586,1339.5520480648888,2336.3865749153265,0.5733434965116746,0.8208306404475044
587,1339.5724890605236,2336.3365578775324,0.5733645199976972,0.8208607388468084
588,1339.5952918168987,2336.287608425313,0.5733862932739701,0.8208919106878015
589,1339.6206306337,2336.23975270362,0.5734088845476669,0.8209242536196913
590,1339.6486798106134,2336.193016857408,0.5734323620283214,0.8209578652950639
591,1339.6411770806446,2336.1474270316294,0.573440340956062,0.8209692883746091
592,1339.639330375475,2336.121516511859,0.5734459106287139,0.8209772622297199
593,1339.681715701533,2336.1098863653338,0.5734669090356421,0.8210073247243888
594,1339.6453018827053,2336.098016556741,0.5734542353908835,0.8209891804251905
595,1339.6070666321627,2336.1147780860115,0.5734337538542127,0.8209598579109123
596,1339.54658028375,2336.13904844574,0.5734019048116873,0.8209142610389972
597,1339.42154553275,2336.1606389478015,0.5733430840338192,0.8208300499211196
598,1339.2512155224401,2336.179628027055,0.5732655141135108,0.8207189964815087
599,1339.1150953114332,2336.1858269953755,0.573205726974939,0.8206334018675591
600,1339.0105878344125,2336.1889147143065,0.573160235202195,0.8205682732994602
601,1338.9255217443292,2336.188960903723,0.5731238115372242,0.8205161271420045
602,1338.8291915370608,2336.14759871682,0.5730927242236072,0.8204716208038297
603,1338.721693077434,2336.1059315054667,0.5730569299204321,0.8204203756759468
604,1338.6031222302768,2336.063994129601,0.5730164608478673,0.820362437886552
605,1338.4735748604155,2336.0218214491592,0.5729713492274181,0.8202978535657562
606,1338.3331468326776,2335.9486469551293,0.5729291817168896,0.8202374841975087
607,1338.1915431535597,2335.863039664522,0.5728895574912438,0.8201807559382507
608,1338.0289921382205,2335.7837594525045,0.5728394106361316,0.8201089628936822
609,1337.824397424207,2335.7631520006694,0.572756872321712,0.8199907964229736
610,1337.5963890334203,2335.7368580215903,0.5726657026624086,0.8198602728358207
611,1337.355295093733,2335.7049559501256,0.5725703033197185,0.8197236937971903
612,1337.101176610036,2335.665393407476,0.5724712025892348,0.8195818156446226
613,1336.834094587218,2335.6295390906403,0.5723656394188713,0.8194306855014113
614,1336.5637191718401,2335.5852878864475,0.5722607203016522,0.81928047742073
615,1336.2414163941135,2335.5327182297565,0.5721356014258421,0.8191013502350408
616,1335.8986804642377,2335.4719085554266,0.5720037460397197,0.8189125786841367
617,1335.6690101259483,2335.422155581656,0.5719175896887425,0.8187892324297857
618,1335.43722640397,2335.4040894192385,0.571822766113278,0.8186534776917419
619,1335.2034600230677,2335.3794042262584,0.5717287125195993,0.8185188253027197
620,1335.0062782746847,2335.34823072748,0.5716519107126133,0.8184088715371335
621,1334.8047782515903,2335.3106996476668,0.5715748137723067,0.8182984952421664
622,1334.6087346801546,2335.2669417115844,0.5715015747630039,0.8181936421771582
623,1334.3984455954112,2335.2170876439964,0.5714237244391217,0.8180821872960964
624,1334.1939528467137,2335.1612681696665,0.5713498125516935,0.8179763709011019
625,1333.9851636107653,2335.0996140133598,0.5712754846111389,0.8178699588611646
626,1333.772252187251,2335.0130376165002,0.5712054839525518,0.8177697420002961
627,1333.5553928758568,2334.9221865198506,0.5711348329185614,0.8176685940255978
628,1333.3347599762683,2334.8271740182054,0.5710635779870669,0.8175665814774316
629,1333.18740092153,2334.728113406361,0.57102469159735,0.817510909545387
630,1333.0314227473366,2334.625117979114,0.5709830723920372,0.8174513251615757
631,1332.9081379651807,2334.537519314598,0.5709516882626552,0.8174063938853386
632,1332.7383203959469,2334.455181014595,0.57089908225041,0.817331080173776
633,1332.5709177488573,2334.3494150938436,0.5708532360804632,0.8172654442308056
634,1332.3965736167872,2334.2600960914306,0.5708003901740857,0.8171897870733759
635,1332.2463421032298,2334.166829201137,0.5707588358451603,0.8171302955702321
636,1332.0608732937228,2334.069753862713,0.5707031124880739,0.8170505188933126
637,1331.86924734782,2333.958742392922,0.5706481537811176,0.8169718369323178
638,1331.671717000066,2333.853801781182,0.570589175716038,0.8168874006332646
639,1331.468534985005,2333.7454623255726,0.5705286015460311,0.8168006792610614
640,1331.2496869141974,2333.6235963428576,0.5704646152020693,0.81670907282964
641,1331.0352930718566,2333.497943699472,0.5704034566071504,0.8166215147620216
642,1330.7672933611943,2333.3686351201804,0.570320211445138,0.8165023363287359
643,1330.4965745754357,2333.235801329746,0.5702366532423194,0.8163827097287109
644,1330.2233458742035,2333.099573052934,0.5701528392693349,0.8162627169538003
645,1329.947816417121,2332.940862731168,0.5700735229354054,0.8161491632507001
646,1329.7086319304901,2332.7803179052107,0.5700102241622741,0.816058541184164
647,1329.464967941938,2332.618051869857,0.5699454168573469,0.8159657594190743
648,1329.178631904345,2332.423376550954,0.5698702239341528,0.815858109021576
649,1328.890901469267,2332.225206523354,0.5697952743810035,0.8157508070462557
650,1328.6404223630057,2332.023628936899,0.5697371183879014,0.815667547671458
651,1328.4151975381992,2331.849532310382,0.5696830687964732,0.8155901672511379
652,1328.1846957904093,2331.64340114464,0.5696345741112825,0.8155207395455031
653,1327.9587964258185,2331.453368297864,0.56958411198905,0.8154484951468791
654,1327.7377783239244,2331.2590041038998,0.5695367936323689,0.8153807515389795
655,1327.5431213064885,2331.060413142559,0.5695018086282867,0.8153306650489756
656,1327.3847482546146,2330.934573127011,0.5694646102717043,0.8152774097996479
657,1327.2219392757404,2330.8303227420265,0.5694202303470872,0.8152138730155594
658,1327.0550429692378,2330.7190350072337,0.5693758119434241,0.8151502811427148
659,1326.8536065655283,2330.6009103672714,0.5693182391988485,0.8150678567791529
660,1326.6775813129896,2330.476149266778,0.5692731855378108,0.8150033554362947
661,1326.4984883859836,2330.3257338670523,0.5692330772079358,0.814945934106326
662,1326.316676383882,2330.180648551714,0.5691904948263271,0.8148849707854192
663,1326.0844481977053,2329.973821058727,0.5691413509509476,0.8148146136627742
664,1325.8246170418106,2329.76699356574,0.5690803503970232,0.8147272818554891
665,1325.5682631646448,2329.5603055125025,0.5690207976277395,0.8146420227777305
666,1325.2387923123458,2329.3538963387614,0.5689297767914672,0.8145117122539588
667,1324.9954237617612,2329.147905484266,0.5688756049548833,0.8144341568206316
668,1324.7204947670955,2328.9630066347318,0.5688027207788368,0.8143298117547735
669,1324.5348228984546,2328.780138376534,0.5687676569681798,0.8142796124408662
670,1324.3565849114068,2328.599457579392,0.5687352458151356,0.8142332108200703
671,1324.186094545386,2328.401902829682,0.5687102784687286,0.8141974661694966
672,1323.982597047894,2328.208147813119,0.5686702017134971,0.8141400900435549
673,1323.7848078651066,2328.018331969452,0.5686316081305142,0.8140848373100195
674,1323.6340743684545,2327.832594738429,0.5686122263947365,0.8140570893322572
675,1323.451205238759,2327.6510755597988,0.5685780051550338,0.8140080962900879
676,1323.2338474302637,2327.4258681649603,0.5685396323594,0.8139531596480791
677,1323.0206815292086,2327.2166972127006,0.5684991359480128,0.8138951827188963
678,1322.840778980163,2327.0313024805596,0.5684671184139407,0.8138493446250522
679,1322.63478115368,2326.868490015692,0.5684183643506043,0.8137795455791464
680,1322.4337334382692,2326.707865011879,0.5683711966270064,0.8137120176259999
681,1322.217345607525,2326.596954635906,0.5683052850958629,0.8136176549888537
682,1322.0133557134209,2326.4839483062137,0.568245208257683,0.8135316456247303
683,1321.8173931913393,2326.327960545537,0.5681990740812684,0.8134655973555804
684,1321.6168030126034,2326.16757607529,0.5681520181974316,0.8133982295184957
685,1321.4118291967739,2326.002943050206,0.5681041088726824,0.8133296398476325
686,1321.2027157634097,2325.8342096250162,0.5680554143953456,0.8132599261083788
687,1321.0185341570814,2325.6615239544553,0.568018398442985,0.8132069319991445
688,1320.828753173351,2325.4953013162376,0.5679773906340545,0.813148222924615
689,1320.6336429767327,2325.326089438411,0.5679348152394741,0.813087269606729
690,1320.4046463067282,2325.184846559643,0.5678708289624399,0.8129956632711249
691,1320.216508969034,2325.0429282695923,0.5678245734377051,0.8129294412729279
692,1320.0337052017203,2324.9005175829298,0.5677807266239874,0.8128666677202417
693,1319.8565138842848,2324.757797514326,0.5677393642019396,0.8128074509617252
694,1319.6030769123588,2324.614951078449,0.5676652282994914,0.8127013138542898
695,1319.3408674372538,2324.4721612899702,0.5675872954766139,0.8125897408630487
696,1319.0803530265914,2324.32961116356,0.567510023832747,0.8124791144526863
697,1318.8313432666803,2324.1874837138866,0.5674375894836511,0.8123754133842682
698,1318.5837801941605,2324.0459619556214,0.5673656208952976,0.8122723791249984
699,1318.337872968654,2323.905228903433,0.5672941635364064,0.8121700767704408
700,1318.093830749784,2323.765467571993,0.5672232629082856,0.8120685714628154
701,1317.8518626971734,2323.56920612595,0.5671670373418345,0.81198807579486
702,1317.612177970445,2323.378178027969,0.5671105076353968,0.8119071447030767
703,1317.3749857292212,2323.1925140028143,0.5670537322192943,0.8118258618395845
704,1317.1789316998045,2323.0699996252697,0.5669992432050159,0.8117478523169168
705,1317.006357581042,2322.9492151721047,0.566954434035471,0.811683701001764
706,1316.8177722931555,2322.77268880797,0.5669163317780083,0.8116291516773435
707,1316.6300062137914,2322.6021539955286,0.5668771140803506,0.8115730054263072
708,1316.44330336251,2322.4377414595465,0.5668368541647903,0.811515367077787
709,1316.2579077588712,2322.337236774807,0.5667815539085318,0.8114361961356943
710,1316.0740634224342,2322.2392202180804,0.5667263096602263,0.8113571053777219
711,1315.8920143727594,2322.143874804036,0.5666711820273438,0.8112781815729162
712,1315.7120046294074,2322.0513835473434,0.5666162316440324,0.8111995115285174
713,1315.534278211937,2321.9619294626737,0.5665615191702843,0.8111211820887655
714,1315.3180106479756,2321.8448941957467,0.566496932648717,0.8110287164094915
715,1315.1094828615553,2321.718994918306,0.5664378358190716,0.8109441100804384
716,1314.8864045373768,2321.5939889267543,0.566372247175413,0.8108502097070882
717,1314.6175254848004,2321.4700243758243,0.5662866682236238,0.8107276900897326
718,1314.3414565701908,2321.3472494202497,0.5661976926969647,0.8106003077456821
719,1314.0583720932339,2321.225812214761,0.5661053591504938,0.8104681178725159
720,1313.7684463536148,2321.1058609140937,0.5660097061821338,0.8103311757291807
721,1313.4718536510197,2320.9875436729785,0.5659107724345825,0.8101895366387254
722,1313.2072048518137,2320.8710086461497,0.5658251578651311,0.810066966029131
723,1312.9747091156198,2320.756403988339,0.5657529186859962,0.8099635443769531
724,1312.8183108791839,2320.6630961376195,0.5657082723744625,0.8098996262184446
725,1312.6614507485813,2320.551498149386,0.5656678818786888,0.8098418009239821
726,1312.514709586229,2320.442292424339,0.565631265156328,0.809789378374761
727,1312.3303641381958,2320.3356271172097,0.5655778193470391,0.8097128623627459
728,1312.1497704908963,2320.2316503827324,0.565525330315381,0.8096377161271393
729,1311.962949115829,2320.130510375638,0.5654694609845103,0.8095577304659799
730,1311.7797880341598,2320.001553881711,0.5654219437221303,0.8094897020935486
731,1311.6005661253866,2319.863463212758,0.5653783452880295,0.8094272841350244
732,1311.4255622690062,2319.7362279282265,0.5653339144684781,0.8093636744868992
733,1311.2043777109125,2319.6103608962276,0.5652692365127662,0.8092710779053858
734,1310.9859514453442,2319.485984126541,0.5652053775780964,0.8091796538802383
735,1310.770518776877,2319.3529525059635,0.5651449113687697,0.8090930870705874
736,1310.529487585077,2319.2402067543007,0.565068458096076,0.808983632286202
737,1310.293868398516,2319.1273433503493,0.5649943596911705,0.8088775488623474
738,1310.092697801827,2319.055561510808,0.5649251012116043,0.808778394546506
739,1309.9050188723056,2318.986590253698,0.5648609717613768,0.8086865832361448
740,1309.7208085065292,2318.9205951637205,0.5647976093869054,0.8085958701143704
741,1309.5307015823873,2318.8577418255763,0.5647309353921073,0.8085004158915802
742,1309.3958781610413,2318.7981958239666,0.5646872938400566,0.8084379362029853
743,1309.267913432326,2318.742122743595,0.5646457622821665,0.8083784773001302
744,1309.1060177838046,2318.6896881691605,0.5645887090727849,0.8082967967322313
745,1308.9488718017174,2318.6410576853655,0.5645327755510395,0.8082167191718228
746,1308.7967195056242,2318.5655955079615,0.5644855258964054,0.808149073921619
747,1308.726678048444,2318.4820013787235,0.564475668678984,0.8081349617774362
748,1308.656924185745,2318.4096243057556,0.5644632037695325,0.808117116315387
749,1308.6672767155744,2318.338336605823,0.5644850262156026,0.8081483585506138
750,1308.6375455466944,2318.2682777186747,0.5644892604209198,0.8081544204759404
751,1308.6423204865828,2318.199587084058,0.5645080465796544,0.8081813157922725
752,1308.6074832084114,2318.1708407084025,0.5645000188202343,0.8081698228025617
753,1308.6006550182262,2318.1822128913923,0.5644943040892596,0.8081616412738368
754,1308.5811595983864,2318.195476225972,0.5644826646494712,0.8081449776003599
755,1308.5493891231843,2318.2108398717637,0.5644652188735211,0.8081200012510451
756,1308.5057357669132,2318.2285129883903,0.5644420851679285,0.8080868817432928
757,1308.4505917038657,2318.2583138771442,0.5644110424931735,0.8080424393126114
758,1308.3740819853508,2318.2805841479803,0.5643726177632667,0.8079874283185907
759,1308.2964663353305,2318.305800083503,0.5643329996794241,0.8079307088522817
760,1308.1982606634447,2318.3027114930733,0.5642913904978856,0.8078711388190668
761,1308.099724693654,2318.248335220141,0.5642621218875745,0.8078292362383402
762,1307.9916414585823,2318.1908564128044,0.5642294886291562,0.8077825166390593
763,1307.8744031325216,2318.1304145108115,0.5641936255810347,0.8077311730920633
764,1307.7484018897649,2318.0671489539104,0.5641546675987886,0.8076753986641468
765,1307.6037627816215,2318.001199181851,0.5641083202386376,0.8076090451892276
766,1307.4915469010027,2317.9327046343806,0.5640765774980685,0.8075636005051432
767,1307.384003123458,2317.861804751249,0.5640474339080648,0.8075218769104862
768,1307.271949341547,2317.7873230095765,0.56401721433358,0.8074786128762217
769,1307.1558125894994,2317.7080828864864,0.5639863890717248,0.8074344817060166
770,1307.0360199015456,2317.633832963396,0.5639527699810674,0.8073863507341236
771,1306.8719298199821,2317.5544542720554,0.5639012828419045,0.8073126388638906
772,1306.740807652461,2317.4700949671974,0.5638652297996352,0.8072610233106382
773,1306.5917448182956,2317.3809032035547,0.5638226081055812,0.8072000037078344
774,1306.4834724680652,2317.28702713586,0.5637987254789337,0.8071658120027818
775,1306.3555077393494,2317.1886149188467,0.5637674461753305,0.8071210308009967
776,1306.1794763863218,2317.0858147072468,0.563716487363396,0.807048075313595
777,1305.9584286534816,2316.9993089017603,0.5636421312842324,0.8069416229888501
778,1305.73381649207,2316.900435662078,0.5635692394865225,0.8068372670113922
779,1305.5060233613947,2316.7996189809014,0.5634954411532803,0.8067316131869263
780,1305.1932957368986,2316.697015727946,0.5633854090008332,0.8065740849988289
781,1304.8728204913757,2316.5927827729297,0.5632724189572329,0.8064123221281991
782,1304.54491136426,2316.466542739604,0.5631615597700023,0.8062536099108152
783,1304.2098820949852,2316.3376533510564,0.5630482586198859,0.806091401642684
784,1303.8680464229858,2316.226788293001,0.5629276256596197,0.8059186967447706
785,1303.5197180876962,2316.09435190585,0.5628094196659414,0.8057494664280651
786,1303.2324748202393,2315.9597019126913,0.5627181136804467,0.8056187476687064
787,1302.9348215040566,2315.8229777532733,0.5626228058105358,0.8054822995876266
788,1302.6271328834735,2315.6843188673447,0.5625236230474708,0.8053403039926241
789,1302.2425197111234,2315.5438646946536,0.5623916435212285,0.805151354715776
790,1301.8531655873237,2315.401754674949,0.562258002508116,0.8049600267613287
791,1301.4593842515083,2315.2581282479796,0.5621228010702888,0.8047664648155208
792,1301.0614894431114,2315.093906570153,0.5619908055352509,0.804577492619585
793,1300.7008633935004,2314.929745897217,0.5618748757705287,0.8044115210796569
794,1300.300981568687,2314.7657682389504,0.5617419262934505,0.8042211831669026
795,1299.9032262000387,2314.5924864634644,0.5616121342319744,0.8040353655870492
796,1299.46947446031,2314.402378667823,0.5614708515847139,0.8038330974414427
797,1299.000005228998,2314.217390925449,0.5613128698810493,0.8036069219920186
798,1298.5334990923416,2314.0376191011674,0.5611548785437317,0.8033807327505174
799,1298.1112685618345,2313.863159059806,0.56101470974165,0.8031800592480124
800,1297.6951559502936,2313.6941066661925,0.5608758531265595,0.8029812643458489
801,1297.244371645283,2313.5305577851523,0.5607206558305389,0.8027590752102549
802,1296.766794864093,2313.3726082815147,0.5605524982105646,0.8025183313494815
803,1296.2914709063398,2313.2203540201053,0.5603839118281738,0.802276973648434
804,1295.8083505236473,2313.0533566197846,0.5602155033800414,0.8020358706880302
805,1295.3272520173084,2312.890912798752,0.5600468421789405,0.8017944058723295
806,1294.848384546946,2312.7331009918657,0.5598780006182391,0.8015526828437299
807,1294.3693253469296,2312.545908358468,0.5597161641931345,0.801320988759338
808,1293.887651651628,2312.354924706907,0.5595540882702639,0.8010889517965392
809,1293.4035726206644,2312.1602023270884,0.5593918498030154,0.8008566821261112
810,1292.9172974136618,2311.981011792259,0.5592248772023374,0.8006176348052894
811,1292.4290351902423,2311.796888576325,0.5590582120673064,0.8003790276694972
812,1291.9678225350397,2311.6092183617884,0.558904079579092,0.8001583629723575
813,1291.5030933836788,2311.41938683115,0.5587489231689237,0.7999362323712381
814,1291.0864186556516,2311.289066442182,0.5586001497610376,0.7997232400334515
815,1290.7104420327255,2311.1799426379866,0.5584638470683098,0.7995281014694892
816,1290.3363827063417,2311.0524023290063,0.5583328103707129,0.7993405019989014
817,1290.0466913997998,2310.907883487646,0.5582423689917263,0.799211021058613
818,1289.6827414551833,2310.7670249396842,0.5581188962521424,0.7990342505736819
819,1289.4038567291518,2310.6011038399224,0.558038276094618,0.7989188302437464
820,1289.0514105637885,2310.46982741718,0.5579174396771018,0.7987458340650462
821,1288.779462965246,2310.361717165657,0.5578258388674808,0.7986146932189667
822,1288.5062604089667,2310.2768950951336,0.5577280641747092,0.7984747134962078
823,1288.2321863542595,2310.1962823620183,0.5576288890211224,0.7983327287953602
824,1287.957624260432,2310.1200184060604,0.5575284461406896,0.7981889291458035
825,1287.6829575867937,2310.115506658697,0.5574106376391852,0.7980202679011423
826,1287.4470063593315,2310.1110777036847,0.5573095678321623,0.7978755707083892
827,1287.2091204053593,2310.1198310338987,0.5572044805265649,0.7977251218398117
828,1286.9697180441215,2310.1426337902744,0.5570953495337113,0.7975688838022275
829,1286.6984162259143,2310.1469285345283,0.5569768746450029,0.7973992685203465
830,1286.45523591899,2310.1315997486736,0.5568753035796521,0.797253853698115
831,1286.2117680175845,2310.11604873072,0.556773660234206,0.7971083353956534
832,1285.968430840943,2310.038855757438,0.556686926557903,0.7969841626100522
833,1285.6948413393618,2309.919369836931,0.5565972813285365,0.7968558214821216
834,1285.3688834972268,2309.798755325958,0.556485226487117,0.7966953974992784
835,1285.0389516222588,2309.677108089349,0.5563716881124093,0.7965328496071447
836,1284.7726583055187,2309.5545239919293,0.5562859178941854,0.7964100561620555
837,1284.3928427320159,2309.431098898526,0.5561511851748259,0.7962171652598408
838,1284.0876561834198,2309.3069286739674,0.5560489340932947,0.796070776888384
839,1283.7061071995433,2309.18210918308,0.5559137592892925,0.7958772530730507
840,1283.3203880956878,2309.05673629069,0.5557768970879584,0.795681313485251
841,1282.9616226952214,2308.930905861625,0.5556518038015772,0.7955022229348205
842,1282.6424006644381,2308.8047137607127,0.5555439111067982,0.7953477577140693
843,1282.3246688959678,2308.6782558527793,0.5554367160712496,0.7951942913013209
844,1282.0088108491175,2308.5516280026523,0.5553303618157786,0.7950420285963915
845,1281.695209983197,2308.4249260751594,0.5552249915107123,0.7948911745699345
846,1281.394516880497,2308.298245935127,0.5551251962942875,0.7947483021524222
847,1281.0975145736404,2308.1716834473827,0.5550269608455858,0.7946076627856847
848,1280.7943281139374,2308.045334476753,0.554925983897236,0.7944630985346055
849,1280.4565135356859,2307.9096857463956,0.554812227464428,0.7943002384582901
850,1280.12548793019,2307.7847006708066,0.5546988363160976,0.7941379013436783
851,1279.8015998968224,2307.6505988501585,0.5545907168678454,0.793983111489963
852,1279.485198034953,2307.579337295179,0.5544707292858226,0.7938113305516656
853,1279.1766309439536,2307.5134005955956,0.5543528503946211,0.7936425685331743
854,1278.8762472231958,2307.4625373328277,0.5542348907217518,0.7934736908631258
855,1278.5433269801172,2307.3550258007244,0.5541164288475383,0.7933040942135242
856,1278.2576890127655,2307.2486167141333,0.5540181841492208,0.793163441604519
857,1277.9401768618986,2307.24344524246,0.5538818105636029,0.7929682015463271
858,1277.6295408336307,2307.240971058422,0.5537477692447235,0.7927763004917383
859,1277.3645312340757,2307.24137717669,0.5536328118374648,0.7926117210331792
860,1277.171692162361,2307.183243874034,0.5535631794975412,0.7925120314779246
861,1276.979563361865,2307.1531841502465,0.5534871165618735,0.7924031355218734
862,1276.7885544368496,2307.120553506096,0.553412153732727,0.7922958145398923
863,1276.5990749915757,2307.085508811298,0.5533384307239354,0.7921902685541258
864,1276.4115346303045,2307.0482069355717,0.553266087285514,0.7920866976385177
865,1276.1590789656084,2306.979977323624,0.5531730190593623,0.7919534559567996
866,1275.9401219574972,2306.911752069169,0.5530944652794159,0.7918409939686627
867,1275.7216050560926,2306.8436618969695,0.5530160652530037,0.7917287521026914
868,1275.5135121473882,2306.7758375317912,0.5529421157420153,0.7916228818437024
869,1275.3347869927188,2306.7084096983967,0.5528807982971152,0.7915350963575598
870,1275.1550378273964,2306.6415091215517,0.5528189069627119,0.791446489259083
871,1274.9746742556824,2306.5752665260206,0.5527565879850725,0.7913572699226138
872,1274.765278456828,2306.5098126365665,0.5526814893536682,0.7912497545185194
873,1274.5457941921677,2306.483714744634,0.552592583266204,0.7911224715875068
874,1274.3242314037561,2306.4560699429917,0.5525031445473199,0.7909944261115416
875,1274.0721374109078,2306.4353369953824,0.5523988108292925,0.7908450561211088
876,1273.8206621819434,2306.430641361852,0.5522909032416448,0.7906905695788928
877,1273.5701543162343,2306.4229564887114,0.5521841302928723,0.7905377074491982
878,1273.3620309050846,2306.4124741056166,0.5520964030507468,0.7904121122191543
879,1273.1582388411236,2306.3993859422208,0.5520111766423348,0.7902900973226298
880,1272.9591615836596,2306.383883728179,0.5519285711995051,0.790171834747132
881,1272.7651825920007,2306.3373317681358,0.5518556045815921,0.7900673716528837
882,1272.5670761837853,2306.319524440751,0.5517739683066527,0.7899504965923834
883,1272.3754842263215,2306.29985210673,0.5516956015342271,0.7898383023346806
884,1272.2010485869162,2306.240069929048,0.5516342661698943,0.789750491194075
885,1272.034543583208,2306.181403269353,0.5515760996857885,0.7896672167997693
886,1271.8763526745051,2306.124008997363,0.5515212311706865,0.7895886639624814
887,1271.7576606890661,2306.047509736829,0.5514880570843927,0.789541170083743
888,1271.650049806142,2305.9424357858306,0.5514665197497798,0.7895103360300362
889,1271.5231282610453,2305.839701808112,0.5514360461674709,0.7894667083439535
890,1271.39583981511,2305.7394210984676,0.55140482405831,0.7894220090249335
891,1271.2781683543303,2305.603270385016,0.55138634850307,0.7893955583859491
892,1271.1903648876842,2305.4723965945464,0.5513795640170672,0.7893858453360503
893,1271.1026782018268,2305.4141421536083,0.5513554614592687,0.789351338765252
894,1271.0251008977377,2305.3279492160573,0.5513424245474309,0.7893326743925706
895,1270.9580164347244,2305.244732445638,0.5513332265968841,0.7893195060917456
896,1270.9402448387757,2305.193432562158,0.5513377866195642,0.7893260344754454
897,1270.9311359372036,2305.1529967780843,0.5513435063588342,0.7893342231743261
898,1270.8489710653878,2305.113306125166,0.551317355068177,0.7892967835228968
899,1270.7325353893796,2305.0642416351534,0.5512785771592875,0.7892412668980765
900,1270.6205792152925,2305.0155518894658,0.5512416513518706,0.7891884018453892
901,1270.5107843573076,2304.96737632785,0.5512055387011233,0.7891367009533035
902,1270.3213275709927,2304.9198543900557,0.5511347065501998,0.7890352936814663
903,1270.1293260092677,2304.8320570238984,0.5510723968536411,0.7889460876323116
904,1269.893955199759,2304.742525375869,0.5509916796422448,0.7888305283546209
905,1269.6538608687688,2304.6513640257785,0.5509092961683063,0.7887125835622116
906,1269.4092521759208,2304.5586775534384,0.5508253118221962,0.7885923468715985
907,1269.198774847517,2304.46457053866,0.5507564711879456,0.7884937907664983
908,1269.0200409778633,2304.358880438272,0.550704168413431,0.7884189111870433
909,1268.8322609545246,2304.261579381755,0.5506459302658506,0.7883355341952963
910,1268.635713656998,2304.1631628072496,0.5505841487854405,0.788247084369945
911,1268.43067796478,2304.0534681715835,0.5505213726534577,0.78815721054573
912,1268.2174327573675,2303.9422004812545,0.550455403131406,0.7880627648855538
913,1267.9962569142579,2303.8967195927794,0.5503702688280141,0.7879408818517315
914,1267.7674293149487,2303.845312514992,0.5502832253659385,0.7878162655594791
915,1267.5312288389362,2303.7881361176096,0.5501943555343615,0.7876890345344241
916,1267.287934365718,2303.725347270349,0.5501037421267727,0.7875593073083602
917,1267.0378247747906,2303.6571028429275,0.55001146794423,0.7874272024239163
918,1266.7811789456512,2303.516295713374,0.549933673707024,0.7873158278396793
919,1266.518275757797,2303.3543573614297,0.5498581977671193,0.7872077722596175
920,1266.2493940907254,2303.190584505294,0.5497805533807812,0.7870966122102704
921,1265.9748128239326,2303.014788456843,0.5497032929051276,0.7869860017889473
922,1265.6948108369163,2302.8366480776185,0.5496242262313759,0.7868728055133314
923,1265.3685985172401,2302.6562330874976,0.5495256219034402,0.7867316380384359
924,1265.034856451144,2302.473613206352,0.549424257978573,0.7865865197701146
925,1264.6527601662544,2302.288858154058,0.5493023847495118,0.7864120392339746
926,1264.2609553888744,2302.102037650488,0.5491767674551784,0.7862321984844305
927,1263.9199380538992,2301.990094548878,0.5490553330558923,0.7860583462015585
928,1263.6120672901438,2301.8710313051083,0.5489499846451886,0.7859075235202965
929,1263.299202840395,2301.784081906922,0.5488347985245471,0.7857426166228569
930,1262.981641014118,2301.6890101433837,0.548719499223503,0.7855775476900183
931,1262.6596781207777,2301.5859903141795,0.5486041727028489,0.7854124397880624
932,1262.3912653198604,2301.475196718996,0.5485139562310022,0.7852832808374239
933,1262.1535850395167,2301.3279762325083,0.548445766129251,0.7851856560710611
934,1261.9059522471225,2301.175278378399,0.5483745476078499,0.7850836956496224
935,1261.6775778269957,2301.04607873641,0.5483060897762768,0.7849856875862614
936,1261.438070014448,2300.909750237279,0.5482344841575657,0.7848831729746475
937,1261.1159685528578,2300.7088123306703,0.548142364559085,0.7847512894013992
938,1260.7500586082765,2300.504989764264,0.5480318730964663,0.7845931036391517
939,1260.2561543040333,2300.298404547841,0.547866377602325,0.7843561710267236
940,1259.8295488514161,2300.07956954951,0.5477330286874225,0.7841652612564229
941,1259.4032571382331,2299.8204286203704,0.5476093878745704,0.7839882501483938
942,1258.9775580439816,2299.562128687214,0.547485776678151,0.7838112814409074
943,1258.5527304481582,2299.373328139216,0.5473459725074965,0.7836111299651625
944,1258.12905323026,2299.1836125178684,0.5472068635059839,0.7834119737324706
945,1257.747873761717,2298.9931212629194,0.5470864014898796,0.7832395135677874
946,1257.3710692152843,2298.8314792204405,0.5469609584612408,0.7830599223067655
947,1257.0592401056679,2298.7097770794303,0.546854262612827,0.7829071705582596
948,1256.8498730662616,2298.5897787178474,0.5467917262589291,0.7828176400137719
949,1256.6407500464145,2298.47168458033,0.5467288365903277,0.7827276036441788
950,1256.4323242253108,2298.365304253187,0.5466634576758747,0.7826340035308982
951,1256.225048782132,2298.2605797730575,0.546598179439765,0.7825405475543689
952,1256.0193768960614,2298.148111157895,0.5465354346823325,0.7824507186477162
953,1255.815761746281,2298.0383659753206,0.5464729311485166,0.7823612350902948
954,1255.6146565119745,2297.931544669973,0.5464108186444279,0.7822723113529172
955,1255.4549509390035,2297.82784768649,0.5463659743714164,0.7822081097816771
956,1255.3248919995647,2297.7274754695113,0.5463332381239229,0.7821612427374715
957,1255.194192508781,2297.611410180335,0.54630395155039,0.7821193144395912
958,1255.0222981587926,2297.449033464681,0.5462677429958692,0.7820674762462955
959,1254.8481248404141,2297.2885304706488,0.5462300917783852,0.7820135726559538
960,1254.6721518777815,2297.1300406379855,0.5461911731951055,0.7819578546338027
961,1254.4275946033404,2296.953169160473,0.5461267610701129,0.7818656386304262
962,1254.1867411972196,2296.777256331232,0.5460637237415877,0.7817753908626217
963,1253.9192086097146,2296.622958406008,0.5459839213137574,0.7816611412402857
964,1253.654216440128,2296.49041482455,0.545900043103775,0.7815410565000936
965,1253.3537202960729,2296.3592482106096,0.5458003669385454,0.7813983545229358
966,1253.048878860854,2296.209081187935,0.5457033025113697,0.7812593916561587
967,1252.7496498755138,2296.079805725584,0.5456037053902107,0.7811168028429167
968,1252.4563819394225,2295.972894655897,0.5455013797656924,0.7809703077515471
969,1252.2078602186314,2295.869303995223,0.5454177457051086,0.7808505725492995
970,1251.9633996805162,2295.809618553866,0.5453254440449334,0.7807184283263391
971,1251.7233837843846,2295.7241515745063,0.5452411967378131,0.7805978151660254
972,1251.3676224390001,2295.611770109186,0.5451129144452336,0.7804141590558283
973,1251.0143361491519,2295.5021164339464,0.544985050195727,0.7802311014394929
974,1250.663803794337,2295.395347418504,0.5448576887641098,0.7800487636853913
975,1250.3163042540525,2295.224355940887,0.5447468788912826,0.7798901220692677
976,1250.0105529744749,2294.989237865923,0.5446694617778868,0.7797792873965855
977,1249.626290144493,2294.757292045237,0.5445570625165089,0.7796183703228523
978,1249.243264842279,2294.5696218307007,0.5444346743532593,0.7794431525781067
979,1248.900157654073,2294.346791883574,0.5443380059510411,0.7793047566828247
980,1248.623442959128,2294.1272736304754,0.5442694733248914,0.7792066415393614
981,1248.3415907809479,2293.911101931341,0.5441978940377926,0.7791041646255575
982,1248.0549410039212,2293.6983116461083,0.5441234074538055,0.7789975254628028
983,1247.7638335124334,2293.4889376347146,0.5440461530192763,0.7788869236902914
984,1247.4782173325423,2293.324083249029,0.5439607190472608,0.7787646116340946
985,1247.2266105073152,2293.165381642248,0.5438886442695707,0.7786614253482268
986,1246.9683280041274,2293.0129025342435,0.543812172459202,0.7785519440242682
987,1246.6318834214053,2292.866715644892,0.5437001090884507,0.7783915078303563
988,1246.3978015580717,2292.755718119076,0.5436243345543099,0.7782830247660731
989,1246.0094252555084,2292.6684227360133,0.543475634286685,0.7780701371399783
990,1245.6856810193813,2292.603626827872,0.5433497820741723,0.7778899600684199
991,1245.359653457372,2292.5409268734516,0.5432224301250679,0.7777076358900145
992,1245.0316911688521,2292.480453597515,0.5430936997587327,0.7775233382923494
993,1244.7021427531927,2292.422337724827,0.5429637123447895,0.77733724103497
994,1244.3617476680954,2292.366709980152,0.5428283975031506,0.7771435167339179
995,1244.0307220626003,2292.313701088253,0.542696543440808,0.7769547470782111
996,1243.6991474130953,2292.263441773896,0.5425637929515831,0.7767646940476052
997,1243.367372318951,2292.216062761844,0.5424302675991386,0.776573531679444
998,1243.0357453795402,2292.1716947768614,0.5422960889936944,0.776381434077725
999,1242.7046151942336,2292.130468543713,0.5421613787908749,0.7761885754114491
1000,1242.4153988543353,2292.102781910146,0.5420417481536131,0.7760173054952502
1001,1242.1204341108046,2292.0688980512555,0.5419210719044573,0.7758445386225394
1002,1241.8399719726178,2292.0488239564593,0.5418034550542403,0.7756761517565884
1003,1241.5641287761011,2292.042699065505,0.5416845546910197,0.7755059273415814
1004,1241.2932879805624,2292.0404044101438,0.5415669311902942,0.7753375309543901
1005,1241.0278330453102,2292.031821022124,0.5414531428677452,0.7751746252229366
1006,1240.7681474296533,2292.0266974828646,0.5413410536588784,0.7750141520377323
1007,1240.5530511595794,2292.025173232114,0.5412475681539769,0.7748803129564003
1008,1240.3418940624013,2291.986319217687,0.5411646150164462,0.7747615526017075
1009,1240.1350944573642,2291.948676586075,0.5410832743011427,0.7746451006809248
1010,1239.892002171781,2291.9123499170905,0.5409857851748274,0.7745055297910886
1011,1239.579567370757,2291.8774437905436,0.5408577019374179,0.7743221586594142
1012,1239.2653765004004,2291.803652275627,0.5407380232027654,0.7741508198842987
1013,1238.949752015129,2291.7301396402067,0.5406176454133642,0.7739784803032779
1014,1238.6330163693617,2291.6569756041577,0.5404966928101517,0.7738053177866315
1015,1238.3154920175168,2291.5842298873545,0.5403752896651709,0.7736315102491724
1016,1238.0693712748957,2291.542773578621,0.5402776616477669,0.7734917405150795
1017,1237.7559037482345,2291.5038751177744,0.5401500373568509,0.7733090264368931
1018,1237.442675883641,2291.4676303696415,0.5400218879304118,0.7731255605452996
1019,1237.11974301255,2291.43413519905,0.5398888512695937,0.7729350978154235
1020,1236.7662266471168,2291.413094612497,0.5397395299673224,0.7727213210813687
1021,1236.411241806832,2291.39434606681,0.5395890253151485,0.7725058501973595
1022,1236.055076086177,2291.3779941418006,0.5394374386270223,0.7722888302101181
1023,1235.7288184485826,2291.364143417281,0.5392983136262439,0.7720896510719819
1024,1235.3731538395239,2291.311829981128,0.5391554033261805,0.7718850526875207
1025,1235.0171972784915,2291.2595601198973,0.5390123488295955,0.7716802478632484
1026,1234.6920377289166,2291.176602184511,0.5388899470043931,0.7715050105592864
1027,1234.4075980719037,2291.0918271749033,0.538785736752431,0.7713558173297832
1028,1234.084721848211,2291.005278665994,0.5386651586271306,0.771183190936676
1029,1233.7647912892057,2290.9170002327037,0.5385462638602289,0.7710129745336722
1030,1233.4865567010017,2290.8270354499555,0.5384459575572998,0.7708693704161143
1031,1233.2477347577174,2290.7354278926696,0.5383632346805876,0.7707509397156973
1032,1233.0076404267277,2290.673022504717,0.5382730875655513,0.7706218800601506
1033,1232.8153608570035,2290.5802602120143,0.5382109425595483,0.7705329097912134
1034,1232.6206454491733,2290.5244485811704,0.5381390476808492,0.7704299810588103
1035,1232.4623578041446,2290.5056660470445,0.5380743545293771,0.7703373627221963
1036,1232.2614547574735,2290.4855893377535,0.5379913589038369,0.770218541539291
1037,1232.059431835322,2290.4643317480914,0.5379081502199204,0.7700994153300893
1038,1231.81827950524,2290.4420065728546,0.537808106893912,0.7699561877050101
1039,1231.6178950001333,2290.449528475789,0.5377188537394798,0.7698284078935005
1040,1231.398418578959,2290.4582094716325,0.5376209936888656,0.7696883059676766
1041,1231.1615758086052,2290.4297524334547,0.5375242678805426,0.769549827886602
1042,1230.9282931093303,2290.446398924933,0.5374185109448932,0.769398420338162
1043,1230.6886955324446,2290.469851819136,0.5373084018351115,0.7692407819736368
1044,1230.4527756789262,2290.428380694929,0.5372151279864947,0.7691072459112885
1045,1230.2209170080832,2290.42012934781,0.5371158335734609,0.7689650904719415
1046,1230.0127212625641,2290.416374932581,0.537025815360218,0.7688362153594169
1047,1229.7669865937469,2290.3864206601042,0.5369255491129397,0.7686926685877705
1048,1229.52251559765,2290.348905267263,0.5368276042004071,0.7685524451688744
1049,1229.2796743036145,2290.3135076156027,0.5367298713543334,0.7684125253561905
1050,1229.0798972329123,2290.280297424997,0.5366504259827012,0.7682987869154928
1051,1228.9017350662277,2290.2877809820006,0.5365708821706741,0.7681849075420158
1052,1228.7224399515862,2290.285385232821,0.5364931583959259,0.7680736338357775
1053,1228.542430208234,2290.2834731652697,0.5364150091474641,0.7679617509975563
1054,1228.362124155416,2290.2821406441726,0.5363365946738434,0.7678494884481526
1055,1228.1819401123778,2290.252656109348,0.5362648251214334,0.7677467391398796
1056,1228.0407329650452,2290.2547180746296,0.5362026866589905,0.7676577782390693
1057,1227.8594508339875,2290.2576210358934,0.5361228534100986,0.7675434844915765
1058,1227.6769486051303,2290.261460857969,0.5360422683553443,0.7674281144167315
1059,1227.4499441805328,2290.2663334056806,0.5359420108818896,0.7672845802061821
1060,1227.2172575861832,2290.2435071188484,0.5358457534194851,0.7671467726353384
1061,1226.9792722813895,2290.2238530862946,0.5357464383352388,0.7670045876019265
1062,1226.7363717254607,2290.2074410278933,0.5356442170910403,0.766858241947265
1063,1226.488939377705,2290.19434066352,0.5355392411904939,0.7667079525723942
1064,1226.2373586974306,2290.1511884188444,0.5354394787987966,0.766565127148599
1065,1225.9820131439462,2290.0657868018666,0.5353479451156119,0.766434082404483
1066,1225.7232861765606,2289.9792130195033,0.5352552019720545,0.766301306129202
1067,1225.4615612545815,2289.9299123534165,0.5351524318030961,0.7661541746031304
1068,1225.1972218373178,2289.876859886597,0.5350493920873955,0.7660066571788557
1069,1224.9306513840772,2289.8919690548473,0.5349294499205861,0.7658349412595197
1070,1224.6622333541693,2289.9080804462906,0.534808468432274,0.7656617373893482
1071,1224.3923512069016,2289.9252986407373,0.5346865908393087,0.7654872506055987
1072,1224.0829518349033,2289.9437282179997,0.5345471754397504,0.7652876557163153
1073,1223.7754523294786,2289.9634737578886,0.5344082848278937,0.7650888121424785
1074,1223.4702012899988,2290.0903403985844,0.5342453874885377,0.7648555991938633
1075,1223.1675473158355,2290.2115902319106,0.5340849520336134,0.7646259108167958
1076,1222.8678390063592,2290.3274237025053,0.5339270823686385,0.7643998957682306
1077,1222.571424960942,2290.4380412550063,0.5337718824697196,0.7641777029061819
1078,1222.2965560996684,2290.461506350187,0.5336464082504394,0.7639980669908919
1079,1222.0601848099639,2290.4844319878407,0.5335378698685918,0.7638426773683931
1080,1221.8504709141828,2290.4562799741125,0.5334528677089582,0.7637209835189712
1081,1221.6370400776052,2290.348985445118,0.5333846710003393,0.7636233492938468
1082,1221.4299284761312,2290.2344618366615,0.5333209105135032,0.7635320662121282
1083,1221.1577019980916,2290.112752723663,0.5332303837641844,0.763402463050894
1084,1220.8373304608817,2289.9762664833165,0.533122263461579,0.7632476719740388
1085,1220.507599030552,2289.8372790424805,0.5330106249038448,0.7630878439662195
1086,1220.1380549375249,2289.6650238921425,0.5328893275678569,0.7629141879108369
1087,1219.757848061228,2289.4883371722976,0.532764385935998,0.7627353144775089
1088,1219.36730085608,2289.3688303358276,0.532621605002463,0.7625309013014107
1089,1218.9975371454489,2289.248909537605,0.5324879841885208,0.7623396022652263
1090,1218.743283579495,2289.1670723491984,0.5323959523534433,0.7622078443389781
1091,1218.4896836373625,2289.092613266486,0.5323024837770124,0.762074029493392
1092,1218.2371904982338,2289.0570962195407,0.5322004385605741,0.7619279358499248
1093,1217.9862573412918,2289.022224081433,0.5320989217699974,0.7617825987304977
1094,1217.737337345719,2288.9368006769932,0.5320100305895522,0.761655337141208
1095,1217.4908836906982,2288.8105310127203,0.5319317030370356,0.7615431990329221
1096,1217.247349555412,2288.6845445854374,0.5318545766541622,0.7614327805863286
1097,1217.0071881190433,2288.5383681540666,0.5317836069756089,0.7613311764222389
1098,1216.7503183148078,2288.3912635768697,0.5317055425272715,0.7612194149886222
1099,1216.3937229454275,2288.243274428768,0.5315840918396604,0.7610455393864723
1100,1216.0338420269727,2288.094444284683,0.5314613848499318,0.7608698651918943
1101,1215.6710241588148,2287.934549596553,0.5313399478027824,0.7606960091181929
1102,1215.3056179403252,2287.773234365985,0.5312176922452392,0.7605209812191986
1103,1214.976408537554,2287.6208005758995,0.5311091804339638,0.7603656296366182
1104,1214.6042743511985,2287.467682659548,0.5309820477721575,0.7601836194021826
1105,1214.2306324725612,2287.313924191851,0.5308543875985762,0.7600008539523642
1106,1213.814763009082,2287.159568747731,0.5307083858926693,0.7597918297382673
1107,1213.4030514646038,2287.004659902109,0.5305643109256023,0.7595855639513357
1108,1212.9739700849523,2286.869775475873,0.5304079764806657,0.7593617468097059
1109,1212.538099732544,2286.735758190573,0.5302484536700427,0.759133365025302
1110,1212.0957541468147,2286.6026690511,0.5300858651799848,0.7589005942426288
1111,1211.6184196421873,2286.4705690623423,0.529907725923216,0.758645560111934
1112,1211.2090550429762,2286.33951922919,0.5297590514690136,0.7584327094417797
1113,1210.829572381873,2286.2095805565345,0.5296231730807109,0.7582381783357812
1114,1210.4495450342524,2286.080814049265,0.5294867694944783,0.7580428953270301
1115,1210.078956886108,2285.9327464663047,0.5293589493202288,0.7578599008112996
1116,1209.7489927656984,2285.784639665915,0.5292488941313879,0.7577023396430114
1117,1209.460070992269,2285.6365372230184,0.529156780308442,0.757570464338342
1118,1209.1715762530694,2285.4884827125343,0.5290648302974439,0.7574388235560257
1119,1208.8839617272822,2285.3405197093857,0.5289732323483283,0.7573076868052058
1120,1208.5566121021573,2285.192691788494,0.5288642032004255,0.7571515945745535
1121,1208.2283822636198,2285.0347754017957,0.5287571092003042,0.756998272809778
1122,1207.8612539642354,2284.8668054092295,0.5286353021124582,0.7568238869651039
1123,1207.5377476471792,2284.7093422017147,0.5285301396297117,0.7566733304687121
1124,1207.2198450650164,2284.552811497518,0.5284271998394675,0.7565259561033137
1125,1206.9079645369932,2284.3684207315664,0.5283333255633442,0.7563915604353404
1126,1206.5640878156748,2284.2588498486775,0.5282081266296088,0.7562123186342445
1127,1206.18859836037,2284.156904577036,0.5280673126891532,0.7560107215155341
1128,1205.8613498290626,2284.0626546365156,0.5279458281852442,0.7558367975000795
1129,1205.5442891143814,2284.0049971720005,0.5278203377869387,0.7556571384219913
1130,1205.2351677503818,2283.953226679369,0.5276969570443738,0.7554804996451419
1131,1204.8598674102361,2283.9170481651167,0.5275409929525297,0.7552572127217283
1132,1204.485974540052,2283.972781361102,0.5273644171110722,0.7550044168638997
1133,1204.1522481609277,2284.0474234584854,0.5272010711308308,0.7547705616158822
1134,1203.856413661965,2284.1206406559386,0.5270546538716315,0.7545609424724327
1135,1203.547527602541,2284.192633398099,0.5269028145897104,0.7543435608577764
1136,1203.1945140917007,2284.263602129607,0.5267319029948946,0.7540988742524758
1137,1202.8361582954951,2284.3337472951007,0.5265588531972545,0.7538511264763338
1138,1202.4728088132963,2284.403269339218,0.5263837716188882,0.7536004698891826
1139,1202.1048142444745,2284.441567337647,0.5262138596284787,0.7533572143734993
1140,1201.7735916803342,2284.4378904857776,0.5260697157429749,0.7531508499190763
1141,1201.4410880135047,2284.411596506699,0.525930217588957,0.7529511365538765
1142,1201.107686703294,2284.3339799851806,0.5258021363019282,0.7527677682144764
1143,1200.7737712090104,2284.2564549709964,0.5256738001531692,0.7525840350007584
1144,1200.4685524149727,2284.1406633323268,0.5255668233074632,0.7524308809608012
1145,1200.171905679475,2284.0277171360253,0.5254629340419684,0.7522821472734907
1146,1199.87398219878,2283.9176599570137,0.525357810938492,0.7521316471546661
1147,1199.5745423108194,2283.810535370213,0.5252513392562858,0.7519792163350498
1148,1199.27400433484,2283.7063869505446,0.5251436923711731,0.7518251030291752
1149,1198.9727865900861,2283.60525827293,0.5250350437084115,0.7516695555223473
1150,1198.6713073958035,2283.5071929122905,0.5249255667406363,0.7515128221677004
1151,1198.3699850712385,2283.412234443548,0.5248154349857344,0.7513551513831538
1152,1198.079505058619,2283.3204264416245,0.5247093185802799,0.7512032291976208
1153,1197.7804181275224,2283.231812481439,0.5245986901460359,0.7510448473391281
1154,1197.4827517388637,2283.1361690149324,0.524490290150115,0.7508896558376675
1155,1197.1773150702188,2283.04314004371,0.5243778770852741,0.7507287190021241
1156,1196.8747848488324,2282.95276042771,0.5242661195602657,0.7505687206740963
1157,1196.575570678965,2282.8650650268683,0.5241551894635883,0.7504099069387795
1158,1196.2390136729452,2282.780088701123,0.5240272681516125,0.7502267676286194
1159,1195.9135342834477,2282.697866310411,0.523903558124596,0.7500496574297184
1160,1195.5892488467962,2282.61843271467,0.5237797223186825,0.7498723671587086
1161,1195.2665408223004,2282.541822773836,0.5236559211737749,0.7496951265103348
1162,1194.9457936692677,2282.4680713478465,0.523532315159014,0.7495181652212006
1163,1194.627390847007,2282.407480419622,0.5234067102809241,0.7493383422474456
1164,1194.3117158148268,2282.3504844224144,0.523281469680616,0.749159040794152
1165,1193.9991520320357,2282.258690364465,0.5231655627265286,0.7489931019112054
1166,1193.6900829579417,2282.1731754526913,0.5230497386427135,0.7488272816699789
1167,1193.3848920518535,2282.0939484020773,0.5229341644271315,0.7486618191541003
1168,1193.0839627730795,2282.059454494287,0.5228102012957727,0.7484843465968565
1169,1192.8261151476077,2281.990232245629,0.5227130678704912,0.7483452849485291
1170,1192.5322624360715,2281.9657954297013,0.522589893689232,0.7481689418964065
1171,1192.2438565897112,2281.9348520065078,0.522470593558519,0.7479981451518817
1172,1191.9612810678361,2281.907045977656,0.5223531270342148,0.7478299735009213
1173,1191.6849193297544,2281.882412203083,0.5222376547349,0.7476646568940754
1174,1191.4151548347747,2281.8609855427258,0.5221243372770162,0.7475024252788315
1175,1191.1523710422055,2281.842800856522,0.5220133352723025,0.7473435085959452
1176,1190.8873422696847,2281.818283862738,0.521902795981506,0.7471852543602014
1177,1190.6403195261905,2281.7592912626315,0.5218080294820842,0.7470495813354149
1178,1190.360350656114,2281.74531939983,0.5216885252422544,0.7468784923768543
1179,1190.1272893174403,2281.7353259273527,0.5215886679730234,0.7467355311210715
1180,1189.9030824027975,2281.7005095651443,0.5214983637925268,0.7466062466018206
1181,1189.647044879561,2281.6716716821534,0.5213927400880156,0.7464550297945353
1182,1189.356893421849,2281.6488122783803,0.5212707963738713,0.7462804483480051
1183,1189.0713783357755,2281.6319313538256,0.5211495167102741,0.7461068175934061
1184,1188.7497448688416,2281.5922014834778,0.5210176227355281,0.7459179907968686
1185,1188.4307084672237,2281.5193293994025,0.5208944290557782,0.7457416198296153
1186,1188.0734795184862,2281.480518088399,0.5207467125399546,0.7455301405976612
1187,1187.7578071008015,2281.44493132158,0.52061647020021,0.7453436783742359
1188,1187.4455335269868,2281.402925097338,0.520489178156166,0.745161439959268
1189,1187.2164427351518,2281.364722963736,0.5203974755920794,0.7450301534358001
1190,1186.950309774123,2281.3302813458504,0.5202886751995824,0.7448743887041906
1191,1186.7064191959796,2281.2995566687623,0.5201887738622332,0.7447313643580231
1192,1186.553682124441,2281.361619557832,0.5201076725198944,0.7446152551369749
1193,1186.4110291612155,2281.4267326914005,0.5200303004083789,0.7445044848915034
1194,1186.2686115025663,2281.446885221056,0.5199632825936358,0.7444085384368359
1195,1186.088410901058,2281.4734040467292,0.5198782544636512,0.744286807406806
1196,1185.9118793079328,2281.5062804534364,0.5197933880209349,0.7441653078573193
1197,1185.7188659365324,2281.5455057261934,0.5196998538756429,0.7440313991396816
1198,1185.5289550995365,2281.5910711500155,0.5196062388611914,0.7438973746452289
1199,1185.342512826285,2281.64296800992,0.5195127061707454,0.7437634680104303
1200,1185.1983417127976,2281.6819693075813,0.5194406396928614,0.7436602936070295
1201,1185.0173375897384,2281.718974002343,0.519352887490395,0.7435346626423645
1202,1184.7793322404814,2281.72314586532,0.5192476284370451,0.7433839678900915
1203,1184.5807308211588,2281.7431188662986,0.5191560439151129,0.7432528503623791
1204,1184.3808134392098,2281.7692228587207,0.5190624895691051,0.743118912724266
1205,1184.1799286940054,2281.801396837695,0.5189671328692925,0.7429823947355658
1206,1184.007252609927,2281.8703811672813,0.5188757706755688,0.7428515955053605
1207,1183.8008992120854,2281.9549487602635,0.5187661131764317,0.7426946036919115
1208,1183.6304550354812,2282.0428324047657,0.5186714457012176,0.7425590724357233
1209,1183.4167984808112,2282.134005955834,0.5185571028661644,0.742395372833132
1210,1183.2275421391348,2282.228443268516,0.5184527191522351,0.7422459312657677
1211,1183.0418685274972,2282.356919566809,0.5183421831989531,0.7420876818081964
1212,1182.840284840553,2282.490607425703,0.5182235059335532,0.7419177767925165
1213,1182.6430420872805,2282.6295068451977,0.518105561389067,0.7417489207811082
1214,1182.440256604004,2282.764008683624,0.5179862009852996,0.7415780377463052
1215,1182.2323118500326,2282.863302857046,0.5178725814946724,0.7414153737240807
1216,1182.0195912846739,2283.0068508491577,0.5177468437490782,0.7412353605297697
1217,1181.8024783672372,2283.156207378293,0.5176178811366917,0.7410507304356585
1218,1181.5813565570302,2283.2702952375353,0.5174951730513828,0.7408750546725863
1219,1181.3181727466824,2283.3971165603134,0.5173511712786115,0.7406688936747052
1220,1181.0543440274973,2283.516760222036,0.5172085287925184,0.7404646787077139
1221,1180.790218998847,2283.620231487426,0.5170694333136752,0.7402655418348325
1222,1180.526146260102,2283.7472218808985,0.516925049738131,0.7400588342267318
1223,1180.303542902567,2283.8771535815667,0.5167981741275444,0.7398771920012097
1224,1180.084355818871,2284.0099830145086,0.5166721531844438,0.7396967733654977
1225,1179.8689684683222,2284.013509968648,0.5165770532086379,0.7395606229172546
1226,1179.657764310229,2284.0138123786023,0.5164845141990265,0.7394281388915565
1227,1179.4511268038996,2284.010733374656,0.5163947391180798,0.7392996118608356
1228,1179.249439408643,2283.9560703787406,0.5163187920742679,0.7391908818220517
1229,1179.012017091834,2283.9009585611348,0.5162272964037002,0.7390598914989258
1230,1178.7365765275908,2283.8349303542163,0.5161216166987919,0.7389085945183373
1231,1178.4310666530782,2283.7776528630166,0.5160007871938669,0.7387356082360895
1232,1178.1246024877862,2283.7911863621093,0.5158635384544247,0.7385391152586992
1233,1177.8360319282233,2283.808127420056,0.5157333568379874,0.7383527399701595
1234,1177.5540769132292,2283.8283365971083,0.5156053360244134,0.7381694582079421
1235,1177.2687840592548,2283.892742945451,0.5154658806529484,0.7379698060926396
1236,1177.0189036724144,2283.962805318594,0.5153406618231815,0.7377905358072715
1237,1176.7252792934653,2284.0384191367243,0.5151950463855247,0.7375820645964213
1238,1176.4292931537766,2284.1194798200313,0.5150471783754802,0.7373703684768612
1239,1176.131258992781,2284.2058827887035,0.5148972200162997,0.7371556796964782
1240,1175.8314905499135,2284.29752346293,0.5147453335095274,0.7369382304720818
1241,1175.530301564608,2284.3532287709654,0.5146009324473301,0.7367314978291096
1242,1175.2280057762987,2284.3728592730617,0.5144641782122567,0.7365357128118517
1243,1174.9249169244192,2284.397309161467,0.5143259940871224,0.7363378806839499
1244,1174.6213487484042,2284.4648407031736,0.514177906273597,0.7361258698814239
1245,1174.3176149876883,2284.4958093998216,0.5140379816657238,0.7359255459810156
1246,1174.0140293817049,2284.6106145022704,0.5138792676219259,0.7356983220724664
1247,1173.7109056698885,2284.7296463720963,0.5137198213073545,0.7354700498040916
1248,1173.4085575916733,2284.814363862808,0.5135684439622732,0.7352533295240704
1249,1173.1072988864935,2284.9056960265907,0.5134160682983572,0.7350351799949282
1250,1172.8458798604627,2285.0035034236957,0.513279685612363,0.7348399269081283
1251,1172.5835806210193,2285.107646614373,0.513141506641197,0.7346421021589357
1252,1172.3207497675346,2285.179549592196,0.5130103452819461,0.7344543242157465
1253,1172.0577358993803,2285.260106549412,0.5128771698855358,0.7342636628642314
1254,1171.7538191239942,2285.349143186334,0.512724203484411,0.7340446676026366
1255,1171.5272548061025,2285.446485203277,0.5126032319684362,0.7338714780094213
1256,1171.2989213464023,2285.5519583005566,0.5124796734952954,0.7336945847835317
1257,1171.0692022042006,2285.6653881784855,0.5123537365797276,0.7335142864463385
1258,1170.7974123468737,2285.7866005373794,0.5122076628114032,0.7333051590636511
1259,1170.5326040634554,2285.9154210775514,0.512062954416608,0.7330979864261301
1260,1170.2655255266318,2286.051675499317,0.5119156045634986,0.7328870321290404
1261,1169.9965340507576,2286.1951895029893,0.5117658104709383,0.732672578521945
1262,1169.7567883191389,2286.345788788883,0.5116272411876854,0.7324741949801227
1263,1169.5178443660745,2286.5032990573136,0.5114874948346879,0.7322741262793717
1264,1169.2492842819227,2286.6675460085944,0.5113333096115618,0.7320533860839806
1265,1168.9802928060487,2286.8383553430394,0.5111774909996621,0.7318303074377984
1266,1168.7009601298253,2287.015552760964,0.5110157465780804,0.7315987450707993
1267,1168.4212439942933,2287.198963962682,0.5108524716931261,0.7313649916067739
1268,1168.1004245068912,2287.3884146485075,0.5106699050438217,0.7311036189731178
1269,1167.777251973733,2287.583730518755,0.5104850311681995,0.7308389431851264
1270,1167.4520401342525,2287.7847372737397,0.5102980280939621,0.7305712191172232
1271,1167.1251027278838,2287.981651472105,0.5101112161353858,0.7303037686611975
1272,1166.796753494062,2288.184557222165,0.5099224840982856,0.7300335693132873
1273,1166.508374664153,2288.4035386322316,0.5097476712351922,0.7297832974339612
1274,1166.2218782708494,2288.590375694271,0.509580871551582,0.7295444976708922
1275,1165.937612913522,2288.785927740593,0.5094131341782994,0.7293043554588041
1276,1165.6559271915419,2288.9919595555143,0.5092442209442682,0.729062529818654
1277,1165.4182381962141,2289.2390633483633,0.509085423560618,0.7288351865961077
1278,1165.2249293868467,2289.467427310508,0.5089502106416357,0.7286416082132354
1279,1165.0353505907522,2289.707643651278,0.5088140199125731,0.7284466299427229
1280,1164.849920127176,2289.928701842099,0.5086839250454085,0.7282603788492974
1281,1164.589551256751,2290.159194003407,0.5085190384607904,0.7280243179858242
1282,1164.3340976374614,2290.388617707641,0.5083565682415926,0.7277917165263341
1283,1164.1223444353582,2290.5339339700636,0.5082318699455569,0.7276131914661906
1284,1163.8725381258841,2290.6511592236475,0.5080968062026286,0.7274198266521069
1285,1163.5823953831568,2290.7694302753457,0.5079439161379488,0.7272009406780394
1286,1163.2522299466104,2290.888398525786,0.5077734169395494,0.7269568444825311
1287,1162.9233891876743,2291.0077153755983,0.5076034364192524,0.7267134908556253
1288,1162.634588552526,2291.1270322254104,0.5074509497726276,0.7264951824374253
1289,1162.3450732886672,2291.2267821925116,0.507302499395717,0.7262826525688638
1290,1162.0551571355309,2291.327133493528,0.5071537538875015,0.7260697001738073
1291,1161.765153832552,2291.4482543450863,0.5070003879117023,0.7258501328587439
1292,1161.4369405524847,2291.570577864476,0.5068300979997886,0.7256063362894826
1293,1161.111864666759,2291.745091067241,0.5066496571510236,0.7253480070708627
1294,1160.7902050548719,2291.923443220583,0.5064698860201646,0.7250906366578821
1295,1160.4414392273711,2292.146397791985,0.5062684653760421,0.7248022715899597
1296,1160.0946473438105,2292.3752480502535,0.5060666434653367,0.7245133320463378
1297,1159.7398150157508,2292.609723830876,0.5058601134596356,0.7242176521304013
1298,1159.386795404421,2292.849554969341,0.5056532352467948,0.7239214737016342
1299,1159.035832529383,2293.0944713011345,0.5054461763503924,0.723625036596167
1300,1158.687170410195,2293.344202661744,0.5052391041281016,0.723328580412612
1301,1158.417926199777,2293.598478886657,0.505065702154672,0.7230803284418981
1302,1158.0694035203376,2293.85702981136,0.5048568365289853,0.7227813047216624
1303,1157.7239833753026,2294.1195852713413,0.5046484894719953,0.7224830234133978
1304,1157.3819097842327,2294.3858751020875,0.5044408276496801,0.7221857231254474
1305,1157.081863333366,2294.655629139086,0.5042507680193749,0.7219136231207977
1306,1156.8317580999312,2294.870922367805,0.5040944773078277,0.721689868590336
1307,1156.5428023380628,2295.0930350717244,0.5039197909037789,0.7214397777568562
1308,1156.2179155674962,2295.321644796427,0.503728058413374,0.7211652827920555
1309,1155.9368555813876,2295.5564290874936,0.5035541017133192,0.720916236643656
1310,1155.648574359303,2295.7586289238266,0.5033841797650268,0.7206729668717103
1311,1155.3629599224087,2295.9401280579928,0.5032199863589933,0.7204378984014972
1312,1155.1187277168815,2296.1313443996337,0.5030717125717862,0.7202256213486391
1313,1154.8751229902227,2296.331894489442,0.5029216925312938,0.7200108442618377
1314,1154.6324594818661,2296.5413948681075,0.5027701490868087,0.7197938861846133
1315,1154.3910509312468,2296.759462076324,0.5026173049430481,0.719575065953504
1316,1154.1512110777978,2297.026781146714,0.5024543991174654,0.7193418408555317
1317,1153.9516902276337,2297.3045669132275,0.5023067932947787,0.719130520098068
1318,1153.7133319215127,2297.592470776493,0.5021401082201512,0.7188918844156335
1319,1153.4775183908027,2297.810639078526,0.5019898066332278,0.7186767042512028
1320,1153.2034948830037,2298.079227050628,0.50181189634747,0.7184219979282233
1321,1152.9710453362266,2298.3183461748763,0.5016585484143798,0.718202456444112
1322,1152.780483489905,2298.5660146987066,0.5015215904690952,0.7180063797839137
1323,1152.591089451477,2298.8218143028716,0.5013833966078861,0.7178085337173021
1324,1152.4704758120038,2299.085326668127,0.5012734683850048,0.717651154320588
1325,1152.3471823148636,2299.356133475227,0.50116080999302,0.7174898662609742
1326,1152.2216185643174,2299.633816404926,0.5010456927292944,0.7173250579429495
1327,1152.1044612876108,2299.9282242609615,0.5009306156316324,0.7171603071289097
1328,1151.976252539335,2300.2319702226555,0.5008087303594112,0.7169858093511078
1329,1151.847011065422,2300.506208119067,0.5006928505562225,0.7168199093389074
1330,1151.6787099034534,2300.788930052678,0.500558175876257,0.7166271015291376
1331,1151.4455282979964,2301.1393203532493,0.5003806236822016,0.7163729078702821
1332,1151.2869138410574,2301.497358052528,0.5002338628862251,0.716162796900354
1333,1151.131371416078,2301.8626509762225,0.5000869061096594,0.7159524053536453
1334,1150.912011775694,2302.2059795250293,0.49991704565598427,0.7157092236208356
1335,1150.7010185202198,2302.5789189759334,0.49974444264954504,0.7154621154959843
1336,1150.4987053890918,2302.9625081376307,0.4995733544613724,0.71521717606975
1337,1150.3053861217431,2303.3255447518945,0.4994106841487097,0.714984288145256
1338,1150.121374457608,2303.6964292095045,0.49925040464305587,0.7147548230338928
1339,1149.9854207028006,2304.0850015992137,0.49910720303488004,0.7145498075964329
1340,1149.815736472826,2304.4812344601078,0.49894775417522724,0.7143215316843772
1341,1149.6510720737986,2304.8654911896006,0.4987931297806164,0.7141001627465077
1342,1149.4917412451516,2305.257870284445,0.49863911368115893,0.7138796646780268
1343,1149.266187865437,2305.6066003805104,0.49846586476451166,0.7136316318319691
1344,1149.0316615379052,2305.9496387203408,0.49829000696456954,0.7133798639625637
1345,1148.7980154237857,2306.3384908610456,0.49810468843838046,0.713114551587933
1346,1148.606562034572,2306.7349250380767,0.49793608687639407,0.712873172154927
1347,1148.4191436830808,2307.1096606472406,0.4977739737611351,0.7126410819454232
1348,1148.2360392488097,2307.493019733352,0.4976119231691097,0.7124090812476802
1349,1148.0575276112556,2307.8845229722765,0.49745016103868844,0.7121774935277154
1350,1147.9511516416044,2308.283691039876,0.4973180532781286,0.7119883606634408
1351,1147.8043128714282,2308.7105788579847,0.497162495542943,0.7117656555029641
1352,1147.696821383789,2309.1461642304066,0.4970221630670547,0.7115647476758765
1353,1147.6001896380644,2309.590643244288,0.4968846721798402,0.711367908026182
1354,1147.4634306187095,2310.0435540054636,0.49672805026947797,0.711143679332959
1355,1147.3252946318378,2310.4852163364258,0.4965733113198928,0.7109221463917763
1356,1147.1860954168833,2310.9260760173356,0.49641834385025024,0.7107002862884889
1357,1147.0153453443315,2311.3663029903864,0.49624992103603505,0.7104591627607968
1358,1146.8318923106888,2311.774599132525,0.49608291947711003,0.7102200739817277
1359,1146.6456243371233,2312.1888693963874,0.4959134781392071,0.709977492278516
1360,1146.4568203031315,2312.6085821679358,0.4957418341967732,0.709731757203375
1361,1146.2349577192604,2313.0043784081176,0.49556108428473244,0.7094729855124707
1362,1145.9988496220815,2313.406501726888,0.4953728835665621,0.7092035468304794
1363,1145.7301797291277,2313.8047852235827,0.49517149720062315,0.7089152308371233
1364,1145.4503581422857,2314.208929547209,0.49496410782858785,0.7086183206042428
1365,1145.1692031628488,2314.6286353467685,0.49475288850873655,0.7083159272037015
1366,1144.8869239504393,2315.0537357216003,0.49454010776712226,0.7080112983843693
1367,1144.5652930980007,2315.4836729127087,0.4943093775557577,0.7076809720994856
1368,1144.283989963831,2315.9178891611,0.49409523339289346,0.7073743913299793
1369,1143.9637186489401,2316.3366084244394,0.4938676505342022,0.7070485709713443
1370,1143.7252270035597,2316.7495226367487,0.4936766861623687,0.7067751756880832
1371,1143.4508174219575,2317.1759241587333,0.49346741673793937,0.7064755738669664
1372,1143.181767555689,2317.6261629057276,0.4932554636518355,0.7061721299655879
1373,1142.9182865643768,2318.040710306092,0.4930535867998009,0.7058831117648839
1374,1142.6894110326539,2318.42989884519,0.49287209917445746,0.7056232839223249
1375,1142.464574896146,2318.82391112809,0.4926913895502939,0.7053645699098007
1376,1142.2824500261079,2319.2426626368715,0.492523903784775,0.7051247879134701
1377,1142.0638015284403,2319.66633375428,0.49233968907935965,0.7048610558304415
1378,1141.849933199652,2320.0847140047317,0.4921587243375645,0.7046019765772366
1379,1141.6410803443182,2320.5587960772245,0.49196817692109285,0.704329178230609
1380,1141.4374782670145,2321.011140364422,0.49178457544490606,0.7040663240808673
1381,1141.2874079806666,2321.471955616342,0.49162231110289645,0.703834017366683
1382,1141.1398127498544,2321.9406492140524,0.49145950958570617,0.7036009416024437
1383,1140.9949714540758,2322.4166285386236,0.4912964183226869,0.703367451021858
1384,1140.8127524622075,2322.8993009711244,0.4911158877981809,0.703108993418428
1385,1140.5549632271307,2323.3880738926227,0.4909016173592713,0.7028022318650674
1386,1140.3032570510827,2323.8823546841872,0.4906888916956592,0.7024976818984859
1387,1140.0551763084964,2324.3431141602073,0.49048488984398586,0.70220562142936
1388,1139.810895299057,2324.810793333748,0.49028114398272526,0.7019139274504371
1389,1139.5732202477036,2325.2847647259405,0.49007899485464285,0.7016245194441035
1390,1139.3423254541226,2325.764400857917,0.4898786502338102,0.7013376948713494
1391,1139.118385217999,2326.249074250808,0.48968031748056196,0.7010537506008363
1392,1138.9400104056979,2326.7381574257465,0.4895007230490417,0.7007966331605191
1393,1138.7663416849095,2327.2720913957974,0.4893137961371447,0.7005290181308854
1394,1138.5975882152559,2327.802237833678,0.4891298623696094,0.7002656882542504
1395,1138.433959156361,2328.297194036524,0.48895560329335785,0.7000162092071632
1396,1138.275663667847,2328.835828869096,0.4887745411494309,0.6997569905076146
1397,1138.1229109093367,2329.3380359388657,0.48860358322814385,0.6995122375787449
1398,1138.0047374654625,2329.84161561866,0.4884472531680141,0.69928842671465
1399,1137.861749846841,2330.3870002065587,0.4882715831087215,0.6990369276252666
1400,1137.7537860070533,2330.935151801967,0.48811044147989036,0.6988062282501084
1401,1137.609211389794,2331.48546907097,0.48793321960659636,0.6985525074969434
1402,1137.43783558137,2331.9989141129718,0.48775230069694103,0.6982934938595952
1403,1137.2706342504177,2332.5281602929763,0.4875699481834214,0.698032427794714
1404,1137.1077816966222,2333.064944934385,0.4873879675598152,0.697771894148248
1405,1136.9494522196694,2333.60864055833,0.48720656602798973,0.697512189561988
1406,1136.7835790523216,2334.158619685943,0.4870207060757824,0.6972461020515652
1407,1136.5891355520007,2334.714254838355,0.4868215171071087,0.6969609319751253
1408,1136.4258899524139,2335.274918536698,0.4866347344939188,0.6966935235315973
1409,1136.2632064693137,2335.830374160434,0.4864493668028955,0.6964281407698382
1410,1136.1012506874008,2336.390252638693,0.4862634782028819,0.6961620122456125
1411,1135.9401881913773,2336.9654128418915,0.48607488238775653,0.695892007920706
1412,1135.7801845659437,2337.55131862071,0.4858845987758333,0.6956195872514356
1413,1135.621405395802,2338.140392296315,0.48569427615956584,0.6953471107413627
1414,1135.464016265653,2338.7319976748554,0.48550411821214245,0.6950748699804238
1415,1135.3081827601989,2339.3254985624762,0.48531432819325476,0.69480315596657
1416,1135.1540704641402,2339.852994773637,0.48513905488919734,0.6945522248941882
1417,1135.0018449621791,2340.385658970477,0.4849635958978916,0.6943010279815486
1418,1134.8516718390165,2340.9227939542543,0.48478816762770754,0.6940498750509863
1419,1134.7037166793534,2341.463702526226,0.4846129860800795,0.6937990753422445
1420,1134.558145067892,2342.007687487649,0.4844382668465836,0.6935489375082906
1421,1134.3478585976436,2342.5643187627647,0.4842333888175818,0.6932556226546605
1422,1134.183268275982,2343.123298726144,0.4840476251900995,0.6929896730481054
1423,1134.0234450507235,2343.68393889403,0.48386364143702,0.6927262716093675
1424,1133.8685283616155,2344.2455507826626,0.4836816382068235,0.6924657055980417
1425,1133.6802210817277,2344.8154985537612,0.4834837631280417,0.6921824165599113
1426,1133.4996962828043,2345.4137168623743,0.4832834770827413,0.6918956758471677
1427,1133.3270585446567,2346.0408018134267,0.48308071098704897,0.6916053845554713
1428,1133.162412447096,2346.6365407090116,0.48288790905161766,0.6913293585133125
1429,1133.0032306446801,2347.2599522941887,0.48269184226369727,0.6910486583255919
1430,1132.8469857919677,2347.881625240002,0.4824974877837665,0.6907704095738296
1431,1132.65534590209,2348.5009756425034,0.4822886418398093,0.6904714140310594
1432,1132.5777816704772,2349.069373889397,0.48213892457132823,0.6902570704096159
1433,1132.4368882625786,2349.6375281167307,0.4819623770523633,0.6900043150998529
1434,1132.3308356188443,2350.204810845637,0.48180091811292636,0.6897731614450713
1435,1132.2263211698364,2350.780861720229,0.48163839497200434,0.6895404842198787
1436,1132.056211648629,2351.345843693284,0.48145032117882586,0.6892712272508098
1437,1131.933515127912,2351.8805689839073,0.4812886887436405,0.6890398252098039
1438,1131.8198996208175,2352.4151853372273,0.48113101236360495,0.6888140868787763
1439,1131.674401215224,2352.9490391294216,0.4809600133260588,0.6885692750855688
1440,1131.5355261976852,2353.492401840967,0.4807899635930699,0.6883258223698994
1441,1131.403344288075,2354.0356774026695,0.480622853403994,0.6880865780698261
1442,1131.3451891979576,2354.62461512452,0.4804779419746822,0.6878791147567269
1443,1131.3303902831476,2355.2428805114782,0.48034553023994764,0.68768954670601
1444,1131.3206765616662,2355.7920996924618,0.48022942122496937,0.6875233185413824
1445,1131.3162136182152,2356.338848175401,0.4801160981130683,0.687361078831531
1446,1131.3171670374957,2356.8728283348673,0.480007726100679,0.6872059273928605
1447,1131.3333115458793,2357.403610095103,0.4799064982768219,0.6870610039743631
1448,1131.344945178398,2357.9304962573638,0.47980419565976623,0.6869145418217649
1449,1131.3721097844066,2358.452789622907,0.4797094581508675,0.686778910301434
1450,1131.4047125406073,2358.969792992991,0.47961814343757003,0.6866481790468645
1451,1131.4333186050167,2359.4327634605243,0.47953615637072455,0.6865308017730372
1452,1131.386223701452,2359.8922958667576,0.47942282183090423,0.6863685457023369
1453,1131.422533811967,2360.3476494380275,0.4793457159081401,0.6862581565475808
1454,1131.4655413879027,2360.77886511733,0.4792763770069033,0.6861588870955745
1455,1131.515412013961,2361.2057189469992,0.4792108552568517,0.6860650824908562
1456,1131.53124278291,2361.6274527234023,0.47913198225996273,0.6859521634938774
1457,1131.510532494261,2362.1151781037897,0.47902428424450993,0.6857979769869459
1458,1131.5328820714535,2362.6112010207125,0.478933174270316,0.6856675388483365
1459,1131.601054164505,2363.1052238487423,0.47886189863415773,0.6855654966582148
1460,1131.6068818744952,2363.5965581041214,0.47876482049972824,0.6854265141673659
1461,1131.6197077168636,2364.08451530309,0.47867142667350154,0.685292806338356
1462,1131.6396362714224,2364.5684069618915,0.47858189804938067,0.6851646321490217
1463,1131.6257036260502,2365.0790039470303,0.47847268600224513,0.6850082780695906
1464,1131.6164160673002,2365.6182758449527,0.4783596861852569,0.6848465012068318
1465,1131.6118433150473,2366.156759036798,0.47824888988999087,0.6846878790291044
1466,1131.6120550891653,2366.693817328714,0.4781404534898457,0.6845326354093189
1467,1131.6171211095286,2367.2390816498296,0.47803245978891856,0.6843780255825124
1468,1131.5860426040788,2367.772048256624,0.47791173286180927,0.6842051861564069
1469,1131.5983594913653,2368.3119572198984,0.4778079830411024,0.6840566521060596
1470,1131.6541414912624,2368.8383047961306,0.47772536403182486,0.6839383701080759
1471,1131.6739881249691,2369.3318944894413,0.4776342186407065,0.6838078812646151
1472,1131.727865029302,2369.7946958862794,0.4775636754499727,0.683706887684359
1473,1131.743998208206,2370.2568218718357,0.4774773719729016,0.6835833307960572
1474,1131.7608852332503,2370.7689195772673,0.4773813575365477,0.68344587115491
1475,1131.6394532567529,2371.2726892437186,0.47722872969859575,0.6832273605993033
1476,1131.5187751263957,2371.7777443703512,0.47707622597107474,0.6830090277271363
1477,1131.4660538289784,2372.2834313333447,0.47695230632413793,0.6828316174246247
1478,1131.4094195036184,2372.809630754845,0.4768226682996441,0.6826460203727369
1479,1131.281608158626,2373.336488157657,0.47666296532473684,0.6824173806550597
1480,1131.1544286499943,2373.8633673479308,0.47650359502944556,0.6821892172201413
1481,1131.0688884647661,2374.3896321318125,0.47636195557729577,0.6819864382526845
1482,1131.1256587438806,2374.914646315449,0.47628055201847386,0.6818698963616033
1483,1131.0465676470217,2375.4377737049886,0.4761423684371743,0.6816720650122856
1484,1131.0475960151668,2375.9583781065785,0.47603847206974576,0.6815233211574492
1485,1131.1185203002553,2376.475823326366,0.47596466549237715,0.6814176555302304
1486,1131.1921810904078,2376.999740293482,0.4758907466059472,0.6813118291150734
1487,1131.3071195321165,2377.5198923873872,0.4758349754104956,0.6812319839500726
1488,1131.4224065731964,2378.035652129215,0.475780253992474,0.6811536417051982
1489,1131.643882211765,2378.5463920400957,0.4757712046310546,0.6811406861328847
1490,1131.7120743492806,2379.051484641161,0.47569885799254985,0.6810371106358583
1491,1131.7784624850497,2379.5503024535433,0.4756270381500564,0.6809342893294872
1492,1131.8431511988836,2380.0422179983734,0.4755559135210504,0.6808324633296567
1493,1131.906245070594,2380.5266037967835,0.47548565231964973,0.6807318734611133
1494,1131.967848679992,2381.0028323699053,0.47541642256397487,0.6806327602680025
1495,1132.1337671652575,2381.542146099753,0.47537843032480054,0.6805783684519214
1496,1132.1471254931657,2382.0767145206587,0.4752773571866202,0.6804336664900967
1497,1132.1620002283394,2382.6059711586445,0.4751780252098407,0.6802914572723889
1498,1132.1784610906523,2383.1293495397317,0.47508057475324067,0.6801519417442813
1499,1132.2350143666583,2383.646283189942,0.47500127109943163,0.6800384061947513
1500,1132.2522595775565,2384.156205635297,0.4749069112591344,0.679903315365929
1501,1132.2379016409511,2384.6201138351385,0.4748085009733457,0.6797624256926318
1502,1132.21817963152,2385.050305503788,0.4747145907232193,0.6796279785222621
1503,1132.1931371241837,2385.47761251264,0.4746190579133698,0.6794912084045759
1504,1132.114114004202,2385.901407382826,0.4745016330100812,0.6793230963405911
1505,1132.031787905177,2386.321062635478,0.4743836886118539,0.6791542405385752
1506,1131.984595393789,2386.735950791727,0.4742814533037421,0.6790078747492284
1507,1131.9315028380415,2387.196779987621,0.47416765652805176,0.6788449569157846
1508,1131.8725450978716,2387.637018290152,0.47405553542155854,0.678684438064153
1509,1131.807757033217,2388.0490871489856,0.47394660483484685,0.6785284869392184
1510,1131.6987369373344,2388.4631604542037,0.47381879514613245,0.678345507435167
1511,1131.5865533021577,2388.8786107269398,0.473689432447894,0.6781603045557568
1512,1131.4712061276864,2389.285201346653,0.47356054668147807,0.6779757844786383
1513,1131.3526954139206,2389.6445175341264,0.473439746837895,0.6778028406612276
1514,1131.2720896527933,2390.0072151355007,0.4733341734236799,0.677651695852345
1515,1131.1909871375615,2390.353396098664,0.4732316941017163,0.6775049807191101
1516,1131.1094227281626,2390.7131645938216,0.47312636224192806,0.677354181733065
1517,1131.0178221428644,2391.0762229955462,0.4730162138979921,0.6771964871987287
1518,1130.9675471415353,2391.4418828200783,0.4729228651828477,0.6770628439532692
1519,1130.879153670453,2391.809455583661,0.4728132297622723,0.6769058837487248
1520,1130.8321729331826,2392.178252802535,0.47272069780266845,0.6767734098162121
1521,1130.7471608760018,2392.547585992943,0.47261219275048394,0.6766180679103245
1522,1130.703648702476,2392.916766671125,0.4725210941103645,0.6764876459982107
1523,1130.6632608508155,2393.285106353325,0.4724314950397279,0.6763593709537014
1524,1130.6260583259102,2393.6423074141126,0.472345452294141,0.6762361873431857
1525,1130.5709099053704,2393.9979397777292,0.4722522484753426,0.6761027515394451
1526,1130.516419466144,2394.4231761063156,0.4721456218547509,0.6759500989013643
1527,1130.4215620912194,2394.8501162143293,0.47202184154979127,0.6757728880886263
1528,1130.3658515541933,2395.2883910309006,0.4719122155757198,0.6756159414082258
1529,1130.3493314299876,2395.7277639354916,0.4718187719180366,0.6754821622377137
1530,1130.3310116615273,2396.167607449234,0.47172451883062816,0.675347224242302
1531,1130.3109706836713,2396.6072940932595,0.4716296130239881,0.6752113517775047
1532,1130.2379513163614,2397.097532003615,0.4715026970019245,0.6750296516966502
1533,1130.265734686254,2397.589691568005,0.4714174984407232,0.6749076766677513
1534,1130.1373760402487,2398.083188882483,0.471266960745802,0.6746921584778957
1535,1130.1612864711265,2398.597974289067,0.47117578626576667,0.6745616279891133
1536,1130.2458592930996,2399.1142630304407,0.47110964104953873,0.6744669307953206
1537,1130.3240309591167,2399.631488632624,0.4710406728339802,0.6743681920376792
1538,1130.3549334218842,2400.1490846216398,0.47095196738584,0.6742411963531529
1539,1130.4182373247156,2400.628047956829,0.4708843747313595,0.6741444269257428
1540,1130.47570654557,2401.1088457962105,0.4708140193330981,0.6740437021997012
1541,1130.5275415290855,2401.5908768058675,0.47074110434359034,0.6739393130195676
1542,1130.573942719901,2402.073539651885,0.47066583268876394,0.6738315499054577
1543,1130.5740420707218,2402.566500123331,0.47056930245747036,0.6736933518234051
1544,1130.566441732929,2403.0595564596038,0.4704695889429298,0.6735505963748832
1545,1130.407170166175,2403.590552608453,0.47029938977727354,0.6733069297230432
1546,1130.2502690751462,2404.1178623189494,0.4701309726907217,0.6730658143953945
1547,1130.2399104448282,2404.6409278321007,0.4700244004678876,0.6729132396361882
1548,1130.2222530151732,2405.159191388913,0.4699157781579111,0.6727577298574824
1549,1130.1666610019336,2405.672095230391,0.4697924805473947,0.6725812100971266
1550,1129.9887655137682,2406.179081597541,0.4696195616344282,0.6723336497028091
1551,1129.782979461403,2406.6411561646883,0.46944388720662733,0.6720821443592248
1552,1129.5781389848328,2407.0987948048373,0.4692695378447965,0.6718325360542489
1553,1129.54919129304,2407.522577474045,0.4691749111147089,0.6716970631310644
1554,1129.5134677009678,2407.9426867773777,0.469078219304559,0.6715586337236773
1555,1129.471133793317,2408.358503950951,0.4689796522986097,0.6714175196810264
1556,1129.4223551547893,2408.7694102308815,0.4688793997290649,0.6712739924911888
1557,1129.336496001136,2409.2466567141673,0.46875088229503786,0.6710899997393343
1558,1129.1195782993473,2409.7224216501254,0.46856831648109526,0.6708286283016288
1559,1128.8762733681476,2410.196147279761,0.4683752708850025,0.670552253421229
1560,1128.6354086325468,2410.677542967064,0.4681818237886024,0.6702753037305168
1561,1128.4065932342155,2411.1564505263545,0.4679939341919869,0.6700063104675572
1562,1128.1795687651543,2411.632320913622,0.4678074509872861,0.6697393306739805
1563,1127.9543439403474,2412.1046050848577,0.4676224826910714,0.669474519708184
1564,1127.7309274747788,2412.5727539960512,0.4674391375791126,0.6692120325838201
1565,1127.5093280834333,2413.0266094615226,0.4672593844023303,0.6689546878749005
1566,1127.2895544812952,2413.475880845262,0.46708134248538213,0.6686997931013413
1567,1127.0716153833484,2413.9918802491575,0.4668912205566404,0.668427603906763
1568,1126.8555195045772,2414.5068469274156,0.4667021428986871,0.6681569097486948
1569,1126.6412755599663,2415.0202841259315,0.4665142081685379,0.6678878518700422
1570,1126.4288922644994,2415.5316950906017,0.4663275147885192,0.6676205711777164
1571,1126.2183783331614,2416.040583067322,0.46614216094969446,0.6673552082475401
1572,1126.0816123418188,2416.546451301989,0.465987985347895,0.6671344818265789
1573,1125.9103315267237,2417.0488030404977,0.4658202722718707,0.6668943743998058
1574,1125.7430073144928,2417.5471415287443,0.46565503852083123,0.6666578165134525
1575,1125.5796745650637,2418.0409700126247,0.46549239178490304,0.6664249623427313
1576,1125.4614366303056,2418.5297917380344,0.46534942032759175,0.666220276402131
1577,1125.349926663414,2419.0131099508703,0.46521034633262887,0.6660211702867751
1578,1125.2452143842625,2419.490427897027,0.46507529081745663,0.6658278172520076
1579,1125.1473695127258,2419.9612488224016,0.4649443746507278,0.6656403903401567
1580,1125.0153932767448,2420.4250759728893,0.46480075109308855,0.6654347708162279
1581,1124.8877571029368,2420.881412594386,0.46466041304246636,0.6652338550080392
1582,1124.8055643431715,2421.329761932788,0.4645404281675839,0.6650620779454355
1583,1124.6585782897607,2421.7798943569746,0.4643933913690276,0.664851571834766
1584,1124.7300786353098,2422.221712686155,0.46433820353630034,0.6647725618444931
1585,1124.7271251271366,2422.6547288812103,0.46425399035154263,0.6646519975356636
1586,1124.7171211966786,2423.0784549030204,0.4641686772134225,0.6645298584720345
1587,1124.7720761445676,2423.4924027124657,0.4641120702031826,0.6644488167078012
1588,1124.8249264237518,2423.896084270426,0.46405657970371095,0.6643693734028763
1589,1124.8758724788706,2424.3300800297143,0.46399452027798266,0.6642805256554504
1590,1124.9251147545622,2424.786301613419,0.4639275279665069,0.6641846157126878
1591,1124.9728536954651,2425.245103703969,0.4638594474337229,0.6640871478113912
1592,1125.0192897462175,2425.6958008591364,0.4637924051926695,0.6639911663866507
1593,1124.848616365527,2426.137974759676,0.4636375293029038,0.6637694373942409
1594,1124.6821131048157,2426.5712070863415,0.46348613624870955,0.6635526946241743
1595,1124.5197886790677,2427.023906944897,0.463332802557597,0.6633331735296754
1596,1124.3616518032675,2427.4648807921008,0.4631834885439741,0.6631194072304576
1597,1124.2077111923995,2427.904003576643,0.46303631014088037,0.6629086983908066
1598,1124.0477084384645,2428.3697192642258,0.4628816195167517,0.6626872346350523
1599,1123.891910664446,2428.8206107635424,0.46273154373106656,0.6624723777403128
1600,1123.7307087286736,2429.256329475224,0.46258218825817593,0.6622585520856867
1601,1123.5833121995029,2429.6765267998985,0.4624415224850374,0.6620571670916006
1602,1123.4401119352647,2430.13218975311,0.46229588524951837,0.6618486646737107
1603,1123.3017659172715,2430.5749676020605,0.4621547497567996,0.6616466072027827
1604,1123.168274145524,2431.0045553222985,0.46201816927349043,0.6614510709382756
1605,1123.0396366200218,2431.4411821353424,0.461882296339879,0.6612565476415184
1606,1122.915853340765,2431.8653421633694,0.46175083540679407,0.6610683408116609
1607,1122.7969243077534,2432.2767478118994,0.4616238367273925,0.660886522393935
1608,1122.6828495209872,2432.6751114864505,0.46150135059958264,0.6607111643976417
1609,1122.5832381221364,2433.060145592541,0.4613873767796831,0.6605479930977985
1610,1122.478222561532,2433.431562535691,0.4612737994537575,0.660385389440921
1611,1122.418480472777,2433.7890747214174,0.46118149355290955,0.6602532391467759
1612,1122.3649521678153,2434.1323945552404,0.46109445594593124,0.6601286312370086
1613,1122.3176725065844,2434.461234442678,0.46101275166269673,0.6600116588120265
1614,1122.2766763490206,2434.7855739122315,0.4609345021482685,0.6598996324274357
1615,1122.2419985550623,2435.0955249427348,0.4608615912845775,0.6597952491540522
1616,1122.2136739846458,2435.3908086546908,0.4607940828209647,0.6596986002590004
1617,1122.1917374977081,2435.6711461686023,0.4607320406381444,0.6596097771974867
1618,1122.1666148125169,2435.936258604972,0.46067158401557134,0.659523224112769
1619,1122.148599197008,2436.1858670843026,0.46061698918729377,0.6594450631008576
1620,1122.137716796134,2436.419692727098,0.4605683167583164,0.6593753809272693
1621,1122.092925262916,2436.599020087181,0.4605160373177724,0.6593005347540327
1622,1122.0937209409806,2436.776844983974,0.4604827574797315,0.6592528894751741
1623,1122.0708920396528,2436.976028564246,0.4604357527064906,0.6591855948108792
1624,1122.0532659839412,2437.1674645234907,0.4603923539588702,0.6591234627346969
1625,1122.0408427738464,2437.350873982212,0.46035261264646105,0.6590665668474749
1626,1122.105492270251,2437.5362451838946,0.46034412595394913,0.6590544168234627
1627,1122.1896206280258,2437.7136988223574,0.46034512632478036,0.6590558490103369
1628,1122.2111605831783,2437.8829647330863,0.46032199938114937,0.6590227391833872
1629,1122.2373848423829,2438.0437727515687,0.4603023938228267,0.6589946707687419
1630,1122.3401719815063,2438.1958527132924,0.4603158399816548,0.6590139210423205
1631,1122.4523277287337,2438.338934453745,0.46033482542909643,0.6590411016715201
1632,1122.5739218039387,2438.4727478084124,0.4603594289962259,0.6590763255153189
1633,1122.6331540661133,2438.597022612783,0.4603602578269746,0.6590775121158096
1634,1122.7595579411438,2438.711488702343,0.4603904820814096,0.6591207828501527
1635,1122.7852331563386,2438.815875912581,0.46038130399499855,0.6591076429879362
1636,1122.8178193540691,2438.9099140789826,0.46037691383040863,0.6591013577825856
1637,1122.857281674399,2438.993333037037,0.4603773476806581,0.6591019789068859
1638,1122.8625167654575,2439.06586262223,0.46036580396327326,0.6590854522749597
1639,1122.8718914740502,2439.117623528379,0.4603598779503409,0.6590769682631585
1640,1122.7723977274873,2439.158603998971,0.460311353221031,0.6590074975446811
1641,1122.7825088522518,2439.1885251545086,0.46030985193369994,0.6590053482177088
1642,1122.7580180034213,2439.2071081154945,0.4602963045933612,0.6589859530870162
1643,1122.7783256597963,2439.2140740024315,0.4603033155747022,0.6589959904003185
1644,1122.80229360957,2439.209143935823,0.46031407204298,0.6590113899623596
1645,1122.752978999509,2439.1920390361715,0.4602970824073189,0.6589870666490134
1646,1122.5994410209146,2439.1624804239805,0.4602397134387628,0.6589049340226067
1647,1122.6395883390092,2439.120189219753,0.4602641531568516,0.658939923290948
1648,1122.688145616936,2439.064886543991,0.4602944972110676,0.6589833655373629
1649,1122.7450431348218,2438.996293517199,0.4603307705382967,0.6590352964628933
1650,1122.7307061141782,2438.914131259878,0.46034039973937313,0.6590490821661142
1651,1122.804005232483,2438.818120892533,0.4603885774071463,0.65911805601187
1652,1122.8058606526367,2438.7490520275983,0.4604023770789888,0.6591378123944668
1653,1122.8156379935037,2438.709312570769,0.460413888693395,0.659154293065972
1654,1122.833197815334,2438.660256795741,0.4604303509217278,0.6591778613134672
1655,1122.899469170314,2438.6016755428923,0.4604685875647687,0.6592326030318033
1656,1122.8990377785922,2438.5333596526,0.4604813107574478,0.6592508182665776
1657,1122.8727978324155,2438.4550999652415,0.4604853285379014,0.6592565703459559
1658,1122.8589767388423,2438.3666873211937,0.46049635708090436,0.659272359425402
1659,1122.8573653382482,2438.3089810527667,0.4605065945553144,0.6592870159667732
1660,1122.8677544710115,2438.2741716625455,0.46051742971356674,0.6593025281857863
1661,1122.9310034694417,2438.233283570787,0.4605510928900584,0.6593507222734271
1662,1123.0085014671743,2438.186168622759,0.46059177757600034,0.6594089687470006
1663,1123.1385107312024,2438.142945786711,0.46065326590964145,0.6594969988870296
1664,1123.3086507548553,2438.145202096142,0.4607226221757077,0.6595962931994978
1665,1123.4880068743862,2438.1447959778748,0.46079626145574554,0.659701719314494
1666,1123.6764657950007,2438.162165813048,0.46087027415598136,0.6598076800387465
1667,1123.8450867968927,2438.1780148834637,0.46093643693633607,0.6599024023783261
1668,1124.034798932247,2438.1922647542647,0.46101155154207407,0.6600099406521707
1669,1124.264689759639,2438.2048369905906,0.46110346132660784,0.660141523844029
1670,1124.4750259052976,2438.1772165909038,0.4611949526284047,0.6602725079125782
1671,1124.6964780134085,2438.150358752342,0.46129086090857074,0.6604098155745851
1672,1124.8904787925283,2438.0953227550995,0.461380844421365,0.6605386410080051
1673,1125.097931149888,2438.0427705283773,0.46147587923818684,0.6606746981709994
1674,1125.3186695007862,2437.992562632427,0.461575923876372,0.6608179276746644
1675,1125.552528260522,2437.9548267504833,0.4616789925352126,0.6609654865355583
1676,1125.7890747214103,2437.9102138744433,0.46178446946668006,0.6611164932143392
1677,1126.0377437254358,2437.8688516875404,0.46189430696650086,0.6612737427268419
1678,1126.2983609729124,2437.8306007500264,0.4620084597454778,0.6614371702345168
1679,1126.570752164155,2437.7953216221517,0.46212688250403033,0.6616067108839488
1680,1126.8136745075446,2437.7628748641696,0.46223268313999977,0.6617581809962131
1681,1127.065355410138,2437.7331210363304,0.4623415687649185,0.6619140677513282
1682,1127.3255857123129,2437.705920698886,0.4624534797819708,0.6620742858271572
1683,1127.5941562544458,2437.6811344120883,0.462568356597794,0.6622387499065066
1684,1127.7579195240987,2437.6586227361886,0.4626398089566081,0.6623410451026738
1685,1128.0762778999394,2437.6382462314373,0.46277427737439436,0.6625335576159629
1686,1128.2124765458052,2437.619865458087,0.46283364052490894,0.6626185452248785
1687,1128.3513811942908,2437.6033409763886,0.46289376217474604,0.6627046187438785
1688,1128.492651961009,2437.5885333465944,0.4629545292501388,0.6627916162902295
1689,1128.6359489615727,2437.575303128955,0.4630158286855044,0.6628793759929145
1690,1128.780932311595,2437.6045793756552,0.4630697455453215,0.662956566387231
1691,1128.8888255600095,2437.6474300818745,0.4631058665945358,0.6630082793030321
1692,1129.0003224544253,2437.6934922598007,0.46314285452180237,0.6630612332899732
1693,1129.115048250517,2437.742670044609,0.46318057362053516,0.6631152340629101
1694,1129.232628203962,2437.7948675714706,0.4632188881950115,0.663170087352251
1695,1129.3526875704347,2437.849988975559,0.46325766256233625,0.6632255989067689
1696,1129.6288584503604,2437.8668699001146,0.4633677385741101,0.6633831898863335
1697,1129.9071505574607,2437.8838161870517,0.46347867074513865,0.6635420065914075
1698,1130.0435714354255,2437.891087969937,0.46353324683442987,0.6636201407755372
1699,1130.1530473249857,2437.8988129320055,0.4635766838762993,0.6636823276759097
1700,1130.2659699908297,2437.906851633508,0.46362147480470817,0.6637464528760312
1701,1130.5359366734447,2437.915064634695,0.4637306496331314,0.6639027536710704
1702,1130.8473587932947,2437.9643809877534,0.4638490076442898,0.6640722016245091
1703,1131.1403548218766,2438.01625954619,0.463959315444609,0.6642301244455286
1704,1131.3298769705732,2438.1013970991444,0.46402084766311635,0.6643182174135885
1705,1131.518619128177,2438.190887786748,0.4640812271082293,0.6644046600067346
1706,1131.706206550363,2438.2846531741425,0.4641403148221909,0.6644892532852645
1707,1131.8922644928075,2438.382614826469,0.4641979718893953,0.6645717983698214
1708,1132.0764182111864,2438.4846943088683,0.46425405943835424,0.66465209644421
1709,1132.4225669289074,2438.5908131864826,0.46437580294546504,0.664826391263145
1710,1132.738292507996,2438.7008930244538,0.4644843062747169,0.6649817307023858
1711,1133.0643932758733,2438.8148553879228,0.46459631438305543,0.6651420877795345
1712,1133.3807228033731,2438.932621842031,0.4647035808424157,0.6652956564466092
1713,1133.7068697606671,2439.05411395192,0.46481415204181703,0.6654539563644976
1714,1134.013719128264,2439.179253282731,0.46491610553101803,0.6655999186861178
1715,1134.3317585356801,2439.307961399606,0.46502195560614357,0.665751459578245
1716,1134.6606742434808,2439.4504269906693,0.46512962989094625,0.6659056121110496
1717,1135.0001525122316,2439.596971194377,0.4652408434318389,0.6660648316409697
1718,1135.349879602499,2439.747524290854,0.46535547973657804,0.6662289513911894
1719,1135.709541774848,2439.902016560228,0.46547342232044653,0.6663978045956678
1720,1136.0788252898456,2440.060378282622,0.4655945547091123,0.6665712245032317
1721,1136.486243833066,2440.222539738164,0.46573057388241773,0.66676595716492
1722,1136.9007084410794,2440.3884312069786,0.4658687501967815,0.6669637781104858
1723,1137.3315406610734,2440.5579829691924,0.46601291532413885,0.6671701729759354
1724,1137.768194490568,2440.7311253049297,0.4661587598463646,0.6673789721570768
1725,1138.2103910500664,2440.907788494318,0.466306181829251,0.6675900297191925
1726,1138.6578514600717,2441.0879028174813,0.46645507937089986,0.6678031997738216
1727,1139.0718602744066,2441.271398554547,0.46658960611623923,0.6679957957921006
1728,1139.5316088122502,2441.4582059856402,0.4667422141482902,0.6682142779924708
1729,1139.995749702172,2441.648255390886,0.4668959778236644,0.6684344146765054
1730,1140.4543949230053,2441.8414770504105,0.4670468601838158,0.668650426308396
1731,1140.8886965782428,2442.03780124434,0.4671871565611733,0.6688512824548065
1732,1141.3291422973987,2442.2371582527994,0.46732936579914985,0.6690548771595446
1733,1141.7369817743602,2442.439478355915,0.46745763483273706,0.6692385142874262
1734,1142.152934901689,2442.6446918338124,0.46758865041653647,0.6694260835303197
1735,1142.3842096685846,2442.8527289666176,0.46764350389302395,0.6695046148374855
1736,1142.6154975079567,2443.0635200344564,0.4676978261669764,0.6695823856453699
1737,1142.846284235733,2443.2769953174534,0.4677514200911321,0.6696591137069183
1738,1143.0760556678401,2443.4930850957353,0.46780408859763756,0.669734516888762
1739,1143.3042976202057,2443.7117196494282,0.4678556346999157,0.6698083131738911
1740,1143.530495908757,2443.932829258657,0.4679058614944159,0.6698802206641619
1741,1143.7541363494217,2444.1563442035476,0.4679545721622506,0.6699499575826386
1742,1143.9747047581268,2444.371927641243,0.4680035357229918,0.670020056556755
1743,1144.1916869507993,2444.589110278554,0.46805071745591714,0.6700876045664388
1744,1144.5585755881157,2444.8078136806225,0.46815891588018094,0.6702425074866327
1745,1144.9308500857187,2445.0279594125896,0.4682690214965005,0.670400140849722
1746,1145.3081269842996,2445.218667670647,0.46838679179369175,0.67056874739895
1747,1145.6900228245506,2445.4086612999936,0.46850656945636854,0.6707402278049622
1748,1146.076154147163,2445.597835720818,0.46862821736565996,0.6709143857607084
1749,1146.4661374928278,2445.7450178613744,0.4687594696585864,0.6711022938896372
1750,1146.8698565252205,2445.888504848596,0.46889703036411035,0.6712992334951313
1751,1147.2773273583468,2446.028157242733,0.4690368440613565,0.671499398609678
1752,1147.6779081248994,2446.1638356040366,0.46917458733564377,0.6716965995908324
1753,1148.091091630223,2446.2954004927597,0.46931825624941365,0.6719022840491363
1754,1148.5068939883236,2446.4227124691524,0.46946379631553775,0.6721106473538817
1755,1148.9249404548766,2446.545632093467,0.4696110815933408,0.6723215092013486
1756,1149.3448562855583,2446.6640199259546,0.4697599862200703,0.6725346893993758
1757,1149.7662667360446,2446.7777365268666,0.4699103844095402,0.6727500078654189
1758,1150.1887970620114,2446.886642456455,0.47006215045063343,0.6729672846244067
1759,1150.6505090858138,2446.9905982749706,0.4702308663944095,0.673208827812785
1760,1151.0612907414688,2447.099073684335,0.4703778866657978,0.6734193102622357
1761,1151.5201398929344,2447.201670836801,0.4705456659398166,0.6736595124617628
1762,1151.9273353325573,2447.2982590076044,0.47069348049128734,0.6738711320470365
1763,1152.3331712346321,2447.3887074719805,0.47084190905862666,0.6740836306917951
1764,1152.737264139851,2447.4728855051653,0.47099082117182384,0.6742968216078684
1765,1153.1392305889042,2447.5506623823944,0.47114008641866584,0.6745105180898331
1766,1153.5386871224844,2447.621907378905,0.4712895744415767,0.6747245335104871
1767,1153.9352502812828,2447.6768806282603,0.471441005720124,0.6749413310046769
1768,1154.328536605991,2447.7257098136974,0.47159227522018793,0.675157896887735
1769,1154.7284297602837,2447.768255495466,0.4717474487904693,0.6753800520562326
1770,1155.124945858167,2447.804378233818,0.47190247559391674,0.675601997105116
1771,1155.5177101553163,2447.8339385890063,0.47205723065568167,0.675823553113397
1772,1155.9063479074084,2447.907474754884,0.4722018131110747,0.676030545449021
1773,1156.290484370118,2448.00698854591,0.4723395357040799,0.6762277168216944
1774,1156.6697447991223,2448.1035828172026,0.47247581880014333,0.6764228273299752
1775,1157.0437544500955,2448.197187848886,0.4726105234467386,0.6766156780416493
1776,1157.412138578715,2448.2877339210863,0.47274351071679266,0.6768060700609432
1777,1157.7745224406556,2448.375151313929,0.4728746417064933,0.6769938045253845
1778,1158.1202641686102,2448.45937030754,0.472999584233715,0.6771726792405639
1779,1158.4585894449406,2448.5403211820453,0.4731221207277031,0.6773481093438971
1780,1158.789114810338,2448.61793421757,0.4732421087900824,0.6775198909698997
1781,1159.1114568054945,2448.6921396942407,0.4733594060338792,0.677687820269411
1782,1159.3867954044213,2448.762867892182,0.4734581737603629,0.6778292216748135
1783,1159.6942173464856,2448.830049091521,0.4735707232017652,0.6779903537546754
1784,1159.9922706804466,2448.8936135723825,0.47368014039135004,0.6781470015275189
1785,1160.252402503299,2448.9534916148923,0.47377478031981884,0.6782824933462448
1786,1160.536463929994,2449.0096134991763,0.47387991355076986,0.678433007964129
1787,1160.8152440762137,2449.0619095053607,0.473983625963406,0.6785814884589884
1788,1161.0787503409802,2449.1103099135707,0.47408185153650945,0.6787221136872666
1789,1161.3368576729838,2449.1547450039316,0.47417863654471515,0.6788606765222068
1790,1161.5891738979312,2449.2054121795536,0.4742718467473213,0.6789941214653639
1791,1161.8353068415304,2449.252641293876,0.47436319441009694,0.6791248998922506
1792,1162.0748643294887,2449.2963713420086,0.47445253172557855,0.6792528001934292
1793,1162.3485226794458,2449.3365413190622,0.47455647807935625,0.6794016156115208
1794,1162.576419518434,2449.373090220146,0.4746424397983173,0.6795246832197837
1795,1162.8062083805096,2449.4059570403706,0.47472988503119923,0.6796498747096101
1796,1163.1093756672471,2449.435080774846,0.4748480107908445,0.679818990158783
1797,1163.4087345058535,2449.460400418682,0.47496531656808744,0.6799869316752533
1798,1163.6629026649614,2449.481854966989,0.47506492048729376,0.6801295302209605
1799,1163.9099681118787,2449.528210839886,0.47515679262693655,0.6802610595182859
1800,1164.1495822472348,2449.5686318084868,0.47524677085195904,0.6803898773814357
1801,1164.4224649635908,2449.6415195795335,0.47534402713890034,0.680529114925392
1802,1164.6487974629001,2449.705805661094,0.4754239446922485,0.6806435293678631
1803,1164.907736204404,2449.761490053167,0.47551883762329944,0.6807793833992463
1804,1165.1220943153094,2449.8085727557536,0.475597198602616,0.68089156936321
1805,1165.3325916881774,2449.8470537688527,0.475675650810701,0.6810038859353849
1806,1165.538879723637,2449.876933092465,0.47575405277700383,0.6811161305786123
1807,1165.8227468061823,2449.898210726591,0.47586578973026905,0.6812760994549811
1808,1166.107040922958,2449.91088667123,0.47597937021594444,0.6814387076355334
1809,1166.3914831944664,2449.914960926382,0.47609468156944557,0.6816037938233441
1810,1166.6757947412107,2449.910433492047,0.47621161116419153,0.6817711967758963
1811,1166.9596966836937,2449.897304368226,0.47633004640765003,0.6819407552994184
1812,1167.2429101424182,2449.875573554917,0.4764498747373845,0.6821123082432263
1813,1167.5251562378874,2449.8452410521218,0.47657098361710254,0.682285694494065
1814,1167.765087598671,2449.80630685984,0.47667649655760397,0.6824367527253944
1815,1167.9700256830654,2449.7587709780705,0.47676940257131983,0.6825697621747102
1816,1168.1684580316928,2449.7026334068146,0.4768613308820731,0.6827013718897413
1817,1168.3600447601657,2449.637894146072,0.47695214364221306,0.6828313845200755
1818,1168.575247353048,2449.564553195842,0.4770542771891673,0.6829776046224535
1819,1168.784924645895,2449.4826105561256,0.47715583675057666,0.6831230029749985
1820,1168.9579615303232,2449.392066226923,0.4772441201424328,0.6832493944201252
1821,1169.1536469159046,2449.3339887001653,0.4773353296486779,0.6833799750543901
1822,1169.342839638195,2449.269976269112,0.47742504949144665,0.6835084230030435
1823,1169.595121874704,2449.2404743043185,0.4775338045182826,0.6836641227866335
1824,1169.8121755302484,2449.206457977667,0.4776290588814523,0.6838004942644679
1825,1170.0533505192889,2449.167997009031,0.4777350316304066,0.6839522107833146
1826,1170.2875927383334,2449.125161118285,0.47783903057203214,0.6841011014891126
1827,1170.5146494528365,2449.0882871482872,0.47793893572362023,0.6842441312959578
1828,1170.7438770699243,2449.0478443922257,0.4780404269155734,0.6843894317669628
1829,1170.9647644470535,2449.0039112849595,0.4781391973492864,0.6845308370481863
1830,1171.1770675646653,2448.9853936863556,0.478229502954177,0.6846601236066793
1831,1171.380542403198,2449.000031373958,0.4783097294392522,0.6847749803331021
1832,1171.574944943093,2449.006895295578,0.4783877690151183,0.6848867061578967
1833,1171.7984677314698,2449.0061248909683,0.47847919032200836,0.6850175900178196
1834,1172.0098331167724,2448.9978595998746,0.4785671120628334,0.6851434637030882
1835,1172.208831939378,2448.982238862047,0.47865142234925345,0.6852641670280923
1836,1172.3952550396639,2448.959402117233,0.4787320092060639,0.6853795396828618
1837,1172.6099617499406,2448.9294888051813,0.4788255305472475,0.6855134300694212
1838,1172.8143412038423,2448.8926383656412,0.4789161937236102,0.6856432285472475
1839,1173.0082191016836,2448.8489902383603,0.47900390092551526,0.68576879508659
1840,1173.1914211437788,2448.798683863088,0.4790885542673592,0.6858899895489404
1841,1173.363773030442,2448.751467821242,0.47916817547614726,0.6860039797279524
1842,1173.566168953921,2448.6869560215896,0.4792634542639243,0.6861403861734217
1843,1173.7984694744673,2448.6148970455474,0.4793724284250457,0.68629639968192
1844,1173.9810649536562,2448.5354303328654,0.4794625597041329,0.6864254366658356
1845,1174.1548844436727,2448.448695323292,0.4795505360951162,0.6865513885913296
1846,1174.3197885047682,2448.354831456576,0.47963627388361085,0.686674135608203
1847,1174.4756376971943,2448.2731964558047,0.4797159236139991,0.6867881666203343
1848,1174.6325597041855,2448.2314586530783,0.4797881979469468,0.6868916386006783
1849,1174.7808146593075,2448.1887500011035,0.47985712484741133,0.6869903182093187
1850,1174.9510732067463,2448.145279659502,0.4799351913339731,0.6871020825609715
1851,1175.1144033416804,2448.0909983798983,0.4800125502358162,0.6872128338947365
1852,1175.2707004842987,2448.0261240368995,0.48008911708271607,0.6873224512783125
1853,1175.3890586858397,2447.9508745051116,0.48015222483721676,0.6874127998718854
1854,1175.5289760154988,2447.865467659143,0.4802261364222926,0.6875186158340153
1855,1175.6204519765217,2447.7701213736004,0.4802822134771405,0.6875988988844471
1856,1175.70178369584,2447.6938809481,0.48033040113677894,0.6876678870351165
1857,1175.772831733705,2447.6446255999317,0.4803690942043992,0.6877232821964271
1858,1175.8718932170477,2447.58156571666,0.4804219437209025,0.6877989445223149
1859,1175.9577950741236,2447.5049801777823,0.48047207445874296,0.6878707144924951
1860,1176.097696716811,2447.415147862795,0.48054687319551737,0.6879778005506518
1861,1176.2607532012385,2447.312347651195,0.48063368549182256,0.6881020858930487
1862,1176.4085192457426,2447.2352949891592,0.4807091993379222,0.688210195741741
1863,1176.5512532583218,2447.1816716908697,0.48077805864138756,0.6883087785747339
1864,1176.688955238976,2447.1107578637625,0.48084826216291987,0.6884092858655494
1865,1176.8806047153362,2447.02290210721,0.48094384556102293,0.688546128408211
1866,1177.0563754903335,2446.928062162254,0.48103431959916926,0.6886756561051802
1867,1177.2163372838424,2446.8163282202663,0.4811216615266381,0.6888006996971952
1868,1177.3605598157371,2446.716885020612,0.4812001613361239,0.6889130844181997
1869,1177.489112805892,2446.5993146536503,0.4812758287609436,0.6890214141387837
1870,1177.602065974181,2446.5024371453687,0.48134105574332975,0.6891147967376136
1871,1177.6994890404783,2446.3856023230805,0.48140386696281173,0.6892047207950562
1872,1177.7506503557088,2446.2492285060307,0.4814516185151677,0.6892730845901306
1873,1177.7844209198038,2446.0937340134647,0.4814960295848256,0.6893366659632028
1874,1177.7905771847009,2445.929146306298,0.48153094661933793,0.6893866551441661
1875,1177.7787631520075,2445.7456252957786,0.48156224873532044,0.6894314690054301
1876,1177.7874502483405,2445.5435980161346,0.4816055829893121,0.6894935087489237
1877,1177.8140762683202,2445.3234915015973,0.48165982143534763,0.6895711595440702
1878,1177.8587457917588,2445.104951069735,0.48172114054917964,0.6896589474195491
1879,1177.8420931997919,2444.86788693878,0.48176103890610156,0.6897160681404856
1880,1177.80265963891,2444.660789281281,0.4817857204578385,0.6897514036314134
1881,1177.7508168119086,2444.4328105214404,0.48180944542332244,0.6897853696199199
1882,1177.707870240863,2444.184438698379,0.4818408347563317,0.689830308345961
1883,1177.6451319405112,2443.925770992885,0.4818661621879266,0.6898665685146442
1884,1177.6038098425358,2443.647037036082,0.48190421611414896,0.6899210486453559
1885,1177.5456416799423,2443.415997573762,0.4819259769311527,0.689952202648962
1886,1177.511870244349,2443.161340504036,0.48196238648791917,0.690004328608323
1887,1177.4642681286994,2442.8836235858994,0.4819976918918078,0.6900548738006229
1888,1177.403044492616,2442.593013720014,0.4820299730160358,0.6901010892648877
1889,1177.328408495722,2442.279810257376,0.4820612296556024,0.6901458380195692
1890,1177.2405692976401,2442.0118436636535,0.48207815713599195,0.6901700723479498
1891,1177.1781726246722,2441.717871556833,0.4821106428131709,0.6902165806616681
1892,1177.1003940044463,2441.3985214157806,0.4821418476660006,0.6902612552755587
1893,1177.0074774565214,2441.054420719366,0.4821717481864511,0.6903040625342097
1894,1176.8996670004574,2440.686196946457,0.48220032074294383,0.6903449686053309
1895,1176.8156432224944,2440.304086717593,0.4822413934508494,0.6904037705928656
1896,1176.714616510196,2439.8984591036424,0.48228015888107556,0.6904592693525331
1897,1176.5968657430597,2439.5372142901483,0.4823033068939772,0.6904924093434299
1898,1176.5011063672616,2439.1491796149685,0.4823407752997617,0.6905460512103103
1899,1176.4538476219927,2438.735052276847,0.4824033043374819,0.6906355712805488
1900,1176.3835943906947,2438.2955294745266,0.4824614490615973,0.6907188145220343
1901,1176.2907214176905,2437.840917548419,0.48251332273174374,0.6907930797716582
1902,1176.1756034473058,2437.3808735726084,0.48255716461880577,0.6908558462710681
1903,1176.0386152238639,2436.8955866448237,0.48259704751776505,0.6909129448615202
1904,1175.8897406333595,2436.4338258171097,0.4826274073907999,0.6909564097550417
1905,1175.7190960121168,2435.954631534836,0.48265229606157506,0.6909920417691773
1906,1175.5174556777754,2435.448512308622,0.4826698038315223,0.6910171068725682
1907,1175.3050706393117,2434.916243772068,0.4826880898451683,0.6910432861531978
1908,1175.0624480913814,2434.358601558775,0.4826989940343885,0.6910588972008082
1909,1174.8002299012921,2433.805188727356,0.48270101294163104,0.6910617875814177
1910,1174.4777223214344,2433.264442254092,0.48267574289354215,0.6910256095661734
1911,1174.1747702948085,2432.6858631625596,0.4826660063574129,0.6910116701960832
1912,1173.8122435071255,2432.089497659605,0.4826352996617446,0.6909677087718676
1913,1173.4699869013853,2431.4659152607355,0.4826183166032782,0.6909433948748014
1914,1173.109938655232,2430.8159526044433,0.48259924302303914,0.6909160880697561
1915,1172.7805192213402,2430.1404463292183,0.4825978354431537,0.6909140728996078
1916,1172.4308113040386,2429.4594513568923,0.48258916634694893,0.6909016617362596
1917,1172.1669337809415,2428.801333218308,0.48261128555448773,0.6909333288318154
1918,1171.8764624833066,2428.125921064914,0.48262590185988025,0.6909542543527104
1919,1171.5599115952064,2427.4341212550753,0.4826330409286105,0.6909644750430883
1920,1171.2177953007129,2426.7165817391583,0.48263476835903707,0.6909669481291737
1921,1170.8506277838997,2426.0030450155227,0.48262537435372754,0.690953499145377
1922,1170.4589232288388,2425.2636509335202,0.4826110030463334,0.6909329243773292
1923,1170.043195819603,2424.5275101551497,0.4825860671486998,0.6908972247505797
1924,1169.6039597402653,2423.764130693405,0.4825568399700914,0.6908553814857976
1925,1169.1417291748983,2422.9840890532105,0.4825214224298701,0.6908046757528473
1926,1168.6570183075744,2422.178094189822,0.4824818708049916,0.6907480514329112
1927,1168.150341322366,2421.3471221814793,0.48243819757240636,0.69068552638869
1928,1167.6222124033468,2420.4921491064233,0.4823904150378672,0.6906171182377882
1929,1167.0731457345885,2419.6333693262322,0.4823347043108312,0.6905373596427556
1930,1166.503655500164,2418.7992878114983,0.48226558581286966,0.6904384057324144
1931,1165.914255884146,2417.939606030435,0.4821932909226975,0.6903349043211974
1932,1165.3150702122775,2417.0649702078404,0.48211987868579037,0.690229803253855
1933,1164.7374227525647,2416.166159018847,0.4820601507081531,0.6901442933380106
1934,1164.1023662053892,2415.3114822532557,0.48196780198278716,0.6900120817338887
1935,1163.4488600364878,2414.4301768531905,0.48187306106025,0.689876445326402
1936,1162.81849563685,2413.5233496216533,0.4817929338943975,0.6897617307909374
1937,1162.1733941987904,2412.5921073616487,0.481711512962593,0.6896451640277221
1938,1161.5141134813034,2411.637556876181,0.4816288045314009,0.6895267540083203
1939,1160.8514783663659,2410.6608049682527,0.4815490740024098,0.6894126073203869
1940,1160.1764461862863,2409.6725675825387,0.4814664290054199,0.6892942881169396
1941,1159.4895834150434,2408.7309571057326,0.48136948628262555,0.6891554994889667
1942,1158.829893093295,2407.765280199831,0.4812885635584539,0.689039645987684
1943,1158.1569080630234,2406.7767133877114,0.48120662860861496,0.6889223433274801
1944,1157.4712296581445,2405.766433192251,0.48112369251169446,0.6888036073690789
1945,1156.7350226458934,2404.745225278,0.4810218606472831,0.6886578191723149
1946,1155.9796548691993,2403.704007759836,0.48091597432020344,0.6885062263798611
1947,1155.2152932287254,2402.711229867311,0.48079655968167334,0.6883352656995363
1948,1154.442495483466,2401.6962679822955,0.480677973677884,0.6881654913390862
1949,1153.6618193924157,2400.66036834754,0.48056019693719615,0.6879968755649878
1950,1152.8738227145675,2399.5739758368486,0.48044937739937943,0.6878382201119241
1951,1152.0790632089165,2398.467137973031,0.48033973239364464,0.687681246184729
1952,1151.3069260594662,2397.3000063619525,0.48025150085685103,0.6875549289782121
1953,1150.5271938012131,2396.1122028081563,0.48016415610789726,0.6874298813468016
1954,1149.7500594797748,2394.9145216911747,0.480079789514941,0.6873090974102086
1955,1149.0453536497116,2393.6978898408697,0.4800293965777356,0.6872369520607418
1956,1148.295797024537,2392.4635012100894,0.47996376807576707,0.6871429946240042
1957,1147.5430855750521,2391.2125497516804,0.4799000765089748,0.6870518102120778
1958,1146.8262833468048,2389.946229418489,0.4798544290370271,0.6869864587362843
1959,1146.104984186668,2388.6657341633622,0.47980969785548283,0.6869224190731185
1960,1145.3798504334466,2387.372257939147,0.4797659211396607,0.6868597458765032
1961,1144.6131078592668,2386.0669946986895,0.47970702851275454,0.6867754318955213
1962,1143.8848890016097,2384.7703566781756,0.4796624906873483,0.6867116690518249
1963,1143.1547877073472,2383.4630210144555,0.479619267271365,0.6866497879902279
1964,1142.4234663152854,2382.146199090344,0.47957739401197785,0.6865898398883841
1965,1141.6915871642293,2380.821102288656,0.47953690685399847,0.6865318762068977
1966,1140.959812592985,2379.4889419922074,0.4794978419348004,0.6864759486820552
1967,1140.1903683736775,2378.1509295838127,0.4794440732040569,0.6863989703576114
1968,1139.4249504771087,2376.8563221546374,0.4793831835170465,0.686311797273606
1969,1138.6641863821467,2375.5550390475014,0.4793255334714129,0.6862292622415228
1970,1137.90870356766,2374.2483352201416,0.4792711388643145,0.6861513878774581
1971,1137.159129512517,2372.937465630295,0.4792200156907494,0.6860781970807465
1972,1136.4160916955855,2371.6236852356974,0.47917218012715446,0.6860097130104802
1973,1135.6802175957343,2370.308248994087,0.47912764851478495,0.6859459590617151
1974,1134.921333322882,2368.934099031866,0.47908522815670584,0.685885227702762
1975,1134.1996690049039,2367.5633827734528,0.4790577845803054,0.6858459379427315
1976,1133.456223326708,2366.1973028866782,0.4790201653699507,0.6857920801755877
1977,1132.7204250472203,2364.837062039373,0.47898455383238625,0.6857410967051826
1978,1131.992875500356,2363.4646446160277,0.47895485895210477,0.6856985838525075
1979,1131.263908897047,2362.1017701004716,0.4789225947910487,0.6856523926736692
1980,1130.5437269978952,2360.7496237305677,0.4788918382676079,0.6856083599132254
1981,1129.8329224218312,2359.3785893752283,0.4788688544982579,0.6855754550625901
1982,1129.1320877877865,2357.9679759187693,0.47885810974503434,0.6855600722724763
1983,1128.4418157146922,2356.567602568843,0.4788497535502917,0.6855481090763748
1984,1127.7120211878766,2355.178584843436,0.47882229757232736,0.6855088015615713
1985,1126.9919569410124,2353.763601693858,0.4788042249145097,0.6854829277330875
1986,1126.2533445930997,2352.335974845083,0.4787808189972825,0.685449418511923
1987,1125.5275084121452,2350.927560179159,0.47875890668718485,0.6854180476223244
1988,1124.814971297206,2349.539412209184,0.4787384988956558,0.6853888306857185
1989,1124.1162561473388,2348.176820930617,0.4787187430381989,0.6853605470944202
1990,1123.4222767199308,2346.8578952093,0.47869207548237197,0.6853223683288778
1991,1122.7438143220377,2345.5623430758283,0.47866722350672614,0.6852867888495432
1992,1122.0813831377325,2344.281601186646,0.47864615862264537,0.685256631182462
1993,1121.4354973510874,2343.0269737478666,0.47862679769207184,0.6852289129905944
1994,1120.7656026542425,2341.7494781903297,0.47860183725560346,0.6851931782326756
1995,1120.1516834299457,2340.4892025702366,0.4785972446272504,0.6851866031688695
1996,1119.55581729559,2339.1318219807727,0.47862023284671157,0.6852195143905331
1997,1118.9785184352488,2337.8116805191476,0.47864356558726845,0.6852529188478805
1998,1118.4203010329936,2336.5200405421206,0.47866925240388575,0.6852896935322771
1999,1117.881679272898,2335.208403162159,0.47870745829757594,0.6853443912281216
2000,1117.3631673390344,2333.927598525091,0.47874799888614544,0.6854024314038314
2001,1116.8652794154752,2332.6496009844586,0.47879684927565613,0.6854723683556799
2002,1116.3885296862934,2331.4155879695013,0.4788457859881554,0.6855424288923504
2003,1115.9334323355613,2330.2263263988348,0.4788948694353397,0.6856126995026091
2004,1115.3563644223034,2328.974908688766,0.4789044142387344,0.6856263643773849
2005,1114.8117162505764,2327.742826914325,0.47892391863940564,0.6856542879690746
2006,1114.2902621380188,2326.5396771447054,0.47894745706875497,0.68568798690201
2007,1113.8026439519383,2325.3853051421156,0.4789755235353861,0.6857281684265587
2008,1113.3492364366587,2324.213074393734,0.4790220176896102,0.6857947320600892
2009,1112.8893458445714,2323.0851541114384,0.4790566303068829,0.6858442854202935
2010,1112.461748626743,2321.973274629213,0.4791018745917253,0.6859090596708602
2011,1111.9949148066776,2320.880590771369,0.4791262933682833,0.6859440189581338
2012,1111.5563872555622,2319.787714312371,0.4791629770248389,0.6859965373340947
2013,1111.079180861204,2318.7245664077577,0.479176870318204,0.6860164277505033
2014,1110.596946792413,2317.6633872180946,0.47918820002824886,0.6860326479975434
2015,1110.1406694328093,2316.6648208330093,0.47919779307290256,0.6860463819372058
2016,1109.6694545901448,2315.7292245668573,0.479187913171369,0.6860322373171783
2017,1109.1648726871585,2314.8089100256448,0.4791604472763458,0.6859929156045584
2018,1108.6892541629368,2313.876021505109,0.4791480804757062,0.6859752106005754
2019,1108.2529271453525,2312.9910898000826,0.4791427567674467,0.6859675888818558
2020,1107.8655617809661,2312.1062957918093,0.4791585766611841,0.6859902375271919
2021,1107.4785240999884,2311.2622155756076,0.47916610959876604,0.6860010221022633
2022,1107.1329174542902,2310.421210005861,0.4791909426123566,0.6860365744344583
2023,1106.7903401371282,2309.655227378311,0.4792015392675926,0.6860517451992039
2024,1106.4918606404358,2308.9259095611355,0.47922363210465685,0.6860833745413122
2025,1106.237478964213,2308.264101498206,0.4792508267343397,0.6861223078952878
2026,1106.02719510846,2307.641010624451,0.4792891052014921,0.6861771094913627
2027,1105.8199405812438,2307.057294921183,0.47932053660549534,0.6862221084485937
2028,1105.574612030694,2306.5033103867927,0.4793292977521428,0.6862346513965079
2029,1105.3706099356114,2306.0008287950186,0.47934527868891247,0.6862575306000628
2030,1105.2078297161856,2305.570937793327,0.47936405321537634,0.6862844092629851
2031,1105.076557650935,2305.173771557617,0.4793896977685242,0.6863211234406332
2032,1104.9965567097167,2304.800222057813,0.47943268407147843,0.6863826650379463
2033,1104.9478460480661,2304.46297918253,0.4794817083327709,0.6864528509143694
2034,1104.9405794941717,2304.1842983871315,0.4795365458690093,0.6865313594005823
2035,1104.8689431948676,2303.985093019398,0.47954691484002815,0.6865462041998588
2036,1104.8072297766678,2303.795179567908,0.4795596585907788,0.6865644488667191
2037,1104.786654570275,2303.6629044079655,0.479578263146188,0.686591084189566
2038,1104.817231964129,2303.588542061578,0.4796070182635053,0.6866322516249818
2039,1104.869881798675,2303.58260802878,0.47963110936322495,0.6866667417917531
2040,1104.9655174216957,2303.6132159250797,0.47966625203526897,0.6867170540080361
2041,1105.0852909366845,2303.6991134246628,0.47970035865225147,0.6867658829499036
2042,1105.1801849145427,2303.811634329731,0.4797181195050622,0.6867913103808873
2043,1105.3293209545761,2304.000249248564,0.47974357698749065,0.686827756737623
2044,1105.5323155974752,2304.2644004221665,0.4797766764069824,0.6868751437191883
2045,1105.7887853839322,2304.5945702162053,0.4798192270669946,0.6869360616256821
2046,1106.0188417960255,2305.0107089726994,0.47983240923377646,0.6869549339534714
2047,1106.2919275715153,2305.4711642957686,0.4798550269048558,0.6869873146773314
2048,1106.617847939218,2306.003486865225,0.47988559177920037,0.6870310730622021
2049,1106.9550725130337,2306.5384692478847,0.47992049006405224,0.687081035400102
2050,1107.1639706862854,2307.1562352662436,0.479882529740566,0.6870266892763065
2051,1107.4240911796583,2307.8266023152364,0.4798558479517822,0.6869884901340664
2052,1107.696343802651,2308.5789904388043,0.4798173891343025,0.6869334303383684
2053,1107.9826719967577,2309.36801984229,0.4797774380163208,0.6868762340817455
2054,1108.3234209102168,2310.2677809645716,0.47973807627074083,0.686819881603641
2055,1108.6691635096704,2311.187306799706,0.4796968035640699,0.6867607932866795
2056,1109.0313739434237,2312.1738064175543,0.4796487923465146,0.686692057740372
2057,1109.42214948116,2313.1879978979596,0.47960742943907464,0.6866328402869409
2058,1109.8618544266517,2314.280327927442,0.4795710532701933,0.686580762127545
2059,1110.3695284060618,2315.430689294266,0.47955204772054655,0.6865535527189035
2060,1110.9251252125432,2316.6279085170813,0.4795440481089896,0.686542100027249
2061,1111.509247905578,2317.858812025647,0.47954139490239117,0.6865383015481791
2062,1112.1133985039928,2319.160869023387,0.47953266776716125,0.6865258072929138
2063,1112.7393112896589,2320.522845024064,0.4795209466158562,0.6865090266366562
2064,1113.3694674011722,2321.953373091106,0.4794969099310536,0.6864746143733258
2065,1114.0644847832086,2323.4514771462755,0.4794868736193846,0.686460245827794
2066,1114.7720430276272,2325.0161811113317,0.479468509545933,0.6864339547923777
2067,1115.5199411912927,2326.616365520399,0.47946019710120197,0.6864220542312415
2068,1116.2147293692421,2328.229177941692,0.4794264842759378,0.6863737890636391
2069,1116.9225298902243,2329.9016182854457,0.47938613421461024,0.6863160216573929
2070,1117.683234723293,2331.6223736305637,0.4793585991298201,0.6862766008888299
2071,1118.4572307788908,2333.3999986056165,0.47932511847400955,0.6862286681080122
2072,1119.2843751661358,2335.202637328558,0.47930931443559127,0.6862060421620384
2073,1120.163456502213,2337.058036566345,0.47930493765057747,0.6861997761116377
2074,1121.0548268376267,2338.924047168995,0.4793036474162287,0.6861979289399279
2075,1121.9598718548777,2340.8379901851986,0.4792983865432363,0.6861903971796935
2076,1122.9183789432104,2342.788482973985,0.47930847667381143,0.6862048427753836
2077,1123.890630433255,2344.7840104440506,0.47931520576192205,0.6862144765145594
2078,1124.877942287638,2346.7850117957446,0.4793272228319239,0.6862316808245863
2079,1125.9200321757287,2348.83139642809,0.4793532792042611,0.6862689845856359
2080,1127.0155492749636,2350.901471002211,0.4793971857929488,0.6863318437155148
2081,1128.1247061960994,2352.9619416636524,0.47944876889868576,0.6864056929768667
2082,1129.2871857485675,2355.0308065979543,0.47952119462077036,0.6865093816943725
2083,1130.4913351268842,2357.127353808331,0.47960553904751374,0.6866301338965745
2084,1131.7453690752338,2359.259937478716,0.47970355071798604,0.6867704528898736
2085,1133.009456629452,2361.3554327904903,0.47981317886165825,0.686927402676396
2086,1134.3232370240491,2363.479787772716,0.47993777771757756,0.6871057853725032
2087,1135.6852810016028,2365.6316864627665,0.48007696527761134,0.6873050540739709
2088,1137.0941593046905,2367.809812898016,0.4802303601879981,0.6875246628134093
2089,1138.5484426758908,2370.0128511158364,0.4803975818695859,0.6877640667324031
2090,1140.0467018577801,2372.239485153602,0.4805782506330563,0.6880227222464719
2091,1141.549071026257,2374.4781319257027,0.4807578792483805,0.688279888626236
2092,1143.0951545558955,2376.6652060353144,0.4809659987671442,0.6885778441780401
2093,1144.6424198374025,2378.856976649956,0.48117328240950163,0.6888746030423959
2094,1146.266241026841,2381.0623164951257,0.48140959314081333,0.6892129187119855
2095,1147.9240855149185,2383.279831173338,0.4816572819104384,0.6895675238180693
2096,1149.6555576762084,2385.4978591641243,0.4819352711886509,0.6899655088282091
2097,1151.4207916866092,2387.7246064966857,0.48222512284446206,0.6903804766820729
2098,1153.2183582886978,2389.8868001976693,0.48254099658331695,0.6908326992065147
2099,1155.1237013584116,2392.050240141405,0.48290110382051465,0.6913482488829952
2100,1157.0533243743362,2394.213462210534,0.48327074533531766,0.6918774483649422
2101,1159.0058677989243,2396.3750022876966,0.48364962357414043,0.6924198716579886
2102,1161.0184086613071,2398.5333962555333,0.48405346803752214,0.6929980379955081
2103,1163.0177524229907,2400.6871799966843,0.4844520194524457,0.6935686265085955
2104,1165.0313756864211,2402.834889393791,0.4848570248538158,0.6941484549099186
2105,1167.086097072731,2404.964793206509,0.48528198848045084,0.6947568566236207
2106,1169.1368914871234,2407.085027744166,0.485706519716421,0.6953646393026457
2107,1171.2311292266652,2409.1941201744175,0.4861505843048762,0.6960003870223973
2108,1173.3290751920197,2411.290597664921,0.4865979556044653,0.6966408688148895
2109,1175.5132812003044,2413.3729873833304,0.487083135240873,0.697335479138557
2110,1177.6874911216166,2415.4398164973045,0.4875664808860415,0.6980274638177154
2111,1179.8504848581576,2417.489612174498,0.4880477992196619,0.6987165460841901
2112,1182.04211080406,2419.520901582567,0.4885438724794262,0.6994267523287863
2113,1184.1816786628494,2421.511677643203,0.4890257972306721,0.7001167027766756
2114,1186.3256231867454,2423.4796683774316,0.48951333847212103,0.7008146941063025
2115,1188.5867354453296,2425.4233835229415,0.4900533010112653,0.7015877346998037
2116,1190.8586316254648,2427.3413328174197,0.49060204905061,0.7023733531071287
2117,1193.1376340037837,2429.164762006865,0.4911719668690022,0.7031892793550403
2118,1195.4611682087902,2430.963989684958,0.49176424384785583,0.7040372162285421
2119,1197.7872245302474,2432.68612896958,0.49237228357017754,0.7049077199278558
2120,1200.0738281178576,2434.377630726957,0.4929694608471612,0.7057626723424372
2121,1202.3969457466148,2436.0369001149647,0.49358732853753967,0.7066472463109061
2122,1204.7120403608424,2437.66234229148,0.4942079218520375,0.7075357224354213
2123,1206.9772416900514,2439.2523624143787,0.49481441948687177,0.7084040183959752
2124,1209.2301845223687,2440.8053656415373,0.4954226181015202,0.7092747495744373
2125,1211.4290334472448,2442.3710927457482,0.49600531100510986,0.7101089653493571
2126,1213.601848971072,2443.8999467514604,0.49658409730899383,0.7109375882174803
2127,1215.8420077929459,2445.3903763914705,0.4971975106842032,0.7118157851390389
2128,1218.0538464018948,2446.8408303985766,0.49780673563612254,0.7126879856793835
2129,1220.234140253735,2448.270291751543,0.49840662788125173,0.7135468249943225
2130,1222.3412630975386,2449.658008329796,0.4989844537241933,0.7143740728128024
2131,1224.3746571743125,2451.0024462961023,0.49954036521854916,0.71516994682327
2132,1226.439465283431,2452.3020718132275,0.5001176157619946,0.7159963710107908
2133,1228.4318963195817,2453.565618166922,0.5006721186602512,0.7167902283962415
2134,1230.379666547278,2454.781951093265,0.501217497545684,0.7175710233342499
2135,1232.2899928450051,2455.949545470009,0.5017570475411273,0.7183434733070981
2136,1234.1118228348346,2457.1079446668364,0.5022619480407768,0.7190663171223871
2137,1235.8755831413928,2458.248023223704,0.5027464972882137,0.7197600249459203
2138,1237.5905343069783,2459.3394895982447,0.5032206978911845,0.7204389170708074
2139,1239.2921672335833,2460.3808796730978,0.5036993164238228,0.7211241341510845
2140,1240.898100917782,2461.380996453887,0.504147103884179,0.721765211742624
2141,1242.5240590213664,2462.328775396568,0.5046133852784355,0.7224327662850666
2142,1244.047354610103,2463.2227610987647,0.5050486599332873,0.7230559298438867
2143,1245.4774573859127,2464.0614981581025,0.5054571317789401,0.7236407210008666
2144,1246.8327969260577,2464.843531172206,0.505846631300406,0.7241983503166328
2145,1248.1977769818159,2465.5988640889627,0.5062452758076785,0.7247690721059377
2146,1249.4491920773885,2466.3389666991884,0.5066007588363177,0.7252780015066222
2147,1250.5870422127762,2467.0240080387157,0.5069213101039065,0.7257369206430074
2148,1251.611327387978,2467.724463570944,0.5071924948933813,0.7261251639662133
2149,1252.522047602994,2468.3717359115885,0.5074284514688093,0.7264629726064173
2150,1253.3192028578244,2468.9747587910365,0.5076273859808625,0.726747778388517
2151,1254.0027931524694,2469.573934004924,0.5077810288995256,0.7269677421904851
2152,1254.5824276285985,2470.1507361111617,0.5078971130335667,0.7271339347341704
2153,1255.0862844448932,2470.6750827270025,0.5079932578830213,0.7272715810820121
2154,1255.4733386843404,2471.14571889471,0.5080531387059952,0.7273573098197954
2155,1255.9360773332915,2471.5613896565483,0.5081549188255519,0.727503023935729
2156,1256.2895039343866,2472.0029770386454,0.5082071160931076,0.7275777524655163
2157,1256.611358761921,2472.39242266978,0.5082572439714025,0.727649518341811
2158,1256.8204416928402,2472.810678295956,0.5082558291761059,0.7276474928416763
2159,1256.92664074831,2473.179755265826,0.5082229215535574,0.72760038044735
2160,1256.948803824839,2473.4985380614007,0.5081663823460231,0.7275194357532649
2161,1256.8660524345812,2473.8427842980527,0.5080622181862757,0.7273703085119562
2162,1256.6684419089715,2474.2114481776675,0.5079066475238186,0.727147584844074
2163,1256.394731269109,2475.6075102248697,0.5075096622061004,0.7265792384434023
2164,1256.0760791982975,2476.8856585347294,0.5071191214944352,0.7260201185014697
2165,1255.725145082707,2478.3828710470066,0.5066711684269425,0.7253788038174844
2166,1255.2629119028447,2479.7984163130704,0.5061955454303225,0.7246978753142357
2167,1254.7001348208137,2481.287055895308,0.5056650466296362,0.7239383835384096
2168,1254.09957130993,2482.628068001293,0.5051500011113533,0.7232010155466142
2169,1253.4047822604819,2483.9187510730467,0.5046078023763918,0.722424773490018
2170,1252.6067250047781,2485.2833441835032,0.504009624470525,0.7215683885191209
2171,1251.6956988938139,2486.5686771264054,0.5033827178826734,0.7206708739591097
2172,1250.799812453545,2487.812118882858,0.5027710103025028,0.7197951191492044
2173,1249.7991544722317,2489.011390484472,0.5021267316213307,0.7188727337280549
2174,1248.7738923472918,2490.1848517886338,0.5014783908312391,0.7179445327644145
2175,1247.6452530787928,2491.368229001914,0.500787173311037,0.7169549470740769
2176,1246.4139687254142,2492.456297404082,0.5000745529715273,0.7159347199096727
2177,1245.1480353375248,2493.522788376665,0.4993529801057651,0.7149016758076001
2178,1243.785985259482,2494.4825626237125,0.49861482453148925,0.7138448909718618
2179,1242.3594216387896,2495.4141665555658,0.49785700437600117,0.7127599532210057
2180,1240.8307445472587,2496.2372759050863,0.4970804484511025,0.7116481922939941
2181,1239.200790623381,2497.0253823917365,0.49627080259650064,0.7104890579715296
2182,1237.4806636286298,2497.85211717472,0.49541790529550006,0.7092680024575564
2183,1235.6513326518282,2498.5650464639525,0.4945443923505456,0.7080174324338123
2184,1233.7335105961204,2499.2228186176612,0.49364686549977466,0.7067324827584092
2185,1231.7184336733114,2499.8226099809367,0.49272233507908964,0.7054088732608893
2186,1229.748713014703,2500.232860894049,0.4918536718115775,0.704165246306815
2187,1227.7394916898334,2500.641365324311,0.49096984026360224,0.7028999035934395
2188,1225.72060806189,2501.0128554733283,0.4900896872159087,0.7016398272269582
2189,1223.611663786371,2501.321171572781,0.4891861459826002,0.7003462670248809
2190,1221.4925865986265,2501.4153744523855,0.4883205720545465,0.6991070629420898
2191,1219.2946309596398,2501.473478995594,0.48743056490417713,0.6978328788906698
2192,1217.0401481895992,2501.4139582674406,0.4865408798760203,0.6965591560074389
2193,1214.7425645932913,2501.245153379379,0.4856551397819116,0.6952910809125948
2194,1212.3646637018355,2500.905614105738,0.48477025956669184,0.6940242368684968
2195,1209.9076656130317,2500.4044964090044,0.4838847743837686,0.6927565267187735
2196,1207.3343538579993,2499.822229136124,0.48296808460464963,0.6914441423225715
2197,1204.7664872251469,2499.118798308261,0.48207651754718284,0.6901677250208406
2198,1202.1360827365813,2498.320233840472,0.4811777395280635,0.6888809841028002
2199,1199.4347949233538,2497.2969674469327,0.48029321724983903,0.6876146525013389
2200,1196.7023240248652,2496.1099090242933,0.4794269353678602,0.6863744348720834
2201,1194.011838434656,2494.7968633028704,0.4786008255814061,0.6851917298632698
2202,1191.2590319918422,2493.3688773967433,0.47777087569794424,0.6840035271566443
2203,1188.4863675858426,2491.7883993101354,0.47696119297885853,0.6828443400569213
2204,1185.6979063993324,2489.987145398197,0.4761863564599714,0.6817350407277935
2205,1182.9623765413605,2488.026365441963,0.475462154650931,0.6806982328833779
2206,1180.2094681332308,2485.8790517051434,0.47476544255992165,0.679700780857934
2207,1177.4145805173107,2483.7733058288563,0.47404269051212683,0.678666048572863
2208,1174.6127505449113,2481.67246125973,0.473314979668454,0.6776242169980621
2209,1171.7671800663975,2479.3827542662166,0.47260439238361435,0.6766069004685165
2210,1168.8410709321354,2476.9177810952956,0.47189336676943416,0.6755889564021531
2211,1165.8873623141492,2474.2232683108487,0.4712134823265566,0.6746155957796416
2212,1162.92885871181,2471.313522431075,0.47057115503815816,0.6736960040816092
2213,1159.9794396090872,2468.2598555578634,0.46995839477643436,0.6728187421938724
2214,1157.043410208216,2465.090607077104,0.4693715544923277,0.6719785887968697
2215,1154.145644817336,2461.8713328435642,0.46880827174840595,0.6711721616929444
2216,1151.2302490132522,2458.453712539743,0.4682741200866281,0.6704074402767239
2217,1148.3662472144795,2454.900455706541,0.4677852597016892,0.6697075603874425
2218,1145.5041252378167,2451.1435096461933,0.46733458107606385,0.6690623436418811
2219,1142.626503661607,2447.2251455184633,0.46690698064870245,0.6684501669366736
2220,1139.7762898394678,2443.194663989436,0.4665106332453893,0.6678827338099691
2221,1136.9169209263396,2438.9444254167415,0.4661512206175321,0.6673681785750989
2222,1134.0913391357765,2434.5566016441812,0.46583075471314417,0.6669093816494499
2223,1131.234189057647,2430.021688109898,0.4655243179897441,0.6664706696845363
2224,1128.416591064185,2425.341166361219,0.46526097306020153,0.6660936503436172
2225,1125.6404624519328,2420.6318886504014,0.46501926531238175,0.665747608003116
2226,1122.9103873026233,2415.752481373913,0.4648284110067393,0.6654743702967746
2227,1120.1899160659934,2410.657308516557,0.4646823553511732,0.6652652688453258
2228,1117.5221042503917,2405.371287961395,0.46459443074067636,0.6651393910516745
2229,1114.9116056574258,2399.9372573421692,0.4645586472090291,0.6650881613449138
2230,1112.3220404567069,2394.2993832405755,0.4645709923506849,0.6651058353406831
2231,1109.755465384525,2388.463434976208,0.4646315489420835,0.6651925315463669
2232,1107.2550056691043,2382.454400152002,0.464753913274672,0.6653677151738043
2233,1104.784316339992,2376.3549386508803,0.4649071139882864,0.665587045890274
2234,1102.3454889934173,2370.089445369698,0.465107125449212,0.6658733934926576
2235,1099.9406152256072,2363.7880724982238,0.4653296240991307,0.6661919350134434
2236,1097.6032459830526,2357.3028352458496,0.4656182606544825,0.6666051632614787
2237,1095.3073295632378,2350.698068498046,0.4659498147556964,0.6670798346703257
2238,1093.0549837073436,2343.9189018422735,0.4663365199402693,0.6676334634569929
2239,1090.8483261565507,2336.9714096225753,0.4667786356585015,0.6682664210650523
2240,1088.6894746520393,2329.8616661829974,0.46727644411422703,0.668979111513308
2241,1086.5805469349903,2322.7014464259532,0.46780895952295604,0.6697414903780804
2242,1084.5647292385174,2315.42439271812,0.46840861340556517,0.6705999884398943
2243,1082.605737597059,2308.036052146992,0.46905928379671213,0.6715315245907967
2244,1080.7057246117324,2300.540032716064,0.46976175560649963,0.6725372225520231
2245,1078.8353835333924,2292.901540722084,0.470510994202413,0.6736098744618699
2246,1077.0250102619007,2285.174896662086,0.4713096629212458,0.6747532933023619
2247,1075.2767312534218,2277.391956418119,0.4721526868587946,0.6759602135565914
2248,1073.592672964121,2269.5057985148055,0.4730513020353128,0.6772467213400494
2249,1072.0133984168426,2261.5592998033158,0.47401516224229623,0.6786266375609774
2250,1070.4178634518898,2253.4870656560893,0.4750051064261352,0.6800438970631287
2251,1068.88503279885,2245.2955713064493,0.47605537839141054,0.6815475251938151
2252,1067.4169980539507,2236.991291987718,0.47716636263947126,0.6831380724266888
2253,1065.9747823214868,2228.5807029332145,0.4783200271448423,0.6847897231048019
2254,1064.5988789044288,2220.0798885179333,0.4795317882074626,0.686524548066019
2255,1063.252907972387,2211.561938700556,0.4807701242123569,0.6882974192020325
2256,1061.9773279683957,2202.951270165397,0.4820702765198536,0.690158790016797
2257,1060.740727474605,2194.2544365806366,0.48341737849124944,0.692087376598238
2258,1059.5739296474246,2185.5260373228048,0.4848141415626266,0.694087060790014
2259,1058.478930218256,2176.7405523034267,0.4862678416581037,0.6961682592123367
2260,1057.3242523197177,2167.89432907259,0.4877194603724221,0.6982464778128947
2261,1056.2366972301234,2158.9843818766794,0.48922850303900683,0.7004069077576166
2262,1055.2181473860778,2150.074988953769,0.49078202053759484,0.7026310103611533
2263,1054.2704852241866,2141.140050668931,0.49238744793681916,0.7049294300839108
2264,1053.3955931810544,2132.222731467816,0.4940363769857663,0.7072901292032602
2265,1052.5748194473197,2123.2675334590153,0.49573348758955965,0.7097198077333167
2266,1051.7239441578731,2114.2709610623338,0.4974404716931009,0.712163621718246
2267,1050.8971361690215,2105.2782223872373,0.4991725677841184,0.7146433874299994
2268,1050.0550699856879,2096.255055344519,0.5009195170733227,0.7171444178116316
2269,1049.2378554515342,2087.2082663369038,0.5026991663333001,0.7196922633016859
2270,1048.4444990583524,2078.1446617671145,0.5045098728434169,0.7222845720893575
2271,1047.7150409299302,2069.0710480378766,0.5063697749400583,0.7249473120322439
2272,1047.0073842061893,2060.032668118595,0.508247951797002,0.7276362151448432
2273,1046.3466611588033,2050.9952947799984,0.5101653152602871,0.7303812199964101
2274,1045.713239542679,2041.9657692847475,0.5121110526299213,0.7331668465204341
2275,1045.0599495053877,2033.0181968871943,0.5140435787075126,0.7359335590193147
2276,1044.4677602229008,2024.0876099940076,0.5160190473306603,0.7387617504699685
2277,1043.9073344436288,2015.1809108727396,0.5180216469952222,0.7416287842380734
2278,1043.2754649662054,2006.3626566409614,0.5199834942666098,0.7444374745991412
2279,1042.6573268180175,1997.5781991182307,0.5219607058578565,0.7472681613804819
2280,1042.051577891486,1988.855027107971,0.5239454679644255,0.7501096579021711
2281,1041.4979097110263,1980.1808943142692,0.5259609931100229,0.7529951965123836
2282,1040.997577234376,1971.5627727245515,0.5280063062845296,0.7559233813320607
2283,1040.4388970664556,1963.0076343262435,0.5300228480382665,0.7588103753753869
2284,1039.9184617355609,1954.5224511067713,0.5320575678967999,0.7617233942109938
2285,1039.4059622693535,1946.114195053561,0.5340929966551871,0.7646374279473094
2286,1038.8998822605686,1937.7898381540388,0.5361261896440931,0.7675482608308968
2287,1038.4397389339374,1929.57557067897,0.5381700280173718,0.7704743342425892
2288,1038.0266129475099,1921.4578477997832,0.5402286675901478,0.7734215978799257
2289,1037.6205164674047,1913.443658933873,0.5422791058533405,0.776357120063424
2290,1037.1787948745498,1905.5207752152935,0.5443020135833287,0.7792532279946643
2291,1036.7792973805435,1897.7359211607777,0.5463243256450467,0.7821484831338684
2292,1036.31006171081,1890.0768679043802,0.5482899025476234,0.7849625130436994
2293,1035.8776686371311,1882.5711391094624,0.5502462282127336,0.7877632983641684
2294,1035.4727312499356,1875.2148165190897,0.5521888597126464,0.7905444783512591
2295,1035.0749288203724,1868.004648572628,0.5541072553600387,0.7932909609353668
2296,1034.5907286511274,1860.9476508324233,0.5559483246013627,0.7959267387084794
2297,1034.1361812159037,1854.041229719154,0.5577741015891822,0.7985406232355461
2298,1033.712027288365,1847.379532336525,0.5595558515152265,0.8010914761567189
2299,1033.319007642176,1840.9182996368581,0.5613062827644278,0.8035974915071731
2300,1032.9578630510005,1834.6358069073337,0.5630315614477563,0.806067497036499
2301,1032.629334288502,1828.5391568601424,0.5647291338631605,0.8084978367219059
2302,1032.3725986950244,1822.6354522074735,0.5664174903679575,0.8109149823938601
2303,1032.1370962892533,1816.9317956615182,0.568065955339544,0.8132750171140847
2304,1031.8921346395416,1811.435289934466,0.5696544283825195,0.8155491640314774
2305,1031.6768823712491,1806.2010834468576,0.5711860610793412,0.8177419351278823
2306,1031.4510030511224,1801.1849868708875,0.572651343737332,0.8198397157949918
2307,1031.253630444584,1796.3941464936684,0.5740686877974186,0.8218688648821512
2308,1031.0135918894935,1791.8741451689905,0.5753828161811326,0.8237502446298889
2309,1030.798787571393,1787.5910955519705,0.5766412632823638,0.8255519079370646
2310,1030.5611499944723,1783.5521787896569,0.5778138493788421,0.8272306478240748
2311,1030.3211480423158,1779.7645760290984,0.578908672483585,0.8287980578596129
2312,1030.0979084909284,1776.2354684173438,0.5799331939975071,0.830264820202853
2313,1029.901598240974,1772.9720371014423,0.5808899275843723,0.8316345335555329
2314,1029.6917065595137,1769.7890198170137,0.5818160780916011,0.8329604624596273
2315,1029.5071929122842,1766.9170743100676,0.5826573345635241,0.8341648523111395
2316,1029.307511706409,1763.0901277529656,0.5838087886172033,0.8358133383828885
2317,1029.131587547688,1759.374877663419,0.5849416179651555,0.8374351602834678
2318,1028.9799084752412,1755.648122923121,0.5860968921050131,0.8390891154044055
2319,1028.8529625281883,1752.0865973128325,0.5872158169043331,0.8406910307749057
2320,1028.751237745649,1748.6427083033864,0.5883141437988728,0.8422634570320288
2321,1028.675222166743,1745.2449694932081,0.5894159502808676,0.84384086486131
2322,1028.6254038305906,1742.0327674694147,0.5904741994749249,0.8453559136392172
2323,1028.520133792445,1738.908280890926,0.5914746310055438,0.8467881874140103
2324,1028.4367035049115,1735.8491497225693,0.5924689387146806,0.8482116939832107
2325,1028.3344627953027,1732.9547901475466,0.5933994750709847,0.8495439019143234
2326,1028.2522316896063,1730.156630926527,0.5943116439920012,0.8508498139970273
2327,1028.1903936471313,1727.4910562473908,0.5951928896700962,0.8521114546343473
2328,1028.077462266303,1724.863557334585,0.5960340792723229,0.8533157487514595
2329,1027.970756870246,1722.2782180297445,0.5968668395784662,0.8545079750164991
2330,1027.880200340065,1719.8217951299032,0.5976666903808054,0.8556530861939017
2331,1027.8061064151932,1717.415014523532,0.5984611161096323,0.8567904305324149
2332,1027.7487888350656,1715.1464500818877,0.599219261297481,0.857875833617791
2333,1027.708561339116,1712.9552398407357,0.5999622975756614,0.8589396059424189
2334,1027.6857376667786,1710.6969817395043,0.6007409544978486,0.8600543747747444
2335,1027.6806315574872,1708.5599577846262,0.6014893576752267,0.8611258306526568
2336,1027.6935567506766,1706.5690509992269,0.602198637171431,0.8621412748787931
2337,1027.694025616831,1704.63420596472,0.6028824377809655,0.8631202421046841
2338,1027.7008860524584,1702.6798750968553,0.6035784536385611,0.8641166973634038
2339,1027.6521562178427,1700.879127525504,0.6041888218787808,0.8649905346992706
2340,1027.6153179792802,1698.9945993242507,0.6048373069508276,0.8659189422250338
2341,1027.5392535964625,1697.1786075023917,0.6054396685500376,0.8667813168054883
2342,1027.4337465107442,1695.441236168241,0.60599785152848,0.8675804427997122
2343,1027.3400046538077,1693.6981303744321,0.6065661797871205,0.8683940933449135
2344,1027.2966040320807,1692.1052935686132,0.6071115124671317,0.8691748221326542
2345,1027.2626504533162,1690.5020336415928,0.6076672077349944,0.8699703865811717
2346,1027.2287090755294,1688.9948703602615,0.608189359898069,0.8707179288434197
2347,1027.255890240008,1687.5408876560195,0.6087294819071661,0.8714911977430312
2348,1027.2546309247793,1686.1766047990036,0.6092212571335199,0.87219525068243
2349,1027.2635419962082,1684.8616330660552,0.6097020205314001,0.8728835384718384
2350,1027.2827977539803,1683.5939505808205,0.6101725403560517,0.8735571609884656
2351,1027.2715040058488,1682.3201301321556,0.6106278380709568,0.8742089906807767
2352,1027.268236758241,1681.0860125373868,0.6110741681847138,0.8748479818533551
2353,1027.2731354509065,1679.9406588005318,0.6114937037028283,0.8754486123830805
2354,1027.2863395235927,1678.8002891631886,0.6119169422085647,0.8760545443171468
2355,1027.307988416049,1677.7264810898014,0.6123214957832341,0.8766337258580758
2356,1027.225283215208,1676.714171174502,0.6126418568381627,0.8770923726753701
2357,1027.14396805436,1675.7923524270025,0.6129303350542067,0.8775053742359898
2358,1027.0948878773759,1674.963813642272,0.6132042253760213,0.8778974909507259
2359,1027.0492849791208,1673.9951910716827,0.6135318013199365,0.8783664670069209
2360,1027.0072290794685,1673.0683394207597,0.6138465506047608,0.8788170797000353
2361,1027.0098583902266,1672.2229066389978,0.6141584679367983,0.8792636380110317
2362,1027.0188409245266,1671.4703625172112,0.6144403538079194,0.8796672016016771
2363,1026.9958446955,1670.793349421204,0.6146755641870801,0.8800039419455391
2364,1026.982007914955,1670.1321078322533,0.6149106427562341,0.8803404935828179
2365,1026.9774003027646,1669.4530040115171,0.6151580175273265,0.8806946491510274
2366,1027.0205281454837,1668.6703147590972,0.6154724028237734,0.8811447407380076
2367,1027.06081838932,1667.9893180437743,0.615747839197113,0.8815390708666416
2368,1027.0463733028716,1667.2800446904494,0.6160011190522916,0.8819016804837448
2369,1027.0342333297665,1666.5830228620277,0.6162514673682669,0.8822600931452422
2370,1027.0244420449253,1665.9092343102059,0.6164948371092858,0.8826085148882313
2371,1027.017043023269,1665.2053738336178,0.6167509780843917,0.8829752206447634
2372,1027.0120798397202,1664.5790244272393,0.6169800680944554,0.8833031987256604
2373,1027.0095960691997,1663.9499315438084,0.6172118382891142,0.8836350139088376
2374,1027.0404366555786,1663.3249111725327,0.6174623068271032,0.8839935986868988
2375,1027.034775401789,1662.7113762790427,0.6176867435045611,0.8843149147963838
2376,1027.0310837344466,1661.973605798612,0.617958720975558,0.8847042929668244
2377,1027.0293965134897,1661.2443716452856,0.6182289698271943,0.885091196349035
2378,1027.0297485988544,1660.6404737814157,0.6184540030270506,0.8854133664733737
2379,1027.032174850479,1660.0710593673546,0.6186675980255183,0.8857191610283923
2380,1027.0367101282995,1659.4952777857764,0.6188849850170405,0.8860303844129109
2381,1027.0433892922536,1658.972265434029,0.6190841225567765,0.886315480860805
2382,1027.0522472022783,1658.5035038594403,0.6192644421988039,0.8865736365530754
2383,1027.0633187183107,1658.0699403633719,0.6194330490625903,0.8868150235764352
2384,1027.0766387002882,1657.6197295043273,0.6196093231874186,0.8870673874798498
2385,1027.0922420081477,1657.2106132821684,0.6197717017838502,0.8872998577670596
2386,1027.1101635018263,1656.6995883913019,0.6199736939025722,0.8875890409900048
2387,1027.1407051642445,1656.2320556294974,0.6201671448593301,0.8878659962074213
2388,1027.1743014286535,1655.7579430545595,0.6203650151505308,0.8881492783913826
2389,1027.210995869975,1655.3265164726374,0.6205488679410971,0.8884124923368564
2390,1027.2508320631305,1654.9774325482101,0.6207038306748671,0.8886343456600037
2391,1027.3322901497208,1654.632441180402,0.620882477933788,0.888890107075013
2392,1027.4143800726717,1654.2208926061298,0.6210865699163305,0.8891822965805359
2393,1027.4971802668417,1653.839344493752,0.6212799227976787,0.8894591113877066
2394,1027.580769167089,1653.457453010993,0.621473970978712,0.8897369216248233
2395,1027.6652252082724,1653.0736668906513,0.6216693458926481,0.8900166312870228
2396,1027.7403597022674,1652.72746849752,0.621845028470772,0.8902681482990659
2397,1027.8158515106181,1652.3685680147971,0.6220257825077522,0.8905269258954641
2398,1027.8917703531984,1652.002312956838,0.6222096435890729,0.8907901517104461
2399,1027.968185949883,1651.634673959375,0.6223944084956694,0.8910546714922811
2400,1028.0040995286129,1651.2235498048374,0.6225711228804334,0.8913076656964617
2401,1028.0764190826844,1651.0004401067158,0.6226990581639291,0.8914908250090319
2402,1028.1441458400393,1650.7918321424402,0.6228187744942301,0.891662217608182
2403,1028.2073495205514,1650.5987542801563,0.622929919736286,0.8918213393576646
2404,1028.2660998440952,1650.422234888009,0.6230321417802936,0.8919676861573775
2405,1028.320466530545,1650.2530352111605,0.6231289654310285,0.8921063043151253
2406,1028.411587791708,1650.019647060576,0.6232723286803097,0.8923115511670389
2407,1028.4600631487822,1649.7998935029018,0.6233847312022349,0.8924724729087542
2408,1028.5043988883228,1649.5947244714241,0.6234891416847154,0.8926219527994746
2409,1028.5446647302033,1649.353754284514,0.6236046464006648,0.8927873158157892
2410,1028.5424938276185,1649.0285276295601,0.6237263192202771,0.8929615094345449
2411,1028.5389895324386,1648.7212189822915,0.6238404514301856,0.8931249074943901
2412,1028.495750137921,1648.38460184288,0.6239416147105908,0.8932697385088693
2413,1028.4538441359985,1648.0091847219446,0.6240583205909264,0.8934368211793497
2414,1028.413271526671,1647.584107877571,0.6241947021760729,0.8936320726901145
2415,1028.374032309939,1647.1080597046239,0.6243512842104345,0.8938562442946232
2416,1028.3361264858022,1646.6002018390454,0.6245208310659017,0.8940989770626858
2417,1028.2584855623277,1646.111769673433,0.624658971830522,0.8942967471132489
2418,1028.1795112462578,1645.6406890415267,0.6247897965169433,0.8944840430567713
2419,1028.1402371695885,1645.1848857770678,0.6249390242142715,0.8946976857807504
2420,1028.1022267656404,1644.7449176390503,0.6250830847627303,0.8949039309251954
2421,1028.0654800344128,1644.359778953148,0.6252071433472498,0.8950815401385268
2422,1028.0299969759067,1643.950557279679,0.6253411895045283,0.8952734481200386
2423,1027.9547090981882,1643.5178103776382,0.6254600361537856,0.8954435956351293
2424,1027.847216739051,1643.1389342794412,0.6255388362456328,0.8955564102571696
2425,1027.7286511208838,1642.7734182521494,0.6256058441792596,0.895652342565478
2426,1027.6906886493493,1642.3499501938738,0.6257440373947306,0.8958501877076148
2427,1027.6538242658341,1641.984336558758,0.6258609180277401,0.8960175205638046
2428,1027.5796214036588,1641.5777363525617,0.6259707345244877,0.896174740007132
2429,1027.5091136948195,1641.1203792064052,0.6261022206010817,0.8963629828338445
2430,1027.4422662793788,1640.7184101428568,0.626214870222563,0.8965242583371148
2431,1027.3790442973996,1640.3978547194786,0.6262987002461605,0.8966442740909814
2432,1027.3194128889447,1640.0771337113988,0.6263848155508277,0.8967675615811375
2433,1027.2633371940774,1639.6799317442528,0.6265023540913249,0.8969358363345107
2434,1027.2107823528602,1639.2888738410256,0.626619748809737,0.8971039051841369
2435,1027.161713505356,1638.9813211741966,0.6267073945476561,0.8972293837281969
2436,1027.1160957916272,1638.6756945188943,0.6267964425341541,0.8973568698098084
2437,1027.0738943517376,1638.3725516341128,0.6268866585486519,0.8974860281056806
2438,1027.0350743257495,1637.9942611828596,0.6270077366352232,0.8976593702713268
2439,1026.999600853726,1637.6221322254942,0.6271285546550687,0.897832340110892
2440,1026.9674390757298,1637.2566528011362,0.6272489028025754,0.8980046372549175
2441,1026.9385541318238,1636.9765000448917,0.6273386051074413,0.8981330600953277
2442,1026.9129111620707,1636.680876448549,0.6274362497534521,0.8982728536358648
2443,1026.890475306534,1636.4100748704398,0.6275263707282152,0.8984018758675332
2444,1026.8712117052758,1636.144118823591,0.6276166016741909,0.8985310555401449
2445,1026.8935220650392,1635.8719829813883,0.6277346471779035,0.8987000560904327
2446,1026.9163378938908,1635.60382552951,0.6278515138355324,0.8988673689386854
2447,1026.939659191831,1635.340195511967,0.6279669893824952,0.899032690195046
2448,1026.9634859588593,1635.0919090957516,0.6280769174173193,0.8991900693225268
2449,1027.0262547616558,1634.767777914322,0.6282398446046947,0.8994233250032371
2450,1027.0869319682245,1634.4451631401575,0.6284009736949182,0.8996540064274227
2451,1027.1455524385026,1634.1053345290386,0.6285675291149659,0.899892456489104
2452,1027.1637144657473,1633.7692969360824,0.6287079310353405,0.9000934637368051
2453,1027.1414180499587,1633.4375209704406,0.6288219811674978,0.9002567442895476
2454,1027.1170648978793,1633.1104772412639,0.6289329957841796,0.9004156790284334
2455,1027.090620149573,1632.7886363577036,0.6290407694413687,0.9005699738283084
2456,1027.0620489451012,1632.4211333139956,0.6291648815278761,0.9007476596380803
2457,1026.9928798578474,1632.0564408527187,0.6292630905100702,0.9008882611138843
2458,1026.9241116598707,1631.6949860081024,0.6293603403000047,0.9010274893563618
2459,1026.8556746312968,1631.2961273224441,0.629472268972246,0.9011877327083476
2460,1026.7874990522516,1630.8986935367159,0.6295838626405375,0.9013474964499282
2461,1026.7605836947932,1630.5030768252104,0.6297201141711564,0.9015425617673519
2462,1026.7364571323055,1630.109669362221,0.629857289009282,0.901738948943481
2463,1026.7054753631814,1629.7188633220396,0.6299893180780469,0.9019279691481774
2464,1026.677861935482,1629.3310508789593,0.6301223200660357,0.9021183822384905
2465,1026.6631824159565,1628.9300378491864,0.6302684329963897,0.9023275656877313
2466,1026.6415256800146,1628.431032664642,0.6304482689697307,0.9025850289328385
2467,1026.6231152757177,1627.9446206323862,0.6306253310244171,0.9028385208807396
2468,1026.6079076281449,1627.4710806319151,0.6307994776961156,0.9030878390031771
2469,1026.5958591623742,1627.0106915427268,0.6309705673716003,0.9033327805587307
2470,1026.5869263034845,1626.563732244318,0.6311384583049869,0.9035731426160585
2471,1026.5810654765546,1626.1304816161853,0.6313030086344928,0.9038087220778924
2472,1026.5782331066628,1625.7112185378267,0.6314640763997266,0.9040393157057902
2473,1026.5783856188875,1625.3062218887378,0.6316215195595081,0.9042647201456484
2474,1026.552652013298,1624.9638162567667,0.6317387758073553,0.9044325907530635
2475,1026.5605913639797,1624.6522067647545,0.6318648305708565,0.9046130578079541
2476,1026.5713587270604,1624.331980767782,0.6319960272171858,0.9048008862700999
2477,1026.58491052762,1624.0432132495746,0.6321167455104285,0.9049737133354786
2478,1026.601203190736,1623.6951559502959,0.6322622811483968,0.9051820703006282
2479,1026.6201931414878,1623.3566677037597,0.6324058129466049,0.9053875584566196
2480,1026.6418368049533,1623.0267114268356,0.632547714450375,0.9055907125918434
2481,1026.6660906062116,1622.7042500363943,0.6326883599295345,0.9057920685319333
2482,1026.692910970341,1622.4100966579,0.6328196015824158,0.9059799614279779
2483,1026.7222543224204,1622.1047950715115,0.6329567962821766,0.9061763770391357
2484,1026.754077087528,1621.8078424400658,0.633092312306704,0.9063703893648716
2485,1026.759508265733,1621.5400518890258,0.6332002142466981,0.9065248678215904
2486,1026.7308429394309,1621.3338370594345,0.6332630698694246,0.9066148554492031
2487,1026.7763090124329,1621.1414921273283,0.6333662508786047,0.9067625751571313
2488,1026.7567290572451,1620.9633569770951,0.6334237752123064,0.9068449302129766
2489,1026.7438683549397,1620.7997714931214,0.6334797711682039,0.9069250971576118
2490,1026.7376223257045,1620.5997399448781,0.6335541077901364,0.9070315216262956
2491,1026.7378863897277,1620.3910701042144,0.6336358582398839,0.9071485601458417
2492,1026.782992533879,1620.194575096593,0.6337405446951728,0.9072984351346813
2493,1026.8344344716033,1619.9638040557886,0.6338625788432993,0.907473146051562
2494,1026.9332109749596,1619.729793655326,0.6340151394371945,0.9076915603368132
2495,1026.9971502001454,1619.5017129301698,0.6341439110564422,0.9078759169944568
2496,1027.0261824272861,1619.289380181612,0.6342449935119686,0.9080206322955156
2497,1027.1099752581656,1619.0930045692753,0.6343736723953087,0.9082048561872432
2498,1027.1490863646286,1618.87172676085,0.6344845421569127,0.908363583543492
2499,1027.1940888004672,1618.664157622701,0.6345937073871372,0.9085198705972126
2500,1027.2448779858685,1618.470471454514,0.6347010316862235,0.9086735220708765
2501,1027.3013493410224,1618.252405989295,0.6348214564915148,0.9088459289624771
2502,1027.3633982861172,1618.0896057254054,0.6349236745918903,0.9089922701162654
2503,1027.4309202413413,1617.9027399039178,0.6350387417616693,0.9091570067169923
2504,1027.5038106268833,1617.7714530231938,0.6351353330575503,0.9092952922225261
2505,1027.581964862932,1617.6137823990525,0.6352455549302656,0.9094530920247784
2506,1027.6268418029965,1617.378531856327,0.6353656992241328,0.9096250973205238
2507,1027.7178070659406,1617.1240752312394,0.635521926119975,0.9098487604888505
2508,1027.7752510133407,1616.8792748087374,0.6356536737320215,0.9100373777443552
2509,1027.8785392640602,1616.6928691384198,0.635790853591038,0.9102337721086728
2510,1027.9864987463554,1616.5142590215432,0.6359278880525208,0.910429958313743
2511,1028.0605883137348,1616.3435228929654,0.6360408995692267,0.9105917519264726
2512,1028.1417370183835,1616.1704720645628,0.636159213888491,0.91076113732815
2513,1028.2298054205517,1616.0047853978788,0.6362789359979462,0.9109325382010609
2514,1028.4041591391046,1615.818363169091,0.636460249852653,0.9111921172638505
2515,1028.5852233955554,1615.6811448700646,0.6366263706557495,0.9114299451035782
2516,1028.73449190335,1615.552140443724,0.6367696010237095,0.9116350017151549
2517,1028.8518600826765,1615.413526004215,0.6368968957611613,0.9118172439861562
2518,1028.9858921834493,1615.2666785190545,0.6370377757850286,0.9120189357135776
2519,1029.0781446495719,1615.15139409247,0.637140362453636,0.9121658045302761
2520,1029.1791208149614,1615.099851060928,0.6372232157280638,0.9122844219153611
2521,1029.288646379932,1615.0256717292102,0.6373203004741537,0.912423413871833
2522,1029.4065470447983,1614.9699943091246,0.6374152774802314,0.9125593882697305
2523,1029.5326485098742,1614.9328885205448,0.6375080078114198,0.9126921462021067
2524,1029.6667764754745,1614.9144240833455,0.6375983526557031,0.9128214889379106
2525,1029.808756641913,1614.9146707174007,0.6376861733409336,0.9129472179463337
2526,1029.9584147095047,1614.9336981425847,0.6377713313519379,0.913069134921301
2527,1030.1155763785637,1614.9715760787722,0.6378536883477128,0.9131870418060893
2528,1030.2416307827248,1615.0283742458366,0.6379093068651581,0.9132666683887106
2529,1030.3678281126279,1615.0322925027701,0.6379858984218179,0.9133763211481618
2530,1030.5042176166494,1615.050603556246,0.6380631141510613,0.9134868675080196
2531,1030.650581420182,1615.0833161212488,0.6381408136240126,0.9135981064224454
2532,1030.8163107902894,1615.1304389127629,0.6382248058455211,0.9137183543879196
2533,1030.9909294443644,1615.1919806457724,0.6383085984813782,0.9138383166154043
2534,1031.1742282227851,1615.2679500352617,0.6383920563769462,0.9139577996099552
2535,1031.3659979659285,1615.3480886732316,0.6384791025524674,0.9140824197869282
2536,1031.5660295141718,1615.4420057013522,0.6385658079172655,0.9142065520401942
2537,1031.774113707892,1615.5497011196235,0.6386520408458137,0.914330007927282
2538,1031.9900413874666,1615.6711749280455,0.6387376697696093,0.9144525990873591
2539,1032.2520399599518,1615.8064271266182,0.6388463510419384,0.914608193279869
2540,1032.4804300670505,1615.9554577153415,0.6389287682018071,0.9147261862989412
2541,1032.716071041072,1616.0771982022827,0.6390264476164015,0.9148660296161287
2542,1032.8792486637813,1616.2511187861166,0.6390586442034601,0.9149121240522501
2543,1033.0876256809727,1616.4387829001646,0.6391133624172508,0.9149904617097682
2544,1033.299889581155,1616.611363119416,0.6391764360651887,0.9150807614744768
2545,1033.4773597780875,1616.7515889595186,0.6392307679395541,0.9151585460268498
2546,1033.6223893175265,1616.9107263155142,0.6392575499037364,0.9151968885857972
2547,1033.7757329519718,1617.088705467529,0.6392820192588562,0.9152319202841709
2548,1033.9370769419875,1617.333502404038,0.6392850178427159,0.9152362132246593
2549,1034.1061075481412,1617.504641164889,0.6393218796598952,0.915288986665341
2550,1034.2825110309975,1617.691789351867,0.6393569639401989,0.9153392152847403
2551,1034.4659736511226,1617.9428880935106,0.6393711306275321,0.915359497107256
2552,1034.6151131771494,1617.9839539709485,0.6394470789638784,0.9154682289965045
2553,1034.7680175763865,1618.0966892646306,0.6394970241528972,0.9155397333246061
2554,1034.8859016827823,1618.2090323840196,0.6395254759875744,0.9155804665636191
2555,1035.009450528962,1618.320791599462,0.6395576550098042,0.9156265358529485
2556,1035.1382806556167,1618.412556897963,0.6396009943470055,0.9156885828738495
2557,1035.2720086034385,1618.5046533658667,0.6396472240289648,0.9157547678740827
2558,1035.4102509131185,1618.596871843551,0.6396961892888164,0.9158248692807407
2559,1035.5526241253483,1618.6890031713922,0.6397477354182659,0.91589866560477
2560,1035.6987447808199,1618.7808381897678,0.639801707771022,0.915975935445884
2561,1035.8892979121572,1618.9543047229208,0.6398508561299058,0.9160462989873648
2562,1036.0854983533097,1619.084344489394,0.6399206451965646,0.9161462129213855
2563,1036.3280659968389,1619.2350091376702,0.6400109064765956,0.9162754360219288
2564,1036.5782505366312,1619.3607105849678,0.6401157220630505,0.9164254958821733
2565,1036.8357382332522,1619.54337665553,0.6402025121268381,0.9165497493952535
2566,1037.1002153472675,1619.7347873413207,0.6402901409863485,0.916675203775239
2567,1037.332931572564,1619.9860952425868,0.6403344662148024,0.916738662253239
2568,1037.6130433683825,1620.2587156379159,0.640399606157873,0.9168319202417129
2569,1037.8222953699965,1620.521041022312,0.6404250664436189,0.9168683706118348
2570,1038.0424411019635,1620.791457398116,0.6404540425998732,0.9169098544989646
2571,1038.2730971049755,1621.0800488736415,0.6404823116701659,0.9169503260822552
2572,1038.5138799197236,1621.345563942285,0.6405259329137633,0.9170127766961316
2573,1038.7644060868995,1621.6672897880526,0.6405533444672632,0.9170520206103853
2574,1039.0915561388845,1622.0162159712638,0.6406172428533189,0.9171435011163451
2575,1039.4231377603771,1622.340832577318,0.6406934454760079,0.9172525970561546
2576,1039.799896988892,1622.679367013271,0.6407919630498315,0.9173936403290076
2577,1040.142041171335,1623.0316101195006,0.6408636989483842,0.9174963414565347
2578,1040.4876844199673,1623.336407979798,0.6409562918106596,0.9176289025807207
2579,1040.8103087806146,1623.703147590883,0.6410102181084537,0.9177061064869735
2580,1041.1429989481076,1624.0835653697993,0.6410649187937828,0.9177844190497648
2581,1041.4469697563964,1624.3588438353347,0.6411434109580102,0.9178967928253896
2582,1041.762906238105,1624.5664391184364,0.6412559567606314,0.9180579196957689
2583,1042.0135518005654,1624.7443956114919,0.6413399883791513,0.9181782240642097
2584,1042.2805902484617,1624.9770551893903,0.6414124968225994,0.9182820312102495
2585,1042.5635684026106,1625.228221036413,0.6414874876697407,0.9183893923043602
2586,1042.8620330838294,1625.4057548527308,0.6416010463666147,0.9185519692908449
2587,1043.1755311129357,1625.596326285535,0.6417186814740024,0.9187203822947834
2588,1043.5036093107465,1625.7994647256749,0.6418402957752354,0.9188944921353519
2589,1043.8458144980796,1626.0859114435682,0.641937678170644,0.9190339102232483
2590,1044.2016934957521,1626.387334861951,0.6420375215135236,0.919176851541287
2591,1044.5707931245806,1626.6937162348922,0.6421434980042341,0.9193285734170414
2592,1044.9526602053834,1626.95330162823,0.6422757550321885,0.9195179199808726
2593,1045.3468415589775,1627.1560112911432,0.6424379926111069,0.9197501883795176
2594,1045.7144474395004,1627.3731834704731,0.6425781486760462,0.9199508436468167
2595,1046.096058299765,1627.583752306212,0.642729479707262,0.9201674976213158
2596,1046.4116810420392,1627.80638703769,0.6428354682563429,0.920319236760508
2597,1046.7402629659416,1628.040538620898,0.6429448396000189,0.9204758188977824
2598,1047.0812463124782,1628.2760488701554,0.643061259200513,0.9206424917140185
2599,1047.4340733226547,1628.5226271494514,0.643180546503104,0.9208132700930857
2600,1047.757117745544,1628.7797156997922,0.6432773613560037,0.9209518756553603
2601,1048.0882235288948,1629.0275384788436,0.6433827536811199,0.9211027612069532
2602,1048.4267980537757,1629.3065887895766,0.6434803647560643,0.9212425066852727
2603,1048.8133171931886,1629.5970905896565,0.6436028410026702,0.9214178505350814
2604,1049.2087866214595,1629.8984861200897,0.6437264624492415,0.9215948339172589
2605,1049.6126485795944,1630.210217621882,0.6438511041298394,0.921773277923573
2606,1050.0243453085993,1630.5317273360392,0.6439766413034648,0.9219530039678272
2607,1050.4433190494801,1630.8624575035672,0.6441029494648125,0.9221338338012579
2608,1050.862034826826,1631.0769315237633,0.6442749661385397,0.9223801024993808
2609,1051.2928252148956,1631.3079509416195,0.6444478031312671,0.9226275456120988
2610,1051.7062963147005,1631.554844703347,0.6446037040856718,0.9228507421444201
2611,1052.161484301269,1631.8169417551549,0.6447791154622906,0.9231018708892088
2612,1052.627021331673,1632.0935710432539,0.6449550687579886,0.9233537754756833
2613,1053.0735135069247,1632.3840615138545,0.6451138174740056,0.9235810490229222
2614,1053.4645635666654,1632.6877421131665,0.6452333391094001,0.9237521628859467
2615,1053.8720457292716,1633.0039417874007,0.6453579313322161,0.923930536085732
2616,1054.3619123812973,1633.3935922206658,0.6455038867563139,0.9241394940402006
2617,1054.794437051239,1633.870289659942,0.6455802787568734,0.9242488611039693
2618,1055.2030573907919,1634.2893392211863,0.6456647743254842,0.9243698296893282
2619,1055.6281534081315,1634.7226412677262,0.6457536751246638,0.9244971050493364
2620,1056.0690366194988,1635.1798267286922,0.645842750355017,0.924624630134776
2621,1056.5154093994656,1635.660259410232,0.6459259515056092,0.9247437455588491
2622,1056.9768416722725,1636.1440848351526,0.6460169684742445,0.9248740505454951
2623,1057.4526362391769,1636.6511836256,0.6461075193167608,0.9250036881998993
2624,1057.9420959014362,1637.2001204410924,0.6461898473452389,0.925121553613484
2625,1058.475324829258,1637.6991709435547,0.6463185324930103,0.9253057864737222
2626,1058.9920231748924,1638.1476379342444,0.6464570095222398,0.9255040379395212
2627,1059.520321164607,1638.6262422120815,0.6465905975814813,0.9256952900822427
2628,1060.0595215996589,1639.104748882095,0.6467307976031688,0.9258960082804827
2629,1060.6089272813058,1639.6221435549737,0.6468617976710958,0.926083555309985
2630,1061.167841010805,1640.13924017539,0.6469986297610488,0.9262794517886461
2631,1061.7355655894137,1640.6552718247272,0.6471411659858062,0.9264835146259617
2632,1062.2057032600205,1641.188672437739,0.6472173011542138,0.9265925139944464
2633,1062.7960998702401,1641.6906119574912,0.6473790445831943,0.9268240749403819
2634,1063.2874193101454,1642.2019889337228,0.6474766359286503,0.9269637921728616
2635,1063.7918068689826,1642.7322338509261,0.647574683778634,0.9271041629627742
2636,1064.3392708521312,1643.2805100706098,0.647691775280897,0.92727179771119
2637,1064.941285407898,1643.7787169625935,0.6478617069429621,0.9275150813899162
2638,1065.448375483361,1644.2593901776993,0.6479807151158888,0.9276854601513329
2639,1066.0783520661985,1644.7626657045423,0.6481654613734429,0.927949953234155
2640,1066.683714047428,1645.2876110398033,0.6483265946270002,0.9281806406188022
2641,1067.2951538586965,1645.794857113485,0.6484982920232213,0.928426452221377
2642,1067.9221629893855,1646.3629416209449,0.6486553699623188,0.928651333790862
2643,1068.4844607472814,1646.9319612462182,0.6487726790721634,0.9288192800784714
2644,1069.1113844711244,1647.5645427378572,0.6489040985881607,0.929007427613308
2645,1069.7027510590947,1648.2219924371466,0.6490040516189064,0.9291505259666353
2646,1070.2775914223703,1648.9033952707364,0.6490844730455779,0.9292656617823585
2647,1070.8684673567257,1649.6078361652774,0.6491654827768613,0.9293816398478922
2648,1071.4360707970527,1650.3344000474192,0.6492236184171324,0.9294648700844379
2649,1071.9821273102398,1651.082171843813,0.6492603127760292,0.9295174037824695
2650,1072.5493960951703,1651.8310181977683,0.6493093932001448,0.9295876700647336
2651,1073.1369359335424,1652.5524951435846,0.6493814502638848,0.929690830990319
2652,1073.7438056070528,1653.3380307098714,0.6494399727477592,0.9297746150538193
2653,1074.3690638973997,1654.1071786197128,0.6495159913361347,0.9298834475198049
2654,1075.0117695862798,1654.9384678534827,0.6495780903447186,0.9299723519362624
2655,1075.6709814553913,1655.7418429925958,0.6496610483136781,0.9300911192078989
2656,1076.3457582864312,1656.5650229334908,0.6497455538330809,0.9302121020393687
2657,1077.0762273530304,1657.4288730915368,0.6498476313761824,0.9303582419634964
2658,1077.7819772382102,1658.314523782766,0.6499261519941897,0.9304706564751449
2659,1078.503135215602,1659.2210076439226,0.65000571367347,0.9305845614283818
2660,1079.200323500223,1660.0486339697986,0.6501016304079299,0.9307218811940289
2661,1079.9110025805135,1660.7906869935057,0.6502390765060548,0.9309186567211558
2662,1080.6752648701663,1661.5589546899348,0.650398387502195,0.9311467352600905
2663,1081.3768594508404,1662.313850114481,0.6505250854863344,0.9313281231856486
2664,1082.0969123682246,1663.0952565212144,0.6506523953605068,0.9315103871272266
2665,1082.7837350505401,1663.9334480225357,0.650737405595969,0.9316320925384567
2666,1083.484976674351,1664.6907635982175,0.6508626108625759,0.9318113434060458
2667,1084.240651218492,1665.4378181514046,0.6510243969492495,0.9320429654231224
2668,1085.0113024631225,1666.2554588482897,0.6511674405634529,0.9322477546675682
2669,1085.7959107550816,1667.1039941644567,0.6513066458696097,0.9324470487753789
2670,1086.634524933141,1667.982169142168,0.6514665114747538,0.9326759213236058
2671,1087.4492870707174,1668.8887288236874,0.6516008337099883,0.9328682245537718
2672,1088.2514185815728,1669.8634867432115,0.6517008289725674,0.9330113833685555
2673,1088.9938019031847,1670.8187405279114,0.6517725564648064,0.9331140724611333
2674,1089.7574585014297,1671.804562119982,0.6518450081985242,0.9332177984183492
2675,1090.5412728583206,1672.8196878467027,0.6519180045412389,0.9333223040682874
2676,1091.3441294558688,1673.8628540353523,0.6519913664520687,0.9334273330860006
2677,1092.164912776086,1674.9327970132106,0.6520649155140235,0.9335326300397394
2678,1092.992898159314,1676.0282531075552,0.6521327406818922,0.9336297323463303
2679,1093.811032995808,1677.1479586456664,0.6521851738585333,0.9337047986167683
2680,1094.6618673248286,1678.2906499548224,0.6522480878710106,0.9337948698384165
2681,1095.5346503417643,1679.3877993706135,0.652341675193984,0.9339288546881992
2682,1096.428240383675,1680.4715155096317,0.6524527373801778,0.934087857530261
2683,1097.2927920979557,1681.5815073262613,0.6525361912683417,0.9342073347875879
2684,1098.1393613136684,1682.677978716275,0.6526140920626092,0.9343188619248781
2685,1099.0077964249456,1683.8006037741206,0.6526947394849467,0.9344343212886461
2686,1099.8968773339884,1684.947988102313,0.6527779403877959,0.9345534363580364
2687,1100.7957748013268,1686.109128161697,0.6528615238572868,0.9346730991312439
2688,1101.7135271371606,1687.2928879627864,0.6529474135740322,0.9347960636571048
2689,1102.6585146703753,1688.4978643931115,0.6530411070828913,0.9349302005285449
2690,1103.5685725465858,1689.6553903485133,0.653132336244588,0.9350608093026542
2691,1104.5322092746674,1690.8070441475058,0.6532573974646323,0.935239853945122
2692,1105.4424954834662,1691.9821368967262,0.6533417057883155,0.9353605544601622
2693,1106.4110797081244,1693.1791783338615,0.653451857822198,0.9355182542772325
2694,1107.3187653656132,1694.2717593548919,0.6535662058058703,0.9356819612508752
2695,1108.2437328369344,1695.384113803761,0.6536829759189383,0.9358491358805308
2696,1109.2257259364096,1696.5782060902152,0.6538017062547524,0.936019116874786
2697,1110.2660867716188,1697.7659852420552,0.6539570803177124,0.9362415590798242
2698,1111.3155146764757,1698.9869161941062,0.654104810392495,0.9364530577235429
2699,1112.3157491095528,1700.188059774344,0.6542310085727716,0.9366337301019164
2700,1113.3373352541223,1701.4575410323346,0.6543432959124099,0.9367944869422229
2701,1114.378948432573,1702.7559691106196,0.654456051629426,0.936955914337799
2702,1115.439263967294,1704.0303961221905,0.6545888304021248,0.9371460078606092
2703,1116.5169571806744,1705.3593292599594,0.6547106747674033,0.9373204470737423
2704,1117.601094253433,1706.5937117902506,0.654872384992587,0.937551960483264
2705,1118.7128499828816,1707.8504090377974,0.6550414743953858,0.9377940383364822
2706,1119.843264493679,1709.1276867207273,0.6552133425690987,0.9380400944336728
2707,1120.9910131082145,1710.4347356614644,0.6553836809650042,0.9382839604153306
2708,1122.1547711488768,1711.693615141075,0.6555815604046584,0.9385672556967299
2709,1123.2947773713756,1712.9744084486642,0.655756893874833,0.9388182729062927
2710,1124.4507407300955,1714.265719870784,0.6559372492234478,0.9390764797181119
2711,1125.6213016874885,1715.5087572519662,0.6561443052558911,0.939372912723375
2712,1126.795491564337,1716.7735341614414,0.6563448638638996,0.9396600436521471
2713,1127.9533818060822,1718.0710933557932,0.6565231125581227,0.9399152344596269
2714,1129.124379384188,1719.433678533871,0.6566838799778374,0.9401453980960689
2715,1130.2974807594996,1720.862108904197,0.6568204825424656,0.9403409659734282
2716,1131.481549942531,1722.2777334766179,0.6569681114430388,0.9405523197704858
2717,1132.646356395803,1723.7300751493196,0.6570903256402755,0.9407272884557503
2718,1133.7278127393968,1725.1788933538762,0.6571653624484969,0.9408347153503157
2719,1134.7886372291996,1726.605113604188,0.6572369259699423,0.9409371696931278
2720,1135.9478521485553,1728.038321528897,0.6573626510455598,0.941117164748391
2721,1137.1271028167766,1729.2857591056436,0.657570385246727,0.9414145686579571
2722,1138.3056894031956,1730.5718781401279,0.6577627336846305,0.9416899454476723
2723,1139.3873374764435,1731.8657683260972,0.6578958706353422,0.9418805517581734
2724,1140.493648955211,1733.1961220063044,0.6580291950082395,0.9420714263927659
2725,1141.541541279837,1734.5025173232202,0.6581377253009276,0.9422268044343711
2726,1142.6068722880123,1735.843737717329,0.6582429325064503,0.9423774249583925
2727,1143.687968702755,1737.2176218725292,0.6583446738641675,0.9425230835807074
2728,1144.7447206804031,1738.5835719060383,0.658435256825417,0.9426527672180878
2729,1145.8549251426489,1740.0291638234135,0.6585262758612797,0.942783075164292
2730,1147.047710181461,1741.5015673899338,0.6586544230910988,0.9429665379110818
2731,1148.2541995330575,1742.9601934378013,0.6587954239323446,0.9431684026074245
2732,1149.513849417279,1744.477356292098,0.6589445516567672,0.9433819022045963
2733,1150.7866458552905,1746.0150899952953,0.6590931845029996,0.9435946933064518
2734,1152.1243209937936,1747.5168595728542,0.6592922492750127,0.943879685576001
2735,1153.4792692311444,1749.0960042668667,0.6594716736058323,0.9441365594906342
2736,1154.84034758844,1750.6734547679346,0.6596549141950193,0.9443988969743478
2737,1156.0721435113958,1752.221442521639,0.6597751376947432,0.9445710156656307
2738,1157.3269905677791,1753.7813759042986,0.6599037978556643,0.9447552127532954
2739,1158.5936063389377,1755.3817380990458,0.6600237322701172,0.944926917573924
2740,1159.8517485308785,1757.009943797077,0.660128164115179,0.9450764280485117
2741,1161.0920738089517,1758.54835639755,0.6602559830583737,0.9452594208017951
2742,1162.3539076682343,1760.099838859951,0.6603908948830496,0.9454525681212055
2743,1163.6355071118696,1761.6549476273124,0.6605354293013589,0.9456594916842517
2744,1164.9351291430012,1763.3145107102905,0.6606507926222119,0.9458246522714321
2745,1166.2920992567056,1764.9518183379062,0.6608067637534879,0.9460479492728902
2746,1167.666272749384,1766.636230455569,0.6609545602086252,0.9462595429504401
2747,1169.0489642677,1768.2883640144457,0.6611189600397945,0.9464949069504317
2748,1170.4513560079865,1769.9877763630557,0.661276519328858,0.9467204776474699
2749,1171.87173111834,1771.732545847364,0.6614269935182968,0.9469359049193223
2750,1173.279545321847,1773.3766136882875,0.661607656414081,0.9471945520328833
2751,1174.703856990601,1775.0616672287933,0.6617819981570193,0.9474441494302261
2752,1176.066049994386,1776.7485247710463,0.6619203751110109,0.947642257622713
2753,1177.408012033657,1778.4870752425704,0.6620278710055111,0.9477961547619759
2754,1178.7689640236804,1780.264946851679,0.6621311991275691,0.9479440850849344
2755,1180.147058387787,1781.9454982313046,0.6622801087682866,0.9481572724612674
2756,1181.5404475493099,1783.6413975697499,0.6624316127441224,0.9483741740329645
2757,1182.8319742315414,1785.352339842566,0.6625201915806964,0.9485009884532858
2758,1184.1428917538017,1787.116421732044,0.6625997485973241,0.948614886731208
2759,1185.5225835745275,1789.0545348856572,0.6626531279273145,0.9486913075677383
2760,1186.9210954038115,1791.0491603548498,0.6626959894102817,0.9487526704657717
2761,1188.3673200290455,1793.0301669181047,0.6627703994917356,0.9488592001032179
2762,1189.7613096529851,1795.066496201585,0.662795117713219,0.9488945880926072
2763,1191.1614076094086,1797.078346837212,0.6628322074581814,0.9489476878474605
2764,1192.606730233769,1798.9911115875411,0.6629308630554261,0.9490889287223686
2765,1194.0429605150277,1800.965927025961,0.6630014164048177,0.9491899368463276
2766,1195.5042115161614,1802.9996557581314,0.663064026495042,0.9492795729558675
2767,1196.8679575301455,1805.0891603897098,0.6630519886739266,0.9492623389373849
2768,1198.2937838631678,1807.1832578180051,0.6630726456098254,0.9492919125630154
2769,1199.7849324893814,1809.3834122475268,0.6630904894828608,0.9493174588503994
2770,1201.3009798256899,1811.6506816425065,0.6630974679602958,0.9493274496292906
2771,1202.8399388556772,1813.972328181917,0.6630971818965083,0.9493270400843612
2772,1204.4100896859102,1816.3356140447308,0.6630988680576789,0.9493294540870698
2773,1205.9998448732865,1818.6721117888571,0.6631210964614493,0.9493612775140625
2774,1207.6072261163745,1821.0140215382232,0.6631509762326269,0.9494040550668931
2775,1209.220645972072,1823.3888939726407,0.6631721022154125,0.9494343002062998
2776,1210.8483845469455,1825.8332135023102,0.663175790424087,0.9494395804522726
2777,1212.4596273995687,1828.2893644946419,0.6631661546282118,0.9494257853075686
2778,1214.0831627375226,1830.7414229303545,0.6631647416346842,0.9494237623869473
2779,1215.6785408327587,1833.1714385563214,0.6631559467182965,0.9494111710923827
2780,1217.2847821559021,1835.5043945308353,0.6631881600409062,0.9494572894880557
2781,1218.8517929772984,1837.9215520689918,0.6631685621212766,0.9494292320093909
2782,1220.3615533239458,1840.3905541771464,0.6630992267125493,0.9493299675574566
2783,1221.958282241745,1842.8508657029743,0.6630803962401031,0.9493030087991345
2784,1223.4623177152173,1845.4220928337663,0.6629715350576035,0.9491471570371548
2785,1225.0901111944916,1848.0629012705683,0.6629049857297744,0.9490518812945753
2786,1226.7338705249715,1850.6063886063891,0.6628821115487293,0.9490191333366911
2787,1228.3818949687595,1853.2131423706087,0.6628389724224747,0.9489573729489874
2788,1229.975087345937,1855.9129094190787,0.6627331924378568,0.9488059324023539
2789,1231.624224693218,1858.7169024505777,0.6626206621726065,0.9486448277761446
2790,1233.2092389291445,1861.5830594649635,0.662451902244738,0.9484032216176776
2791,1234.8100708615445,1864.4693184620953,0.6622850044430206,0.9481642813832345
2792,1236.4374233626145,1867.4541561324406,0.6620978722836856,0.9478963725098803
2793,1238.0794998296294,1870.3775688505657,0.6619409473513346,0.9476717099934177
2794,1239.7271355851185,1873.2437223789577,0.6618077086150359,0.9474809579609732
2795,1241.3519389532855,1876.1464500818886,0.6616498082540966,0.9472548989663473
2796,1243.0023565317572,1879.1133505715834,0.6614834364056135,0.9470167117159927
2797,1244.6973582268217,1882.1789996766847,0.6613065805327932,0.9467635149495914
2798,1246.4758163543725,1885.2985030271605,0.6611556813697927,0.9465474792618016
2799,1248.266357807631,1888.4295981782307,0.6610076218948455,0.9463355090303702
2800,1250.1489843993143,1891.6094928837906,0.6608916846222003,0.9461695267416792
2801,1252.0447575447872,1894.8164240850906,0.6607736462646165,0.9460005364221896
2802,1253.9516117927756,1898.1196994376332,0.6606283113569134,0.9457924668337226
2803,1255.867481692004,1901.4674386399856,0.6604727781140741,0.9455697967378598
2804,1257.7999109328682,1904.8461979573933,0.6603157316751523,0.9453449602657894
2805,1259.7365756560932,1908.1951372130814,0.660171777555171,0.9451388674903096
2806,1261.675419125389,1911.5924890779575,0.6600127518464717,0.9449111973848433
2807,1263.6143846044647,1914.9959213873674,0.6598522589484197,0.9446814267689789
2808,1265.55141535703,1918.4528480133,0.6596729321065161,0.9444246924249344
2809,1267.4075815134343,1921.882491509438,0.6594615368591125,0.9441220471566621
2810,1269.1886523932728,1925.1887517440975,0.659254138714175,0.9438251243640041
2811,1270.977200729626,1928.5741910969573,0.6590242711931681,0.9434960331549223
2812,1272.6941572130952,1932.0625204257556,0.658723071204052,0.943064818391917
2813,1274.3809563649531,1935.5953658942685,0.6583922336351398,0.9425911728108184
2814,1276.1585029051475,1939.132913968301,0.6581078036025791,0.9421839668562559
2815,1277.9476926643435,1942.705212170661,0.6578186359197762,0.9417699782164336
2816,1279.7469525878785,1946.3287422796252,0.6575183959360241,0.9413401378508401
2817,1281.554709621089,1950.0617212616974,0.6571867421672778,0.9408653237523753
2818,1283.3687327279981,1953.8739708693054,0.6568329134130436,0.9403587627035209
2819,1285.1867908726301,1957.7231066478887,0.6564701547979331,0.9398394171660193
2820,1287.0066530190088,1961.5859624262284,0.6561051504605732,0.9393168565268488
2821,1288.8260881311576,1965.4310614240921,0.6557472879243665,0.9388045204899463
2822,1290.5782331066641,1969.3057303636272,0.6553468124364632,0.9382311773662879
2823,1292.3660990597477,1973.2059603520622,0.654957528523359,0.9376738567275201
2824,1294.1926839450023,1977.140641544865,0.6545779580625927,0.9371304424107949
2825,1296.0302104930229,1981.0987965478319,0.6541976668460064,0.9365859962196961
2826,1297.8764389528496,1985.0379886164997,0.6538295218508251,0.9360589392390016
2827,1299.7003021485127,1988.9183780717165,0.653470909856336,0.9355455302356737
2828,1301.491898986368,1992.8083879980838,0.6530943500763804,0.935006426178109
2829,1303.2618277588015,1996.7141720460017,0.6527032491702953,0.9344465042304901
2830,1305.1110907761556,2000.6316167428913,0.6523495279460438,0.9339400971275776
2831,1306.9701581508273,2004.5566086161684,0.6519996255197228,0.9334391572295259
2832,1308.8367639869036,2008.5376857707956,0.6516366475267926,0.9329194976184585
2833,1310.660596680122,2012.5651170553233,0.6512388521360292,0.9323499914718744
2834,1312.5029234414853,2016.5964308653488,0.6508505635300924,0.9317940957705563
2835,1314.3948768093474,2020.611005805063,0.6504937729395662,0.9312832943910881
2836,1316.295754321115,2024.6087372946536,0.6501482138618009,0.930788572673932
2837,1318.1648535141946,2028.5484348324094,0.6498069411998517,0.930299987629575
2838,1320.0512092476522,2032.4978460916464,0.6494723779343825,0.929821008132753
2839,1321.942920338951,2036.4144210331037,0.6491522092385839,0.9293626367075557
2840,1323.827427624242,2040.3248214081968,0.6488317025475185,0.9289037813894166
2841,1325.7223066123279,2044.2583408935943,0.6485101614078889,0.9284434450968132
2842,1327.615656120672,2048.2154718859083,0.6481816363286529,0.9279731102053685
2843,1329.6154905359704,2052.163299632501,0.6479092042889941,0.9275830812489889
2844,1331.611281198562,2056.0977368057434,0.6476400695169727,0.9271977728455115
2845,1333.64190042434,2060.1481686767897,0.6473524189674782,0.9267859562186496
2846,1335.6667503305234,2064.2171617213608,0.6470572840391969,0.9263634245362053
2847,1337.6067964676504,2068.166898049511,0.6467596003635625,0.9259372439243934
2848,1339.4650716502508,2072.1473407532826,0.6464140099049706,0.9254424772806894
2849,1341.4854254960428,2076.1160443732256,0.6461514659220478,0.9250666046197814
2850,1343.5636921553887,2080.06900001657,0.6459226555199302,0.9247390268412701
2851,1345.4767697736534,2084.0124659135295,0.6456183884600047,0.9243034210880258
2852,1347.386701282592,2087.8943961779682,0.6453327829937541,0.923894532316802
2853,1349.2912556462281,2091.751824264097,0.6450532228511021,0.9234942983692073
2854,1351.1882018285858,2095.6012493801586,0.6447735236979092,0.9230938654063415
2855,1353.0855759166711,2099.470771249976,0.644488884744547,0.9226863603490659
2856,1355.0023478167732,2103.3083701323662,0.6442242930509993,0.9223075560710139
2857,1356.907493927842,2107.110071994497,0.6439661183164739,0.9219379386706646
2858,1358.7603815071593,2110.882169926519,0.6436931444422871,0.9215471339936474
2859,1360.5998480106816,2114.6733501881254,0.643408991695876,0.9211403250174566
2860,1362.4647308943654,2118.4227028826676,0.6431505520783818,0.9207703283958233
2861,1364.314397415492,2122.1461912468562,0.6428936908507213,0.9204025914854206
2862,1366.1466513980222,2125.8919132789465,0.6426228176816837,0.9200147942954744
2863,1367.9695637888997,2129.579161252495,0.6423661485231379,0.9196473323619666
2864,1369.8021393543497,2133.2554274743493,0.6421182019333316,0.9192923581460807
2865,1371.6133893532603,2136.859248646357,0.6418828896765851,0.9189554719485648
2866,1373.4114195925129,2140.4073331363866,0.641658902177289,0.9186347989076773
2867,1375.1075951959604,2143.888877849921,0.6414080549618031,0.9182756719937163
2868,1376.812632195426,2147.2745106754323,0.6411907864366838,0.9179646182123309
2869,1378.629637569957,2150.632232020782,0.6410345837114911,0.917740989648059
2870,1380.4322675779135,2153.971097626139,0.6408778043026057,0.9175165354711345
2871,1382.1896119130427,2157.2213510143065,0.640726836521968,0.917300401546495
2872,1383.9207537764287,2160.64676077108,0.6405122664671676,0.9169932110462551
2873,1385.5871128041504,2164.0226824896044,0.6402830820655256,0.9166650978290913
2874,1387.362384733447,2167.376283390385,0.6401114542802059,0.9164193858853791
2875,1389.1964671196793,2170.675128044919,0.6399835927409824,0.9162363321492367
2876,1391.025761493547,2173.966944064629,0.6398559855251386,0.9160536425166794
2877,1392.7714077052742,2177.200121312594,0.6397075739944373,0.9158411682625256
2878,1394.503227594437,2180.371095360242,0.6395715071447672,0.915646367344685
2879,1396.2602416316622,2183.5173702709353,0.6394546068843096,0.9154790063887419
2880,1397.9609315969678,2186.5559114174266,0.6393437845779781,0.9153203469721176
2881,1399.6416860357272,2189.521590937823,0.6392454369158461,0.9151795469543526
2882,1401.2428020766142,2192.451912895488,0.6391213389150442,0.915001881310465
2883,1402.9583101296955,2195.3075430803588,0.6390714205633012,0.9149304154041095
2884,1404.5656190384143,2198.097850972038,0.6389913981387545,0.9148158508221608
2885,1406.1179642842592,2200.8938175030125,0.638884962601034,0.9146634717490134
2886,1407.6460470138622,2203.6170923500868,0.6387888585092854,0.9145258837521849
2887,1409.1580601839462,2206.3052928714164,0.6386958616910103,0.9143927443019798
2888,1410.7386811962963,2208.9987032103513,0.6386326434443176,0.9143022375216003
2889,1412.2649520806672,2211.6479050485163,0.6385577690087549,0.9141950430888215
2890,1413.7861865756206,2214.220750551889,0.6385028169495918,0.9141163706451795
2891,1415.2831271803882,2216.713919311459,0.6384599811688799,0.9140550445439335
2892,1416.7974524358026,2219.2287360919872,0.638418847680727,0.9139961555399947
2893,1418.2989971667666,2221.708918653478,0.6383820064179974,0.9139434115262136
2894,1419.7857656418796,2224.153900521953,0.6383487065839696,0.913895737619981
2895,1421.2557621297412,2226.5323487144215,0.6383270213659195,0.9138646918480683
2896,1422.70699089895,2228.903369125786,0.6382990894113817,0.9138247028985612
2897,1424.1855019264558,2231.196603944937,0.6383056963283199,0.9138341617306485
2898,1425.7662161891374,2233.4910963363204,0.63835768968494,0.913908598330127
2899,1427.3171121330965,2235.70694906703,0.6384186946901614,0.9139959365101379
2900,1428.8363508966493,2237.8514051605034,0.6384858027667705,0.9140920121887448
2901,1430.352894987062,2240.065846935258,0.6385316293018782,0.9141576200213807
2902,1431.836104262594,2242.2135197294297,0.6385815140546361,0.9142290378255485
2903,1433.3566938487106,2244.3538083174194,0.638650059779697,0.9143271717221463
2904,1434.7816739567593,2246.3589789175944,0.6387143316907021,0.9144191869873304
2905,1436.0684239561056,2248.2595975943286,0.6387467112306426,0.9144655433490376
2906,1437.3382320260066,2250.209409742842,0.6387575422103795,0.9144810495858541
2907,1438.5891808699203,2252.1333593039994,0.6387673158549113,0.9144950420824104
2908,1439.932949525434,2254.03132426802,0.6388256161404685,0.914578508034363
2909,1441.233846558766,2255.823712426448,0.6388947144316172,0.9146774330155
2910,1442.5208257621994,2257.559105459167,0.6389736695149799,0.9147904695320691
2911,1443.7920395590652,2259.225149004457,0.6390651415133556,0.91492142596476
2912,1445.0456403726962,2260.890967703153,0.6391487519810489,0.9150411273901051
2913,1446.2824125516772,2262.4866133484065,0.6392446275786915,0.9151783882619823
2914,1447.513407567578,2264.0915387089235,0.6393351959581143,0.9153080510232035
2915,1448.727177417044,2265.7905301237925,0.6393914874990196,0.9153886411438802
2916,1450.034821591208,2267.4273662707583,0.6395066246272235,0.9155534779010037
2917,1451.3288965348436,2268.999572094285,0.6396338343930439,0.9157355985218616
2918,1452.6487277430278,2270.5046725388365,0.6397911201471798,0.9159607776109873
2919,1453.9952390040949,2271.9915281637923,0.6399650795261563,0.9162098275946811
2920,1455.3283204743825,2273.440463149138,0.6401435815295036,0.916465381053681
2921,1456.6462988769085,2274.7818081675223,0.6403455019935856,0.9167544616918331
2922,1457.909064368011,2276.054191515279,0.6405423340985615,0.9170362575502862
2923,1459.1559773027034,2277.2558309781225,0.6407518898199371,0.9173362692501358
2924,1460.3853295440665,2278.4876155715983,0.640945037209563,0.917612789863855
2925,1461.5954129551812,2279.7024364481695,0.6411342943653565,0.9178837410010781
2926,1462.7563499554312,2280.8499384286497,0.6413207310618474,0.9181506542108984
2927,1463.8978656132078,2281.927812042205,0.6415180435980122,0.9184331378815319
2928,1465.049027015588,2283.006933641509,0.641719044049841,0.9187209013786478
2929,1466.1696894589736,2284.0909765924375,0.6419051187034176,0.9189872962675679
2930,1467.3094717063761,2285.192626426112,0.642094436476959,0.9192583341885516
2931,1468.4378643408202,2286.3971662357244,0.6422496869861088,0.9194805995070399
2932,1469.584653435586,2287.5488714531243,0.6424276533607165,0.9197353861299563
2933,1470.7822918491454,2288.607985191512,0.6426536573174062,0.9200589460441124
2934,1472.003006669586,2289.686090623649,0.6428841982739442,0.9203890013811935
2935,1473.206818778011,2290.7139716013658,0.643121243874956,0.9207283691313775
2936,1474.353749055522,2291.689675968182,0.6433479037394729,0.9210528680798912
2937,1475.4832885818976,2292.7755255353527,0.6435358682736195,0.9213219686276146
2938,1476.5752996429555,2293.8159613194266,0.6437200388097457,0.9215856374754167
2939,1477.7212494847354,2294.8502390956073,0.6439292744728738,0.9218851909619651
2940,1478.8523402783128,2295.8381444404195,0.6441448600631922,0.9221938353596933
2941,1480.008106678388,2296.7778994970713,0.6443845123215733,0.9225369349464656
2942,1481.1896816329177,2297.708794900702,0.6446376864292452,0.9228993931695193
2943,1482.3571644578626,2298.590651087774,0.6448982831094171,0.9232724779628159
2944,1483.5090910358629,2299.503862045298,0.6451431178360157,0.9236229970611582
2945,1484.6953328644756,2300.5245461889945,0.645372523985451,0.9239514277448744
2946,1485.897225061863,2301.5487503148415,0.6456075392096731,0.9242878886940031
2947,1487.0749366638602,2302.4980935972017,0.6458528416588598,0.9246390774101818
2948,1488.208504255971,2303.3710334838543,0.6461002081827226,0.9249932211711959
2949,1489.2484528724237,2304.1756017043163,0.6463259361703508,0.9253163859925971
2950,1490.2734465758476,2304.9820645623604,0.6465444870430266,0.9256292756545192
2951,1491.281986388946,2305.7504167941365,0.6467664390417376,0.9259470345588393
2952,1492.2725733344225,2306.5201581944075,0.6469800699693884,0.9262528805520874
2953,1493.2533175766503,2307.2513183592605,0.6472001145668592,0.9265679087140322
2954,1494.2028525886642,2307.9423634514596,0.647417750222379,0.9268794880998478
2955,1495.0908519681568,2308.592417615087,0.6476200998323794,0.9271691831273166
2956,1495.9561923885153,2309.272474855104,0.6478041065649386,0.9274326174647637
2957,1496.7973400125059,2309.9137983474775,0.6479883972654397,0.9276964583466105
2958,1497.5647152945446,2310.5457166288124,0.6481432955499177,0.927918219400544
2959,1498.3080764373929,2311.1379555867097,0.6482988489785023,0.9281409183954498
2960,1499.1079830127612,2311.750671271677,0.6484730389147515,0.9283902984578397
2961,1499.9804322457994,2312.489088403942,0.6486432475584444,0.9286339786789675
2962,1500.8394865479947,2313.199521721676,0.6488154058716669,0.9288804501561195
2963,1501.7658536457918,2313.9333678446837,0.6490099821001387,0.9291590163755048
2964,1502.7223693602157,2314.6413696818026,0.6492247088657183,0.9294664312316674
2965,1503.6308358802967,2315.3564071257324,0.6494165784812774,0.929741122512514
2966,1504.5309621604188,2316.0620245431514,0.6496073707081272,0.9300142713433813
2967,1505.4316557860177,2316.747436269512,0.649803958868345,0.9302957179568646
2968,1506.3219567928597,2317.4114657819346,0.6500019435627504,0.9305791639268571
2969,1507.2005143583813,2318.0529365575426,0.6502010763380887,0.9308642535537727
2970,1508.0659776600182,2318.670672073456,0.6504011094906549,0.9311506322111232
2971,1508.9169958752068,2319.284030052765,0.6505960358123443,0.9314296996435539
2972,1509.7522181813836,2319.9239687341355,0.6507765937713806,0.9316881965237932
2973,1510.6832321087998,2320.5413268912303,0.6510046662830278,0.9320147178970063
2974,1511.64151870803,2321.16381643107,0.6512429273657516,0.9323558257988414
2975,1512.6361250042573,2321.7717876785937,0.6515007775663668,0.9327249785782803
2976,1513.617828766255,2322.3565247780207,0.6517594575238321,0.9330953192840684
2977,1514.5854534711439,2322.958015563232,0.652007243920813,0.9334500641589392
2978,1515.5686239649956,2323.6189146533,0.6522449160692638,0.9337903289095056
2979,1516.578430936809,2324.27163995961,0.6524962077854046,0.9341500921954834
2980,1517.501081093809,2324.9056149772364,0.6527151344630682,0.9344635198808603
2981,1518.3817215405743,2325.4814357762434,0.6529322049968289,0.9347742902067351
2982,1519.2217641045572,2326.039168625373,0.6531367934798694,0.9350671905301609
2983,1520.061022319955,2326.5599089807174,0.6533513349268985,0.935374340073914
2984,1520.9495768439472,2327.0644873977108,0.653591503407274,0.935718178712987
2985,1521.8593628126482,2327.5518842231904,0.6538455160240442,0.9360818373925984
2986,1522.7033619794956,2328.073073400226,0.6540616698751377,0.9363912953442588
2987,1523.5521892476356,2328.6002253695065,0.6542781249649134,0.9367011845660773
2988,1524.4456581512643,2329.1747659373227,0.6545003322401126,0.937019308938506
2989,1525.305675459223,2329.738133895289,0.6547112112162295,0.9373212150839078
2990,1526.1720547057084,2330.320224253989,0.6549194564855504,0.9376193506672479
2991,1527.0435409329828,2330.891329375001,0.65513287629005,0.937924894404776
2992,1527.9188791833103,2331.4916375368452,0.6553396351863021,0.9382209020132365
2993,1528.7968144989536,2332.0818668193665,0.6555502344280987,0.9385224076753281
2994,1529.6350234302438,2332.6611718690897,0.6557467676304631,0.9388037756080726
2995,1530.5090892928663,2333.2287073325397,0.6559618799833037,0.9391117424925399
2996,1531.49199833719,2333.7932369979103,0.6562243707189906,0.9394875389217248
2997,1532.5362678428496,2334.382751651721,0.656505993611581,0.9398907260175863
2998,1533.6408171517953,2335.068977357613,0.6567860872732241,0.9402917237808305
2999,1534.8098991763557,2335.7455076434912,0.6570963720807106,0.9407359448783049
3000,1535.8014255971375,2336.411636595627,0.6573334088658048,0.9410753000071279
3001,1536.768062022809,2337.066658300296,0.6575627856248103,0.9414036886138597
3002,1537.87300176305,2337.709866843769,0.6578545197481632,0.9418213515136208
3003,1538.9519481911702,2338.3816248042535,0.6581269420982541,0.9422113665978726
3004,1539.9469545051763,2339.0139971362696,0.6583744075027268,0.9425656519219023
3005,1540.9288796277744,2339.6370880100253,0.6586187608003808,0.9429154817796214
3006,1541.8967126207876,2340.250200226778,0.6588597716908101,0.9432605264600783
3007,1542.8494425460392,2340.8526365877838,0.6590972103203478,0.9436004568918983
3008,1543.8148858903621,2341.443699894301,0.659343159077476,0.9439525708987005
3009,1544.802324983516,2342.022692947587,0.6596017748398852,0.9443228196992535
3010,1545.7723733255339,2342.5991856718824,0.6598535433547459,0.9446832655969656
3011,1546.8105632581583,2343.2397535751184,0.6601162176845816,0.9450593248698098
3012,1547.890883167801,2343.8802012115707,0.6603967567829122,0.9454609603451476
3013,1548.940652700042,2344.498735020045,0.660670287240227,0.9458525618577237
3014,1549.9590613613418,2345.1050207896083,0.6609337524847664,0.9462297534483263
3015,1550.945298658163,2345.6888567596607,0.6611896945277909,0.9465961744025561
3016,1551.869726671957,2346.2701845572356,0.6614198726498374,0.9469257102854708
3017,1552.723873566503,2346.800383285022,0.6616344042832564,0.9472328457795105
3018,1553.4763270524531,2347.3129428846214,0.6618104892070251,0.9474849388120986
3019,1554.2135467458775,2347.8227929956065,0.6619807727323592,0.9477287262379751
3020,1554.8679854180975,2348.3120966596475,0.6621215244897886,0.9479302343319846
3021,1555.5111686881164,2348.7815685054547,0.6622630173643173,0.948132803450715
3022,1556.1344591350119,2349.2633737970195,0.6623925084312257,0.9483181901098982
3023,1556.7593540105145,2349.710190169685,0.662532494655476,0.9485186022237607
3024,1557.4471118106433,2350.1425910868497,0.6627032409511733,0.948763052177591
3025,1558.091090758727,2350.570216192629,0.662856646453416,0.9489826760809233
3026,1558.6210768408969,2350.9924380081516,0.6629630328209046,0.9491349847592145
3027,1559.1443305977086,2351.408629054551,0.6630682184851069,0.9492855744434759
3028,1559.7316499469785,2351.798943569618,0.6632079048303251,0.9494855572337314
3029,1560.3051508171693,2352.1832708904835,0.6633433585413065,0.9496794803479071
3030,1560.8740806781043,2352.5609661083104,0.6634786954151319,0.9498732361914706
3031,1561.4374198766222,2352.9313843142613,0.6636136651862833,0.9500664664702987
3032,1561.9941487595615,2353.2938805994995,0.6637480178895655,0.9502588133202271
3033,1562.6048504116611,2353.6478100551876,0.6639076771537121,0.9504873904591329
3034,1563.0671628978807,2354.033596264422,0.6639952655638759,0.9506127869295697
3035,1563.5678343874197,2354.412192611623,0.6641011456252432,0.9507643707516791
3036,1564.111740913984,2354.813790416842,0.6642188640474667,0.9509329030337997
3037,1564.5832285356564,2355.20897835112,0.6643076019653338,0.9510599452038042
3038,1565.0146673185566,2355.5491268021624,0.6643948324029155,0.9511848291806565
3039,1565.5076304044971,2355.8849439060164,0.6645093744726398,0.9513488140187544
3040,1566.0444856372787,2356.215802183814,0.6646439108785451,0.9515414238676402
3041,1566.5857855120444,2356.541074156686,0.6647818714862266,0.9517389359954461
3042,1567.1715875825505,2356.8601323457647,0.6649404290371516,0.9519659358600393
3043,1567.8111828935405,2357.2031506411313,0.6651150039686289,0.9522158671031465
3044,1568.5202252997824,2357.5407002838606,0.6653205287658127,0.9525101079063067
3045,1569.1587094502768,2357.8721799400373,0.6654977834677119,0.9527638756587404
3046,1569.7975727025869,2358.196988275745,0.6656770322865961,0.9530204983006634
3047,1570.435882553395,2358.5145239570697,0.6658580503114936,0.9532796538369399
3048,1571.0213708844667,2358.8241856500945,0.6660188497480118,0.9535098633104299
3049,1571.5189703420463,2359.125372020905,0.6661447454129286,0.953690102590882
3050,1572.0045082613785,2359.417481735585,0.6662680599895419,0.9538666466408517
3051,1572.4769388443501,2359.6903043185503,0.666391236157773,0.9540429925376347
3052,1572.9256071511768,2359.9534968438825,0.6665070346745186,0.9542087761756134
3053,1573.3597257917438,2360.206449262683,0.6666195350340026,0.9543698379870541
3054,1573.7981165176059,2360.448551526051,0.6667368858771066,0.9545378440223333
3055,1574.3328043337967,2360.7407963229875,0.6668808396016733,0.9547439362317154
3056,1574.9803529394428,2361.0660395364116,0.667063236083259,0.955005065243741
3057,1575.6246159960147,2361.416123069536,0.6672371720524658,0.955254081712698
3058,1576.2647568650204,2361.7617227432465,0.6674105781654166,0.9555023396097823
3059,1576.9102060309526,2362.10234180344,0.6675875884475854,0.9557557574372494
3060,1577.5813277975847,2362.478551987945,0.6677653545129981,0.9560102572863108
3061,1578.2484929613524,2362.851454835915,0.6679423244026789,0.9562636172856313
3062,1578.9108997437017,2363.2205884531822,0.668118290547375,0.9565155402674508
3063,1579.5677463660786,2363.585490945581,0.6682930456364213,0.9567657294342174
3064,1580.2208629751826,2363.9457004189426,0.6684674959729968,0.9570154823002894
3065,1580.8720797177132,2364.300754979102,0.6686425474375347,0.9572660957747984
3066,1581.5205948151158,2364.650192731891,0.6688179924777703,0.9575172727143052
3067,1582.1656064888375,2364.993551783143,0.6689936238075262,0.9577687163563162
3068,1582.7294398269644,2365.31271629503,0.6691417286700738,0.9579807515671767
3069,1583.2549237482542,2365.6287730435215,0.6692744617369965,0.9581707796550394
3070,1583.7822203862747,2365.919415154848,0.6694151162720887,0.9583721485601095
3071,1584.271986815981,2366.277155673163,0.6695208898153286,0.9585235798849057
3072,1584.7547411693333,2366.6342425676567,0.6696238534307563,0.9586709883597702
3073,1585.2808691279615,2366.99018779921,0.6697454333775378,0.9588450490165831
3074,1585.8110190518364,2367.344503328702,0.6698691368417404,0.9590221498197924
3075,1586.3442758676078,2367.7069682399965,0.6699918094369574,0.9591977747732625
3076,1586.8797245019261,2368.067494067288,0.6701159187723876,0.9593754566444385
3077,1587.4575183733748,2368.4256014864413,0.6702585537738972,0.959579660896081
3078,1588.0383407018617,2368.7808111733207,0.6704032442390749,0.9597868078645582
3079,1588.6309204156444,2369.1326438037904,0.670553809880817,0.9600023660646467
3080,1589.2728225829737,2369.480620053715,0.6707262381183543,0.9602492239805559
3081,1589.9125416467405,2369.82426059896,0.6708989219499757,0.9604964478192619
3082,1590.5389825604545,2370.163086115388,0.6710673167926561,0.9607375313013392
3083,1591.1711849502774,2370.496617278864,0.6712395931519243,0.9609841717798175
3084,1591.7987117510327,2370.8243747652537,0.6714114839943148,0.9612302603307559
3085,1592.372689330864,2371.14587925042,0.6715625146750793,0.9614464843067378
3086,1592.9435818062593,2371.451042268559,0.6717168321899786,0.9616674138984358
3087,1593.5131496040437,2371.7015971951832,0.6718860211961576,0.9619096343494282
3088,1594.015889159353,2371.948348031168,0.6720280778805591,0.9621130106499297
3089,1594.5439300570315,2372.190763162472,0.6721819993647031,0.9623333732618321
3090,1595.0777969217024,2372.4283109750545,0.6723397244682747,0.962559181348201
3091,1595.6165746800168,2372.6412415715345,0.672506465251843,0.9627978967866733
3092,1596.1305208336148,2372.8495401538676,0.6726640243401668,0.9630234671963214
3093,1596.6494955331443,2373.0526576780458,0.6728251437519357,0.9632541347642896
3094,1597.134120993622,2373.2500451000574,0.6729733869767128,0.9634663680622623
3095,1597.6244896287421,2373.4411533758935,0.6731258061133477,0.963684579829382
3096,1598.119625360265,2373.6665019534776,0.6732704969485166,0.9638917273275592
3097,1598.6185521099508,2373.928208573989,0.673406443520984,0.9640863560498243
3098,1599.197824914232,2374.2592272074976,0.6735565377985875,0.9643012394186291
3099,1599.8058597811412,2374.591875543066,0.6737182402829823,0.9645327417460041
3100,1600.473893828842,2374.9257352614504,0.6739048173448039,0.9647998559106883
3101,1601.1427863024946,2375.260388043404,0.6740914782911104,0.9650670901690962
3102,1601.811709278592,2375.595415569682,0.6742779931213447,0.9653341152395569
3103,1602.4798348336274,2375.930399521038,0.6744641320960707,0.9656006022142347
3104,1603.136067921111,2376.264921578228,0.674645345038535,0.9658600368054097
3105,1603.7994481672047,2376.5985634220046,0.6748297642063429,0.9661240616082435
3106,1604.4903398756815,2376.9309067331237,0.6750260747296639,0.9664051107412058
3107,1605.1791138429776,2377.261533192339,0.6752219271757788,0.9666855040652005
3108,1605.8649682905393,2377.5900244804047,0.6754171037714893,0.9669649298039281
3109,1606.5600004880487,2377.926229401059,0.6756138944195512,0.9672466663103427
3110,1607.2564401555194,2378.2505200667015,0.6758146068272243,0.967534017427323
3111,1607.9150576627028,2378.5727452810675,0.6759999503284905,0.967799365557672
3112,1608.6068949469743,2378.892486724914,0.6761999140035064,0.9680856447470728
3113,1609.3023228047703,2379.209326078994,0.6764021581308053,0.9683751887596019
3114,1610.0005394575367,2379.5639135159954,0.6765947871005626,0.9686509671744208
3115,1610.700743126719,2379.94823037888,0.6767797393938694,0.9689157552295585
3116,1611.443200525697,2380.3330919282826,0.6769822282394452,0.9692056495944702
3117,1612.188708169174,2380.7181408498463,0.6771858795487945,0.9694972082075847
3118,1612.9364991385332,2381.1030198292174,0.6773904722754162,0.9697901146063587
3119,1613.6858065151573,2381.487371552039,0.6775957856385786,0.9700840527087395
3120,1614.4358633804297,2381.870838703956,0.6778015991240274,0.9703787068141781
3121,1615.1859028157337,2382.2530639706124,0.6780076924840336,0.9706737616036981
3122,1615.9351579024521,2382.633690037653,0.6782138457367801,0.9709689021390173
3123,1616.6828617219683,2383.0123595907226,0.6784198391650936,0.9712638138607327
3124,1617.428247355665,2383.3579139465155,0.6786342235427932,0.9715707385352425
3125,1618.1294793929933,2383.698797070733,0.6788313529299389,0.9718529599994891
3126,1618.824192622078,2383.9935570121334,0.6790388287168676,0.9721499939487676
3127,1619.5115852643653,2384.280212018151,0.67924549182646,0.9724458644236847
3128,1620.1908555413013,2384.5583437695404,0.6794511276163966,0.9727402641302823
3129,1620.8612016743323,2384.8275339470556,0.6796555216685604,0.9730328860955823
3130,1621.5218218849036,2385.087364231452,0.6798584597790646,0.9733234236533114
3131,1622.2951198702608,2385.4195532873487,0.6800879608933257,0.9736519902939875
3132,1623.1061572235549,2385.7468793820167,0.6803346034948982,0.9740050976473318
3133,1623.9569035312338,2386.120329530999,0.680584664332678,0.9743630987389539
3134,1624.79868560608,2386.5120872474636,0.6808256678389916,0.9747081328478975
3135,1625.6411343772234,2386.90264665359,0.6810672134686152,0.9750539430909151
3136,1626.4938807737956,2387.291720154896,0.6813134176447706,0.975406422769893
3137,1627.41855803614,2387.6405835902206,0.6816011460104442,0.9758183508027524
3138,1628.3473356985894,2388.000250120062,0.6818874225899769,0.976228200377314
3139,1629.2508198621558,2388.3607968633164,0.6821627712202799,0.9766224048881056
3140,1630.2002877687905,2388.7219100805496,0.6824571252472913,0.9770438185885837
3141,1631.11830852614,2389.0544486073163,0.682746393443226,0.9774579511286313
3142,1631.9973122988567,2389.38887392818,0.6830187124860242,0.9778478183123809
3143,1632.887998508004,2389.7248461587537,0.683295401616094,0.9782439419576683
3144,1633.7609035347198,2390.0620254146506,0.6835642281087996,0.9786288090112223
3145,1634.6461664091482,2390.4000718114835,0.683837900477633,0.9790206136922714
3146,1635.5020563005505,2390.7386454648663,0.6840990584240696,0.9793945020257673
3147,1636.271934526075,2391.067139367428,0.6843270553075984,0.9797209151255332
3148,1636.957396799344,2391.3948140614666,0.6845199241773002,0.9799970369945401
3149,1637.634470900241,2391.7213209476113,0.6847095673551977,0.9802685407826134
3150,1638.3023114752905,2392.046311426491,0.6848957328498766,0.98053506572474
3151,1638.9600731710173,2392.3598277570645,0.6850809205852656,0.9808001908519408
3152,1639.6069106339457,2392.6717797479587,0.6852619421150443,0.9810593514060014
3153,1640.241978510601,2392.9818100848192,0.6854385485080067,0.9813121910030744
3154,1640.8746985704904,2393.2895614532895,0.6856147810104907,0.9815644953176114
3155,1641.5664948943356,2393.5946765390145,0.6858164045000035,0.9818531507903481
3156,1642.210891290167,2393.8967980276384,0.6859990341451666,0.9821146136124015
3157,1642.8481457563785,2394.205835727789,0.6861766525003005,0.9823689019911601
3158,1643.4774477994324,2394.5118318984246,0.686351775717243,0.9826196181904278
3159,1644.0383581318306,2394.8144379401747,0.6864992677870688,0.9828307760929288
3160,1644.551206197409,2395.1133052536675,0.6866277276277892,0.983014686390982
3161,1645.0561628447194,2395.408085239532,0.6867540328437274,0.9831955120075995
3162,1645.459926323532,2395.6162923145307,0.6868628885194994,0.9833513558858399
3163,1645.7761329697532,2395.7348762341644,0.6869608775561739,0.9834916424753272
3164,1646.0710096919431,2395.8428540179266,0.6870529955382568,0.9836235237344501
3165,1646.343519406972,2395.939737626697,0.6871389515989084,0.9837465832419604
3166,1646.5926250317098,2396.0634755880355,0.6872074307745989,0.9838446218627547
3167,1646.8480908519773,2396.1725462308273,0.6872827641074784,0.9839524732786173
3168,1647.1595835632006,2396.307564867821,0.6873740281557126,0.9840831319982466
3169,1647.6109308561959,2396.4810122280082,0.6875126163943239,0.9842815426776211
3170,1648.009148119011,2396.665002104682,0.6876259913971192,0.9844438566773811
3171,1648.5150407556334,2396.850226023131,0.6877839186017308,0.9846699541029107
3172,1649.0099350820915,2397.026726242313,0.6879397367701251,0.9848930321141458
3173,1649.5341675316383,2397.1941541628566,0.6881103746507697,0.9851373268549187
3174,1650.0486043388519,2397.424031046274,0.6882589742035514,0.9853500702920068
3175,1650.5909848716685,2397.659072429377,0.6884177170356595,0.9855773354155122
3176,1651.160646791283,2397.889390290998,0.6885891624012336,0.9858227861969061
3177,1651.721157977401,2398.114705751642,0.6887581957676631,0.9860647838253217
3178,1652.2745228764074,2398.296303365131,0.6889367758929724,0.9863204491280952
3179,1652.8201140094338,2398.4749378839633,0.6891129391861072,0.986572654358654
3180,1653.3675710205955,2398.6502955687065,0.6892907957758767,0.9868272838074514
3181,1653.9066660043375,2398.822062679924,0.6894661724749274,0.9870783629058927
3182,1654.4367801967765,2399.0617953390665,0.6896182430194342,0.9872960756090109
3183,1654.9188582673487,2399.301976819899,0.6897501332703537,0.98748489707431
3184,1655.3933150841656,2399.513526962868,0.6898870527224923,0.9876809186255657
3185,1655.8594970234064,2399.726968257427,0.6900199559893335,0.9878711903811583
3186,1656.3475518301996,2399.942021824078,0.690161485889268,0.9880738125075319
3187,1656.8382917236504,2400.148799641654,0.6903064893189201,0.9882814075334677
3188,1657.3933586590872,2400.357281238657,0.6904777766265787,0.9885266320303031
3189,1657.9859993777595,2400.5671790206065,0.6906642787868955,0.9887936389618007
3190,1658.5772544139309,2400.7782053930205,0.6908498463907092,0.9890593079299
3191,1659.2050374352245,2401.000339884401,0.6910473979837541,0.9893421338477435
3192,1659.8950559022762,2401.223694473581,0.6912704800150551,0.9896615105699688
3193,1660.5750129199735,2401.43772315808,0.6914920161811177,0.9899786741449945
3194,1661.2034129621543,2401.651747485087,0.69169204681807,0.9902650492008513
3195,1661.7463608404476,2401.8757469831044,0.6918535910642745,0.9904963249855763
3196,1662.342467508369,2402.0895665079806,0.6920401681461806,0.9907634391790147
3197,1662.8567430883734,2402.3025276069056,0.6921928957652375,0.9909820925868359
3198,1663.3605345422857,2402.514342685397,0.6923415627492462,0.9911949325622429
3199,1663.814882404369,2402.724724148974,0.6924700385699318,0.9913788657381087
3200,1664.260297407563,2402.9333844031553,0.6925952705180526,0.9915581548044465
3201,1664.6962217928735,2403.1400358534593,0.6927171105123168,0.9917325877597909
3202,1665.1220978013062,2403.3546580283883,0.692832450774162,0.9918977153344051
3203,1665.5476347968502,2403.567362906775,0.6929481821481407,0.9920634028470406
3204,1665.9626745938258,2403.7778716091225,0.6930601592894301,0.9922237155900285
3205,1666.35640102524,2403.985905255934,0.6931639646397327,0.9923723291396532
3206,1666.737865473769,2404.191184967712,0.693263445891951,0.9925147520684343
3207,1667.1065101804184,2404.39343186496,0.6933584529414276,0.9926507694781432
3208,1667.4617773861937,2404.59236706818,0.6934488357456032,0.9927801665594536
3209,1667.8031093321017,2404.787711697876,0.693534444316736,0.9929027285815194
3210,1668.1683848258274,2404.9791868745506,0.6936311107929946,0.9930411217194897
3211,1668.4775759097015,2405.1665137187065,0.6937056400847748,0.9931478220251114
3212,1668.809629883342,2405.3494133508475,0.6937909397365077,0.9932699417808737
3213,1669.1229553557598,2405.4891703247954,0.693880885412754,0.9933987130453737
3214,1669.3785928612172,2405.62653939305,0.69394752906343,0.9934941238258205
3215,1669.658121624587,2405.7323793911673,0.6940331916915617,0.9936167632389115
3216,1669.9225821801326,2405.8371518037106,0.6941128916095397,0.9937308661024051
3217,1670.1618424871263,2405.940516746292,0.6941825165095077,0.9938305450062028
3218,1670.3856380545117,2406.0421343345247,0.6942462121580907,0.9939217352618492
3219,1670.6755742521116,2406.1416646840216,0.6943379929674703,0.9940531338056581
3220,1670.9185114109744,2406.2798364023292,0.6943990828220519,0.994140593460762
3221,1671.1576531941819,2406.4487092672666,0.6944497286638734,0.9942131008826327
3222,1671.4335713395637,2406.619176974328,0.6945151884981399,0.9943068168452475
3223,1671.7272436509259,2406.790960644016,0.6945876359796532,0.9944105367147693
3224,1672.0471768244263,2406.963781396834,0.6946706841820806,0.994529433169689
3225,1672.3621511718702,2407.1373603532843,0.6947514415739139,0.9946450499719423
3226,1672.6813575156812,2407.3114186338703,0.6948338069467199,0.9947629688497571
3227,1672.994119128616,2407.485677359095,0.6949134255967064,0.9948769553654455
3228,1673.3000264064121,2407.6598576494607,0.6949902084757164,0.9949868820326818
3229,1673.5986697448088,2407.833680625471,0.6950640665970195,0.9950926214530822
3230,1673.8793724165614,2408.0068674076288,0.6951306472886425,0.9951879420978246
3231,1674.1102567521614,2408.1791391164365,0.6951767954299256,0.9952540103598618
3232,1674.3196969974363,2408.350216872398,0.6952143775716266,0.9953078150574464
3233,1674.5271075228711,2408.519821796015,0.6952515368024619,0.9953610142921645
3234,1674.7217680263009,2408.6780658661223,0.6952866768536365,0.9954113227562642
3235,1674.9032253285427,2408.8349286112207,0.6953167298575267,0.9954543483187421
3236,1675.12236186533,2408.990122436828,0.6953629017668408,0.9955204506084229
3237,1675.330722324052,2409.153626871448,0.6954021958739318,0.9955767062514809
3238,1675.56896559238,2409.366889508829,0.6954395251666963,0.9956301489563754
3239,1675.8701502201936,2409.581629336046,0.6955025427721141,0.9957203684874755
3240,1676.215402166032,2409.797611048523,0.6955834774177142,0.9958362390561425
3241,1676.5537736317788,2410.014599341684,0.6956612520479103,0.9959475855698866
3242,1676.8465578862424,2410.2528931569213,0.6957139487922896,0.9960230291786509
3243,1677.1653197658554,2410.445010627938,0.6957907408677795,0.9961329690120826
3244,1677.480952966111,2410.6420259201204,0.6958648090132054,0.9962390091147725
3245,1677.834247099445,2410.843677583942,0.6959531481447642,0.9963654803599774
3246,1678.1865215796179,2411.0497041698727,0.6960397866029973,0.9964895168260602
3247,1678.5375323870699,2411.2598442283847,0.6961246986320591,0.9966110816395107
3248,1678.9254720689207,2411.47383630995,0.696223797575188,0.9967529572332013
3249,1679.2371931127318,2411.6914189650397,0.6962902384225278,0.9968480776690405
3250,1679.5396893456798,2411.912330744125,0.6963518814249384,0.9969363292415371
3251,1679.8224234802688,2412.1363101976785,0.696404434682468,0.9970115674264961
3252,1680.0947257786718,2412.36309587617,0.6964518436924859,0.9970794408187866
3253,1680.3563173613913,2412.592426330073,0.6964940696251267,0.9971398938274001
3254,1680.6453559156103,2412.8240401098574,0.6965470038333543,0.9972156774027007
3255,1680.9205289298359,2413.0576757659956,0.6965935981601634,0.9972823844489106
3256,1681.143155817828,2413.293071848959,0.6966179016665432,0.9973171787089453
3257,1681.3540261920232,2413.5299669092183,0.6966368966800838,0.9973443730335075
3258,1681.5528611729244,2413.768099497246,0.6966505446497401,0.9973639122307636
3259,1681.7009453143546,2414.0072081635135,0.6966428847549837,0.9973529458966953
3260,1681.9185384274258,2414.2470314584925,0.6966638113297573,0.9973829055524309
3261,1682.1258914339644,2414.4975750556373,0.6966773993944488,0.9974023589863864
3262,1682.3253922396648,2414.7489770787333,0.6966874852038967,0.997416798395709
3263,1682.5194287502197,2415.000984793238,0.6966951315319111,0.9974277453068701
3264,1682.6981478044002,2415.2533454646054,0.6966963324837921,0.9974294646568019
3265,1682.8715637906444,2415.505806358292,0.6966953088503668,0.997427999165896
3266,1683.0105965493988,2415.7581147397536,0.6966800965214629,0.9974062203443818
3267,1683.145768570116,2416.0100178744465,0.696663406243204,0.997382325607848
3268,1683.2768009732995,2416.261263027826,0.6966451959189128,0.9973562546883353
3269,1683.4034148794512,2416.492379182008,0.6966309636984206,0.9973358790448812
3270,1683.4868948423953,2416.723630418446,0.6965988471552729,0.9972898992041029
3271,1683.6064321813096,2416.9547465726287,0.6965816942037304,0.9972653420785998
3272,1683.7206795247644,2417.1854574800414,0.6965624728191411,0.9972378236685739
3273,1683.829357993263,2417.4154929761726,0.6965411460651459,0.9972072910938661
3274,1683.8937521406278,2417.644582896509,0.6965017786540006,0.9971509305046211
3275,1683.954616719359,2417.8724570765376,0.6964613091111669,0.9970929920419631
3276,1684.011637990021,2418.0988453517466,0.696419685749057,0.9970334017070486
3277,1684.0645022131805,2418.3234775576225,0.6963768568768954,0.9969720854964699
3278,1684.1128956494028,2418.546083529652,0.696332770799054,0.9969089693998723
3279,1684.156504559254,2418.7663931033244,0.6962873758132749,0.9968439793974099
3280,1684.1950152033,2418.984136114125,0.6962406202087807,0.996777041457039
3281,1684.2281138421065,2419.1990423975412,0.6961924522642653,0.9967080815316431
3282,1684.2554867362394,2419.4108417890607,0.6961428202457742,0.9966370255559975
3283,1684.2768201462648,2419.6192641241714,0.6960916724044689,0.9965637994435682
3284,1684.291800332748,2419.8240392383595,0.6960389569742763,0.9964883290831478
3285,1684.3103806792383,2420.0248969671125,0.6959888647385795,0.9964166142347913
3286,1684.322647019616,2420.221567145918,0.6959373760997751,0.9963429002175876
3287,1684.3282943294312,2420.4137796102627,0.6958844427834332,0.9962671179191603
3288,1684.3270175842338,2420.642332687567,0.6958182110754775,0.9961722968989691
3289,1684.318511759574,2420.8685545065764,0.6957496757203628,0.9960741778485669
3290,1684.3332731999517,2421.092209762714,0.6956915008887784,0.9959908915035435
3291,1684.3421956008601,2421.3130631514045,0.6956317302516194,0.9959053205139401
3292,1684.4148959997449,2421.561680737023,0.6955903330478367,0.9958460539599451
3293,1684.5044267762762,2421.809025934936,0.6955562592826557,0.9957972720505556
3294,1684.5933431464155,2422.054889585521,0.6955223642494308,0.9957487460238381
3295,1684.7122460344742,2422.299062529155,0.6955013408936565,0.9957186478110047
3296,1684.899397707446,2422.5317264645455,0.6955117983806125,0.9957336193346512
3297,1685.0155510179634,2422.7629306400686,0.6954933682152714,0.9957072336783866
3298,1685.101600158274,2422.9924571811175,0.6954629987246029,0.9956637550157226
3299,1685.1477355420686,2423.220088213085,0.6954167076027828,0.9955974820547459
3300,1685.1947903567052,2423.445605861364,0.6953714109699348,0.9955326328598444
3301,1685.232920155938,2423.6687922513474,0.6953231091408839,0.9954634812578538
3302,1685.272148043191,2423.899696631411,0.6952730553930428,0.9953918215108659
3303,1685.2834025738935,2424.1285007002634,0.6952120739833147,0.9953045171114839
3304,1685.2972149524826,2424.35499529828,0.6951528213569781,0.9952196877351677
3305,1685.313315014446,2424.5789712658393,0.69509524539618,0.9951372587670816
3306,1685.3314325952708,2424.8002194433184,0.6950392939927177,0.9950571556062063
3307,1685.3923660223775,2425.018530671094,0.6950018503800736,0.9950035492345733
3308,1685.4574434245103,2425.2336957895436,0.6949670237349245,0.9949536894600816
3309,1685.5264294970939,2425.4455056390448,0.6949347761383736,0.9949075219959161
3310,1685.6298903045024,2425.653751059974,0.694917767866872,0.9948831720024575
3311,1685.7798577540361,2425.8582228927094,0.6949210146930317,0.9948878203405171
3312,1685.9377209793297,2426.0587119776274,0.6949286563658716,0.99489876058707
3313,1686.1033056806978,2426.255009155105,0.6949406799031606,0.9949159741560271
3314,1686.2764375584545,2426.4879737574533,0.6949453101748656,0.9949226031121629
3315,1686.4569423129142,2426.718994918307,0.6949535343170984,0.9949343772545001
3316,1686.6446456443912,2426.94789833798,0.6949653294161928,0.994951263778552
3317,1686.8393732532,2427.133441224853,0.6949924320608991,0.9949900654416867
3318,1687.0409508396547,2427.313850985984,0.6950238223847206,0.99503500558623
3319,1687.208135612137,2427.48891846175,0.695042569620168,0.9950618451778056
3320,1687.3791549777034,2427.6584344925272,0.6950644831262803,0.9950932177796857
3321,1687.5948682686644,2427.8221899186947,0.6951064518959604,0.9951533026194108
3322,1687.775596126722,2427.9799755806284,0.6951357149158969,0.9951951971966442
3323,1687.9980025256118,2428.1315823187056,0.6951839079963225,0.995264193108016
3324,1688.220844673716,2428.276800973303,0.6952341034584865,0.9953360557411605
3325,1688.443948271349,2428.4154223848,0.6952862894492864,0.995410768126513
3326,1688.6645070935713,2428.5472373935713,0.695339370423745,0.9954867618205647
3327,1688.8797149154443,2428.6720368399956,0.6953922511138585,0.9955624687763377
3328,1689.1304659292146,2428.78961156445,0.695461829170621,0.9956620806167805
3329,1689.3781841284551,2428.9408208992436,0.6955205205464877,0.9957461064755101
3330,1689.6227300734163,2429.087053978012,0.6955793236419392,0.9958302922782504
3331,1689.8639643243503,2429.22813650107,0.6956382313101065,0.9959146277931437
3332,1690.1017474415085,2429.363894168731,0.6956972364240311,0.9959991028168373
3333,1690.2975034184624,2429.4941526813095,0.6957405110660451,0.996061057216487
3334,1690.5331949393926,2429.6187377391207,0.6958018427667036,0.9961488631119713
3335,1690.770245997871,2429.7682764114275,0.6958565812271624,0.9962272297557526
3336,1691.0085171541489,2429.9137931184882,0.6959129669303834,0.9963079546844709
3337,1691.247868968478,2430.0551397055697,0.6959709849108169,0.9963910164726074
3338,1691.4881620011097,2430.2024351409223,0.6960276796459649,0.9964721838287293
3339,1691.729256812295,2430.3459308431275,0.6960857857076362,0.996555371718896
3340,1691.9710139622862,2430.4854873724375,0.6961452856858863,0.9966405552180561
3341,1692.213294011334,2430.6209652891034,0.6962061622018711,0.9967277094456842
3342,1692.4148890277577,2430.752225153376,0.6962515025244785,0.9967926211892906
3343,1692.5421914176675,2430.8791275255076,0.6962675240626119,0.9968155585200303
3344,1692.700666434858,2431.0015329657494,0.6962976548886884,0.9968586954971062
3345,1692.8490451427574,2431.119302034353,0.6963249576959002,0.996897783724087
3346,1692.9871270967262,2431.1938587248897,0.6963603996534701,0.9969485244142802
3347,1693.1147118521274,2431.2660972296076,0.6963921858579804,0.9969940313237756
3348,1693.3034688252042,2431.374279815501,0.6964388341533729,0.9970608156344303
3349,1693.4859945845187,2431.4387619842064,0.6964954335113618,0.9971418464432728
3350,1693.664781615576,2431.500437927974,0.696551296144881,0.997221822516129
3351,1693.880758970561,2431.5591333471166,0.6966233046690835,0.9973249139497956
3352,1694.0543170110489,2431.61467394195,0.6966787687067112,0.9974043193704636
3353,1694.2263847892245,2431.6380579877764,0.6967428311231594,0.9974960347115143
3354,1694.3968228653398,2431.6598864089083,0.6968066678797077,0.9975874269852218
3355,1694.6423649330047,2431.6799587607074,0.696901892384173,0.9977237557156637
3356,1694.8808042884796,2431.698074598536,0.6969947552260565,0.9978567033577679
3357,1695.1505077785691,2431.7140334777537,0.6971010918394147,0.9980089408052613
3358,1695.410372051404,2431.7276349537233,0.6972040567708021,0.9981563511641274
3359,1695.6603622470466,2431.738678581806,0.6973036935185644,0.9982989967090327
3360,1695.8235703722007,2431.7469639173637,0.6973684332848328,0.9983916817819982
3361,1696.0178334723473,2431.752290515757,0.6974467917999305,0.9985038642180484
3362,1696.192404194009,2431.754457932348,0.697517958139669,0.9986057499332981
3363,1696.3190346586307,2431.753265722498,0.6975703738408007,0.9986807911848187
3364,1696.436048138097,2431.789581933502,0.6976080746218472,0.9987347657331305
3365,1696.5940089712146,2431.824804413978,0.697662926166287,0.9988132942742687
3366,1696.7441437484465,2431.8895689481756,0.6977060823046791,0.9988750790175005
3367,1696.8863827499185,2431.9549086713355,0.6977458244392322,0.9989319760817498
3368,1697.0693599454191,2432.020684143709,0.6978021901746041,0.9990126724233777
3369,1697.2423715563928,2432.086755925549,0.697854370293832,0.999087376402659
3370,1697.3957822962166,2432.152984577105,0.6978984435024568,0.9991504740749656
3371,1697.6315705534723,2432.2192306586303,0.6979763785905779,0.9992620503092563
3372,1697.8626396467391,2432.2853547303757,0.6980524042315549,0.999370892872141
3373,1698.0794240092685,2432.351217352593,0.6981226279720752,0.9994714291095913
3374,1698.2531310759878,2432.4166790855325,0.6981752533099906,0.9995467704888651
3375,1698.393369988567,2432.481600489446,0.6982142720614326,0.9996026319173639
3376,1698.5577694520725,2432.545842124587,0.6982634160631279,0.9996729892208497
3377,1698.6764335495618,2432.6092645512044,0.6982939916834334,0.9997167629902395
3378,1698.7897379317176,2432.671728329551,0.6983226376779698,0.9997577741993743
3379,1698.8880385969323,2432.7330940198776,0.6983454299911172,0.9997904049505939
3380,1698.9527316682586,2432.7932221824367,0.6983547619982858,0.9998037651743822
3381,1699.0145487947714,2432.8519733774788,0.698363306681608,0.999815998221284
3382,1699.0349836899168,2432.909208165256,0.6983552768790825,0.9998045023065493
3383,1699.0652673887998,2432.9647871060197,0.6983517708079188,0.9997994828188315
3384,1699.0854277619408,2433.018570760021,0.6983446193882459,0.9997892444461528
3385,1699.1049693711975,2433.0806868104946,0.6983348224256961,0.9997752185662168
3386,1699.1237876367586,2433.1413953910064,0.6983251326270371,0.9997613461081049
3387,1699.1802145454928,2433.2005657767927,0.6983313412156117,0.9997702346710117
3388,1699.2331118855927,2433.2580672430886,0.6983365779244471,0.9997777318364865
3389,1699.282409937184,2433.3137690651306,0.6983408516979055,0.9997838504097786
3390,1699.4049121137512,2433.3675405181534,0.6983757627308061,0.9998338309984988
3391,1699.4774129394955,2433.419250877394,0.6983907159963215,0.9998552389303659
3392,1699.53831412116,2433.4687694180875,0.6984015309666656,0.9998707222472395
3393,1699.6574767157504,2433.5159654154695,0.6984369533098876,0.9999214348564345
3394,1699.7752980742596,2433.612043759692,0.6984577933992607,0.9999512706948301
3395,1699.8815459336413,2433.7088715925634,0.6984736612400471,0.9999739879838452
3396,1699.9762551538333,2433.8063617642397,0.6984845967456257,0.9999896438657072
3397,1700.0594605947724,2433.904427124879,0.6984906398329771,0.9999982954877995
3398,1700.1311971163957,2434.002980524638,0.698491830420824,1.0
3399,1700.1504310867074,2434.101934813674,0.6984713362946531,0.9999706594618887
3400,1700.1555990723868,2434.201202842144,0.6984449753320743,0.9999329196324007
3401,1700.146701073434,2434.3006974602054,0.6984127732647241,0.9998868173503872
3402,1700.1237370898496,2434.4003315180157,0.6983747558191079,0.9998323894473533
3403,1700.0867071216335,2434.5000178657306,0.6983309487144962,0.999769672744446
3404,1700.0356111687847,2434.5996693535094,0.6982813776608362,0.9996987040494647
3405,1699.967817306051,2434.699198831508,0.6982249873503558,0.9996179725247359
3406,1699.9479575998682,2434.7985191498838,0.6981883487400056,0.9995655186394441
3407,1699.945291686176,2434.897543158794,0.6981588594815517,0.9995233001664863
3408,1699.9214788631225,2434.996183708396,0.6981207979858983,0.9994688091989535
3409,1699.8477875705246,2435.094353648846,0.6980623913087401,0.9993851909308301
3410,1699.7961573891398,2435.1919658303027,0.6980132085026725,0.9993147780728328
3411,1699.6871878401664,2435.2889331029223,0.6979406692718432,0.9992109268498549
3412,1699.5593852101583,2435.385168316862,0.6978606124897911,0.9990963130797785
3413,1699.4538877109233,2435.480584322279,0.6977899551532784,0.9989951560820364
3414,1699.3323633555922,2435.575093969331,0.6977129826804634,0.9988849579816971
3415,1699.1667472802808,2435.668610108175,0.6976181982346178,0.9987492592638058
3416,1699.02701383679,2435.761045588967,0.6975343566289629,0.9986292269284177
3417,1698.9030091969325,2435.852313261866,0.6974573129689953,0.9985189269125662
3418,1698.7276088087674,2435.9423259770288,0.697359535442789,0.9983789431333036
3419,1698.5419857440384,2436.030996584611,0.6972579528443791,0.9982335117996992
3420,1698.3462445825576,2436.1387721807378,0.6971467569814438,0.9980743175785323
3421,1698.1815583960695,2436.2463647621944,0.6970483703776943,0.997933461809768
3422,1697.968561565709,2436.353704609107,0.6969302356851893,0.997764333571813
3423,1697.8130592296575,2436.460722001601,0.696835801167716,0.9976291358309657
3424,1697.6433471117332,2436.5673472198023,0.6967356552031266,0.9974857612627491
3425,1697.5102684302406,2436.673510543837,0.6966506842565774,0.9973641120997259
3426,1697.3653286551394,2436.77914225383,0.6965610051492847,0.9972357224702599
3427,1697.2375643710623,2436.8841726299074,0.696478553816281,0.9971176805270149
3428,1697.0675820886256,2436.988531952196,0.6963789775117069,0.9969751215159608
3429,1696.9152197614108,2437.0921505008196,0.6962868512840996,0.9968432284520838
3430,1696.7499113250449,2437.1949585559055,0.6961896525218518,0.9967040732636986
3431,1696.5718920841025,2437.2968863975784,0.6960874982250124,0.9965578234546236
3432,1696.3910064848296,2437.397864305965,0.6959844477289994,0.9964102905966503
3433,1696.1972314238028,2437.4978225611903,0.6958764088829137,0.9962556161375079
3434,1695.9908109205826,2437.59669144338,0.6957635021716129,0.9960939725700624
3435,1695.771988994728,2437.6944012326608,0.6956458480346153,0.9959255323222691
3436,1695.5410096657988,2437.790882209157,0.6955235668652916,0.9957504677560165
3437,1695.298116953356,2437.8860646529956,0.6953967790101223,0.9955689511660617
3438,1695.0435548769588,2437.9798788443018,0.6952656047680246,0.9953811547790679
3439,1694.7775674561672,2438.072255063201,0.6951301643897483,0.9951872507527392
3440,1694.500398710541,2438.16312358982,0.6949905780773397,0.9949874111750528
3441,1694.2891657929995,2438.252414704283,0.6948784939472671,0.9948269452609346
3442,1694.0620454591108,2438.3400586867174,0.6947603716815149,0.9946578348138146
3443,1693.7885500793595,2438.4259858172477,0.6946237285572889,0.9944622088690649
3444,1693.4517229088278,2438.5101263760002,0.6944616323679396,0.9942301428916408
3445,1693.1819906592898,2438.5924106431007,0.6943275896658627,0.9940382398567892
3446,1692.8975300863142,2438.6727688986743,0.6941880647852731,0.9938384882283333
3447,1692.526785068453,2438.761398545831,0.6940108147019474,0.993584727088108
3448,1692.209142192822,2438.8486294380104,0.6938557488837516,0.9933627261835271
3449,1691.8776512071659,2438.934400570322,0.6936954314193675,0.9931332067283211
3450,1691.573694342852,2439.018650937876,0.693546846676384,0.9929204844937689
3451,1691.2591836325719,2439.0917103941133,0.6933971266538784,0.9927061369295098
3452,1690.9447347986804,2439.1733854838126,0.6932449922838428,0.9924883328501923
3453,1690.6210960138633,2439.2437389374304,0.6930923175190037,0.9922697551114275
3454,1690.3962990947844,2439.3225772997453,0.6929777614594954,0.9921057502447717
3455,1690.1598328117514,2439.399572442885,0.6928589526311906,0.9919356568762734
3456,1689.9121503439467,2439.474663361958,0.6927360942601458,0.99175976595573
3457,1689.6537048705532,2439.5477890520756,0.6926093895160359,0.9915783683522196
3458,1689.3849495707534,2439.6188885083475,0.6924790415127879,0.9913917548550089
3459,1689.10633762373,2439.687900725884,0.6923452533093137,0.9912002161746014
3460,1688.818322208666,2439.754764699795,0.692208227910345,0.9910040429439335
3461,1688.559793071423,2439.81941942519,0.692083922124548,0.990826079823417
3462,1688.2901697591885,2439.88180389718,0.6919557197658152,0.9906425381509889
3463,1688.0099403110828,2439.941857110874,0.6918238380933589,0.9904537289670979
3464,1687.7195927662244,2439.9995180613823,0.6916884943105005,0.990259963232176
3465,1687.4868791554234,2440.054725743815,0.6915774721573171,0.9901010177036128
3466,1687.240478661807,2440.1074191532825,0.6914615583797862,0.9899350690518424
3467,1686.9809403293839,2440.1575372848947,0.691340995223795,0.9897624640896361
3468,1686.756858910515,2440.2050191337607,0.6912357140832742,0.9896117377161332
3469,1686.5174914092142,2440.2498036949924,0.691124936822252,0.9894531427888947
3470,1686.263430444413,2440.291829963698,0.6910089234980957,0.9892870516206038
3471,1685.9952686350427,2440.331036934988,0.6908879341028349,0.9891138364304018
3472,1685.7520351667142,2440.3673636039725,0.6907779788847731,0.9889564183858766
3473,1685.4932890263628,2440.4007489657624,0.6906625027633974,0.9887910963071542
3474,1685.1785892009239,2440.4311320154666,0.69052495155198,0.9885941702939545
3475,1684.8757923010182,2440.4584517481953,0.6903931476866882,0.9884054725031551
3476,1684.5547157215797,2440.482647159059,0.6902547402590846,0.9882073206829396
3477,1684.1845188762295,2440.5036572431673,0.6900971092084787,0.9879816472480606
3478,1683.8324003942753,2440.5214209956303,0.6899478061976372,0.9877678967010406
3479,1683.457919262652,2440.535877411558,0.6897902771452531,0.987542369292525
3480,1683.100139526908,2440.546965486061,0.6896405450618733,0.9873280044612434
3481,1682.7186550339152,2440.5546242142486,0.689482070320666,0.987101123151677
3482,1682.3141281224798,2440.5587925912305,0.6893151409543817,0.9868621377276331
3483,1681.8872211314065,2440.559409612118,0.6891400449041769,0.9866114604217878
3484,1681.5181014581137,2440.55641427202,0.6889896466333824,0.9863961418393158
3485,1681.1279961026685,2440.5497455660466,0.6888316860399655,0.9861699966125037
3486,1680.717637123751,2440.5393424893086,0.6886664795206487,0.9859334777126088
3487,1680.2877565800407,2440.525144036916,0.6884943433939168,0.9856870379988784
3488,1679.8390865302172,2440.507089203978,0.6883155939031226,0.9854311302229971
3489,1679.4107955996399,2440.5523809772944,0.6881273308000613,0.985161602227304
3490,1678.991409640002,2440.5891494959824,0.6879451258671451,0.984900747447075
3491,1678.5509203459246,2440.6173947600428,0.687756681546948,0.9846309600107874
3492,1678.0997299226467,2440.637116769474,0.6875662581678048,0.9843583392429418
3493,1677.6572004507486,2440.648315524277,0.6873817869537545,0.9840942399277942
3494,1677.2029676264576,2440.6509910244517,0.6871949220902164,0.983826713730064
3495,1676.6865324733485,2440.6451432699982,0.6869849707962498,0.9835261357063524
3496,1676.1855699033342,2440.6307722609167,0.6867837564592261,0.9832380659992199
3497,1675.6598480629734,2440.6489464891397,0.6865632398602024,0.9829223620934336
3498,1675.1102035907572,2440.661264247924,0.6863345717525996,0.9825949880317141
3499,1674.5759096918564,2440.626691905275,0.6861253772425961,0.9822954934622824
3500,1674.0167693727658,2440.6247345198058,0.6858968303056756,0.9819682928752936
3501,1673.493940907187,2440.6169903847717,0.6856847868797942,0.9816647196384332
3502,1672.9563544872244,2440.603494360112,0.6854683107490376,0.9813548002931687
3503,1672.4331120598922,2440.584281305763,0.6852593146937364,0.9810555898425966
3504,1671.886744421766,2440.590187450611,0.6850337893754229,0.9807327151739299
3505,1671.3182189361014,2440.5924463745373,0.6848002096453338,0.9803983093585485
3506,1670.6463659822884,2440.5911190824313,0.6845252991866935,0.9800047321588342
3507,1669.9489563370669,2440.5862665791824,0.6842409052304184,0.9795975778531013
3508,1669.1954282935546,2440.5779498696816,0.6839344870679849,0.9791588924611063
3509,1668.4148227938767,2440.5662299588184,0.6836179253459674,0.9787056849814616
3510,1667.608011336461,2440.551167851483,0.6832915586049869,0.9782384400878686
3511,1667.0117486703207,2440.5328245525648,0.6830523777019645,0.9778960153198104
3512,1666.3038313685497,2440.511261066955,0.6827683436461861,0.9774893762677728
3513,1665.6134791176,2440.486538399542,0.682492385395373,0.9770942989901376
3514,1664.8937007222205,2440.458717555217,0.6822052300028514,0.9766831912577126
3515,1664.1455506955092,2440.437468680539,0.6819046060603453,0.9762528011952764
3516,1663.43668956094,2440.4125943724007,0.6816210887441043,0.975846901936483
3517,1662.6957049943055,2440.3841643506744,0.6813253951091375,0.9754235703782761
3518,1661.9237125135942,2440.3522483352344,0.6810179610944811,0.9749834306353801
3519,1661.1191957115402,2440.316916045956,0.6806981440767336,0.9745255626921647
3520,1660.280638180879,2440.2943259351973,0.6803608157161973,0.9740426245304785
3521,1659.4578591292611,2440.2692764558738,0.6800306323322546,0.973569915517198
3522,1658.5910728930098,2440.2374597912553,0.6796842931158389,0.9730740769098846
3523,1657.6910389917207,2440.1989369462312,0.6793261868502516,0.9725613919363587
3524,1656.7691749263026,2440.1537689256916,0.6789609720602633,0.9720385300014264
3525,1655.8478320169447,2440.102016734527,0.6785977883961128,0.9715185759399284
3526,1654.8993680764995,2440.053350519296,0.6782226166179117,0.9709814590233639
3527,1653.8941669738797,2439.997572876891,0.6778261525169665,0.9704138588257978
3528,1652.9314531626337,2439.934753527186,0.6774490386569334,0.9698739615161815
3529,1652.0194239569785,2439.864962190054,0.6770946136601366,0.9693665468531019
3530,1651.1259358803843,2439.798535708355,0.6767468345090253,0.9688686467546831
3531,1650.2324460607927,2439.7259433752747,0.6764007451499877,0.968373165857177
3532,1649.3114866107433,2439.647589566086,0.6760449720953708,0.9678638212390696
3533,1648.4727495514055,2439.585878762381,0.6757182700154369,0.9673960962554615
3534,1647.6169929992627,2439.568614378518,0.6753722700351245,0.966900743317541
3535,1646.7354139486904,2439.544591524343,0.675017550271435,0.9663929066496793
3536,1645.8294765170488,2439.5139409246212,0.6746546715339732,0.965873389138296
3537,1644.9390813883765,2439.476793304117,0.674299950671148,0.9653655508968502
3538,1644.0604636894632,2439.4332793875947,0.6739518057662126,0.9648671271647851
3539,1643.2187208320463,2439.3931390414878,0.6736178332770573,0.9643889934564006
3540,1642.3820143640464,2439.3462445825617,0.6732877786462423,0.9639164687733043
3541,1641.4287685117256,2439.292735450566,0.6729117603051995,0.9633781398699923
3542,1640.4470255322992,2439.2615785102576,0.6725178799947227,0.9628142387714791
3543,1639.466523566634,2439.2605745440674,0.6721161899126229,0.9622391567667865
3544,1638.455432877636,2439.248855504703,0.6717049099685339,0.9616503453789121
3545,1637.3928575474908,2439.2266218368018,0.6712754128251073,0.9610354532288238
3546,1636.2900102749757,2439.194073985002,0.6708322341902495,0.9604009738898303
3547,1635.1484946171993,2439.1514123939423,0.6703759702282516,0.9597477608640987
3548,1634.0467872646284,2439.0988375082607,0.6699387339850242,0.9591217889855673
3549,1632.9812976437388,2439.036549772597,0.6695189942094101,0.9585208660293729
3550,1631.9004591925313,2439.003186198268,0.66908500506562,0.9578995428801406
3551,1630.7752396838644,2438.9579135979166,0.6686360722306058,0.9572568255061326
3552,1629.6170174012184,2438.9009672761194,0.6681767891630517,0.9565992901599032
3553,1628.4173030784032,2438.871019104132,0.6676930802501266,0.9559067854062919
3554,1627.2163111388925,2438.827270754531,0.667212611016712,0.9552189187591973
3555,1625.9747858074834,2438.769992391833,0.6667192030736783,0.954512528331214
3556,1624.6919078756532,2438.6994541805484,0.6662124375722149,0.9537870144749416
3557,1623.3238156990078,2438.615926285191,0.6656742450509049,0.9530165079380423
3558,1621.918358898749,2438.519678870273,0.6651241623976386,0.9522289788227271
3559,1620.4670569236719,2438.420591241978,0.6645560092232932,0.9514155789380023
3560,1619.0217159978442,2438.3086751568185,0.663993747999817,0.9506106142999229
3561,1617.5540228803286,2438.1842094942926,0.6634256823506489,0.949797339721141
3562,1616.1221640351862,2438.0474731338963,0.6628755928028763,0.9490098007352645
3563,1614.7131837667819,2437.8987449551273,0.6623380840193602,0.9482402730756607
3564,1613.266799657336,2437.7671312624925,0.6617805199555066,0.9474420331542035
3565,1611.7747316002806,2437.6605722781724,0.661197358619112,0.9466071467446613
3566,1610.280035103966,2437.538339394619,0.6606173158711798,0.9457767250809136
3567,1608.7052269861324,2437.4007724962207,0.660008499684935,0.944905109752388
3568,1607.1676039632355,2437.2482114673644,0.6594189284462035,0.944061046567889
3569,1605.628154279633,2437.0906053341073,0.6588298977335367,0.9432177572307583
3570,1604.165842664912,2436.9180355728367,0.6582764866311258,0.9424254629213495
3571,1602.6596598193128,2436.730850782925,0.657708937901113,0.941612928392963
3572,1601.1118019188746,2436.529399563742,0.6571280454098161,0.9407812901890531
3573,1599.5244651396363,2436.31403051466,0.6565346031364209,0.9399316850146624
3574,1597.8279757967548,2436.0850922350505,0.6558999030410655,0.9390230128330951
3575,1596.0917330530688,2435.842933324284,0.6552523199329704,0.9380958966094094
3576,1594.3076049567437,2435.587902381732,0.6545884069294685,0.937145401593452
3577,1592.487327105615,2435.3203480067664,0.6539128736837501,0.9361782703883362
3578,1590.6022245868971,2435.0406187987583,0.6532138364786559,0.9351774895994286
3579,1588.7140265057624,2434.7490633570783,0.6525165366796417,0.9341791961783099
3580,1586.765230524416,2434.446030281099,0.6517972511147418,0.9331494267041752
3581,1584.7867643790796,2434.13186817019,0.6510685740170731,0.9321062117860712
3582,1582.7807283809657,2433.8069256237236,0.650331261579157,0.931050634031537
3583,1580.7389557183026,2433.4715512410717,0.6495818514550231,0.929977736552289
3584,1578.6731471289881,2433.1260936216045,0.6488250449770979,0.9288942500389689
3585,1576.5853942092506,2432.7709013646936,0.6480615964803118,0.9278012544396844
3586,1574.4777885553174,2432.40632306971,0.6472922610102072,0.926699830719895
3587,1572.3524217634167,2432.0327073360263,0.6465177943621174,0.9255910609185029
3588,1570.2113854297756,2431.650402763013,0.6457389531182568,0.9244760282009528
3589,1568.0567711506224,2431.2597579500402,0.6449564946827225,0.9233558169093435
3590,1565.8906705221848,2430.8611214964817,0.6441711773143973,0.9222315126095322
3591,1563.715175140691,2430.4548420017068,0.6433837601577593,0.9211042021352441
3592,1561.450239618502,2430.041268065087,0.6425612026176831,0.9199265827211693
3593,1559.1747589653314,2429.620748285995,0.6417358594197345,0.9187449752033673
3594,1556.8907550575323,2429.1936312638,0.640908462388629,0.9175604273030618
3595,1554.6823867553246,2428.760265597875,0.6401135627820462,0.9164224045346296
3596,1552.3927355377107,2428.3209998875905,0.6392864599077192,0.9152382777656325
3597,1550.100696414403,2427.8761827323183,0.6384595340730796,0.9140544044565613
3598,1547.808291261756,2427.4261627314295,0.6376335210625336,0.9128718379975542
3599,1545.5175419561222,2426.971288484295,0.6368091576894331,0.911691633251847
3600,1543.230470373856,2426.5119085902866,0.6359871818104597,0.9105148465763633
3601,1540.9490983913101,2426.0483716487756,0.6351683323379328,0.9093425358393378
3602,1538.6754478848388,2425.591293382117,0.6343506641382237,0.9081719162785958
3603,1536.4115407307952,2425.1211548400115,0.6335401172285573,0.9070114919552675
3604,1534.1593988055333,2424.658180886485,0.6327322386715252,0.905854887794922
3605,1531.8389070015403,2424.1828525712394,0.6318990769928005,0.9046620869024294
3606,1529.5288906086548,2423.7051276353163,0.6310705345996181,0.9034758992376672
3607,1527.2313017833562,2423.225354678087,0.6302473267024069,0.9022973487359166
3608,1524.9480926821238,2422.743882298922,0.6294301695790944,0.9011274608607496
3609,1522.6812154614368,2422.261059097194,0.6286197805735103,0.8999672626017436
3610,1520.4326222777747,2421.7772336722733,0.6278168780917391,0.8988177824692596
3611,1518.2042652876166,2421.292754623531,0.6270221815964055,0.8976800504862602
3612,1515.9570281555089,2420.807970550339,0.6262194468117501,0.8965308104383533
3613,1513.7312647446731,2420.3232300520685,0.6254252514496207,0.895393795905698
3614,1511.5288923516516,2419.8388817280907,0.6246403030239007,0.8942700198047706
3615,1509.3518282729865,2419.355274177777,0.6238653100611454,0.8931604965018447
3616,1507.1301199443378,2418.8727560004986,0.6230712699564702,0.8920237042444509
3617,1504.9328876490463,2418.3916757956267,0.6222866637820106,0.8909004181295841
3618,1502.7619876787642,2417.9123821625326,0.6215121766880253,0.8897916190567035
3619,1500.567940710228,2417.4352237005883,0.6207272592037324,0.8886678872532549
3620,1498.4006051685176,2416.960549009164,0.6199524463826225,0.8875586218511912
3621,1496.261793770364,2416.4887066876313,0.6191884073902187,0.8864647808653296
3622,1494.1533192324978,2416.0200453353623,0.6184358122844539,0.8853873235881108
3623,1492.035925779717,2415.5549135517276,0.6176783303120573,0.8843028699990971
3624,1489.9498278354945,2415.0936599360984,0.6169325242131262,0.8832351322440517
3625,1487.8968032566243,2414.6366330878463,0.6161990515955588,0.8821850517912488
3626,1485.8478285309502,2414.1841816063425,0.6154658123649461,0.8811353054682733
3627,1483.8334827953227,2413.7366540909584,0.6147453908364132,0.8801039096850201
3628,1481.8452506385995,2413.2943991410652,0.6140341813108317,0.8790857023208006
3629,1479.8534157073736,2412.857765356034,0.6133197890713673,0.8780629384052457
3630,1477.8981227052445,2412.427101335237,0.6126187696561912,0.8770593197734377
3631,1475.9400112771987,2412.002755678044,0.6119147284565575,0.8760513749858664
3632,1474.0191912668975,2411.5850769838275,0.6112242132093698,0.8750627947088836
3633,1472.1373359513236,2411.1744138519584,0.6105478423684493,0.8740944643555951
3634,1470.296118607459,2410.7711148818084,0.6098862349607762,0.8731472701596737
3635,1468.4561440203533,2410.375528672748,0.6092229723345001,0.8721977062601554
3636,1466.6574871737307,2409.988003824149,0.6085746007226802,0.8712694611704036
3637,1464.901786484637,2409.6088889353828,0.6079417258175297,0.8703634020332921
3638,1463.1906803701168,2409.2385326058206,0.6073249537427649,0.8694803966094587
3639,1461.5258072472154,2408.8772834348333,0.6067248910094817,0.8686213132141359
3640,1459.867737041045,2408.4536201609103,0.6061431803463628,0.8677885036696515
3641,1458.2257085064434,2408.0350943702215,0.605566634770253,0.8669630887528263
3642,1456.6301264805759,2407.6219936572484,0.6050078169737567,0.8661630539175448
3643,1455.0723012526134,2407.2146056164725,0.6044630577837403,0.8653831461701798
3644,1453.5326092924481,2406.8132178423757,0.6039241427282378,0.8646116052128892
3645,1452.0311534543237,2406.4181179294387,0.6033993605000361,0.8638602976021966
3646,1450.5790767171438,2406.0295934721426,0.6028932813847117,0.8631357664147388
3647,1449.13684442621,2405.6479320649682,0.6023894124782819,0.862414399486043
