Pixel,SmoothedIntensityADC,ReferenceIntensityADC,ReferenceCorrectedRatio,ReferenceCorrectedRatioNormalizedMax
21,1337.2740888701883,2295.3742109671243,0.5825952398004621,0.8416311431868002
22,1337.2688189191927,2295.264152045115,0.5826208794868625,0.8416681828965368
23,1337.2664989903765,2295.1260979790954,0.5826549138924726,0.8417173498202334
24,1337.2670680788503,2294.990850138015,0.5826894987395834,0.8417673119250059
25,1337.2704651797235,2294.8584085218736,0.5827246074153499,0.8418180307652958
26,1337.2766292881067,2294.728773130671,0.5827602132968752,0.841869467881024
27,1337.2854993991093,2294.601943964408,0.5827962897515319,0.8419215847980541
28,1337.2970145078418,2294.4779210230827,0.5828328101372864,0.8419743430286616
29,1337.3111136094142,2294.385531731707,0.5828624244331192,0.8420171245551035
30,1337.327735698936,2294.294000866283,0.5828929227003975,0.8420611830880284
31,1337.346819771518,2294.222572855104,0.5829193887266233,0.8420994165482187
32,1337.3683048222697,2294.150757027123,0.5829470015106154,0.8421393066423531
33,1337.3921298463013,2294.0785969572635,0.5829757235084023,0.8421807991335041
34,1337.418233838723,2294.0061362204465,0.5830055171701605,0.8422238397762903
35,1337.4369466529743,2293.933418391593,0.5830321560033452,0.842262322877584
36,1337.4584656921645,2293.8604870456247,0.5830600741611548,0.8423026541221046
37,1337.4827212364198,2293.7873857574637,0.5830892303014173,0.8423447737859531
38,1337.5096435658652,2293.7141581020296,0.5831195830750807,0.8423886221352906
39,1337.5391629606272,2293.640847654245,0.5831510911259523,0.8424341394259636
40,1337.5712097008309,2293.567497989031,0.5831837130904564,0.842481265903152
41,1337.6057140666023,2293.494152681309,0.583217407597406,0.842529941801041
42,1337.642606338067,2293.440073589341,0.5832472458042446,0.8425730467947254
43,1337.681816795351,2293.3847874720495,0.5832784032154718,0.842618057542906
44,1337.72327571858,2293.3283553343244,0.583310834057849,0.8426649079204577
45,1337.7669133878796,2293.270838181056,0.5833444925541156,0.8427135317964449
46,1337.812660083375,2293.212297017136,0.5833793329224322,0.8427638630333176
47,1337.8604460851932,2293.152792847451,0.5834153093758513,0.8428158354861467
48,1337.910201673459,2293.0923866768935,0.583452376121807,0.8428693830018861
49,1337.894593136609,2293.0311395103536,0.5834611532673293,0.8428820626781264
50,1337.952623602451,2292.969112352719,0.5835022444893007,0.8429414240490407
51,1338.0123534902282,2292.906366208882,0.583544262081017,0.8430021236760447
52,1338.0737130800665,2292.842962083731,0.583587160223144,0.8430640953674223
53,1338.1462417937605,2292.778960982157,0.5836350841341196,0.8431333274057653
54,1338.2196115034385,2292.7144239090494,0.5836835139815585,0.8432032903321331
55,1338.2937612042094,2292.649411869299,0.5837324077007653,0.8432739233788514
56,1338.3686298911837,2292.5839858677946,0.583781723217691,0.8433451657647336
57,1338.4441565594714,2292.5182069094267,0.5838314184487308,0.8434169566947887
58,1338.5202802041822,2292.452135999086,0.5838814513005457,0.8434892353599633
59,1338.664203812116,2292.3858341416612,0.583961122021744,0.8436043296065
60,1338.80405752239,2292.319362342043,0.5840390652001235,0.8437169282029897
61,1338.9398413350038,2292.2623907467914,0.5841128165518579,0.8438234711855466
62,1339.0715552499578,2292.233549377807,0.5841776269322247,0.8439170978250935
63,1339.1991992672517,2292.2021327309667,0.5842413197965697,0.8440091100740261
64,1339.3323825285559,2292.168236671099,0.5843080630388892,0.8441055289725955
65,1339.4608466258708,2292.1319570630285,0.5843733570828787,0.844199854324284
66,1339.6518642658705,2292.0933897715854,0.5844665275176119,0.8443344505827817
67,1339.756762174187,2292.062239803264,0.5845202363654763,0.8444120396805623
68,1339.8576773346865,2292.0283446148937,0.5845729091800604,0.8444881320996636
69,1339.954609747369,2291.9918087862857,0.5846245194292105,0.8445626895110958
70,1340.0475594122342,2291.9527368972526,0.5846750405622819,0.8446356735591574
71,1340.1365263292823,2291.9016243859337,0.5847268975553623,0.8447105874228261
72,1340.2215104985135,2291.8584433818105,0.584774995318173,0.8447800706117258
73,1340.3025119199274,2291.8130313417114,0.5848219263921652,0.8448478683738025
74,1340.3795305935241,2291.7654928454467,0.5848676641558619,0.8449139422510282
75,1340.452566519304,2291.715932472829,0.5849121819705272,0.8449782537604421
76,1340.5216196972665,2291.664454803669,0.5849554531804751,0.8450407643945971
77,1340.586690127412,2291.5727278510985,0.5850072632800684,0.8451156105148026
78,1340.6477778097405,2291.481889826925,0.5850571125006794,0.8451876239019085
79,1340.7048827442518,2291.3920104510225,0.5851049827481751,0.8452567784166936
80,1340.7580049309458,2291.303159443265,0.5851508559245908,0.845323047914401
81,1340.8071443698227,2291.2154065235277,0.5851947139288121,0.8453864062457243
82,1340.8523010608828,2291.128821411684,0.5852365386572693,0.8454468272578098
83,1340.8934750041258,2291.072301252618,0.5852689477634587,0.84549364623474
84,1340.930666199551,2291.015140542207,0.5852997836942262,0.8455381925644903
85,1340.9638746471596,2290.9670442869497,0.5853265667837343,0.8455768840619499
86,1340.9931003469512,2290.9178499436707,0.5853518930763596,0.8456134710354759
87,1341.0183432989256,2290.8676620921847,0.5853757357918316,0.8456479147976429
88,1341.0396035030826,2290.816585312302,0.5853980681392097,0.8456801766456119
89,1341.0568809594229,2290.764724183833,0.585418863317455,0.8457102178619551
90,1341.070175667946,2290.7121832865905,0.5854380945160255,0.8457379997155166
91,1341.0794876286518,2290.6206306337062,0.5854655588505892,0.845777675356024
92,1341.0848168415405,2290.531204436986,0.5854907430397482,0.8458140570434532
93,1341.0861633066122,2290.4439744163055,0.5855136289235685,0.8458471185435251
94,1341.0835270238667,2290.359010291538,0.5855341983496121,0.8458768336327895
95,1341.076907993304,2290.2763817825585,0.5855524331738174,0.8459031760998976
96,1341.0663062149245,2290.196158609241,0.5855683152613917,0.8459261197468899
97,1341.0517216887276,2290.1184104914605,0.5855818264877131,0.8459456383905002
98,1341.0331544147139,2290.072034574099,0.5855855772956572,0.8459510568981745
99,1341.0824742537652,2290.0359344947055,0.5856163451643277,0.8459955049037768
100,1341.1324782190832,2289.969146341158,0.5856552610596973,0.8460517237453852
101,1341.1063541821977,2289.890308850341,0.5856640158696124,0.8460643711550683
102,1341.086230411991,2289.8091008838005,0.5856759980097774,0.8460816808439157
103,1341.0720981934783,2289.7255921614083,0.5856911862209482,0.8461036221003101
104,1341.0639488116758,2289.6302432613697,0.5857120173698668,0.846133715280756
105,1340.9899036907161,2289.5045548865487,0.5857118304607024,0.8461334452672664
106,1340.8498931107254,2289.379363265832,0.5856827027557303,0.8460913666817248
107,1340.715656207822,2289.245094117486,0.5856584162407799,0.8460562817961209
108,1340.6543262489301,2289.1120407094477,0.5856656652915211,0.846066753949763
109,1340.5939636532944,2288.990496309653,0.5856703930464637,0.8460735837786482
110,1340.3850977254842,2288.901688005318,0.5856018651869551,0.8459745867790192
111,1340.1762710151029,2288.7860480073755,0.5855402134165685,0.8458855231436764
112,1339.9576739358424,2288.67243860077,0.5854737669472067,0.8457895329704836
113,1339.7631886035974,2288.5916960143895,0.5854094423818855,0.8456966081510761
114,1339.6247406202883,2288.515053828113,0.5853685508336208,0.8456375352336171
115,1339.490846216267,2288.442573046833,0.5853285819765487,0.8455797952581222
116,1339.4382303701598,2288.3743146754364,0.5853230486727143,0.8455718017138679
117,1339.3846776632417,2288.310339718815,0.5853160099900714,0.8455616334630573
118,1339.3301096606551,2288.250709181859,0.5853074159603425,0.8455492183203114
119,1339.2744479275405,2288.195484069458,0.5852972166284054,0.8455344841192545
120,1339.227881152024,2288.144725386501,0.5852898491487724,0.8455238408803772
121,1339.1807304725603,2288.0600575711996,0.5852909000536092,0.845525359042866
122,1339.1329261692754,2287.982575260439,0.5852898272255606,0.8455238092095764
123,1339.0171345306055,2287.950741165852,0.5852473615093189,0.8454624622110685
124,1338.9050946926693,2287.8947203753855,0.5852127210088535,0.845412419708117
125,1338.8788129145687,2287.79401350301,0.5852269937818889,0.8454330385004888
126,1338.861355058054,2287.6966575420915,0.5852442676978559,0.8454579928163661
127,1338.8526601182352,2287.6314712026556,0.5852571434569277,0.8454765934486519
128,1338.8526670902227,2287.53884312071,0.585280845007961,0.8455108332812641
129,1338.8613149691262,2287.4783933752315,0.5853000923840871,0.8455386385053129
130,1338.8785427500559,2287.428947168907,0.5853202760274376,0.8455677962835889
131,1338.8221524442558,2287.421989996955,0.5852974039329044,0.845534754703854
132,1338.768886460321,2287.419804278896,0.5852746767147821,0.8455019224160785
133,1338.7186140734873,2287.422451019623,0.5852520217578309,0.8454691945185346
134,1338.6712045589902,2287.4107729406837,0.5852342834068239,0.8454435692685904
135,1338.626527192066,2287.405347862968,0.5852161395192556,0.8454173581707427
136,1338.6517152396393,2287.406219361397,0.5852269281725426,0.8454329437196438
137,1338.6748291209533,2287.4134310108907,0.5852351879080051,0.8454448759328251
138,1338.78754524167,2287.4270263863714,0.5852809859279569,0.845511036857691
139,1338.8924649374471,2287.4470490627605,0.5853217303919817,0.8455698972937075
140,1338.9895882082853,2287.4927608983194,0.5853524920806533,0.8456143363715344
141,1339.0994405851666,2287.4923530370547,0.5854006195068905,0.8456838624129357
142,1339.212412926421,2287.4733543713187,0.5854548689571448,0.8457622324779751
143,1339.318238109065,2287.4645923261205,0.5855033746105393,0.8458323049154557
144,1339.436783682768,2287.455808493463,0.5855574471468946,0.8459104194064072
145,1339.5584405058598,2287.4470115883278,0.5856128835857556,0.8459905042238333
146,1339.683208578341,2287.438210325701,0.5856696817124462,0.8460725561683597
147,1339.8110879002109,2287.4294134205666,0.5857278393114171,0.8461565720393506
148,1339.9420784714694,2287.4110204462386,0.5857898149892045,0.8462461035991412
149,1340.0761802921165,2287.3932985256993,0.5858529799645037,0.8463373532468188
150,1340.2133933621528,2287.3762476589504,0.5859173342093651,0.8464303209420065
151,1340.4305908149372,2287.359867845991,0.5860164854939166,0.8465735572804877
152,1340.645705386478,2287.344159086822,0.5861145556345596,0.8467152317723873
153,1340.8485396736664,2287.3291213814423,0.5862070863085306,0.8468489038170485
154,1340.9768939621797,2287.314754729853,0.5862668839910308,0.8469352889922858
155,1341.0980322437067,2287.301059132053,0.586323355593865,0.8470168692325692
156,1341.211954518248,2287.2880345880426,0.586376501007583,0.8470936443797846
157,1341.3186607858029,2287.265413974839,0.5864289524908447,0.8471694170583162
158,1341.3508870546827,2287.2427977191273,0.5864488406706528,0.8471981480028284
159,1341.38044218088,2287.2201771059235,0.5864675625055747,0.8472251940173706
160,1341.407265159505,2287.197543420243,0.5864850935234843,0.8472505197489189
161,1341.4312949856671,2287.174887947103,0.5865014092515217,0.8472740898433891
162,1341.4524706544769,2287.1522019715167,0.5865164852160473,0.8472958689455711
163,1341.470731161044,2287.1294767785016,0.5865302969425895,0.8473158216990524
164,1341.4860155004785,2287.106703653073,0.586542819955796,0.8473339127461484
165,1341.488653526221,2287.064655596907,0.5865547570958821,0.8473511574267958
166,1341.4888426413797,2287.0238407110164,0.5865653076114511,0.8473663989562022
167,1341.486513126081,2286.895118650167,0.5865973048724199,0.8474126229715877
168,1341.4815952604504,2286.7681570161426,0.5866277222483559,0.8474565646469274
169,1341.4740193246137,2286.6839197210643,0.5866460194849537,0.8474829972764837
170,1341.4637155986966,2286.6039004783793,0.5866620429179052,0.8475061451144191
171,1341.4506143628248,2286.5280295682123,0.5866757796168999,0.8475259894812945
172,1341.4346458971238,2286.466504393673,0.5866845822230169,0.8475387059385244
173,1341.4876103426025,2286.4507233001336,0.5867117960042345,0.8475780196236216
174,1341.5422349925868,2286.4730249449126,0.5867299637287032,0.8476042651568308
175,1341.6081202737626,2286.5045819029997,0.5867506808830342,0.8476341936579443
176,1341.674999063147,2286.545394174395,0.586769456876489,0.8476613179112102
177,1341.7428713607392,2286.5954617590983,0.5867862915850119,0.8476856377374146
178,1341.8021280248697,2286.654784657109,0.5867969826613234,0.8477010823242619
179,1341.8726366052074,2286.7137537267586,0.5868126845427409,0.8477237656410911
180,1341.9441299787693,2286.722998582086,0.5868415767064311,0.8477655039580125
181,1342.0166081455548,2286.7420870121596,0.5868683730306569,0.8478042145746648
182,1342.0900711055644,2286.7504237661246,0.5868983589801777,0.8478475330009935
183,1342.1645188587977,2286.7671486924614,0.5869266224268732,0.8478883630581716
184,1342.2399514052554,2286.7921833563114,0.5869531832294694,0.8479267334345939
185,1342.3163687449364,2286.825449322816,0.5869780612868502,0.8479626728766683
186,1342.404038000825,2286.895695582127,0.5869983666479015,0.8479920064912724
187,1342.4933587462351,2286.9720684753884,0.5870178203099827,0.8480201097209902
188,1342.584339696151,2287.064124854364,0.5870339729899984,0.8480434442723533
189,1342.6769895655568,2287.16155402115,0.5870494750162895,0.8480658388736438
190,1342.7713170694374,2287.2643124008255,0.5870643413572078,0.8480873151485039
191,1342.867330922776,2287.372356418469,0.5870785869885288,0.8481078947313
192,1342.9650398405581,2287.485642499157,0.5870922268929839,0.8481275992664478
193,1343.0644525377672,2287.5835928220035,0.5871105461466172,0.8481540637023449
194,1343.1655777293881,2287.6757555237887,0.5871310977904977,0.8481837531030675
195,1343.2588149887347,2287.74350058261,0.5871544666815369,0.8482175123670243
196,1343.3544314387902,2287.8175335025917,0.587177260322045,0.8482504406101811
197,1343.4524270795553,2287.8881492772366,0.5872019694249316,0.8482861359765159
198,1343.5528019110293,2287.9655104497156,0.5872259856080368,0.8483208303342124
199,1343.6555559332123,2288.020685015208,0.5872567344924512,0.8483652509147
200,1343.765295015298,2288.0843436179,0.5872883570762727,0.8484109336624365
201,1343.8147551655968,2288.156355533026,0.5872914899001975,0.8484154594154827
202,1343.8711393709077,2288.2365900358236,0.5872955380675338,0.8484213074957111
203,1343.9343866263416,2288.324916401527,0.5873005083297903,0.8484284876565142
204,1343.9941688040242,2288.4212039053723,0.5873019208659628,0.8484305282403577
205,1344.0600253257521,2288.5157126809254,0.5873064440318949,0.8484370625150208
206,1344.1318864716504,2288.6185704114223,0.5873114479841075,0.8484442913451475
207,1344.2769465135348,2288.729637657112,0.5873463271483745,0.8484946786275865
208,1344.4233268755377,2288.8583841199174,0.5873772428225078,0.8485393401565274
209,1344.5710188426754,2288.9944119520915,0.5874068594584306,0.8485821250635198
210,1344.6577529807503,2289.137590428869,0.5874080084145703,0.848583784873287
211,1344.7404651535787,2289.2877888254866,0.5874055991201939,0.8485803043484872
212,1344.8094852146012,2289.4250001525256,0.5874005416753147,0.8485729982415635
213,1344.8750105669262,2289.538151150958,0.5874001312844921,0.8485724053810771
214,1344.9369714906795,2289.6558949461073,0.5873969859223479,0.8485678615150166
215,1344.9850311430039,2289.7780572382876,0.5873866363996854,0.8485529103448133
216,1345.0287202307104,2289.9044637278134,0.5873732906922642,0.8485336308138007
217,1344.9960904580585,2289.9676761233095,0.5873428277970302,0.8484896233801846
218,1345.0364033608541,2290.0290618581002,0.587344687350609,0.8484923097361612
219,1345.0727160858642,2290.0979860542952,0.5873428666706728,0.8484896795379869
220,1345.1049589132142,2290.1742046923355,0.5873373982456138,0.8484817797191772
221,1345.1330621230302,2290.2574737526597,0.5873283146278688,0.8484686573057678
222,1345.1569559954376,2290.3578163386915,0.5873130156342871,0.848446556010429
223,1345.1765708105622,2290.455120881203,0.5872966287560503,0.8484228831306636
224,1345.19183684853,2290.5587525023034,0.5872767224935774,0.8483941260634975
225,1345.2026843894666,2290.668467182433,0.5872533296117235,0.8483603321418308
226,1345.2090437134973,2290.784020902032,0.5872264829155741,0.8483215487566822
227,1345.2108451007484,2290.90516964154,0.5871962152458867,0.8482778233506021
228,1345.1407548396567,2291.072737873331,0.5871226751570848,0.8481715855635759
229,1345.0705120663392,2291.2480798711013,0.5870470875166032,0.8480623898339795
230,1344.9999860560329,2291.4309864752295,0.586969450092392,0.8479502329373401
231,1344.9290460839732,2291.6212485260917,0.5868897606657273,0.8478351116684353
232,1344.924825417085,2291.818656864066,0.5868373666428601,0.8477594219985765
233,1344.9153844746118,2292.023002329529,0.5867809280743206,0.8476778894804322
234,1344.900653536679,2292.203274393908,0.5867283537025269,0.8476019392741617
235,1344.8805628834125,2292.3880651776376,0.5866722931046133,0.8475209527815054
236,1344.855042794938,2292.557263111489,0.5866178631323185,0.8474423219299697
237,1344.8240235513813,2292.7304917255715,0.5865600114818685,0.8473587480395958
238,1344.787435432868,2292.90749828534,0.5864987734736417,0.8472702821350544
239,1344.7548178611935,2293.088030056251,0.5864383749053916,0.8471830289057618
240,1344.783106700175,2293.2718343037595,0.5864037078310226,0.8471329480135077
241,1344.8004320889288,2293.4586582933225,0.5863634939422288,0.8470748540592744
242,1344.816403169125,2293.6893177823285,0.5863114907250696,0.8469997289567726
243,1344.8111523910948,2293.9251583294895,0.5862489225108066,0.8469093414044896
244,1344.7949468778213,2294.1659620602004,0.5861803239684422,0.8468102422947014
245,1344.7773957709746,2294.392292816513,0.5861148505342016,0.846715657791527
246,1344.7482406625556,2294.624449539818,0.5860428450207797,0.8466116368891287
247,1344.7074902675492,2294.862196925541,0.5859643738386875,0.8464982755257331
248,1344.655153300939,2295.105299669105,0.5858795034348984,0.8463756696922419
249,1344.591238477709,2295.3227210969853,0.58579616108845,0.8462552713272617
250,1344.5157545128443,2295.5327600616797,0.5857096783392095,0.8461303362606206
251,1344.428710121329,2295.744755540347,0.5856176767372784,0.8459974285261963
252,1344.412251002013,2295.958437368472,0.5855560053355844,0.8459083365309932
253,1344.3895824563956,2296.173535381542,0.5854912800538858,0.8458148328270362
254,1344.3607829193356,2296.389779415046,0.585423604899418,0.8457170676656875
255,1344.3259308256916,2296.6171664274534,0.5853504669726401,0.8456114108516266
256,1344.2851046103215,2296.876627196516,0.5852665696943014,0.8454902108186453
257,1344.3102525689671,2297.139098992648,0.5852106444744597,0.8454094198964187
258,1344.3342501496875,2297.414613634258,0.5851509092749689,0.8453231249856448
259,1344.2853669313486,2297.693335390083,0.5850586526174204,0.8451898487917202
260,1344.2309453404978,2297.975037670533,0.584963249515169,0.8450520271678448
261,1344.310197664566,2298.259493886016,0.5849253320788145,0.8449972507242255
262,1344.38419049562,2298.546477446941,0.5848844927377168,0.8449382532265
263,1344.3961274095916,2298.7781069136972,0.584830751331,0.8448606170934155
264,1344.4597528953434,2299.015706144687,0.5847979851994672,0.8448132823490583
265,1344.475877359263,2299.2589962604134,0.5847431192162172,0.8447340216255745
266,1344.492694664433,2299.5076983813797,0.5846871900497743,0.8446532250019925
267,1344.4954799734094,2299.742315344748,0.5846287521008021,0.8445688041306242
268,1344.489375998418,2299.98308508702,0.5845648973316467,0.8444765579900951
269,1344.4072581875173,2300.229711298729,0.5844665215755577,0.8443344419987467
270,1344.3210748364493,2300.481897670411,0.5843649872653984,0.8441877630839631
271,1344.2309043800717,2300.7393478925997,0.5842604055132722,0.8440366817609701
272,1344.204089244933,2301.062052431102,0.5841668145475537,0.8439014779932624
273,1344.168899009898,2301.390796453712,0.5840680779123527,0.8437588406672398
274,1344.1973429755994,2301.684267448937,0.5840059655381993,0.8436691116325798
275,1344.2319667366555,2302.0114244729098,0.5839380084937865,0.8435709392462138
276,1344.262712329706,2302.343187366075,0.5838672182784219,0.8434686739927179
277,1344.2897889143733,2302.736958243909,0.5837791346952378,0.8433414263227289
278,1344.3134056502804,2303.1001325549246,0.5836973332805021,0.8432232540248882
279,1344.3337716970502,2303.4921125034884,0.5836068482283611,0.8430925371348894
280,1344.3510962143055,2303.8530688510036,0.5835229313841491,0.8429713088365757
281,1344.3655883616689,2304.1436804598857,0.5834556237800873,0.8428740746474136
282,1344.3774572987631,2304.4451387382055,0.5833844489068091,0.8427712537078126
283,1344.3869121852113,2304.747555664797,0.5833120026012685,0.842666596026482
284,1344.384553038966,2305.050652360162,0.5832342780244064,0.8425543132270198
285,1344.380847427649,2305.374684190771,0.5831506941786131,0.8424335659862577
286,1344.3856049375688,2305.680953140415,0.583075296305185,0.8423246443987266
287,1344.3072886028124,2305.989714575563,0.5829632630647893,0.8421627984759528
288,1344.2235689778008,2306.28147133338,0.5828532144433507,0.8420038195816192
289,1344.1243183792992,2306.576461350365,0.5827356434533253,0.8418339736920878
290,1344.0192766737418,2306.874388317054,0.5826148504142227,0.8416594731527016
291,1343.9188417088762,2307.154421678014,0.5825006029424906,0.8414944284979032
292,1343.8135437827812,2307.406638552141,0.5823912965016005,0.841336521775501
293,1343.703522335205,2307.6615004239975,0.5822792996669226,0.8411747284453057
294,1343.5216528142064,2307.908400286214,0.5821382047257986,0.8409708992883137
295,1343.3398835155278,2308.1565986810874,0.5819968559685815,0.8407667034624684
296,1343.1582928740265,2308.405747009249,0.5818553755613419,0.8405623174518233
297,1342.9673501828916,2308.6554966713256,0.5817097233083125,0.8403519046920712
298,1342.7773922849806,2308.905499067946,0.581564465426164,0.840142061650011
299,1342.5116157668083,2309.1656727227237,0.5813838442279721,0.8398811319081715
300,1342.2521576122413,2309.426068609599,0.5812059437002677,0.8396241325125763
301,1341.9990178212788,2309.715174269197,0.5810235966631221,0.8393607095821346
302,1341.7469325434147,2310.001874593133,0.5808423565802259,0.8390988857845157
303,1341.4906379281422,2310.257028416963,0.5806672683720218,0.8388459491335404
304,1341.1532608421016,2310.5110972252505,0.5804573985611778,0.838542766140007
305,1340.8168685492853,2310.763741133607,0.5802483588787454,0.8382407823700104
306,1340.5582644631777,2311.014620257646,0.5800734676069353,0.8379881302181026
307,1340.2953115999135,2311.263394712981,0.5798972608080244,0.837733577623997
308,1340.0280099594918,2311.5097246152254,0.5797198236674316,0.8374772476486061
309,1339.7513562694367,2311.753270079991,0.579539076946165,0.8372161365731038
310,1339.4898239486101,2311.993691222892,0.5793656916252693,0.8369656599542299
311,1339.2235367323594,2312.23064815954,0.5791911537018755,0.8367135182579714
312,1338.9627530286825,2312.4638010055487,0.5790199839869709,0.8364662423569814
313,1338.7170732642658,2312.721637301541,0.5788492015953406,0.8362195259925408
314,1338.5434943078155,2312.9730419391326,0.5787112387551295,0.8360202215441147
315,1338.370207303339,2313.2712259978575,0.5785617320882971,0.8358042406051641
316,1338.2075403787087,2313.560444080753,0.5784190959015202,0.835598184927507
317,1338.0459541121295,2313.8401889757333,0.5782793299585836,0.8353962756733693
318,1337.8951273651455,2314.1101818033007,0.5781466837169236,0.8352046517115155
319,1337.8121354413213,2314.387972798804,0.5780414308943614,0.8350526009439758
320,1337.725247919523,2314.7115645227072,0.5779230848554393,0.834881635400104
321,1337.6346042394987,2315.028824810528,0.5778047296447708,0.8347106566065059
322,1337.5403438409971,2315.339535787661,0.5776864788800732,0.834539828698078
323,1337.442606163767,2315.643479579498,0.5775684460747108,0.8343693156589658
324,1337.2742666558677,2315.9212200280936,0.5774264923569575,0.8341642458925302
325,1337.1072736130398,2316.1450103664874,0.5772986007475702,0.8339794905872011
326,1336.9314383471587,2316.3659073300996,0.5771676375120453,0.833790297936626
327,1336.746830578099,2316.5836320394333,0.5770337025999261,0.8335968123303275
328,1336.4965144420437,2316.8156214350406,0.576867879375837,0.8333572600989962
329,1336.2626269228597,2317.065754556425,0.5767046637736318,0.8331214749011686
330,1336.0253004708782,2317.3078829647466,0.5765419909423418,0.8328864738033036
331,1335.7941442277686,2317.541788785398,0.5763840594770229,0.8326583221971438
332,1335.569158193531,2317.767254143771,0.5762309204281673,0.8324370938314622
333,1335.4176063598547,2317.9840611652594,0.5761116431872855,0.8322647830507667
334,1335.267679870747,2318.1919919752563,0.5759952948215513,0.832096703393792
335,1335.119439731098,2318.4238096856734,0.5758737613689839,0.8319211332352464
336,1334.972946945798,2318.6558958176056,0.5757529391721401,0.8317465905738837
337,1334.8282625197362,2318.8540693311998,0.5756413394762376,0.8315853709599474
338,1334.6854474578033,2319.0468874869525,0.5755318940119155,0.8314272634009403
339,1334.5445627648887,2319.2238129973675,0.5754272422031239,0.8312760808723978
340,1334.4056694458827,2319.394176124618,0.575325092725501,0.8311285132718504
341,1334.2784376473455,2319.5576979892057,0.5752296822812444,0.8309906810415371
342,1334.1430608244975,2319.714099711635,0.575132539389378,0.8308503460755975
343,1334.0098671052124,2319.863102412409,0.5750381846747703,0.8307140389778128
344,1333.8789174943802,2320.0044272120294,0.5749467121049052,0.8305818954958781
345,1333.75027299689,2320.1480623539837,0.5748556717728132,0.8304503764350616
346,1333.6342617406167,2320.314929901038,0.5747643324423622,0.8303184254340001
347,1333.5213443037633,2320.4426044207767,0.5746840459502052,0.8302024416298761
348,1333.3443264145149,2320.597374698149,0.5745694367115058,0.8300368743577863
349,1333.1750866487387,2320.7499923744026,0.5744587271482623,0.8298769406509707
350,1333.0040245797493,2320.890639148246,0.5743502093958871,0.8297201732870305
351,1332.9132771914121,2320.998947229913,0.5742843092549567,0.8296249723530743
352,1332.835641496928,2321.1491342970503,0.5742137038086402,0.8295229740214044
353,1332.7039145094977,2321.297194908023,0.5741203312668904,0.8293880857942331
354,1332.5899660900038,2321.442885043271,0.5740352151998626,0.8292651250696985
355,1332.4937962384458,2321.5859606832337,0.5739584141206204,0.8291541763771849
356,1332.415404954825,2321.7364449313354,0.5738874487083441,0.8290516580300021
357,1332.35479223914,2321.88449334133,0.5738247514293021,0.8289610840276247
358,1332.2400882305087,2322.0298706086423,0.5737394273404874,0.8288378227897967
359,1332.1384959157303,2322.152465164043,0.5736653884272945,0.8287308643890171
360,1332.1172182816044,2322.281509679311,0.5736243486111895,0.8286715772802579
361,1332.0268543525758,2322.406493011904,0.5735545686599784,0.8285707714787388
362,1331.9488134113228,2322.5271711422606,0.5734911651243445,0.8284791772010446
363,1331.8932928609538,2322.6535671738056,0.573436052489565,0.8283995601588088
364,1331.9178865465994,2322.7758366602925,0.5734164552278289,0.8283712494815642
365,1331.9507246073758,2322.893744297146,0.5734014859170381,0.8283496244539413
366,1331.9918070432836,2323.0070547797905,0.573391201848739,0.8283347678406912
367,1332.0507429959926,2323.1155328036502,0.5733897966703395,0.828332737886064
368,1332.1076649158342,2323.2908129250327,0.5733710379712238,0.8283056386166178
369,1332.1728399257909,2323.465456852562,0.5733559911540037,0.8282839016213368
370,1332.255877167533,2323.6392902865537,0.573348833761215,0.8282735618789849
371,1332.346518233062,2323.8121389273215,0.5733451925455889,0.828268301691018
372,1332.4447718373617,2323.9838284751795,0.5733451134690598,0.8282681874551556
373,1332.5506466954162,2324.1541846304417,0.5733486424900428,0.8282732855640336
374,1332.6641515222104,2324.323033093424,0.5733558255663705,0.8282836624094457
375,1332.785295032728,2324.490199564439,0.573366708658296,0.8282993843866829
376,1332.9813499336428,2324.6459006021323,0.5734126430130165,0.828365742264046
377,1333.180516083947,2324.800220314816,0.573460250233206,0.8284345168032368
378,1333.3828632035138,2324.962584829492,0.5735072348707502,0.8285023919445134
379,1333.660330873101,2325.1225527234906,0.5735871123485262,0.8286177848765918
380,1333.9457858257829,2325.279949697125,0.5736710480815582,0.8287390404621509
381,1334.1720947946346,2325.42499230904,0.5737325861755116,0.8288279398777748
382,1334.411197360413,2325.56776466755,0.5738001780185378,0.8289255846854043
383,1334.59129338211,2325.7080837579847,0.5738429954741426,0.8289874398150848
384,1334.7796555663986,2325.845766565674,0.5738900122931728,0.8290553614465127
385,1334.9762926282638,2325.980630075948,0.5739412767958751,0.8291294193842828
386,1335.1812132826894,2326.1124912741357,0.5739968373375355,0.8292096834836078
387,1335.3944262446596,2326.2226068435425,0.5740613225561675,0.8293028403866655
388,1335.6159402291592,2326.3319685668084,0.5741295560031343,0.8294014120708315
389,1335.845763951172,2326.4403759992956,0.5742015904350761,0.8295054747496217
390,1336.0736390026996,2326.5476286963653,0.5742730656029346,0.8296087295020201
391,1336.304568656218,2326.691962780059,0.5743366934828485,0.8297006478728756
392,1336.533947042534,2326.8321441737417,0.5744006719131591,0.8297930726572936
393,1336.7515070386646,2326.9680072927126,0.5744606298192705,0.8298796892954263
394,1336.9771161942786,2327.09938655227,0.5745251465925081,0.8299728917830287
395,1337.2107745093758,2327.2261163677126,0.574594262716709,0.8300727386040287
396,1337.4992204446635,2327.368565400306,0.5746830305816278,0.8302009748039254
397,1337.7898634274889,2327.507367211977,0.5747736322012037,0.8303318600900536
398,1338.091724338083,2327.642373647993,0.5748699798074913,0.8304710461672535
399,1338.3843560803216,2327.8022639786304,0.5749562051687257,0.8305956094049693
400,1338.7255006540674,2327.9561148251605,0.5750647497728331,0.8307524155595698
401,1339.0536947611693,2328.103804177803,0.5751692396010116,0.8309033640870096
402,1339.3690778413759,2328.216382601768,0.5752768891457756,0.8310588772172821
403,1339.6717893344357,2328.3245033112726,0.5753801875250615,0.8312081045488983
404,1339.9619686800975,2328.4280181515837,0.5754792324410452,0.8313511872247793
405,1340.1821004680896,2328.5267789679683,0.5755493613271112,0.8314524971060108
406,1340.393874586155,2328.611028464024,0.5756194822586118,0.8315537954958849
407,1340.5685507591263,2328.6908768930175,0.5756747553147705,0.8316336442867165
408,1340.7369913608438,2328.737339960221,0.5757356007284814,0.8317215430397457
409,1340.8223842628374,2328.781036019916,0.5757614664169614,0.8317589092375405
410,1340.90685773399,2328.8217820574296,0.5757876657050791,0.8317967573614228
411,1340.9904030593161,2328.8497859164245,0.5758166160689594,0.8318385797557434
412,1341.0011416629486,2328.8847321318995,0.5758125866690594,0.8318327587874064
413,1341.0062678167035,2328.9161705662,0.575807014767166,0.8318247094834644
414,1341.087190803259,2329.0055209425564,0.57581967013136,0.831842991727991
415,1341.1567703662724,2329.0949976861853,0.5758274229684193,0.831854191663506
416,1341.2348740554123,2329.184470072322,0.57583883599128,0.8318706791917612
417,1341.3112347476958,2329.273807376202,0.5758495332322517,0.8318861326842254
418,1341.381246573929,2329.4122405440376,0.5758453670101122,0.8318801140591793
419,1341.4403036649198,2329.520835348687,0.5758438745469003,0.8318779580108057
420,1341.5602758815496,2329.6302798643037,0.575868320169539,0.8319132727472158
421,1341.6835693786898,2329.8173339294517,0.5758750052373491,0.831922930157505
422,1341.7999867532315,2329.9998169853434,0.575879867874544,0.8319299548405468
423,1341.8377278641656,2330.1571512110913,0.5758571807771634,0.831897180512163
424,1341.8640654181654,2330.308493885145,0.5758310837124309,0.8318594800626499
425,1341.8790081302163,2330.376910869255,0.5758205901678288,0.831844320834877
426,1341.8722975923188,2330.4444084225233,0.5758010329457425,0.8318160679998767
427,1341.8535429461426,2330.5108558201855,0.5757765682983266,0.8317807257798143
428,1341.8227441916883,2330.514519599578,0.5757624476942699,0.8317603268144215
429,1341.7799013289555,2330.5128715960495,0.5757444713918438,0.8317343578141146
430,1341.725014357944,2330.5057287949317,0.5757226844714641,0.8317028839031504
431,1341.6484741369843,2330.4929081815535,0.5756930087308659,0.8316600136121176
432,1341.560539074075,2330.5262203374755,0.5756470480215443,0.8315936176622618
433,1341.461200454232,2330.558138095912,0.5755965399559689,0.8315206524918205
434,1341.3504495624716,2330.5981311587843,0.5755391423469244,0.8314377345206182
435,1341.2385448067917,2330.6261925366757,0.5754841978099349,0.8313583603165067
436,1341.0486130538338,2330.6524499128204,0.5753962213902792,0.8312312674575372
437,1340.832586894937,2330.6972980934374,0.5752924620420542,0.8310813741990669
438,1340.6205312828795,2330.741396785405,0.5751905952036911,0.830934214906015
439,1340.4027673561166,2330.8051582249113,0.5750814316787153,0.8307765146433916
440,1340.1792253947747,2330.8692595488046,0.5749697113660499,0.8306151207835689
441,1339.959444820649,2330.9335961772736,0.5748595528496306,0.8304559831322942
442,1339.8003614975557,2330.9980635305064,0.5747754073498917,0.830334424512688
443,1339.6301055646122,2331.0933583976425,0.574678873644706,0.8301949695925288
444,1339.4486770218182,2331.190574918812,0.5745770815277369,0.830047918243806
445,1339.3279457300569,2331.2896346591583,0.5745008796068665,0.8299378351099356
446,1339.2103178441992,2331.390459183821,0.5744255804808575,0.8298290561753091
447,1339.085595961135,2331.492970057943,0.5743468297602697,0.829715290983857
448,1338.9641169237225,2331.6066979883344,0.5742667140555716,0.8295995539034178
449,1338.9132231585095,2331.7213061321386,0.5742166611581467,0.8295272462798712
450,1338.9330628202288,2331.8367247694805,0.5741967473955932,0.8294984783779076
451,1338.9469806501281,2331.9528841804868,0.5741741137796064,0.8294657813100359
452,1338.9551945228143,2332.038913276333,0.574156454637237,0.8294402704868009
453,1338.875785329029,2332.1235436172024,0.574101568929915,0.8293609812694469
454,1338.7857743568638,2332.237480707217,0.5740349280172345,0.8292647101987435
455,1338.7674467449176,2332.3806548265025,0.5739918327544625,0.8292024537421251
456,1338.7441472344383,2332.531830172857,0.5739446424339804,0.8291342814663125
457,1338.633956716167,2332.6807047633624,0.5738607748512945,0.8290131243323882
458,1338.5138964781956,2332.8272437380797,0.5737732616382624,0.8288867006328855
459,1338.384114675257,2332.9714122370724,0.5736821752958766,0.8287551151044883
460,1338.32689644595,2333.113175400402,0.5736227931661612,0.8286693302468324
461,1338.2553194085394,2333.252498368133,0.573557864116511,0.8285755321747751
462,1338.1894689873004,2333.4282900590924,0.5734864339685415,0.8284723424591945
463,1338.119953915171,2333.6760561907467,0.5733957591780672,0.8283413514686205
464,1338.0367249437743,2333.889408592466,0.5733076811684595,0.8282141118503548
465,1337.8777305135209,2334.0080256290403,0.5732104242242048,0.8280736121215825
466,1337.7103827708324,2334.10234790393,0.5731155636650307,0.8279365742685297
467,1337.5348298704423,2334.1927789383376,0.5730181508310527,0.8277958493377011
468,1337.3512199670827,2334.2791880074983,0.5729182810855729,0.8276515750932244
469,1337.1494340925035,2334.3614443866486,0.572811651472353,0.8274975353806745
470,1336.8673509672406,2334.4394173510245,0.5726716834160699,0.8272953341487188
471,1336.495439884482,2334.5129761758612,0.5724943290200853,0.8270391237081858
472,1336.1158465430783,2334.5819901363943,0.5723148093269655,0.8267797852271561
473,1335.728579658014,2334.6463285078603,0.5721331592488857,0.8265173691406007
474,1335.3336479442735,2334.7250788488336,0.5719447056279008,0.8262451244917746
475,1335.0029299777232,2334.797593618553,0.5717852946339077,0.8260148355227867
476,1334.6692314865484,2334.863759522223,0.571626171352995,0.8257849621910579
477,1334.3326221906232,2334.904244981708,0.5714720957223137,0.8255623808166686
478,1334.0034389328052,2334.939453518209,0.5713224970021271,0.8253462668952211
479,1333.7440208671658,2334.9692544069635,0.5712041040154555,0.8251752335294973
480,1333.487243441764,2334.993516923206,0.5710881995076735,0.8250077950804319
481,1333.233246096348,2335.0121103421725,0.5709748742592072,0.8248440826916192
482,1332.982168270667,2335.024903939099,0.570864219059067,0.8246842275190547
483,1332.734149404469,2335.0317669892215,0.5707563247085455,0.824528360736477
484,1332.4174590766197,2335.032568767776,0.5706205030706497,0.8243321495205891
485,1332.0994397136678,2335.027178549997,0.5704856251569944,0.8241373016315139
486,1331.7801697504713,2335.0154656111213,0.5703517554227064,0.8239439101826831
487,1331.4597276218888,2334.9972992263843,0.5702189583101527,0.8237520682690952
488,1331.1381917627787,2334.9725486710217,0.5700872982512845,0.8235618689707019
489,1330.8156406079995,2334.94108322027,0.5699568396700548,0.8233734053559006
490,1330.49215259241,2334.9027721493635,0.5698276469849078,0.8231867704851302
491,1330.167806150869,2334.898553225473,0.5696897641712743,0.8229875816450292
492,1329.8324125952513,2334.9206953860394,0.569540719401344,0.8227722679734905
493,1329.5059179100845,2334.9403014861796,0.5693961070712855,0.8225633575115586
494,1329.178791388557,2334.9573018060196,0.5692518618479563,0.8223549773808672
495,1328.851111465528,2334.9716266256846,0.5691080338247527,0.8221471999475456
496,1328.522956575855,2334.9832062253013,0.5689646730793946,0.8219400975550764
497,1328.1944051543976,2334.991970884994,0.5688218296746407,0.8217337425253289
498,1327.8655356360136,2334.9978508848894,0.5686795536590302,0.8215282071596309
499,1327.608296316445,2335.0007765051128,0.5685686744410974,0.821368028365557
500,1327.35556264375,2335.0006780257904,0.5684604613331462,0.8212117010983038
501,1327.1177411806611,2335.007752850031,0.5683568885631435,0.8210620773752362
502,1326.8853709402408,2335.0636664461913,0.5682437656869846,0.8208986573383427
503,1326.6586000772222,2335.120355675952,0.5681328574146199,0.8207384365715352
504,1326.5094466072205,2335.1970213926857,0.5680503334215907,0.8206192204196537
505,1326.29398256481,2335.273129350425,0.567939555290361,0.8204591876578706
506,1326.0944843736052,2335.32946126583,0.5678404295275818,0.8203159881887577
507,1325.9014823316843,2335.3865339548993,0.5677439100782663,0.8201765538629726
508,1325.7253742867952,2335.4443299876643,0.5676544532721949,0.8200473224020608
509,1325.5759001053716,2335.5028319341563,0.5675762332549135,0.8199343238774123
510,1325.4429321041794,2335.562022364406,0.5675049171943494,0.8198312989752509
511,1325.2547398620843,2335.621883848446,0.5674097973762938,0.8196938865905613
512,1325.2177996582059,2335.672789814637,0.5673816150263828,0.8196531736877553
513,1325.1931780846105,2335.72498124101,0.5673583956705867,0.8196196304460194
514,1325.1810755859374,2335.778431982612,0.5673402311798563,0.8195933895843467
515,1325.109822745942,2335.7817802795735,0.5673089129872986,0.8195481465675758
516,1325.0468229960622,2335.78300212037,0.5672816446532984,0.8195087540742124
517,1324.9922157760464,2335.7820277851274,0.567258502726152,0.8194753226877726
518,1324.8686094109703,2335.7685204309873,0.5672088641585556,0.8194036136150953
519,1324.7678197462446,2335.752010764763,0.5671697224880026,0.8193470686132084
520,1324.6803160750576,2335.732420351594,0.56713701643772,0.819299820663675
521,1324.5959097092846,2335.7199378796063,0.567103910116796,0.8192519944735134
522,1324.5242795104693,2335.704884487255,0.5670768975598709,0.8192129714818854
523,1324.5423683318463,2335.6871904546665,0.5670889379985896,0.8192303653902303
524,1324.568178629297,2335.666786061966,0.567104942594391,0.819253486015564
525,1324.601849842571,2335.6436015892787,0.5671249881365682,0.8192824442895522
526,1324.6435214114165,2335.6175673167313,0.5671491514482956,0.8193173511928068
527,1324.6214629146991,2335.6399491393663,0.5671342723020275,0.8192958564190295
528,1324.6030167789665,2335.662675203879,0.5671208564667166,0.8192764755795751
529,1324.588261439078,2335.706253611286,0.5671039581244874,0.819252063826583
530,1324.5772753298916,2335.7405322589643,0.5670909319918567,0.819233245961025
531,1324.5701368862656,2335.774444877303,0.5670796423820985,0.8192169367183162
532,1324.6387944039418,2335.8079740363323,0.5671008957619638,0.8192476398637774
533,1324.716123330979,2335.7897666911695,0.5671384223964402,0.8193018517455722
534,1324.8022631071258,2335.7678075452723,0.567180632778478,0.8193628298821272
535,1324.916571455471,2335.7420355937525,0.5672358296701516,0.8194425686439055
536,1325.0386709997645,2335.712389831718,0.5672953043226482,0.819528487162204
537,1325.2167643180733,2335.6788092542806,0.5673797095163009,0.8196504209419052
538,1325.35167053177,2335.6604511398896,0.5674419284211234,0.8197403038733406
539,1325.494882125488,2335.636737667657,0.5675090054667977,0.8198372049922921
540,1325.627337685604,2335.6538730697544,0.5675615522360467,0.8199131153232603
541,1325.7697108978339,2335.7045202009117,0.567610200447698,0.8199833937038392
542,1325.850271341043,2335.715379942826,0.567642052078065,0.8200294073377427
543,1325.9555797251198,2335.724854002239,0.567684835588879,0.8200912134299592
544,1326.0459793855837,2335.732907519215,0.5677215811434445,0.8201442969448649
545,1326.142083003261,2335.739505633815,0.567761122250405,0.8202014189822255
546,1326.233701890026,2335.7446134861034,0.5677991053613604,0.820256290300958
547,1326.258645046541,2335.7481962161414,0.5678089133045461,0.8202704590923793
548,1326.2739180564963,2335.7502189639936,0.5678149603876549,0.8202791948545726
549,1326.2685958155948,2335.750646869722,0.5678125777650992,0.8202757528605288
550,1326.2618791772081,2335.7186437044397,0.5678174821063904,0.8202828377903144
551,1326.1921479734685,2335.6829758882664,0.5677962984120798,0.8202522353142873
552,1326.1169873345207,2335.6435824163127,0.5677736951468434,0.8202195820918422
553,1326.0555458238305,2335.631203652638,0.5677503981579128,0.8201859266994068
554,1325.9872369055258,2335.6169773122947,0.5677246097223536,0.8201486721030457
555,1325.9120082897007,2335.600868535347,0.5676963158183695,0.8201077980465336
556,1325.891410424349,2335.582842461857,0.56769187815525,0.8201013872912969
557,1325.9254433094707,2335.5731322263696,0.5677088098909329,0.8201258472852779
558,1325.9833578660218,2335.580749122633,0.5677317550952289,0.8201589944811406
559,1326.0364051038512,2335.5885926084866,0.5677525610890556,0.8201890513219336
560,1326.1668004416833,2335.599574360181,0.5678057210662817,0.8202658475079443
561,1326.3650828925809,2335.619252794691,0.5678858321216164,0.8203815778718009
562,1326.5595917552837,2335.6498258310526,0.5679616769107405,0.8204911450845319
563,1326.7505361894152,2335.700253344606,0.5680311650818956,0.8205915293735405
564,1326.9477344962684,2335.758978394696,0.5681013095829963,0.8206928618126279
565,1327.1308703044829,2335.8157687182743,0.5681659007862233,0.8207861718235892
566,1327.3200290383356,2335.871070522538,0.5682334293995995,0.8208837252881405
567,1327.4955523077792,2335.948209462918,0.5682898049409227,0.820965166755647
568,1327.6672584141074,2336.0212480031937,0.5683455403280185,0.8210456834409077
569,1327.7634866560597,2336.069063635958,0.5683750995740989,0.8210883854411487
570,1327.8516491800588,2336.131461180424,0.5683976570860907,0.8211209725673524
571,1327.931894140837,2336.1892920731257,0.5684179354158563,0.8211502671319088
572,1327.984493428474,2336.2220917879717,0.5684324697110166,0.8211712637254535
573,1327.9621900406983,2336.1977952832904,0.5684288345455218,0.8211660122776523
574,1327.879268708247,2336.236326843299,0.568383965890328,0.821101193935544
575,1327.7973495989884,2336.2608830545114,0.5683429274657796,0.8210419088370612
576,1327.6972318595504,2336.281792044802,0.5682949875226736,0.8209726536383155
577,1327.5994497359002,2336.299114819061,0.5682489204036353,0.820906103966415
578,1327.5040032280376,2336.312912382177,0.5682047110181287,0.8208422380212071
579,1327.4108923359631,2336.332854880711,0.5681600074933408,0.8207776582304683
580,1327.3393353430163,2336.3487449115523,0.5681255156080158,0.8207278304205351
581,1327.2688154331988,2336.3613101758915,0.5680922765037897,0.8206798124084107
582,1327.3345360011717,2336.3712783749133,0.5681179820548097,0.8207169472677663
583,1327.3935547462313,2336.378719228494,0.5681414335020805,0.8207508257944475
584,1327.4460111081264,2336.383702456507,0.5681626736706094,0.8207815098544933
585,1327.4920445266052,2336.3862977788267,0.5681817453683218,0.8208090612892659
586,1327.5317944414162,2336.3865749153265,0.5681986913871595,0.8208335419170372
587,1327.637270153191,2336.3365578775324,0.5682560013353966,0.8209163332513214
588,1327.6844112461722,2336.287608425313,0.5682880851048335,0.8209626822389277
589,1327.7356265943054,2336.23975270362,0.5683216480918877,0.8210111681400016
590,1327.8583283440128,2336.193016857408,0.5683855395348354,0.8211034672603762
591,1327.9808557940344,2336.1474270316294,0.5684490800657225,0.8211952594447193
592,1328.0931509810098,2336.121516511859,0.5685034539487611,0.8212738092683618
593,1328.133153630365,2336.1098863653338,0.5685234078165552,0.8213026351073238
594,1328.1682671735377,2336.098016556741,0.5685413273588463,0.82132852211057
595,1328.1986310502766,2336.1147780860115,0.5685502456940388,0.8213414057528151
596,1328.22438470033,2336.13904844574,0.5685553629969127,0.8213487983320427
597,1328.2354004404629,2336.1606389478015,0.5685548237978598,0.8213480193920785
598,1328.24141813711,2336.179628027055,0.5685527783061928,0.8213450644254523
599,1328.2425685150351,2336.1858269953755,0.5685517620930522,0.8213435963794252
600,1328.1568453151372,2336.1889147143065,0.5685143170356829,0.8212895023458879
601,1328.0611826756647,2336.188960903723,0.5684733576353868,0.8212303314077469
602,1327.955641601508,2336.14759871682,0.5684382452251375,0.821179607172533
603,1327.8402830975572,2336.1059315054667,0.5683990033114001,0.8211229173569229
604,1327.715168168702,2336.063994129601,0.568355649290934,0.8210602870926949
605,1327.5803578198324,2336.0218214491592,0.5683082005613558,0.820991741512866
606,1327.4359130558385,2335.9486469551293,0.568264167444832,0.8209281302100846
607,1327.2818948816102,2335.863039664522,0.5682190575147056,0.820862963316386
608,1327.1183643020377,2335.7837594525045,0.5681683327625787,0.8207896851153231
609,1326.9549914636805,2335.7631520006694,0.5681034013774442,0.8206958836693686
610,1326.77196982176,2335.7368580215903,0.5680314395284917,0.8205919258457165
611,1326.5796275041494,2335.7049559501256,0.5679568492264979,0.8204841708953685
612,1326.3780255157387,2335.665393407476,0.567880154948351,0.8203733764902944
613,1326.167224861418,2335.6295390906403,0.5677986181737328,0.820255586497954
614,1325.9472865460764,2335.5852878864475,0.5677152075854923,0.8201350895492341
615,1325.7182715746048,2335.5327182297565,0.5676299292349234,0.8200118943859798
616,1325.480240951893,2335.4719085554266,0.5675427891452354,0.8198860097094647
617,1325.233255682831,2335.422155581656,0.5674491237121841,0.8197506983644509
618,1324.9773767723086,2335.4040894192385,0.5673439482166018,0.8195987593053324
619,1324.712665225216,2335.3794042262584,0.5672365966865716,0.8194436766943363
620,1324.4487911881129,2335.34823072748,0.5671311771673282,0.819291385112748
621,1324.1755572578904,2335.3106996476668,0.5670232905016329,0.8191355294318556
622,1323.9751701382884,2335.2669417115844,0.566948106227166,0.8190269164145386
623,1323.8381601273861,2335.2170876439964,0.5669015386757932,0.8189596438060107
624,1323.6928578089392,2335.1612681696665,0.5668528661604896,0.8188893303157894
625,1323.5490727692552,2335.0996140133598,0.5668062573546735,0.818821998110097
626,1323.3967470449745,2335.0130376165002,0.5667620376097993,0.8187581171994966
627,1323.2360897957196,2334.9221865198506,0.5667152838904552,0.8186905756482248
628,1323.067310181114,2334.8271740182054,0.5666660577297177,0.8186194623484483
629,1322.8906173607795,2334.728113406361,0.5666144206533267,0.8185448661817363
630,1322.706220494339,2334.625117979114,0.5665604341819526,0.8184668760223337
631,1322.5815927331053,2334.537519314598,0.566528308836692,0.8184204669732894
632,1322.4451343807077,2334.455181014595,0.5664898367446703,0.8183648892607079
633,1322.2971156016595,2334.3494150938436,0.5664520945543629,0.8183103659817574
634,1322.1378065604736,2334.2600960914306,0.5664055212931536,0.8182430851246619
635,1321.967477421662,2334.166829201137,0.5663551811650508,0.8181703625607464
636,1321.786398349738,2334.069753862713,0.5663011553799021,0.8180923156077162
637,1321.5948395092144,2333.958742392922,0.5662460160517798,0.8180126600036334
638,1321.3930710646039,2333.853801781182,0.5661850241245296,0.8179245495936096
639,1321.1813631804189,2333.7454623255726,0.5661205922019723,0.8178314696833476
640,1320.9599860211727,2333.6235963428576,0.5660552919036804,0.8177371352965431
641,1320.7292097513775,2333.497943699472,0.5659868753333996,0.8176382990680183
642,1320.4893045355466,2333.3686351201804,0.5659154257327774,0.8175350812506663
643,1320.2405405381926,2333.235801329746,0.5658410263488018,0.8174276021050948
644,1319.983187923828,2333.099573052934,0.5657637604367604,0.8173159819039014
645,1319.7175168569659,2332.940862731168,0.5656883712482861,0.8172070728628642
646,1319.4437975021185,2332.7803179052107,0.565609966517101,0.8170938074960529
647,1319.1623000237994,2332.618051869857,0.5655286337882628,0.8169763122731704
648,1318.8732945865206,2332.423376550954,0.5654519277442633,0.8168655008708617
649,1318.5770513547955,2332.225206523354,0.5653729526919903,0.8167514116044432
650,1318.273840493136,2332.023628936899,0.5652918024223015,0.8166341799664513
651,1317.9639321660559,2331.849532310382,0.5652011049187318,0.8165031561639916
652,1317.647596538067,2331.64340114464,0.5651154013908016,0.8163793467792604
653,1317.325103773683,2331.453368297864,0.565023140366487,0.8162460642770003
654,1317.0063331790857,2331.2590041038998,0.5649335105454414,0.8161165828744812
655,1316.6812965107895,2331.060413142559,0.5648422018954625,0.8159846761951701
656,1316.4324096321566,2330.934573127011,0.5647659204205493,0.8158744781356095
657,1316.1831480092,2330.8303227420265,0.5646842394176599,0.8157564797876279
658,1315.9441273642738,2330.7190350072337,0.5646086497766941,0.8156472811680839
659,1315.7060958700638,2330.6009103672714,0.5645351334144662,0.815541077657039
660,1315.4495345762718,2330.476149266778,0.5644552659293007,0.815425699160527
661,1315.1946596319387,2330.3257338670523,0.5643823266927764,0.8153203293792014
662,1314.8745469297621,2330.180648551714,0.564280090364239,0.8151726363117269
663,1314.489475349239,2329.973821058727,0.564164911840916,0.8150062466373311
664,1314.1069267566652,2329.76699356574,0.5640507958031489,0.8148413918552104
665,1313.7271190266483,2329.5603055125025,0.5639378023045549,0.8146781587202694
666,1313.3502700337956,2329.3538963387614,0.5638259914468544,0.8145166340569038
667,1312.9765976527137,2329.147905484266,0.5637154233791458,0.8143569047579527
668,1312.60631975801,2328.9630066347318,0.563601189035063,0.8141918790676732
669,1312.3115240851741,2328.780138376534,0.5635188579888988,0.8140729416514892
670,1312.0252255220134,2328.599457579392,0.5634396337470077,0.8139584923997347
671,1311.8149669397146,2328.401902829682,0.5633971374724783,0.813897101255987
672,1311.5419543700928,2328.208147813119,0.5633267607975779,0.8137954334130256
673,1311.2783365535277,2328.018331969452,0.5632594548532679,0.813698201621581
674,1310.9422553856502,2327.832594738429,0.5631600220517389,0.8135545585968803
675,1310.610793159442,2327.6510755597988,0.5630615374103014,0.81341228530713
676,1310.2841590345267,2327.4258681649603,0.5629756792501449,0.8132882525369528
677,1309.9625621705268,2327.2166972127006,0.5628880901978163,0.8131617192781723
678,1309.6462117270648,2327.0313024805596,0.5627969895940005,0.8130301131473691
679,1309.402580855453,2326.868490015692,0.5627316655298481,0.8129357444278289
680,1309.1600698593213,2326.707865011879,0.5626662846444787,0.8128412936229873
681,1308.9285580448532,2326.596954635906,0.562593600682199,0.812736292616996
682,1308.6980571685617,2326.4839483062137,0.5625218511055508,0.8126326414470374
683,1308.4688461099433,2326.327960545537,0.5624610408770998,0.8125447935234839
684,1308.2412037484964,2326.16757607529,0.562401959860416,0.8124594436609802
685,1308.0154089637174,2326.002943050206,0.5623446921560857,0.8123767133532632
686,1307.7712063891368,2325.8342096250162,0.5622804931568973,0.8122839699297212
687,1307.528075757623,2325.6615239544553,0.562217701195984,0.8121932591476274
688,1307.2349429037881,2325.4953013162376,0.562131835813166,0.8120692159434192
689,1306.991407025505,2325.326089438411,0.5620680097134919,0.8119770112195148
690,1306.7496838639527,2325.184846559643,0.561998193733899,0.8118761533705259
691,1306.5305691146264,2325.0429282695923,0.5619382563774892,0.8117895664189879
692,1306.3151233736826,2324.9005175829298,0.5618800088408884,0.8117054206219266
693,1306.103625520619,2324.757797514326,0.5618235271292042,0.8116238257781545
694,1305.875820188966,2324.614951078449,0.5617600538889834,0.8115321308035318
695,1305.671721357558,2324.4721612899702,0.5617067578185032,0.811455138013922
696,1305.4723896225528,2324.32961116356,0.5616554482430024,0.8113810149628996
697,1305.278103863447,2324.1874837138866,0.5616062013111375,0.8113098716566512
698,1305.079533818068,2324.0459619556214,0.5615549585430226,0.8112358451171908
699,1304.8872167739119,2323.905228903433,0.5615062096958408,0.8111654213560959
700,1304.7110320371617,2323.765467571993,0.5614641624743656,0.8111046789252273
701,1304.5313822226597,2323.56920612595,0.5614342705107906,0.8110614962732642
702,1304.3588046179032,2323.378178027969,0.5614061528825296,0.8110208768689156
703,1304.2031785290753,2323.1925140028143,0.5613840310986364,0.8109889192060385
704,1304.0339814667223,2323.0699996252697,0.5613408040554412,0.8109264723762404
705,1303.8706931637125,2322.9492151721047,0.5612996980939639,0.81086708971228
706,1303.713575069575,2322.77268880797,0.5612747133421098,0.8108309961367947
707,1303.562888633838,2322.6021539955286,0.5612510461128021,0.8107968058861755
708,1303.3572925681303,2322.4377414595465,0.5612022528315569,0.8107263179345604
709,1303.1546508820948,2322.337236774807,0.5611392825496254,0.8106353495456204
710,1302.9551727353535,2322.2392202180804,0.5610770679400521,0.8105454728192055
711,1302.75906728753,2322.143874804036,0.5610156551550747,0.8104567544279524
712,1302.4946738373633,2322.0513835473434,0.5609241393476714,0.8103245484840267
713,1302.2294045312765,2321.9619294626737,0.5608315054642717,0.810190727340534
714,1302.1075446490509,2321.8448941957467,0.5608072907471633,0.8101557461758253
715,1301.9650991024514,2321.718994918306,0.560776348021507,0.8101110455676015
716,1301.811947197661,2321.5939889267543,0.5607405745392516,0.810059366331814
717,1301.648359099192,2321.4700243758243,0.5607000501542841,0.8100008238273149
718,1301.4746049715573,2321.3472494202497,0.5606548547601385,0.8099355334702317
719,1301.2909549792703,2321.225812214761,0.5606050682926295,0.8098636107377712
720,1301.0976792868428,2321.1058609140937,0.5605507707323814,0.8097851711718738
721,1300.8950480587882,2320.9875436729785,0.5604920421072631,0.80970033038273
722,1300.6833314596192,2320.8710086461497,0.5604289624947127,0.8096092040521395
723,1300.4730667768313,2320.756403988339,0.5603660360656127,0.8095182990140581
724,1300.3267936091352,2320.6630961376195,0.5603255361682294,0.8094597918849141
725,1300.2391905871273,2320.551498149386,0.5603147319178452,0.8094441838040701
726,1300.152995035081,2320.442292424339,0.5603039555345779,0.8094286159807357
727,1300.0891333732552,2320.3356271172097,0.560302189984683,0.8094260654247495
728,1300.0287969225724,2320.2316503827324,0.5603012943591761,0.8094247715825281
729,1299.9723952872923,2320.130510375638,0.5603014095430441,0.8094249379799235
730,1299.9203380716776,2320.001553881711,0.5603101152655332,0.8094375144767265
731,1299.785236642333,2319.863463212758,0.5602852311154004,0.8094015662329155
732,1299.6585103128841,2319.7362279282265,0.5602613325884981,0.8093670418442093
733,1299.3493628039319,2319.6103608962276,0.5601584579497664,0.8092184266584237
734,1299.025262996446,2319.485984126541,0.5600487659276051,0.809059962916012
735,1298.7068932911257,2319.3529525059635,0.5599436221588988,0.8089080696903043
736,1298.394401842704,2319.2402067543007,0.559836104109183,0.8087527465209517
737,1298.0879368059134,2319.1273433503493,0.5597312025697642,0.8086012032255183
738,1297.7876463354876,2319.055561510808,0.5596190396964921,0.8084391700319629
739,1297.565548447041,2318.986590253698,0.5595399101920149,0.8083248576401627
740,1297.3545883085076,2318.9205951637205,0.5594648609418693,0.8082164396822389
741,1297.0831052186272,2318.8577418255763,0.5593629491895727,0.8080692155054349
742,1296.8953844571815,2318.7981958239666,0.5592963573944563,0.8079730153911499
743,1296.7095069149118,2318.742122743595,0.5592297195087016,0.8078767486932166
744,1296.525690466425,2318.6896881691605,0.5591630898613962,0.8077804938967459
745,1296.4114169780173,2318.6410576853655,0.5591255328982178,0.8077262382013761
746,1296.2950954683029,2318.5655955079615,0.5590935611137217,0.8076800509899179
747,1296.1770048167791,2318.4820013787235,0.5590627850662572,0.8076355911690324
748,1296.0670330446135,2318.4096243057556,0.5590328039777349,0.8075922797650196
749,1296.0224646149927,2318.338336605823,0.5590307696470405,0.8075893409218038
750,1296.048651399765,2318.2682777186747,0.5590589595933911,0.80763006479861
751,1296.0638747343098,2318.199587084058,0.559082091962824,0.8076634823777462
752,1296.0685529378727,2318.1708407084025,0.5590910428938927,0.8076764131087808
753,1296.0631043296992,2318.1822128913923,0.5590859498111507,0.8076690555185403
754,1296.0479472290353,2318.195476225972,0.5590762127355215,0.8076549891041016
755,1296.0234999551262,2318.2108398717637,0.5590619617786009,0.8076344018278158
756,1295.990180827217,2318.2285129883903,0.559043327077613,0.8076074816890573
757,1295.9484081645542,2318.2583138771442,0.5590181216678828,0.807571069345879
758,1295.9082094280523,2318.2805841479803,0.5589954116379434,0.8075382618885674
759,1295.8597445289586,2318.305800083503,0.5589684262025669,0.807499278077383
760,1295.7931733785197,2318.3027114930733,0.5589404554265395,0.807458870819315
761,1295.7287905606338,2318.248335220141,0.5589257936154589,0.8074376900131945
762,1295.6574139678617,2318.1908564128044,0.5589088622205927,0.8074132305115653
763,1295.5794706344323,2318.1304145108115,0.5588898116018355,0.8073857095279602
764,1295.495387594576,2318.0671489539104,0.5588687921224382,0.8073553442807598
765,1295.4055918825225,2318.001199181851,0.5588459541521125,0.8073223519976784
766,1295.3105105325017,2317.9327046343806,0.5588214480699593,0.8072869499199946
767,1295.2105705787435,2317.861804751249,0.5587954242672135,0.8072493553065156
768,1295.1061990554774,2317.7873230095765,0.5587683503997344,0.8072102437441817
769,1294.9978229969336,2317.7080828864864,0.5587406941188798,0.8071702908134302
770,1294.9627425707013,2317.633832963396,0.558743458156599,0.8071742838090238
771,1294.9763144157246,2317.5544542720554,0.5587684518172312,0.8072103902543452
772,1294.9768268568002,2317.4700949671974,0.5587890129279661,0.807240093331114
773,1294.9648289379384,2317.3809032035547,0.5588053423361584,0.8072636831882662
774,1294.868999842266,2317.28702713586,0.5587866262051745,0.8072366454137705
775,1294.7570916005927,2317.1886149188467,0.5587620633316197,0.8072011612938574
776,1294.6193251290547,2317.0858147072468,0.5587273966772025,0.8071510810082759
777,1294.4657888934573,2316.9993089017603,0.5586819917987046,0.8070854880250419
778,1294.296962217936,2316.900435662078,0.5586329659643218,0.807014664121552
779,1294.1133244266268,2316.7996189809014,0.5585780115916424,0.8069352757085656
780,1293.8480908519755,2316.697015727946,0.5584882624132989,0.8068056218796135
781,1293.5735496741104,2316.5927827729297,0.5583948803145802,0.8066707198462143
782,1293.218249351395,2316.466542739604,0.558271930757934,0.8064931039495415
783,1292.7921563398534,2316.3376533510564,0.5581190438576884,0.8062722398438271
784,1292.4148332518555,2316.226788293001,0.5579828537447888,0.8060754963200564
785,1291.9673798138379,2316.09435190585,0.5578215666174021,0.8058424970434913
786,1291.569358638169,2315.9597019126913,0.5576821382390614,0.8056410754433152
787,1291.2267882929948,2315.8229777532733,0.557567137340392,0.8054749423697807
788,1290.8682172366778,2315.6843188673447,0.5574456788946395,0.8052994805678899
789,1290.4940637884636,2315.5438646946536,0.5573179085331811,0.8051149004202449
790,1289.960609142549,2315.401754674949,0.557121720469475,0.8048314824088084
791,1289.422147738164,2315.2581282479796,0.5569237105816386,0.8045454325462673
792,1288.8693580281204,2315.093906570153,0.5567244397172639,0.804257561046588
793,1288.3127860148982,2314.929745897217,0.5565234920403928,0.8039672671831095
794,1287.762319719664,2314.7657682389504,0.5563251096025064,0.8036806791257753
795,1287.2079796139165,2314.5924864634644,0.5561272609074612,0.8033948621262306
796,1286.6500532921366,2314.402378667823,0.5559318747471804,0.8031126025638347
797,1286.0888283488055,2314.217390925449,0.5557338015831358,0.8028264612909561
798,1285.5245923784053,2314.0376191011674,0.5555331433538823,0.8025365855704913
799,1284.9576329754163,2313.863159059806,0.5553300020981078,0.8022431228099915
800,1284.3882377343205,2313.6941066661925,0.5551244799534018,0.8019462205598833
801,1283.8166942495993,2313.5305577851523,0.5549166791549343,0.8016460265115605
802,1283.2432901157335,2313.3726082815147,0.554706702034044,0.8013426884953445
803,1282.668312927205,2313.2203540201053,0.554494651016743,0.8010363544783242
804,1282.0920502784948,2313.0533566197846,0.5542855492759143,0.8007342810572707
805,1281.4949134994308,2312.890912798752,0.5540663013582152,0.8004175502242525
806,1280.8970490191796,2312.7331009918657,0.553845598728984,0.8000987178798485
807,1280.3083361439233,2312.545908358468,0.5536358571375278,0.7997957201151371
808,1279.7187866301758,2312.354924706907,0.5534266270963492,0.7994934613483017
809,1279.1190702157646,2312.1602023270884,0.5532138598910176,0.7991860927087687
810,1278.5197241881851,2311.981011792259,0.5529975019981114,0.7988735368753114
811,1277.9312858349338,2311.796888576325,0.552787008300683,0.7985694526001618
812,1277.3444248938374,2311.6092183617884,0.5525780113470378,0.7982675305572025
813,1276.8312901052761,2311.41938683115,0.5524013934380612,0.7980123840635748
814,1276.334566503617,2311.289066442182,0.5522176282641733,0.7977469124585714
815,1275.8443355652487,2311.1799426379866,0.5520315887256259,0.7974781552514936
816,1275.3609458895419,2311.0524023290063,0.5518528894473673,0.7972200019615715
817,1274.8847460758682,2310.907883487646,0.5516813349356873,0.7969721701738735
818,1274.4160847235987,2310.7670249396842,0.5515121476847558,0.7967277581881819
819,1273.955310432105,2310.6011038399224,0.5513523335183017,0.796496886786527
820,1273.5027718007586,2310.46982741718,0.5511877959576634,0.796259191855644
821,1273.05881742893,2310.361717165657,0.5510214300948139,0.7960188557152641
822,1272.5519260551087,2310.2768950951336,0.5508222537120196,0.7957311207059559
823,1272.1215191263477,2310.1962823620183,0.5506551667660421,0.7954897428714873
824,1271.7775543836879,2310.1200184060604,0.5505244507864101,0.7953009074127422
825,1271.5055771541993,2310.115506658697,0.5504077928091476,0.7951323804834819
826,1271.2341969011334,2310.1110777036847,0.550291373073184,0.7949641977233513
827,1270.9638929486264,2310.1198310338987,0.5501722793227588,0.7947921520173975
828,1270.695144620814,2310.1426337902744,0.5500505146454839,0.7946162478260593
829,1270.4284312418317,2310.1469285345283,0.5499340390646688,0.7944479843911084
830,1270.0923622749324,2310.1315997486736,0.5497922120164538,0.7942430976145449
831,1269.7546200310503,2310.11604873072,0.5496497116362226,0.7940372381263012
832,1269.4053557064485,2310.038855757438,0.5495168847669549,0.7938453532254464
833,1269.054588047058,2309.919369836931,0.5493934570264446,0.7936670465328234
834,1268.7027266571401,2309.798755325958,0.5492698113771826,0.793488425043959
835,1268.3501811409558,2309.677108089349,0.5491461021537258,0.7933097117142787
836,1267.997361102767,2309.5545239919293,0.5490224837433619,0.7931311295753839
837,1267.5005390217852,2309.431098898526,0.5488366981921714,0.7928627392845713
838,1267.0140006222573,2309.3069286739674,0.5486555229580472,0.7926010091690535
839,1266.53802478368,2309.18210918308,0.548479056609244,0.79234608162291
840,1266.0728903855497,2309.05673629069,0.5483073977729069,0.7920980991252947
841,1265.6188763073642,2308.930905861625,0.5481406451333686,0.7918572042379761
842,1265.17626142862,2308.8047137607127,0.5479788974303629,0.7916235396027567
843,1264.7453246288144,2308.6782558527793,0.5478222534571596,0.7913972479387782
844,1264.3263447874444,2308.5516280026523,0.5476708120586125,0.7911784720397017
845,1263.9964739173665,2308.4249260751594,0.5475579732482114,0.7910154623710574
846,1263.6739236340861,2308.298245935127,0.5474482883047691,0.7908570088547338
847,1263.3590425369741,2308.1716834473827,0.5473418860463954,0.7907032975844814
848,1263.1194432170917,2308.045334476753,0.54726803860785,0.7905966157925984
849,1262.8266685491108,2307.9096857463956,0.5471733475310161,0.7904598227778245
850,1262.5433365665995,2307.7847006708066,0.5470802090851952,0.7903252727312814
851,1262.2595374609316,2307.6505988501585,0.5469890190871539,0.7901935374594228
852,1261.9954960961302,2307.579337295179,0.5468914874126815,0.7900526408487479
853,1261.8092246365707,2307.5134005955956,0.5468263908287091,0.7899586007525655
854,1261.619004417633,2307.4625373328277,0.546756007521546,0.7898569233284773
855,1261.4348541852478,2307.3550258007244,0.546701673595935,0.7897784312282992
856,1261.1899195519873,2307.2486167141333,0.5466207284363269,0.7896614958972797
857,1260.9564189781056,2307.24344524246,0.5465207503691039,0.7895170651685985
858,1260.8019650546635,2307.240971058422,0.5464543933078148,0.7894212041564653
859,1260.6550975250393,2307.24137717669,0.5463906420869018,0.7893291076042263
860,1260.516225993494,2307.183243874034,0.5463442183625337,0.7892620427716603
861,1260.3857600642891,2307.1531841502465,0.546294788193054,0.7891906347559317
862,1260.264109341686,2307.120553506096,0.5462497863089477,0.7891256239481212
863,1260.1516834299464,2307.085508811298,0.5462093531501685,0.7890672132311753
864,1260.0488919333309,2307.0482069355717,0.5461736292051915,0.7890156055581357
865,1259.8021376113522,2306.979977323624,0.5460828225621945,0.7888844240902255
866,1259.5558364685564,2306.911752069169,0.5459922059605472,0.7887535171606352
867,1259.3102673844403,2306.8436618969695,0.5459018693745726,0.7886230147484435
868,1259.0657092385009,2306.7758375317912,0.5458119028096282,0.7884930468775617
869,1258.8224409102352,2306.7084096983967,0.5457223963018485,0.7883637436163625
870,1258.5807412791405,2306.6415091215517,0.5456334399177839,0.7882352350771584
871,1258.4177623580729,2306.5752665260206,0.5455784515774338,0.7881557975936551
872,1258.2517157625377,2306.5098126365665,0.5455219435308766,0.7880741647058898
873,1258.082950091907,2306.483714744634,0.545454946006934,0.7879773784659511
874,1257.9118139455509,2306.4560699429917,0.5453872849946119,0.7878796337346873
875,1257.7386559228414,2306.4353369953824,0.5453171115394506,0.7877782594678653
876,1257.5734337648196,2306.430641361852,0.5452465863106443,0.7876763770203463
877,1257.396628521188,2306.4229564887114,0.5451717452706261,0.7875682598477972
878,1257.218855914301,2306.4124741056166,0.54509714547127,0.7874604911773304
879,1257.0404645435297,2306.3993859422208,0.5450228924813895,0.7873532235162016
880,1256.8618030082457,2306.383883728179,0.5449490918990372,0.787246609413906
881,1256.6832199078203,2306.3373317681358,0.5448826598771628,0.7871506401119023
882,1256.5769337025076,2306.319524440751,0.544840782201334,0.787090142610766
883,1256.476090004879,2306.29985210673,0.544801704278448,0.7870336897002974
884,1256.442701157096,2306.240069929048,0.5448013489748059,0.7870331764200815
885,1256.4401084492717,2306.181403269353,0.5448140838652511,0.7870515735501498
886,1256.4495729222026,2306.124008997363,0.54483174713075,0.787077090329757
887,1256.471573900024,2306.047509736829,0.5448593615677134,0.7871169828118136
888,1256.4297175735119,2305.9424357858306,0.5448660374496033,0.7871266269519007
889,1256.4065505307935,2305.839701808112,0.544880266197858,0.7871471821450119
890,1256.4024823761304,2305.7394210984676,0.5449021996499384,0.7871788677392072
891,1256.4179227137836,2305.603270385016,0.5449410741441101,0.7872350267716458
892,1256.530154281374,2305.4723965945464,0.5450206890949624,0.7873500404509947
893,1256.5849915769747,2305.4141421536083,0.5450582472800886,0.7874042979116197
894,1256.6494589302083,2305.3279492160573,0.5451065907380078,0.7874741360376025
895,1256.723974660319,2305.244732445638,0.545158592913065,0.7875492596346586
896,1256.7370872256706,2305.193432562158,0.545176413169303,0.7875750032068762
897,1256.7564179323076,2305.1529967780843,0.5451943622349049,0.7876009328602096
898,1256.8495880862754,2305.113306125166,0.545244168582327,0.7876728843116723
899,1256.9348790229533,2305.0642416351534,0.5452927759320564,0.7877431036621324
900,1256.9504396273894,2305.0155518894658,0.5453110451237706,0.7877694957773732
901,1256.8817455067795,2304.96737632785,0.545292639893748,0.7877429071379091
902,1256.8059486739792,2304.9198543900557,0.5452709977226363,0.7877116423352306
903,1256.7233280084854,2304.8320570238984,0.5452559218701698,0.787689863394932
904,1256.6341623897956,2304.742525375869,0.5452384153778121,0.787664573093588
905,1256.5387306974067,2304.6513640257785,0.5452185741892333,0.7876359100337395
906,1256.370047819126,2304.5586775534384,0.5451673068931842,0.7875618480606332
907,1256.200201490444,2304.46457053866,0.5451158666313589,0.7874875362169926
908,1256.0294095859674,2304.358880438272,0.5450667516455076,0.7874165835231398
909,1255.914886849009,2304.261579381755,0.5450400675369406,0.7873780350159364
910,1255.7946427248696,2304.1631628072496,0.545011161967752,0.7873362773331084
911,1255.6785565197308,2304.0534681715835,0.5449867261614347,0.7873009767775931
912,1255.5566399901072,2303.9422004812545,0.5449601295240144,0.7872625546333192
913,1255.4291720154959,2303.8967195927794,0.5449155603804136,0.7871981689728862
914,1255.2964314753933,2303.845312514992,0.5448701024571173,0.7871324993598564
915,1255.158697249297,2303.7881361176096,0.5448238392982246,0.7870656664840512
916,1255.0931213500628,2303.725347270349,0.5448102235091542,0.7870459967865702
917,1254.9602605431776,2303.6571028429275,0.5447686893133703,0.786985995484996
918,1254.8220138760055,2303.516295713374,0.5447419739166207,0.7869474017781288
919,1254.6594593746722,2303.3543573614297,0.5447096992978219,0.7869007770849287
920,1254.493410164642,2303.190584505294,0.5446763366454526,0.7868525805921751
921,1254.2420081415457,2303.014788456843,0.5446087512889844,0.7867549451551838
922,1253.9296840208222,2302.8366480776185,0.544515254726204,0.7866198777642386
923,1253.584114849556,2302.6562330874976,0.5444078437920793,0.786464709336654
924,1253.2452013117866,2302.473613206352,0.5443038279020956,0.7863144454717681
925,1252.8925747462488,2302.288858154058,0.5441943439498725,0.7861562823122104
926,1252.5264007376436,2302.102037650488,0.5440794457642567,0.7859902976204318
927,1252.1276265873328,2301.990094548878,0.5439326735385943,0.7857782669211857
928,1251.7361529793552,2301.8710313051083,0.5437907406435578,0.7855732272357494
929,1251.3316112524467,2301.784081906922,0.5436355308425698,0.7853490074115639
930,1250.914166991307,2301.6890101433837,0.5434766215064741,0.7851194431496812
931,1250.5558556415215,2301.5859903141795,0.5433452675260738,0.7849296860196292
932,1250.247294651011,2301.475196718996,0.5432373533433578,0.7847737905869846
933,1249.9944241530634,2301.3279762325083,0.5431622250555623,0.7846652584493643
934,1249.7873169090813,2301.175278378399,0.5431082667417608,0.7845873089670706
935,1249.4398435137496,2301.04607873641,0.5429877545954506,0.7844132142121912
936,1249.1434102953665,2300.909750237279,0.5428910934757654,0.7842735752259712
937,1248.7790908354168,2300.7088123306703,0.5427801572031079,0.7841133140092651
938,1248.3329490025335,2300.504989764264,0.5426343148816435,0.7839026266720648
939,1247.8724666630133,2300.298404547841,0.5424828640475025,0.7836838371421017
940,1247.3978616914635,2300.07956954951,0.5423281342983177,0.7834603108123364
941,1247.00570395722,2299.8204286203704,0.5422187264878245,0.7833022576489592
942,1246.5945370992597,2299.562128687214,0.5421008293482907,0.7831319405959769
943,1246.1954413660285,2299.373328139216,0.541971773837405,0.7829455038904548
944,1245.799095210339,2299.1836125178684,0.5418441086773608,0.7827610757193115
945,1245.3955191036885,2298.9931212629194,0.541713460377623,0.7825723380325749
946,1244.994601067244,2298.8314792204405,0.5415771500960286,0.7823754209102075
947,1244.5966199805032,2298.7097770794303,0.5414326908035321,0.7821667315300309
948,1244.2018547229625,2298.5897787178474,0.5412892140401746,0.7819594615351599
949,1243.8105841741187,2298.47168458033,0.5411467944192759,0.781753718713797
950,1243.4230872134697,2298.365304253187,0.5410032447463777,0.781546343392044
951,1243.0396427205117,2298.2605797730575,0.5408610553826999,0.781340933205819
952,1242.6605295747422,2298.148111157895,0.5407225598478256,0.7811408592138268
953,1242.3052449389982,2298.0383659753206,0.5405937791694552,0.7809548195379887
954,1241.9343325934385,2297.931544669973,0.5404574977327291,0.7807579440856144
955,1241.5878239468666,2297.82784768649,0.5403310892924064,0.7805753314021092
956,1241.2557481857657,2297.7274754695113,0.540210169150774,0.7804006472473414
957,1240.9864560429337,2297.611410180335,0.5401202529480523,0.7802707521309418
958,1240.7084349718446,2297.449033464681,0.5400374140621466,0.7801510810772115
959,1240.4316427135395,2297.2885304706488,0.539954657963408,0.7800315296198208
960,1240.166694990373,2297.1300406379855,0.5398765733984914,0.7799187267729274
961,1239.9043399750299,2296.953169160473,0.5398039266199798,0.7798137794835048
962,1239.7121989735563,2296.777256331232,0.5397616140425461,0.7797526537130147
963,1239.5188204443148,2296.622958406008,0.5397136765124974,0.7796834020002299
964,1239.3246227065504,2296.49041482455,0.5396602636380844,0.77960624047284
965,1239.1197569565256,2296.3592482106096,0.5396018754130409,0.7795218914338592
966,1238.914241940172,2296.209081187935,0.5395476623144545,0.7794435738833165
967,1238.7084872617506,2296.079805725584,0.5394884290053266,0.7793580040154728
968,1238.5125116671925,2295.972894655897,0.5394281938388524,0.779270986840329
969,1238.3164663527602,2295.869303995223,0.5393671426321472,0.779182790793774
970,1238.120769637699,2295.809618553866,0.5392959240311891,0.7790799066841112
971,1237.9258398412549,2295.7241515745063,0.5392310914149822,0.7789862479221332
972,1237.7320952826733,2295.611770109186,0.5391730916346552,0.7789024600397642
973,1237.5399542811997,2295.5021164339464,0.5391151440991538,0.778818747631531
974,1237.3498351560793,2295.395347418504,0.5390573944256067,0.778735321059452
975,1237.0704101010224,2295.224355940887,0.5389758116233945,0.7786174645745383
976,1236.7172893958757,2294.989237865923,0.5388771629037707,0.7784749542534803
977,1236.290751920136,2294.757292045237,0.5387457559044395,0.7782851205310013
978,1235.862885409293,2294.5696218307007,0.5386033501233541,0.7780793977029666
979,1235.4339077379543,2294.346791883574,0.5384686883902623,0.7778848621135505
980,1235.004036780727,2294.1272736304754,0.5383328340045942,0.7776886035894405
981,1234.6407544039068,2293.911101931341,0.5382251968545819,0.7775331083649254
982,1234.2724696261082,2293.6983116461083,0.5381145651802453,0.7773732871783043
983,1233.9090704684988,2293.4889376347146,0.5380052418046694,0.7772153559916464
984,1233.5405774025758,2293.324083249029,0.5378832352621429,0.7770391023959287
985,1233.2345420145107,2293.165381642248,0.5377870047607866,0.7769000854913387
986,1232.9194430427913,2293.0129025342435,0.5376853491230537,0.7767532313038142
987,1232.6052382284597,2292.866715644892,0.5375825946698245,0.7766047897409061
988,1232.4360246076367,2292.755718119076,0.5375348166697405,0.7765357684889582
989,1232.2585439527231,2292.6684227360133,0.5374778715197623,0.7764535041510425
990,1232.083542710838,2292.603626827872,0.5374167292998626,0.7763651766246301
991,1231.9115002061164,2292.5409268734516,0.5373563829397747,0.7762779988165085
992,1231.7428957626944,2292.480453597515,0.537297011117264,0.7761922288488893
993,1231.5782087047075,2292.422337724827,0.5372387925372507,0.776108124883213
994,1231.4179183562912,2292.366709980152,0.5371819059294197,0.7760259451166959
995,1231.262504041581,2292.313701088253,0.5371265300456266,0.7759459477785822
996,1231.0303081008462,2292.263441773896,0.5370370113952515,0.7758166269758967
997,1230.7986132717078,2292.216062761844,0.5369470327281207,0.7756866416219044
998,1230.567829158427,2292.1716947768614,0.53685674243448,0.7755562060847353
999,1230.2664955043824,2292.130468543713,0.5367349338914476,0.7753802385238651
1000,1230.034094761517,2292.102781910146,0.5366400252507247,0.7752431312110466
1001,1229.803772542403,2292.0688980512555,0.5365474718443224,0.7751094263265663
1002,1229.575938451302,2292.0488239564593,0.5364527690683518,0.7749726164109372
1003,1229.3606112341447,2292.042699065505,0.5363602570472926,0.7748389713127224
1004,1229.0760722263108,2292.0404044101438,0.5362366517891352,0.7746604081738224
1005,1228.8572067255348,2292.031821022124,0.536143170201507,0.7745253624163436
1006,1228.6325631901796,2292.0266974828646,0.5360463578105267,0.7743855048999599
1007,1228.474429800373,2292.025173232114,0.5359777214261708,0.7742863511227177
1008,1228.3160218885616,2291.986319217687,0.535917693569749,0.7741996334326785
1009,1228.0186849263089,2291.948676586075,0.5357967643304643,0.7740249361352224
1010,1227.721910080542,2291.9123499170905,0.5356757688071949,0.7738501430823225
1011,1227.4933186573069,2291.8774437905436,0.5355841875327991,0.7737178425631993
1012,1227.1941951232761,2291.803652275627,0.5354709134461603,0.7735542040839973
1013,1226.9640306453778,2291.7301396402067,0.535387657308555,0.7734339302583924
1014,1226.7313736819747,2291.6569756041577,0.535303226766112,0.7733119598592169
1015,1226.4966425523123,2291.5842298873545,0.5352177880071213,0.7731885329660853
1016,1226.1929915839464,2291.542773578621,0.5350949612295669,0.7730110944390516
1017,1225.8926479521162,2291.5038751177744,0.534972976159209,0.7728348718625468
1018,1225.595968971177,2291.4676303696415,0.5348519668041191,0.7726600588278651
1019,1225.3033119554839,2291.43413519905,0.5347320671946983,0.7724868489585587
1020,1225.0150342193929,2291.413094612497,0.5346111694567917,0.7723121971687535
1021,1224.731493077259,2291.39434606681,0.534491801980535,0.7721397560318579
1022,1224.3709088595726,2291.3779941418006,0.5343382506028392,0.7719179320059831
1023,1224.0104422941743,2291.364143417281,0.5341841652757632,0.7716953366239477
1024,1223.6503809755447,2291.311829981128,0.5340392193521836,0.7714859442447647
1025,1223.291012498166,2291.2595601198973,0.5338945590407721,0.7712769644678124
1026,1222.9326244565189,2291.176602184511,0.5337574691058383,0.7710789210394156
1027,1222.632501313791,2291.0918271749033,0.5336462235219062,0.7709182129841775
1028,1222.3389893581398,2291.005278665994,0.5335382684364145,0.7707622584623961
1029,1222.0428280472665,2290.9170002327037,0.533429551539028,0.7706052034087667
1030,1221.744365980543,2290.8270354499555,0.5333202145226877,0.7704472525163313
1031,1221.44395175734,2290.7354278926696,0.5332103991079366,0.7702886105180063
1032,1221.141933977029,2290.673022504717,0.533093078750184,0.7701191266979047
1033,1220.8386612389816,2290.5802602120143,0.5329822676137014,0.7699590462559368
1034,1220.5344821425685,2290.5244485811704,0.5328624555387783,0.769785962841078
1035,1220.2393544288313,2290.5056660470445,0.5327379768218259,0.7696061378825237
1036,1219.9433682891424,2290.4855893377535,0.5326134222227802,0.7694262033028662
1037,1219.6468810378572,2290.4643317480914,0.5324889211904985,0.7692463461070486
1038,1219.3502499893314,2290.4420065728546,0.5323646032033015,0.7690667533425777
1039,1219.1359694417863,2290.449528475789,0.5322693009756373,0.7689290774445654
1040,1218.9275932960925,2290.4582094716325,0.5321763078913704,0.7687947373908313
1041,1218.72554858648,2290.4297524334547,0.5320947072450712,0.7686768551279191
1042,1218.5206532055092,2290.446398924933,0.5320013835632418,0.7685420374849679
1043,1218.2414556115418,2290.469851819136,0.5318740408846642,0.7683580751783337
1044,1217.9549104143262,2290.428380694929,0.5317585656377485,0.7681912568498751
1045,1217.6709666399186,2290.42012934781,0.5316365111524961,0.7680149339949387
1046,1217.3899641727069,2290.416374932581,0.5315146964090933,0.7678389574768637
1047,1217.112242897077,2290.3864206601042,0.5314003924919785,0.7676738312797031
1048,1216.8381426974167,2290.348905267263,0.5312894205328174,0.7675135185094127
1049,1216.49613359723,2290.3135076156027,0.5311483033009304,0.7673096571506467
1050,1216.1537584677037,2290.280297424997,0.5310065147200747,0.7671048259449585
1051,1215.820905330004,2290.2877809820006,0.5308594471951904,0.7668923686493302
1052,1215.4875946556301,2290.285385232821,0.5307144701235862,0.7666829312729591
1053,1215.1541140390623,2290.2834731652697,0.5305693064970981,0.7664732243949005
1054,1214.8207510747827,2290.2821406441726,0.5304240597768003,0.7662633974775191
1055,1214.4877933572718,2290.252656109348,0.5302855080715977,0.7660632423405151
1056,1214.1555284810113,2290.2547180746296,0.5301399529488698,0.7658529698975407
1057,1213.8961139013657,2290.2576210358934,0.5300260122493622,0.765688368413301
1058,1213.6426342260163,2290.261460857969,0.529914446436769,0.7655271977480111
1059,1213.4146563376744,2290.2663334056806,0.5298137769563673,0.7653817681871663
1060,1213.100923875491,2290.2435071188484,0.5296820709696435,0.7651915025402843
1061,1212.789522671603,2290.2238530862946,0.5295506467794638,0.7650016439834909
1062,1212.4704731975087,2290.2074410278933,0.5294151313443146,0.7648058751154803
1063,1212.153663474375,2290.19434066352,0.5292798265858901,0.7646104105961504
1064,1211.839372381699,2290.1511884188444,0.5291525635992493,0.7644265634144115
1065,1211.5278787989776,2290.0657868018666,0.5290362773773876,0.7642585735319746
1066,1211.2194616057081,2289.9792130195033,0.5289215966325859,0.7640929029604436
1067,1210.8322626975212,2289.9299123534165,0.5287638962945899,0.7638650852463923
1068,1210.5049671052989,2289.876859886597,0.5286332153097733,0.763676300342002
1069,1210.1801814285498,2289.8919690548473,0.5284878927838904,0.7634663639140431
1070,1209.878701362769,2289.9080804462906,0.5283525184674532,0.7632707989095295
1071,1209.581587504114,2289.9252986407373,0.5282187974525204,0.7630776223042683
1072,1209.2891187320813,2289.9437282179997,0.5280868275628468,0.7628869754168163
1073,1208.981039680202,2289.9634737578886,0.527947739575179,0.7626860455532212
1074,1208.7165826106504,2290.0903403985844,0.5278030133956534,0.7624769706216015
1075,1208.5606758993279,2290.2115902319106,0.5277069948706997,0.7623382599432382
1076,1208.3994574050857,2290.3274237025053,0.5276099150276109,0.7621980160590843
1077,1208.2333193022157,2290.4380412550063,0.5275118983965988,0.7620564188684888
1078,1208.0831880109777,2290.461506350187,0.5274409478882875,0.7619539220519338
1079,1207.9097206063261,2290.4844319878407,0.5273599347531992,0.7618368885218951
1080,1207.7325275458936,2290.4562799741125,0.5272890550696492,0.7617344940204993
1081,1207.5616101456435,2290.348985445118,0.5272391315993967,0.7616623733705695
1082,1207.3774930301986,2290.2344618366615,0.5271851040360025,0.761584323848643
1083,1207.1388419006062,2290.112752723663,0.5271089121987287,0.7614742552817797
1084,1206.8215232223902,2289.9762664833165,0.5270017601866628,0.7613194608992497
1085,1206.4930885817223,2289.8372790424805,0.5268903164535036,0.7611584665928564
1086,1206.2256954339655,2289.6650238921425,0.5268131726026603,0.7610470227242154
1087,1205.9524283868027,2289.4883371722976,0.5267344711073091,0.760933328644728
1088,1205.6736360396048,2289.3688303358276,0.5266401901098411,0.7607971280405024
1089,1205.3896669917426,2289.248909537605,0.5265437331736957,0.7606577840227515
1090,1205.0912607009186,2289.1670723491984,0.5264322011517599,0.7604966621722608
1091,1204.7986333161718,2289.092613266486,0.5263214892808334,0.7603367251317108
1092,1204.5634690517904,2289.0570962195407,0.5262269215744639,0.7602001103408869
1093,1204.3490481929987,2289.022224081433,0.5261412648259869,0.7600763685348826
1094,1204.1269616340319,2288.9368006769932,0.526063874405746,0.7599645684661396
1095,1203.9078861021346,2288.8105310127203,0.5259971805396433,0.7598682208976445
1096,1203.6922312015683,2288.6845445854374,0.525931908811662,0.7597739277842
1097,1203.4804065365938,2288.5383681540666,0.5258729428719695,0.7596887441646953
1098,1203.272821711473,2288.3912635768697,0.5258160354233732,0.7596065342911056
1099,1203.069886330467,2288.243274428768,0.525761355785389,0.7595275427664899
1100,1202.872009997837,2288.094444284683,0.5257090733306184,0.7594520142705959
1101,1202.6796023178442,2287.934549596553,0.5256617163851653,0.7593836012843291
1102,1202.4930728947502,2287.773234365985,0.5256172486116175,0.7593193620655212
1103,1202.3224404744858,2287.6208005758995,0.5255776832295833,0.7592622049598032
1104,1202.1373220073472,2287.467682659548,0.5255319369625672,0.759196118798477
1105,1201.977870911917,2287.313924191851,0.5254975533524973,0.7591464474055903
1106,1201.8720169698247,2287.159568747731,0.5254867362087358,0.7591308206986623
1107,1201.7675704976934,2287.004659902109,0.5254766601783544,0.7591162646220085
1108,1201.6033906517916,2286.869775475873,0.5254358615158796,0.7590573258896034
1109,1201.4375418864,2286.735758190573,0.5253941289819434,0.7589970380639478
1110,1201.270433805779,2286.6026690511,0.5253516275760691,0.7589356395073354
1111,1201.1024760141909,2286.4705690623423,0.525308522342691,0.7588733686469388
1112,1200.9340781158967,2286.33951922919,0.5252649783706561,0.7588104639740906
1113,1200.6937798542745,2286.2095805565345,0.525189724540472,0.7587017504749058
1114,1200.4588029620554,2286.080814049265,0.5251165206341588,0.758595998345216
1115,1200.2096284889415,2285.9327464663047,0.5250415307905616,0.7584876662074255
1116,1199.9664812989574,2285.784639665915,0.5249691770937536,0.7583831423109049
1117,1199.786715575165,2285.6365372230184,0.5249245433540675,0.7583186633334082
1118,1199.5988797759271,2285.4884827125343,0.5248763618148633,0.7582490591191088
1119,1199.3258611058159,2285.3405197093857,0.5247908794170978,0.75812556918435
1120,1199.0494871667565,2285.192691788494,0.5247038866680108,0.7579998973596229
1121,1198.7701065581196,2285.0347754017957,0.5246178830461476,0.757875654451954
1122,1198.4880678792765,2284.8668054092295,0.5245330121834485,0.7577530479555102
1123,1198.1941105879284,2284.7093422017147,0.5244405003540888,0.7576194031342293
1124,1197.8988416914456,2284.552811497518,0.5243471876258471,0.7574846013150952
1125,1197.6026010742155,2284.3684207315664,0.5242598305096008,0.7573584031167765
1126,1197.248731751919,2284.2588498486775,0.5241300616308137,0.7571709358627682
1127,1196.89978203825,2284.156904577036,0.5240006847339952,0.7569840348753716
1128,1196.6951733802614,2284.0626546365156,0.5239327261671387,0.7568858602896466
1129,1196.4961815296433,2284.0049971720005,0.523858828247362,0.7567791055713585
1130,1196.3032160906566,2283.953226679369,0.5237862151099991,0.7566742068807514
1131,1196.116686667562,2283.9170481651167,0.5237128413348084,0.7565682093543815
1132,1195.865133003739,2283.972781361102,0.5235899231211852,0.7563906387365962
1133,1195.6930408236076,2284.0474234584854,0.5234974670591993,0.7562570744782091
1134,1195.5084243395634,2284.1206406559386,0.5233998603489898,0.7561160694690977
1135,1195.3213022975378,2284.192633398099,0.5233014435036102,0.7559738941191686
1136,1195.06021444091,2284.263602129607,0.5231708868130462,0.7557852887732553
1137,1194.7927733607398,2284.3337472951007,0.5230377455901548,0.7555929497495691
1138,1194.5090605334162,2284.403269339218,0.5228976322026266,0.7553905385685895
1139,1194.2190249849953,2284.441567337647,0.5227619047296412,0.7551944633856037
1140,1193.9332737228476,2284.4378904857776,0.5226376600980654,0.7550149765924337
1141,1193.6425462046748,2284.411596506699,0.5225164099280453,0.754839815670692
1142,1193.3471910298479,2284.3339799851806,0.5224048678895848,0.7546786793500881
1143,1193.0475567977385,2284.2564549709964,0.5222914240655552,0.754514795664155
1144,1192.7439921077173,2284.1406633323268,0.5221849999236151,0.7543610527803746
1145,1192.436845559156,2284.0277171360253,0.52207634636517,0.7542040892277083
1146,1192.126465751426,2283.9176599570137,0.5219656061391738,0.7540441112247404
1147,1191.8132012838983,2283.810535370213,0.5218529220466624,0.7538813250652933
1148,1191.4974007559447,2283.7063869505446,0.5217384369393312,0.7537159371163734
1149,1191.179412766936,2283.60525827293,0.5216222937180545,0.7535481538160327
1150,1190.8595859162435,2283.5071929122905,0.521504635331352,0.7533781816711524
1151,1190.5382688032391,2283.412234443548,0.5213856047737981,0.7532062272551456
1152,1190.2158100272934,2283.3204264416245,0.521265345084374,0.7530324972055765
1153,1189.8925581877781,2283.231812481439,0.521143999344767,0.7528571982217033
1154,1189.5585947610812,2283.1361690149324,0.5210195567416904,0.7526774254341256
1155,1189.2334779149294,2283.04314004371,0.5208983821007258,0.7525023736234805
1156,1188.8354192648283,2282.95276042771,0.520744642583888,0.7522802778072607
1157,1188.4319703969481,2282.8650650268683,0.5205879176143776,0.7520538691340624
1158,1188.023418905771,2282.780088701123,0.5204283254379284,0.7518233184245258
1159,1187.6100523857776,2282.697866310411,0.5202659843483121,0.7515887965686885
1160,1187.2640282923321,2282.61843271467,0.5201324983958638,0.7513959595403652
1161,1186.9184312331163,2282.541822773836,0.5199985469666994,0.7512024500731445
1162,1186.5017399466192,2282.4680713478465,0.5198327875167009,0.7509629899714038
1163,1186.1533758798937,2282.407480419622,0.5196939573917881,0.7507624326225674
1164,1185.7345537797391,2282.3504844224144,0.5195234307231338,0.7505160856817091
1165,1185.3128252323268,2282.258690364465,0.5193595407201794,0.7502793262282837
1166,1184.8884778321371,2282.1731754526913,0.5191930614981061,0.7500388263264335
1167,1184.5336690345348,2282.0939484020773,0.5190556111258897,0.7498402622016399
1168,1184.1814834472018,2282.059454494287,0.5189091288200556,0.7496286503275744
1169,1183.8322696695086,2281.990232245629,0.5187718391347098,0.7494303183349119
1170,1183.4863763008275,2281.9657954297013,0.5186258175609391,0.7492193720455039
1171,1183.144151940529,2281.9348520065078,0.5184828790796498,0.7490128796658991
1172,1182.805945187985,2281.907045977656,0.5183409846921375,0.7488078956093616
1173,1182.4721046425664,2281.882412203083,0.5182002798737242,0.7486046300330523
1174,1182.1429789036445,2281.8609855427258,0.5180609101051261,0.7484032931019249
1175,1181.8189165705912,2281.842800856522,0.5179230208702277,0.7482040949855097
1176,1181.500266242777,2281.818283862738,0.5177889381457202,0.7480103958458678
1177,1181.1873765195735,2281.7592912626315,0.5176651985345716,0.7478316386173943
1178,1180.8087261394694,2281.74531939983,0.5175024206689548,0.7475964857844061
1179,1180.4318666886354,2281.7353259273527,0.517339523684185,0.7473611608690146
1180,1180.0570857615528,2281.7005095651443,0.5171831626519875,0.7471352779484413
1181,1179.684670952703,2281.6716716821534,0.5170264791353548,0.7469089291590704
1182,1179.3149098565673,2281.6488122783803,0.5168696004004848,0.7466822983527226
1183,1178.9480900676265,2281.6319313538256,0.5167126537224116,0.7464555693939838
1184,1178.5844991803629,2281.5922014834778,0.5165622929522875,0.7462383545968061
1185,1178.224424789257,2281.5193293994025,0.5164209698365423,0.7460341958132498
1186,1177.857887365807,2281.480518088399,0.5162690972056634,0.7458147969455399
1187,1177.5716480645397,2281.44493132158,0.516151686108156,0.7456451820405986
1188,1177.2839185009598,2281.402925097338,0.5160350701534802,0.7454767158181811
1189,1176.9950472744392,2281.364722963736,0.5159170891997477,0.7453062776851848
1190,1176.7726469760382,2281.3302813458504,0.5158273909737487,0.7451766974632194
1191,1176.5452573491355,2281.2995566687623,0.515734662688126,0.745042739943997
1192,1176.3132879979921,2281.361619557832,0.5156189522579863,0.7448755818641773
1193,1176.087415649853,2281.4267326914005,0.5155052313524976,0.7447112978996818
1194,1175.8584494822933,2281.446885221056,0.5154003177103818,0.7445597371204002
1195,1175.5595438228697,2281.4734040467292,0.5152633126197038,0.744361816260063
1196,1175.2629258468198,2281.5062804534364,0.5151258779849789,0.7441632748700293
1197,1174.9689528685003,2281.5455057261934,0.5149881735514713,0.7439643437221631
1198,1174.6779822022659,2281.5910711500155,0.5148503590567525,0.7437652535772151
1199,1174.3903711624725,2281.64296800992,0.5147125942262526,0.7435662351783963
1200,1174.1064770634757,2281.6819693075813,0.5145793729613335,0.7433737805240653
1201,1173.826657219631,2281.718974002343,0.5144483920211401,0.743184562296899
1202,1173.5410018223104,2281.72314586532,0.5143222585741256,0.7430023468753633
1203,1173.2594686125553,2281.7431188662986,0.5141943713609174,0.7428175979208606
1204,1172.9824061897375,2281.7692228587207,0.5140670644685809,0.7426336873118939
1205,1172.7101631532278,2281.801396837695,0.5139405054175462,0.7424508570525197
1206,1172.4430881023975,2281.8703811672813,0.5138079260674917,0.7422593297238934
1207,1172.2487936283078,2281.9549487602635,0.5137037408495576,0.742108821243764
1208,1172.0654286160068,2282.0428324047657,0.5136036063709244,0.741964164559385
1209,1171.8831442617566,2282.134005955834,0.5135032128715565,0.7418191336874018
1210,1171.6818246388366,2282.228443268516,0.5133937525381118,0.7416610046481014
1211,1171.5016231658296,2282.356919566809,0.5132858989417748,0.741505196740002
1212,1171.3237398786423,2282.490607425703,0.5131779013976818,0.7413491808815006
1213,1171.1485930965193,2282.6295068451977,0.5130699439328433,0.7411932229224574
1214,1170.976601138707,2282.764008683624,0.5129643698097207,0.7410407079963741
1215,1170.8081823244504,2282.863302857046,0.512868282940622,0.7409018985864098
1216,1170.643754972995,2283.0068508491577,0.5127640131861968,0.740751267982825
1217,1170.4837374035867,2283.156207378293,0.5126603837359127,0.7406015623780551
1218,1170.328547935471,2283.2702952375353,0.5125667996367107,0.7404663685298828
1219,1170.1786048878932,2283.3971165603134,0.5124726646982188,0.740330378925979
1220,1170.034326580099,2283.516760222036,0.5123826314575995,0.7402003147338081
1221,1169.9633953230236,2283.620231487426,0.5123283544221244,0.740121904818493
1222,1169.8944205799196,2283.7472218808985,0.5122696633721101,0.7400371183112512
1223,1169.8278816749225,2283.8771535815667,0.5122113857307969,0.7399529290241958
1224,1169.764257932168,2284.0099830145086,0.5121537412845614,0.7398696544660306
1225,1169.6834944298248,2284.013509968648,0.5121175900776002,0.7398174295600173
1226,1169.4045347549286,2284.0138123786023,0.5119953865502658,0.7396408913952923
1227,1169.124455204552,2284.010733374656,0.5118734505582446,0.7394647397185372
1228,1168.910807364866,2283.9560703787406,0.5117921585816796,0.7393473033673721
1229,1168.6920699743587,2283.9009585611348,0.5117087348265043,0.7392267873973802
1230,1168.4013276407127,2283.8349303542163,0.5115962244519558,0.7390642521950948
1231,1168.1107378192914,2283.7776528630166,0.5114818145080413,0.7388989728290606
1232,1167.8103209815931,2283.7911863621093,0.5113472404812186,0.7387045639422375
1233,1167.5874962634573,2283.808127420056,0.511245880179279,0.7385581364039273
1234,1167.35086613872,2283.8283365971083,0.5111377450890492,0.7384019218429573
1235,1167.1199887751072,2283.892742945451,0.511022241469149,0.7382350625262005
1236,1166.8849456490075,2283.962805318594,0.510903655231039,0.7380637499847851
1237,1166.636476218122,2284.0384191367243,0.5107779564667149,0.7378821625163542
1238,1166.3851874898212,2284.1194798200313,0.5106498139850907,0.7376970447949374
1239,1166.131419348492,2284.2058827887035,0.510519401134194,0.7375086472432787
1240,1165.875511678522,2284.29752346293,0.5103868912448357,0.7373172202592505
1241,1165.6280714872796,2284.3532287709654,0.5102661255739395,0.7371427592566357
1242,1165.3695711094852,2284.3728592730617,0.5101485803330423,0.7369729505649164
1243,1165.1099595711946,2284.397309161467,0.51002947468839,0.7368008876762752
1244,1164.8495767567952,2284.4648407031736,0.5099004178143738,0.7366144490015417
1245,1164.599029673657,2284.4958093998216,0.509783832774733,0.73644602743973
1246,1164.3490577794812,2284.6106145022704,0.5096487998385443,0.7362509556013618
1247,1164.1096188153094,2284.7296463720963,0.509517448011317,0.7360612015818356
1248,1163.8708029725135,2284.814363862808,0.5093940327847126,0.7358829129671032
1249,1163.63296756545,2284.9056960265907,0.5092695814925694,0.73570312762709
1250,1163.3964699084731,2285.0035034236957,0.5091442827835134,0.735522118088154
1251,1163.16166731594,2285.107646614373,0.5090183252588936,0.7353401568083552
1252,1162.9289171022049,2285.179549592196,0.5089004569946097,0.7351698814692559
1253,1162.6985765816237,2285.260106549412,0.5087817239050394,0.7349983567826769
1254,1162.4607359455695,2285.349143186334,0.5086578299912703,0.7348193766449143
1255,1162.2253529350828,2285.446485203277,0.508533173040676,0.7346392942057395
1256,1161.9927761495348,2285.5519583005566,0.5084079458047173,0.7344583879185645
1257,1161.7587483191041,2285.6653881784855,0.5082803258638589,0.7342740250721485
1258,1161.5190121739686,2285.7866005373794,0.5081484911587547,0.7340835734755881
1259,1161.2066523218095,2285.9154210775514,0.5079832095338118,0.7338448036514541
1260,1160.893826217991,2286.051675499317,0.5078160912370583,0.733603380526898
1261,1160.5808214569947,2286.1951895029893,0.5076473027262824,0.7333595445708581
1262,1160.2679256333026,2286.345788788883,0.5074770103991648,0.7331135361654392
1263,1159.9554263413954,2286.5032990573136,0.5073053805868661,0.7328655955966502
1264,1159.6436111757541,2286.6675460085944,0.5071325795478778,0.7326159630455201
1265,1159.322500607877,2286.8383553430394,0.5069542838037504,0.7323583927107424
1266,1159.0122497819143,2287.015552760964,0.5067793476011629,0.7321056756507492
1267,1158.7605340193838,2287.198963962682,0.5066286546456701,0.7318879809705711
1268,1158.4431717662467,2287.3884146485075,0.50644794926281,0.7316269296135284
1269,1158.1174474856905,2287.583730518755,0.5062623203842529,0.7313587656557831
1270,1157.8555186330789,2287.7847372737397,0.5061033495716246,0.7311291125834175
1271,1157.5904698160941,2287.981651472105,0.505943948051896,0.7308988373011807
1272,1157.322649634108,2288.184557222165,0.5057820384204879,0.7306649387402833
1273,1157.0524066864912,2288.4035386322316,0.5056155468882276,0.73042442105484
1274,1156.7807475539284,2288.590375694271,0.5054555676889121,0.7301933112427307
1275,1156.5086788171043,2288.785927740593,0.5052935116386215,0.7299592011615822
1276,1156.2365490753905,2288.9919595555143,0.5051291439660247,0.7297217516550638
1277,1156.0365767890405,2289.2390633483633,0.5049872664230007,0.7295167919324806
1278,1155.8419075706263,2289.467427310508,0.5048518680732756,0.7293211922088993
1279,1155.5906903051966,2289.707643651278,0.5046891875079895,0.7290861799383169
1280,1155.340279175813,2289.928701842099,0.5045311141112895,0.7288578232946586
1281,1155.0910314968312,2290.159194003407,0.5043715015625734,0.7286272431548537
1282,1154.8433045826066,2290.388617707641,0.5042128203284748,0.7283980084146207
1283,1154.5974557474951,2290.5339339700636,0.5040734994684367,0.7281967421379794
1284,1154.271705321986,2290.6511592236475,0.5039054945901035,0.7279540382362774
1285,1153.9432140339202,2290.7694302753457,0.503736080455386,0.7277092984887931
1286,1153.6122694777787,2290.888398525786,0.5035654596793724,0.7274628155981726
1287,1153.2791592480428,2291.0077153755983,0.5033938347339738,0.727214882060225
1288,1152.9441709391942,2291.1270322254104,0.5032214079458178,0.7269657901608791
1289,1152.6075921457143,2291.2267821925116,0.5030526009488968,0.7267219274993078
1290,1152.2697104620838,2291.327133493528,0.5028831080550457,0.7264770739744784
1291,1151.9308134827845,2291.4482543450863,0.5027086303600669,0.7262250192856418
1292,1151.5911888022977,2291.570577864476,0.5025335898122196,0.725972151485968
1293,1151.2511240151046,2291.745091067241,0.502346935748853,0.725702506521506
1294,1150.9109067156862,2291.923443220583,0.5021594024530069,0.7254315913965858
1295,1150.5708244985246,2292.146397791985,0.5019621895036307,0.7251466928105766
1296,1150.3080380914596,2292.3752480502535,0.5017974430974325,0.7249086961763577
1297,1150.0407678249815,2292.609723830876,0.5016295429050613,0.7246661435065229
1298,1149.6924978800866,2292.849554969341,0.5014251787206596,0.7243709140738153
1299,1149.3648711184615,2293.0944713011345,0.5012287480970182,0.7240871456544427
1300,1149.0953131686092,2293.344202661744,0.5010566280608575,0.723838496896432
1301,1148.8225786069859,2293.598478886657,0.5008821679916005,0.7235864676701385
1302,1148.5470247479475,2293.85702981136,0.5007055844462985,0.7233313708191045
1303,1148.269008905849,2294.1195852713413,0.5005270938262947,0.7230735189619327
1304,1147.9888883950464,2294.3858751020875,0.5003469123710358,0.7228132244833466
1305,1147.707020529895,2294.655629139086,0.5001652561523989,0.7225507995259943
1306,1147.4134955017676,2294.870922367805,0.49999042835833557,0.7222982390755712
1307,1147.1182710517046,2295.0930350717244,0.4998134077888724,0.7220425108888873
1308,1146.821695779078,2295.321644796427,0.49963441872251857,0.7217839389640893
1309,1146.4472451499,2295.5564290874936,0.4994201974837204,0.7214744697927203
1310,1146.077335027533,2295.7586289238266,0.49921508323580827,0.7211781568001642
1311,1145.712244291474,2295.9401280579928,0.49901660339051085,0.7208914280257335
1312,1145.3522518212205,2296.1313443996337,0.4988182643012934,0.7206049025909326
1313,1144.997636496269,2296.331894489442,0.4986202731599665,0.7203188798100515
1314,1144.6486771961172,2296.5413948681075,0.4984228369468844,0.7200336586919049
1315,1144.305652800262,2296.759462076324,0.49822616242354917,0.7197495379291485
1316,1143.9592330465298,2297.026781146714,0.4980173685547743,0.7194479092674939
1317,1143.6199552224173,2297.3045669132275,0.4978094640533631,0.7191475654073959
1318,1143.2880894924372,2297.592470776493,0.497602644522095,0.7188487889213502
1319,1142.963906021102,2297.810639078526,0.4974143154282967,0.7185767241675032
1320,1142.6572841145946,2298.079227050628,0.497222754839958,0.7182999911186573
1321,1142.3582355294288,2298.3183461748763,0.49704090707480614,0.7180372894485868
1322,1142.0670391451015,2298.5660146987066,0.49686066523297234,0.7177769077340973
1323,1141.7839738411096,2298.8218143028716,0.49668224250227977,0.7175191539514629
1324,1141.58619163031,2299.085326668127,0.49653928820672166,0.7173126387261837
1325,1141.3919041282072,2299.356133475227,0.49639631178103644,0.7171060915311886
1326,1141.2014599341735,2299.633816404926,0.49625355645458447,0.7168998637414818
1327,1141.0152076475797,2299.9282242609615,0.4961090505397069,0.7166911070094885
1328,1140.8334958677967,2300.2319702226555,0.4959645421141449,0.7164823466504997
1329,1140.6566731941964,2300.506208119067,0.4958285568491539,0.7162858990549612
1330,1140.4850882261499,2300.788930052678,0.49569305264348507,0.716090146409329
1331,1140.3190895630285,2301.1393203532493,0.49554543676563545,0.7158768969497735
1332,1140.1590258042033,2301.497358052528,0.4953987984452777,0.715665059693362
1333,1140.005245549046,2301.8626509762225,0.49525337450762696,0.7154549767635159
1334,1139.8580973969279,2302.2059795250293,0.4951156010949521,0.71525594596668
1335,1139.71792994722,2302.5789189759334,0.49497453509828315,0.7150521586235463
1336,1139.5850917992934,2302.9625081376307,0.4948344090589898,0.7148497291655214
1337,1139.45993155252,2303.3255447518945,0.49470207724165116,0.7146585594286302
1338,1139.2606608224048,2303.6964292095045,0.4945359320686768,0.7144185421021699
1339,1139.1316956134935,2304.0850015992137,0.49439655864382076,0.714217199889124
1340,1139.0015059492907,2304.4812344601078,0.4942550578920792,0.7140127844883205
1341,1138.7985618533003,2304.8654911896006,0.4940846076295485,0.7137665479255924
1342,1138.590406196709,2305.257870284445,0.493910213201536,0.7135146135262248
1343,1138.3100538673243,2305.6066003805104,0.493713911852725,0.7132310318603919
1344,1138.0295926006363,2305.9496387203408,0.49351884078100344,0.7129492274825328
1345,1137.8165042629414,2306.3384908610456,0.4933432402795959,0.7126955507604325
1346,1137.6710677337362,2306.7349250380767,0.49319540593289324,0.7124819856954995
1347,1137.5263589057186,2307.1096606472406,0.4930525749636863,0.7122756486304433
1348,1137.3923268049452,2307.493019733352,0.49291257528327403,0.7120734017135074
1349,1137.326316899494,2307.8845229722765,0.492800357027723,0.7119112885133753
1350,1137.2568689327436,2308.283691039876,0.49268505138569524,0.7117447152002309
1351,1137.184392508955,2308.7105788579847,0.492562559778051,0.711567760867738
1352,1137.1092972323893,2309.1461642304066,0.49243712452969196,0.7113865540808296
1353,1137.041601848978,2309.590643244288,0.4923130448137652,0.711207305528786
1354,1136.9618484133134,2310.0435540054636,0.4921819965004107,0.7110179899727251
1355,1136.8807136526398,2310.4852163364258,0.49205279722815615,0.7108313455860601
1356,1136.7313431795296,2310.9260760173356,0.4918942907678724,0.7106023633282977
1357,1136.5763463125663,2311.3663029903864,0.491733545151235,0.7103701463312294
1358,1136.3544601982378,2311.774599132525,0.49155071633049596,0.7101060274045818
1359,1136.1229605847475,2312.1888693963874,0.49136252475834297,0.7098341613178224
1360,1135.8917267782774,2312.6085821679358,0.4911733596151603,0.7095608887868582
1361,1135.6610289433409,2313.0043784081176,0.490989571634507,0.7092953842346511
1362,1135.4311372444508,2313.406501726888,0.4908048526693799,0.7090285347598057
1363,1135.2023218461193,2313.8047852235827,0.4906214772723036,0.7087636262357907
1364,1134.9748529128594,2314.208929547209,0.4904375047653649,0.7084978551124586
1365,1134.749000609184,2314.6286353467685,0.49025099892068874,0.7082284242682938
1366,1134.5250350996057,2315.0537357216003,0.49006423375566927,0.7079586188037028
1367,1134.3032265486374,2315.4836729127087,0.4898774453985966,0.7076887798353123
1368,1134.083845120792,2315.9178891611,0.4896908696238767,0.7074192479685186
1369,1133.867160980582,2316.3366084244394,0.4895088031923964,0.707156230407793
1370,1133.65344429252,2316.7495226367487,0.48932930954153453,0.7068969295480376
1371,1133.4429652211188,2317.1759241587333,0.48914842995040314,0.706635626525522
1372,1133.1641240700087,2317.6261629057276,0.488933091197634,0.7063245429665015
1373,1132.884393990502,2318.040710306092,0.4887249775008944,0.7060238968977836
1374,1132.536720150532,2318.42989884519,0.4884929756619548,0.705688741442351
1375,1132.1931205657136,2318.82391112809,0.4882617930289111,0.7053547694315255
1376,1131.8537433907802,2319.2426626368715,0.4880273037509214,0.7050160205616118
1377,1131.5906066413477,2319.66633375428,0.48782473158970113,0.704723379928839
1378,1131.4039194770378,2320.0847140047317,0.48765629662035276,0.7044800547072773
1379,1131.0829483489092,2320.5587960772245,0.48741835382966464,0.7041363168095758
1380,1130.834239255956,2321.011140364422,0.48721620486423156,0.7038442875356501
1381,1130.5907373661119,2321.471955616342,0.4870146006420071,0.7035530452109099
1382,1130.4245216998816,2321.9406492140524,0.4868447098690985,0.703307616900392
1383,1130.263992560896,2322.4166285386236,0.4866758094442824,0.7030636192706288
1384,1130.0375502527847,2322.8993009711244,0.48647720104799846,0.7027767047883405
1385,1129.81266792686,2323.3880738926227,0.4862780697819297,0.7024890349557427
1386,1129.5792876197615,2323.8823546841872,0.48607421341398754,0.7021945391269476
1387,1129.3472189177974,2324.3431141602073,0.48587801518530715,0.701911106430944
1388,1129.1269293885894,2324.810793333748,0.4856855158390917,0.7016330172298144
1389,1128.909019050091,2325.2847647259405,0.4854928033655891,0.7013546201398624
1390,1128.693697061924,2325.764400857917,0.4853001003221035,0.7010762366727405
1391,1128.481172583712,2326.249074250808,0.48510762887553244,0.7007981877761105
1392,1128.2043907833877,2326.7381574257465,0.4848867016611826,0.7004790309906243
1393,1127.9353696765672,2327.2720913957974,0.48465986158072316,0.7001513323360609
1394,1127.597384284624,2327.802237833678,0.4844042874252065,0.6997821237432303
1395,1127.3495231596416,2328.297194036524,0.48419485538492507,0.6994795731636163
1396,1127.1770614641762,2328.835828869096,0.4840088113946373,0.6992108095254469
1397,1126.9410745052785,2329.3380359388657,0.4838031479836512,0.6989137031986612
1398,1126.7705771672704,2329.84161561866,0.4836253973719457,0.6986569203753359
1399,1126.5362451838885,2330.3870002065587,0.48341165870048003,0.6983481483323812
1400,1126.3773518474525,2330.935151801967,0.48322981056623915,0.6980854461291157
1401,1126.2222277417188,2331.48546907097,0.4830492159106126,0.6978245547313068
1402,1126.0710733113258,2331.9989141129718,0.48287804359448094,0.6975772750725214
1403,1125.924089000912,2332.5281602929763,0.48270546446885804,0.6973279631027945
1404,1125.781475255116,2333.064944934385,0.482533277823853,0.6970792181200399
1405,1125.643432518576,2333.60864055833,0.48236170065313905,0.6968313535985546
1406,1125.5101612359308,2334.158619685943,0.4821909495539623,0.6965846824399475
1407,1125.3818618518185,2334.714254838355,0.4820212407234113,0.6963395169677503
1408,1125.1868649499957,2335.274918536698,0.4818220141956763,0.6960517095178504
1409,1124.9925739618996,2335.830374160434,0.48162425936697345,0.6957660281198891
1410,1124.8709981881616,2336.390252638693,0.48145681010171354,0.6955241268702415
1411,1124.7550740817305,2336.9654128418915,0.48128871223385383,0.6952812886336255
1412,1124.5200832455364,2337.55131862071,0.48106754888661357,0.6949617907248671
1413,1124.2995854282044,2338.140392296315,0.4808520434155866,0.694650466320628
1414,1124.218586621286,2338.7319976748554,0.48069577349562637,0.6944247150229913
1415,1124.1438146706369,2339.3254985624762,0.4805418550609683,0.6942023607377706
1416,1124.0754700208963,2339.852994773637,0.4804043128058317,0.694003663876693
1417,1124.013753116703,2340.385658970477,0.4802686039407499,0.6938076155751338
1418,1123.8869945418119,2340.9227939542543,0.48010425522977523,0.6935701934610323
1419,1123.7523306046785,2341.463702526226,0.47993583218576147,0.6933268854670968
1420,1123.6195011717364,2342.007687487649,0.47976764003583655,0.693083911028334
1421,1123.48863696775,2342.5643187627647,0.4795977758088304,0.6928385210666674
1422,1123.3598687174836,2343.123298726144,0.47942840623376765,0.6925938456911358
1423,1123.1084083039923,2343.68393889403,0.47920642782319034,0.6922731703222108
1424,1122.8677457560273,2344.2455507826626,0.47898896315752443,0.691959015618115
1425,1122.64816562654,2344.8154985537612,0.4787788916948769,0.6916555413135198
1426,1122.4400849188135,2345.4137168623743,0.4785680568204321,0.6913509641658186
1427,1122.224311494461,2346.0408018134267,0.4783481645447137,0.6910333024776555
1428,1122.0406065977727,2346.6365407090116,0.47814844230575215,0.6907447789113549
1429,1121.8492438443955,2347.2599522941887,0.4779399242712385,0.6904435487265307
1430,1121.6604990722967,2347.881625240002,0.4777329857750558,0.6901446003808983
1431,1121.560854556505,2348.5009756425034,0.4775645682879345,0.6899013004145836
1432,1121.46824303303,2349.069373889397,0.4774095884517001,0.6896774128030311
1433,1121.382734221745,2349.6375281167307,0.47725775605931436,0.6894580720648195
1434,1121.3043978425248,2350.204810845637,0.4771092258291581,0.6892435017098556
1435,1121.2333036152434,2350.780861720229,0.47696206901853,0.6890309154298869
1436,1121.2367852514642,2351.345843693284,0.4768489451514821,0.6888674939615312
1437,1121.1758396233797,2351.8805689839073,0.4767146148529838,0.6886734371705274
1438,1121.1224063117465,2352.4151853372273,0.4765835611416654,0.6884841138164377
1439,1121.143819028129,2352.9490391294216,0.47648453085195,0.6883410522700167
1440,1121.168338636408,2353.492401840967,0.4763849408476522,0.6881971821464026
1441,1121.1960958613477,2354.0356774026695,0.47628678979853944,0.688055390772175
1442,1121.2272214277127,2354.62461512452,0.4761808800543855,0.6879023909998504
1443,1121.2618460602673,2355.2428805114782,0.47607058080428954,0.6877430500413099
1444,1121.3001004837754,2355.7920996924618,0.4759758302229455,0.6876061710648844
1445,1121.3421154230016,2356.338848175401,0.47588321870230915,0.6874723822271794
1446,1121.3880216027096,2356.8728283348673,0.47579487875676824,0.6873447642099431
1447,1121.3558127637982,2357.403610095103,0.47567408820526924,0.6871702672642092
1448,1121.3224230445167,2357.9304962573638,0.4755536368965671,0.6869962603968066
1449,1121.3700504336207,2358.452789622907,0.4754685170581331,0.6868732942240078
1450,1121.4014182765486,2358.969792992991,0.47537760831339326,0.6867419652574559
1451,1121.374255413537,2359.4327634605243,0.4752728167463623,0.686590580830788
1452,1121.3462776994947,2359.8922958667576,0.4751684132633853,0.6864397570397102
1453,1121.317546139312,2360.3476494380275,0.4750645721219437,0.6862897456207854
1454,1121.2208577461895,2360.77886511733,0.47493684152855425,0.6861052229230525
1455,1121.1280823810098,2361.2057189469992,0.4748116919185622,0.6859244287762224
1456,1121.0392200437732,2361.6274527234023,0.4746892735985955,0.6857475803168771
1457,1120.9542707344795,2362.1151781037897,0.47455529735613317,0.6855540350037674
1458,1120.8732344531281,2362.6112010207125,0.47442136648166244,0.6853605552303532
1459,1120.79611119972,2363.1052238487423,0.474289549144283,0.685170128723627
1460,1120.8050379581205,2363.5965581041214,0.47419473264808615,0.6850331545250145
1461,1120.8904753065342,2364.08451530309,0.4741329965366442,0.6849439690485479
1462,1120.9806841088428,2364.5684069618915,0.474074118899834,0.6848589129935178
1463,1121.07579508981,2365.0790039470303,0.47401198573868797,0.6847691539294667
1464,1121.1759389742006,2365.6182758449527,0.4739462619233183,0.6846742077196708
1465,1121.2812464867786,2366.156759036798,0.4738829083087562,0.6845826855591616
1466,1121.3918483523082,2366.693817328714,0.47382210581765183,0.6844948488131657
1467,1121.5181424185366,2367.2390816498296,0.4737663175267041,0.6844142557017238
1468,1121.650658983543,2367.772048256624,0.4737156432813739,0.6843410504639982
1469,1121.7895374870757,2368.3119572198984,0.4736662896402871,0.6842697530030328
1470,1121.9349173688831,2368.8383047961306,0.4736224144540926,0.6842063698502163
1471,1122.0766709457307,2369.3318944894413,0.47358357584070043,0.6841502626520177
1472,1122.2245380840523,2369.7946958862794,0.4735534854694877,0.6841067933755929
1473,1122.3786495086122,2370.2568218718357,0.4735261762150521,0.684067341767581
1474,1122.4718719524853,2370.7689195772673,0.47346321384735957,0.6839763848117415
1475,1122.5612720042525,2371.2726892437186,0.47340032932369175,0.6838855403112587
1476,1122.6519139412799,2371.7777443703512,0.4733377385828015,0.6837951202164663
1477,1122.6765947767676,2372.2834313333447,0.4732472435411168,0.6836643888953318
1478,1122.774448363289,2372.809630754845,0.4731835347474162,0.6835723536344676
1479,1122.8064018531609,2373.336488157657,0.47309195617885536,0.6834400570242589
1480,1122.844325107266,2373.8633673479308,0.473002928707604,0.6833114457907893
1481,1122.888218125605,2374.3896321318125,0.47291657735105397,0.6831867005371998
1482,1122.9380809081777,2374.914646315449,0.47283302692598034,0.683066001576816
1483,1123.070786588343,2375.4377737049886,0.4727847637265955,0.6829962793942488
1484,1123.2042679021095,2375.9583781065785,0.47273735022126123,0.6829277847002128
1485,1123.3385945693515,2376.475823326366,0.4726909415796237,0.6828607416565234
1486,1123.4738363099427,2376.999740293482,0.47264365126570457,0.6827924249277787
1487,1123.6100628437584,2377.5198923873872,0.47259754437448054,0.6827258178000188
1488,1123.747343890672,2378.035652129215,0.47255277391846734,0.6826611413188168
1489,1123.885749170558,2378.5463920400957,0.4725094927438407,0.6825986162894465
1490,1123.953478542408,2379.051484641161,0.4724376440772727,0.6824948219717984
1491,1124.0178047128957,2379.5503024535433,0.47236564133732584,0.6823908050760291
1492,1124.0787363970057,2380.0422179983734,0.472293612229434,0.6822867500884902
1493,1124.1362823097215,2380.5266037967835,0.4722216842764109,0.6821828412317157
1494,1124.2623210269107,2381.0028323699053,0.47218016952457315,0.6821228680193353
1495,1124.466531410117,2381.542146099753,0.47215898876769985,0.6820922697868009
1496,1124.6623100460306,2382.0767145206587,0.47213521847987355,0.6820579306553587
1497,1124.8451905052054,2382.6059711586445,0.4721070979093539,0.6820173070005523
1498,1124.9480482357014,2383.1293495397317,0.47204657542108214,0.6819298747534057
1499,1125.0325644102768,2383.646283189942,0.4719796608852086,0.6818332084000343
1500,1125.0365480295923,2384.156205635297,0.4718803849220979,0.6816897919478977
1501,1125.027271800322,2384.6201138351385,0.4717846944564107,0.6815515551918679
1502,1125.00474443745,2385.050305503788,0.47169015338643694,0.6814149788806242
1503,1124.9593655142908,2385.47761251264,0.471586637247609,0.6812654369683183
1504,1124.8911350308445,2385.901407382826,0.4714742744817669,0.6811031150051321
1505,1124.81992053678,2386.321062635478,0.4713615188454638,0.6809402254917969
1506,1124.7361128904272,2386.735950791727,0.47124446779181006,0.6807711307148956
1507,1124.711581952669,2387.196779987621,0.4711432217827058,0.6806248682867736
1508,1124.6221278679996,2387.637018290152,0.4710188857238318,0.6804452494155222
1509,1124.5972840623049,2388.0490871489856,0.4709272058577846,0.6803128064685201
1510,1124.5652503945778,2388.4631604542037,0.4708321522450127,0.680175489725581
1511,1124.5260965846915,2388.8786107269398,0.47073387971040365,0.6800335228504737
1512,1124.479892352521,2389.285201346653,0.4706344356541193,0.6798898635668819
1513,1124.42670741794,2389.6445175341264,0.47054141281994344,0.6797554805357113
1514,1124.2993475091337,2390.0072151355007,0.4704167168990709,0.6795753417991321
1515,1124.236955193658,2390.353396098664,0.47032248747341887,0.6794392156967964
1516,1124.1004663388157,2390.7131645938216,0.4701946193238948,0.6792544942821519
1517,1123.9617595204734,2391.0762229955462,0.47006521528300393,0.6790675540817732
1518,1123.8112343119456,2391.4418828200783,0.4699303973829818,0.6788727928898409
1519,1123.6591578362156,2391.809455583661,0.4697945963935555,0.6786766115032303
1520,1123.505530093283,2392.178252802535,0.4696579482641187,0.6784792063177166
1521,1123.3503510831486,2392.547585992943,0.46952058870626034,0.6782807733855362
1522,1123.1936208058116,2392.916766671125,0.4693826531912047,0.6780815084116889
1523,1123.0353392612724,2393.285106353325,0.4692442769480373,0.6778816067513754
1524,1122.8755064495308,2393.6423074141126,0.4691074781605903,0.6776839839216643
1525,1122.7859922314697,2393.9979397777292,0.46900040036614016,0.6775292967556932
1526,1122.6995936202895,2394.4231761063156,0.4688810252187603,0.6773568445369078
1527,1122.6163716208803,2394.8501162143293,0.4687626854057411,0.6771858879871255
1528,1122.545996379802,2395.2883910309006,0.46864753345908094,0.6770195367060183
1529,1122.406400633063,2395.7277639354916,0.468503315580929,0.6768111960788299
1530,1122.403990939909,2396.167607449234,0.4684163108834984,0.6766855069932373
1531,1122.3278943116493,2396.6072940932595,0.4682986224225253,0.6765154914023399
1532,1122.3173143207302,2397.097532003615,0.46819843553993434,0.676370759013939
1533,1122.242856981014,2397.589691568005,0.46807127213125277,0.676187055684923
1534,1122.1615975960656,2398.083188882483,0.4679410634286619,0.6759989530508336
1535,1122.0736146007428,2398.597974289067,0.4678039532378576,0.6758008803603174
1536,1121.9789864299046,2399.1142630304407,0.4676638389922608,0.6755984679397512
1537,1121.8777915184096,2399.631488632624,0.46752086594666514,0.6753919256277151
1538,1121.7701083011164,2400.1490846216398,0.4673751791039066,0.6751814628988055
1539,1121.6464060712133,2400.628047956829,0.4672304012384779,0.674972313300483
1540,1121.5170216715578,2401.1088457962105,0.46708295779055425,0.6747593129373597
1541,1121.3820248220252,2401.5908768058675,0.46693299664490356,0.6745426754473404
1542,1121.2414852424881,2402.073539651885,0.46678066542666363,0.6743226140932617
1543,1121.1673425137046,2402.566500123331,0.46665403120211313,0.6741396752364122
1544,1121.0924633687491,2403.0595564596038,0.46652712387221895,0.6739563418449924
1545,1121.1087246579218,2403.590552608453,0.4664308251009137,0.6738172263159866
1546,1121.047058300637,2404.1178623189494,0.46630286970178086,0.6736323788584516
1547,1120.91260700912,2404.6409278321007,0.4661455246957293,0.6734050744655025
1548,1120.9118470624908,2405.159191388913,0.46604476372110537,0.6732595127298961
1549,1120.8339751919323,2405.672095230391,0.46591303004850715,0.673069207087332
1550,1120.8182646897662,2406.179081597541,0.4658083320820902,0.67291795787837
1551,1120.6585181563692,2406.6411561646883,0.46565251960632625,0.6726928674156589
1552,1120.4939478791716,2407.0987948048373,0.4654956208268215,0.6724662076523481
1553,1120.3246322930322,2407.522577474045,0.4653433545235819,0.6722462400760454
1554,1120.1410406911398,2407.9426867773777,0.4651859227556027,0.6720188103447218
1555,1119.9535099163515,2408.358503950951,0.46502773905091355,0.6717902943474804
1556,1119.7621096885418,2408.7694102308815,0.46486895131286654,0.6715609057490732
1557,1119.566909727585,2409.2466567141673,0.4646958444904507,0.6713108314558243
1558,1119.3775888950252,2409.7224216501254,0.46452553158736837,0.6710647933258702
1559,1119.1839585027378,2410.196147279761,0.464353890767725,0.6708168368556054
1560,1118.9860969855808,2410.677542967064,0.4641790853571946,0.6705643087409743
1561,1118.7840827784134,2411.1564505263545,0.4640031062829553,0.6703100851234252
1562,1118.577994316094,2411.632320913622,0.46382609181997203,0.6700543657583095
1563,1118.5686466239526,2412.1046050848577,0.46373140048153155,0.6699175723656122
1564,1118.492239742252,2412.5727539960512,0.46360974519406456,0.6697418262014303
1565,1118.2873626627484,2413.0266094615226,0.4634376422862154,0.669493202187392
1566,1118.0790126620072,2413.475880845262,0.46326504504798566,0.6692438640517561
1567,1117.8672681748885,2413.9918802491575,0.46307830499392943,0.6689740948630687
1568,1117.65220763625,2414.5068469274156,0.4628904693554794,0.6687027429667262
1569,1117.4243003392808,2415.0202841259315,0.462697687337939,0.6684242454117788
1570,1117.1938831268385,2415.5316950906017,0.46250433616642517,0.6681449256432661
1571,1116.9610257187967,2416.040583067322,0.46231053962708746,0.667864962485647
1572,1116.7257978350303,2416.546451301989,0.46211642123964136,0.6675845343784832
1573,1116.4882691954135,2417.0488030404977,0.4619221042582758,0.6673038193777507
1574,1116.391591260272,2417.5471415287443,0.4617868963474763,0.6671084947668373
1575,1116.3007697945684,2418.0409700126247,0.46165502720524215,0.6669179934215678
1576,1116.2159965279568,2418.5297917380344,0.4615266681192327,0.6667325627882287
1577,1116.137463190092,2419.0131099508703,0.46140199017472894,0.6665524500207457
1578,1116.0858957565936,2419.490427897027,0.46128965127862614,0.666390162540361
1579,1116.0890148494682,2419.9612488224016,0.46120119294991935,0.6662623735039463
1580,1116.047691879994,2420.4250759728893,0.46109574014861787,0.6661100338422937
1581,1116.0147875853372,2420.881412594386,0.46099523164554257,0.6659648368331794
1582,1115.9083741412537,2421.329761932788,0.4608659223890667,0.665778033560654
1583,1115.805464120852,2421.7798943569746,0.4607377684160344,0.6655928992384718
1584,1115.7061969638805,2422.221712686155,0.4606127470167061,0.6654122903078606
1585,1115.6107121100874,2422.6547288812103,0.46049100551166033,0.6652364195916837
1586,1115.586412990911,2423.0784549030204,0.46040045081229547,0.6651056020876247
1587,1115.4897603292236,2423.4924027124657,0.46028192994569517,0.6649343839834697
1588,1115.4600274173472,2423.896084270426,0.4601930068933182,0.664805923596026
1589,1115.4301507082298,2424.3300800297143,0.4600983009271404,0.6646691090717464
1590,1115.261196793938,2424.786301613419,0.4599420559460679,0.6644433938014289
1591,1115.092377961903,2425.245103703969,0.45978543622616613,0.664217137174355
1592,1114.9910366386723,2425.6958008591364,0.4596582292980691,0.6640333709761412
1593,1114.8181784114217,2426.137974759676,0.45950320633427755,0.6638094210614788
1594,1114.7130155675832,2426.5712070863415,0.459377830047713,0.6636282994522017
1595,1114.6038176860213,2427.023906944897,0.45924715224130963,0.6634395191394239
1596,1114.4907242064855,2427.4648807921008,0.45911713616339467,0.6632516947755899
1597,1114.3738745687237,2427.904003576643,0.4589859701730772,0.6630622092205484
1598,1114.253408212485,2428.3697192642258,0.4588483373734762,0.6628633815567524
1599,1114.1294645775174,2428.8206107635424,0.45871212539952516,0.6626666064519791
1600,1114.0021831035695,2429.256329475224,0.45857745417266027,0.6624720571476294
1601,1113.8044392387005,2429.6765267998985,0.4584167591665713,0.6622399132637806
1602,1113.6754452703415,2430.13218975311,0.4582777224902673,0.6620390575258197
1603,1113.4762067856677,2430.5749676020605,0.4581122662857806,0.6618000354998635
1604,1113.2786720804215,2431.0045553222985,0.457950055931847,0.6615657025079487
1605,1113.154789450344,2431.4411821353424,0.45781686911823555,0.661373297622808
1606,1113.037434343494,2431.8653421633694,0.45768876057641583,0.6611882289316519
1607,1112.9940101913094,2432.2767478118994,0.4575934918559617,0.6610506014389638
1608,1112.8855835858565,2432.6751114864505,0.45747398751732365,0.660877962587369
1609,1112.8514278194566,2433.060145592541,0.45738755362680755,0.6607530981032204
1610,1112.8198734758648,2433.431562535691,0.4573047751202345,0.6606335142749312
1611,1112.7911209997199,2433.7890747214174,0.45722578532286945,0.6605194037073968
1612,1112.6935009747776,2434.1323945552404,0.4571211917082623,0.6603683052475777
1613,1112.594416832476,2434.461234442678,0.4570187444727099,0.6602203074987395
1614,1112.503617154233,2434.7855739122315,0.45692057201023006,0.660078485190245
1615,1112.4013738301292,2435.0955249427348,0.4568204254969788,0.6599338111203665
1616,1112.2980934228956,2435.3908086546908,0.4567226292675913,0.6597925323272769
1617,1112.1939153722806,2435.6711461686023,0.4566272902324279,0.6596548032562628
1618,1112.0889791180327,2435.936258604972,0.45653451529758465,0.6595207783464507
1619,1111.9834240999014,2436.1858670843026,0.45644441137438957,0.6593906120445252
1620,1111.886998899304,2436.419692727098,0.45636102934907846,0.6592701563585023
1621,1111.7895845479911,2436.599020087181,0.4562874627226155,0.6591638802345304
1622,1111.6913292006948,2436.776844983974,0.4562138430891098,0.6590575275353054
1623,1111.5923810121478,2436.976028564246,0.4561359520910211,0.6589450043197231
1624,1111.4928881370827,2437.1674645234907,0.45605930011641577,0.6588342710273661
1625,1111.4648685911163,2437.350873982212,0.4560134859759334,0.6587680868143926
1626,1111.3693976812979,2437.5362451838946,0.45593963982162367,0.6586614068777475
1627,1111.2738875540504,2437.7136988223574,0.4558672694381211,0.6585568588752253
1628,1111.250356224989,2437.8829647330863,0.4558259655203158,0.6584971902387763
1629,1111.1790972845045,2438.0437727515687,0.4557666723228809,0.658411533854839
1630,1111.159657640564,2438.1958527132924,0.4557302713824382,0.6583589481778116
1631,1111.145516707067,2438.338934453745,0.4556977297153294,0.6583119377001782
1632,1111.1368836436368,2438.4727478084124,0.45566918254152144,0.6582706977639663
1633,1111.133967609896,2438.597022612783,0.4556447651278583,0.658235423778923
1634,1111.0548407816011,2438.711488702343,0.45559093231352343,0.6581576555961876
1635,1110.9765157318604,2438.815875912581,0.4555393159051599,0.6580830892870068
1636,1110.8991319004222,2438.9099140789826,0.45549002260706145,0.6580118789989786
1637,1110.822828727035,2438.993333037037,0.455443159142972,0.657944178907799
1638,1110.7477456514473,2439.06586262223,0.4553988322633022,0.6578801432276874
1639,1110.6644129717379,2439.117623528379,0.45535500307897114,0.6578168265302731
1640,1110.583228535654,2439.158603998971,0.45531406884114306,0.6577576919424406
1641,1110.5043230679598,2439.1885251545086,0.45527613450773174,0.6577028910889253
1642,1110.4278272934198,2439.2071081154945,0.4552413050941478,0.6576525756775238
1643,1110.3538719367984,2439.2140740024315,0.4552096856816068,0.6576068975110957
1644,1110.2825877228595,2439.209143935823,0.45518138142568054,0.6575660084999181
1645,1110.2141053763678,2439.1920390361715,0.45515649756509563,0.6575300606743949
1646,1110.0664186382207,2439.1624804239805,0.45510146517392586,0.6574505595540143
1647,1109.8445917857855,2439.120189219753,0.45501841061010295,0.6573305769267599
1648,1109.6158888107514,2439.064886543991,0.45493496090750196,0.6572100234724909
1649,1109.4521795740009,2438.996293517199,0.4548806336946479,0.6571315410697232
1650,1109.2862610887348,2438.914131259878,0.45482792808113626,0.6570554012684997
1651,1109.1181943598433,2438.818120892533,0.4547769203690925,0.6569817142967123
1652,1108.9576495338858,2438.7490520275983,0.4547239694924282,0.6569052201824195
1653,1108.7944292077536,2438.709312570769,0.4546644503681812,0.6568192374191572
1654,1108.6388702243044,2438.660256795741,0.4546098076330615,0.6567402992053102
1655,1108.4814418767262,2438.6016755428923,0.45455617167570067,0.6566628154069101
1656,1108.3222225998782,2438.5333596526,0.4545036130888825,0.6565868880039961
1657,1108.1612908286186,2438.4550999652415,0.45445220248033874,0.6565126189982017
1658,1107.998724997806,2438.3666873211937,0.45440201047655426,0.6564401104182509
1659,1107.9064734031817,2438.3089810527667,0.4543749303358719,0.6564009897934961
1660,1107.7455416319222,2438.2741716625455,0.45431541477413184,0.6563150121767174
1661,1107.5832721105753,2438.233283570787,0.45425648135215435,0.6562298755330884
1662,1107.4197432739995,2438.186168622759,0.45419818942683116,0.6561456656110075
1663,1107.2550335570536,2438.142945786711,0.4541386859496778,0.6560597054519144
1664,1107.2333585196445,2438.145202096142,0.4541293757105708,0.6560462556558164
1665,1107.1286532124805,2438.1447959778748,0.454086506691019,0.6559843260356139
1666,1106.9559300674866,2438.162165813048,0.45401243017744586,0.6558773133164175
1667,1106.8544013720934,2438.1780148834637,0.45396783771138927,0.6558128939638022
1668,1106.7569425743607,2438.1922647542647,0.45392521277886433,0.6557513169576091
1669,1106.673960237019,2438.2048369905906,0.45388883798744173,0.6556987690560871
1670,1106.5959933731326,2438.1772165909038,0.45386200225445134,0.6556600015085825
1671,1106.5231901374332,2438.150358752342,0.4538371418174828,0.6556240875213808
1672,1106.455698684654,2438.0953227550995,0.453819704405296,0.6555988970149187
1673,1106.3936671695278,2438.0427705283773,0.4538040433678479,0.6555762727022734
1674,1106.3372437467874,2437.992562632427,0.45379024559132275,0.6555563401013234
1675,1106.2865765711658,2437.9548267504833,0.4537764869276598,0.6555364640037581
1676,1106.2418137973953,2437.9102138744433,0.4537664297485767,0.6555219351601448
1677,1106.2031035802092,2437.8688516875404,0.4537582498806176,0.6555101183254862
1678,1106.17059407434,2437.8306007500264,0.45375203417908283,0.6555011389730456
1679,1106.1533845948775,2437.7953216221517,0.45375154131431494,0.6555004269687076
1680,1106.1407069072416,2437.7628748641696,0.45375238023053205,0.6555016388873204
1681,1106.060848020267,2437.7331210363304,0.4537251590321987,0.6554623144872788
1682,1105.9811677904702,2437.705920698886,0.45369753521105094,0.6554224084486031
1683,1105.9017620826785,2437.6811344120883,0.4536695741173696,0.655382015177886
1684,1105.870114488755,2437.6586227361886,0.45366078095359125,0.6553693123612864
1685,1105.8343708522186,2437.6382462314373,0.45364990993303733,0.6553536078226438
1686,1105.7370157627988,2437.619865458087,0.45361339207621054,0.6553008532453863
1687,1105.620520824897,2437.6033409763886,0.4535686763466766,0.6552362558233769
1688,1105.505490004355,2437.5885333465944,0.4535242412248277,0.6551720637740012
1689,1105.391993021047,2437.575303128955,0.453480141352814,0.655108356034628
1690,1105.30958500117,2437.6045793756552,0.4534408879738294,0.655051649656045
1691,1105.2282184219148,2437.6474300818745,0.4533995379244787,0.6549919143768522
1692,1105.1479891481083,2437.6934922598007,0.4533580586145018,0.6549319923646394
1693,1105.0497747612378,2437.742670044609,0.4533086237281215,0.6548605775347623
1694,1104.9734062254684,2437.7948675714706,0.4532675906920101,0.6548013002205455
1695,1104.9561000096803,2437.849988975559,0.45325024304469547,0.654776239390584
1696,1104.926134407723,2437.8668699001146,0.4532348127988608,0.6547539484850732
1697,1104.8932580010157,2437.8838161870517,0.4532181766271016,0.6547299154698691
1698,1104.799955379287,2437.891087969937,0.4531785529021594,0.6546726740805783
1699,1104.6168282860565,2437.8988129320055,0.453102000143131,0.654562084117438
1700,1104.4316836739647,2437.906851633508,0.4530245620065203,0.6544502151164756
1701,1104.2445302579963,2437.915064634695,0.45294626801260596,0.654337109723398
1702,1104.146464897357,2437.9643809877534,0.45289688131128747,0.654265764502824
1703,1104.0305582208948,2438.01625954619,0.452839702728807,0.6541831629426821
1704,1103.9174141944497,2438.1013970991444,0.45277748313006666,0.6540932790087961
1705,1103.8173696608803,2438.190887786748,0.4527198322289127,0.6540099951256999
1706,1103.7208939133745,2438.2846531741425,0.452662855617189,0.6539276853373873
1707,1103.6280653867907,2438.382614826469,0.45260660024240373,0.6538464174653615
1708,1103.5389625159878,2438.4846943088683,0.45255111302995493,0.6537662592991851
1709,1103.4433966128406,2438.5908131864826,0.45249223061370514,0.6536811963396613
1710,1103.351046538894,2438.7008930244538,0.4524339371404127,0.6535969841813466
1711,1103.2619820140221,2438.8148553879228,0.4523762759508594,0.6535136854353804
1712,1103.1762727580985,2438.932621842031,0.45231929036436946,0.6534313626819038
1713,1103.093988490998,2439.05411395192,0.45226302367834337,0.6533500784693866
1714,1102.9433290717125,2439.179253282731,0.452178054395688,0.6532273297930989
1715,1102.940310201157,2439.307961399606,0.45215295799236477,0.6531910749232067
1716,1102.858797210166,2439.4504269906693,0.45209313745746565,0.6531046567348424
1717,1102.7809968024787,2439.596971194377,0.4520340899843713,0.6530193553302176
1718,1102.7069786979703,2439.747524290854,0.4519758572225571,0.6529352308771696
1719,1102.636812616515,2439.902016560228,0.451918480796623,0.6528523435075999
1720,1102.5808354009698,2440.060378282622,0.4518662100390298,0.6527768319097306
1721,1102.5295163445237,2440.222539738164,0.4518151514422226,0.6527030714285857
1722,1102.4829338820352,2440.3884312069786,0.4517653500499362,0.6526311271354318
1723,1102.4411664483628,2440.5579829691924,0.45171685087650676,0.6525610640590651
1724,1102.4042924783648,2440.7311253049297,0.45166969890656733,0.6524929471853721
1725,1102.4389964172765,2440.907788494318,0.4516512264878796,0.6524662614835409
1726,1102.4728898626495,2441.0879028174813,0.4516317862171966,0.6524381775993602
1727,1102.506112254233,2441.271398554547,0.4516114484063575,0.6524087971070096
1728,1102.538803031775,2441.4582059856402,0.45159028335144874,0.6523782215579121
1729,1102.5711016350244,2441.648255390886,0.4515683613316009,0.6523465524789959
1730,1102.531277642847,2441.8414770504105,0.4515163199597358,0.652271372257285
1731,1102.5585433426734,2442.03780124434,0.45149118608273175,0.6522350632520092
1732,1102.5857741825625,2442.2371582527994,0.45146548133407455,0.6521979295517663
1733,1102.536236468904,2442.439478355915,0.4514078020107408,0.6521146046093033
1734,1102.4921369054373,2442.6446918338124,0.4513518239436382,0.6520337373426481
1735,1102.4535452120374,2442.8527289666176,0.45129758832346817,0.6519553872568823
1736,1102.4205311085786,2443.0635200344564,0.4512451363086255,0.651879613810416
1737,1102.3212944540521,2443.2769953174534,0.4511650936699579,0.6517639822829278
1738,1102.2231079551314,2443.4930850957353,0.45108501214029284,0.6516482945725661
1739,1102.1259803268008,2443.7117196494282,0.45100490842058505,0.6515325748059332
1740,1102.0299202840454,2443.932829258657,0.45092479919684836,0.6514168470880471
1741,1102.0068064027312,2444.1563442035476,0.45087410591233307,0.6513436143458554
1742,1101.9894444110437,2444.371927641243,0.4508272378477344,0.651275907608669
1743,1101.9060341679738,2444.589110278554,0.4507530650181186,0.6511687557489932
1744,1101.8957182410786,2444.8078136806225,0.45070852280293994,0.6511044089900089
1745,1101.8194324976598,2445.0279594125896,0.45063674149655475,0.6510007119825065
1746,1101.7444496443916,2445.218667670647,0.4505709302039356,0.650905639400965
1747,1101.6707783962577,2445.4086612999936,0.4505057971826284,0.6508115466665293
1748,1101.5984274682426,2445.597835720818,0.45044136504297994,0.6507184664426523
1749,1101.5274055753305,2445.7450178613744,0.45038521903584855,0.6506373565657787
1750,1101.4577214325059,2445.888504848596,0.45033030706388955,0.6505580294058961
1751,1101.3893837547528,2446.028157242733,0.4502766578927226,0.6504805265185128
1752,1101.3942711179384,2446.1638356040366,0.4502536809215678,0.6504473334314794
1753,1101.333319389365,2446.2954004927597,0.4502045497724937,0.6503763573878449
1754,1101.3456711365886,2446.4227124691524,0.45018617000371547,0.650349805530309
1755,1101.3641320877941,2446.545632093467,0.4501710974200697,0.6503280313122276
1756,1101.3887719628563,2446.6640199259546,0.4501593855931999,0.65031111212449
1757,1101.4196604816489,2446.7777365268666,0.45015108811848337,0.6502991253922715
1758,1101.3849975031635,2446.886642456455,0.45011688665620886,0.6502497171344859
1759,1101.4239255949565,2446.9905982749706,0.45011367284018816,0.6502450743783034
1760,1101.3973806243307,2447.099073684335,0.4500828726015063,0.6502005796102014
1761,1101.3726352979588,2447.201670836801,0.45005389152147535,0.6501587128425882
1762,1101.3496983308255,2447.2982590076044,0.45002675676214066,0.6501195133144102
1763,1101.3189692962453,2447.3887074719805,0.44999756921892803,0.6500773482851022
1764,1101.2907153172014,2447.4728855051653,0.4499705479229004,0.6500383126687558
1765,1101.1874052790208,2447.5506623823944,0.44991403945328273,0.6499566791698271
1766,1101.1007155873658,2447.621907378905,0.4498655254996088,0.6498865947415625
1767,1101.0209760956761,2447.6768806282603,0.44982284418728924,0.6498249362877576
1768,1100.9481257990615,2447.7257098136974,0.4497841083194152,0.649768977518214
1769,1100.8821036926324,2447.768255495466,0.44974931806597723,0.6497187186785044
1770,1100.8228487714987,2447.804378233818,0.4497184736493458,0.6496741600898703
1771,1100.8272968994766,2447.8339385890063,0.4497148599606481,0.6496689396679685
1772,1100.7659146506794,2447.907474754884,0.44967627494209206,0.6496131988189902
1773,1100.7777661578054,2448.00698854591,0.4496628364658614,0.6495937852719166
1774,1100.790972844987,2448.1035828172026,0.4496504888809609,0.649575947652785
1775,1100.8055259972405,2448.197187848886,0.4496392412591837,0.6495596990669268
1776,1100.8214168995812,2448.2877339210863,0.44962910267762796,0.649545052627337
1777,1100.8386368370252,2448.375151313929,0.4496200822191225,0.6495320214552893
1778,1100.8571770945878,2448.45937030754,0.4496121889726575,0.6495206186809582
1779,1100.886638098955,2448.5403211820453,0.4496093564705916,0.6495165267801171
1780,1100.8962184811767,2448.61793421757,0.44959901791822676,0.6495015914578706
1781,1100.925653340591,2448.6921396942407,0.44959741385785623,0.6494992741935485
1782,1100.9557243938577,2448.762867892182,0.4495967081294098,0.6494982546812034
1783,1100.9864316409773,2448.830049091521,0.4495969134523757,0.649498551295715
1784,1101.0177750819494,2448.8936135723825,0.4495980425526992,0.6495001824212909
1785,1100.9728815834144,2448.9534916148923,0.4495687179658971,0.6494578194155064
1786,1100.9338184093651,2449.0096134991763,0.44954246497886824,0.6494198937168811
1787,1100.900515839926,2449.0619095053607,0.4495192675885747,0.6493863822070405
1788,1100.8729041552238,2449.1103099135707,0.44949910981921987,0.649357261806963
1789,1100.8509136353837,2449.1547450039316,0.44948197572285964,0.6493325094778639
1790,1100.8447416835147,2449.2054121795536,0.4494701572228972,0.6493154361876022
1791,1100.8447181530573,2449.252641293876,0.4494614804504242,0.6493029015126912
1792,1100.8507820391212,2449.2963713420086,0.44945593147469837,0.6492948853284443
1793,1100.8628723368163,2449.3365413190622,0.4494534963921124,0.6492913675493748
1794,1100.8809280412527,2449.373090220146,0.4494541613267692,0.6492923281300268
1795,1100.9048881475408,2449.4059570403706,0.44945791243104904,0.6492977470657949
1796,1100.92508250912,2449.435080774846,0.44946081288296774,0.6493019371286333
1797,1100.9517085291,2449.460400418682,0.4494670370424915,0.6493109286996889
1798,1100.9846964876065,2449.481854966989,0.44947656756675347,0.6493246967250379
1799,1101.0239766647646,2449.528210839886,0.44948409730184297,0.6493355743620632
1800,1101.0694793407006,2449.5686318084868,0.4494952560393437,0.6493516945435507
1801,1101.12113479554,2449.6415195795335,0.4495029684933414,0.6493628361407204
1802,1101.1788733094086,2449.705805661094,0.4495147420415396,0.6493798444925785
1803,1101.232358039449,2449.761490053167,0.4495263569579376,0.6493966236811098
1804,1101.2911196924724,2449.8085727557536,0.44954170376408076,0.6494187940476287
1805,1101.3550798336203,2449.8470537688527,0.4495607503902303,0.6494463092634166
1806,1101.424160028034,2449.876933092465,0.4495834648468292,0.6494791231155873
1807,1101.4982818408553,2449.898210726591,0.44960981522337323,0.6495171895054566
1808,1101.5773668372258,2449.91088667123,0.4496397696872857,0.6495604624469156
1809,1101.6613365822861,2449.914960926382,0.44967329648279586,0.6496088960648116
1810,1101.7501126411785,2449.910433492047,0.44971036392982283,0.6496624445933356
1811,1101.8436165790442,2449.897304368226,0.449750940422862,0.6497210623744125
1812,1101.9513791026945,2449.875573554917,0.4497989167277164,0.6497903701022173
1813,1102.1303273609615,2449.8452410521218,0.4498775305854159,0.6499039375782383
1814,1102.2413187862878,2449.80630685984,0.4499299865870376,0.6499797167841016
1815,1102.2021466749352,2449.7587709780705,0.4499227269772685,0.649969229376633
1816,1102.3107545520606,2449.7026334068146,0.44997737256749043,0.6500481717150297
1817,1102.4229355727423,2449.637894146072,0.45003505955195056,0.6501315077249408
1818,1102.5386200171054,2449.564553195842,0.45009576031734716,0.6502191975155243
1819,1102.6577381652758,2449.4826105561256,0.4501594473107652,0.6503112012831742
1820,1102.7706111557093,2449.392066226923,0.4502221699666204,0.6504018119455085
1821,1102.8874276765307,2449.3339887001653,0.4502805386136094,0.6504861327015594
1822,1103.0081092928815,2449.269976269112,0.4503415793195063,0.6505743135783935
1823,1103.1325775699029,2449.2404743043185,0.4503978229754007,0.6506555645210267
1824,1103.1934900810475,2449.206457977667,0.45042894872650496,0.6507005295322296
1825,1103.2625772474487,2449.167997009031,0.45046423054472917,0.6507514984982924
1826,1103.4069636210477,2449.125161118285,0.45053106355627226,0.6508480470796487
1827,1103.5547009061033,2449.0882871482872,0.4505981702240224,0.6509449909913657
1828,1103.7057106677576,2449.0478443922257,0.4506672718522008,0.6510448168710619
1829,1103.8695236128208,2449.0039112849595,0.45074224607245944,0.6511531264390004
1830,1104.0152686524698,2448.9853936863556,0.4508051667023794,0.6512440230994463
1831,1104.1620769202007,2449.000031373958,0.4508624184462483,0.6513267303502956
1832,1104.3098612661718,2449.006895295578,0.4509214993994083,0.6514120801210312
1833,1104.4585345405394,2449.0061248909683,0.4509823488455795,0.6514999846994498
1834,1104.608009593461,2448.9978595998746,0.4510449060882134,0.6515903564018528
1835,1104.6965965371949,2448.982238862047,0.45108395602350604,0.6516467688807687
1836,1104.7818107820108,2448.959402117233,0.451122958521435,0.6517031128305242
1837,1104.9251156260605,2448.9294888051813,0.45118698626359677,0.6517956088520325
1838,1105.0893033154478,2448.8926383656412,0.45126082132084394,0.6519022727575932
1839,1105.2550858469592,2448.8489902383603,0.4513365627087436,0.65201169059442
1840,1105.4223935007199,2448.798683863088,0.4514141569844636,0.6521237851577077
1841,1105.5706223108891,2448.751467821242,0.4514833934105049,0.6522238057696498
1842,1105.7189034109642,2448.6869560215896,0.45155584330282816,0.6523284686325331
1843,1105.8671496511022,2448.6148970455474,0.4516296747950936,0.6524351273880352
1844,1106.0358081274264,2448.5354303328654,0.4517132137136634,0.6525558097258459
1845,1106.1850565907569,2448.448695323292,0.451790171753914,0.6526669851680204
1846,1106.2724234366908,2448.354831456576,0.4518431761700762,0.6527435566267639
1847,1106.4226880671886,2448.2731964558047,0.45191961814918363,0.6528539865545567
1848,1106.5639021865088,2448.2314586530783,0.4519850025925642,0.6529484424993871
1849,1106.7575900976929,2448.1887500011035,0.4520720022494973,0.6530741243033553
1850,1106.9666050517344,2448.145279659502,0.45216540629716867,0.6532090580447414
1851,1107.1717200503094,2448.0909983798983,0.4522592178080861,0.6533445804173659
1852,1107.372926378434,2448.0261240368995,0.45235339423270887,0.6534806299531356
1853,1107.5496810751567,2447.9508745051116,0.4524395046526674,0.6536050271439106
1854,1107.7417105248317,2447.865467659143,0.45253373813232817,0.653741159102765
1855,1107.9297877291344,2447.7701213736004,0.4526282015026003,0.6538776231671447
1856,1108.1139039730808,2447.6938809481,0.4527175201924595,0.6540066551020433
1857,1108.2940505416866,2447.6446255999317,0.45280023045422185,0.6541261403422319
1858,1108.470218719967,2447.58156571666,0.45288387289982035,0.6542469722376867
1859,1108.6423997929385,2447.5049801777823,0.45296839384261794,0.654369073231396
1860,1108.8201941872865,2447.415147862795,0.45305766582165824,0.6544980376867183
1861,1108.9837256383576,2447.312347651195,0.4531435175010265,0.6546220610945923
1862,1109.1528616958205,2447.2352949891592,0.45322689811105143,0.6547425147360586
1863,1109.3077260950226,2447.1816716908697,0.45330011209529497,0.6548482814245699
1864,1109.4585772439625,2447.1107578637625,0.45337489268874737,0.6549563112745513
1865,1109.6054064276564,2447.02290210721,0.4534511734533173,0.6550665083079328
1866,1109.666067947253,2446.928062162254,0.4534935395553414,0.6551277114013379
1867,1109.7994934851201,2446.8163282202663,0.45356877861459743,0.6552364035620833
1868,1109.9288011929134,2446.716885020612,0.4536400627257546,0.6553393823093605
1869,1110.0539823556494,2446.5993146536503,0.45371302759184856,0.655444789115781
1870,1110.1750282583432,2446.5024371453687,0.45378047101139174,0.6555422195072651
1871,1110.2919301860104,2446.3856023230805,0.4538499282908142,0.6556425591693313
1872,1110.4046794236672,2446.2492285060307,0.45392132023351184,0.6557456936926541
1873,1110.522876397999,2446.0937340134647,0.4539984960330576,0.6558571837151614
1874,1110.6266448443528,2445.929146306298,0.454071470762576,0.6559626047705229
1875,1110.726243170727,2445.7456252957786,0.4541462659414551,0.6560706556909637
1876,1110.749134819942,2445.5435980161346,0.4541931436924698,0.6561383764213804
1877,1110.761856082499,2445.3234915015973,0.45423922844679115,0.6562049515696364
1878,1110.7643372385246,2445.104951069735,0.4542808425268472,0.6562650682739579
1879,1110.7565085681433,2444.86788693878,0.4543216893240485,0.6563240765429507
1880,1110.738300351482,2444.660789281281,0.454352728698215,0.6563689167719449
1881,1110.7096428686657,2444.4328105214404,0.4543833800986053,0.6564131965246589
1882,1110.6704663998203,2444.184438698379,0.4544135249430254,0.6564567444943937
1883,1110.6207012250718,2443.925770992885,0.4544412577530388,0.6564968079810151
1884,1110.6424146084116,2443.647037036082,0.4545019791219595,0.6565845275359466
1885,1110.658733416481,2443.415997573762,0.4545516336634169,0.6566562596848491
1886,1110.669657649279,2443.161340504036,0.4546034841154381,0.6567311640991459
1887,1110.6751873068065,2442.8836235858994,0.454657428861245,0.6568090939807871
1888,1110.6753223890626,2442.593013720014,0.45471157747132385,0.6568873183696754
1889,1110.670062896048,2442.279810257376,0.4547677371901959,0.6569684480548605
1890,1110.6594088277627,2442.0118436636535,0.454813276892828,0.6570342358082926
1891,1110.6625784675462,2441.717871556833,0.4548693325324234,0.6571152151380428
1892,1110.6590549994007,2441.3985214157806,0.45492738905867913,0.65719908499695
1893,1110.648855853295,2441.054420719366,0.45498733925235163,0.6572856904935073
1894,1110.6319984591971,2440.686196946457,0.4550490758905053,0.6573748767308744
1895,1110.6085002470763,2440.304086717593,0.455110699642738,0.6574638998905158
1896,1110.5591603635607,2439.8984591036424,0.4551661386644559,0.6575439884391994
1897,1110.5045130546173,2439.5372142901483,0.455211138633009,0.6576089964797555
1898,1110.4637766035855,2439.1491796149685,0.4552668552970088,0.6576894861171798
1899,1110.4164341944675,2438.735052276847,0.45532475254241445,0.657773125875127
1900,1110.3625032572318,2438.2955294745266,0.4553847102760855,0.6578597422641482
1901,1110.2827829385076,2437.840917548419,0.4554369298448925,0.6579351799134617
1902,1110.2170257676005,2437.3808735726084,0.4554959127665148,0.6580203880654721
1903,1110.2023697785328,2436.8955866448237,0.4555806066796182,0.6581427389362595
1904,1110.244545944968,2436.4338258171097,0.455684260405728,0.6582924796104732
1905,1110.271815130788,2435.954631534836,0.4557850958132305,0.6584381488736122
1906,1110.2843080607565,2435.448512308622,0.45588494375858946,0.6585823916251082
1907,1110.2821554596387,2434.916243772068,0.4559837153739782,0.6587250794843542
1908,1110.2654880521984,2434.358601558775,0.456081321519874,0.6588660836782444
1909,1110.2344365631998,2433.805188727356,0.4561722695413205,0.6589974693848747
1910,1110.189131717407,2433.264442254092,0.4562550261446167,0.6591170215711615
1911,1110.0624402478952,2432.6858631625596,0.4563114609482636,0.6591985486504509
1912,1109.9935657271105,2432.089497659605,0.45639503266440445,0.6593192783684242
1913,1109.9107690189342,2431.4659152607355,0.4564780291809742,0.6594391771392158
1914,1109.824447971114,2430.8159526044433,0.45656457321749,0.6595642007429339
1915,1109.725132881729,2430.1404463292183,0.4566506164522276,0.6596885008763171
1916,1109.6848330514097,2429.4594513568923,0.4567620309248762,0.6598494529122708
1917,1109.6364849331057,2428.801333218308,0.4568658909054412,0.6599994915466479
1918,1109.5802889714553,2428.125921064914,0.4569698298368404,0.6601496442353055
1919,1109.5260547527664,2427.4341212550753,0.4570777204775796,0.6603055056586422
1920,1109.4637243136794,2426.7165817391583,0.45718718562451927,0.6604636416516336
1921,1109.3935068138167,2426.0030450155227,0.4572927099548295,0.6606160846458186
1922,1109.2341324102483,2425.2636509335202,0.4573664112696727,0.6607225553438748
1923,1109.1447506599484,2424.5275101551497,0.4574684123047844,0.6608699085007882
1924,1108.976169746984,2423.764130693405,0.45754294145351565,0.6609775751076573
1925,1108.7958018177776,2422.9840890532105,0.45761579980124567,0.6610828280350787
1926,1108.603795027062,2422.178094189822,0.45768880400921613,0.6611882916757233
1927,1108.4002975295696,2421.3471221814793,0.45776183322735303,0.661293791446658
1928,1108.1854574800336,2420.4921491064233,0.4578347663259904,0.6613991523610441
1929,1108.0266870248759,2419.6333693262322,0.45793164413723364,0.6615391043851183
1930,1107.842058339854,2418.7992878114983,0.4580132233056083,0.6616569556205024
1931,1107.6413810112756,2417.939606030435,0.45809307157580575,0.661772306358608
1932,1107.4248554837793,2417.0649702078404,0.45816925450231205,0.6618823620527615
1933,1107.192682202004,2416.166159018847,0.4582436013637453,0.6619897653230009
1934,1106.9450616105878,2415.3114822532557,0.458303233245061,0.6620759109778457
1935,1106.682194154169,2414.4301768531905,0.45836164771455346,0.6621602979301909
1936,1106.4864172612529,2413.5233496216533,0.45845275018147513,0.6622919067524818
1937,1106.281127962992,2412.5921073616487,0.4585446187058922,0.6624246222399178
1938,1106.0665964238997,2411.637556876181,0.4586371585026231,0.6625583074635383
1939,1105.8430928084883,2410.6608049682527,0.4587302745078861,0.6626928250919097
1940,1105.610887281271,2409.6725675825387,0.4588220416977463,0.6628253941889994
1941,1105.3702500067604,2408.7309571057326,0.4589015002883278,0.6629401819865277
1942,1105.1214511494693,2407.765280199831,0.4589822190050645,0.6630567901927102
1943,1104.86476087391,2406.7767133877114,0.4590640896299571,0.6631750624732139
1944,1104.600449344596,2405.766433192251,0.4591470036760316,0.6632948421051379
1945,1104.3287867260394,2404.745225278,0.4592290173269286,0.6634133210044592
1946,1103.9827791910643,2403.704007759836,0.4592839948791931,0.6634927429032337
1947,1103.6447728831583,2402.711229867311,0.4593330897047111,0.6635636664729824
1948,1103.3053765352597,2401.6962679822955,0.4593858895663625,0.6636399424273431
1949,1102.9648080219752,2400.66036834754,0.45944225287527246,0.6637213662236102
1950,1102.6232852179114,2399.5739758368486,0.45950793612577534,0.6638162538324206
1951,1102.281025997676,2398.467137973031,0.4595772894054428,0.6639164432539308
1952,1101.9382482358753,2397.3000063619525,0.45965805085369066,0.6640331131910858
1953,1101.5951698071174,2396.1122028081563,0.4597427317953174,0.6641554453229649
1954,1101.2520085860087,2394.9145216911747,0.4598293586730423,0.6642805886010928
1955,1100.9762464388457,2393.6978898408697,0.4599478702435742,0.664451793275923
1956,1100.6962923842427,2392.4635012100894,0.4600681648131807,0.6646255737142454
1957,1100.412425301697,2391.2125497516804,0.46019013467287606,0.6648017743170599
1958,1100.1249240707057,2389.946229418489,0.46031367171736876,0.6649802389128536
1959,1099.8340675707655,2388.6657341633622,0.46043866742869566,0.6651608107339579
1960,1099.4728706896842,2387.372257939147,0.46053683795370187,0.6653026302435313
1961,1099.1134211629512,2386.0669946986895,0.46063812273709703,0.6654489486859296
1962,1098.7559368651741,2384.7703566781756,0.46073867606928287,0.6655942104562589
1963,1098.4576325396658,2383.4630210144555,0.46086623658718967,0.665778487458845
1964,1098.0173837791544,2382.146199090344,0.4609361861158848,0.66587953823609
1965,1097.6463424518276,2380.821102288656,0.46103688403831466,0.6660250088849752
1966,1097.2774537256184,2379.4889419922074,0.4611399676465535,0.6661739259531537
1967,1096.9109267601498,2378.1509295838127,0.46124529486953725,0.666326084201338
1968,1096.5469707150444,2376.8563221546374,0.46134339736657565,0.6664678054360672
1969,1096.2530587416147,2375.5550390475014,0.4614723888616643,0.6666541496628241
1970,1095.9575911434906,2374.2483352201416,0.4616019204418534,0.6668412741095509
1971,1095.671105208168,2372.937465630295,0.4617361903033286,0.6670352435917725
1972,1095.317006681785,2371.6236852356974,0.46184266648227956,0.6671890616494748
1973,1094.9673832998305,2370.308248994087,0.46195147140230114,0.6673462438627271
1974,1094.6224529369124,2368.934099031866,0.462073830329118,0.6675230065212947
1975,1094.3446941868503,2367.5633827734528,0.4622240325853046,0.6677399923254129
1976,1094.0773803454508,2366.1973028866782,0.46237791709538106,0.6679622976023644
1977,1093.7489117163439,2364.837062039373,0.46250497730829865,0.6681458518522893
1978,1093.426761450842,2363.4646446160277,0.4626372406042409,0.6683369226015176
1979,1093.1111387085678,2362.1017701004716,0.46277055144075036,0.6685295066531296
1980,1092.7919855261605,2360.7496237305677,0.4629004171138145,0.6687171137384864
1981,1092.4791114899288,2359.3785893752283,0.4630367997783777,0.6689141354270373
1982,1092.172717044511,2357.9679759187693,0.46318386347844775,0.6691265871972467
1983,1091.8730026345459,2356.567602568843,0.4633319245517586,0.6693404797969095
1984,1091.580168704672,2355.178584843436,0.46348084842884063,0.6695556188237222
1985,1091.2944156995275,2353.763601693858,0.463638070923601,0.6697827462339034
1986,1091.015944063751,2352.335974845083,0.46380107082093225,0.6700182198192648
1987,1090.744954241981,2350.927560179159,0.46396365958586056,0.670253099472835
1988,1090.4816466788564,2349.539412209184,0.46412570949534204,0.6704872006828224
1989,1090.226221819015,2348.176820930617,0.46428625480892977,0.6707191283172713
1990,1089.9788801070958,2346.8578952093,0.46444178930990976,0.6709438172109011
1991,1089.6629488543776,2345.5623430758283,0.4645636267443907,0.6711198265090551
1992,1089.3606957694915,2344.281601186646,0.46468849784005073,0.6713002183073598
1993,1089.0722515772004,2343.0269737478666,0.46481421843605103,0.671481837314357
1994,1088.7304830105802,2341.7494781903297,0.4649218429000934,0.6716373142124138
1995,1088.4073296503873,2340.4892025702366,0.46503411699363517,0.671799508077455
1996,1088.1028612164962,2339.1318219807727,0.4651738097834489,0.6720013116528261
1997,1087.817147428781,2337.8116805191476,0.46531427509473916,0.6722042312313653
1998,1087.4783881462336,2336.5200405421206,0.46542651861608525,0.6723663809310748
1999,1087.153856075527,2335.208403162159,0.46554896539571683,0.6725432705039387
2000,1086.8435599316463,2333.927598525091,0.4656714975299445,0.6727202833821121
2001,1086.537899287905,2332.6496009844586,0.46579559091487577,0.6728995516807295
2002,1086.2471412672871,2331.4155879695013,0.4659174223902877,0.6730755523702686
2003,1085.9712858697922,2330.2263263988348,0.46603682808273295,0.6732480487151926
2004,1085.7103330954205,2328.974908688766,0.46617519538099506,0.6734479374534801
2005,1085.464282944172,2327.742826914325,0.4663162400904366,0.6736516940445713
2006,1085.1562622826873,2326.5396771447054,0.4664249971504755,0.6738088071181376
2007,1084.801074383269,2325.3853051421156,0.4665037970199831,0.6739226433113057
2008,1084.470458382035,2324.213074393734,0.46659683242033084,0.6740570444958713
2009,1084.1642835542211,2323.0851541114384,0.46669158107934505,0.6741939206952526
2010,1083.8728100333935,2321.973274629213,0.46678952849122396,0.6743354178902178
2011,1083.5958983798037,2320.880590771369,0.4668899824870607,0.6744805361568599
2012,1083.3532767033719,2319.787714312371,0.4670053514032418,0.6746472008773732
2013,1083.1249292996963,2318.7245664077577,0.4671209961680391,0.6748142640954544
2014,1082.9305842786976,2317.6633872180946,0.4672510211150834,0.6750021012718467
2015,1082.6932290672678,2316.6648208330093,0.467349967647871,0.6751450418209884
2016,1082.4076599482917,2315.7292245668573,0.46741546829627684,0.6752396656384027
2017,1082.155743741123,2314.8089100256448,0.46749247380818754,0.6753509096592829
2018,1081.9372102812479,2313.876021505109,0.46758650862265266,0.6754867546216015
2019,1081.7517894041541,2312.9910898000826,0.46768523846654875,0.6756293821367411
2020,1081.5992109453293,2312.1062957918093,0.46779822057226067,0.6757925988132497
2021,1081.4695955985908,2311.2622155756076,0.46791298205394516,0.67595838601923
2022,1081.3056676157346,2310.421210005861,0.4680123533028817,0.67610194012357
2023,1081.246220964947,2309.655227378311,0.46814182833351686,0.6762889828774465
2024,1081.1319666495044,2308.9259095611355,0.4682402160123875,0.676431116092733
2025,1081.0645606035714,2308.264101498206,0.4683452642623926,0.6765828713298198
2026,1081.034045086106,2307.641010624451,0.4684584994412006,0.6767464536018304
2027,1080.962540383065,2307.057294921183,0.4685460316753835,0.6768729047797464
2028,1080.9311071777547,2306.5033103867927,0.4686449407247919,0.677015791179494
2029,1080.93932715093,2306.0008287950186,0.46875062387369815,0.6771684636068553
2030,1080.9867819833453,2305.570937793327,0.4688586086264441,0.6773244609866682
2031,1081.0634442140854,2305.173771557617,0.46897264646717096,0.6774892028034575
2032,1081.1791539319026,2304.800222057813,0.4690988588011264,0.6776715321869717
2033,1081.2662201108787,2304.46297918253,0.46920528985648535,0.677825285058044
2034,1081.319151439417,2304.1842983871315,0.46928500996917305,0.6779404506567182
2035,1081.4099180007197,2303.985093019398,0.4693649803886188,0.6780559778545756
2036,1081.548220443791,2303.795179567908,0.46946370494908435,0.678198597737144
2037,1081.7334922946534,2303.6629044079655,0.4695710862143937,0.678353723304442
2038,1081.965167079328,2303.588542061578,0.4696868157327401,0.6785209089595458
2039,1082.1754143321466,2303.58260802878,0.4697792953291069,0.6786545072162673
2040,1082.4354764351247,2303.6132159250797,0.46988594654352284,0.6788085781344263
2041,1082.7447259093933,2303.6991134246628,0.4700026664071562,0.6789771944662316
2042,1083.0051278967583,2303.811634329731,0.47009274185380473,0.6791073196302508
2043,1083.3077138940446,2304.000249248564,0.4701855888459035,0.6792414486357132
2044,1083.6620276805397,2304.2644004221665,0.4702854531285563,0.6793857149884581
2045,1084.000081920859,2304.5945702162053,0.4703647643408114,0.6795002898796995
2046,1084.3929621272994,2305.0107089726994,0.47045029244597014,0.6796238458444614
2047,1084.783545063883,2305.4711642957686,0.4705257484299275,0.6797328513798656
2048,1085.2339127926448,2306.003486865225,0.4706124335778472,0.679858078836523
2049,1085.7226944291274,2306.5384692478847,0.4707151902752177,0.6800065236413718
2050,1086.2682541882102,2307.1562352662436,0.4708256153545041,0.6801660463757975
2051,1086.8601288597642,2307.8266023152364,0.4709453161556481,0.6803389690418695
2052,1087.528257029295,2308.5789904388043,0.47108124154876,0.6805353301450466
2053,1088.1647768223313,2309.36801984229,0.47119591484454854,0.6807009899555534
2054,1088.788640715193,2310.2677809645716,0.4712824416659645,0.6808259886899226
2055,1089.3180428934163,2311.187306799706,0.4713239985736126,0.680886022801604
2056,1089.9012688145683,2312.1738064175543,0.4713751474000323,0.6809599136306245
2057,1090.537202960661,2313.1879978979596,0.4714433949820136,0.6810585057345736
2058,1091.0805926886578,2314.280327927442,0.4714556743719016,0.6810762448375444
2059,1091.6841986005543,2315.430689294266,0.4714821323083073,0.6811144666109854
2060,1092.3467744535985,2316.6279085170813,0.47152448195827484,0.6811756459373526
2061,1093.0670740050384,2317.858812025647,0.47158483870282597,0.6812628387471205
2062,1093.915720873004,2319.160869023387,0.4716860031075199,0.681408983287542
2063,1094.7523959670605,2320.522845024064,0.4717697127242494,0.6815299122200336
2064,1095.5662439027856,2321.953373091106,0.47182956238449797,0.6816163724835805
2065,1096.4380857014191,2323.4514771462755,0.471900573989216,0.6817189575614793
2066,1097.366605400334,2325.0161811113317,0.4719823519145596,0.6818370959259773
2067,1098.3408778952335,2326.616365520399,0.472076485909857,0.6819730841673197
2068,1099.1488353730822,2328.229177941692,0.47209649539088855,0.6820019903465067
2069,1100.0250965402452,2329.9016182854457,0.4721337106713304,0.6820557524387494
2070,1100.9578691514898,2331.6223736305637,0.47218532537805036,0.6821303162896947
2071,1101.9456193695823,2333.3999986056165,0.4722489157572977,0.6822221804861821
2072,1102.997071765288,2335.202637328558,0.47233462918109004,0.6823460041667145
2073,1104.0536869176824,2337.058036566345,0.47241175428393783,0.6824574209515486
2074,1105.165863580872,2338.924047168995,0.4725103685682103,0.6825998815264672
2075,1106.341607339418,2340.8379901851986,0.4726263039040512,0.6827673645104904
2076,1107.5793146362128,2342.788482973985,0.4727611232023081,0.6829621277223464
2077,1108.8677727724787,2344.7840104440506,0.4729082797534445,0.6831747136274472
2078,1110.148372607417,2346.7850117957446,0.4730507341010921,0.6833805066159098
2079,1111.4817015832582,2348.83139642809,0.4732062519572534,0.6836051714640328
2080,1112.737210978447,2350.901471002211,0.47332362700172065,0.6837747342858821
2081,1114.0522306438088,2352.9619416636524,0.4734680195703134,0.6839833272750971
2082,1115.3480834442387,2355.0308065979543,0.47360233264016427,0.684177359177181
2083,1116.7050326419806,2357.127353808331,0.47375676619159246,0.6844004576125191
2084,1118.1212045154145,2359.259937478716,0.47392878874988387,0.6846489655516473
2085,1119.5947253429197,2361.3554327904903,0.4741322334604487,0.6849428666902605
2086,1121.1237214028754,2363.479787772716,0.4743529973063126,0.6852617874696895
2087,1122.7063189736605,2365.6316864627665,0.4745904974972659,0.6856048859771328
2088,1124.3310351919847,2367.809812898016,0.47484009444824904,0.6859654597560463
2089,1126.0062547442262,2370.0128511158364,0.4751055481467479,0.6863489405750919
2090,1127.73009519378,2372.239485153602,0.4753862762387836,0.6867544871516578
2091,1129.500674104041,2374.4781319257027,0.4756837550607449,0.6871842322369196
2092,1131.316109038404,2376.6652060353144,0.4760098755876657,0.6876553538203761
2093,1133.1745175602641,2378.856976649956,0.476352520846405,0.688150347430209
2094,1135.0740172330163,2381.0623164951257,0.47670907618403774,0.6886654358757033
2095,1136.9454616283667,2383.279831173338,0.4770507628844511,0.6891590447290457
2096,1138.8587771657021,2385.4978591641243,0.4774092639784455,0.689676944061137
2097,1140.9511542561002,2387.7246064966857,0.4778403468941609,0.6902996968445034
2098,1143.0816376152732,2389.8868001976693,0.4782994899677792,0.6909629860091524
2099,1145.258014953177,2392.050240141405,0.478776739607892,0.691652432356725
2100,1147.4682064300969,2394.213462210534,0.4792672936399999,0.6923610985500487
2101,1149.7103993293015,2396.3750022876966,0.479770652853469,0.6930882634173942
2102,1151.9827809340613,2398.5333962555333,0.4802863211045873,0.6938332102175817
2103,1154.4276756526938,2400.6871799966843,0.4808738453188592,0.6946819618762408
2104,1156.8893946484836,2402.834889393791,0.48146853525185584,0.6955410653051001
2105,1159.3662559294644,2404.964793206509,0.48207202833256285,0.6964128859735881
2106,1161.7847076427865,2407.085027744166,0.4826521266394855,0.6972509099872811
2107,1164.2102707832832,2409.1941201744175,0.48323639055660583,0.6980949517419943
2108,1166.7180754874576,2411.290597664921,0.48385627042103524,0.69899044515371
2109,1169.224311494461,2413.3729873833304,0.48447725138507414,0.6998875292404944
2110,1171.804178660671,2415.4398164973045,0.48513077024619733,0.7008316183586437
2111,1174.4554154476655,2417.489612174498,0.48581611665799856,0.7018216863245968
2112,1177.0989569035382,2419.520901582567,0.48650084243273867,0.7028108577032737
2113,1179.752487474396,2421.511677643203,0.4871966955049417,0.7038161038444006
2114,1182.3701323544733,2423.4796683774316,0.48788118496826255,0.7048049338418982
2115,1185.0477650858627,2425.4233835229415,0.4885941865393307,0.7058349531183303
2116,1187.7736544282213,2427.3413328174197,0.48933112058433503,0.7068995458241731
2117,1190.561009683226,2429.164762006865,0.49011126305802283,0.708026558468841
2118,1193.3833660581063,2430.963989684958,0.4909095203062894,0.7091797401540293
2119,1196.1675900192583,2432.68612896958,0.49170650326596904,0.7103310809711724
2120,1198.8501571747483,2434.377630726957,0.4924667981017991,0.7114294212392079
2121,1201.486748430656,2436.0369001149647,0.4932136899789793,0.7125083992697243
2122,1204.0760478243546,2437.66234229148,0.4939470192136967,0.7135677843796316
2123,1206.832746379149,2439.2523624143787,0.49475518194625123,0.7147352757664713
2124,1209.5344490256282,2440.8053656415373,0.49554727552301825,0.7158795532630634
2125,1212.2569046641795,2442.3710927457482,0.49634427309788665,0.7170309151936609
2126,1214.9271889208217,2443.8999467514604,0.49712640263189023,0.7181607983936147
2127,1217.6115199891306,2445.3903763914705,0.49792112201974625,0.7193088692002747
2128,1220.2556122320102,2446.8408303985766,0.4987065758720552,0.7204435547906782
2129,1222.8277143472237,2448.270291751543,0.4994659774564301,0.7215406046461048
2130,1225.461404384864,2449.658008329796,0.5002581585747136,0.7226850086072842
2131,1228.012114699658,2451.0024462961023,0.5010244345351027,0.7237919893522002
2132,1230.479017368099,2452.3020718132275,0.5017648647412695,0.7248616326968311
2133,1232.9381576000396,2453.565618166922,0.5025087360496914,0.7259362471408238
2134,1235.3066402079812,2454.781951093265,0.5032245897269301,0.7269703866386599
2135,1237.6509709799805,2455.949545470009,0.5039399010711859,0.7280037426691807
2136,1239.8985828564128,2457.1079446668364,0.5046170582564833,0.7289819802808958
2137,1242.0487786385343,2458.248023223704,0.505257714805251,0.7299074881922102
2138,1244.1104702692735,2459.3394895982447,0.5058717901823754,0.7307945963014854
2139,1246.0919204252282,2460.3808796730978,0.506463015836309,0.7316486951492067
2140,1248.0295786566614,2461.380996453887,0.5070444520595139,0.7324886519490489
2141,1249.9284874534796,2462.328775396568,0.5076204688596768,0.7333207797195779
2142,1251.875229313031,2463.2227610987647,0.5082265595640281,0.7341963529778708
2143,1253.719984940514,2464.0614981581025,0.5088022299271652,0.7350279802771117
2144,1255.4520776086847,2464.843531172206,0.5093435188608622,0.7358099393336562
2145,1257.2102315658542,2465.5988640889627,0.5099005559569775,0.7366146485656808
2146,1258.8550253649687,2466.3389666991884,0.510414441146243,0.7373570195116852
2147,1260.3861714115471,2467.0240080387157,0.5108933546267165,0.7380488694831964
2148,1261.8129912527772,2467.724463570944,0.5113265317420644,0.7386746475978914
2149,1263.1441571695193,2468.3717359115885,0.5117317374820087,0.7392600175886451
2150,1264.4165283162974,2468.9747587910365,0.5121220959486174,0.739823938850029
2151,1265.6355567872797,2469.573934004924,0.5124914623369021,0.7403575344484642
2152,1266.7491008315033,2470.1507361111617,0.5128225910722304,0.7408358910106493
2153,1267.7371534595507,2470.6750827270025,0.5131136677269147,0.7412563873705592
2154,1268.6668479383466,2471.14571889471,0.513392163901121,0.7416587096647658
2155,1269.4662446871348,2471.5613896565483,0.5136292588158378,0.7420012227003774
2156,1270.1448831277103,2472.0029770386454,0.5138120362012225,0.7422652673222708
2157,1270.8418361077556,2472.39242266978,0.5140129958558335,0.7425555784890813
2158,1271.4803002137853,2472.810678295956,0.5141842484641719,0.7428029741399261
2159,1271.993142178875,2473.179755265826,0.5143148772225643,0.7429916835967637
2160,1272.3804927277881,2473.4985380614007,0.5144051929478858,0.7431221558731524
2161,1272.739231983302,2473.8427842980527,0.5144786241315003,0.7432282363331167
2162,1273.0348285631937,2474.2114481776675,0.5145214365170054,0.7432900841384088
2163,1273.1956914860773,2475.6075102248697,0.5142962631303488,0.7429647932299352
2164,1273.22209963145,2476.8856585347294,0.5140415324559875,0.7425968031503375
2165,1273.123941020479,2478.3828710470066,0.5136913896127118,0.7420909783489441
2166,1273.0303699772342,2479.7984163130704,0.5133604254292403,0.7416128595023425
2167,1272.884799237271,2481.287055895308,0.5129937691864448,0.7410831790454849
2168,1272.6108349913657,2482.628068001293,0.5126063188417569,0.7405234589272095
2169,1272.2185657053235,2483.9187510730467,0.5121820370153928,0.7399105311616505
2170,1271.6982122952807,2485.2833441835032,0.5116914396386764,0.7392018023516593
2171,1271.117526792047,2486.5686771264054,0.5111934122249983,0.7384823399309642
2172,1270.4154555017324,2487.812118882858,0.5106557066183146,0.7377055574350996
2173,1269.6548169025443,2489.011390484472,0.5101040604942403,0.7369086361313857
2174,1268.7067050474639,2490.1848517886338,0.5094829422547429,0.7360113537331612
2175,1267.7108202630425,2491.368229001914,0.5088412084194032,0.7350842895476666
2176,1266.5909256097725,2492.456297404082,0.5081697628676337,0.7341143030995848
2177,1265.3476572815068,2493.522788376665,0.5074538172178784,0.7330800307360318
2178,1264.053521332981,2494.4825626237125,0.5067397705131447,0.7320485016342841
2179,1262.6419509712482,2495.4141665555658,0.5059849254258583,0.7309580342045136
2180,1261.1136433950508,2496.2372759050863,0.5052058374289743,0.7298325448824842
2181,1259.4885140864717,2497.0253823917365,0.5043955591993584,0.7286619973975363
2182,1257.7570105512382,2497.85211717472,0.5035354182512081,0.7274194170260566
2183,1255.9102469913762,2498.5650464639525,0.5026526120537785,0.7261440938884878
2184,1254.020816611464,2499.2228186176612,0.5017643113970415,0.7248608333224055
2185,1252.1620316022827,2499.8226099809367,0.5009003545302887,0.7236127403828232
2186,1250.2738535656117,2500.232860894049,0.5000629633827511,0.7224030249223297
2187,1248.2853887188078,2500.641365324311,0.49918609122780633,0.7211362742457404
2188,1246.1873547321122,2501.0128554733283,0.49827307045019786,0.7198173023964767
2189,1243.9807363987481,2501.321171572781,0.4973294715354597,0.7184541566323731
2190,1241.738388372823,2501.4153744523855,0.49641431049597934,0.7171320929091581
2191,1239.47096559412,2501.473478995594,0.4954963448550329,0.715805977590982
2192,1237.0974465967615,2501.4139582674406,0.494559264174577,0.7144522482254271
2193,1234.701083882602,2501.245153379379,0.4936345732502164,0.7131164174005296
2194,1232.2164566791268,2500.905614105738,0.492708101309028,0.7117780136757411
2195,1229.6351497975143,2500.4044964090044,0.49177449151266295,0.7104292984331068
2196,1227.0302270514924,2499.822229136124,0.49084699413826854,0.7090894133427623
2197,1224.4029433987985,2499.118798308261,0.48993386958140556,0.7077702915714829
2198,1221.7648819250423,2498.320233840472,0.4890345382372855,0.7064710958082034
2199,1218.973291187676,2497.2969674469327,0.4881170750124571,0.7051457062924762
2200,1216.1013657251938,2496.1099090242933,0.4871986451111669,0.7038189202926033
2201,1213.2176942068952,2494.7968633028704,0.48629919014757456,0.702519545945651
2202,1210.2620595773822,2493.3688773967433,0.48539230217751933,0.7012094336981817
2203,1207.22624709247,2491.7883993101354,0.4844818474260081,0.6998941687921437
2204,1204.1835210105266,2489.987145398197,0.48361033639712003,0.6986351629276363
2205,1201.0783398652209,2488.026365441963,0.48274341323222514,0.6973827848021722
2206,1197.984695616108,2485.8790517051434,0.4819159221742394,0.6961873712499641
2207,1194.8368581087332,2483.7733058288563,0.4810571300145308,0.6949467393708176
2208,1191.6261027723301,2481.67246125973,0.48017057906483146,0.6936660064737477
2209,1188.5079790038662,2479.3827542662166,0.47935639503776817,0.6924898165795488
2210,1185.3400229552751,2476.9177810952956,0.4785544485982561,0.691331305399656
2211,1182.1239079035388,2474.2232683108487,0.4777757622134782,0.6902063962561671
2212,1178.861307125639,2471.313522431075,0.47701811058192745,0.6891118744248219
2213,1175.553893898559,2468.2598555578634,0.4762682872516542,0.6880286615464226
2214,1172.2033414992802,2465.090607077104,0.4755214019857793,0.6869496930667575
2215,1168.8934601886513,2461.8713328435642,0.47479876165523666,0.6859057494057763
2216,1165.549119830169,2458.453712539743,0.47409846029847796,0.6848940771654299
2217,1162.1720634206904,2454.900455706541,0.4734090381217545,0.6838981212511096
2218,1158.7743010800546,2451.1435096461933,0.4727484525160733,0.68294382334323
2219,1155.6609923404071,2447.2251455184633,0.4722332125659699,0.6821994952770248
2220,1152.531011835827,2443.194663989436,0.47173114317214737,0.681474193714268
2221,1149.386381442668,2438.9444254167415,0.47126386705030093,0.6807991553518739
2222,1146.2393901602668,2434.5566016441812,0.47082059599113546,0.6801587952823428
2223,1143.0824594382914,2430.021688109898,0.47040010590497877,0.6795513451561935
2224,1139.9894897289623,2425.341166361219,0.4700326310954875,0.6790204821781328
2225,1136.895308636818,2420.6318886504014,0.469668814150293,0.6784949034391103
2226,1133.8692717497754,2415.752481373913,0.4693648378682029,0.6780557719661433
2227,1130.84166180807,2410.657308516557,0.4691009617223257,0.6776745701176861
2228,1127.8248985358027,2405.371287961395,0.4688776756338765,0.6773520056457492
2229,1124.8834039682881,2399.9372573421692,0.46871367179575757,0.6771150817432978
2230,1121.9624035578124,2394.2993832405755,0.4685973740006094,0.6769470751418121
2231,1119.1263890595644,2388.463434976208,0.46855495992582036,0.676885802745793
2232,1116.3199976643912,2382.454400152002,0.46855880960121177,0.6768913640797676
2233,1113.6173999890261,2376.3549386508803,0.4686241865119931,0.6769858091428234
2234,1110.9344842341645,2370.089445369698,0.4687310373051662,0.6771401683772714
2235,1108.2934884252006,2363.7880724982238,0.46886330518364755,0.6773312457465464
2236,1105.6865159148756,2357.3028352458496,0.46904729395939515,0.6775970403721925
2237,1103.1159371789145,2350.698068498046,0.4692716397575206,0.6779211357263017
2238,1100.5745135513714,2343.9189018422735,0.46954462148257,0.678315491714176
2239,1098.0947501806252,2336.9714096225753,0.4698794113009578,0.6787991371653018
2240,1095.64954085106,2329.8616661829974,0.4702637743493407,0.6793543973008294
2241,1093.251523161385,2322.7014464259532,0.4706810360167558,0.6799571835753531
2242,1090.9126767289945,2315.42439271812,0.47115020475721586,0.680634956060271
2243,1088.6251136216144,2308.036052146992,0.4716672915957914,0.6813819521861341
2244,1086.391213029954,2300.540032716064,0.4722331268225481,0.6821993714100084
2245,1084.2133541447224,2292.901540722084,0.4728564811392993,0.683099884099397
2246,1082.165786017512,2285.174896662086,0.47355928318581303,0.6841151688965127
2247,1080.250948843921,2277.391956418119,0.47433685966948747,0.6852384746500823
2248,1078.327604102673,2269.5057985148055,0.4751376289976191,0.6863952853464675
2249,1076.465455981057,2261.5592998033158,0.47598374098555607,0.6876175991434622
2250,1074.6566775516887,2253.4870656560893,0.4768861086135451,0.6889211811956932
2251,1072.913309436853,2245.2955713064493,0.4778494747631676,0.6903128831843535
2252,1071.2377831171648,2236.991291987718,0.4788743643992005,0.6917934634862284
2253,1069.6325300732387,2228.5807029332145,0.47996131738258757,0.693363701997466
2254,1067.9459749409407,2220.0798885179333,0.4810394348709105,0.6949211765393069
2255,1066.3245556011707,2211.561938700556,0.4821590283958809,0.6965385683646298
2256,1064.7705728097785,2202.951270165397,0.4833382323204252,0.6982420748117552
2257,1063.2863273226153,2194.2544365806366,0.48457749912519804,0.700032349545156
2258,1061.8741198955313,2185.5260373228048,0.48586660683131966,0.7018946256474559
2259,1060.3868503088217,2176.7405523034267,0.4871443448723002,0.7037404768571088
2260,1058.9754315878154,2167.89432907259,0.4884811115497671,0.705671602259568
2261,1057.6367699130922,2158.9843818766794,0.4898769897509634,0.7076881215957451
2262,1056.3575043422475,2150.074988953769,0.49131193552289687,0.7097610788874269
2263,1055.1494053330541,2141.140050668931,0.4927979395852253,0.7119077962176029
2264,1054.0613639473365,2132.222731467816,0.4943486195842794,0.7141479459667972
2265,1052.9915978836596,2123.2675334590153,0.4959297786502819,0.7164321265116566
2266,1051.9031739101322,2114.2709610623338,0.4975252431133966,0.7187369729784162
2267,1050.8949243060101,2105.2782223872373,0.4991715171567059,0.7211152201909127
2268,1049.861663568496,2096.255055344519,0.5008272542464788,0.7235071379487023
2269,1048.7431441397462,2087.2082663369038,0.5024621457542967,0.7258689416757331
2270,1047.6906494319198,2078.1446617671145,0.5041471215680597,0.7283030983998169
2271,1046.6957947586404,2069.0710480378766,0.5058771644169657,0.730802360050471
2272,1045.7796721248676,2060.032668118595,0.5076519845095304,0.7333663079879236
2273,1044.9242877025536,2050.9952947799984,0.5094718112528085,0.7359952736191423
2274,1043.920511499864,2041.9657692847475,0.511233110369683,0.7385396888288112
2275,1043.0532964863858,2033.0181968871943,0.513056547198363,0.7411738696765238
2276,1042.1703788142283,2024.0876099940076,0.5148840265947351,0.7438138905150835
2277,1041.3503048937316,2015.1809108727396,0.5167527636229647,0.7465135131242951
2278,1040.5126110180126,2006.3626566409614,0.5186064481283915,0.7491913904958033
2279,1039.7049725085885,1997.5781991182307,0.5204827390324616,0.7519019256163517
2280,1038.9577942026247,1988.855027107971,0.522389907781962,0.7546570676175839
2281,1038.1289137905103,1980.1808943142692,0.5242596354561896,0.7573581213379115
2282,1037.354314658,1971.5627727245515,0.5261584003356152,0.7601011229056229
2283,1036.6354522074685,1963.0076343262435,0.5280852881467623,0.7628847515391899
2284,1035.8916448574248,1954.5224511067713,0.5299973117580916,0.7656469069909826
2285,1035.2011514237297,1946.114195053561,0.5319323778917501,0.768442350226617
2286,1034.4934877280011,1937.7898381540388,0.5338522616639747,0.7712158606565283
2287,1033.8372424395395,1929.57557067897,0.5357847902664717,0.7740076381134087
2288,1033.2337402359558,1921.4578477997832,0.5377342737021724,0.776823908931506
2289,1032.6740386718775,1913.443658933873,0.5396939877745133,0.7796549591741898
2290,1032.148528605635,1905.5207752152935,0.5416621755220793,0.782498250692599
2291,1031.6161241153263,1897.7359211607777,0.5436036239880644,0.7853029139995373
2292,1031.063856432841,1890.0768679043802,0.5455142454476105,0.7880630438690258
2293,1030.4780378038652,1882.5711391094624,0.5473780068100512,0.790755478511361
2294,1029.9263897567623,1875.2148165190897,0.5492311497775955,0.7934325735641751
2295,1029.3523642445173,1868.004648572628,0.5510437915832072,0.7960511596610468
2296,1028.757007065244,1860.9476508324233,0.5528135123011488,0.7986077409188559
2297,1028.2085670038557,1854.041229719154,0.5545769697686854,0.8011552741339787
2298,1027.708028853576,1847.379532336525,0.5563058434201409,0.8036528467337795
2299,1027.2461102846462,1840.9182996368581,0.5580074414422856,0.8061110163012352
2300,1026.8801262626987,1834.6358069073337,0.5597187858192532,0.8085832656880767
2301,1026.4968421254516,1828.5391568601424,0.561375368022247,0.8109764043168203
2302,1026.0830102252974,1822.6354522074735,0.5629666694909086,0.8132752368213275
2303,1025.6965337893078,1816.9317956615182,0.564521208907496,0.8155209619782298
2304,1025.347919602533,1811.435289934466,0.5660417047741341,0.8177175070013022
2305,1024.9661954474727,1806.2010834468576,0.5674707012640486,0.8197818698166054
2306,1024.6194619543066,1801.1849868708875,0.568858540029433,0.8217867751897929
2307,1024.2982886385425,1796.3941464936684,0.5701968527551939,0.8237201340509285
2308,1023.9412427044748,1791.8741451689905,0.571435915555279,0.8255101140742341
2309,1023.6163550624098,1787.5910955519705,0.5726233239858126,0.827225472948711
2310,1023.3243926309641,1783.5521787896569,0.5737563525197262,0.8288622733121804
2311,1023.0661223287542,1779.7645760290984,0.5748322761942799,0.8304165786177069
2312,1022.7499069675486,1776.2354684173438,0.5757963542293388,0.8318093090132486
2313,1022.3910474452522,1772.9720371014423,0.5766537915153566,0.833047983609164
2314,1022.0574352324217,1769.7890198170137,0.5775024162699894,0.834273927409568
2315,1021.759306949596,1766.9170743100676,0.5782723602626143,0.8353862070823724
2316,1021.4767645446613,1763.0901277529656,0.5793672986227423,0.8369679814615609
2317,1021.138565635603,1759.374877663419,0.5803985146086382,0.8384577009611219
2318,1020.8227990960876,1755.648122923121,0.5814506823818641,0.8399776879182892
2319,1020.5300226851101,1752.0865973128325,0.5824655152606569,0.8414437399859553
2320,1020.2505270386806,1748.6427083033864,0.5834528244072081,0.842870030605795
2321,1019.9944703424788,1745.2449694932081,0.5844420056622018,0.8442990257186703
2322,1019.6905317796321,1742.0327674694147,0.5853452075192007,0.8456038129182616
2323,1019.4064633809493,1738.908280890926,0.5862336010376916,0.8468872076346745
2324,1019.0754891938611,1735.8491497225693,0.5870760655421781,0.8481042521890517
2325,1018.759638990497,1732.9547901475466,0.5878743316227876,0.8492574466336558
2326,1018.5362042234618,1730.156630926527,0.588695951578684,0.8504443786500984
2327,1018.3337943560078,1727.4910562473908,0.5894871586589413,0.8515873754924386
2328,1018.085624720582,1724.863557334585,0.5902412514841578,0.8526767561862687
2329,1017.9312474890013,1722.2782180297445,0.5910376365634447,0.8538272332909678
2330,1017.7992721245188,1719.8217951299032,0.5918050782974531,0.8549358981405879
2331,1017.6901779512699,1717.415014523532,0.592570909969371,0.8560422370556564
2332,1017.5839100474244,1715.1464500818877,0.5932927243611419,0.8570849875455555
2333,1017.500148590488,1712.9552398407357,0.594002764885492,0.8581107292224398
2334,1017.3720914829387,1710.6969817395043,0.59471203979587,0.8591353648749034
2335,1017.2720094749368,1708.5599577846262,0.5953973138841229,0.8601253283605133
2336,1017.1387007178591,1706.5690509992269,0.5960137974624033,0.8610159154152955
2337,1016.9582988002139,1704.63420596472,0.5965844726345128,0.8618403265410289
2338,1016.7784790435194,1702.6798750968553,0.5971636206633857,0.8626769777601182
2339,1016.6289970186103,1700.879127525504,0.5977079620570313,0.8634633464739696
2340,1016.4998644820005,1698.9945993242507,0.5982949356556506,0.8643113026999691
2341,1016.3913603131878,1697.1786075023917,0.5988711829269009,0.8651437634145928
2342,1016.2216264078029,1695.441236168241,0.5993847529062705,0.8658856790007745
2343,1016.067745058828,1693.6981303744321,0.5999107673539217,0.8666455721661582
2344,1015.9299254258858,1692.1052935686132,0.60039403534003,0.8673437127615967
2345,1015.8083766685988,1690.5020336415928,0.600891543727041,0.8680624253838428
2346,1015.7705719382797,1688.9948703602615,0.601405362303804,0.8688047000998186
2347,1015.7449115385583,1687.5408876560195,0.6019083264698964,0.86953129427219
2348,1015.6597957730645,1686.1766047990036,0.6023448509974634,0.8701619081393597
2349,1015.5826977931107,1684.8616330660552,0.6027691994772217,0.8707749321940206
2350,1015.5953057608721,1683.5939505808205,0.6032305505793147,0.8714414111298904
2351,1015.6203674411735,1682.3201301321556,0.6037022022445816,0.8721227705079047
2352,1015.5862918526287,1681.0860125373868,0.6041251216644945,0.8727337301082253
2353,1015.5605608615343,1679.9406588005318,0.6045216868473431,0.873306617741676
2354,1015.533783200828,1678.8002891631886,0.6049163737677392,0.8738767919918597
2355,1015.5164351531149,1677.7264810898014,0.6052932027951693,0.8744211682989003
2356,1015.5087258780187,1676.714171174502,0.6056540484575715,0.874942454651095
2357,1015.5108645351617,1675.7923524270025,0.6059884824420079,0.8754255860559071
2358,1015.5127931611834,1674.963813642272,0.6062893925767342,0.8758602880983971
2359,1015.5243213423925,1673.9951910716827,0.6066470959765776,0.8763770350622672
2360,1015.545649523427,1673.0683394207597,0.6069959161829717,0.8768809491505021
2361,1015.5769781489258,1672.2229066389978,0.6073215323847793,0.8773513421737292
2362,1015.6185076635273,1671.4703625172112,0.6076198121359567,0.8777822443006655
2363,1015.67043851187,1670.793349421204,0.6078971040097318,0.8781828268334059
2364,1015.7329711385925,1670.1321078322533,0.6081752254059485,0.8785846077142841
2365,1015.7390419966437,1669.4530040115171,0.6084262567175783,0.8789472536052033
2366,1015.7606603866548,1668.6703147590972,0.6087245943086715,0.8793782392890778
2367,1015.7979657483745,1667.9893180437743,0.6089954862179257,0.8797695762786207
2368,1015.8510975215513,1667.2800446904494,0.6092864247710446,0.8801898731336765
2369,1015.920195145934,1666.5830228620277,0.6095827097778131,0.8806178936047006
2370,1015.9232610774047,1665.9092343102059,0.6098311001307719,0.8809767243029892
2371,1015.9372381691969,1665.2053738336178,0.6100972613548065,0.8813612272304984
2372,1015.9621961411851,1664.5790244272393,0.6103418229067046,0.8817145267503744
2373,1015.9982047132439,1663.9499315438084,0.6105942164801819,0.8820791405976338
2374,1016.0453336052467,1663.3249111725327,0.6108519909612865,0.8824515278339092
2375,1016.1036525370687,1662.7113762790427,0.611112467884229,0.8828278190828817
2376,1016.1732312285835,1661.973605798612,0.6114256133088779,0.883280196520468
2377,1016.182269538783,1661.2443716452856,0.61169945065479,0.8836757885588894
2378,1016.1980401743406,1660.6404737814157,0.6119313940725373,0.8840108596176576
2379,1016.2205518502408,1660.0710593673546,0.6121548509119349,0.8843336707605354
2380,1016.2498132814678,1659.4952777857764,0.612384878031967,0.8846659734893783
2381,1016.2858331830059,1658.972265434029,0.6125996524222302,0.884976241756703
2382,1016.3286202698393,1658.5035038594403,0.6127985969910704,0.8852636418819788
2383,1016.4351801256588,1658.0699403633719,0.6130231031767596,0.8855879689358332
2384,1016.552922177811,1657.6197295043273,0.6132606315453228,0.8859311081493318
2385,1016.6819161461702,1657.2106132821684,0.6134898654387647,0.8862622649638996
2386,1016.8023642009422,1656.6995883913019,0.6137518058951675,0.8866406704686283
2387,1016.9239452036705,1656.2320556294974,0.613998468238293,0.8869970048422096
2388,1017.0467288742303,1655.7579430545595,0.6142484371827756,0.8873581160119097
2389,1017.1810520554785,1655.3265164726374,0.6144896743531943,0.8877066130500734
2390,1017.3071169176206,1654.9774325482101,0.6146954616482277,0.8880038983427435
2391,1017.4448694451838,1654.632441180402,0.6149068784843518,0.8883093162063308
2392,1017.5847789313572,1654.2208926061298,0.6151444365620428,0.8886524983383524
2393,1017.7166566880154,1653.839344493752,0.6153660934941315,0.8889727092916946
2394,1017.8501815767034,1653.457453010993,0.6155889767366975,0.8892946918027468
2395,1018.0526873089843,1653.0736668906513,0.6158543975985598,0.8896781251851946
2396,1018.2524347487399,1652.72746849752,0.6161042604770309,0.8900390831293751
2397,1018.449554620734,1652.3685680147971,0.616357375911797,0.8904047397948729
2398,1018.5723077888488,1652.002312956838,0.6165683303225866,0.8907094896276625
2399,1018.6880279646473,1651.634673959375,0.6167756369043774,0.8910089697186473
2400,1018.7967848680044,1651.2235498048374,0.6169950670752115,0.8913259638389425
2401,1018.9082573604635,1651.0004401067158,0.6171459635071959,0.8915439524661708
2402,1019.0122567539006,1650.7918321424402,0.6172869509727342,0.891747626361338
2403,1019.1088614831738,1650.5987542801563,0.6174176848495309,0.8919364876747591
2404,1019.198149983142,1650.422234888009,0.6175378205882573,0.8921100386621592
2405,1019.2802006886636,1650.2530352111605,0.6176508565295504,0.8922733331108476
2406,1019.3454828929273,1650.019647060576,0.6177777850759766,0.8924566971521815
2407,1019.3370694471013,1649.7998935029018,0.6178549734797327,0.8925682053830354
2408,1019.3172297853818,1649.5947244714241,0.6179197924581138,0.8926618444434811
2409,1019.2962310307531,1649.353754284514,0.6179973388867821,0.8927738698857632
2410,1019.3459430440975,1649.0285276295601,0.6181493685311699,0.8929934955789772
2411,1019.399162838616,1648.7212189822915,0.6182968661420285,0.8932065741871835
2412,1019.3738144353316,1648.38460184288,0.6184077510161647,0.8933667611523455
2413,1019.3467622526204,1648.0091847219446,0.6185322094698196,0.8935465568380511
2414,1019.3179975754973,1647.584107877571,0.6186743321338476,0.8937518706683523
2415,1019.215641828096,1647.1080597046239,0.6187909990622424,0.8939204105286345
2416,1019.106889282231,1646.6002018390454,0.618915804907601,0.8941007080647789
2417,1019.0738072018945,1646.111769673433,0.6190793517040859,0.8943369717138558
2418,1018.9573854698612,1645.6406890415267,0.6191858236461899,0.8944907836509067
2419,1018.8344274996158,1645.1848857770678,0.6192826327956393,0.8946306364844966
2420,1018.7870005551503,1644.7449176390503,0.6194194550347469,0.8948282931930426
2421,1018.7382315031053,1644.359778953148,0.6195348758479526,0.8949950328852501
2422,1018.6881203434808,1643.950557279679,0.619658611892289,0.8951737849610203
2423,1018.6263999532936,1643.5178103776382,0.6197842174398094,0.895355237766207
2424,1018.5729378822124,1643.1389342794412,0.6198945911587707,0.8955146863042674
2425,1018.5899948494501,1642.7734182521494,0.6200429003369147,0.8957289373221597
2426,1018.5384980073248,1642.3499501938738,0.6201714183308434,0.895914597517714
2427,1018.4857113475254,1641.984336558758,0.6202773611604906,0.8960676450861406
2428,1018.4316348700523,1641.5777363525617,0.6203980550643406,0.8962420024123484
2429,1018.3090045832162,1641.1203792064052,0.6204962277512139,0.896383825045007
2430,1018.1896293430093,1640.7184101428568,0.6205754887911301,0.8964983274560766
2431,1018.1503212779015,1640.3978547194786,0.620672794925115,0.8966388982455201
2432,1018.108952119011,1640.0771337113988,0.6207689450648518,0.8967777990577753
2433,1018.0655305813217,1639.6799317442528,0.6208928406523385,0.8969567816134308
2434,1018.020065379818,1639.2888738410256,0.6210132220287021,0.8971306874548894
2435,1017.9725652294843,1638.9813211741966,0.6211007728264956,0.8972571654502453
2436,1017.9230388453053,1638.6756945188943,0.6211863898696329,0.8973808498969577
2437,1017.8618858005947,1638.3725516341128,0.6212640005384484,0.8974929681421068
2438,1017.7993732183362,1637.9942611828596,0.6213693157162489,0.8976451089895285
2439,1017.7355010985297,1637.6221322254942,0.6214715110838471,0.8977927428838418
2440,1017.6702694411753,1637.2566528011362,0.6215703980802716,0.8979355974253165
2441,1017.6036782462724,1636.9765000448917,0.6216360944817265,0.8980305040323096
2442,1017.5357275138211,1636.680876448549,0.6217068593859193,0.8981327327206758
2443,1017.4760263854922,1636.4100748704398,0.621773259655621,0.8982286561527247
2444,1017.4143164532862,1636.144118823591,0.6218366125258088,0.8983201772378928
2445,1017.3506064321872,1635.8719829813883,0.6219011126885726,0.8984133557296039
2446,1017.3567748980621,1635.60382552951,0.622006844823014,0.8985660989226516
2447,1017.3656275790967,1635.340195511967,0.6221125306961561,0.8987187752855098
2448,1017.3772341951641,1635.0919090957516,0.6222140960613035,0.8988654990630788
2449,1017.382055324469,1634.767777914322,0.6223404137696368,0.8990479806729622
2450,1017.390419094885,1634.4451631401575,0.6224683715544401,0.8992328315768944
2451,1017.3305166504189,1634.1053345290386,0.6225611624624071,0.8993668795618666
2452,1017.2696119827607,1633.7692969360824,0.6226519337158036,0.8994980099051059
2453,1017.2077050919096,1633.4375209704406,0.6227405040185295,0.8996259607018908
2454,1017.1447959778662,1633.1104772412639,0.6228266918574185,0.8997504697339208
2455,1017.0808846406302,1632.7886363577036,0.6229103155136199,0.8998712744857591
2456,1017.0159710802021,1632.4211333139956,0.6230107846101864,0.90001641456728
2457,1016.882791304892,1632.0564408527187,0.6230683975448729,0.9000996436031009
2458,1016.7531541706921,1631.6949860081024,0.6231269709654199,0.9001842601799755
2459,1016.6269986727136,1631.2961273224441,0.6232019935836982,0.9002926396648613
2460,1016.5042638060663,1630.8986935367159,0.623278605737127,0.9004033154305856
2461,1016.3848885658595,1630.5030768252104,0.623356621040474,0.900516018220544
2462,1016.2688119472036,1630.109669362221,0.623435852843458,0.9006304783952358
2463,1016.1463638035389,1629.7188633220396,0.6235102180336879,0.900737908143697
2464,1016.0277415379744,1629.3310508789593,0.6235858213036988,0.9008471264520885
2465,1015.9128754306355,1628.9300378491864,0.6236688205295979,0.9009670291368428
2466,1015.7914286386647,1628.431032664642,0.6237853542845471,0.9011353766115514
2467,1015.6729318688733,1627.9446206323862,0.6238989453304181,0.9012994729777095
2468,1015.5675738093867,1627.4710806319151,0.624015741904957,0.9014682001279402
2469,1015.4656755986603,1627.0106915427268,0.624129688192644,0.9016328096849986
2470,1015.3671675168198,1626.563732244318,0.6242406291180643,0.9017930776231982
2471,1015.2719798439907,1626.1304816161853,0.6243484095045854,0.9019487797706305
2472,1015.180042860299,1625.7112185378267,0.6244528740924586,0.9020996918353161
2473,1015.0912868458704,1625.3062218887378,0.6245538675574944,0.9022455894321821
2474,1015.005642080831,1624.9638162567667,0.6246327653122622,0.9023595670327592
2475,1014.9949087061884,1624.6522067647545,0.624745963769929,0.902523096256523
2476,1014.9918140152697,1624.331980767782,0.6248672229771084,0.9026982702335629
2477,1014.9244794322076,1624.0432132495746,0.6249368681523126,0.90279888133441
2478,1014.8600992288173,1623.6951559502959,0.6250311799660773,0.9029351264566013
2479,1014.8800826877773,1623.3566677037597,0.6251738160063904,0.9031411819226735
2480,1014.8254196918617,1623.0267114268356,0.6252672322316298,0.903276133256068
2481,1014.6486527941609,1622.7042500363943,0.6252825508846754,0.9032982629519427
2482,1014.4830715787866,1622.4100966579,0.625293859837646,0.903314600138323
2483,1014.3092747477294,1622.1047950715115,0.6253044056275124,0.9033298348408656
2484,1014.1475961023166,1621.8078424400658,0.6253192083326571,0.9033512191859513
2485,1014.0697050587928,1621.5400518890258,0.6253744419556239,0.903431011010642
2486,1014.0081981857203,1621.3338370594345,0.6254160463490956,0.9034911137214903
2487,1013.9629360433504,1621.1414921273283,0.6254623306894617,0.9035579771965631
2488,1013.9337791919351,1620.9633569770951,0.6255130782738986,0.903631288381732
2489,1013.9308553147085,1620.7997714931214,0.6255744066280624,0.9037198848021943
2490,1013.934157422253,1620.5997399448781,0.6256536592167663,0.9038343750044386
2491,1013.9531552164905,1620.3910701042144,0.6257459535069387,0.9039677055633599
2492,1014.006927541012,1620.194575096593,0.625855031936864,0.9041252828956197
2493,1014.0748181400713,1619.9638040557886,0.6259860964801831,0.9043146218978791
2494,1014.2143598539081,1619.729793655326,0.626162687027618,0.9045697288643634
2495,1014.3638802247482,1619.5017129301698,0.6263431968771779,0.9048304977492817
2496,1014.4656546826975,1619.289380181612,0.6264881787645145,0.9050399420825761
2497,1014.5669489450135,1619.0930045692753,0.6266267262484511,0.9052400911214373
2498,1014.7405575324105,1618.87172676085,0.6268196181069722,0.9055187473553162
2499,1014.8472768724422,1618.664157622701,0.6269659287216983,0.9057301112002637
2500,1014.9588461012271,1618.470471454514,0.6271098941886082,0.9059380871880803
2501,1014.9879942376583,1618.252405989295,0.6272124116615542,0.9060861864035523
2502,1015.0262582476491,1618.0896057254054,0.6272991648028065,0.9062115120850189
2503,1015.073428971577,1617.9027399039178,0.6274007725778739,0.9063582971289817
2504,1015.1292972498186,1617.7714530231938,0.6274862220821156,0.9064817395449623
2505,1015.280794179094,1617.6137823990525,0.6276410384395651,0.906705390991117
2506,1015.4360429091026,1617.378531856327,0.6278283178048913,0.9069759392818804
2507,1015.5180395817217,1617.1240752312394,0.6279778126712439,0.9071919031735728
2508,1015.6087207361779,1616.8792748087374,0.628128974475423,0.9074102751638778
2509,1015.7078859278338,1616.6928691384198,0.6282627364275644,0.9076035109080185
2510,1015.8153347120499,1616.5142590215432,0.628398623175097,0.907799816182859
2511,1016.0077397775475,1616.3435228929654,0.6285840388428542,0.9080676721311374
2512,1016.1259602823366,1616.1704720645628,0.6287244927722849,0.9082705752671678
2513,1016.251932765645,1616.0047853978788,0.6288669080366815,0.9084763117950228
2514,1016.3854567828346,1615.818363169091,0.6290220979970832,0.9087005029570183
2515,1016.5263318892664,1615.6811448700646,0.6291627126533168,0.9089036382828669
2516,1016.7462275011846,1615.552140443724,0.6293490640431619,0.9091728459978553
2517,1016.9777401871515,1615.413526004215,0.6295463816640705,0.909457895794886
2518,1017.2207305074185,1615.2666785190545,0.6297540486875207,0.9097578965885905
2519,1017.475059022237,1615.15139409247,0.6299564627462935,0.9100503088227522
2520,1017.7405862918586,1615.099851060928,0.6301409696888551,0.9103168520046828
2521,1018.0171728765345,1615.0256717292102,0.6303411708536757,0.9106060674388373
2522,1018.3046793365168,1614.9699943091246,0.6305409282679224,0.9108946418202039
2523,1018.6029662320561,1614.9328885205448,0.6307401214456707,0.9111824010919081
2524,1018.9118941234049,1614.9144240833455,0.6309386298916474,0.9114691711835704
2525,1019.2313235708139,1614.9146707174007,0.6311363331153814,0.9117547780317485
2526,1019.5611151345347,1614.9336981425847,0.6313331106454603,0.9120390476005326
2527,1019.8915202331493,1614.9715760787722,0.6315228920062448,0.9123132103343156
2528,1020.2326578349077,1615.0283742458366,0.6317119092791925,0.9125862692483697
2529,1020.5843797850769,1615.0322925027701,0.631928156807011,0.9128986656457578
2530,1020.9465379289247,1615.050603556246,0.6321452316607671,0.9132122572181615
2531,1021.318984111718,1615.0833161212488,0.6323630328647669,0.9135268980936561
2532,1021.7015701787238,1615.1304389127629,0.6325814594061455,0.9138424423466194
2533,1022.0941479752098,1615.1919806457724,0.6328004102438428,0.9141587440106975
2534,1022.42469948556,1615.2679500352617,0.6329752902379078,0.9144113798705027
2535,1022.7500124188584,1615.3480886732316,0.6331452766065397,0.9146569462809095
2536,1023.0794780421672,1615.4420057013522,0.6333124150736641,0.9148983985440701
2537,1023.4128784808793,1615.5497011196235,0.6334765669986037,0.9151355363763162
2538,1023.7499958603883,1615.6711749280455,0.633637593928097,0.9153681597647252
2539,1024.0906123060865,1615.8064271266182,0.6337953576080413,0.9155960689840836
2540,1024.434509943367,1615.9554577153415,0.6339497199952068,0.9158190646138104
2541,1024.7814708976227,1616.0771982022827,0.6341166573215594,0.916060226304158
2542,1025.0544041608878,1616.2511187861166,0.6342172897802871,0.9162056023825992
2543,1025.3351591225464,1616.4387829001646,0.6343173462362254,0.9163501463535101
2544,1025.6234481881168,1616.611363119416,0.6344279593637595,0.9165099407469725
2545,1025.9189837631184,1616.7515889595186,0.6345557293828682,0.9166945204000508
2546,1026.0823444004977,1616.9107263155142,0.6345943085792074,0.9167502528381142
2547,1026.252254348565,1617.088705467529,0.6346295357074164,0.9168011427976612
2548,1026.4283040030593,1617.333502404038,0.6346423310203833,0.9168196272155624
2549,1026.6100837597196,1617.504641164889,0.6346875660402304,0.9168849748168902
2550,1026.797184014284,1617.691789351867,0.6347297988238374,0.9169459853152927
2551,1026.989195162492,1617.9428880935106,0.6347499672084446,0.9169751210504199
2552,1027.1754404770986,1617.9839539709485,0.6348489661817387,0.9171181373563828
2553,1027.365110780528,1618.0966892646306,0.6349219534263,0.9172235764912773
2554,1027.5577877535352,1618.2090323840196,0.6349969424158325,0.9173319073952653
2555,1027.7530530768743,1618.320791599462,0.6350737495383088,0.9174428648179808
2556,1027.9504884312996,1618.412556897963,0.6351597335611314,0.9175670794124028
2557,1028.150333478879,1618.5046533658667,0.6352470666925313,0.9176932429616336
2558,1028.424697742563,1618.596871843551,0.6353803813862601,0.9178858325854776
2559,1028.7162270392903,1618.6890031713922,0.6355243193867343,0.9180937688946185
2560,1029.0149636280187,1618.7808381897678,0.6356728096551564,0.9183082815198967
2561,1029.3205589093777,1618.9543047229208,0.63579345995534,0.9184825758551957
2562,1029.6326642839956,1619.084344489394,0.6359351616167396,0.9186872814949398
2563,1029.9509311525014,1619.2350091376702,0.6360725437260684,0.9188857470055186
2564,1030.2750109155234,1619.3607105849678,0.6362232973673625,0.9191035293538697
2565,1030.604554973691,1619.54337665553,0.6363550182286326,0.9192938164888802
2566,1030.939214727632,1619.7347873413207,0.6364864314730471,0.9194836592331571
2567,1031.2786415779756,1619.9860952425868,0.6365972180912735,0.9196437042554605
2568,1031.6224869253506,1620.2587156379159,0.6367023222702974,0.9197955402889577
2569,1031.9704021703853,1620.521041022312,0.6368139481356953,0.9199567977079784
2570,1032.3220387137087,1620.791457398116,0.6369246543111183,0.9201167265206668
2571,1032.6770479559498,1621.0800488736415,0.637030261814322,0.9202692896684207
2572,1033.0350812977365,1621.345563942285,0.637146765175662,0.9204375932357881
2573,1033.3957901396982,1621.6672897880526,0.6372427911984092,0.9205763147456447
2574,1033.7588258824633,1622.0162159712638,0.6373295258724946,0.9207016137489964
2575,1034.1238399266604,1622.340832577318,0.637426993860352,0.9208424183564501
2576,1034.4904836729186,1622.679367013271,0.637519959089033,0.9209767181693327
2577,1034.858408521866,1623.0316101195006,0.6376082893700828,0.9211043222250119
2578,1035.2272658741317,1623.336407979798,0.637715793710588,0.9212596255897079
2579,1035.5294431386549,1623.703147590883,0.6377578590489821,0.9213203941927148
2580,1035.8506155829207,1624.0835653697993,0.6378062297225823,0.9213902716351272
2581,1036.1655027805216,1624.3588438353347,0.6378919945632162,0.9215141695936698
2582,1036.412083674313,1624.5664391184364,0.6379622640959622,0.9216156826564894
2583,1036.6667433585342,1624.7443956114919,0.6380491270864623,0.9217411670288305
2584,1036.9289937940655,1624.9770551893903,0.6381191601952878,0.9218423385479487
2585,1037.1983469417871,1625.228221036413,0.63818627655897,0.9219392964666432
2586,1037.4647056209092,1625.4057548527308,0.6382804432207195,0.9220753318987307
2587,1037.7378402003112,1625.596326285535,0.6383736376739529,0.9222099628549335
2588,1038.027521048872,1625.7994647256749,0.6384720524090103,0.9223521351562401
2589,1038.3236509858014,1626.0859114435682,0.6385416930794406,0.9224527397493821
2590,1038.6257419719805,1626.387334861951,0.6386090937311313,0.9225501083573944
2591,1038.866041976599,1626.6937162348922,0.6386365371725505,0.9225897538151612
2592,1039.1158718165311,1626.95330162823,0.6386881976124329,0.9226643837333367
2593,1039.3650733060965,1627.1560112911432,0.6387617819642036,0.9227706854637159
2594,1039.6130886863007,1627.3731834704731,0.6388289417853513,0.9228677061621138
2595,1039.8689606248356,1627.583752306212,0.6389035029081537,0.9229754189594976
2596,1040.132122647723,1627.80638703769,0.6389777868733967,0.9230827313683826
2597,1040.402008280984,1628.040538620898,0.6390516597100842,0.9231894498510346
2598,1040.6780510506412,1628.2760488701554,0.6391287593849688,0.9233008299020194
2599,1040.9596844827151,1628.5226271494514,0.6392049254512354,0.9234108612394638
2600,1041.2566092262111,1628.7797156997922,0.6392863314722971,0.923528462342061
2601,1041.5586583804659,1629.0275384788436,0.639374494155608,0.923655824282002
2602,1041.8652741864842,1629.3065887895766,0.6394531768023434,0.9237694911323243
2603,1042.1758988852723,1629.5970905896565,0.6395297984412635,0.9238801806010183
2604,1042.4227107261474,1629.8984861200897,0.6395629664075548,0.9239280958455653
2605,1042.6769608061074,1630.210217621882,0.6395966296464168,0.9239767265728204
2606,1042.9284212195985,1630.5317273360392,0.6396247332908594,0.9240173257758074
2607,1043.1867316107355,1630.8624575035672,0.6396534096490193,0.9240587523348517
2608,1043.523134361533,1631.0769315237633,0.6397755459558039,0.9242351933911482
2609,1043.8025350146338,1631.3079509416195,0.6398562174677888,0.9243517334042072
2610,1044.0961759520526,1631.554844703347,0.6399393678622507,0.9244718544707153
2611,1044.4034296949208,1631.8169417551549,0.6400248722577779,0.9245953761839716
2612,1044.7236687643694,1632.0935710432539,0.6401126058578672,0.9247221182599356
2613,1045.0562656815307,1632.3840615138545,0.6402024439716456,0.924851900567163
2614,1045.41086009052,1632.6877421131665,0.6403005505127749,0.9249936276440837
2615,1045.7003509524232,1633.0039417874007,0.6403538437316044,0.92507061631413
2616,1046.0061867673483,1633.3935922206658,0.6403883251098468,0.925120428945278
2617,1046.3276790515367,1633.870289659942,0.6403982529539167,0.9251347709484101
2618,1046.664139321231,1634.2893392211863,0.6404399234593394,0.925194969166178
2619,1047.0148790926717,1634.7226412677262,0.6404847236230314,0.9252596885638099
2620,1047.3792098821011,1635.1798267286922,0.6405284561132746,0.9253228655746114
2621,1047.756443205761,1635.660259410232,0.640570948140263,0.925384250582259
2622,1048.1458905798927,1636.1440848351526,0.6406195519665966,0.9254544648427366
2623,1048.5468635207378,1636.6511836256,0.6406660588470287,0.9255216498045593
2624,1048.9586735445384,1637.2001204410924,0.6407027830305371,0.9255747024463203
2625,1049.3710230258662,1637.6991709435547,0.6407593297011164,0.92565639113128
2626,1049.7934818889617,1638.1476379342444,0.6408418005673678,0.9257755305349362
2627,1050.2253529350821,1638.6262422120815,0.6409181824876178,0.9258858737002542
2628,1050.665938965485,1639.104748882095,0.640999874890279,0.9260038885166214
2629,1051.1145427814283,1639.6221435549737,0.6410712046755096,0.9261069332457672
2630,1051.492936069496,1640.13924017539,0.6410997983055716,0.9261482402938049
2631,1051.8920980366076,1640.6552718247272,0.6411414488472642,0.9262084096714865
2632,1052.4351339362424,1641.188672437739,0.6412639519215109,0.9263853805689101
2633,1052.9868708761849,1641.6906119574912,0.6414039668659871,0.926587649536681
2634,1053.5774566015632,1642.2019889337228,0.6415638658954786,0.9268186435335278
2635,1054.1197726434966,1642.7322338509261,0.6416869109412967,0.9269963973761628
2636,1054.6753825224541,1643.2805100706098,0.6418109239773896,0.9271755496009092
2637,1055.2538474476926,1643.7787169625935,0.6419683115240786,0.9274029154490898
2638,1055.854461505485,1644.2593901776993,0.6421459216306352,0.9276594952952862
2639,1056.4765187821047,1644.7626657045423,0.6423276383949035,0.9279220077183189
2640,1057.1193133638246,1645.2876110398033,0.6425133856661919,0.9281903427090611
2641,1057.782139336918,1645.794857113485,0.6427180974378139,0.9284860742746555
2642,1058.320153662609,1646.3629416209449,0.6428231144589711,0.928637784397795
2643,1059.010129426238,1646.9319612462182,0.6430199633899235,0.928922157114004
2644,1059.7165547226998,1647.5645427378572,0.6432018456537703,0.9291849086217218
2645,1060.3098394787107,1648.2219924371466,0.6433052370032277,0.9293342702602915
2646,1060.8417986333222,1648.9033952707364,0.6433620075475318,0.9294162823586367
2647,1061.4552655499351,1649.6078361652774,0.6434591557332938,0.9295566249722658
2648,1062.0301285721691,1650.3344000474192,0.6435242024535475,0.9296505930341167
2649,1062.5512663307973,1651.082171843813,0.6435483856894987,0.9296855287203859
2650,1063.1760635984754,1651.8310181977683,0.6436348826761072,0.9298104843546724
2651,1063.8158332091512,1652.5524951435846,0.64374102265158,0.9299638167247163
2652,1064.5326049349535,1653.3380307098714,0.6438686978475233,0.9301482593939616
2653,1065.2692032499983,1654.1071786197128,0.6440146182902873,0.9303590595870765
2654,1066.0247915157947,1654.9384678534827,0.6441476902150137,0.9305512985009611
2655,1066.788923952182,1655.7418429925958,0.6442966507532735,0.9307664904893959
2656,1067.4888853448015,1656.5650229334908,0.6443990248293803,0.9309143825503333
2657,1068.1333697619739,1657.4288730915368,0.644452010643224,0.9309909271357186
2658,1068.8657988285381,1658.314523782766,0.6445495010140526,0.9311317640781528
2659,1069.6186514607682,1659.2210076439226,0.6446511022540728,0.9312785396814288
2660,1070.3910125853151,1660.0486339697986,0.644794972075974,0.9314863774981577
2661,1071.1819671288288,1660.7906869935057,0.644983124916221,0.931758187631871
2662,1071.8315899007341,1661.5589546899348,0.6450758709917396,0.9318921708508062
2663,1072.579973489024,1662.313850114481,0.6452331329701411,0.9321193553000083
2664,1073.3492599671163,1663.0952565212144,0.6453925328440288,0.9323496282046236
2665,1074.1384645417857,1663.9334480225357,0.6455417227283468,0.932565151511909
2666,1074.8793384281196,1664.6907635982175,0.6456930992425136,0.9327838336774439
2667,1075.6427056888865,1665.4378181514046,0.6458618232188481,0.9330275764054724
2668,1076.427520525973,1666.2554588482897,0.6460159003890054,0.933250160003826
2669,1077.232737141265,1667.1039941644567,0.6461700895157222,0.9334729053373274
2670,1078.0573097366484,1667.982169142168,0.6463242411584568,0.9336955965205633
2671,1078.9001925140092,1668.8887288236874,0.6464782066533996,0.9339180187902071
2672,1079.760339675234,1669.8634867432115,0.6466159349235939,0.9341169843731262
2673,1080.579050572189,1670.8187405279114,0.6467362523302616,0.9342907978024182
2674,1081.397611571414,1671.804562119982,0.6468445152465162,0.9344471970239487
2675,1082.2354414008882,1672.8196878467027,0.6469528361385859,0.9346036799987407
2676,1083.0914245426225,1673.8628540353523,0.6470610312735617,0.9347599813018
2677,1083.964445478629,1674.9327970132106,0.647168917709168,0.9349158366503001
2678,1084.8636558139035,1676.0282531075552,0.6472824391846842,0.9350798325134447
2679,1085.778339603771,1677.1479586456664,0.6473956778867386,0.9352434198752221
2680,1086.6977809035586,1678.2906499548224,0.6475027319807872,0.9353980728030212
2681,1087.5638673265717,1679.3877993706135,0.6475954319390432,0.9355319893998459
2682,1088.4472922108148,1680.4715155096317,0.6477035059298369,0.9356881156950962
2683,1089.3468790334102,1681.5815073262613,0.6478109293467953,0.9358433021556836
2684,1090.251842129809,1682.677978716275,0.6479266121742251,0.9360104203599624
2685,1091.171263385133,1683.8006037741206,0.6480406652304016,0.9361751841573573
2686,1092.1039575615187,1684.947988102313,0.6481529194212754,0.936337349270524
2687,1093.0487394211045,1686.109128161697,0.6482669010948393,0.9365020099468743
2688,1094.0044237260279,1687.2928879627864,0.6483784952397408,0.9366632215417005
2689,1094.969825238426,1688.4978643931115,0.6484875393265515,0.9368207492610681
2690,1095.8764947287477,1689.6553903485133,0.6485798826130511,0.9369541506012661
2691,1096.7854466734532,1690.8070441475058,0.6486757022155922,0.9370925739115115
2692,1097.7056932377884,1691.9821368967262,0.6487690793539325,0.9372274687790283
2693,1098.7181164478834,1693.1791783338615,0.6489083556585279,0.937428670689802
2694,1099.744657932516,1694.2717593548919,0.6490957851715907,0.937699435887609
2695,1100.716868462134,1695.384113803761,0.6492433540577229,0.9379126174617956
2696,1101.7053716548685,1696.5782060902152,0.6493690462956976,0.9380941955021045
2697,1102.7711819871797,1697.7659852420552,0.6495425114963382,0.9383447875171858
2698,1103.788844645825,1698.9869161941062,0.6496747174006602,0.9385357753570943
2699,1104.8289745339512,1700.188059774344,0.6498275106581965,0.938756504184291
2700,1105.8807075521504,1701.4575410323346,0.6499608017730336,0.9389490597454991
2701,1106.953047150686,1702.7559691106196,0.6500949444498895,0.9391428454937504
2702,1108.0447296568366,1704.0303961221905,0.6502493923690446,0.9393659646850535
2703,1109.1544913978812,1705.3593292599594,0.650393422880091,0.9395740346371997
2704,1110.2041955677398,1706.5937117902506,0.6505380793903861,0.9397830089229675
2705,1111.2746457576827,1707.8504090377974,0.6506861724404626,0.9399969477170376
2706,1112.3645085751152,1709.1276867207273,0.6508375689059189,0.9402156587046867
2707,1113.4724506274417,1710.4347356614644,0.6509879783263618,0.9404329437832891
2708,1114.6074056450502,1711.693615141075,0.6511722634153695,0.9406991664702217
2709,1115.7584398086601,1712.9744084486642,0.6513573316131057,0.9409665204549224
2710,1116.9242284406603,1714.265719870784,0.6515467325128863,0.9412401335655572
2711,1118.10344686344,1715.5087572519662,0.6517620164495715,0.94155113793594
2712,1119.294770399388,1716.7735341614414,0.6519757837169291,0.9418599512892103
2713,1120.4296103792042,1718.0710933557932,0.6521439157623822,0.9421028388996026
2714,1121.5784509812702,1719.433678533871,0.6522952673217494,0.9423214850148316
2715,1122.739906523085,1720.862108904197,0.6524287452862905,0.9425143105036314
2716,1123.9029821804781,1722.2777334766179,0.6525677945750069,0.9427151844617877
2717,1125.0765506789471,1723.7300751493196,0.6526987994808214,0.9429044373102687
2718,1126.2592176210076,1725.1788933538762,0.6528361910523237,0.9431029164901318
2719,1127.382324617484,1726.605113604188,0.6529474028164661,0.9432635756884854
2720,1128.5162861268846,1728.038321528897,0.6530620716376359,0.9434292290348499
2721,1129.6019918968143,1729.2857591056436,0.653218813575973,0.943655662221625
2722,1130.5938364145227,1730.5718781401279,0.6533064882746097,0.9437823192071291
2723,1131.5262813423583,1731.8657683260972,0.65335680284045,0.9438550048431833
2724,1132.4797903872047,1733.1961220063044,0.6534054490476672,0.9439252803281083
2725,1133.4526902720795,1734.5025173232202,0.6534742261552241,0.944024637397483
2726,1134.443307720001,1735.843737717329,0.653539995029632,0.9441196487006529
2727,1135.4499694539868,1737.2176218725292,0.6536026086530811,0.9442101018521419
2728,1136.4710021970545,1738.5835719060383,0.6536763722845502,0.9443166625743
2729,1137.5047326722213,1740.0291638234135,0.6537273951045459,0.9443903713713996
2730,1138.6213574633887,1741.5015673899338,0.6538158671713924,0.9445181802542624
2731,1139.8136030446738,1742.9601934378013,0.6539527450690162,0.9447159173684442
2732,1141.042788829837,1744.477356292098,0.6540886212791741,0.9449122074207388
2733,1142.1632351416124,1746.0150899952953,0.6541542748892795,0.9450070522103156
2734,1143.2875404484275,1747.5168595728542,0.6542354851602871,0.9451243705276606
2735,1144.4345657192675,1749.0960042668667,0.6543006003829717,0.9452184375497765
2736,1145.6026376771497,1750.6734547679346,0.6543782534413354,0.94533061703189
2737,1146.8003501680753,1752.221442521639,0.6544836870148694,0.9454829289166456
2738,1148.0068203467063,1753.7813759042986,0.6545894694284582,0.9456357447441631
2739,1149.230642059044,1755.3817380990458,0.654689870081239,0.9457807859501393
2740,1150.4028780364163,1757.009943797077,0.6547503513555983,0.9458681586586734
2741,1151.5936638578344,1758.54835639755,0.6548547042612555,0.9460189093845344
2742,1152.8731351023077,1760.099838859951,0.6550043978465704,0.9462351603504355
2743,1154.0954813678063,1761.6549476273124,0.6551200522680117,0.946402237518738
2744,1155.3417546226524,1763.3145107102905,0.6552102575037863,0.9465325501792607
2745,1156.610869851303,1764.9518183379062,0.6553214982041317,0.9466932511795516
2746,1157.9010840569017,1766.636230455569,0.6554269996819376,0.9468456611604573
2747,1159.2106542425918,1768.2883640144457,0.6555552125055559,0.9470308804996164
2748,1160.5378374115166,1769.9877763630557,0.6556756226849049,0.9472048279505627
2749,1161.8136265751311,1771.732545847364,0.6557500054385873,0.9473122830716114
2750,1163.0504327425515,1773.3766136882875,0.6558395006256605,0.9474415699786448
2751,1164.288784076685,1775.0616672287933,0.6559145552922451,0.9475499957612871
2752,1165.5473411018772,1776.7485247710463,0.6560001738299296,0.9476736823670583
2753,1166.8242300965078,1778.4870752425704,0.6560768679959976,0.9477844766102206
2754,1168.117577338956,1780.264946851679,0.656148164577818,0.9478874733729187
2755,1169.4877698268137,1781.9454982313046,0.6562982824040384,0.9481043372074702
2756,1170.8087252679707,1783.6413975697499,0.6564148639200811,0.9482727536790072
2757,1172.1510890680179,1785.352339842566,0.6565376832963846,0.9484501815140154
2758,1173.513636771663,1787.116421732044,0.6566520359285338,0.9486153780860902
2759,1174.8944859423013,1789.0545348856572,0.6567125054225313,0.9487027337764293
2760,1176.363624004211,1791.0491603548498,0.656801415641291,0.9488311756241199
2761,1177.851965533987,1793.0301669181047,0.6569058275012193,0.9489820115167437
2762,1179.290425108225,1795.066496201585,0.6569619719401143,0.9490631191281051
2763,1180.7393810095332,1797.078346837212,0.6570327793930568,0.9491654092834222
2764,1182.2072092093051,1798.9911115875411,0.6571501113010237,0.9493349097892422
2765,1183.5670997142429,1800.965927025961,0.6571846151852165,0.9493847549330293
2766,1185.0326576606094,1802.9996557581314,0.6572561752166962,0.9494881322814631
2767,1186.5827300385536,1805.0891603897098,0.6573540831536411,0.9496295724499859
2768,1188.0961768235527,1807.1832578180051,0.6574298271543646,0.9497389940613611
2769,1189.6134477436542,1809.3834122475268,0.6574689696452866,0.9497955402483728
2770,1191.1531248883462,1811.6506816425065,0.6574960266669094,0.9498346274747762
2771,1192.7132561011492,1813.972328181917,0.6575145814360714,0.94986143214209
2772,1194.2822800839147,1816.3356140447308,0.6575229108812173,0.9498734650595622
2773,1195.8685030881616,1818.6721117888571,0.6575503606925043,0.9499131197193936
2774,1197.4795733840963,1821.0140215382232,0.6575894305155195,0.9499695609285935
2775,1199.0936625505863,1823.3888939726407,0.6576181672018993,0.9500110746392401
2776,1200.6620799704456,1825.8332135023102,0.6575968007873718,0.9499802082011781
2777,1202.2450732015172,1828.2893644946419,0.6575792084935255,0.9499547939489328
2778,1203.8310199407624,1830.7414229303545,0.6575647466444849,0.949933902012801
2779,1205.4281654348106,1833.1714385563214,0.6575643390910139,0.9499333132512212
2780,1206.9672238156188,1835.5043945308353,0.6575670575412194,0.9499372403899925
2781,1208.580242782039,1837.9215520689918,0.6575798849638124,0.9499557711942346
2782,1210.2081948740274,1840.3905541771464,0.6575822681371679,0.9499592139839771
2783,1211.849049500246,1842.8508657029743,0.6575947473850381,0.949977241806612
2784,1213.3669060672914,1845.4220928337663,0.6575010187528899,0.9498418391626576
2785,1214.9040096771255,1848.0629012705683,0.6573932136410847,0.9496861012964831
2786,1216.5300775895118,1850.6063886063891,0.6573683550858308,0.9496501900276517
2787,1218.1860213395178,1853.2131423706087,0.6573372449653732,0.9496052475968582
2788,1219.8601489042287,1855.9129094190787,0.6572830776235392,0.9495269961476244
2789,1221.5407682607317,1858.7169024505777,0.6571957066997253,0.9494007780025602
2790,1223.236054935782,1861.5830594649635,0.6570945350605799,0.9492546230110755
2791,1224.7997802081036,1864.4693184620953,0.6569160286415321,0.9489967483302236
2792,1226.3837286014525,1867.4541561324406,0.6567142355672783,0.9487052331852843
2793,1228.1396846395858,1870.3775688505657,0.6566266111683188,0.9485786488639077
2794,1229.7674127564783,1873.2437223789577,0.6564908762618001,0.9483825629422604
2795,1231.4088277561862,1876.1464500818886,0.6563500560963343,0.9481791307328155
2796,1233.1335771786007,1879.1133505715834,0.6562316088082231,0.9480080189219214
2797,1234.9543726997958,1882.1789996766847,0.6561301411353185,0.9478614362729242
2798,1236.7922495901848,1885.2985030271605,0.6560193240509707,0.9477013472385266
2799,1238.6451162535398,1888.4295981782307,0.6559127845954446,0.9475474377699569
2800,1240.5300993769729,1891.6094928837906,0.6558066577926525,0.9473941244294852
2801,1242.3848380189518,1894.8164240850906,0.655675569531141,0.9472047511633528
2802,1244.2469756825863,1898.1196994376332,0.6555155483878211,0.9469735807579225
2803,1246.134937587647,1901.4674386399856,0.6553543396351496,0.9467406947033623
2804,1248.0274138545662,1904.8461979573933,0.6551853977464702,0.9464966371739015
2805,1249.787784903737,1908.1951372130814,0.6549580598601943,0.946168219377042
2806,1251.5486256905606,1911.5924890779575,0.6547151826769501,0.9458173531367723
2807,1253.3186389983416,1914.9959213873674,0.6544758790349502,0.9454716493204245
2808,1255.167472366971,1918.4528480133,0.654260266895165,0.945160170819923
2809,1257.0359676116398,1921.882491509438,0.6540649457836359,0.9448780052285236
2810,1258.9027538478908,1925.1887517440975,0.653911338671289,0.9446561006870268
2811,1260.708672890916,1928.5741910969573,0.6536998569776749,0.944350589128744
2812,1262.5233722806056,1932.0625204257556,0.6534588601213546,0.9440024392541265
2813,1264.4267666798341,1935.5953658942685,0.653249531880158,0.9437000386251755
2814,1266.3302212124538,1939.132913968301,0.6530394136939262,0.9433964968225628
2815,1268.2418416853461,1942.705212170661,0.6528225866384996,0.9430832632256061
2816,1270.1594667824093,1946.3287422796252,0.6525924625121361,0.9427508203590759
2817,1272.0855410567342,1950.0617212616974,0.652330911984514,0.942372978154874
2818,1274.0225090614122,1953.8739708693054,0.6520494812132546,0.9419664164709438
2819,1275.9682094803418,1957.7231066478887,0.6517613267920805,0.9415501416400851
2820,1277.91087185575,1961.5859624262284,0.6514681978429022,0.9411266804860211
2821,1279.8585932795343,1965.4310614240921,0.6511846782110929,0.9407171011837301
2822,1281.8092037206086,1969.3057303636272,0.6508939592045598,0.9402971214909704
2823,1283.760533147886,1973.2059603520622,0.6505963183482557,0.9398671423269866
2824,1285.7047502764904,1977.140641544865,0.6502849232171405,0.9394172934056788
2825,1287.5975524838213,1981.0987965478319,0.6499411108257334,0.9389206137278276
2826,1289.4996274344292,1985.0379886164997,0.6496095464314837,0.9384416278022509
2827,1291.3991349506675,1988.9183780717165,0.649297200522978,0.9379904053649798
2828,1293.304102404559,1992.8083879980838,0.648985677797038,0.9375403721171087
2829,1295.2122900451425,1996.7141720460017,0.648671857083059,0.9370870191402593
2830,1297.1214581214576,2000.6316167428913,0.6483559728168364,0.9366306851060392
2831,1299.0396340055274,2004.5566086161684,0.648043376985153,0.9361791016237141
2832,1300.9595833888989,2008.5376857707956,0.6477147989830437,0.935704429912294
2833,1302.8836811047888,2012.5651170553233,0.6473746712906849,0.9352130732396108
2834,1304.8000869755506,2016.5964308653488,0.6470308421678814,0.9347163693911805
2835,1306.727095496191,2020.611005805063,0.6466989894354047,0.9342369669252426
2836,1308.6528664890634,2024.6087372946536,0.6463732188757255,0.933766350912909
2837,1310.575168918191,2028.5484348324094,0.6460655049759586,0.9333218199872462
2838,1312.4917717475976,2032.4978460916464,0.6457530935501009,0.9328705029020271
2839,1314.4004439413072,2036.4144210331037,0.6454484069477823,0.9324303452833158
2840,1316.2989544633435,2040.3248214081968,0.6451418620466798,0.9319875031213349
2841,1318.2569421386127,2044.2583408935943,0.6448582920113565,0.9315778510049112
2842,1320.1479760756329,2048.2154718859083,0.6445356917747026,0.9311118149177294
2843,1322.0320946726254,2052.163299632501,0.6442138863458737,0.9306469270291128
2844,1323.907075608597,2056.0977368057434,0.643893065932438,0.9301834621175044
2845,1325.7706965625564,2060.1481686767897,0.6435317210286308,0.9296614545491277
2846,1327.682995932725,2064.2171617213608,0.6431895929135496,0.9291672080175036
2847,1329.5175428276195,2068.166898049511,0.6428482846725223,0.9286741458957237
2848,1331.2773700617709,2072.1473407532826,0.6424626974536545,0.9281171172939708
2849,1333.104583297392,2076.1160443732256,0.6421146770241608,0.9276143585827472
2850,1334.9296875068162,2080.06900001657,0.641771829442284,0.9271190726920271
2851,1336.7607187770516,2084.0124659135295,0.6414360473564062,0.926633993787339
2852,1338.585845645435,2087.8943961779682,0.6411176006295178,0.9261739579606011
2853,1340.402845790975,2091.751824264097,0.6408039568759762,0.9257208606250702
2854,1342.20949689268,2095.6012493801586,0.6404889753189837,0.9252658306663888
2855,1344.085713613423,2099.470771249976,0.6402021557143115,0.9248514841436617
2856,1345.9524702187275,2103.3083701323662,0.639921606042971,0.9244461953179379
2857,1347.8076141074753,2107.110071994497,0.6396474640889075,0.9240501632352299
2858,1349.6393835368792,2110.882169926519,0.6393722031314808,0.9236525146132586
2859,1351.4558843138202,2114.6733501881254,0.6390849367792866,0.9232375227082799
2860,1353.2549551221962,2118.4227028826676,0.6388030836719882,0.9228303509075156
2861,1355.0344346459046,2122.1461912468562,0.6385207768602223,0.9224225236743283
2862,1356.8017707105141,2125.8919132789465,0.6382270717695152,0.9219982302123076
2863,1358.5349344502536,2129.579161252495,0.6379358697571224,0.9215775527576268
2864,1360.313901532886,2133.2554274743493,0.637670428029061,0.9211940892313641
2865,1362.0693076555112,2136.859248646357,0.6374164833356926,0.9208272345988766
2866,1363.7317885152272,2140.4073331363866,0.6371365708773389,0.9204228663064115
2867,1365.3813197797976,2143.888877849921,0.6368713107692043,0.9200396651526781
2868,1366.9292665730754,2147.2745106754323,0.6365880374294125,0.9196304416497793
2869,1368.4459344162647,2150.632232020782,0.6362993700370809,0.9192134257684068
2870,1370.0112292572555,2153.971097626139,0.6360397457362011,0.9188383662378425
2871,1371.5557170732718,2157.2213510143065,0.6357973957695061,0.9184882616273231
2872,1373.1388305711268,2160.64676077108,0.6355221295317557,0.9180906053772686
2873,1374.8137355124359,2164.0226824896044,0.6353046789374585,0.9177764710010117
2874,1376.4875824546532,2167.376283390385,0.6350939580742482,0.9174720585566914
2875,1378.1533549639323,2170.675128044919,0.6348961837533035,0.917186348999767
2876,1379.8090398789047,2173.966944064629,0.634696421510025,0.9168977676422647
2877,1381.4430148965307,2177.200121312594,0.6345043808208517,0.9166203410281669
2878,1382.9962612717507,2180.371095360242,0.6342939806048251,0.9163163917985064
2879,1384.538565984204,2183.5173702709353,0.6340863529802869,0.916016447921421
2880,1386.0678461526472,2186.5559114174266,0.6339045980553655,0.9157538803705879
2881,1387.5820188958367,2189.521590937823,0.6337375363818646,0.9155125390453491
2882,1389.079001332529,2192.451912895488,0.6335733035521974,0.915275284336181
2883,1390.5567105814803,2195.3075430803588,0.6334222806114502,0.915057112951341
2884,1392.1465363602294,2198.097850972038,0.6333414755601519,0.914940380024167
2885,1393.7421244865861,2200.8938175030125,0.633261865430579,0.9148253733097549
2886,1395.3223045207317,2203.6170923500868,0.6331963521995854,0.9147307313152305
2887,1396.885124306186,2206.3052928714164,0.6331331973048013,0.9146394962301084
2888,1398.4286316864705,2208.9987032103513,0.6330599604491055,0.9145336965009452
2889,1399.9611416280889,2211.6479050485163,0.6329945821992756,0.9144392495034677
2890,1401.4614924062062,2214.220750551889,0.6329366627319771,0.9143555776432377
2891,1402.9426048565203,2216.713919311459,0.6328929469131918,0.9142924247164265
2892,1404.3975235500745,2219.2287360919872,0.6328313529425487,0.9142034445799881
2893,1405.8345547383885,2221.708918653478,0.6327717114222279,0.9141172850004039
2894,1407.3338745338654,2224.153900521953,0.6327502220973106,0.9140862410030265
2895,1408.7885492078594,2226.5323487144215,0.6327276358779519,0.9140536124054677
2896,1410.228120814092,2228.903369125786,0.6327004303318935,0.9140143106170803
2897,1411.6891086227008,2231.196603944937,0.6327049378466781,0.9140208222817181
2898,1413.138170846817,2233.4910963363204,0.6327037404200271,0.9140190924502805
2899,1414.6304306335264,2235.70694906703,0.6327441220433017,0.9140774287177926
2900,1416.1640752660983,2237.8514051605034,0.6328231052340707,0.9141915297412789
2901,1417.7316917789024,2240.065846935258,0.6328973292095719,0.9142987554875351
2902,1419.2271961542604,2242.2135197294297,0.6329580941629145,0.9143865380055746
2903,1420.6534512645085,2244.3538083174194,0.6329899706542104,0.9144325875541759
2904,1422.0215695861075,2246.3589789175944,0.6330339820714261,0.9144961675096134
2905,1423.3707981792734,2248.2595975943286,0.6330989533870116,0.914590026640061
2906,1424.7095827352755,2250.209409742842,0.6331453315263195,0.9146570256193487
2907,1426.031107264906,2252.1333593039994,0.6331912368216097,0.9147233415167575
2908,1427.3484320436112,2254.03132426802,0.6332425005260883,0.9147973983013943
2909,1428.6501439279737,2255.823712426448,0.6333163961607906,0.9149041497186086
2910,1429.9344389162477,2257.559105459167,0.6333984503255838,0.915022687145282
2911,1431.1995130066866,2259.225149004457,0.633491316098953,0.9151568432826209
2912,1432.443562197544,2260.890967703153,0.6335748086307622,0.9152774586089978
2913,1433.736652347956,2262.4866133484065,0.6336995073867299,0.9154576014412237
2914,1435.0200435923596,2264.0915387089235,0.6338171487583342,0.9156275490056826
2915,1436.2247376571936,2265.7905301237925,0.6338735724077392,0.915709059971285
2916,1437.544023307362,2267.4273662707583,0.6339978270932194,0.915888561288568
2917,1438.8320901408338,2268.999572094285,0.6341262060321997,0.916074020601988
2918,1440.0461789587248,2270.5046725388365,0.6342405705549559,0.9162392343515205
2919,1441.2941952104275,2271.9915281637923,0.6343748105325338,0.9164331606627429
2920,1442.480322001248,2273.440463149138,0.6344922356150662,0.9166027957707888
2921,1443.655467911872,2274.7818081675223,0.6346346989097938,0.9168086016844192
2922,1444.8178899454438,2276.054191515279,0.6347906369415391,0.917033873528331
2923,1446.0433762197795,2277.2558309781225,0.6349938186781051,0.9173273947683591
2924,1447.2487744553437,2278.4876155715983,0.6351795658508664,0.9175957296167666
2925,1448.3548802604817,2279.7024364481695,0.6353262851782766,0.917807683897921
2926,1449.4516967638735,2280.8499384286497,0.6354875313552838,0.9180406240165796
2927,1450.667014394548,2281.927812042205,0.6357199411563671,0.9183763688239703
2928,1451.7928230361522,2283.006933641509,0.6359125772432372,0.9186546555639497
2929,1452.9768503872588,2284.0909765924375,0.6361291495292839,0.9189675211149116
2930,1454.1360138882073,2285.192626426112,0.6363297330266545,0.9192572888758949
2931,1455.3405798427727,2286.3971662357244,0.6365213364215345,0.9195340837641033
2932,1456.5320088300302,2287.5488714531243,0.6367217011214255,0.9198235354449671
2933,1457.631893879388,2288.607985191512,0.6369076326356575,0.920092136597512
2934,1458.777774001293,2289.686090623649,0.6371081957369803,0.9203818748938722
2935,1459.982988350689,2290.7139716013658,0.6373484452666349,0.9207289451623533
2936,1461.1738055460503,2291.689675968182,0.6375967134069932,0.9210875993093699
2937,1462.3487614700175,2292.7755255353527,0.637807210162262,0.9213916880019495
2938,1463.4967828635608,2293.8159613194266,0.638018397091344,0.9216967737362756
2939,1464.63627315899,2294.8502390956073,0.6382273876556747,0.9219986865490769
2940,1465.7657682389458,2295.8381444404195,0.6384447317370481,0.9223126670541937
2941,1466.8742035593825,2296.7778994970713,0.6386661086736275,0.922632473519266
2942,1468.1045214210044,2297.708794900702,0.6389428132403742,0.9230322076140997
2943,1469.3215184291503,2298.590651087774,0.6392271358685878,0.9234429469443751
2944,1470.523861191225,2299.503862045298,0.6394961476095391,0.9238315677974137
2945,1471.7102163146335,2300.5245461889945,0.6397281084232033,0.9241666639867434
2946,1472.6774584317122,2301.5487503148415,0.6398636823270664,0.924362517320069
2947,1473.6396807178446,2302.4980935972017,0.640017763669707,0.9245851069460927
2948,1474.5953667657648,2303.3710334838543,0.6401901149791902,0.9248340898071264
2949,1475.5430001682075,2304.1756017043163,0.6403778423297257,0.9251052852681342
2950,1476.4810645179086,2304.9820645623604,0.640560760631447,0.9253695334611681
2951,1477.3682908782962,2305.7504167941365,0.6407320931692146,0.9256170445799955
2952,1478.2826330407797,2306.5201581944075,0.6409146817073607,0.9258808163886104
2953,1479.182822068789,2307.2513183592605,0.6411017344745391,0.926151037330221
2954,1480.067341555058,2307.9423634514596,0.6412930257676197,0.926427381348638
2955,1480.9923299423415,2308.592417615087,0.641513122299992,0.9267453381108927
2956,1482.0384600971458,2309.272474855104,0.641777216086264,0.9271268543679166
2957,1483.03274132446,2309.9137983474775,0.6420294741671434,0.9274912724792993
2958,1483.996962827986,2310.5457166288124,0.6422711968639178,0.9278404709205534
2959,1484.9502644562065,2311.1379555867097,0.6425190936208022,0.9281985885580412
2960,1485.8912518116358,2311.750671271677,0.6427558431265677,0.928540602607546
2961,1486.828797619772,2312.489088403942,0.6429560273713409,0.9288297935985917
2962,1487.823776917327,2313.199521721676,0.6431886929537166,0.9291659079138102
2963,1488.8076010350003,2313.9333678446837,0.6434098845386166,0.9294854466153732
2964,1489.778945295181,2314.6413696818026,0.6436327306722178,0.9298073755179194
2965,1490.746752143241,2315.3564071257324,0.6438519562497266,0.9301240740777594
2966,1491.6232233415255,2316.0620245431514,0.6440342303163282,0.9303873915931923
2967,1492.4795010497287,2316.747436269512,0.6442132956249036,0.9306460736593434
2968,1493.3290638625422,2317.4114657819346,0.6443953030838514,0.9309090060269255
2969,1494.1751232516742,2318.0529365575426,0.6445819677744807,0.9311786663437877
2970,1495.0162848196392,2318.670672073456,0.644773017067892,0.9314546607636423
2971,1495.8614212919354,2319.284030052765,0.6449668957785665,0.9317347426279575
2972,1496.6995378443921,2319.9239687341355,0.6451502540667593,0.9319996264360665
2973,1497.596512786198,2320.5413268912303,0.6453651548591421,0.9323100773069436
2974,1498.488760720529,2321.16381643107,0.6455764776759902,0.9326153593480159
2975,1499.436568422658,2321.7717876785937,0.6458156552594941,0.9329608810572183
2976,1500.4535539270246,2322.3565247780207,0.6460909588679298,0.9333585912938664
2977,1501.4616588624074,2322.958015563232,0.6463576391837448,0.933743844113889
2978,1502.4699651139272,2323.6189146533,0.6466077357345432,0.9341051396267525
2979,1503.4580778753657,2324.27163995961,0.6468512767730935,0.9344569648884182
2980,1504.3678150401547,2324.9056149772364,0.6470661885578888,0.9347674316391996
2981,1505.2698002264244,2325.4814357762434,0.6472938364799145,0.9350962973211853
2982,1506.0859140580628,2326.039168625373,0.6474894895893432,0.9353789425247625
2983,1506.9688474171921,2326.5599089807174,0.6477240674526219,0.9357178193671226
2984,1507.7732082210282,2327.0644873977108,0.6479292758694142,0.9360142683983155
2985,1508.590075898807,2327.5518842231904,0.648144553135189,0.9363252631317401
2986,1509.3989162045636,2328.073073400226,0.6483468811397908,0.9366175510499696
2987,1510.20867158367,2328.6002253695065,0.6485478508205621,0.9369078767008132
2988,1511.0180173585145,2329.1747659373227,0.6487353544509316,0.9371787489702701
2989,1511.8256288514874,2329.738133895289,0.6489251331967238,0.9374529079263721
2990,1512.562917393287,2330.320224253989,0.6490794276471198,0.9376758054130021
2991,1513.3003671622964,2330.891329375001,0.649236773971813,0.9379031117108928
2992,1514.1038564677035,2331.4916375368452,0.6494142342570489,0.9381594751215937
2993,1514.9816697735673,2332.0818668193665,0.6496262808474175,0.9384658027433606
2994,1515.8550210074784,2332.6611718690897,0.6498393505615179,0.9387736083943614
2995,1516.7226552116997,2333.2287073325397,0.6500531432881651,0.939082458526736
2996,1517.7274545535445,2333.7932369979103,0.6503264430168127,0.9394772739102828
2997,1518.7245550782736,2334.382751651721,0.6505893491560806,0.939857074463783
2998,1519.861584262142,2335.068977357613,0.6508850911899109,0.9402843105429968
2999,1521.0600349122362,2335.7455076434912,0.6512096587298235,0.9407531886439431
3000,1522.2421275368322,2336.411636595627,0.6515299374877636,0.9412158710669506
3001,1523.4069557775645,2337.066658300296,0.651845744479325,0.9416720934683305
3002,1524.4671310010385,2337.709866843769,0.6521199027402317,0.9420681491082976
3003,1525.5140725208794,2338.3816248042535,0.6523802857237131,0.9424443046500575
3004,1526.5467955438635,2339.0139971362696,0.6526454298319138,0.942827338227487
3005,1527.420178151718,2339.6370880100253,0.6528449159826163,0.9431155207349912
3006,1528.2871116712033,2340.250200226778,0.6530443247149844,0.9434035914021012
3007,1529.1464805843314,2340.8526365877838,0.6532433766584038,0.9436911466432855
3008,1529.997169373114,2341.443699894301,0.653441792959695,0.9439777836205112
3009,1530.8483296425463,2342.022692947587,0.6536436791378288,0.9442694332655627
3010,1531.7661185813142,2342.5991856718824,0.6538746055877191,0.9446030351880222
3011,1532.8211083891401,2343.2397535751184,0.6541460838783101,0.9449952192781955
3012,1533.8481274549115,2343.8802012115707,0.6544055138407043,0.9453699980626936
3013,1534.8360110122635,2344.498735020045,0.6546542286784988,0.9457292975196067
3014,1535.8037289674844,2345.1050207896083,0.6548976337317174,0.9460809263335805
3015,1536.7407745355226,2345.6888567596607,0.6551341070266153,0.9464225413622002
3016,1537.6366409313273,2346.2701845572356,0.6553536123212914,0.9467396440082105
3017,1538.50529478871,2346.800383285022,0.6555756960611748,0.9470604715383931
3018,1539.3408264768286,2347.3129428846214,0.6557884968610649,0.947367888709436
3019,1540.080978762464,2347.8227929956065,0.6559613371831449,0.9476175780098683
3020,1540.822434809748,2348.3120966596475,0.656140398459595,0.9478762542511141
3021,1541.5546093987712,2348.7815685054547,0.6563209751257,0.9481371196608259
3022,1542.209262459604,2349.2633737970195,0.6564650348108877,0.9483452317586406
3023,1542.8572267700001,2349.710190169685,0.65661596618372,0.9485632708622609
3024,1543.4974652468302,2350.1425910868497,0.6567675812951513,0.9487822977111622
3025,1544.1912015261767,2350.570216192629,0.6569432348323563,0.9490360510500553
3026,1544.8900630877802,2350.9924380081516,0.657122514777916,0.9492950431859738
3027,1545.5731975887466,2351.408629054551,0.6572967277959625,0.9495467155161266
3028,1546.2601544818199,2351.798943569618,0.6574797385251259,0.949811097232074
3029,1547.012218407973,2352.1832708904835,0.6576920419225281,0.9501177958434791
3030,1547.761210302166,2352.5609661083104,0.6579048248269321,0.9504251871622711
3031,1548.5062150910499,2352.9313843142613,0.6581178802807914,0.9507329722125836
3032,1549.246317701275,2353.2938805994995,0.6583310016964843,0.9510408525529527
3033,1549.913339067802,2353.6478100551876,0.6585154042360569,0.9513072449118058
3034,1550.5781729732741,2354.033596264422,0.6586899080089008,0.9515593372733557
3035,1551.2302341977816,2354.412192611623,0.6588609416251302,0.951806416562915
3036,1551.8788050710841,2354.813790416842,0.6590240007029919,0.9520419756418989
3037,1552.5229007999571,2355.20897835112,0.6591868980929569,0.952277301142645
3038,1553.1615365911778,2355.5491268021624,0.6593628292098976,0.9525314554799232
3039,1553.7264636598316,2355.8849439060164,0.6595086350370659,0.9527420900965825
3040,1554.288506068688,2356.215802183814,0.6596545633163674,0.9529529016105487
3041,1554.8568851426166,2356.541074156686,0.6598047036795398,0.953169798002525
3042,1555.5600885093895,2356.8601323457647,0.660013747596109,0.9534717878892577
3043,1556.2683343660678,2357.2031506411313,0.6602181631832544,0.9537670915796094
3044,1556.9711072126172,2357.5407002838606,0.6604217297394482,0.9540611687393588
3045,1557.6675006906714,2357.8721799400373,0.6606242331296704,0.954353710023888
3046,1558.3976769337987,2358.196988275745,0.6608428747393408,0.9546695649696959
3047,1559.1223278768905,2358.5145239570697,0.6610611518563072,0.9549848933605473
3048,1559.7995135295864,2358.8241856500945,0.6612614551854377,0.9552742563837294
3049,1560.4564969772168,2359.125372020905,0.6614555188478508,0.9555546054337899
3050,1560.8859653021705,2359.417481735585,0.661555649809793,0.9556992570378721
3051,1561.3080825378822,2359.6903043185503,0.6616580488043192,0.9558471850965596
3052,1561.7217418813477,2359.9534968438825,0.6617595405883796,0.9559938025771145
3053,1562.1977063904458,2360.206449262683,0.6618902795043496,0.9561826711702471
3054,1562.719001890289,2360.448551526051,0.6620432378752663,0.9564036385242177
3055,1563.2776489412693,2360.7407963229875,0.6621979216761871,0.956627098476012
3056,1563.8342436134506,2361.0660395364116,0.6623424408410469,0.9568358743492495
3057,1564.3878185435783,2361.416123069536,0.6624786725475882,0.957032677960199
3058,1565.0092762292795,2361.7617227432465,0.6626448642801617,0.9572727625477797
3059,1565.630446320499,2362.10234180344,0.6628122831990237,0.9575146199582887
3060,1566.3272955922314,2362.478551987945,0.6630016997505523,0.9577882556798165
3061,1567.0841144138085,2362.851454835915,0.6632173644291289,0.958099810079124
3062,1567.828257290747,2363.2205884531822,0.663428655349076,0.9584050460411634
3063,1568.5589485894452,2363.585490945581,0.6636353770990209,0.9587036812699498
3064,1569.275412676302,2363.9457004189426,0.6638373345031539,0.9589954338097983
3065,1569.9768739177168,2364.300754979102,0.6640343326082446,0.9592800220265678
3066,1570.5800222929388,2364.650192731891,0.6641912732463996,0.959506742259895
3067,1571.1803557282376,2364.993551783143,0.6643486848171779,0.9597341428138547
3068,1571.78794525945,2365.31271629503,0.6645159155620918,0.9599757283837369
3069,1572.2680755310348,2365.6287730435215,0.6646300947330036,0.9601406743695221
3070,1572.763527616487,2365.919415154848,0.6647578601123024,0.9603252473198192
3071,1573.3356123017318,2366.277155673163,0.664899125839782,0.9605293231989018
3072,1573.9161766666841,2366.6342425676567,0.6650441155449011,0.9607387788259535
3073,1574.4851134996063,2366.99018779921,0.6651844699717735,0.9609415382181868
3074,1574.990180827218,2367.344503328702,0.6652982608203573,0.9611059232241655
3075,1575.4976752779519,2367.7069682399965,0.665410752433219,0.9612684313228658
3076,1576.0784993494356,2368.067494067288,0.6655547205888261,0.9614764111948394
3077,1576.6644826916145,2368.4256014864413,0.6657015030162181,0.9616884566317502
3078,1577.1828490852408,2368.7808111733207,0.6658205105537054,0.9618603777924132
3079,1577.771765019631,2369.1326438037904,0.6659702102987446,0.9620766376568008
3080,1578.2911902838475,2369.480620053715,0.6660916223269504,0.9622520324027835
3081,1578.8074215063245,2369.82426059896,0.6662128697708959,0.9624271893863716
3082,1579.3194913238065,2370.163086115388,0.6663336799799098,0.9626017147298259
3083,1579.8264323730384,2370.496617278864,0.6664537805527644,0.9627752149157589
3084,1580.3991471516474,2370.8243747652537,0.666603213621899,0.962991089533699
3085,1580.887986307026,2371.14587925042,0.6667189902321764,0.9631583432189427
3086,1581.44137473649,2371.451042268559,0.6668665498671497,0.9633715114286818
3087,1582.00074251667,2371.7015971951832,0.6670319505571748,0.9636104532571069
3088,1582.554916166218,2371.948348031168,0.6671961965275574,0.9638477269496697
3089,1583.1036473080815,2372.190763162472,0.6673593337820674,0.9640833989645262
3090,1583.6364204422252,2372.4283109750545,0.667517080754849,0.9643112840483142
3091,1584.161929636969,2372.6412415715345,0.6676786620246427,0.9645447082500991
3092,1584.6792598189638,2372.8495401538676,0.6678380710629487,0.9647749943938543
3093,1585.1977630378435,2373.0526576780458,0.6679994048631468,0.9650080610950891
3094,1585.7069237935723,2373.2500451000574,0.6681583877213065,0.9652377315687201
3095,1586.0809168860756,2373.4411533758935,0.6682621621480245,0.965387646609945
3096,1586.452195260975,2373.6665019534776,0.6683551349590847,0.9655219573765155
3097,1587.0161305644178,2373.928208573989,0.6685190077916185,0.965758692025137
3098,1587.5906109988425,2374.2592272074976,0.6686677650047922,0.9659735902852455
3099,1588.1747824957893,2374.591875543066,0.6688201028787634,0.9661936612543542
3100,1588.7677909867984,2374.9257352614504,0.6689757778096983,0.9664185530164859
3101,1589.3687824034103,2375.260388043404,0.6691345464286702,0.9666479139950159
3102,1589.997436923132,2375.595415569682,0.6693048094394648,0.966893880049367
3103,1590.6131653781656,2375.930399521038,0.6694695962890227,0.9671319351090395
3104,1591.2343319833915,2376.264921578228,0.6696367553692423,0.9673734171503747
3105,1591.8600826703503,2376.5985634220046,0.6698060443065618,0.9676179760346765
3106,1592.4279606326825,2376.9309067331237,0.6699513040626538,0.9678278217838807
3107,1592.994714362042,2377.261533192339,0.6700965342348626,0.9680376247954934
3108,1593.6210402379634,2377.5900244804047,0.6702673816047118,0.968284435029037
3109,1594.2689635879335,2377.926229401059,0.6704450894548947,0.9685411560780349
3110,1594.9184294901218,2378.2505200667015,0.6706267552694112,0.9688035948978266
3111,1595.568601306037,2378.5727452810675,0.6708092508297425,0.9690672323884466
3112,1596.2186423971878,2378.892486724914,0.6709923425731381,0.969331731139509
3113,1596.8677161250832,2379.209326078994,0.6711757971950991,0.9695967541137043
3114,1597.5149858512325,2379.5639135159954,0.6713477947691586,0.9698452259600081
3115,1598.159614937144,2379.94823037888,0.6715102431798368,0.9700799028544413
3116,1598.8007667443267,2380.3330919282826,0.6716710245998199,0.9703121715738869
3117,1599.5197416181554,2380.7181408498463,0.6718643900647449,0.9705915119910064
3118,1600.2491666296376,2381.1030198292174,0.6720621297370049,0.9708771714936048
3119,1601.050544294353,2381.487371552039,0.6722901676572538,0.9712066005764356
3120,1601.8559134218697,2381.870838703956,0.6725200575080239,0.9715387050027898
3121,1602.6645768134451,2382.2530639706124,0.6727516068936057,0.9718732068331827
3122,1603.475837270337,2382.633690037653,0.6729846236854802,0.9722098285141189
3123,1604.308215877142,2383.0123595907226,0.6732269807247994,0.9725599433419219
3124,1605.0686287582373,2383.3579139465155,0.6734484230698119,0.9728798442975951
3125,1605.8133320086652,2383.698797070733,0.6736645309306732,0.9731920389287265
3126,1606.531966998107,2383.9935570121334,0.6738826798724987,0.973507182154676
3127,1607.2443010539127,2384.280212018151,0.6741004236634907,0.9738217400899539
3128,1607.9495672574649,2384.5583437695404,0.6743175613458036,0.9741354224260069
3129,1608.6469986901475,2384.8275339470556,0.6745338921962732,0.9744479391933079
3130,1609.3460955563262,2385.087364231452,0.6747535204333728,0.9747652194449101
3131,1610.1083603715817,2385.4195532873487,0.6749791071984339,0.9750911075298029
3132,1610.8658319454817,2385.7468793820167,0.675203998323052,0.9754159906757237
3133,1611.6999500631493,2386.120329530999,0.6754478934345843,0.9757683274397642
3134,1612.5332141123579,2386.5120872474636,0.6756861709308201,0.9761125488611772
3135,1613.447133598104,2386.90264665359,0.6759585003854842,0.9765059625635117
3136,1614.3546684863647,2387.291720154896,0.6762284872255241,0.9768959920682259
3137,1615.2757865491285,2387.6405835902206,0.6765154678851575,0.9773105712548366
3138,1616.200320885731,2388.000250120062,0.6768007335026338,0.9777226728501581
3139,1617.127713737178,2388.3607968633164,0.6770868605199789,0.9781360188445182
3140,1618.0574073444755,2388.7219100805496,0.6773737037016223,0.9785503994271068
3141,1619.0607138095124,2389.0544486073163,0.6776993779917128,0.9790208763660692
3142,1620.0026083948053,2389.38887392818,0.6779987243062299,0.9794533192761453
3143,1620.8825333413604,2389.7248461587537,0.6782716160593839,0.9798475452884483
3144,1621.7568667540002,2390.0620254146506,0.6785417489207806,0.9802377857391383
3145,1622.6345902955256,2390.4000718114835,0.678812977555622,0.9806296091705909
3146,1623.505467345399,2390.7386454648663,0.679081115966031,0.9810169683892522
3147,1624.2251219880018,2391.067139367428,0.6792887975607832,0.9813169902330111
3148,1624.936924429766,2391.3948140614666,0.6794933713475887,0.9816125224624096
3149,1625.5477036452257,2391.7213209476113,0.6796559822451121,0.9818474340892608
3150,1626.1430965559346,2392.046311426491,0.6798125474360854,0.9820736119425286
3151,1626.7222578084172,2392.3598277570645,0.6799655465430282,0.9822946381447456
3152,1627.2843420491984,2392.6717797479587,0.6801118130045462,0.9825059382049031
3153,1627.9209080316516,2392.9818100848192,0.6802897126802439,0.9827629363696688
3154,1628.5447065621308,2393.2895614532895,0.6804628795410871,0.9830130973958788
3155,1629.0877067303302,2393.5946765390145,0.6806029954436092,0.9832155122100795
3156,1629.765348176704,2393.8967980276384,0.6808001704666167,0.9835003560067409
3157,1630.44305498546,2394.205835727789,0.6809953558106834,0.9837823254651876
3158,1631.0528572511812,2394.5118318984246,0.6811629976194541,0.9840245048678375
3159,1631.6658579161347,2394.8144379401747,0.6813328966396083,0.9842699450925254
3160,1632.2812900617025,2395.1133052536675,0.681504831726041,0.9845183266676957
3161,1632.8162497854028,2395.408085239532,0.6816442926141861,0.9847197952323197
3162,1633.182499614371,2395.6162923145307,0.6817379330963171,0.9848550705326319
3163,1633.5328097370868,2395.7348762341644,0.6818504108872111,0.9850175586637839
3164,1633.8662040753104,2395.8428540179266,0.6819588360460495,0.9851741922648661
3165,1634.1817065508014,2395.939737626697,0.682062942104522,0.9853245863893272
3166,1634.5456050770108,2396.0634755880355,0.6821795923732217,0.9854931021826117
3167,1634.8953818426885,2396.1725462308273,0.682294513562629,0.9856591201062226
3168,1635.2923912086821,2396.307564867821,0.6824217455153274,0.9858429224555795
3169,1635.6787909528102,2396.4810122280082,0.6825335909639108,0.9860044970897691
3170,1636.2180184043136,2396.665002104682,0.6827061842048989,0.9862538294508933
3171,1636.735762548062,2396.850226023131,0.6828694362199444,0.986489667251589
3172,1637.2512024499658,2397.026726242313,0.6830341875313983,0.9867276709720588
3173,1637.8925163558563,2397.1941541628566,0.6832540090720511,0.9870452304746391
3174,1638.5200039391823,2397.424031046274,0.683450229379784,0.9873286950665746
3175,1639.0658347342765,2397.659072429377,0.6836108826237451,0.9875607786198458
3176,1639.6115182461363,2397.889390290998,0.6837727898896786,0.9877946737635214
3177,1640.1365594462247,2398.114705751642,0.6839274849999956,0.9880181500531423
3178,1640.660207120326,2398.296303365131,0.6840940399308709,0.9882587593257551
3179,1641.1722333628868,2398.4749378839633,0.6842565696395388,0.9884935536652263
3180,1641.6720194100226,2398.6502955687065,0.6844149071846221,0.9887222919040135
3181,1642.1493373561796,2398.822062679924,0.6845648799484518,0.9889389461779348
3182,1642.5465628537834,2399.0617953390665,0.6846620483244523,0.9890793179588695
3183,1642.9348772799583,2399.301976819899,0.6847553551627333,0.9892141112692242
3184,1643.3854620118284,2399.513526962868,0.6848827662546698,0.9893981724074475
3185,1643.8304255788366,2399.726968257427,0.685007272628399,0.989578037319649
3186,1644.2697984834278,2399.942021824078,0.6851289670880045,0.9897538400728476
3187,1644.713220369716,2400.148799641654,0.6852546894656174,0.9899354616536054
3188,1645.1498053508358,2400.357281238657,0.6853770554114714,0.9901122344520434
3189,1645.5789346629008,2400.5671790206065,0.6854958899064307,0.9902839056312945
3190,1646.1391233946003,2400.7782053930205,0.6856689717095789,0.9905339437811055
3191,1646.6907409392584,2401.000339884401,0.6858352802309642,0.9907741970846223
3192,1647.2332905427702,2401.223694473581,0.6859974330312829,0.9910084469331963
3193,1647.6944055901492,2401.43772315808,0.6861283095958454,0.9911975143768075
3194,1648.1504014557606,2401.651747485087,0.6862570325533822,0.9913834706677364
3195,1648.5904619726116,2401.8757469831044,0.6863762474155197,0.9915556913345924
3196,1649.014038096692,2402.0895665079806,0.6864914868657181,0.9917221690254228
3197,1649.4205807839921,2402.3025276069056,0.6865998606874424,0.9918787284636711
3198,1649.7999318488326,2402.514342685397,0.6866972248768255,0.992019383121344
3199,1650.0945366635126,2402.724724148974,0.6867597107895758,0.9921096517788756
3200,1650.3756463250313,2402.9333844031553,0.6868170616119491,0.9921925021609235
3201,1650.796648914253,2403.1400358534593,0.6869331891963522,0.9923602628718591
3202,1651.2129192670095,2403.3546580283883,0.6870450491986878,0.9925218585307507
3203,1651.6239693441805,2403.567362906775,0.6871552654745547,0.9926810796227175
3204,1652.029311106647,2403.7778716091225,0.6872637154283958,0.992837749043259
3205,1652.3708016652688,2403.985905255934,0.6873462935255245,0.9929570433552283
3206,1652.70950342892,2404.191184967712,0.6874284847904538,0.993075778840067
3207,1653.0448760685758,2404.39343186496,0.6875101446215468,0.9931937466027607
3208,1653.3763792552097,2404.59236706818,0.6875911285001304,0.9933107378681465
3209,1653.7034726597967,2404.787711697876,0.6876712919878554,0.9934265439770995
3210,1654.0256159533114,2404.9791868745506,0.6877504907237225,0.9935409563822363
3211,1654.2601318228617,2405.1665137187065,0.6877944301931744,0.9936044324001978
3212,1654.4690683420447,2405.3494133508475,0.6878289944732955,0.9936543647934004
3213,1654.657468000766,2405.4891703247954,0.6878673528916157,0.9937097782902096
3214,1654.8247120351411,2405.62653939305,0.6878975954649472,0.9937534674414883
3215,1654.9701816812865,2405.7323793911673,0.6879277993922663,0.9937971007638048
3216,1655.0932581753182,2405.8371518037106,0.6879489981000823,0.9938277249287041
3217,1655.2896747480809,2405.940516746292,0.6880010803370299,0.9939029641850993
3218,1655.4763566834004,2406.0421343345247,0.6880496118748479,0.9939730740158429
3219,1655.663030775234,2406.1416646840216,0.688098732953306,0.9940440355112224
3220,1655.9730288666522,2406.2798364023292,0.6881880502072137,0.9941730653717108
3221,1656.2617955133614,2406.4487092672666,0.6882597535260464,0.9942766497165128
3222,1656.5686474954543,2406.619176974328,0.6883385054623145,0.994390416664166
3223,1656.8534139643775,2406.790960644016,0.6884076935044794,0.9944903673795925
3224,1657.1567276628516,2406.963781396834,0.6884842806820938,0.9946010070646526
3225,1657.4781702716296,2407.1373603532843,0.6885681712938764,0.994722197466966
3226,1657.7968066554688,2407.3114186338703,0.6886507469799047,0.9948414882958015
3227,1658.0930176417526,2407.485677359095,0.6887239385202104,0.9949472225612586
3228,1658.3869191572012,2407.6598576494607,0.6887961826868034,0.9950515882277874
3229,1658.6780928825692,2407.833680625471,0.6888673857455564,0.9951544498848053
3230,1658.9853387819514,2408.0068674076288,0.6889454350136276,0.995267201741024
3231,1659.2685034367637,2408.1791391164365,0.6890137351017629,0.9953658696966303
3232,1659.5669210570677,2408.350216872398,0.6890887004018306,0.9954741663782456
3233,1659.859656507619,2408.519821796015,0.6891617172865425,0.9955796483320171
3234,1660.1463088991418,2408.6780658661223,0.6892354492804249,0.9956861633497538
3235,1660.4745230507074,2408.8349286112207,0.6893268207498262,0.9958181607795186
3236,1660.802873156028,2408.990122436828,0.6894187143764762,0.995950912530246
3237,1661.1214014740622,2409.153626871448,0.6895041407679807,0.9960743215570086
3238,1661.3522282907659,2409.366889508829,0.6895389139465793,0.9961245557299933
3239,1661.5764142894463,2409.581629336046,0.689570502223363,0.9961701889169549
3240,1661.8038082738412,2409.797611048523,0.6896030607113004,0.9962172236943633
3241,1662.02439149802,2410.014599341684,0.6896324993018781,0.9962597513927532
3242,1662.2377543577202,2410.2528931569213,0.6896528406114847,0.9962891369395078
3243,1662.4338781070107,2410.445010627938,0.6896792379735455,0.9963272712057883
3244,1662.6226115496302,2410.6420259201204,0.6897011641183107,0.99635894624366
3245,1662.803536366332,2410.843677583942,0.6897185212907425,0.9963840208338355
3246,1663.1097068366537,2411.0497041698727,0.6897865705382729,0.9964823264190503
3247,1663.4158990944359,2411.2598442283847,0.6898534403399138,0.9965789281482698
3248,1663.7519515028653,2411.47383630995,0.6899315789586784,0.9966918090826564
3249,1664.0880997761217,2411.6914189650397,0.6900087161608152,0.9968032433464153
3250,1664.4240650347085,2411.912330744125,0.6900848110516518,0.9969131718621159
3251,1664.7595683991283,2412.1363101976785,0.6901598227932229,0.9970215356342479
3252,1665.1135492732237,2412.36309587617,0.6902416771835314,0.9971397844618796
3253,1665.4652119615,2412.592426330073,0.6903218271703401,0.9972555710670831
3254,1665.7950767310892,2412.8240401098574,0.6903922743803749,0.9973573408068018
3255,1666.1426172317995,2413.0576757659956,0.690469454569876,0.9974688371711447
3256,1666.5350834764865,2413.293071848959,0.6905647320321774,0.9976064772925163
3257,1666.9209219756272,2413.5299669092183,0.6906568158796457,0.9977395038408285
3258,1667.2999148546132,2413.768099497246,0.6907456914365089,0.9978678956151069
3259,1667.6237985304892,2414.0072081635135,0.6908114411966297,0.9979628793053165
3260,1667.9916928769915,2414.2470314584925,0.6908952029939232,0.99808388361911
3261,1668.352044404597,2414.4975750556373,0.6909727562539189,0.9981959189300926
3262,1668.6565895303502,2414.7489770787333,0.691026937114194,0.9982741899083929
3263,1668.956402419638,2415.000984793238,0.6910789738508231,0.9983493634339298
3264,1669.2320033395915,2415.2533454646054,0.6911208741203474,0.9984098935744639
3265,1669.503647656681,2415.505806358292,0.6911610989557868,0.9984680033424856
3266,1669.7710564914094,2415.7581147397536,0.6911996057483145,0.9985236311842556
3267,1670.0339509642795,2416.0100178744465,0.6912363519227206,0.998576715594598
3268,1670.2920521957938,2416.261263027826,0.6912712949355255,0.9986271951141757
3269,1670.5450813064558,2416.492379182008,0.6913098901937949,0.998682950755691
3270,1670.7927594167684,2416.723630418446,0.691346225272551,0.9987354412873365
3271,1671.0348076472344,2416.9547465726287,0.691380262711518,0.9987846125930938
3272,1671.2613379766872,2417.1854574800414,0.6914079897365454,0.9988246677225847
3273,1671.4919390752978,2417.4154929761726,0.691437588586586,0.9988674269356624
3274,1671.6955306946202,2417.644582896509,0.691456280431349,0.9988944296256973
3275,1671.8910348085287,2417.8724570765376,0.6914719715323698,0.9989170973689054
3276,1672.0781551075572,2418.0988453517466,0.6914846174802791,0.9989353660104399
3277,1672.2771295282068,2418.3234775576225,0.691502664985545,0.9989614378720874
3278,1672.4684609076407,2418.546083529652,0.6915181283074096,0.9989837765600292
3279,1672.651870366362,2418.7663931033244,0.6915309701406579,0.9990023281822518
3280,1672.827079024873,2418.984136114125,0.69154115318512,0.9990170388540291
3281,1672.9938080036773,2419.1990423975412,0.6915486401423426,0.9990278546931157
3282,1673.1421692816077,2419.4108417890607,0.6915494220255638,0.9990289842204861
3283,1673.2821423871662,2419.6192641241714,0.6915477022344023,0.9990264997686705
3284,1673.4134397258715,2419.8240392383595,0.6915434397670415,0.999020342105455
3285,1673.535773703242,2420.0248969671125,0.691536593611328,0.9990104519836931
3286,1673.6488567247968,2420.221567145918,0.6915271227412753,0.9989967701362543
3287,1673.7626683190376,2420.4137796102627,0.691519228000986,0.9989853652039087
3288,1673.8000564731078,2420.642332687567,0.6914693814408912,0.9989133556602487
3289,1673.8998151551932,2420.8685545065764,0.691445973817595,0.9988795404427387
3290,1673.9897956249135,2421.092209762714,0.6914192647742969,0.9988409559142211
3291,1674.0697190027715,2421.3130631514045,0.6913892071535452,0.9987975339499026
3292,1674.1393064092708,2421.561680737023,0.6913469599914268,0.9987365026799556
3293,1674.2701488257965,2421.809025934936,0.6913303777862694,0.9987125476262068
3294,1674.3947643860524,2422.054889585521,0.6913116509397468,0.9986854943717852
3295,1674.512935215431,2422.299062529155,0.6912907498164367,0.9986553001046446
3296,1674.6244434393261,2422.5317264645455,0.6912703867384561,0.9986258831107717
3297,1674.739338306113,2422.7629306400686,0.6912518419058296,0.998599092798017
3298,1674.8478015144997,2422.9924571811175,0.6912311247815435,0.998569164340307
3299,1674.9496239048633,2423.220088213085,0.6912082117724575,0.9985360636544217
3300,1675.0445963175803,2423.445605861364,0.691183079276178,0.9984997566437737
3301,1675.0652456013393,2423.6687922513474,0.6911279507153162,0.9984201165943353
3302,1675.0831714525098,2423.899696631411,0.6910695082723262,0.9983356892308004
3303,1675.0981037065799,2424.1285007002634,0.69101044075126,0.9982503588643916
3304,1675.1097721990357,2424.35499529828,0.6909506963492115,0.9981640506593807
3305,1675.117906765365,2424.5789712658393,0.6908902232583536,0.9980766897729303
3306,1675.1941071019378,2424.8002194433184,0.6908586091626658,0.9980310192873568
3307,1675.281167180425,2425.018530671094,0.6908323157088665,0.9979930351294584
3308,1675.369277414518,2425.2336957895436,0.6908073561418564,0.9979569779366063
3309,1675.5301072204616,2425.4455056390448,0.6908133385495301,0.9979656202671052
3310,1675.6962531668173,2425.653751059974,0.6908225266836057,0.997978893667328
3311,1675.8675758138368,2425.8582228927094,0.6908349218428157,0.9979968000134551
3312,1676.0439357217715,2426.0587119776274,0.6908505253591025,0.9980193412296428
3313,1676.2251934508736,2426.255009155105,0.6908693386003911,0.9980465192920283
3314,1676.4112095613934,2426.4879737574533,0.6908796695849455,0.9980614436816332
3315,1676.6018446135831,2426.718994918307,0.6908924552552176,0.9980799141694648
3316,1676.796959167694,2426.94789833798,0.6909076871060958,0.9981019184688338
3317,1676.924543923095,2427.133441224853,0.6909074365012394,0.9981015564390103
3318,1677.0516624268369,2427.313850985984,0.6909084549349117,0.9981030276928712
3319,1677.2453782259704,2427.48891846175,0.6909384283775871,0.9981463280515093
3320,1677.3664180281748,2427.6584344925272,0.6909400409035746,0.9981486575454659
3321,1677.4761841267118,2427.8221899186947,0.6909386490873488,0.9981466468941573
3322,1677.5943436266111,2427.9799755806284,0.6909424132402205,0.9981520846802362
3323,1677.7008198185813,2428.1315823187056,0.6909431235256566,0.9981531107757183
3324,1677.8004068154762,2428.276800973303,0.6909428143212418,0.9981526640915588
3325,1677.8210255967902,2428.4154223848,0.6909118638149249,0.9981079522432047
3326,1677.9061457197759,2428.5472373935713,0.6909094127897557,0.9981044114330948
3327,1677.9882940331215,2428.6720368399956,0.6909077341773956,0.9981019864691694
3328,1678.0672613772037,2428.78961156445,0.6909068012261115,0.9981006387052295
3329,1678.1428385924005,2428.9408208992436,0.6908949053650133,0.9980834536572042
3330,1678.2820805107776,2429.087053978012,0.6909106356490299,0.9981061780051135
3331,1678.3457051250307,2429.22813650107,0.6908967008518311,0.9980860474607917
3332,1678.4156402594026,2429.363894168731,0.690886879601755,0.9980718594459155
3333,1678.553946188468,2429.4941526813095,0.690906765235855,0.9981005867128364
3334,1678.760483472478,2429.6187377391207,0.6909563452884163,0.9981722112532819
3335,1678.8960398240022,2429.7682764114275,0.6909696106097808,0.998191374656657
3336,1679.0227365225046,2429.9137931184882,0.6909803719282117,0.9982069207169653
3337,1679.160959659219,2430.0551397055697,0.6909970610225205,0.9982310301853615
3338,1679.3003026714139,2430.2024351409223,0.6910125174712183,0.9982533589441609
3339,1679.4303589963574,2430.3459308431275,0.6910252312985481,0.9982717256459444
3340,1679.5612476022998,2430.4854873724375,0.6910394060480686,0.9982922028311809
3341,1679.6305596152956,2430.6209652891034,0.6910294050785976,0.9982777551893296
3342,1679.6854823177425,2430.752225153376,0.6910146846463372,0.9982564896976381
3343,1679.7360736730009,2430.8791275255076,0.6909994226586139,0.9982344418618555
3344,1679.791733663118,2431.0015329657494,0.6909875254639688,0.9982172548873562
3345,1679.831727597489,2431.119302034353,0.6909705032541229,0.9981926641922159
3346,1679.8654554581608,2431.1938587248897,0.6909631864318772,0.9981820941342228
3347,1679.8927080855108,2431.2660972296076,0.6909538655598925,0.998168628977613
3348,1679.913276319916,2431.374279815501,0.6909315814788467,0.9981364368563526
3349,1680.0044821164265,2431.4387619842064,0.6909507688959592,0.9981641554621632
3350,1680.1565768936237,2431.500437927974,0.6909957944837488,0.9982292005128867
3351,1680.3022182249595,2431.5591333471166,0.6910390108061947,0.9982916318552315
3352,1680.4413276755756,2431.61467394195,0.6910804354340283,0.9983514748723005
3353,1680.5738268106134,2431.6380579877764,0.6911282792642742,0.9984205912240889
3354,1680.6996371952143,2431.6598864089083,0.6911738136525676,0.9984863713002989
3355,1680.8186803945198,2431.6799587607074,0.6912170634704494,0.9985488510309588
3356,1680.992480711571,2431.698074598536,0.6912833868115376,0.998644663330076
3357,1681.1633571513953,2431.7140334777537,0.6913491200061272,0.9987396230893194
3358,1681.3312835690401,2431.7276349537233,0.691414309481677,0.9988337973789163
3359,1681.4962338195521,2431.738678581806,0.6914790016829454,0.9989272532940855
3360,1681.6581817579793,2431.7469639173637,0.6915432430720312,0.9990200579550963
3361,1681.817101239368,2431.752290515757,0.691607080128489,0.999112278507435
3362,1681.9729661187655,2431.754457932348,0.6916705593495239,0.999203982122086
3363,1682.06414751332,2431.753265722498,0.6917083946070335,0.9992586398481627
3364,1682.1482218381916,2431.789581933502,0.6917326376983345,0.9992936620029146
3365,1682.225110658523,2431.824804413978,0.6917542364092737,0.9993248640219791
3366,1682.3043446811243,2431.8895689481756,0.6917683953094725,0.999345318310903
3367,1682.3755870631387,2431.9549086713355,0.691779103742627,0.9993607879718646
3368,1682.4907616809214,2432.020684143709,0.691807751739295,0.9994021735592132
3369,1682.602454662483,2432.086755925549,0.6918348823548263,0.9994413671011529
3370,1682.710639862871,2432.152984577105,0.6918605246188718,0.999478410534618
3371,1682.8249002788025,2432.2192306586303,0.691888658335747,0.9995190531809668
3372,1682.945876461622,2432.2853547303757,0.6919195863218033,0.9995637324960087
3373,1683.053683431692,2432.351217352593,0.6919451728124825,0.9996006953579227
3374,1683.1777891653671,2432.4166790855325,0.6919775726082252,0.999647500884757
3375,1683.2989753793079,2432.481600489446,0.6920089241540848,0.9996927920845126
3376,1683.3967078275475,2432.545842124587,0.6920308257612394,0.9997244316747597
3377,1683.4901873634572,2432.6092645512044,0.6920512109757366,0.9997538806475786
3378,1683.5999308030348,2432.671728329551,0.6920785534672681,0.9997933802707014
3379,1683.7067198629406,2432.7330940198776,0.6921049925295188,0.9998315747780827
3380,1683.810554543175,2432.7932221824367,0.6921305679373128,0.9998685216293931
3381,1683.890900597771,2432.8519733774788,0.6921468790639406,0.9998920850765561
3382,1683.987493126066,2432.909208165256,0.6921702986179338,0.9999259175294388
3383,1684.0605795987549,2432.9647871060197,0.6921845266827406,0.9999464717352246
3384,1684.1485791525474,2433.018570760021,0.6922053943165987,0.9999766176226946
3385,1684.230957541478,2433.0806868104946,0.6922215801027636,1.0
3386,1684.2563791506302,2433.1413953910064,0.6922147567506942,0.9999901428209327
3387,1684.272846113432,2433.2005657767927,0.6922046911392742,0.9999756017957618
3388,1684.2514874299525,2433.2580672430886,0.6921795555118534,0.9999392902617917
3389,1684.2949046101496,2433.3137690651306,0.6921815534119338,0.9999421764764631
3390,1684.3358249473495,2433.3675405181534,0.692183074238219,0.9999443734988169
3391,1684.3742397265685,2433.419250877394,0.6921841516291326,0.9999459299237313
3392,1684.410140232822,2433.4687694180875,0.6921848192182113,0.9999468943390253
3393,1684.4435177511255,2433.5159654154695,0.6921851106341699,0.9999473153255518
3394,1684.4846306894785,2433.612043759692,0.692174677146615,0.9999322428576386
3395,1684.5238699062104,2433.7088715925634,0.6921632614191428,0.9999157514222365
3396,1684.5612354013217,2433.8063617642397,0.6921508883641021,0.9998978770083259
3397,1684.6063363164824,2433.904427124879,0.6921415309254657,0.9998843590266487
3398,1684.648914243693,2434.002980524638,0.6921309989031216,0.9998691442130011
3399,1684.678710774955,2434.101934813674,0.6921151027735879,0.9998461802806554
3400,1684.7053350519382,2434.201202842144,0.6920978155318042,0.9998212067139816
3401,1684.7287870746427,2434.3006974602054,0.6920791621316059,0.9997942595618927
3402,1684.749066843068,2434.4003315180157,0.692059167520944,0.9997653748648005
3403,1684.7456401112481,2434.5000178657306,0.6920294219542563,0.9997224037013138
3404,1684.756926015894,2434.5996693535094,0.6920057318759388,0.9996881804424637
3405,1684.830970265355,2434.699198831508,0.6920078550458967,0.9996912476250233
3406,1684.886354861969,2434.7985191498838,0.6920023737529837,0.9996833292170011
3407,1684.8807476410816,2434.897543158794,0.6919719280899536,0.9996393466774426
3408,1684.8622030260265,2434.996183708396,0.6919362807624826,0.999587849687901
3409,1684.8307297317886,2435.094353648846,0.6918954607270837,0.9995288800796539
3410,1684.9049360799572,2435.1919658303027,0.6918981992885609,0.9995328362716536
3411,1684.9136841811803,2435.2889331029223,0.6918742418109495,0.9994982267213303
3412,1684.905089463681,2435.385168316862,0.6918433730251174,0.9994536329283609
3413,1684.8632932705607,2435.480584322279,0.6917991069673863,0.9993896851130898
3414,1684.8121720442575,2435.575093969331,0.6917512731247665,0.999320583189667
3415,1684.7723123206445,2435.668610108175,0.6917083487173646,0.9992585735548396
3416,1684.801438669615,2435.761045588967,0.6916940566566249,0.9992379268989846
3417,1684.8848175387411,2435.852313261866,0.691702369788791,0.9992499362503325
3418,1684.9507795117786,2435.9423259770288,0.6917038886936553,0.9992521304969553
3419,1684.9995250333664,2436.030996584611,0.6916987211557598,0.9992446653470033
3420,1685.0312545481422,2436.1387721807378,0.6916811446828076,0.9992192739500035
3421,1685.046168500745,2436.2463647621944,0.6916567194817446,0.9991839887150944
3422,1685.044467335813,2436.353704609107,0.6916255485186887,0.9991389583896151
3423,1684.9693546292785,2436.460722001601,0.6915643414292526,0.999050537151105
3424,1684.8729721321047,2436.5673472198023,0.6914945216082765,0.9989496737527612
3425,1684.765068425709,2436.673510543837,0.6914201107105601,0.9988421779741619
3426,1684.6457829498404,2436.77914225383,0.6913411862971196,0.9987281618618228
3427,1684.5825191359365,2436.8841726299074,0.6912854283582629,0.998647612597744
3428,1684.5036075677533,2436.988531952196,0.6912234446250552,0.9985580694008989
3429,1684.4092486899294,2437.0921505008196,0.6911553378659832,0.9984596807331229
3430,1684.2996429471034,2437.1949585559055,0.6910812108133894,0.9983525950040377
3431,1684.1749907839137,2437.2968863975784,0.691001166162072,0.998236960569027
3432,1684.0451017866685,2437.397864305965,0.6909192489451002,0.9981186209804813
3433,1683.9101851149908,2437.4978225611903,0.6908355648685788,0.9979977289439906
3434,1683.7608495018176,2437.59669144338,0.6907462811269276,0.9978687474961169
3435,1683.597312821756,2437.6944012326608,0.6906515074122569,0.9977318351007295
3436,1683.4870569411023,2437.790882209157,0.6905789455638233,0.9976270105033471
3437,1683.3584908784715,2437.8860646529956,0.6904992465749533,0.9975118754206499
3438,1683.2118935133599,2437.9798788443018,0.6904125452878095,0.9973866246488797
3439,1683.1194135861474,2438.072255063201,0.6903484546410692,0.9972940377538991
3440,1682.9422571286493,2438.16312358982,0.6902500660623461,0.9971519032386641
3441,1682.7479670120515,2438.252414704283,0.6901451042820516,0.997000272917808
3442,1682.5368221158515,2438.3400586867174,0.6900337039215362,0.9968393412685825
3443,1682.3091013195458,2438.4259858172477,0.6899159995441541,0.9966693026844565
3444,1682.0650835026318,2438.5101263760002,0.6897921256543799,0.9964903514738401
3445,1681.8050475446066,2438.5924106431007,0.689662216697002,0.9963026818589192
3446,1681.5292723249675,2438.6727688986743,0.6895264070563927,0.9961064879746009
3447,1681.2476458648807,2438.761398545831,0.6893858689363233,0.9959034632147421
3448,1680.9501886358448,2438.8486294380104,0.6892392452512275,0.9956916471007833
3449,1680.6371882323408,2438.934400570322,0.6890866715559629,0.9954712354585431
3450,1680.3089322488506,2439.018650937876,0.6889282833498306,0.9952424240335818
3451,1679.9657082798547,2439.0917103941133,0.6887669295585456,0.9950093284527403
3452,1679.6796737807183,2439.1733854838126,0.6886265993950865,0.9948066041120195
3453,1679.383913359122,2439.2437389374304,0.6884854869364904,0.9946027496488645
3454,1679.1556487477972,2439.3225772997453,0.688369658188697,0.994435420644507
3455,1678.9131612821232,2439.399572442885,0.6882485265014665,0.9942604308858628
3456,1678.7241332730355,2439.474663361958,0.6881498539359718,0.9941178861164841
3457,1678.449910192097,2439.5477890520756,0.6880168192336519,0.9939257009749862
3458,1678.230044211125,2439.6188885083475,0.6879066448109207,0.9937665403450694
3459,1677.9931447933732,2439.687900725884,0.6877900834340808,0.9935981529671107
3460,1677.7396912629767,2439.754764699795,0.6876673490048161,0.9934208478486449
3461,1677.4701629440708,2439.81941942519,0.6875386553564177,0.9932349338984048
3462,1677.1850391607916,2439.88180389718,0.6874042162541865,0.9930407199269027
3463,1676.8847992372744,2439.941857110874,0.6872642453959404,0.9928385146471637
3464,1676.5795316393244,2439.9995180613823,0.6871228945862223,0.9926343158562259
3465,1676.2594572830785,2440.054725743815,0.686976172951242,0.9924223582415
3466,1675.9250642076565,2440.1074191532825,0.6868242975914571,0.9922029554315467
3467,1675.576840452178,2440.1575372848947,0.6866674855413444,0.9919764209596086
3468,1675.2152740557628,2440.2050191337607,0.6865059537704096,0.9917430682650699
3469,1674.8408530575314,2440.2498036949924,0.6863399191843026,0.991503210695067
3470,1674.4014139190597,2440.291829963698,0.686148022691191,0.9912259923900799
3471,1674.0160007111522,2440.331036934988,0.6859790640591477,0.9909819106727513
3472,1673.617854911208,2440.3673636039725,0.6858057028100815,0.9907314688286233
3473,1673.2074819883157,2440.4007489657624,0.685628162791467,0.9904749902331595
3474,1672.9103062532722,2440.4311320154666,0.6854978549923981,0.9902867444419065
3475,1672.5216040102966,2440.4584517481953,0.6853309069089885,0.9900455672116547
3476,1672.1906760126253,2440.482647159059,0.6851885130013956,0.9898398615363538
3477,1671.840618624454,2440.5036572431673,0.6850391777380053,0.9896241282109522
3478,1671.4720593246507,2440.5214209956303,0.6848831749416731,0.9893987628065553
3479,1671.104843875424,2440.535877411558,0.6847286529742822,0.9891755366433838
3480,1670.7190829396434,2440.546965486061,0.6845674787524123,0.9889427004728529
3481,1670.243551565264,2440.5546242142486,0.6843704848864053,0.9886581183799662
3482,1669.817967508805,2440.5587925912305,0.6841949362489638,0.9884045165818028
3483,1669.4333665374327,2440.559409612118,0.6840371760516817,0.9881766123935823
3484,1669.0288431119907,2440.55641427202,0.68387226509158,0.9879383780408231
3485,1668.6004885620284,2440.5497455660466,0.6836986181467992,0.9876875234737711
3486,1668.2162640779775,2440.5393424893086,0.6835440982387218,0.9874643002855334
3487,1667.819930994764,2440.525144036916,0.6833856783118379,0.987235443036009
3488,1667.4122562310054,2440.507089203978,0.6832236888829798,0.9870014291977895
3489,1667.0407451660255,2440.5523809772944,0.6830587854453163,0.9867632057121262
3490,1666.654232127102,2440.5891494959824,0.6828901261284762,0.9865195563927637
3491,1666.2439446110557,2440.6173947600428,0.6827141149565058,0.9862652864060575
3492,1665.8100612750636,2440.637116769474,0.6825308235416814,0.9860004992048303
3493,1665.3630278992885,2440.648315524277,0.6823445300604691,0.9857313751460506
3494,1664.961344687224,2440.6509910244517,0.6821792017007579,0.9854925378077423
3495,1664.5237810133701,2440.6451432699982,0.6820015542215311,0.9852359039720846
3496,1664.0608436627776,2440.6307722609167,0.6818158906196404,0.9849676898521736
3497,1663.5830394204977,2440.6489464891397,0.681615044151906,0.9846775421978566
3498,1663.0810075219124,2440.661264247924,0.6814059090802924,0.984375420626347
3499,1662.574872608727,2440.626691905275,0.6812081823586212,0.9840897798324818
3500,1661.9731543624257,2440.6247345198058,0.6809621859746577,0.9837344075195773
3501,1661.3439795581426,2440.6169903847717,0.6807065533442124,0.9833651144524536
3502,1660.736256687671,2440.603494360112,0.680461312345654,0.983010833387535
3503,1660.0995564944594,2440.584281305763,0.6802057889212791,0.9826416980821363
3504,1659.444394478544,2440.590187450611,0.6799356987548837,0.9822515193096754
3505,1658.7614185902912,2440.5924463745373,0.6796552292269674,0.9818463462610764
3506,1658.1188078947396,2440.5911190824313,0.6793922975996605,0.9814665088869398
3507,1657.445668609246,2440.5862665791824,0.6791178379170282,0.9810700178058736
3508,1656.742976812051,2440.5779498696816,0.6788322318902026,0.980657424446991
3509,1656.0213177230632,2440.5662299588184,0.6785397984266162,0.9802349680081972
3510,1655.2714090125235,2440.551167851483,0.6782367158766545,0.9797971276422313
3511,1654.4942354736559,2440.5328245525648,0.6779233693679095,0.979344459713707
3512,1653.6907818996845,2440.511261066955,0.6776001439865169,0.978877520527349
3513,1653.0061702088817,2440.486538399542,0.6773264856002501,0.9784821870183501
3514,1652.287509074487,2440.458717555217,0.6770397291250647,0.9780679316940032
3515,1651.5359140144888,2440.437468680539,0.6767376485607794,0.9776315388207264
3516,1650.7525005468747,2440.4125943724007,0.676423529510344,0.9771777548598322
3517,1649.9281170666502,2440.3841643506744,0.6760936008227438,0.9767011319155559
3518,1649.0830886601589,2440.3522483352344,0.6757561699484713,0.9762136711313625
3519,1648.2377491287289,2440.316916045956,0.6754195482934927,0.9757273793648898
3520,1647.3630967476643,2440.2943259351973,0.675067379881049,0.9752186283773934
3521,1646.517928029926,2440.2692764558738,0.6747279670796197,0.9747283044533993
3522,1645.6988310591676,2440.2374597912553,0.6744011016042452,0.9742561066994286
3523,1644.8550584819113,2440.1989369462312,0.6740659679740509,0.9737719645694701
3524,1643.9679889912413,2440.1537689256916,0.6737149149887464,0.9732648249549374
3525,1643.0484779715794,2440.102016734527,0.6733523708039033,0.9727410848762342
3526,1642.0977716656782,2440.053350519296,0.6729761754251006,0.9721976239532927
3527,1641.11711631629,2439.997572876891,0.6725896511369571,0.9716392416386499
3528,1640.1077581661675,2439.934753527186,0.6721932854127418,0.9710666421479544
3529,1639.1478165914223,2439.864962190054,0.6718190727736433,0.9705260455386389
3530,1638.1660797124846,2439.798535708355,0.6714349794610687,0.9699711750699695
3531,1637.1536050839827,2439.7259433752747,0.6710399623078314,0.9694005237574539
3532,1636.1789813752164,2439.647589566086,0.6706620203560737,0.9688545396930716
3533,1635.1717244078045,2439.585878762381,0.6702661048510982,0.968282590599955
3534,1634.142829005917,2439.568614378518,0.6698490951943225,0.9676801683860826
3535,1633.0628881980904,2439.544591524343,0.6694130100641756,0.96705018928303
3536,1631.9717155185206,2439.5139409246212,0.6689741296989568,0.9664161721159349
3537,1630.850171118726,2439.476793304117,0.6685245687087855,0.965766725460278
3538,1629.8245682379006,2439.4332793875947,0.6681160669608716,0.9651765939768687
3539,1628.832179905173,2439.3931390414878,0.6677202431360412,0.9646047773271023
3540,1627.804678900771,2439.3462445825617,0.6673118596902313,0.9640148167457676
3541,1626.7820704885453,2439.292735450566,0.6669072747384129,0.963430343560522
3542,1625.7248897336704,2439.2615785102576,0.6664823912516006,0.9628165466217596
3543,1624.6347401932553,2439.2605745440674,0.6660357475325992,0.9621713143264372
3544,1623.5228345660773,2439.248855504703,0.6655831080548588,0.9615174204133448
3545,1622.4477819929346,2439.2266218368018,0.6651484398654147,0.9608894882570265
3546,1621.339385889927,2439.194073985002,0.6647029046118846,0.9602458572776745
3547,1620.2089286757061,2439.1514123939423,0.664251067171565,0.9595931220071957
3548,1619.037558096273,2439.0988375082607,0.6637851378545416,0.9589200292715514
3549,1617.9134297036387,2439.036549772597,0.6633411991527902,0.9582787047094286
3550,1616.823413502483,2439.003186198268,0.6629033625916102,0.957646195446838
3551,1615.7070527753394,2438.9579135979166,0.6624579472106884,0.957002737638349
3552,1614.6231571076453,2438.9009672761194,0.6620289953433137,0.9563830634188439
3553,1613.5113395018084,2438.871019104132,0.6615812508586444,0.955736240930873
3554,1612.4304792631397,2438.827270754531,0.6611499299678905,0.9551131443630226
3555,1611.299724867955,2438.769992391833,0.6607018004546081,0.9544657656534253
3556,1610.0786265882061,2438.6994541805484,0.6602201939349778,0.953770025252557
3557,1608.8068541608477,2438.615926285191,0.6597212938781984,0.9530493021905785
3558,1607.5727722975143,2438.519678870273,0.6592412545312233,0.9523558257651484
3559,1606.296196170819,2438.420591241978,0.6587445176357672,0.951638227658221
3560,1605.0463419289313,2438.3086751568185,0.6582621627369241,0.9509414061306813
3561,1603.6814830114545,2438.1842094942926,0.6577359810496338,0.9501812713668791
3562,1602.270835566557,2438.0474731338963,0.6571942725573667,0.9493987062058988
3563,1600.816351750719,2437.8987449551273,0.656637752106552,0.9485947433321437
3564,1599.4687267146608,2437.7671312624925,0.6561203923880595,0.9478473529973673
3565,1598.1575154974298,2437.6605722781724,0.6556111764173281,0.9471117273171397
3566,1596.802733716279,2437.538339394619,0.6550882535504475,0.9463563003239462
3567,1595.3243969884593,2437.4007724962207,0.6545187049213232,0.9455335166293961
3568,1593.7295914676909,2437.2482114673644,0.6539053281356901,0.9446474177222484
3569,1592.097212163687,2437.0906053341073,0.6532778094827631,0.9437408891323222
3570,1590.4190225448021,2436.9180355728367,0.65263541872509,0.9428128759409714
3571,1588.6970532023736,2436.730850782925,0.6519788809223321,0.9418644255868804
3572,1586.93333472774,2436.529399563742,0.6513089212105869,0.9408965856191553
3573,1585.1298977122387,2436.31403051466,0.6506262648651199,0.939910403787948
3574,1583.3606426080905,2436.0850922350505,0.6499611395574835,0.9389495477170672
3575,1581.560397019833,2435.842933324284,0.649286690608339,0.9379752224886565
3576,1579.7312525436953,2435.587902381732,0.648603670185295,0.936988514702195
3577,1577.8753007759044,2435.3203480067664,0.6479128308796607,0.9359905115692506
3578,1575.9227634518054,2435.0406187987583,0.6471854109067107,0.9349396631215007
3579,1573.9429351544254,2434.7490633570783,0.6464497548606685,0.9338769166438006
3580,1571.937846475103,2434.446030281099,0.6457065907078645,0.9328033237738793
3581,1569.9095280051754,2434.13186817019,0.6449566469812186,0.9317199369679745
3582,1567.8600103359804,2433.8069256237236,0.6442006528246595,0.9306278095650021
3583,1565.7810569358728,2433.4715512410717,0.6434351189095774,0.9295219007966443
3584,1563.684298822876,2433.1260936216045,0.6426647196468961,0.9284089634297293
3585,1561.5717578733436,2432.7709013646936,0.6418901825064416,0.9272900483847237
3586,1559.445455963629,2432.40632306971,0.6411122357203874,0.9261662076834
3587,1557.2355451092033,2432.0327073360263,0.640302056963268,0.9249958038988212
3588,1555.0112501732194,2431.650402763013,0.6394879989353345,0.9238197960260058
3589,1552.7745320271404,2431.2597579500402,0.6386707660297021,0.9226392016482473
3590,1550.5273515424303,2430.8611214964817,0.6378510634897554,0.9214550395771588
3591,1548.271669590553,2430.4548420017068,0.6370295974375754,0.9202683298937391
3592,1546.009447042971,2430.041268065087,0.6362070749004095,0.9190800939866127
3593,1543.7426447711491,2429.620748285995,0.6353842038351873,0.9178913545874452
3594,1541.47322364655,2429.1936312638,0.6345616931510688,0.916703135803517
3595,1539.2031445406378,2428.760265597875,0.6337402527300242,0.9155164631474542
3596,1536.9343683248755,2428.3209998875905,0.6329205934454389,0.9143323635641045
3597,1534.6688558707274,2427.8761827323183,0.6321034271787368,0.913151865454553
3598,1532.398300926673,2427.4261627314295,0.631285237200526,0.9119698884666506
3599,1530.1342647908625,2426.971288484295,0.6304706907952216,0.9107931750720993
3600,1527.8786996197741,2426.5119085902866,0.629660499176126,0.9096227527067993
3601,1525.633557569888,2426.0483716487756,0.6288553746078223,0.9084596503253564
3602,1523.4007907976827,2425.591293382117,0.6280533719567952,0.9073010579409525
3603,1521.182351459638,2425.1211548400115,0.6272603529203853,0.9061554435030261
3604,1518.9801917122334,2424.658180886485,0.6264718893930342,0.9050164100634244
3605,1516.7141267280813,2424.1828525712394,0.6256599518140142,0.9038434654422823
3606,1514.462912077147,2423.7051276353163,0.6248544407523411,0.9026798047231906
3607,1512.1565603351523,2423.225354678087,0.6240263859140887,0.9014835767204036
3608,1509.9360267863844,2422.743882298922,0.6232338621586441,0.9003386777773124
3609,1507.6640600148767,2422.261059097194,0.6224201369016771,0.8991631506334661
3610,1505.4097454440328,2421.7772336722733,0.6216136333734121,0.8979980561731846
3611,1503.1749045055685,2421.292754623531,0.6208150177772642,0.8968443568099991
3612,1500.9613586311987,2420.807970550339,0.6200249573244649,0.8957030164133561
3613,1498.7709292526379,2420.3232300520685,0.6192441202245514,0.8945750002948791
3614,1496.6054378016017,2419.8388817280907,0.6184731756739209,0.8934612751918333
3615,1494.4564385868218,2419.355274177777,0.6177085500990407,0.8923566786336521
3616,1492.3353534666987,2418.8727560004986,0.616954881055509,0.891267910145071
3617,1490.2439951579636,2418.3916757956267,0.6162128368506264,0.8901959351789448
3618,1488.1841763773466,2417.9123821625326,0.6154830867139794,0.8891417205204843
3619,1486.157709841579,2417.4352237005883,0.6147663007766478,0.8881062342572199
3620,1484.1664082673915,2416.960549009164,0.6140631500484471,0.8870904457461245
3621,1482.1915501255482,2416.4887066876313,0.6133658088380814,0.8860830498046945
3622,1480.2541489861512,2416.0200453353623,0.6126828921987195,0.885096491946645
3623,1478.3560001359626,2415.5549135517276,0.612015066120874,0.8841317342779423
3624,1476.4988988617447,2415.0936599360984,0.6113629973674858,0.8831897400204224
3625,1474.5511678514774,2414.6366330878463,0.6106720769682914,0.882191619737764
3626,1472.6394079388367,2414.1841816063425,0.6099946388344639,0.8812129762610222
3627,1470.755033992805,2413.7366540909584,0.6093270496183059,0.8802485607684296
3628,1468.909328432035,2413.2943991410652,0.6086739060741392,0.8793050138422132
3629,1467.1039645335088,2412.857765356034,0.6080358260641308,0.8783832280609699
3630,1465.3200813282422,2412.427101335237,0.6074049162012866,0.8774718004473574
3631,1463.5785529465886,2412.002755678044,0.6067897515876421,0.8765831188007189
3632,1461.8810352355617,2411.5850769838275,0.6061909443659098,0.8757180674371895
3633,1460.2291840421753,2411.1744138519584,0.6056091071858192,0.8748775314053538
3634,1458.5630524755438,2410.7711148818084,0.6050193000371386,0.8740254817645537
3635,1456.941898942794,2410.375528672748,0.6044460216309309,0.8731973099440182
3636,1455.295457140152,2409.988003824149,0.6038600419715373,0.872350789586611
3637,1453.6925336115244,2409.6088889353828,0.6032898286052544,0.8715270455967193
3638,1452.1346709091297,2409.2385326058206,0.6027359480003451,0.8707268963080668
3639,1450.6131444622026,2408.8772834348333,0.6021947047438482,0.8699450032379076
3640,1449.0672273887642,2408.4536201609103,0.6016587636393642,0.8691707697845032
3641,1447.5656565128472,2408.0350943702215,0.6011397673967174,0.8684210152874392
3642,1446.1099046667957,2407.6219936572484,0.6006382681652249,0.8676965373949441
3643,1444.6911775599701,2407.2146056164725,0.6001505533363087,0.8669919727830697
3644,1443.3205484513994,2406.8132178423757,0.5996811625229839,0.8663138794863321
3645,1441.927611597561,2406.4181179294387,0.5992007793052369,0.8656199062968865
3646,1440.5810341026138,2406.0295934721426,0.5987378700624004,0.864951176433296
3647,1439.2822190790264,2405.6479320649682,0.5982929587886829,0.8643084468702399
